leiden_scvi_main	variable	category	n_cells	cluster_total_cells	fraction_within_cluster
0	condition	GBM	27377	61646	0.44410018492684034
0	condition	ndGBM	18830	61646	0.3054537196249554
0	condition	rGBM	11464	61646	0.18596502611686078
0	condition	LGG	3975	61646	0.06448106933134348
0	core_dataset	DS3_GSE182109	34269	61646	0.5558998150731597
0	core_dataset	DS4_GSE278450	13568	61646	0.2200953833176524
0	core_dataset	DS2_GSE141383	7202	61646	0.116828342471531
0	core_dataset	DS1_GSE103224	6607	61646	0.10717645913765694
0	dataset_id	DS3	34269	61646	0.5558998150731597
0	dataset_id	DS4	13568	61646	0.2200953833176524
0	dataset_id	DS2	7202	61646	0.116828342471531
0	dataset_id	DS1	6607	61646	0.10717645913765694
0	patient_id	04	11437	61646	0.1855270414949875
0	patient_id	01	9701	61646	0.15736625247380204
0	patient_id	03	4938	61646	0.08010252084482367
0	patient_id	02	4555	61646	0.07388962787528794
0	patient_id	PJ025	2847	61646	0.046183045128637704
0	patient_id	GSM8546834_BT363	2635	61646	0.042744054764299384
0	patient_id	05	2560	61646	0.0415274308146514
0	patient_id	PW032-706	2446	61646	0.03967816241118645
0	patient_id	GSM8546847_BT400	2281	61646	0.037001589721960874
0	patient_id	PDC001	1985	61646	0.032199980534016806
0	patient_id	GSM8546835_BT364	1860	61646	0.030172273951270156
0	patient_id	PJ035	1112	61646	0.0180384777601142
0	patient_id	PJ030	971	61646	0.015751224734775977
0	patient_id	PJ052	948	61646	0.015378126723550595
0	patient_id	GSM8546837_BT369	901	61646	0.014615709048437855
0	patient_id	GSM8546838_BT373	798	61646	0.012944878824254616
0	patient_id	GSM8546848_BT402	764	61646	0.012393342633747527
0	patient_id	GSM8546839_BT374	757	61646	0.012279791065113713
0	patient_id	PJ048	611	61646	0.009911429776465626
0	patient_id	PW035-710	594	61646	0.009635661681212082
0	patient_id	PJ053	590	61646	0.009570775070564188
0	patient_id	PJ018	564	61646	0.009149012101352886
0	patient_id	GSM8546853_BT420	533	61646	0.008646140868831717
0	patient_id	GSM8546836_BT368	426	61646	0.006910424034000584
0	patient_id	06	404	61646	0.006553547675437174
0	patient_id	GSM8546833_BT356	403	61646	0.0065373260227752005
0	patient_id	09	358	61646	0.005807351652986406
0	patient_id	GSM8546840_BT377	353	61646	0.00572624338967654
0	patient_id	GSM8546845_BT396	332	61646	0.005385588683775103
0	patient_id	GSM8546844_BT390	319	61646	0.0051747071991694515
0	patient_id	GSM8546851_BT409	309	61646	0.0050124906725497196
0	patient_id	08	271	61646	0.004396067871394738
0	patient_id	GSM8546841_BT380	270	61646	0.004379846218732764
0	patient_id	PW017-703	267	61646	0.004331181260746845
0	patient_id	PJ016	263	61646	0.0042662946500989524
0	patient_id	GSM8546843_BT389	219	61646	0.003552541932972131
0	patient_id	PJ032	205	61646	0.003325438795704506
0	patient_id	PW016-703	190	61646	0.0030821140057749083
0	patient_id	GSM8546846_BT397	189	61646	0.0030658923531129353
0	patient_id	PW032-710	153	61646	0.0024819128572818997
0	patient_id	GSM8546842_BT389A	128	61646	0.00207637154073257
0	patient_id	GSM8546849_BT407	34	61646	0.0005515361905070889
0	patient_id	GSM8546852_BT419	34	61646	0.0005515361905070889
0	patient_id	PJ017	34	61646	0.0005515361905070889
0	patient_id	PW039-705	29	61646	0.00047042792719722285
0	patient_id	07	28	61646	0.00045420627453524964
0	patient_id	GSM8546854_BT426	23	61646	0.0003730980112253836
0	patient_id	11	16	61646	0.00025954644259157123
0	patient_id	10	1	61646	1.6221652661973202e-05
0	sample_id	GSM5518602_ndGBM-01-D	3988	61646	0.06469195081594913
0	sample_id	GSM5518601_ndGBM-01-C	3558	61646	0.057716640171300654
0	sample_id	PJ025	2847	61646	0.046183045128637704
0	sample_id	GSM8546834_BT363	2635	61646	0.042744054764299384
0	sample_id	PW032-706	2446	61646	0.03967816241118645
0	sample_id	GSM8546847_BT400	2281	61646	0.037001589721960874
0	sample_id	GSM5518621_rGBM-04-3	2131	61646	0.03456834182266489
0	sample_id	PDC001	1985	61646	0.032199980534016806
0	sample_id	GSM8546835_BT364	1860	61646	0.030172273951270156
0	sample_id	GSM5518619_rGBM-04-1	1848	61646	0.029977614119326475
0	sample_id	GSM5518620_rGBM-04-2	1733	61646	0.02811212406319956
0	sample_id	GSM5518600_ndGBM-01-A	1696	61646	0.02751192291470655
0	sample_id	GSM5518634_ndGBM-05	1669	61646	0.027073938292833274
0	sample_id	GSM5518632_LGG-04-3	1514	61646	0.024559582130227426
0	sample_id	GSM5518622_rGBM-04-4	1452	61646	0.023553839665185088
0	sample_id	GSM5518633_ndGBM-04	1402	61646	0.02274275703208643
0	sample_id	GSM5518608_ndGBM-02-1	1373	61646	0.022272329104889205
0	sample_id	GSM5518616_rGBM-03-1	1219	61646	0.019774194594945334
0	sample_id	GSM5518611_ndGBM-02-5	1142	61646	0.018525127339973396
0	sample_id	GSM5518630_LGG-04-1	1127	61646	0.0182818025500438
0	sample_id	PJ035	1112	61646	0.0180384777601142
0	sample_id	GSM5518638_LGG-03	1104	61646	0.017908704538818414
0	sample_id	PJ030	971	61646	0.015751224734775977
0	sample_id	PJ052	948	61646	0.015378126723550595
0	sample_id	GSM5518618_rGBM-03-3	912	61646	0.01479414722771956
0	sample_id	GSM8546837_BT369	901	61646	0.014615709048437855
0	sample_id	GSM5518610_ndGBM-02-4	845	61646	0.013707296499367356
0	sample_id	GSM8546838_BT373	798	61646	0.012944878824254616
0	sample_id	GSM5518623_ndGBM-03-1	772	61646	0.012523115855043312
0	sample_id	GSM8546848_BT402	764	61646	0.012393342633747527
0	sample_id	GSM8546839_BT374	757	61646	0.012279791065113713
0	sample_id	GSM5518613_rGBM-02-3	753	61646	0.012214904454465821
0	sample_id	GSM5518625_ndGBM-03-3	661	61646	0.010722512409564287
0	sample_id	GSM5518626_rGBM-05-1	626	61646	0.010154754566395224
0	sample_id	PJ048	611	61646	0.009911429776465626
0	sample_id	PW035-710	594	61646	0.009635661681212082
0	sample_id	PJ053	590	61646	0.009570775070564188
0	sample_id	PJ018	564	61646	0.009149012101352886
0	sample_id	GSM8546853_BT420	533	61646	0.008646140868831717
0	sample_id	GSM8546836_BT368	426	61646	0.006910424034000584
0	sample_id	GSM5518609_ndGBM-02-2	406	61646	0.00658599098076112
0	sample_id	GSM5518635_ndGBM-06	404	61646	0.006553547675437174
0	sample_id	GSM8546833_BT356	403	61646	0.0065373260227752005
0	sample_id	GSM5518639_ndGBM-09	358	61646	0.005807351652986406
0	sample_id	GSM8546840_BT377	353	61646	0.00572624338967654
0	sample_id	GSM8546845_BT396	332	61646	0.005385588683775103
0	sample_id	GSM8546844_BT390	319	61646	0.0051747071991694515
0	sample_id	GSM8546851_BT409	309	61646	0.0050124906725497196
0	sample_id	GSM5518637_ndGBM-08	271	61646	0.004396067871394738
0	sample_id	GSM8546841_BT380	270	61646	0.004379846218732764
0	sample_id	GSM5518617_rGBM-03-2	267	61646	0.004331181260746845
0	sample_id	PW017-703	267	61646	0.004331181260746845
0	sample_id	PJ016	263	61646	0.0042662946500989524
0	sample_id	GSM5518603_ndGBM-01-F	237	61646	0.0038445316808876488
0	sample_id	GSM5518631_LGG-04-2	230	61646	0.0037309801122538365
0	sample_id	GSM8546843_BT389	219	61646	0.003552541932972131
0	sample_id	PJ032	205	61646	0.003325438795704506
0	sample_id	PW016-703	190	61646	0.0030821140057749083
0	sample_id	GSM8546846_BT397	189	61646	0.0030658923531129353
0	sample_id	GSM5518627_rGBM-05-2	170	61646	0.0027576809525354444
0	sample_id	PW032-710	153	61646	0.0024819128572818997
0	sample_id	GSM8546842_BT389A	128	61646	0.00207637154073257
0	sample_id	GSM5518599_rGBM-01-D	102	61646	0.0016546085715212666
0	sample_id	GSM5518628_rGBM-05-3	95	61646	0.0015410570028874541
0	sample_id	GSM5518597_rGBM-01-B	70	61646	0.001135515686338124
0	sample_id	GSM5518596_rGBM-01-A	45	61646	0.0007299743697887941
0	sample_id	GSM8546849_BT407	34	61646	0.0005515361905070889
0	sample_id	GSM8546852_BT419	34	61646	0.0005515361905070889
0	sample_id	PJ017	34	61646	0.0005515361905070889
0	sample_id	PW039-705	29	61646	0.00047042792719722285
0	sample_id	GSM5518636_ndGBM-07	28	61646	0.00045420627453524964
0	sample_id	GSM5518615_rGBM-02-5	25	61646	0.00040554131654933003
0	sample_id	GSM8546854_BT426	23	61646	0.0003730980112253836
0	sample_id	GSM5518606_ndGBM-11-C	15	61646	0.00024332478992959803
0	sample_id	GSM5518612_rGBM-02-2	11	61646	0.00017843817928170523
0	sample_id	GSM5518598_rGBM-01-C	5	61646	8.110826330986601e-05
0	sample_id	GSM5518624_ndGBM-03-2	3	61646	4.86649579859196e-05
0	sample_id	GSM5518607_ndGBM-11-D	1	61646	1.6221652661973202e-05
0	sample_id	GSM5518629_ndGBM-10	1	61646	1.6221652661973202e-05
1	condition	ndGBM	25506	59791	0.4265859410279139
1	condition	GBM	19752	59791	0.3303507216805205
1	condition	rGBM	8234	59791	0.13771303373417404
1	condition	LGG	6299	59791	0.10535030355739158
1	core_dataset	DS3_GSE182109	40039	59791	0.6696492783194795
1	core_dataset	DS4_GSE278450	17406	59791	0.29111404726463846
1	core_dataset	DS1_GSE103224	1538	59791	0.025722934889866367
1	core_dataset	DS2_GSE141383	808	59791	0.01351373952601562
1	dataset_id	DS3	40039	59791	0.6696492783194795
1	dataset_id	DS4	17406	59791	0.29111404726463846
1	dataset_id	DS1	1538	59791	0.025722934889866367
1	dataset_id	DS2	808	59791	0.01351373952601562
1	patient_id	01	8881	59791	0.14853406031008012
1	patient_id	03	8795	59791	0.14709571674666755
1	patient_id	04	6106	59791	0.10212239300229131
1	patient_id	02	5379	59791	0.08996337241390845
1	patient_id	11	4024	59791	0.06730109882758274
1	patient_id	GSM8546848_BT402	2861	59791	0.04785001087120135
1	patient_id	GSM8546849_BT407	2279	59791	0.038116104430432673
1	patient_id	08	2134	59791	0.03569099028281848
1	patient_id	GSM8546840_BT377	2003	59791	0.03350002508738773
1	patient_id	05	1640	59791	0.02742887725577428
1	patient_id	GSM8546843_BT389	1586	59791	0.026525731297352445
1	patient_id	07	1536	59791	0.025689485039554448
1	patient_id	09	1517	59791	0.025371711461591208
1	patient_id	GSM8546846_BT397	1447	59791	0.024200966700674016
1	patient_id	GSM8546841_BT380	1233	59791	0.02062183271729859
1	patient_id	GSM8546845_BT396	1053	59791	0.0176113461892258
1	patient_id	GSM8546844_BT390	835	59791	0.013965312505226538
1	patient_id	GSM8546851_BT409	771	59791	0.012894917295245103
1	patient_id	PJ032	557	59791	0.009315783311869679
1	patient_id	GSM8546850_BT408	546	59791	0.00913180913515412
1	patient_id	GSM8546842_BT389A	531	59791	0.00888093525781472
1	patient_id	GSM8546852_BT419	521	59791	0.008713686006255121
1	patient_id	PJ035	433	59791	0.0072418925925306485
1	patient_id	GSM8546854_BT426	404	59791	0.00675686976300781
1	patient_id	GSM8546847_BT400	348	59791	0.005820273954274055
1	patient_id	GSM8546837_BT369	342	59791	0.005719924403338295
1	patient_id	PJ030	322	59791	0.005385425900219096
1	patient_id	PW017-703	238	59791	0.003980532187118462
1	patient_id	GSM8546838_BT373	213	59791	0.0035624090582194643
1	patient_id	GSM8546835_BT364	212	59791	0.0035456841330635046
1	patient_id	PW032-710	194	59791	0.003244635480256226
1	patient_id	PDC001	152	59791	0.002542188623705909
1	patient_id	PW016-703	143	59791	0.0023916642973022696
1	patient_id	PJ017	133	59791	0.0022244150457426705
1	patient_id	GSM8546839_BT374	71	59791	0.001187469686073155
1	patient_id	PJ025	65	59791	0.0010871201351373952
1	patient_id	GSM8546834_BT363	62	59791	0.0010369453596695156
1	patient_id	GSM8546853_BT420	46	59791	0.0007693465571741566
1	patient_id	GSM8546836_BT368	41	59791	0.000685721931394357
1	patient_id	PJ018	23	59791	0.0003846732785870783
1	patient_id	PJ052	21	59791	0.00035122342827515846
1	patient_id	PJ053	21	59791	0.00035122342827515846
1	patient_id	PW039-705	17	59791	0.00028432372765131877
1	patient_id	06	16	59791	0.0002675988024953588
1	patient_id	PW035-710	16	59791	0.0002675988024953588
1	patient_id	10	11	59791	0.0001839741767155592
1	patient_id	PW032-706	6	59791	0.00010034955093575956
1	patient_id	PJ048	4	59791	6.68997006238397e-05
1	patient_id	GSM8546833_BT356	1	59791	1.6724925155959926e-05
1	patient_id	PJ016	1	59791	1.6724925155959926e-05
1	sample_id	GSM5518603_ndGBM-01-F	3764	59791	0.06295261828703316
1	sample_id	GSM5518638_LGG-03	3731	59791	0.06240069575688649
1	sample_id	GSM8546848_BT402	2861	59791	0.04785001087120135
1	sample_id	GSM5518609_ndGBM-02-2	2355	59791	0.03938719874228563
1	sample_id	GSM5518606_ndGBM-11-C	2315	59791	0.03871820173604723
1	sample_id	GSM8546849_BT407	2279	59791	0.038116104430432673
1	sample_id	GSM5518637_ndGBM-08	2134	59791	0.03569099028281848
1	sample_id	GSM8546840_BT377	2003	59791	0.03350002508738773
1	sample_id	GSM5518624_ndGBM-03-2	1943	59791	0.03249652957803014
1	sample_id	GSM5518634_ndGBM-05	1614	59791	0.02699402920171932
1	sample_id	GSM8546843_BT389	1586	59791	0.026525731297352445
1	sample_id	GSM5518596_rGBM-01-A	1577	59791	0.026375206970948806
1	sample_id	GSM5518636_ndGBM-07	1536	59791	0.025689485039554448
1	sample_id	GSM5518602_ndGBM-01-D	1531	59791	0.025605860413774648
1	sample_id	GSM5518639_ndGBM-09	1517	59791	0.025371711461591208
1	sample_id	GSM8546846_BT397	1447	59791	0.024200966700674016
1	sample_id	GSM5518610_ndGBM-02-4	1345	59791	0.022495024334766103
1	sample_id	GSM5518611_ndGBM-02-5	1344	59791	0.02247829940961014
1	sample_id	GSM5518618_rGBM-03-3	1258	59791	0.021039955846197587
1	sample_id	GSM8546841_BT380	1233	59791	0.02062183271729859
1	sample_id	GSM5518630_LGG-04-1	1156	59791	0.019334013480289677
1	sample_id	GSM5518607_ndGBM-11-D	1083	59791	0.0181130939439046
1	sample_id	GSM8546845_BT396	1053	59791	0.0176113461892258
1	sample_id	GSM5518631_LGG-04-2	1037	59791	0.017343747386730446
1	sample_id	GSM5518621_rGBM-04-3	994	59791	0.01662457560502417
1	sample_id	GSM5518625_ndGBM-03-3	924	59791	0.015453830844106972
1	sample_id	GSM5518598_rGBM-01-C	903	59791	0.015102607415831814
1	sample_id	GSM8546844_BT390	835	59791	0.013965312505226538
1	sample_id	GSM8546851_BT409	771	59791	0.012894917295245103
1	sample_id	GSM5518622_rGBM-04-4	704	59791	0.011774347309795789
1	sample_id	GSM5518633_ndGBM-04	686	59791	0.01147329865698851
1	sample_id	GSM5518620_rGBM-04-2	652	59791	0.010904651201685872
1	sample_id	GSM5518599_rGBM-01-D	595	59791	0.009951330467796157
1	sample_id	PJ032	557	59791	0.009315783311869679
1	sample_id	GSM8546850_BT408	546	59791	0.00913180913515412
1	sample_id	GSM8546842_BT389A	531	59791	0.00888093525781472
1	sample_id	GSM8546852_BT419	521	59791	0.008713686006255121
1	sample_id	GSM5518619_rGBM-04-1	502	59791	0.008395912428291883
1	sample_id	PJ035	433	59791	0.0072418925925306485
1	sample_id	GSM5518623_ndGBM-03-1	426	59791	0.007124818116438929
1	sample_id	GSM8546854_BT426	404	59791	0.00675686976300781
1	sample_id	GSM5518632_LGG-04-3	375	59791	0.006271846933484973
1	sample_id	GSM5518597_rGBM-01-B	369	59791	0.006171497382549213
1	sample_id	GSM5518604_ndGBM-11-A	362	59791	0.0060544229064574935
1	sample_id	GSM5518616_rGBM-03-1	360	59791	0.006020973056145574
1	sample_id	GSM8546847_BT400	348	59791	0.005820273954274055
1	sample_id	GSM8546837_BT369	342	59791	0.005719924403338295
1	sample_id	PJ030	322	59791	0.005385425900219096
1	sample_id	GSM5518605_ndGBM-11-B	264	59791	0.004415380241173421
1	sample_id	PW017-703	238	59791	0.003980532187118462
1	sample_id	GSM8546838_BT373	213	59791	0.0035624090582194643
1	sample_id	GSM8546835_BT364	212	59791	0.0035456841330635046
1	sample_id	GSM5518608_ndGBM-02-1	194	59791	0.003244635480256226
1	sample_id	PW032-710	194	59791	0.003244635480256226
1	sample_id	GSM5518617_rGBM-03-2	153	59791	0.002558913548861869
1	sample_id	PDC001	152	59791	0.002542188623705909
1	sample_id	PW016-703	143	59791	0.0023916642973022696
1	sample_id	PJ017	133	59791	0.0022244150457426705
1	sample_id	GSM5518613_rGBM-02-3	131	59791	0.0021909651954307506
1	sample_id	GSM5518600_ndGBM-01-A	80	59791	0.0013379940124767942
1	sample_id	GSM8546839_BT374	71	59791	0.001187469686073155
1	sample_id	PJ025	65	59791	0.0010871201351373952
1	sample_id	GSM5518601_ndGBM-01-C	62	59791	0.0010369453596695156
1	sample_id	GSM8546834_BT363	62	59791	0.0010369453596695156
1	sample_id	GSM8546853_BT420	46	59791	0.0007693465571741566
1	sample_id	GSM8546836_BT368	41	59791	0.000685721931394357
1	sample_id	PJ018	23	59791	0.0003846732785870783
1	sample_id	PJ052	21	59791	0.00035122342827515846
1	sample_id	PJ053	21	59791	0.00035122342827515846
1	sample_id	GSM5518626_rGBM-05-1	19	59791	0.0003177735779632386
1	sample_id	PW039-705	17	59791	0.00028432372765131877
1	sample_id	GSM5518635_ndGBM-06	16	59791	0.0002675988024953588
1	sample_id	PW035-710	16	59791	0.0002675988024953588
1	sample_id	GSM5518629_ndGBM-10	11	59791	0.0001839741767155592
1	sample_id	GSM5518615_rGBM-02-5	9	59791	0.00015052432640363933
1	sample_id	PW032-706	6	59791	0.00010034955093575956
1	sample_id	GSM5518628_rGBM-05-3	4	59791	6.68997006238397e-05
1	sample_id	PJ048	4	59791	6.68997006238397e-05
1	sample_id	GSM5518627_rGBM-05-2	3	59791	5.017477546787978e-05
1	sample_id	GSM5518612_rGBM-02-2	1	59791	1.6724925155959926e-05
1	sample_id	GSM8546833_BT356	1	59791	1.6724925155959926e-05
1	sample_id	PJ016	1	59791	1.6724925155959926e-05
10	condition	rGBM	5276	6340	0.8321766561514196
10	condition	ndGBM	914	6340	0.1441640378548896
10	condition	GBM	148	6340	0.02334384858044164
10	condition	LGG	2	6340	0.0003154574132492114
10	core_dataset	DS3_GSE182109	6192	6340	0.9766561514195583
10	core_dataset	DS4_GSE278450	146	6340	0.02302839116719243
10	core_dataset	DS1_GSE103224	1	6340	0.0001577287066246057
10	core_dataset	DS2_GSE141383	1	6340	0.0001577287066246057
10	dataset_id	DS3	6192	6340	0.9766561514195583
10	dataset_id	DS4	146	6340	0.02302839116719243
10	dataset_id	DS1	1	6340	0.0001577287066246057
10	dataset_id	DS2	1	6340	0.0001577287066246057
10	patient_id	02	5163	6340	0.8143533123028391
10	patient_id	01	247	6340	0.038958990536277605
10	patient_id	09	198	6340	0.031230283911671923
10	patient_id	07	163	6340	0.025709779179810724
10	patient_id	05	158	6340	0.024921135646687697
10	patient_id	04	125	6340	0.01971608832807571
10	patient_id	03	99	6340	0.015615141955835962
10	patient_id	08	36	6340	0.0056782334384858045
10	patient_id	GSM8546846_BT397	29	6340	0.004574132492113565
10	patient_id	GSM8546849_BT407	27	6340	0.004258675078864353
10	patient_id	GSM8546852_BT419	18	6340	0.0028391167192429023
10	patient_id	GSM8546850_BT408	13	6340	0.002050473186119874
10	patient_id	GSM8546848_BT402	10	6340	0.0015772870662460567
10	patient_id	GSM8546837_BT369	9	6340	0.0014195583596214511
10	patient_id	GSM8546843_BT389	7	6340	0.0011041009463722397
10	patient_id	GSM8546854_BT426	7	6340	0.0011041009463722397
10	patient_id	GSM8546835_BT364	5	6340	0.0007886435331230284
10	patient_id	GSM8546838_BT373	4	6340	0.0006309148264984228
10	patient_id	06	3	6340	0.00047318611987381704
10	patient_id	GSM8546842_BT389A	3	6340	0.00047318611987381704
10	patient_id	GSM8546844_BT390	3	6340	0.00047318611987381704
10	patient_id	GSM8546836_BT368	2	6340	0.0003154574132492114
10	patient_id	GSM8546841_BT380	2	6340	0.0003154574132492114
10	patient_id	GSM8546851_BT409	2	6340	0.0003154574132492114
10	patient_id	GSM8546833_BT356	1	6340	0.0001577287066246057
10	patient_id	GSM8546834_BT363	1	6340	0.0001577287066246057
10	patient_id	GSM8546840_BT377	1	6340	0.0001577287066246057
10	patient_id	GSM8546845_BT396	1	6340	0.0001577287066246057
10	patient_id	GSM8546853_BT420	1	6340	0.0001577287066246057
10	patient_id	PJ017	1	6340	0.0001577287066246057
10	patient_id	PW017-703	1	6340	0.0001577287066246057
10	sample_id	GSM5518615_rGBM-02-5	3625	6340	0.5717665615141956
10	sample_id	GSM5518613_rGBM-02-3	495	6340	0.07807570977917981
10	sample_id	GSM5518612_rGBM-02-2	418	6340	0.06593059936908517
10	sample_id	GSM5518608_ndGBM-02-1	206	6340	0.03249211356466877
10	sample_id	GSM5518639_ndGBM-09	198	6340	0.031230283911671923
10	sample_id	GSM5518614_rGBM-02-4	183	6340	0.02886435331230284
10	sample_id	GSM5518636_ndGBM-07	163	6340	0.025709779179810724
10	sample_id	GSM5518611_ndGBM-02-5	130	6340	0.02050473186119874
10	sample_id	GSM5518596_rGBM-01-A	118	6340	0.01861198738170347
10	sample_id	GSM5518626_rGBM-05-1	98	6340	0.015457413249211356
10	sample_id	GSM5518622_rGBM-04-4	83	6340	0.013091482649842272
10	sample_id	GSM5518597_rGBM-01-B	73	6340	0.011514195583596214
10	sample_id	GSM5518618_rGBM-03-3	58	6340	0.00914826498422713
10	sample_id	GSM5518610_ndGBM-02-4	55	6340	0.008675078864353312
10	sample_id	GSM5518609_ndGBM-02-2	51	6340	0.008044164037854889
10	sample_id	GSM5518637_ndGBM-08	36	6340	0.0056782334384858045
10	sample_id	GSM5518628_rGBM-05-3	30	6340	0.00473186119873817
10	sample_id	GSM8546846_BT397	29	6340	0.004574132492113565
10	sample_id	GSM8546849_BT407	27	6340	0.004258675078864353
10	sample_id	GSM5518600_ndGBM-01-A	19	6340	0.002996845425867508
10	sample_id	GSM8546852_BT419	18	6340	0.0028391167192429023
10	sample_id	GSM5518627_rGBM-05-2	17	6340	0.0026813880126182964
10	sample_id	GSM5518620_rGBM-04-2	16	6340	0.002523659305993691
10	sample_id	GSM5518616_rGBM-03-1	13	6340	0.002050473186119874
10	sample_id	GSM5518634_ndGBM-05	13	6340	0.002050473186119874
10	sample_id	GSM8546850_BT408	13	6340	0.002050473186119874
10	sample_id	GSM5518599_rGBM-01-D	12	6340	0.0018927444794952682
10	sample_id	GSM5518617_rGBM-03-2	12	6340	0.0018927444794952682
10	sample_id	GSM5518601_ndGBM-01-C	11	6340	0.0017350157728706626
10	sample_id	GSM8546848_BT402	10	6340	0.0015772870662460567
10	sample_id	GSM5518598_rGBM-01-C	9	6340	0.0014195583596214511
10	sample_id	GSM5518619_rGBM-04-1	9	6340	0.0014195583596214511
10	sample_id	GSM8546837_BT369	9	6340	0.0014195583596214511
10	sample_id	GSM5518633_ndGBM-04	8	6340	0.0012618296529968455
10	sample_id	GSM5518621_rGBM-04-3	7	6340	0.0011041009463722397
10	sample_id	GSM5518623_ndGBM-03-1	7	6340	0.0011041009463722397
10	sample_id	GSM5518624_ndGBM-03-2	7	6340	0.0011041009463722397
10	sample_id	GSM8546843_BT389	7	6340	0.0011041009463722397
10	sample_id	GSM8546854_BT426	7	6340	0.0011041009463722397
10	sample_id	GSM8546835_BT364	5	6340	0.0007886435331230284
10	sample_id	GSM5518603_ndGBM-01-F	4	6340	0.0006309148264984228
10	sample_id	GSM8546838_BT373	4	6340	0.0006309148264984228
10	sample_id	GSM5518635_ndGBM-06	3	6340	0.00047318611987381704
10	sample_id	GSM8546842_BT389A	3	6340	0.00047318611987381704
10	sample_id	GSM8546844_BT390	3	6340	0.00047318611987381704
10	sample_id	GSM5518625_ndGBM-03-3	2	6340	0.0003154574132492114
10	sample_id	GSM8546836_BT368	2	6340	0.0003154574132492114
10	sample_id	GSM8546841_BT380	2	6340	0.0003154574132492114
10	sample_id	GSM8546851_BT409	2	6340	0.0003154574132492114
10	sample_id	GSM5518602_ndGBM-01-D	1	6340	0.0001577287066246057
10	sample_id	GSM5518630_LGG-04-1	1	6340	0.0001577287066246057
10	sample_id	GSM5518632_LGG-04-3	1	6340	0.0001577287066246057
10	sample_id	GSM8546833_BT356	1	6340	0.0001577287066246057
10	sample_id	GSM8546834_BT363	1	6340	0.0001577287066246057
10	sample_id	GSM8546840_BT377	1	6340	0.0001577287066246057
10	sample_id	GSM8546845_BT396	1	6340	0.0001577287066246057
10	sample_id	GSM8546853_BT420	1	6340	0.0001577287066246057
10	sample_id	PJ017	1	6340	0.0001577287066246057
10	sample_id	PW017-703	1	6340	0.0001577287066246057
11	condition	GBM	4423	6183	0.715348536309235
11	condition	ndGBM	1241	6183	0.20071162865922693
11	condition	rGBM	299	6183	0.048358402070192465
11	condition	LGG	220	6183	0.035581432961345624
11	core_dataset	DS4_GSE278450	2446	6183	0.39560084101568815
11	core_dataset	DS3_GSE182109	1760	6183	0.284651463690765
11	core_dataset	DS1_GSE103224	1200	6183	0.19408054342552158
11	core_dataset	DS2_GSE141383	777	6183	0.12566715186802524
11	dataset_id	DS4	2446	6183	0.39560084101568815
11	dataset_id	DS3	1760	6183	0.284651463690765
11	dataset_id	DS1	1200	6183	0.19408054342552158
11	dataset_id	DS2	777	6183	0.12566715186802524
11	patient_id	GSM8546836_BT368	956	6183	0.15461749959566554
11	patient_id	PJ048	802	6183	0.1297104965227236
11	patient_id	08	615	6183	0.09946627850557982
11	patient_id	PJ053	457	6183	0.07391234028788614
11	patient_id	GSM8546853_BT420	436	6183	0.07051593077793951
11	patient_id	04	385	6183	0.062267507682354846
11	patient_id	01	381	6183	0.061620572537603106
11	patient_id	GSM8546843_BT389	314	6183	0.050784408863011485
11	patient_id	02	270	6183	0.043668122270742356
11	patient_id	PW016-703	247	6183	0.03994824518841986
11	patient_id	PJ018	150	6183	0.024260067928190198
11	patient_id	GSM8546847_BT400	148	6183	0.023936600355814328
11	patient_id	GSM8546840_BT377	131	6183	0.021187125990619442
11	patient_id	GSM8546838_BT373	123	6183	0.019893255701115962
11	patient_id	PJ016	105	6183	0.016982047549733138
11	patient_id	GSM8546846_BT397	92	6183	0.014879508329289989
11	patient_id	PJ035	84	6183	0.013585638039786511
11	patient_id	GSM8546845_BT396	64	6183	0.010350962316027819
11	patient_id	05	61	6183	0.009865760957464014
11	patient_id	GSM8546851_BT409	44	6183	0.007116286592269125
11	patient_id	PJ030	42	6183	0.006792819019893256
11	patient_id	GSM8546834_BT363	41	6183	0.006631085233705321
11	patient_id	03	34	6183	0.005498948730389778
11	patient_id	PJ052	29	6183	0.004690279799450105
11	patient_id	GSM8546835_BT364	26	6183	0.0042050784408863015
11	patient_id	PW017-703	19	6183	0.0030729419375707585
11	patient_id	GSM8546833_BT356	16	6183	0.0025877405790069546
11	patient_id	GSM8546848_BT402	15	6183	0.0024260067928190197
11	patient_id	PJ017	15	6183	0.0024260067928190197
11	patient_id	GSM8546844_BT390	13	6183	0.0021025392204431508
11	patient_id	PW032-706	13	6183	0.0021025392204431508
11	patient_id	06	9	6183	0.001455604075691412
11	patient_id	GSM8546841_BT380	9	6183	0.001455604075691412
11	patient_id	PW039-705	9	6183	0.001455604075691412
11	patient_id	GSM8546837_BT369	7	6183	0.0011321365033155426
11	patient_id	09	5	6183	0.0008086689309396733
11	patient_id	GSM8546849_BT407	5	6183	0.0008086689309396733
11	patient_id	GSM8546842_BT389A	3	6183	0.00048520135856380397
11	patient_id	PDC001	3	6183	0.00048520135856380397
11	patient_id	GSM8546852_BT419	2	6183	0.00032346757237586933
11	patient_id	PJ025	2	6183	0.00032346757237586933
11	patient_id	GSM8546839_BT374	1	6183	0.00016173378618793466
11	sample_id	GSM8546836_BT368	956	6183	0.15461749959566554
11	sample_id	PJ048	802	6183	0.1297104965227236
11	sample_id	GSM5518637_ndGBM-08	615	6183	0.09946627850557982
11	sample_id	PJ053	457	6183	0.07391234028788614
11	sample_id	GSM8546853_BT420	436	6183	0.07051593077793951
11	sample_id	GSM8546843_BT389	314	6183	0.050784408863011485
11	sample_id	PW016-703	247	6183	0.03994824518841986
11	sample_id	GSM5518602_ndGBM-01-D	201	6183	0.032508491023774864
11	sample_id	PJ018	150	6183	0.024260067928190198
11	sample_id	GSM8546847_BT400	148	6183	0.023936600355814328
11	sample_id	GSM5518630_LGG-04-1	142	6183	0.022966197638686722
11	sample_id	GSM8546840_BT377	131	6183	0.021187125990619442
11	sample_id	GSM8546838_BT373	123	6183	0.019893255701115962
11	sample_id	GSM5518610_ndGBM-02-4	116	6183	0.01876111919780042
11	sample_id	GSM5518601_ndGBM-01-C	111	6183	0.017952450266860747
11	sample_id	PJ016	105	6183	0.016982047549733138
11	sample_id	GSM5518613_rGBM-02-3	94	6183	0.015202975901665859
11	sample_id	GSM8546846_BT397	92	6183	0.014879508329289989
11	sample_id	PJ035	84	6183	0.013585638039786511
11	sample_id	GSM8546845_BT396	64	6183	0.010350962316027819
11	sample_id	GSM5518621_rGBM-04-3	58	6183	0.00938055959890021
11	sample_id	GSM5518622_rGBM-04-4	58	6183	0.00938055959890021
11	sample_id	GSM5518611_ndGBM-02-5	46	6183	0.0074397541646449945
11	sample_id	GSM8546851_BT409	44	6183	0.007116286592269125
11	sample_id	GSM5518603_ndGBM-01-F	42	6183	0.006792819019893256
11	sample_id	PJ030	42	6183	0.006792819019893256
11	sample_id	GSM5518632_LGG-04-3	41	6183	0.006631085233705321
11	sample_id	GSM8546834_BT363	41	6183	0.006631085233705321
11	sample_id	GSM5518620_rGBM-04-2	37	6183	0.005984150088953582
11	sample_id	GSM5518634_ndGBM-05	36	6183	0.005822416302765648
11	sample_id	GSM5518631_LGG-04-2	35	6183	0.005660682516577713
11	sample_id	PJ052	29	6183	0.004690279799450105
11	sample_id	GSM5518600_ndGBM-01-A	27	6183	0.004366812227074236
11	sample_id	GSM8546835_BT364	26	6183	0.0042050784408863015
11	sample_id	PW017-703	19	6183	0.0030729419375707585
11	sample_id	GSM5518627_rGBM-05-2	17	6183	0.002749474365194889
11	sample_id	GSM8546833_BT356	16	6183	0.0025877405790069546
11	sample_id	GSM8546848_BT402	15	6183	0.0024260067928190197
11	sample_id	PJ017	15	6183	0.0024260067928190197
11	sample_id	GSM5518616_rGBM-03-1	13	6183	0.0021025392204431508
11	sample_id	GSM8546844_BT390	13	6183	0.0021025392204431508
11	sample_id	PW032-706	13	6183	0.0021025392204431508
11	sample_id	GSM5518609_ndGBM-02-2	9	6183	0.001455604075691412
11	sample_id	GSM5518633_ndGBM-04	9	6183	0.001455604075691412
11	sample_id	GSM5518635_ndGBM-06	9	6183	0.001455604075691412
11	sample_id	GSM8546841_BT380	9	6183	0.001455604075691412
11	sample_id	PW039-705	9	6183	0.001455604075691412
11	sample_id	GSM5518623_ndGBM-03-1	7	6183	0.0011321365033155426
11	sample_id	GSM8546837_BT369	7	6183	0.0011321365033155426
11	sample_id	GSM5518618_rGBM-03-3	6	6183	0.0009704027171276079
11	sample_id	GSM5518619_rGBM-04-1	5	6183	0.0008086689309396733
11	sample_id	GSM5518625_ndGBM-03-3	5	6183	0.0008086689309396733
11	sample_id	GSM5518628_rGBM-05-3	5	6183	0.0008086689309396733
11	sample_id	GSM5518639_ndGBM-09	5	6183	0.0008086689309396733
11	sample_id	GSM8546849_BT407	5	6183	0.0008086689309396733
11	sample_id	GSM5518608_ndGBM-02-1	3	6183	0.00048520135856380397
11	sample_id	GSM5518626_rGBM-05-1	3	6183	0.00048520135856380397
11	sample_id	GSM8546842_BT389A	3	6183	0.00048520135856380397
11	sample_id	PDC001	3	6183	0.00048520135856380397
11	sample_id	GSM5518638_LGG-03	2	6183	0.00032346757237586933
11	sample_id	GSM8546852_BT419	2	6183	0.00032346757237586933
11	sample_id	PJ025	2	6183	0.00032346757237586933
11	sample_id	GSM5518612_rGBM-02-2	1	6183	0.00016173378618793466
11	sample_id	GSM5518615_rGBM-02-5	1	6183	0.00016173378618793466
11	sample_id	GSM5518617_rGBM-03-2	1	6183	0.00016173378618793466
11	sample_id	GSM8546839_BT374	1	6183	0.00016173378618793466
12	condition	ndGBM	3058	4803	0.6366854049552363
12	condition	rGBM	1462	4803	0.3043930876535499
12	condition	GBM	225	4803	0.046845721424109935
12	condition	LGG	58	4803	0.012075785967103894
12	core_dataset	DS3_GSE182109	4578	4803	0.9531542785758901
12	core_dataset	DS4_GSE278450	155	4803	0.032271496981053506
12	core_dataset	DS1_GSE103224	40	4803	0.0083281282531751
12	core_dataset	DS2_GSE141383	30	4803	0.006246096189881324
12	dataset_id	DS3	4578	4803	0.9531542785758901
12	dataset_id	DS4	155	4803	0.032271496981053506
12	dataset_id	DS1	40	4803	0.0083281282531751
12	dataset_id	DS2	30	4803	0.006246096189881324
12	patient_id	06	1757	4803	0.3658130335207162
12	patient_id	03	704	4803	0.14657505725588174
12	patient_id	02	546	4803	0.1136789506558401
12	patient_id	04	514	4803	0.10701644805330002
12	patient_id	01	469	4803	0.09764730376847804
12	patient_id	05	441	4803	0.09181761399125546
12	patient_id	07	92	4803	0.01915469498230273
12	patient_id	GSM8546839_BT374	39	4803	0.008119925046845722
12	patient_id	GSM8546835_BT364	33	4803	0.006870705808869456
12	patient_id	08	30	4803	0.006246096189881324
12	patient_id	GSM8546847_BT400	22	4803	0.004580470539246304
12	patient_id	09	17	4803	0.003539454507599417
12	patient_id	PJ016	17	4803	0.003539454507599417
12	patient_id	GSM8546838_BT373	11	4803	0.002290235269623152
12	patient_id	GSM8546833_BT356	10	4803	0.002082032063293775
12	patient_id	GSM8546854_BT426	10	4803	0.002082032063293775
12	patient_id	11	8	4803	0.0016656256506350198
12	patient_id	GSM8546834_BT363	8	4803	0.0016656256506350198
12	patient_id	PJ053	7	4803	0.0014574224443056423
12	patient_id	GSM8546841_BT380	6	4803	0.0012492192379762648
12	patient_id	PJ025	6	4803	0.0012492192379762648
12	patient_id	PJ032	6	4803	0.0012492192379762648
12	patient_id	PW032-706	6	4803	0.0012492192379762648
12	patient_id	PW039-705	6	4803	0.0012492192379762648
12	patient_id	PW032-710	5	4803	0.0010410160316468874
12	patient_id	GSM8546837_BT369	4	4803	0.0008328128253175099
12	patient_id	GSM8546844_BT390	4	4803	0.0008328128253175099
12	patient_id	GSM8546852_BT419	4	4803	0.0008328128253175099
12	patient_id	PJ017	3	4803	0.0006246096189881324
12	patient_id	PJ030	3	4803	0.0006246096189881324
12	patient_id	PJ048	3	4803	0.0006246096189881324
12	patient_id	PW017-703	3	4803	0.0006246096189881324
12	patient_id	GSM8546842_BT389A	2	4803	0.00041640641265875496
12	patient_id	PJ035	2	4803	0.00041640641265875496
12	patient_id	PW035-710	2	4803	0.00041640641265875496
12	patient_id	GSM8546845_BT396	1	4803	0.00020820320632937748
12	patient_id	GSM8546849_BT407	1	4803	0.00020820320632937748
12	patient_id	PJ052	1	4803	0.00020820320632937748
12	sample_id	GSM5518635_ndGBM-06	1757	4803	0.3658130335207162
12	sample_id	GSM5518626_rGBM-05-1	313	4803	0.06516760358109515
12	sample_id	GSM5518618_rGBM-03-3	228	4803	0.047470331043098064
12	sample_id	GSM5518616_rGBM-03-1	223	4803	0.04642931501145118
12	sample_id	GSM5518601_ndGBM-01-C	214	4803	0.044555486154486776
12	sample_id	GSM5518610_ndGBM-02-4	182	4803	0.0378929835519467
12	sample_id	GSM5518608_ndGBM-02-1	165	4803	0.034353529044347283
12	sample_id	GSM5518620_rGBM-04-2	133	4803	0.027691026441807202
12	sample_id	GSM5518625_ndGBM-03-3	111	4803	0.0231105559025609
12	sample_id	GSM5518636_ndGBM-07	92	4803	0.01915469498230273
12	sample_id	GSM5518621_rGBM-04-3	91	4803	0.01894649177597335
12	sample_id	GSM5518611_ndGBM-02-5	88	4803	0.018321882156985218
12	sample_id	GSM5518633_ndGBM-04	84	4803	0.017489069331667707
12	sample_id	GSM5518600_ndGBM-01-A	83	4803	0.01728086612533833
12	sample_id	GSM5518619_rGBM-04-1	78	4803	0.016239850093691444
12	sample_id	GSM5518623_ndGBM-03-1	77	4803	0.016031646887362066
12	sample_id	GSM5518627_rGBM-05-2	76	4803	0.015823443681032688
12	sample_id	GSM5518622_rGBM-04-4	72	4803	0.014990630855715179
12	sample_id	GSM5518613_rGBM-02-3	62	4803	0.012908598792421403
12	sample_id	GSM5518617_rGBM-03-2	55	4803	0.01145117634811576
12	sample_id	GSM5518630_LGG-04-1	48	4803	0.009993753903810118
12	sample_id	GSM5518602_ndGBM-01-D	45	4803	0.009369144284821987
12	sample_id	GSM5518603_ndGBM-01-F	39	4803	0.008119925046845722
12	sample_id	GSM8546839_BT374	39	4803	0.008119925046845722
12	sample_id	GSM5518609_ndGBM-02-2	35	4803	0.007287112221528212
12	sample_id	GSM5518597_rGBM-01-B	33	4803	0.006870705808869456
12	sample_id	GSM8546835_BT364	33	4803	0.006870705808869456
12	sample_id	GSM5518637_ndGBM-08	30	4803	0.006246096189881324
12	sample_id	GSM5518628_rGBM-05-3	29	4803	0.006037892983551947
12	sample_id	GSM5518599_rGBM-01-D	26	4803	0.0054132833645638145
12	sample_id	GSM5518596_rGBM-01-A	23	4803	0.004788673745575682
12	sample_id	GSM5518634_ndGBM-05	23	4803	0.004788673745575682
12	sample_id	GSM8546847_BT400	22	4803	0.004580470539246304
12	sample_id	GSM5518639_ndGBM-09	17	4803	0.003539454507599417
12	sample_id	PJ016	17	4803	0.003539454507599417
12	sample_id	GSM5518615_rGBM-02-5	12	4803	0.0024984384759525295
12	sample_id	GSM8546838_BT373	11	4803	0.002290235269623152
12	sample_id	GSM8546833_BT356	10	4803	0.002082032063293775
12	sample_id	GSM8546854_BT426	10	4803	0.002082032063293775
12	sample_id	GSM5518606_ndGBM-11-C	8	4803	0.0016656256506350198
12	sample_id	GSM5518624_ndGBM-03-2	8	4803	0.0016656256506350198
12	sample_id	GSM8546834_BT363	8	4803	0.0016656256506350198
12	sample_id	PJ053	7	4803	0.0014574224443056423
12	sample_id	GSM5518598_rGBM-01-C	6	4803	0.0012492192379762648
12	sample_id	GSM5518631_LGG-04-2	6	4803	0.0012492192379762648
12	sample_id	GSM8546841_BT380	6	4803	0.0012492192379762648
12	sample_id	PJ025	6	4803	0.0012492192379762648
12	sample_id	PJ032	6	4803	0.0012492192379762648
12	sample_id	PW032-706	6	4803	0.0012492192379762648
12	sample_id	PW039-705	6	4803	0.0012492192379762648
12	sample_id	PW032-710	5	4803	0.0010410160316468874
12	sample_id	GSM8546837_BT369	4	4803	0.0008328128253175099
12	sample_id	GSM8546844_BT390	4	4803	0.0008328128253175099
12	sample_id	GSM8546852_BT419	4	4803	0.0008328128253175099
12	sample_id	PJ017	3	4803	0.0006246096189881324
12	sample_id	PJ030	3	4803	0.0006246096189881324
12	sample_id	PJ048	3	4803	0.0006246096189881324
12	sample_id	PW017-703	3	4803	0.0006246096189881324
12	sample_id	GSM5518632_LGG-04-3	2	4803	0.00041640641265875496
12	sample_id	GSM5518638_LGG-03	2	4803	0.00041640641265875496
12	sample_id	GSM8546842_BT389A	2	4803	0.00041640641265875496
12	sample_id	PJ035	2	4803	0.00041640641265875496
12	sample_id	PW035-710	2	4803	0.00041640641265875496
12	sample_id	GSM5518612_rGBM-02-2	1	4803	0.00020820320632937748
12	sample_id	GSM5518614_rGBM-02-4	1	4803	0.00020820320632937748
12	sample_id	GSM8546845_BT396	1	4803	0.00020820320632937748
12	sample_id	GSM8546849_BT407	1	4803	0.00020820320632937748
12	sample_id	PJ052	1	4803	0.00020820320632937748
13	condition	ndGBM	2446	3566	0.6859226023555804
13	condition	GBM	623	3566	0.17470555243970837
13	condition	rGBM	461	3566	0.12927650028042625
13	condition	LGG	36	3566	0.010095344924284913
13	core_dataset	DS3_GSE182109	2943	3566	0.8252944475602917
13	core_dataset	DS1_GSE103224	466	3566	0.13067863151991027
13	core_dataset	DS2_GSE141383	85	3566	0.023836231071228266
13	core_dataset	DS4_GSE278450	72	3566	0.020190689848569827
13	dataset_id	DS3	2943	3566	0.8252944475602917
13	dataset_id	DS1	466	3566	0.13067863151991027
13	dataset_id	DS2	85	3566	0.023836231071228266
13	dataset_id	DS4	72	3566	0.020190689848569827
13	patient_id	02	2234	3566	0.6264722378014582
13	patient_id	05	316	3566	0.0886146943353898
13	patient_id	PJ025	218	3566	0.061132922041503085
13	patient_id	08	167	3566	0.04683118339876612
13	patient_id	PJ030	111	3566	0.031127313516545147
13	patient_id	PJ035	69	3566	0.019349411104879418
13	patient_id	09	60	3566	0.01682557487380819
13	patient_id	01	56	3566	0.015703869882220976
13	patient_id	06	41	3566	0.011497476163768929
13	patient_id	03	35	3566	0.00981491867638811
13	patient_id	GSM8546833_BT356	34	3566	0.009534492428491307
13	patient_id	PJ048	32	3566	0.0089736399326977
13	patient_id	04	29	3566	0.008132361189007292
13	patient_id	PW032-710	29	3566	0.008132361189007292
13	patient_id	PDC001	23	3566	0.006449803701626472
13	patient_id	PJ018	21	3566	0.005888951205832866
13	patient_id	GSM8546842_BT389A	12	3566	0.0033651149747616375
13	patient_id	PJ053	12	3566	0.0033651149747616375
13	patient_id	PW032-706	12	3566	0.0033651149747616375
13	patient_id	PJ032	10	3566	0.0028042624789680315
13	patient_id	GSM8546847_BT400	8	3566	0.002243409983174425
13	patient_id	GSM8546854_BT426	8	3566	0.002243409983174425
13	patient_id	PW017-703	7	3566	0.001962983735277622
13	patient_id	GSM8546834_BT363	5	3566	0.0014021312394840158
13	patient_id	PJ017	4	3566	0.0011217049915872126
13	patient_id	11	3	3566	0.0008412787436904094
13	patient_id	GSM8546836_BT368	3	3566	0.0008412787436904094
13	patient_id	07	2	3566	0.0005608524957936063
13	patient_id	GSM8546838_BT373	1	3566	0.00028042624789680314
13	patient_id	GSM8546848_BT402	1	3566	0.00028042624789680314
13	patient_id	PJ016	1	3566	0.00028042624789680314
13	patient_id	PJ052	1	3566	0.00028042624789680314
13	patient_id	PW016-703	1	3566	0.00028042624789680314
13	sample_id	GSM5518608_ndGBM-02-1	560	3566	0.15703869882220975
13	sample_id	GSM5518611_ndGBM-02-5	537	3566	0.1505888951205833
13	sample_id	GSM5518609_ndGBM-02-2	451	3566	0.12647223780145822
13	sample_id	GSM5518612_rGBM-02-2	372	3566	0.10431856421761077
13	sample_id	GSM5518634_ndGBM-05	286	3566	0.08020190689848569
13	sample_id	GSM5518610_ndGBM-02-4	277	3566	0.07767807066741447
13	sample_id	PJ025	218	3566	0.061132922041503085
13	sample_id	GSM5518637_ndGBM-08	167	3566	0.04683118339876612
13	sample_id	PJ030	111	3566	0.031127313516545147
13	sample_id	PJ035	69	3566	0.019349411104879418
13	sample_id	GSM5518639_ndGBM-09	60	3566	0.01682557487380819
13	sample_id	GSM5518635_ndGBM-06	41	3566	0.011497476163768929
13	sample_id	GSM8546833_BT356	34	3566	0.009534492428491307
13	sample_id	PJ048	32	3566	0.0089736399326977
13	sample_id	PW032-710	29	3566	0.008132361189007292
13	sample_id	GSM5518615_rGBM-02-5	24	3566	0.006730229949523275
13	sample_id	PDC001	23	3566	0.006449803701626472
13	sample_id	GSM5518638_LGG-03	21	3566	0.005888951205832866
13	sample_id	PJ018	21	3566	0.005888951205832866
13	sample_id	GSM5518603_ndGBM-01-F	19	3566	0.00532809871003926
13	sample_id	GSM5518602_ndGBM-01-D	14	3566	0.003925967470555244
13	sample_id	GSM5518628_rGBM-05-3	14	3566	0.003925967470555244
13	sample_id	GSM8546842_BT389A	12	3566	0.0033651149747616375
13	sample_id	PJ053	12	3566	0.0033651149747616375
13	sample_id	PW032-706	12	3566	0.0033651149747616375
13	sample_id	GSM5518600_ndGBM-01-A	11	3566	0.0030846887268648347
13	sample_id	GSM5518626_rGBM-05-1	11	3566	0.0030846887268648347
13	sample_id	GSM5518630_LGG-04-1	11	3566	0.0030846887268648347
13	sample_id	GSM5518633_ndGBM-04	11	3566	0.0030846887268648347
13	sample_id	GSM5518613_rGBM-02-3	10	3566	0.0028042624789680315
13	sample_id	PJ032	10	3566	0.0028042624789680315
13	sample_id	GSM8546847_BT400	8	3566	0.002243409983174425
13	sample_id	GSM8546854_BT426	8	3566	0.002243409983174425
13	sample_id	GSM5518617_rGBM-03-2	7	3566	0.001962983735277622
13	sample_id	PW017-703	7	3566	0.001962983735277622
13	sample_id	GSM5518627_rGBM-05-2	5	3566	0.0014021312394840158
13	sample_id	GSM8546834_BT363	5	3566	0.0014021312394840158
13	sample_id	GSM5518601_ndGBM-01-C	4	3566	0.0011217049915872126
13	sample_id	GSM5518618_rGBM-03-3	4	3566	0.0011217049915872126
13	sample_id	PJ017	4	3566	0.0011217049915872126
13	sample_id	GSM5518596_rGBM-01-A	3	3566	0.0008412787436904094
13	sample_id	GSM5518598_rGBM-01-C	3	3566	0.0008412787436904094
13	sample_id	GSM5518614_rGBM-02-4	3	3566	0.0008412787436904094
13	sample_id	GSM5518631_LGG-04-2	3	3566	0.0008412787436904094
13	sample_id	GSM8546836_BT368	3	3566	0.0008412787436904094
13	sample_id	GSM5518597_rGBM-01-B	2	3566	0.0005608524957936063
13	sample_id	GSM5518606_ndGBM-11-C	2	3566	0.0005608524957936063
13	sample_id	GSM5518624_ndGBM-03-2	2	3566	0.0005608524957936063
13	sample_id	GSM5518636_ndGBM-07	2	3566	0.0005608524957936063
13	sample_id	GSM5518605_ndGBM-11-B	1	3566	0.00028042624789680314
13	sample_id	GSM5518619_rGBM-04-1	1	3566	0.00028042624789680314
13	sample_id	GSM5518620_rGBM-04-2	1	3566	0.00028042624789680314
13	sample_id	GSM5518622_rGBM-04-4	1	3566	0.00028042624789680314
13	sample_id	GSM5518623_ndGBM-03-1	1	3566	0.00028042624789680314
13	sample_id	GSM5518632_LGG-04-3	1	3566	0.00028042624789680314
13	sample_id	GSM8546838_BT373	1	3566	0.00028042624789680314
13	sample_id	GSM8546848_BT402	1	3566	0.00028042624789680314
13	sample_id	PJ016	1	3566	0.00028042624789680314
13	sample_id	PJ052	1	3566	0.00028042624789680314
13	sample_id	PW016-703	1	3566	0.00028042624789680314
14	condition	GBM	1026	2640	0.3886363636363636
14	condition	ndGBM	1002	2640	0.3795454545454545
14	condition	rGBM	444	2640	0.16818181818181818
14	condition	LGG	168	2640	0.06363636363636363
14	core_dataset	DS3_GSE182109	1614	2640	0.6113636363636363
14	core_dataset	DS1_GSE103224	506	2640	0.19166666666666668
14	core_dataset	DS2_GSE141383	493	2640	0.18674242424242424
14	core_dataset	DS4_GSE278450	27	2640	0.010227272727272727
14	dataset_id	DS3	1614	2640	0.6113636363636363
14	dataset_id	DS1	506	2640	0.19166666666666668
14	dataset_id	DS2	493	2640	0.18674242424242424
14	dataset_id	DS4	27	2640	0.010227272727272727
14	patient_id	02	638	2640	0.24166666666666667
14	patient_id	05	424	2640	0.1606060606060606
14	patient_id	PJ030	233	2640	0.08825757575757576
14	patient_id	PDC001	223	2640	0.08446969696969697
14	patient_id	08	202	2640	0.07651515151515151
14	patient_id	03	183	2640	0.06931818181818182
14	patient_id	PW032-706	160	2640	0.06060606060606061
14	patient_id	PJ025	148	2640	0.05606060606060606
14	patient_id	04	95	2640	0.03598484848484849
14	patient_id	PJ053	73	2640	0.027651515151515153
14	patient_id	PJ035	71	2640	0.026893939393939394
14	patient_id	01	32	2640	0.012121212121212121
14	patient_id	PJ048	28	2640	0.010606060606060607
14	patient_id	PW032-710	21	2640	0.007954545454545454
14	patient_id	09	18	2640	0.006818181818181818
14	patient_id	GSM8546834_BT363	10	2640	0.003787878787878788
14	patient_id	PJ018	10	2640	0.003787878787878788
14	patient_id	PJ052	10	2640	0.003787878787878788
14	patient_id	06	8	2640	0.0030303030303030303
14	patient_id	11	8	2640	0.0030303030303030303
14	patient_id	PJ017	8	2640	0.0030303030303030303
14	patient_id	PJ016	7	2640	0.0026515151515151517
14	patient_id	07	6	2640	0.0022727272727272726
14	patient_id	GSM8546833_BT356	5	2640	0.001893939393939394
14	patient_id	GSM8546850_BT408	4	2640	0.0015151515151515152
14	patient_id	GSM8546837_BT369	3	2640	0.0011363636363636363
14	patient_id	PW017-703	3	2640	0.0011363636363636363
14	patient_id	GSM8546847_BT400	2	2640	0.0007575757575757576
14	patient_id	PW039-705	2	2640	0.0007575757575757576
14	patient_id	GSM8546840_BT377	1	2640	0.0003787878787878788
14	patient_id	GSM8546842_BT389A	1	2640	0.0003787878787878788
14	patient_id	GSM8546853_BT420	1	2640	0.0003787878787878788
14	patient_id	PJ032	1	2640	0.0003787878787878788
14	patient_id	PW035-710	1	2640	0.0003787878787878788
14	sample_id	GSM5518634_ndGBM-05	352	2640	0.13333333333333333
14	sample_id	PJ030	233	2640	0.08825757575757576
14	sample_id	GSM5518615_rGBM-02-5	231	2640	0.0875
14	sample_id	PDC001	223	2640	0.08446969696969697
14	sample_id	GSM5518637_ndGBM-08	202	2640	0.07651515151515151
14	sample_id	GSM5518609_ndGBM-02-2	176	2640	0.06666666666666667
14	sample_id	PW032-706	160	2640	0.06060606060606061
14	sample_id	PJ025	148	2640	0.05606060606060606
14	sample_id	GSM5518638_LGG-03	125	2640	0.04734848484848485
14	sample_id	GSM5518611_ndGBM-02-5	102	2640	0.038636363636363635
14	sample_id	PJ053	73	2640	0.027651515151515153
14	sample_id	PJ035	71	2640	0.026893939393939394
14	sample_id	GSM5518613_rGBM-02-3	53	2640	0.020075757575757577
14	sample_id	GSM5518610_ndGBM-02-4	47	2640	0.017803030303030303
14	sample_id	GSM5518633_ndGBM-04	40	2640	0.015151515151515152
14	sample_id	GSM5518626_rGBM-05-1	37	2640	0.014015151515151515
14	sample_id	GSM5518630_LGG-04-1	30	2640	0.011363636363636364
14	sample_id	PJ048	28	2640	0.010606060606060607
14	sample_id	GSM5518617_rGBM-03-2	22	2640	0.008333333333333333
14	sample_id	GSM5518618_rGBM-03-3	22	2640	0.008333333333333333
14	sample_id	GSM5518628_rGBM-05-3	22	2640	0.008333333333333333
14	sample_id	PW032-710	21	2640	0.007954545454545454
14	sample_id	GSM5518608_ndGBM-02-1	20	2640	0.007575757575757576
14	sample_id	GSM5518639_ndGBM-09	18	2640	0.006818181818181818
14	sample_id	GSM5518627_rGBM-05-2	13	2640	0.004924242424242424
14	sample_id	GSM5518631_LGG-04-2	11	2640	0.004166666666666667
14	sample_id	GSM8546834_BT363	10	2640	0.003787878787878788
14	sample_id	PJ018	10	2640	0.003787878787878788
14	sample_id	PJ052	10	2640	0.003787878787878788
14	sample_id	GSM5518612_rGBM-02-2	9	2640	0.003409090909090909
14	sample_id	GSM5518597_rGBM-01-B	8	2640	0.0030303030303030303
14	sample_id	GSM5518603_ndGBM-01-F	8	2640	0.0030303030303030303
14	sample_id	GSM5518616_rGBM-03-1	8	2640	0.0030303030303030303
14	sample_id	GSM5518635_ndGBM-06	8	2640	0.0030303030303030303
14	sample_id	PJ017	8	2640	0.0030303030303030303
14	sample_id	GSM5518602_ndGBM-01-D	7	2640	0.0026515151515151517
14	sample_id	PJ016	7	2640	0.0026515151515151517
14	sample_id	GSM5518636_ndGBM-07	6	2640	0.0022727272727272726
14	sample_id	GSM5518623_ndGBM-03-1	5	2640	0.001893939393939394
14	sample_id	GSM8546833_BT356	5	2640	0.001893939393939394
14	sample_id	GSM5518596_rGBM-01-A	4	2640	0.0015151515151515152
14	sample_id	GSM5518605_ndGBM-11-B	4	2640	0.0015151515151515152
14	sample_id	GSM5518619_rGBM-04-1	4	2640	0.0015151515151515152
14	sample_id	GSM5518622_rGBM-04-4	4	2640	0.0015151515151515152
14	sample_id	GSM8546850_BT408	4	2640	0.0015151515151515152
14	sample_id	GSM5518598_rGBM-01-C	3	2640	0.0011363636363636363
14	sample_id	GSM5518607_ndGBM-11-D	3	2640	0.0011363636363636363
14	sample_id	GSM8546837_BT369	3	2640	0.0011363636363636363
14	sample_id	PW017-703	3	2640	0.0011363636363636363
14	sample_id	GSM5518601_ndGBM-01-C	2	2640	0.0007575757575757576
14	sample_id	GSM5518620_rGBM-04-2	2	2640	0.0007575757575757576
14	sample_id	GSM5518621_rGBM-04-3	2	2640	0.0007575757575757576
14	sample_id	GSM5518632_LGG-04-3	2	2640	0.0007575757575757576
14	sample_id	GSM8546847_BT400	2	2640	0.0007575757575757576
14	sample_id	PW039-705	2	2640	0.0007575757575757576
14	sample_id	GSM5518606_ndGBM-11-C	1	2640	0.0003787878787878788
14	sample_id	GSM5518625_ndGBM-03-3	1	2640	0.0003787878787878788
14	sample_id	GSM8546840_BT377	1	2640	0.0003787878787878788
14	sample_id	GSM8546842_BT389A	1	2640	0.0003787878787878788
14	sample_id	GSM8546853_BT420	1	2640	0.0003787878787878788
14	sample_id	PJ032	1	2640	0.0003787878787878788
14	sample_id	PW035-710	1	2640	0.0003787878787878788
15	condition	ndGBM	619	1167	0.5304198800342759
15	condition	rGBM	534	1167	0.45758354755784064
15	condition	GBM	12	1167	0.010282776349614395
15	condition	LGG	2	1167	0.001713796058269066
15	core_dataset	DS3_GSE182109	1155	1167	0.9897172236503856
15	core_dataset	DS4_GSE278450	11	1167	0.009425878320479864
15	core_dataset	DS1_GSE103224	1	1167	0.000856898029134533
15	dataset_id	DS3	1155	1167	0.9897172236503856
15	dataset_id	DS4	11	1167	0.009425878320479864
15	dataset_id	DS1	1	1167	0.000856898029134533
15	patient_id	02	443	1167	0.3796058269065981
15	patient_id	07	434	1167	0.3718937446443873
15	patient_id	09	115	1167	0.09854327335047129
15	patient_id	01	89	1167	0.07626392459297343
15	patient_id	03	50	1167	0.04284490145672665
15	patient_id	04	15	1167	0.012853470437017995
15	patient_id	05	7	1167	0.005998286203941731
15	patient_id	GSM8546837_BT369	3	1167	0.002570694087403599
15	patient_id	08	2	1167	0.001713796058269066
15	patient_id	GSM8546846_BT397	2	1167	0.001713796058269066
15	patient_id	GSM8546849_BT407	2	1167	0.001713796058269066
15	patient_id	GSM8546838_BT373	1	1167	0.000856898029134533
15	patient_id	GSM8546843_BT389	1	1167	0.000856898029134533
15	patient_id	GSM8546848_BT402	1	1167	0.000856898029134533
15	patient_id	GSM8546853_BT420	1	1167	0.000856898029134533
15	patient_id	PJ048	1	1167	0.000856898029134533
15	sample_id	GSM5518636_ndGBM-07	434	1167	0.3718937446443873
15	sample_id	GSM5518613_rGBM-02-3	211	1167	0.18080548414738645
15	sample_id	GSM5518615_rGBM-02-5	150	1167	0.12853470437017994
15	sample_id	GSM5518639_ndGBM-09	115	1167	0.09854327335047129
15	sample_id	GSM5518612_rGBM-02-2	31	1167	0.026563838903170524
15	sample_id	GSM5518618_rGBM-03-3	31	1167	0.026563838903170524
15	sample_id	GSM5518597_rGBM-01-B	29	1167	0.024850042844901457
15	sample_id	GSM5518614_rGBM-02-4	20	1167	0.01713796058269066
15	sample_id	GSM5518596_rGBM-01-A	17	1167	0.01456726649528706
15	sample_id	GSM5518609_ndGBM-02-2	16	1167	0.013710368466152529
15	sample_id	GSM5518601_ndGBM-01-C	15	1167	0.012853470437017995
15	sample_id	GSM5518599_rGBM-01-D	10	1167	0.00856898029134533
15	sample_id	GSM5518600_ndGBM-01-A	10	1167	0.00856898029134533
15	sample_id	GSM5518617_rGBM-03-2	8	1167	0.006855184233076264
15	sample_id	GSM5518610_ndGBM-02-4	7	1167	0.005998286203941731
15	sample_id	GSM5518598_rGBM-01-C	6	1167	0.005141388174807198
15	sample_id	GSM5518616_rGBM-03-1	6	1167	0.005141388174807198
15	sample_id	GSM5518611_ndGBM-02-5	5	1167	0.004284490145672665
15	sample_id	GSM5518619_rGBM-04-1	5	1167	0.004284490145672665
15	sample_id	GSM5518634_ndGBM-05	4	1167	0.003427592116538132
15	sample_id	GSM5518608_ndGBM-02-1	3	1167	0.002570694087403599
15	sample_id	GSM5518622_rGBM-04-4	3	1167	0.002570694087403599
15	sample_id	GSM8546837_BT369	3	1167	0.002570694087403599
15	sample_id	GSM5518603_ndGBM-01-F	2	1167	0.001713796058269066
15	sample_id	GSM5518620_rGBM-04-2	2	1167	0.001713796058269066
15	sample_id	GSM5518621_rGBM-04-3	2	1167	0.001713796058269066
15	sample_id	GSM5518623_ndGBM-03-1	2	1167	0.001713796058269066
15	sample_id	GSM5518624_ndGBM-03-2	2	1167	0.001713796058269066
15	sample_id	GSM5518626_rGBM-05-1	2	1167	0.001713796058269066
15	sample_id	GSM5518630_LGG-04-1	2	1167	0.001713796058269066
15	sample_id	GSM5518637_ndGBM-08	2	1167	0.001713796058269066
15	sample_id	GSM8546846_BT397	2	1167	0.001713796058269066
15	sample_id	GSM8546849_BT407	2	1167	0.001713796058269066
15	sample_id	GSM5518625_ndGBM-03-3	1	1167	0.000856898029134533
15	sample_id	GSM5518628_rGBM-05-3	1	1167	0.000856898029134533
15	sample_id	GSM5518633_ndGBM-04	1	1167	0.000856898029134533
15	sample_id	GSM8546838_BT373	1	1167	0.000856898029134533
15	sample_id	GSM8546843_BT389	1	1167	0.000856898029134533
15	sample_id	GSM8546848_BT402	1	1167	0.000856898029134533
15	sample_id	GSM8546853_BT420	1	1167	0.000856898029134533
15	sample_id	PJ048	1	1167	0.000856898029134533
16	condition	ndGBM	122	183	0.6666666666666666
16	condition	rGBM	54	183	0.29508196721311475
16	condition	GBM	4	183	0.02185792349726776
16	condition	LGG	3	183	0.01639344262295082
16	core_dataset	DS3_GSE182109	179	183	0.9781420765027322
16	core_dataset	DS4_GSE278450	4	183	0.02185792349726776
16	dataset_id	DS3	179	183	0.9781420765027322
16	dataset_id	DS4	4	183	0.02185792349726776
16	patient_id	07	113	183	0.6174863387978142
16	patient_id	02	50	183	0.273224043715847
16	patient_id	09	7	183	0.03825136612021858
16	patient_id	03	3	183	0.01639344262295082
16	patient_id	GSM8546837_BT369	3	183	0.01639344262295082
16	patient_id	01	2	183	0.01092896174863388
16	patient_id	04	2	183	0.01092896174863388
16	patient_id	05	2	183	0.01092896174863388
16	patient_id	GSM8546846_BT397	1	183	0.00546448087431694
16	sample_id	GSM5518636_ndGBM-07	113	183	0.6174863387978142
16	sample_id	GSM5518615_rGBM-02-5	30	183	0.16393442622950818
16	sample_id	GSM5518613_rGBM-02-3	18	183	0.09836065573770492
16	sample_id	GSM5518639_ndGBM-09	7	183	0.03825136612021858
16	sample_id	GSM5518638_LGG-03	3	183	0.01639344262295082
16	sample_id	GSM8546837_BT369	3	183	0.01639344262295082
16	sample_id	GSM5518597_rGBM-01-B	2	183	0.01092896174863388
16	sample_id	GSM5518627_rGBM-05-2	2	183	0.01092896174863388
16	sample_id	GSM5518633_ndGBM-04	2	183	0.01092896174863388
16	sample_id	GSM5518612_rGBM-02-2	1	183	0.00546448087431694
16	sample_id	GSM5518614_rGBM-02-4	1	183	0.00546448087431694
16	sample_id	GSM8546846_BT397	1	183	0.00546448087431694
17	condition	ndGBM	41	105	0.3904761904761905
17	condition	GBM	24	105	0.22857142857142856
17	condition	rGBM	21	105	0.2
17	condition	LGG	19	105	0.18095238095238095
17	core_dataset	DS3_GSE182109	81	105	0.7714285714285715
17	core_dataset	DS4_GSE278450	20	105	0.19047619047619047
17	core_dataset	DS2_GSE141383	3	105	0.02857142857142857
17	core_dataset	DS1_GSE103224	1	105	0.009523809523809525
17	dataset_id	DS3	81	105	0.7714285714285715
17	dataset_id	DS4	20	105	0.19047619047619047
17	dataset_id	DS2	3	105	0.02857142857142857
17	dataset_id	DS1	1	105	0.009523809523809525
17	patient_id	02	41	105	0.3904761904761905
17	patient_id	04	24	105	0.22857142857142856
17	patient_id	11	7	105	0.06666666666666667
17	patient_id	03	4	105	0.0380952380952381
17	patient_id	GSM8546842_BT389A	4	105	0.0380952380952381
17	patient_id	05	3	105	0.02857142857142857
17	patient_id	GSM8546833_BT356	2	105	0.01904761904761905
17	patient_id	GSM8546834_BT363	2	105	0.01904761904761905
17	patient_id	GSM8546835_BT364	2	105	0.01904761904761905
17	patient_id	GSM8546838_BT373	2	105	0.01904761904761905
17	patient_id	GSM8546850_BT408	2	105	0.01904761904761905
17	patient_id	GSM8546854_BT426	2	105	0.01904761904761905
17	patient_id	01	1	105	0.009523809523809525
17	patient_id	08	1	105	0.009523809523809525
17	patient_id	GSM8546837_BT369	1	105	0.009523809523809525
17	patient_id	GSM8546848_BT402	1	105	0.009523809523809525
17	patient_id	GSM8546849_BT407	1	105	0.009523809523809525
17	patient_id	GSM8546853_BT420	1	105	0.009523809523809525
17	patient_id	PJ025	1	105	0.009523809523809525
17	patient_id	PW032-710	1	105	0.009523809523809525
17	patient_id	PW035-710	1	105	0.009523809523809525
17	patient_id	PW039-705	1	105	0.009523809523809525
17	sample_id	GSM5518630_LGG-04-1	17	105	0.1619047619047619
17	sample_id	GSM5518615_rGBM-02-5	12	105	0.11428571428571428
17	sample_id	GSM5518610_ndGBM-02-4	10	105	0.09523809523809523
17	sample_id	GSM5518609_ndGBM-02-2	8	105	0.0761904761904762
17	sample_id	GSM5518606_ndGBM-11-C	5	105	0.047619047619047616
17	sample_id	GSM5518613_rGBM-02-3	5	105	0.047619047619047616
17	sample_id	GSM5518633_ndGBM-04	5	105	0.047619047619047616
17	sample_id	GSM5518608_ndGBM-02-1	4	105	0.0380952380952381
17	sample_id	GSM8546842_BT389A	4	105	0.0380952380952381
17	sample_id	GSM5518634_ndGBM-05	3	105	0.02857142857142857
17	sample_id	GSM5518624_ndGBM-03-2	2	105	0.01904761904761905
17	sample_id	GSM5518631_LGG-04-2	2	105	0.01904761904761905
17	sample_id	GSM8546833_BT356	2	105	0.01904761904761905
17	sample_id	GSM8546834_BT363	2	105	0.01904761904761905
17	sample_id	GSM8546835_BT364	2	105	0.01904761904761905
17	sample_id	GSM8546838_BT373	2	105	0.01904761904761905
17	sample_id	GSM8546850_BT408	2	105	0.01904761904761905
17	sample_id	GSM8546854_BT426	2	105	0.01904761904761905
17	sample_id	GSM5518598_rGBM-01-C	1	105	0.009523809523809525
17	sample_id	GSM5518604_ndGBM-11-A	1	105	0.009523809523809525
17	sample_id	GSM5518605_ndGBM-11-B	1	105	0.009523809523809525
17	sample_id	GSM5518611_ndGBM-02-5	1	105	0.009523809523809525
17	sample_id	GSM5518612_rGBM-02-2	1	105	0.009523809523809525
17	sample_id	GSM5518616_rGBM-03-1	1	105	0.009523809523809525
17	sample_id	GSM5518618_rGBM-03-3	1	105	0.009523809523809525
17	sample_id	GSM5518637_ndGBM-08	1	105	0.009523809523809525
17	sample_id	GSM8546837_BT369	1	105	0.009523809523809525
17	sample_id	GSM8546848_BT402	1	105	0.009523809523809525
17	sample_id	GSM8546849_BT407	1	105	0.009523809523809525
17	sample_id	GSM8546853_BT420	1	105	0.009523809523809525
17	sample_id	PJ025	1	105	0.009523809523809525
17	sample_id	PW032-710	1	105	0.009523809523809525
17	sample_id	PW035-710	1	105	0.009523809523809525
17	sample_id	PW039-705	1	105	0.009523809523809525
2	condition	GBM	17282	38634	0.4473261893668789
2	condition	ndGBM	10730	38634	0.2777346378837294
2	condition	rGBM	10339	38634	0.26761401873997
2	condition	LGG	283	38634	0.007325154009421753
2	core_dataset	DS3_GSE182109	21352	38634	0.552673810633121
2	core_dataset	DS4_GSE278450	7756	38634	0.20075581094372832
2	core_dataset	DS2_GSE141383	5082	38634	0.13154216493244292
2	core_dataset	DS1_GSE103224	4444	38634	0.11502821349070767
2	dataset_id	DS3	21352	38634	0.552673810633121
2	dataset_id	DS4	7756	38634	0.20075581094372832
2	dataset_id	DS2	5082	38634	0.13154216493244292
2	dataset_id	DS1	4444	38634	0.11502821349070767
2	patient_id	04	9286	38634	0.24035823368017808
2	patient_id	01	5195	38634	0.13446704974892582
2	patient_id	03	2432	38634	0.06294973339545477
2	patient_id	05	2117	38634	0.05479629342030336
2	patient_id	PDC001	1976	38634	0.05114665838380701
2	patient_id	02	1736	38634	0.0449345136408345
2	patient_id	GSM8546847_BT400	1700	38634	0.04400269192938862
2	patient_id	PW032-706	1581	38634	0.040922503494331415
2	patient_id	PJ035	1181	38634	0.030568928922710566
2	patient_id	PJ048	989	38634	0.025599213128332556
2	patient_id	GSM8546838_BT373	796	38634	0.020603613397525495
2	patient_id	PJ025	782	38634	0.020241238287518767
2	patient_id	GSM8546835_BT364	765	38634	0.01980121136822488
2	patient_id	GSM8546833_BT356	677	38634	0.017523424962468292
2	patient_id	PJ016	602	38634	0.015582129730289383
2	patient_id	GSM8546834_BT363	547	38634	0.014158513226691516
2	patient_id	PJ018	514	38634	0.013304343324532794
2	patient_id	GSM8546853_BT420	449	38634	0.011621887456644407
2	patient_id	GSM8546836_BT368	439	38634	0.011363048092353886
2	patient_id	PW016-703	406	38634	0.010508878190195164
2	patient_id	PJ030	362	38634	0.009369984987316872
2	patient_id	GSM8546851_BT409	355	38634	0.009188797432313506
2	patient_id	GSM8546843_BT389	347	38634	0.00898172594088109
2	patient_id	PJ053	290	38634	0.0075063415644251175
2	patient_id	GSM8546837_BT369	282	38634	0.0072992700729927005
2	patient_id	08	279	38634	0.007221618263705544
2	patient_id	PW017-703	274	38634	0.0070921985815602835
2	patient_id	PJ052	249	38634	0.00644510017083398
2	patient_id	GSM8546848_BT402	248	38634	0.006419216234404928
2	patient_id	GSM8546846_BT397	214	38634	0.005539162395817156
2	patient_id	PW035-710	184	38634	0.004762644302945592
2	patient_id	GSM8546840_BT377	181	38634	0.004684992493658436
2	patient_id	GSM8546844_BT390	175	38634	0.004529688875084123
2	patient_id	GSM8546841_BT380	167	38634	0.004322617383651706
2	patient_id	GSM8546839_BT374	154	38634	0.003986126210074028
2	patient_id	07	137	38634	0.0035460992907801418
2	patient_id	PW032-710	120	38634	0.0031060723714862555
2	patient_id	GSM8546845_BT396	113	38634	0.002924884816482891
2	patient_id	GSM8546842_BT389A	102	38634	0.0026401615157633173
2	patient_id	09	88	38634	0.0022777864057565876
2	patient_id	06	82	38634	0.002122482787182275
2	patient_id	GSM8546852_BT419	22	38634	0.0005694466014391469
2	patient_id	GSM8546849_BT407	18	38634	0.00046591085572293835
2	patient_id	PJ017	9	38634	0.00023295542786146918
2	patient_id	PJ032	5	38634	0.00012941968214526066
2	patient_id	GSM8546850_BT408	3	38634	7.765180928715639e-05
2	patient_id	GSM8546854_BT426	2	38634	5.1767872858104264e-05
2	patient_id	PW039-705	2	38634	5.1767872858104264e-05
2	sample_id	GSM5518621_rGBM-04-3	2210	38634	0.057203499508205205
2	sample_id	GSM5518602_ndGBM-01-D	2099	38634	0.05433038256458042
2	sample_id	GSM5518620_rGBM-04-2	2078	38634	0.05378681989957033
2	sample_id	PDC001	1976	38634	0.05114665838380701
2	sample_id	GSM5518619_rGBM-04-1	1745	38634	0.04516746906869597
2	sample_id	GSM8546847_BT400	1700	38634	0.04400269192938862
2	sample_id	GSM5518601_ndGBM-01-C	1687	38634	0.043666200755810944
2	sample_id	PW032-706	1581	38634	0.040922503494331415
2	sample_id	GSM5518633_ndGBM-04	1559	38634	0.04035305689289227
2	sample_id	GSM5518622_rGBM-04-4	1535	38634	0.03973184241859502
2	sample_id	PJ035	1181	38634	0.030568928922710566
2	sample_id	PJ048	989	38634	0.025599213128332556
2	sample_id	GSM5518600_ndGBM-01-A	939	38634	0.02430501630687995
2	sample_id	GSM5518634_ndGBM-05	928	38634	0.024020293006160376
2	sample_id	GSM5518623_ndGBM-03-1	869	38634	0.022493140756846303
2	sample_id	GSM5518626_rGBM-05-1	797	38634	0.020629497333954548
2	sample_id	GSM8546838_BT373	796	38634	0.020603613397525495
2	sample_id	PJ025	782	38634	0.020241238287518767
2	sample_id	GSM8546835_BT364	765	38634	0.01980121136822488
2	sample_id	GSM8546833_BT356	677	38634	0.017523424962468292
2	sample_id	PJ016	602	38634	0.015582129730289383
2	sample_id	GSM5518616_rGBM-03-1	547	38634	0.014158513226691516
2	sample_id	GSM8546834_BT363	547	38634	0.014158513226691516
2	sample_id	PJ018	514	38634	0.013304343324532794
2	sample_id	GSM5518611_ndGBM-02-5	460	38634	0.01190661075736398
2	sample_id	GSM5518625_ndGBM-03-3	452	38634	0.011699539265931563
2	sample_id	GSM8546853_BT420	449	38634	0.011621887456644407
2	sample_id	GSM5518610_ndGBM-02-4	446	38634	0.01154423564735725
2	sample_id	GSM8546836_BT368	439	38634	0.011363048092353886
2	sample_id	GSM5518608_ndGBM-02-1	438	38634	0.011337164155924832
2	sample_id	PW016-703	406	38634	0.010508878190195164
2	sample_id	PJ030	362	38634	0.009369984987316872
2	sample_id	GSM8546851_BT409	355	38634	0.009188797432313506
2	sample_id	GSM8546843_BT389	347	38634	0.00898172594088109
2	sample_id	GSM5518618_rGBM-03-3	346	38634	0.008955842004452036
2	sample_id	PJ053	290	38634	0.0075063415644251175
2	sample_id	GSM8546837_BT369	282	38634	0.0072992700729927005
2	sample_id	GSM5518637_ndGBM-08	279	38634	0.007221618263705544
2	sample_id	PW017-703	274	38634	0.0070921985815602835
2	sample_id	GSM5518627_rGBM-05-2	253	38634	0.006548635916550189
2	sample_id	PJ052	249	38634	0.00644510017083398
2	sample_id	GSM8546848_BT402	248	38634	0.006419216234404928
2	sample_id	GSM8546846_BT397	214	38634	0.005539162395817156
2	sample_id	GSM5518613_rGBM-02-3	210	38634	0.005435626650100948
2	sample_id	PW035-710	184	38634	0.004762644302945592
2	sample_id	GSM8546840_BT377	181	38634	0.004684992493658436
2	sample_id	GSM8546844_BT390	175	38634	0.004529688875084123
2	sample_id	GSM8546841_BT380	167	38634	0.004322617383651706
2	sample_id	GSM5518599_rGBM-01-D	165	38634	0.004270849510793601
2	sample_id	GSM5518609_ndGBM-02-2	164	38634	0.00424496557436455
2	sample_id	GSM8546839_BT374	154	38634	0.003986126210074028
2	sample_id	GSM5518597_rGBM-01-B	144	38634	0.003727286845783507
2	sample_id	GSM5518628_rGBM-05-3	139	38634	0.003597867163638246
2	sample_id	GSM5518636_ndGBM-07	137	38634	0.0035460992907801418
2	sample_id	GSM5518638_LGG-03	124	38634	0.003209608117202464
2	sample_id	PW032-710	120	38634	0.0031060723714862555
2	sample_id	GSM8546845_BT396	113	38634	0.002924884816482891
2	sample_id	GSM5518603_ndGBM-01-F	103	38634	0.0026660454521923696
2	sample_id	GSM8546842_BT389A	102	38634	0.0026401615157633173
2	sample_id	GSM5518617_rGBM-03-2	94	38634	0.0024330900243309003
2	sample_id	GSM5518630_LGG-04-1	92	38634	0.002381322151472796
2	sample_id	GSM5518639_ndGBM-09	88	38634	0.0022777864057565876
2	sample_id	GSM5518635_ndGBM-06	82	38634	0.002122482787182275
2	sample_id	GSM5518596_rGBM-01-A	46	38634	0.001190661075736398
2	sample_id	GSM5518632_LGG-04-3	37	38634	0.0009577056478749288
2	sample_id	GSM5518631_LGG-04-2	30	38634	0.0007765180928715639
2	sample_id	GSM8546852_BT419	22	38634	0.0005694466014391469
2	sample_id	GSM5518615_rGBM-02-5	18	38634	0.00046591085572293835
2	sample_id	GSM8546849_BT407	18	38634	0.00046591085572293835
2	sample_id	GSM5518598_rGBM-01-C	12	38634	0.00031060723714862557
2	sample_id	PJ017	9	38634	0.00023295542786146918
2	sample_id	PJ032	5	38634	0.00012941968214526066
2	sample_id	GSM8546850_BT408	3	38634	7.765180928715639e-05
2	sample_id	GSM8546854_BT426	2	38634	5.1767872858104264e-05
2	sample_id	PW039-705	2	38634	5.1767872858104264e-05
3	condition	rGBM	20726	35355	0.5862254278037052
3	condition	GBM	8959	35355	0.2534012162353274
3	condition	ndGBM	5637	35355	0.15943996605854902
3	condition	LGG	33	35355	0.0009333899024183284
3	core_dataset	DS3_GSE182109	26396	35355	0.7465987837646726
3	core_dataset	DS4_GSE278450	7870	35355	0.22259934945552257
3	core_dataset	DS2_GSE141383	672	35355	0.01900721255833687
3	core_dataset	DS1_GSE103224	417	35355	0.011794654221467967
3	dataset_id	DS3	26396	35355	0.7465987837646726
3	dataset_id	DS4	7870	35355	0.22259934945552257
3	dataset_id	DS2	672	35355	0.01900721255833687
3	dataset_id	DS1	417	35355	0.011794654221467967
3	patient_id	01	16621	35355	0.47011738085136473
3	patient_id	02	3753	35355	0.10615188799321171
3	patient_id	05	1958	35355	0.05538113421015415
3	patient_id	GSM8546854_BT426	1233	35355	0.03487484089944845
3	patient_id	GSM8546841_BT380	1121	35355	0.03170697213972564
3	patient_id	04	1083	35355	0.030632159524819687
3	patient_id	07	1070	35355	0.03026446047235186
3	patient_id	GSM8546842_BT389A	846	35355	0.023928722952906236
3	patient_id	03	819	35355	0.023165040305473058
3	patient_id	GSM8546852_BT419	707	35355	0.019997171545750248
3	patient_id	GSM8546838_BT373	642	35355	0.018158676283411116
3	patient_id	GSM8546844_BT390	626	35355	0.017706123603450714
3	patient_id	08	604	35355	0.017083863668505162
3	patient_id	GSM8546843_BT389	488	35355	0.01380285673879225
3	patient_id	GSM8546840_BT377	472	35355	0.013350304058831848
3	patient_id	09	428	35355	0.012105784188940745
3	patient_id	GSM8546849_BT407	305	35355	0.008626785461745156
3	patient_id	GSM8546846_BT397	304	35355	0.008598500919247631
3	patient_id	PJ017	196	35355	0.0055437703295149205
3	patient_id	GSM8546851_BT409	188	35355	0.005317493989534719
3	patient_id	GSM8546835_BT364	164	35355	0.004638664969594117
3	patient_id	PW039-705	159	35355	0.004497242257106492
3	patient_id	GSM8546837_BT369	152	35355	0.004299250459623816
3	patient_id	PW017-703	146	35355	0.004129543204638665
3	patient_id	PW016-703	125	35355	0.003535567812190638
3	patient_id	PJ032	122	35355	0.0034507141846980625
3	patient_id	PW032-710	120	35355	0.0033941450997030122
3	patient_id	GSM8546834_BT363	115	35355	0.003252722387215387
3	patient_id	GSM8546839_BT374	102	35355	0.0028850233347475604
3	patient_id	GSM8546845_BT396	99	35355	0.002800169707254985
3	patient_id	PJ053	88	35355	0.002489039739782209
3	patient_id	GSM8546848_BT402	84	35355	0.0023759015697921086
3	patient_id	GSM8546853_BT420	77	35355	0.002177909772309433
3	patient_id	06	57	35355	0.0016122189223589309
3	patient_id	GSM8546850_BT408	51	35355	0.0014425116673737802
3	patient_id	GSM8546836_BT368	49	35355	0.0013859425823787301
3	patient_id	PJ035	49	35355	0.0013859425823787301
3	patient_id	PJ018	37	35355	0.0010465280724084288
3	patient_id	GSM8546847_BT400	27	35355	0.0007636826474331777
3	patient_id	PDC001	22	35355	0.0006222599349455523
3	patient_id	GSM8546833_BT356	18	35355	0.0005091217649554518
3	patient_id	PW032-706	9	35355	0.0002545608824777259
3	patient_id	PJ025	8	35355	0.0002262763399802008
3	patient_id	PJ030	3	35355	8.485362749257531e-05
3	patient_id	10	2	35355	5.65690849950502e-05
3	patient_id	PJ048	2	35355	5.65690849950502e-05
3	patient_id	PW035-710	2	35355	5.65690849950502e-05
3	patient_id	11	1	35355	2.82845424975251e-05
3	patient_id	PJ052	1	35355	2.82845424975251e-05
3	sample_id	GSM5518597_rGBM-01-B	7682	35355	0.21728185546598783
3	sample_id	GSM5518599_rGBM-01-D	3569	35355	0.10094753217366709
3	sample_id	GSM5518598_rGBM-01-C	3445	35355	0.09744024890397397
3	sample_id	GSM5518596_rGBM-01-A	1631	35355	0.046132088813463444
3	sample_id	GSM5518608_ndGBM-02-1	1298	35355	0.03671333616178758
3	sample_id	GSM8546854_BT426	1233	35355	0.03487484089944845
3	sample_id	GSM8546841_BT380	1121	35355	0.03170697213972564
3	sample_id	GSM5518613_rGBM-02-3	1094	35355	0.030943289492292463
3	sample_id	GSM5518636_ndGBM-07	1070	35355	0.03026446047235186
3	sample_id	GSM8546842_BT389A	846	35355	0.023928722952906236
3	sample_id	GSM5518626_rGBM-05-1	735	35355	0.02078913873568095
3	sample_id	GSM8546852_BT419	707	35355	0.019997171545750248
3	sample_id	GSM8546838_BT373	642	35355	0.018158676283411116
3	sample_id	GSM8546844_BT390	626	35355	0.017706123603450714
3	sample_id	GSM5518627_rGBM-05-2	616	35355	0.017423278178475464
3	sample_id	GSM5518637_ndGBM-08	604	35355	0.017083863668505162
3	sample_id	GSM5518611_ndGBM-02-5	532	35355	0.015047376608683355
3	sample_id	GSM8546843_BT389	488	35355	0.01380285673879225
3	sample_id	GSM8546840_BT377	472	35355	0.013350304058831848
3	sample_id	GSM5518633_ndGBM-04	446	35355	0.012614905953896196
3	sample_id	GSM5518639_ndGBM-09	428	35355	0.012105784188940745
3	sample_id	GSM5518628_rGBM-05-3	368	35355	0.010408711639089237
3	sample_id	GSM5518610_ndGBM-02-4	332	35355	0.009390468109178334
3	sample_id	GSM8546849_BT407	305	35355	0.008626785461745156
3	sample_id	GSM8546846_BT397	304	35355	0.008598500919247631
3	sample_id	GSM5518622_rGBM-04-4	287	35355	0.008117663696789705
3	sample_id	GSM5518615_rGBM-02-5	278	35355	0.00786310281431198
3	sample_id	GSM5518617_rGBM-03-2	270	35355	0.007636826474331778
3	sample_id	GSM5518634_ndGBM-05	239	35355	0.006760005656908499
3	sample_id	GSM5518623_ndGBM-03-1	226	35355	0.006392306604440673
3	sample_id	GSM5518618_rGBM-03-3	209	35355	0.005911469381982747
3	sample_id	PJ017	196	35355	0.0055437703295149205
3	sample_id	GSM8546851_BT409	188	35355	0.005317493989534719
3	sample_id	GSM8546835_BT364	164	35355	0.004638664969594117
3	sample_id	PW039-705	159	35355	0.004497242257106492
3	sample_id	GSM8546837_BT369	152	35355	0.004299250459623816
3	sample_id	PW017-703	146	35355	0.004129543204638665
3	sample_id	GSM5518612_rGBM-02-2	142	35355	0.004016405034648564
3	sample_id	GSM5518620_rGBM-04-2	134	35355	0.003790128694668364
3	sample_id	GSM5518621_rGBM-04-3	133	35355	0.0037618441521708387
3	sample_id	PW016-703	125	35355	0.003535567812190638
3	sample_id	PJ032	122	35355	0.0034507141846980625
3	sample_id	PW032-710	120	35355	0.0033941450997030122
3	sample_id	GSM8546834_BT363	115	35355	0.003252722387215387
3	sample_id	GSM5518601_ndGBM-01-C	108	35355	0.003054730589732711
3	sample_id	GSM8546839_BT374	102	35355	0.0028850233347475604
3	sample_id	GSM8546845_BT396	99	35355	0.002800169707254985
3	sample_id	PJ053	88	35355	0.002489039739782209
3	sample_id	GSM8546848_BT402	84	35355	0.0023759015697921086
3	sample_id	GSM5518603_ndGBM-01-F	82	35355	0.0023193324847970583
3	sample_id	GSM8546853_BT420	77	35355	0.002177909772309433
3	sample_id	GSM5518600_ndGBM-01-A	67	35355	0.001895064347334182
3	sample_id	GSM5518619_rGBM-04-1	67	35355	0.001895064347334182
3	sample_id	GSM5518609_ndGBM-02-2	59	35355	0.001668788007353981
3	sample_id	GSM5518635_ndGBM-06	57	35355	0.0016122189223589309
3	sample_id	GSM8546850_BT408	51	35355	0.0014425116673737802
3	sample_id	GSM8546836_BT368	49	35355	0.0013859425823787301
3	sample_id	PJ035	49	35355	0.0013859425823787301
3	sample_id	GSM5518616_rGBM-03-1	48	35355	0.001357658039881205
3	sample_id	GSM5518602_ndGBM-01-D	37	35355	0.0010465280724084288
3	sample_id	GSM5518625_ndGBM-03-3	37	35355	0.0010465280724084288
3	sample_id	PJ018	37	35355	0.0010465280724084288
3	sample_id	GSM8546847_BT400	27	35355	0.0007636826474331777
3	sample_id	PDC001	22	35355	0.0006222599349455523
3	sample_id	GSM5518614_rGBM-02-4	18	35355	0.0005091217649554518
3	sample_id	GSM8546833_BT356	18	35355	0.0005091217649554518
3	sample_id	GSM5518638_LGG-03	17	35355	0.0004808372224579267
3	sample_id	GSM5518624_ndGBM-03-2	12	35355	0.00033941450997030124
3	sample_id	PW032-706	9	35355	0.0002545608824777259
3	sample_id	PJ025	8	35355	0.0002262763399802008
3	sample_id	GSM5518630_LGG-04-1	7	35355	0.00019799179748267572
3	sample_id	GSM5518632_LGG-04-3	5	35355	0.0001414227124876255
3	sample_id	GSM5518631_LGG-04-2	4	35355	0.0001131381699901004
3	sample_id	PJ030	3	35355	8.485362749257531e-05
3	sample_id	GSM5518629_ndGBM-10	2	35355	5.65690849950502e-05
3	sample_id	PJ048	2	35355	5.65690849950502e-05
3	sample_id	PW035-710	2	35355	5.65690849950502e-05
3	sample_id	GSM5518606_ndGBM-11-C	1	35355	2.82845424975251e-05
3	sample_id	PJ052	1	35355	2.82845424975251e-05
4	condition	GBM	19953	32896	0.6065479085603113
4	condition	ndGBM	9476	32896	0.28805933852140075
4	condition	rGBM	3429	32896	0.1042375972762646
4	condition	LGG	38	32896	0.0011551556420233463
4	core_dataset	DS4_GSE278450	15351	32896	0.46665248054474706
4	core_dataset	DS3_GSE182109	12943	32896	0.39345209143968873
4	core_dataset	DS1_GSE103224	2308	32896	0.07016050583657588
4	core_dataset	DS2_GSE141383	2294	32896	0.06973492217898833
4	dataset_id	DS4	15351	32896	0.46665248054474706
4	dataset_id	DS3	12943	32896	0.39345209143968873
4	dataset_id	DS1	2308	32896	0.07016050583657588
4	dataset_id	DS2	2294	32896	0.06973492217898833
4	patient_id	01	4992	32896	0.1517509727626459
4	patient_id	GSM8546833_BT356	4917	32896	0.14947106031128404
4	patient_id	GSM8546838_BT373	2763	32896	0.08399197470817121
4	patient_id	02	2736	32896	0.08317120622568093
4	patient_id	GSM8546834_BT363	2483	32896	0.07548030155642023
4	patient_id	GSM8546835_BT364	1803	32896	0.0548090953307393
4	patient_id	04	1458	32896	0.04432149805447471
4	patient_id	05	1370	32896	0.041646400778210114
4	patient_id	03	1342	32896	0.04079523346303502
4	patient_id	PJ053	1110	32896	0.03374270428015564
4	patient_id	PJ025	675	32896	0.02051921206225681
4	patient_id	PJ018	666	32896	0.020245622568093386
4	patient_id	GSM8546839_BT374	650	32896	0.019759241245136186
4	patient_id	06	514	32896	0.015625
4	patient_id	GSM8546841_BT380	483	32896	0.014682636186770428
4	patient_id	GSM8546854_BT426	469	32896	0.014257052529182879
4	patient_id	GSM8546844_BT390	434	32896	0.013193093385214008
4	patient_id	PW039-705	428	32896	0.013010700389105059
4	patient_id	PJ017	294	32896	0.008937256809338521
4	patient_id	GSM8546853_BT420	289	32896	0.008785262645914397
4	patient_id	PJ048	264	32896	0.008025291828793774
4	patient_id	08	236	32896	0.007174124513618677
4	patient_id	PW017-703	215	32896	0.006535749027237354
4	patient_id	GSM8546851_BT409	193	32896	0.005866974708171206
4	patient_id	PW032-710	185	32896	0.005623784046692607
4	patient_id	07	182	32896	0.005532587548638133
4	patient_id	PJ032	178	32896	0.0054109922178988325
4	patient_id	GSM8546847_BT400	172	32896	0.005228599221789883
4	patient_id	PJ035	154	32896	0.004681420233463035
4	patient_id	GSM8546836_BT368	152	32896	0.004620622568093385
4	patient_id	PW016-703	146	32896	0.004438229571984436
4	patient_id	GSM8546837_BT369	126	32896	0.0038302529182879376
4	patient_id	GSM8546843_BT389	125	32896	0.003799854085603113
4	patient_id	09	113	32896	0.003435068093385214
4	patient_id	GSM8546842_BT389A	107	32896	0.0032526750972762647
4	patient_id	PDC001	94	32896	0.0028574902723735407
4	patient_id	PW032-706	86	32896	0.0026142996108949415
4	patient_id	PJ016	75	32896	0.002279912451361868
4	patient_id	GSM8546852_BT419	71	32896	0.0021583171206225682
4	patient_id	GSM8546845_BT396	52	32896	0.001580739299610895
4	patient_id	GSM8546840_BT377	28	32896	0.0008511673151750973
4	patient_id	PJ052	23	32896	0.0006991731517509728
4	patient_id	GSM8546846_BT397	19	32896	0.0005775778210116732
4	patient_id	GSM8546849_BT407	11	32896	0.00033438715953307393
4	patient_id	PW035-710	7	32896	0.00021279182879377432
4	patient_id	GSM8546848_BT402	2	32896	6.0797665369649806e-05
4	patient_id	GSM8546850_BT408	2	32896	6.0797665369649806e-05
4	patient_id	PJ030	2	32896	6.0797665369649806e-05
4	sample_id	GSM8546833_BT356	4917	32896	0.14947106031128404
4	sample_id	GSM5518601_ndGBM-01-C	3134	32896	0.09526994163424124
4	sample_id	GSM8546838_BT373	2763	32896	0.08399197470817121
4	sample_id	GSM8546834_BT363	2483	32896	0.07548030155642023
4	sample_id	GSM5518608_ndGBM-02-1	1820	32896	0.05532587548638132
4	sample_id	GSM8546835_BT364	1803	32896	0.0548090953307393
4	sample_id	PJ053	1110	32896	0.03374270428015564
4	sample_id	GSM5518600_ndGBM-01-A	1065	32896	0.032374756809338524
4	sample_id	GSM5518633_ndGBM-04	888	32896	0.026994163424124515
4	sample_id	GSM5518627_rGBM-05-2	866	32896	0.026325389105058366
4	sample_id	PJ025	675	32896	0.02051921206225681
4	sample_id	PJ018	666	32896	0.020245622568093386
4	sample_id	GSM8546839_BT374	650	32896	0.019759241245136186
4	sample_id	GSM5518635_ndGBM-06	514	32896	0.015625
4	sample_id	GSM5518611_ndGBM-02-5	498	32896	0.015138618677042802
4	sample_id	GSM5518616_rGBM-03-1	484	32896	0.014713035019455253
4	sample_id	GSM8546841_BT380	483	32896	0.014682636186770428
4	sample_id	GSM8546854_BT426	469	32896	0.014257052529182879
4	sample_id	GSM8546844_BT390	434	32896	0.013193093385214008
4	sample_id	PW039-705	428	32896	0.013010700389105059
4	sample_id	GSM5518602_ndGBM-01-D	371	32896	0.011277966926070039
4	sample_id	GSM5518618_rGBM-03-3	335	32896	0.010183608949416343
4	sample_id	GSM5518617_rGBM-03-2	316	32896	0.00960603112840467
4	sample_id	PJ017	294	32896	0.008937256809338521
4	sample_id	GSM8546853_BT420	289	32896	0.008785262645914397
4	sample_id	PJ048	264	32896	0.008025291828793774
4	sample_id	GSM5518610_ndGBM-02-4	261	32896	0.0079340953307393
4	sample_id	GSM5518637_ndGBM-08	236	32896	0.007174124513618677
4	sample_id	GSM5518626_rGBM-05-1	232	32896	0.0070525291828793775
4	sample_id	PW017-703	215	32896	0.006535749027237354
4	sample_id	GSM5518628_rGBM-05-3	213	32896	0.006474951361867705
4	sample_id	GSM5518621_rGBM-04-3	197	32896	0.005988570038910506
4	sample_id	GSM8546851_BT409	193	32896	0.005866974708171206
4	sample_id	GSM5518620_rGBM-04-2	191	32896	0.005806177042801557
4	sample_id	PW032-710	185	32896	0.005623784046692607
4	sample_id	GSM5518597_rGBM-01-B	184	32896	0.005593385214007782
4	sample_id	GSM5518636_ndGBM-07	182	32896	0.005532587548638133
4	sample_id	PJ032	178	32896	0.0054109922178988325
4	sample_id	GSM8546847_BT400	172	32896	0.005228599221789883
4	sample_id	GSM5518622_rGBM-04-4	165	32896	0.005015807392996109
4	sample_id	GSM5518623_ndGBM-03-1	165	32896	0.005015807392996109
4	sample_id	PJ035	154	32896	0.004681420233463035
4	sample_id	GSM8546836_BT368	152	32896	0.004620622568093385
4	sample_id	PW016-703	146	32896	0.004438229571984436
4	sample_id	GSM8546837_BT369	126	32896	0.0038302529182879376
4	sample_id	GSM8546843_BT389	125	32896	0.003799854085603113
4	sample_id	GSM5518609_ndGBM-02-2	120	32896	0.0036478599221789884
4	sample_id	GSM5518599_rGBM-01-D	114	32896	0.0034654669260700387
4	sample_id	GSM5518639_ndGBM-09	113	32896	0.003435068093385214
4	sample_id	GSM8546842_BT389A	107	32896	0.0032526750972762647
4	sample_id	PDC001	94	32896	0.0028574902723735407
4	sample_id	PW032-706	86	32896	0.0026142996108949415
4	sample_id	PJ016	75	32896	0.002279912451361868
4	sample_id	GSM8546852_BT419	71	32896	0.0021583171206225682
4	sample_id	GSM5518596_rGBM-01-A	66	32896	0.0020063229571984434
4	sample_id	GSM5518634_ndGBM-05	59	32896	0.0017935311284046692
4	sample_id	GSM8546845_BT396	52	32896	0.001580739299610895
4	sample_id	GSM5518603_ndGBM-01-F	37	32896	0.0011247568093385213
4	sample_id	GSM5518638_LGG-03	29	32896	0.0008815661478599222
4	sample_id	GSM8546840_BT377	28	32896	0.0008511673151750973
4	sample_id	GSM5518613_rGBM-02-3	26	32896	0.0007903696498054475
4	sample_id	PJ052	23	32896	0.0006991731517509728
4	sample_id	GSM5518598_rGBM-01-C	21	32896	0.000638375486381323
4	sample_id	GSM8546846_BT397	19	32896	0.0005775778210116732
4	sample_id	GSM5518625_ndGBM-03-3	13	32896	0.00039518482490272374
4	sample_id	GSM8546849_BT407	11	32896	0.00033438715953307393
4	sample_id	GSM5518615_rGBM-02-5	9	32896	0.00027358949416342413
4	sample_id	GSM5518619_rGBM-04-1	8	32896	0.00024319066147859923
4	sample_id	PW035-710	7	32896	0.00021279182879377432
4	sample_id	GSM5518630_LGG-04-1	6	32896	0.00018239299610894942
4	sample_id	GSM5518632_LGG-04-3	3	32896	9.119649805447471e-05
4	sample_id	GSM5518612_rGBM-02-2	2	32896	6.0797665369649806e-05
4	sample_id	GSM8546848_BT402	2	32896	6.0797665369649806e-05
4	sample_id	GSM8546850_BT408	2	32896	6.0797665369649806e-05
4	sample_id	PJ030	2	32896	6.0797665369649806e-05
5	condition	rGBM	14796	23977	0.6170913792384368
5	condition	ndGBM	8240	23977	0.34366267673186807
5	condition	GBM	790	23977	0.03294824206531259
5	condition	LGG	151	23977	0.006297701964382533
5	core_dataset	DS3_GSE182109	23187	23977	0.9670517579346875
5	core_dataset	DS4_GSE278450	661	23977	0.027568086082495724
5	core_dataset	DS1_GSE103224	104	23977	0.004337490094674062
5	core_dataset	DS2_GSE141383	25	23977	0.0010426658881428036
5	dataset_id	DS3	23187	23977	0.9670517579346875
5	dataset_id	DS4	661	23977	0.027568086082495724
5	dataset_id	DS1	104	23977	0.004337490094674062
5	dataset_id	DS2	25	23977	0.0010426658881428036
5	patient_id	02	13327	23977	0.5558243316511657
5	patient_id	01	2604	23977	0.10860407890895442
5	patient_id	07	2275	23977	0.09488259582099512
5	patient_id	03	1254	23977	0.05230012094924302
5	patient_id	04	1251	23977	0.05217500104266589
5	patient_id	05	1115	23977	0.04650289861116904
5	patient_id	09	1112	23977	0.0463777787045919
5	patient_id	GSM8546852_BT419	259	23977	0.010802018601159445
5	patient_id	08	149	23977	0.006214288693331109
5	patient_id	11	79	23977	0.003294824206531259
5	patient_id	GSM8546848_BT402	75	23977	0.0031279976644284107
5	patient_id	PJ017	69	23977	0.002877757851274138
5	patient_id	GSM8546854_BT426	65	23977	0.002710931309171289
5	patient_id	GSM8546846_BT397	56	23977	0.00233557158943988
5	patient_id	GSM8546850_BT408	38	23977	0.0015848521499770612
5	patient_id	GSM8546842_BT389A	25	23977	0.0010426658881428036
5	patient_id	GSM8546849_BT407	25	23977	0.0010426658881428036
5	patient_id	GSM8546843_BT389	23	23977	0.0009592526170913793
5	patient_id	GSM8546845_BT396	23	23977	0.0009592526170913793
5	patient_id	GSM8546840_BT377	21	23977	0.0008758393460399549
5	patient_id	GSM8546837_BT369	18	23977	0.0007507194394628185
5	patient_id	10	15	23977	0.0006255995328856821
5	patient_id	GSM8546851_BT409	10	23977	0.0004170663552571214
5	patient_id	PW032-706	10	23977	0.0004170663552571214
5	patient_id	PJ025	9	23977	0.00037535971973140926
5	patient_id	PJ030	9	23977	0.00037535971973140926
5	patient_id	06	6	23977	0.00025023981315427284
5	patient_id	GSM8546841_BT380	6	23977	0.00025023981315427284
5	patient_id	PW035-710	6	23977	0.00025023981315427284
5	patient_id	PJ032	5	23977	0.0002085331776285607
5	patient_id	PJ035	5	23977	0.0002085331776285607
5	patient_id	GSM8546844_BT390	4	23977	0.00016682654210284855
5	patient_id	PJ016	4	23977	0.00016682654210284855
5	patient_id	GSM8546835_BT364	3	23977	0.00012511990657713642
5	patient_id	GSM8546839_BT374	3	23977	0.00012511990657713642
5	patient_id	PW017-703	3	23977	0.00012511990657713642
5	patient_id	GSM8546833_BT356	2	23977	8.341327105142428e-05
5	patient_id	GSM8546836_BT368	2	23977	8.341327105142428e-05
5	patient_id	GSM8546853_BT420	2	23977	8.341327105142428e-05
5	patient_id	PDC001	2	23977	8.341327105142428e-05
5	patient_id	PJ048	2	23977	8.341327105142428e-05
5	patient_id	PW016-703	2	23977	8.341327105142428e-05
5	patient_id	PW039-705	2	23977	8.341327105142428e-05
5	patient_id	GSM8546847_BT400	1	23977	4.170663552571214e-05
5	patient_id	PJ018	1	23977	4.170663552571214e-05
5	sample_id	GSM5518615_rGBM-02-5	4666	23977	0.19460316136297284
5	sample_id	GSM5518613_rGBM-02-3	4388	23977	0.18300871668682486
5	sample_id	GSM5518636_ndGBM-07	2275	23977	0.09488259582099512
5	sample_id	GSM5518639_ndGBM-09	1112	23977	0.0463777787045919
5	sample_id	GSM5518609_ndGBM-02-2	999	23977	0.04166492889018643
5	sample_id	GSM5518612_rGBM-02-2	887	23977	0.03699378571130667
5	sample_id	GSM5518597_rGBM-01-B	883	23977	0.03682695916920382
5	sample_id	GSM5518610_ndGBM-02-4	671	23977	0.027985152437752847
5	sample_id	GSM5518611_ndGBM-02-5	617	23977	0.025732994119364392
5	sample_id	GSM5518608_ndGBM-02-1	594	23977	0.024773741502273013
5	sample_id	GSM5518596_rGBM-01-A	581	23977	0.024231555240438754
5	sample_id	GSM5518614_rGBM-02-4	505	23977	0.02106185094048463
5	sample_id	GSM5518626_rGBM-05-1	466	23977	0.019435292154981857
5	sample_id	GSM5518623_ndGBM-03-1	425	23977	0.01772532009842766
5	sample_id	GSM5518622_rGBM-04-4	360	23977	0.01501438878925637
5	sample_id	GSM5518599_rGBM-01-D	295	23977	0.012303457480085081
5	sample_id	GSM5518619_rGBM-04-1	295	23977	0.012303457480085081
5	sample_id	GSM5518598_rGBM-01-C	286	23977	0.011928097760353673
5	sample_id	GSM5518625_ndGBM-03-3	278	23977	0.011594444676147975
5	sample_id	GSM5518628_rGBM-05-3	264	23977	0.011010551778788005
5	sample_id	GSM8546852_BT419	259	23977	0.010802018601159445
5	sample_id	GSM5518600_ndGBM-01-A	242	23977	0.010093005797222339
5	sample_id	GSM5518634_ndGBM-05	242	23977	0.010093005797222339
5	sample_id	GSM5518621_rGBM-04-3	239	23977	0.009967885890645201
5	sample_id	GSM5518618_rGBM-03-3	221	23977	0.009217166451182384
5	sample_id	GSM5518601_ndGBM-01-C	171	23977	0.007131834674896776
5	sample_id	GSM5518620_rGBM-04-2	153	23977	0.006381115235433958
5	sample_id	GSM5518637_ndGBM-08	149	23977	0.006214288693331109
5	sample_id	GSM5518627_rGBM-05-2	143	23977	0.005964048880176836
5	sample_id	GSM5518624_ndGBM-03-2	140	23977	0.005838928973599699
5	sample_id	GSM5518617_rGBM-03-2	135	23977	0.005630395795971139
5	sample_id	GSM5518603_ndGBM-01-F	106	23977	0.004420903365725487
5	sample_id	GSM5518633_ndGBM-04	79	23977	0.003294824206531259
5	sample_id	GSM8546848_BT402	75	23977	0.0031279976644284107
5	sample_id	PJ017	69	23977	0.002877757851274138
5	sample_id	GSM8546854_BT426	65	23977	0.002710931309171289
5	sample_id	GSM5518630_LGG-04-1	60	23977	0.0025023981315427284
5	sample_id	GSM8546846_BT397	56	23977	0.00233557158943988
5	sample_id	GSM5518602_ndGBM-01-D	40	23977	0.0016682654210284857
5	sample_id	GSM5518631_LGG-04-2	40	23977	0.0016682654210284857
5	sample_id	GSM8546850_BT408	38	23977	0.0015848521499770612
5	sample_id	GSM5518606_ndGBM-11-C	34	23977	0.0014180256078742128
5	sample_id	GSM5518616_rGBM-03-1	29	23977	0.001209492430245652
5	sample_id	GSM5518638_LGG-03	26	23977	0.0010843725236685156
5	sample_id	GSM5518632_LGG-04-3	25	23977	0.0010426658881428036
5	sample_id	GSM8546842_BT389A	25	23977	0.0010426658881428036
5	sample_id	GSM8546849_BT407	25	23977	0.0010426658881428036
5	sample_id	GSM8546843_BT389	23	23977	0.0009592526170913793
5	sample_id	GSM8546845_BT396	23	23977	0.0009592526170913793
5	sample_id	GSM8546840_BT377	21	23977	0.0008758393460399549
5	sample_id	GSM5518607_ndGBM-11-D	18	23977	0.0007507194394628185
5	sample_id	GSM8546837_BT369	18	23977	0.0007507194394628185
5	sample_id	GSM5518605_ndGBM-11-B	16	23977	0.0006673061684113942
5	sample_id	GSM5518629_ndGBM-10	15	23977	0.0006255995328856821
5	sample_id	GSM5518604_ndGBM-11-A	11	23977	0.0004587729907828336
5	sample_id	GSM8546851_BT409	10	23977	0.0004170663552571214
5	sample_id	PW032-706	10	23977	0.0004170663552571214
5	sample_id	PJ025	9	23977	0.00037535971973140926
5	sample_id	PJ030	9	23977	0.00037535971973140926
5	sample_id	GSM5518635_ndGBM-06	6	23977	0.00025023981315427284
5	sample_id	GSM8546841_BT380	6	23977	0.00025023981315427284
5	sample_id	PW035-710	6	23977	0.00025023981315427284
5	sample_id	PJ032	5	23977	0.0002085331776285607
5	sample_id	PJ035	5	23977	0.0002085331776285607
5	sample_id	GSM8546844_BT390	4	23977	0.00016682654210284855
5	sample_id	PJ016	4	23977	0.00016682654210284855
5	sample_id	GSM8546835_BT364	3	23977	0.00012511990657713642
5	sample_id	GSM8546839_BT374	3	23977	0.00012511990657713642
5	sample_id	PW017-703	3	23977	0.00012511990657713642
5	sample_id	GSM8546833_BT356	2	23977	8.341327105142428e-05
5	sample_id	GSM8546836_BT368	2	23977	8.341327105142428e-05
5	sample_id	GSM8546853_BT420	2	23977	8.341327105142428e-05
5	sample_id	PDC001	2	23977	8.341327105142428e-05
5	sample_id	PJ048	2	23977	8.341327105142428e-05
5	sample_id	PW016-703	2	23977	8.341327105142428e-05
5	sample_id	PW039-705	2	23977	8.341327105142428e-05
5	sample_id	GSM8546847_BT400	1	23977	4.170663552571214e-05
5	sample_id	PJ018	1	23977	4.170663552571214e-05
6	condition	GBM	8409	22943	0.3665170204419649
6	condition	ndGBM	7266	22943	0.31669790349997823
6	condition	rGBM	7060	22943	0.3077191300178704
6	condition	LGG	208	22943	0.009065946040186549
6	core_dataset	DS3_GSE182109	14534	22943	0.6334829795580351
6	core_dataset	DS4_GSE278450	7783	22943	0.3392320097633265
6	core_dataset	DS1_GSE103224	392	22943	0.0170858213834285
6	core_dataset	DS2_GSE141383	234	22943	0.010199189295209868
6	dataset_id	DS3	14534	22943	0.6334829795580351
6	dataset_id	DS4	7783	22943	0.3392320097633265
6	dataset_id	DS1	392	22943	0.0170858213834285
6	dataset_id	DS2	234	22943	0.010199189295209868
6	patient_id	02	3608	22943	0.15725929477400513
6	patient_id	04	2719	22943	0.11851109270801552
6	patient_id	01	2359	22943	0.10282003225384649
6	patient_id	07	2045	22943	0.08913394063548795
6	patient_id	05	1846	22943	0.08046027110665563
6	patient_id	GSM8546850_BT408	1351	22943	0.05888506298217321
6	patient_id	GSM8546842_BT389A	1038	22943	0.04524255764285403
6	patient_id	03	848	22943	0.03696116462537593
6	patient_id	08	672	22943	0.029289979514448852
6	patient_id	GSM8546843_BT389	667	22943	0.02907204811925206
6	patient_id	GSM8546849_BT407	588	22943	0.025628732075142744
6	patient_id	GSM8546848_BT402	586	22943	0.02554155951706403
6	patient_id	GSM8546837_BT369	536	22943	0.02336224556509611
6	patient_id	GSM8546852_BT419	518	22943	0.022577692542387656
6	patient_id	GSM8546846_BT397	504	22943	0.02196748463583664
6	patient_id	09	426	22943	0.018567754870766683
6	patient_id	GSM8546841_BT380	368	22943	0.016039750686483896
6	patient_id	GSM8546854_BT426	335	22943	0.014601403478185067
6	patient_id	PJ017	260	22943	0.011332432550233187
6	patient_id	GSM8546839_BT374	253	22943	0.011027328596957677
6	patient_id	GSM8546838_BT373	249	22943	0.010852983480800243
6	patient_id	GSM8546840_BT377	200	22943	0.008717255807871681
6	patient_id	GSM8546853_BT420	120	22943	0.005230353484723009
6	patient_id	PDC001	115	22943	0.005012422089526217
6	patient_id	GSM8546845_BT396	104	22943	0.004532973020093274
6	patient_id	PW035-710	88	22943	0.0038355925554635403
6	patient_id	GSM8546835_BT364	87	22943	0.003792006276424182
6	patient_id	GSM8546836_BT368	77	22943	0.0033561434860305975
6	patient_id	GSM8546844_BT390	69	22943	0.0030074532537157305
6	patient_id	GSM8546851_BT409	66	22943	0.002876694416597655
6	patient_id	PJ032	60	22943	0.0026151767423615046
6	patient_id	GSM8546847_BT400	50	22943	0.0021793139519679203
6	patient_id	PJ025	44	22943	0.0019177962777317701
6	patient_id	GSM8546834_BT363	17	22943	0.000740966743669093
6	patient_id	PJ030	13	22943	0.0005666216275116593
6	patient_id	PW017-703	13	22943	0.0005666216275116593
6	patient_id	PW016-703	12	22943	0.000523035348472301
6	patient_id	PJ035	9	22943	0.00039227651135422567
6	patient_id	10	6	22943	0.0002615176742361505
6	patient_id	11	5	22943	0.00021793139519679205
6	patient_id	PJ018	5	22943	0.00021793139519679205
6	patient_id	PW032-710	3	22943	0.00013075883711807524
6	patient_id	PW039-705	2	22943	8.717255807871682e-05
6	patient_id	PJ016	1	22943	4.358627903935841e-05
6	patient_id	PJ052	1	22943	4.358627903935841e-05
6	sample_id	GSM5518636_ndGBM-07	2045	22943	0.08913394063548795
6	sample_id	GSM8546850_BT408	1351	22943	0.05888506298217321
6	sample_id	GSM8546842_BT389A	1038	22943	0.04524255764285403
6	sample_id	GSM5518633_ndGBM-04	1013	22943	0.04415290066687007
6	sample_id	GSM5518626_rGBM-05-1	1011	22943	0.04406572810879135
6	sample_id	GSM5518597_rGBM-01-B	954	22943	0.041581310203547925
6	sample_id	GSM5518622_rGBM-04-4	935	22943	0.04075317090180011
6	sample_id	GSM5518598_rGBM-01-C	758	22943	0.033038399511833676
6	sample_id	GSM5518613_rGBM-02-3	747	22943	0.03255895044240073
6	sample_id	GSM5518609_ndGBM-02-2	710	22943	0.03094625811794447
6	sample_id	GSM5518637_ndGBM-08	672	22943	0.029289979514448852
6	sample_id	GSM8546843_BT389	667	22943	0.02907204811925206
6	sample_id	GSM5518610_ndGBM-02-4	642	22943	0.027982391143268098
6	sample_id	GSM8546849_BT407	588	22943	0.025628732075142744
6	sample_id	GSM8546848_BT402	586	22943	0.02554155951706403
6	sample_id	GSM5518615_rGBM-02-5	553	22943	0.0241032123087652
6	sample_id	GSM8546837_BT369	536	22943	0.02336224556509611
6	sample_id	GSM8546852_BT419	518	22943	0.022577692542387656
6	sample_id	GSM8546846_BT397	504	22943	0.02196748463583664
6	sample_id	GSM5518611_ndGBM-02-5	492	22943	0.021444449287364338
6	sample_id	GSM5518628_rGBM-05-3	457	22943	0.019918929520986794
6	sample_id	GSM5518639_ndGBM-09	426	22943	0.018567754870766683
6	sample_id	GSM5518599_rGBM-01-D	371	22943	0.01617050952360197
6	sample_id	GSM8546841_BT380	368	22943	0.016039750686483896
6	sample_id	GSM8546854_BT426	335	22943	0.014601403478185067
6	sample_id	GSM5518625_ndGBM-03-3	309	22943	0.01346816022316175
6	sample_id	GSM5518621_rGBM-04-3	299	22943	0.013032297432768165
6	sample_id	GSM5518608_ndGBM-02-1	285	22943	0.012422089526217147
6	sample_id	PJ017	260	22943	0.011332432550233187
6	sample_id	GSM8546839_BT374	253	22943	0.011027328596957677
6	sample_id	GSM8546838_BT373	249	22943	0.010852983480800243
6	sample_id	GSM5518623_ndGBM-03-1	239	22943	0.010417120690406659
6	sample_id	GSM5518634_ndGBM-05	226	22943	0.009850499062895
6	sample_id	GSM8546840_BT377	200	22943	0.008717255807871681
6	sample_id	GSM5518620_rGBM-04-2	199	22943	0.008673669528832324
6	sample_id	GSM5518619_rGBM-04-1	195	22943	0.00849932441267489
6	sample_id	GSM5518627_rGBM-05-2	152	22943	0.006625114413982478
6	sample_id	GSM5518596_rGBM-01-A	150	22943	0.006537941855903761
6	sample_id	GSM5518612_rGBM-02-2	142	22943	0.006189251623588894
6	sample_id	GSM5518638_LGG-03	130	22943	0.0056662162751165935
6	sample_id	GSM8546853_BT420	120	22943	0.005230353484723009
6	sample_id	PDC001	115	22943	0.005012422089526217
6	sample_id	GSM8546845_BT396	104	22943	0.004532973020093274
6	sample_id	PW035-710	88	22943	0.0038355925554635403
6	sample_id	GSM8546835_BT364	87	22943	0.003792006276424182
6	sample_id	GSM5518602_ndGBM-01-D	83	22943	0.003617661160266748
6	sample_id	GSM8546836_BT368	77	22943	0.0033561434860305975
6	sample_id	GSM5518624_ndGBM-03-2	70	22943	0.0030510395327550885
6	sample_id	GSM8546844_BT390	69	22943	0.0030074532537157305
6	sample_id	GSM8546851_BT409	66	22943	0.002876694416597655
6	sample_id	GSM5518618_rGBM-03-3	63	22943	0.00274593557947958
6	sample_id	PJ032	60	22943	0.0026151767423615046
6	sample_id	GSM8546847_BT400	50	22943	0.0021793139519679203
6	sample_id	PJ025	44	22943	0.0019177962777317701
6	sample_id	GSM5518614_rGBM-02-4	37	22943	0.0016126923244562611
6	sample_id	GSM5518632_LGG-04-3	32	22943	0.0013947609292594692
6	sample_id	GSM5518631_LGG-04-2	31	22943	0.0013511746502201107
6	sample_id	GSM5518617_rGBM-03-2	30	22943	0.0013075883711807523
6	sample_id	GSM5518603_ndGBM-01-F	27	22943	0.001176829534062677
6	sample_id	GSM8546834_BT363	17	22943	0.000740966743669093
6	sample_id	GSM5518630_LGG-04-1	15	22943	0.0006537941855903762
6	sample_id	PJ030	13	22943	0.0005666216275116593
6	sample_id	PW017-703	13	22943	0.0005666216275116593
6	sample_id	PW016-703	12	22943	0.000523035348472301
6	sample_id	GSM5518601_ndGBM-01-C	11	22943	0.00047944906943294253
6	sample_id	PJ035	9	22943	0.00039227651135422567
6	sample_id	GSM5518616_rGBM-03-1	7	22943	0.00030510395327550886
6	sample_id	GSM5518629_ndGBM-10	6	22943	0.0002615176742361505
6	sample_id	GSM5518600_ndGBM-01-A	5	22943	0.00021793139519679205
6	sample_id	PJ018	5	22943	0.00021793139519679205
6	sample_id	PW032-710	3	22943	0.00013075883711807524
6	sample_id	GSM5518605_ndGBM-11-B	2	22943	8.717255807871682e-05
6	sample_id	GSM5518606_ndGBM-11-C	2	22943	8.717255807871682e-05
6	sample_id	PW039-705	2	22943	8.717255807871682e-05
6	sample_id	GSM5518607_ndGBM-11-D	1	22943	4.358627903935841e-05
6	sample_id	PJ016	1	22943	4.358627903935841e-05
6	sample_id	PJ052	1	22943	4.358627903935841e-05
7	condition	GBM	13834	22525	0.6141620421753607
7	condition	ndGBM	4864	22525	0.21593784683684794
7	condition	rGBM	3320	22525	0.14739178690344062
7	condition	LGG	507	22525	0.02250832408435072
7	core_dataset	DS3_GSE182109	8691	22525	0.3858379578246393
7	core_dataset	DS4_GSE278450	6020	22525	0.2672586015538291
7	core_dataset	DS1_GSE103224	4880	22525	0.21664816870144285
7	core_dataset	DS2_GSE141383	2934	22525	0.1302552719200888
7	dataset_id	DS3	8691	22525	0.3858379578246393
7	dataset_id	DS4	6020	22525	0.2672586015538291
7	dataset_id	DS1	4880	22525	0.21664816870144285
7	dataset_id	DS2	2934	22525	0.1302552719200888
7	patient_id	04	2729	22525	0.1211542730299667
7	patient_id	GSM8546834_BT363	2722	22525	0.12084350721420643
7	patient_id	PJ016	1759	22525	0.07809100998890123
7	patient_id	PDC001	1663	22525	0.07382907880133185
7	patient_id	03	1607	22525	0.07134295227524973
7	patient_id	02	1349	22525	0.05988901220865705
7	patient_id	05	1099	22525	0.04879023307436182
7	patient_id	PJ025	1008	22525	0.04475027746947836
7	patient_id	01	950	22525	0.042175360710321866
7	patient_id	GSM8546833_BT356	928	22525	0.041198668146503886
7	patient_id	PJ030	886	22525	0.039334073251942284
7	patient_id	GSM8546835_BT364	526	22525	0.023351831298557158
7	patient_id	09	505	22525	0.02241953385127636
7	patient_id	PJ035	485	22525	0.02153163152053274
7	patient_id	GSM8546838_BT373	413	22525	0.018335183129855714
7	patient_id	PW032-706	407	22525	0.01806881243063263
7	patient_id	PW017-703	297	22525	0.01318534961154273
7	patient_id	PJ048	275	22525	0.01220865704772475
7	patient_id	07	259	22525	0.011498335183129855
7	patient_id	GSM8546853_BT420	236	22525	0.010477247502774695
7	patient_id	PJ017	198	22525	0.00879023307436182
7	patient_id	PJ053	182	22525	0.008079911209766926
7	patient_id	PJ032	174	22525	0.007724750277469479
7	patient_id	PW016-703	173	22525	0.007680355160932298
7	patient_id	GSM8546836_BT368	172	22525	0.007635960044395117
7	patient_id	GSM8546842_BT389A	162	22525	0.007192008879023307
7	patient_id	GSM8546839_BT374	146	22525	0.006481687014428413
7	patient_id	08	143	22525	0.00634850166481687
7	patient_id	GSM8546844_BT390	123	22525	0.005460599334073252
7	patient_id	GSM8546847_BT400	109	22525	0.004839067702552719
7	patient_id	PJ018	95	22525	0.004217536071032186
7	patient_id	GSM8546841_BT380	78	22525	0.003462819089900111
7	patient_id	PW032-710	78	22525	0.003462819089900111
7	patient_id	PJ052	77	22525	0.00341842397336293
7	patient_id	GSM8546837_BT369	70	22525	0.0031076581576026637
7	patient_id	GSM8546852_BT419	59	22525	0.002619311875693674
7	patient_id	GSM8546845_BT396	53	22525	0.002352941176470588
7	patient_id	GSM8546849_BT407	43	22525	0.0019089900110987792
7	patient_id	GSM8546850_BT408	39	22525	0.0017314095449500555
7	patient_id	GSM8546851_BT409	33	22525	0.0014650388457269701
7	patient_id	PW039-705	33	22525	0.0014650388457269701
7	patient_id	06	31	22525	0.0013762486126526082
7	patient_id	GSM8546843_BT389	31	22525	0.0013762486126526082
7	patient_id	GSM8546846_BT397	25	22525	0.0011098779134295228
7	patient_id	PW035-710	24	22525	0.0010654827968923418
7	patient_id	GSM8546854_BT426	22	22525	0.00097669256381798
7	patient_id	11	17	22525	0.0007547169811320754
7	patient_id	GSM8546840_BT377	15	22525	0.0006659267480577136
7	patient_id	GSM8546848_BT402	15	22525	0.0006659267480577136
7	patient_id	10	2	22525	8.879023307436182e-05
7	sample_id	GSM8546834_BT363	2722	22525	0.12084350721420643
7	sample_id	PJ016	1759	22525	0.07809100998890123
7	sample_id	PDC001	1663	22525	0.07382907880133185
7	sample_id	PJ025	1008	22525	0.04475027746947836
7	sample_id	GSM8546833_BT356	928	22525	0.041198668146503886
7	sample_id	PJ030	886	22525	0.039334073251942284
7	sample_id	GSM5518633_ndGBM-04	800	22525	0.03551609322974473
7	sample_id	GSM5518619_rGBM-04-1	681	22525	0.0302330743618202
7	sample_id	GSM8546835_BT364	526	22525	0.023351831298557158
7	sample_id	GSM5518639_ndGBM-09	505	22525	0.02241953385127636
7	sample_id	PJ035	485	22525	0.02153163152053274
7	sample_id	GSM5518638_LGG-03	440	22525	0.0195338512763596
7	sample_id	GSM5518621_rGBM-04-3	428	22525	0.019001109877913428
7	sample_id	GSM5518620_rGBM-04-2	420	22525	0.018645948945615984
7	sample_id	GSM5518611_ndGBM-02-5	415	22525	0.018423973362930078
7	sample_id	GSM8546838_BT373	413	22525	0.018335183129855714
7	sample_id	GSM5518634_ndGBM-05	407	22525	0.01806881243063263
7	sample_id	PW032-706	407	22525	0.01806881243063263
7	sample_id	GSM5518610_ndGBM-02-4	388	22525	0.017225305216426193
7	sample_id	GSM5518627_rGBM-05-2	373	22525	0.01655937846836848
7	sample_id	GSM5518608_ndGBM-02-1	364	22525	0.016159822419533853
7	sample_id	GSM5518616_rGBM-03-1	354	22525	0.01571587125416204
7	sample_id	GSM5518601_ndGBM-01-C	342	22525	0.015183129855715871
7	sample_id	GSM5518622_rGBM-04-4	333	22525	0.014783573806881244
7	sample_id	GSM5518600_ndGBM-01-A	326	22525	0.014472807991120976
7	sample_id	PW017-703	297	22525	0.01318534961154273
7	sample_id	GSM5518623_ndGBM-03-1	296	22525	0.013140954495005549
7	sample_id	PJ048	275	22525	0.01220865704772475
7	sample_id	GSM5518636_ndGBM-07	259	22525	0.011498335183129855
7	sample_id	GSM8546853_BT420	236	22525	0.010477247502774695
7	sample_id	GSM5518625_ndGBM-03-3	221	22525	0.009811320754716982
7	sample_id	GSM5518626_rGBM-05-1	219	22525	0.00972253052164262
7	sample_id	PJ017	198	22525	0.00879023307436182
7	sample_id	PJ053	182	22525	0.008079911209766926
7	sample_id	PJ032	174	22525	0.007724750277469479
7	sample_id	PW016-703	173	22525	0.007680355160932298
7	sample_id	GSM8546836_BT368	172	22525	0.007635960044395117
7	sample_id	GSM8546842_BT389A	162	22525	0.007192008879023307
7	sample_id	GSM8546839_BT374	146	22525	0.006481687014428413
7	sample_id	GSM5518637_ndGBM-08	143	22525	0.00634850166481687
7	sample_id	GSM5518618_rGBM-03-3	123	22525	0.005460599334073252
7	sample_id	GSM8546844_BT390	123	22525	0.005460599334073252
7	sample_id	GSM5518609_ndGBM-02-2	113	22525	0.005016648168701443
7	sample_id	GSM8546847_BT400	109	22525	0.004839067702552719
7	sample_id	GSM5518624_ndGBM-03-2	104	22525	0.004617092119866815
7	sample_id	GSM5518628_rGBM-05-3	100	22525	0.004439511653718091
7	sample_id	PJ018	95	22525	0.004217536071032186
7	sample_id	GSM8546841_BT380	78	22525	0.003462819089900111
7	sample_id	PW032-710	78	22525	0.003462819089900111
7	sample_id	PJ052	77	22525	0.00341842397336293
7	sample_id	GSM5518599_rGBM-01-D	74	22525	0.003285238623751387
7	sample_id	GSM8546837_BT369	70	22525	0.0031076581576026637
7	sample_id	GSM5518617_rGBM-03-2	69	22525	0.0030632630410654827
7	sample_id	GSM5518603_ndGBM-01-F	68	22525	0.0030188679245283017
7	sample_id	GSM5518602_ndGBM-01-D	63	22525	0.0027968923418423973
7	sample_id	GSM5518597_rGBM-01-B	62	22525	0.0027524972253052163
7	sample_id	GSM5518613_rGBM-02-3	62	22525	0.0027524972253052163
7	sample_id	GSM8546852_BT419	59	22525	0.002619311875693674
7	sample_id	GSM8546845_BT396	53	22525	0.002352941176470588
7	sample_id	GSM8546849_BT407	43	22525	0.0019089900110987792
7	sample_id	GSM8546850_BT408	39	22525	0.0017314095449500555
7	sample_id	GSM8546851_BT409	33	22525	0.0014650388457269701
7	sample_id	PW039-705	33	22525	0.0014650388457269701
7	sample_id	GSM5518630_LGG-04-1	32	22525	0.0014206437291897891
7	sample_id	GSM5518635_ndGBM-06	31	22525	0.0013762486126526082
7	sample_id	GSM8546843_BT389	31	22525	0.0013762486126526082
7	sample_id	GSM5518632_LGG-04-3	26	22525	0.0011542730299667037
7	sample_id	GSM8546846_BT397	25	22525	0.0011098779134295228
7	sample_id	PW035-710	24	22525	0.0010654827968923418
7	sample_id	GSM8546854_BT426	22	22525	0.00097669256381798
7	sample_id	GSM5518606_ndGBM-11-C	16	22525	0.0007103218645948946
7	sample_id	GSM8546840_BT377	15	22525	0.0006659267480577136
7	sample_id	GSM8546848_BT402	15	22525	0.0006659267480577136
7	sample_id	GSM5518596_rGBM-01-A	12	22525	0.0005327413984461709
7	sample_id	GSM5518631_LGG-04-2	9	22525	0.0003995560488346282
7	sample_id	GSM5518615_rGBM-02-5	5	22525	0.00022197558268590456
7	sample_id	GSM5518598_rGBM-01-C	3	22525	0.00013318534961154273
7	sample_id	GSM5518612_rGBM-02-2	2	22525	8.879023307436182e-05
7	sample_id	GSM5518629_ndGBM-10	2	22525	8.879023307436182e-05
7	sample_id	GSM5518607_ndGBM-11-D	1	22525	4.439511653718091e-05
8	condition	GBM	9045	14809	0.6107772300627996
8	condition	rGBM	3343	14809	0.22574110338307785
8	condition	ndGBM	1241	14809	0.08380039165372409
8	condition	LGG	1180	14809	0.0796812749003984
8	core_dataset	DS4_GSE278450	8274	14809	0.5587142953609292
8	core_dataset	DS3_GSE182109	5764	14809	0.38922276993720034
8	core_dataset	DS2_GSE141383	599	14809	0.04044837598757512
8	core_dataset	DS1_GSE103224	172	14809	0.011614558714295361
8	dataset_id	DS4	8274	14809	0.5587142953609292
8	dataset_id	DS3	5764	14809	0.38922276993720034
8	dataset_id	DS2	599	14809	0.04044837598757512
8	dataset_id	DS1	172	14809	0.011614558714295361
8	patient_id	04	2658	14809	0.17948544803835506
8	patient_id	GSM8546845_BT396	1680	14809	0.1134445269768384
8	patient_id	GSM8546842_BT389A	1464	14809	0.09885880207981633
8	patient_id	GSM8546852_BT419	1389	14809	0.09379431426835033
8	patient_id	03	1191	14809	0.08042406644608009
8	patient_id	01	1181	14809	0.07974880140455129
8	patient_id	GSM8546850_BT408	768	14809	0.051860355189411844
8	patient_id	GSM8546854_BT426	715	14809	0.048281450469309206
8	patient_id	GSM8546844_BT390	702	14809	0.047403605915321764
8	patient_id	GSM8546834_BT363	250	14809	0.01688162603822
8	patient_id	PW039-705	249	14809	0.016814099534067123
8	patient_id	07	229	14809	0.015463569451009521
8	patient_id	GSM8546835_BT364	221	14809	0.01492335741778648
8	patient_id	PJ053	199	14809	0.01343777432642312
8	patient_id	GSM8546838_BT373	178	14809	0.012019717739212642
8	patient_id	02	173	14809	0.01168208521844824
8	patient_id	06	129	14809	0.00871091903572152
8	patient_id	GSM8546849_BT407	127	14809	0.00857586602741576
8	patient_id	GSM8546837_BT369	123	14809	0.00830576001080424
8	patient_id	GSM8546851_BT409	116	14809	0.00783307448173408
8	patient_id	05	105	14809	0.0070902829360524
8	patient_id	GSM8546839_BT374	105	14809	0.0070902829360524
8	patient_id	GSM8546843_BT389	104	14809	0.00702275643189952
8	patient_id	GSM8546833_BT356	95	14809	0.0064150178945236004
8	patient_id	GSM8546841_BT380	75	14809	0.005064487811466001
8	patient_id	PJ018	73	14809	0.0049294348031602405
8	patient_id	PJ030	66	14809	0.00445674927409008
8	patient_id	PW032-710	65	14809	0.004389222769937201
8	patient_id	PW016-703	59	14809	0.00398406374501992
8	patient_id	GSM8546840_BT377	58	14809	0.00391653724086704
8	patient_id	11	54	14809	0.0036464312242555203
8	patient_id	GSM8546848_BT402	45	14809	0.0030386926868796
8	patient_id	08	42	14809	0.0028361131744209602
8	patient_id	GSM8546846_BT397	33	14809	0.00222837463704504
8	patient_id	GSM8546836_BT368	20	14809	0.0013505300830576
8	patient_id	PJ048	18	14809	0.00121547707475184
8	patient_id	PW035-710	13	14809	0.00087784455398744
8	patient_id	PW017-703	10	14809	0.0006752650415288
8	patient_id	GSM8546847_BT400	6	14809	0.00040515902491728003
8	patient_id	PJ035	6	14809	0.00040515902491728003
8	patient_id	PDC001	4	14809	0.00027010601661152004
8	patient_id	PJ017	4	14809	0.00027010601661152004
8	patient_id	PJ032	4	14809	0.00027010601661152004
8	patient_id	09	2	14809	0.00013505300830576002
8	patient_id	PJ016	1	14809	6.752650415288001e-05
8	sample_id	GSM8546845_BT396	1680	14809	0.1134445269768384
8	sample_id	GSM8546842_BT389A	1464	14809	0.09885880207981633
8	sample_id	GSM8546852_BT419	1389	14809	0.09379431426835033
8	sample_id	GSM5518638_LGG-03	906	14809	0.06117901276250928
8	sample_id	GSM5518619_rGBM-04-1	860	14809	0.05807279357147681
8	sample_id	GSM5518621_rGBM-04-3	837	14809	0.056519683975960563
8	sample_id	GSM8546850_BT408	768	14809	0.051860355189411844
8	sample_id	GSM8546854_BT426	715	14809	0.048281450469309206
8	sample_id	GSM8546844_BT390	702	14809	0.047403605915321764
8	sample_id	GSM5518620_rGBM-04-2	387	14809	0.02613275710716456
8	sample_id	GSM5518599_rGBM-01-D	380	14809	0.025660071578094402
8	sample_id	GSM5518603_ndGBM-01-F	379	14809	0.02559254507394152
8	sample_id	GSM5518622_rGBM-04-4	293	14809	0.019785265716793843
8	sample_id	GSM8546834_BT363	250	14809	0.01688162603822
8	sample_id	PW039-705	249	14809	0.016814099534067123
8	sample_id	GSM5518636_ndGBM-07	229	14809	0.015463569451009521
8	sample_id	GSM8546835_BT364	221	14809	0.01492335741778648
8	sample_id	PJ053	199	14809	0.01343777432642312
8	sample_id	GSM8546838_BT373	178	14809	0.012019717739212642
8	sample_id	GSM5518597_rGBM-01-B	170	14809	0.011479505705989601
8	sample_id	GSM5518632_LGG-04-3	147	14809	0.00992639611047336
8	sample_id	GSM5518616_rGBM-03-1	131	14809	0.00884597204402728
8	sample_id	GSM5518635_ndGBM-06	129	14809	0.00871091903572152
8	sample_id	GSM8546849_BT407	127	14809	0.00857586602741576
8	sample_id	GSM8546837_BT369	123	14809	0.00830576001080424
8	sample_id	GSM8546851_BT409	116	14809	0.00783307448173408
8	sample_id	GSM5518598_rGBM-01-C	111	14809	0.007495441960969681
8	sample_id	GSM5518634_ndGBM-05	105	14809	0.0070902829360524
8	sample_id	GSM8546839_BT374	105	14809	0.0070902829360524
8	sample_id	GSM8546843_BT389	104	14809	0.00702275643189952
8	sample_id	GSM8546833_BT356	95	14809	0.0064150178945236004
8	sample_id	GSM5518630_LGG-04-1	91	14809	0.00614491187791208
8	sample_id	GSM5518611_ndGBM-02-5	83	14809	0.00560469984468904
8	sample_id	GSM8546841_BT380	75	14809	0.005064487811466001
8	sample_id	GSM5518602_ndGBM-01-D	73	14809	0.0049294348031602405
8	sample_id	PJ018	73	14809	0.0049294348031602405
8	sample_id	PJ030	66	14809	0.00445674927409008
8	sample_id	PW032-710	65	14809	0.004389222769937201
8	sample_id	PW016-703	59	14809	0.00398406374501992
8	sample_id	GSM8546840_BT377	58	14809	0.00391653724086704
8	sample_id	GSM5518606_ndGBM-11-C	53	14809	0.0035789047201026402
8	sample_id	GSM5518617_rGBM-03-2	49	14809	0.0033087987034911203
8	sample_id	GSM8546848_BT402	45	14809	0.0030386926868796
8	sample_id	GSM5518615_rGBM-02-5	42	14809	0.0028361131744209602
8	sample_id	GSM5518637_ndGBM-08	42	14809	0.0028361131744209602
8	sample_id	GSM5518618_rGBM-03-3	41	14809	0.00276858667026808
8	sample_id	GSM5518631_LGG-04-2	36	14809	0.00243095414950368
8	sample_id	GSM5518624_ndGBM-03-2	33	14809	0.00222837463704504
8	sample_id	GSM8546846_BT397	33	14809	0.00222837463704504
8	sample_id	GSM5518600_ndGBM-01-A	32	14809	0.0021608481328921603
8	sample_id	GSM5518625_ndGBM-03-3	30	14809	0.0020257951245864
8	sample_id	GSM5518596_rGBM-01-A	22	14809	0.0014855830913633602
8	sample_id	GSM8546836_BT368	20	14809	0.0013505300830576
8	sample_id	PJ048	18	14809	0.00121547707475184
8	sample_id	GSM5518613_rGBM-02-3	17	14809	0.00114795057059896
8	sample_id	GSM5518601_ndGBM-01-C	14	14809	0.0009453710581403201
8	sample_id	GSM5518609_ndGBM-02-2	14	14809	0.0009453710581403201
8	sample_id	PW035-710	13	14809	0.00087784455398744
8	sample_id	PW017-703	10	14809	0.0006752650415288
8	sample_id	GSM5518610_ndGBM-02-4	8	14809	0.0005402120332230401
8	sample_id	GSM5518633_ndGBM-04	7	14809	0.00047268552907016006
8	sample_id	GSM5518608_ndGBM-02-1	6	14809	0.00040515902491728003
8	sample_id	GSM8546847_BT400	6	14809	0.00040515902491728003
8	sample_id	PJ035	6	14809	0.00040515902491728003
8	sample_id	PDC001	4	14809	0.00027010601661152004
8	sample_id	PJ017	4	14809	0.00027010601661152004
8	sample_id	PJ032	4	14809	0.00027010601661152004
8	sample_id	GSM5518612_rGBM-02-2	3	14809	0.00020257951245864002
8	sample_id	GSM5518639_ndGBM-09	2	14809	0.00013505300830576002
8	sample_id	GSM5518607_ndGBM-11-D	1	14809	6.752650415288001e-05
8	sample_id	GSM5518623_ndGBM-03-1	1	14809	6.752650415288001e-05
8	sample_id	PJ016	1	14809	6.752650415288001e-05
9	condition	ndGBM	11183	13864	0.8066214656664743
9	condition	rGBM	1570	13864	0.11324293133294865
9	condition	GBM	806	13864	0.058136180034622044
9	condition	LGG	305	13864	0.02199942296595499
9	core_dataset	DS3_GSE182109	13058	13864	0.9418638199653779
9	core_dataset	DS4_GSE278450	524	13864	0.03779572994806694
9	core_dataset	DS2_GSE141383	152	13864	0.010963646855164455
9	core_dataset	DS1_GSE103224	130	13864	0.009376803231390653
9	dataset_id	DS3	13058	13864	0.9418638199653779
9	dataset_id	DS4	524	13864	0.03779572994806694
9	dataset_id	DS2	152	13864	0.010963646855164455
9	dataset_id	DS1	130	13864	0.009376803231390653
9	patient_id	10	9654	13864	0.6963358338141951
9	patient_id	01	1001	13864	0.07220138488170802
9	patient_id	04	790	13864	0.05698211194460473
9	patient_id	02	749	13864	0.054024812463935375
9	patient_id	03	364	13864	0.026255049047893827
9	patient_id	05	233	13864	0.01680611656087709
9	patient_id	09	141	13864	0.010170225043277553
9	patient_id	GSM8546843_BT389	75	13864	0.005409694171956145
9	patient_id	08	67	13864	0.00483266012694749
9	patient_id	PDC001	63	13864	0.004544143104443162
9	patient_id	07	56	13864	0.004039238315060588
9	patient_id	GSM8546842_BT389A	50	13864	0.003606462781304097
9	patient_id	GSM8546838_BT373	47	13864	0.003390075014425851
9	patient_id	PJ035	47	13864	0.003390075014425851
9	patient_id	GSM8546848_BT402	46	13864	0.003317945758799769
9	patient_id	GSM8546837_BT369	37	13864	0.0026687824581650317
9	patient_id	GSM8546847_BT400	37	13864	0.0026687824581650317
9	patient_id	GSM8546834_BT363	30	13864	0.002163877668782458
9	patient_id	GSM8546841_BT380	30	13864	0.002163877668782458
9	patient_id	GSM8546851_BT409	30	13864	0.002163877668782458
9	patient_id	GSM8546844_BT390	29	13864	0.0020917484131563763
9	patient_id	PJ032	27	13864	0.0019474899019042123
9	patient_id	PW016-703	26	13864	0.0018753606462781304
9	patient_id	PJ030	25	13864	0.0018032313906520484
9	patient_id	GSM8546840_BT377	23	13864	0.0016589728793998846
9	patient_id	GSM8546854_BT426	21	13864	0.0015147143681477208
9	patient_id	GSM8546850_BT408	19	13864	0.001370455856895557
9	patient_id	PW017-703	18	13864	0.001298326601269475
9	patient_id	PJ025	16	13864	0.001154068090017311
9	patient_id	PW035-710	15	13864	0.001081938834391229
9	patient_id	GSM8546835_BT364	12	13864	0.0008655510675129833
9	patient_id	GSM8546852_BT419	10	13864	0.0007212925562608194
9	patient_id	PW032-706	10	13864	0.0007212925562608194
9	patient_id	GSM8546836_BT368	9	13864	0.0006491633006347375
9	patient_id	PJ017	9	13864	0.0006491633006347375
9	patient_id	GSM8546849_BT407	8	13864	0.0005770340450086555
9	patient_id	PW039-705	7	13864	0.0005049047893825736
9	patient_id	PJ053	5	13864	0.0003606462781304097
9	patient_id	PW032-710	5	13864	0.0003606462781304097
9	patient_id	PJ018	4	13864	0.00028851702250432774
9	patient_id	GSM8546833_BT356	3	13864	0.00021638776687824582
9	patient_id	GSM8546853_BT420	3	13864	0.00021638776687824582
9	patient_id	PJ052	3	13864	0.00021638776687824582
9	patient_id	06	2	13864	0.00014425851125216387
9	patient_id	GSM8546839_BT374	2	13864	0.00014425851125216387
9	patient_id	GSM8546845_BT396	2	13864	0.00014425851125216387
9	patient_id	PJ016	2	13864	0.00014425851125216387
9	patient_id	11	1	13864	7.212925562608193e-05
9	patient_id	GSM8546846_BT397	1	13864	7.212925562608193e-05
9	sample_id	GSM5518629_ndGBM-10	9654	13864	0.6963358338141951
9	sample_id	GSM5518613_rGBM-02-3	351	13864	0.02531736872475476
9	sample_id	GSM5518597_rGBM-01-B	295	13864	0.021278130409694174
9	sample_id	GSM5518633_ndGBM-04	295	13864	0.021278130409694174
9	sample_id	GSM5518599_rGBM-01-D	279	13864	0.02012406231967686
9	sample_id	GSM5518602_ndGBM-01-D	217	13864	0.01565204847085978
9	sample_id	GSM5518638_LGG-03	173	13864	0.012478361223312175
9	sample_id	GSM5518634_ndGBM-05	171	13864	0.012334102712060011
9	sample_id	GSM5518639_ndGBM-09	141	13864	0.010170225043277553
9	sample_id	GSM5518622_rGBM-04-4	127	13864	0.009160415464512406
9	sample_id	GSM5518611_ndGBM-02-5	121	13864	0.008727639930755914
9	sample_id	GSM5518610_ndGBM-02-4	107	13864	0.0077178303519907674
9	sample_id	GSM5518608_ndGBM-02-1	103	13864	0.00742931332948644
9	sample_id	GSM5518621_rGBM-04-3	90	13864	0.006491633006347374
9	sample_id	GSM5518598_rGBM-01-C	81	13864	0.005842469705712637
9	sample_id	GSM5518630_LGG-04-1	79	13864	0.005698211194460473
9	sample_id	GSM5518619_rGBM-04-1	75	13864	0.005409694171956145
9	sample_id	GSM8546843_BT389	75	13864	0.005409694171956145
9	sample_id	GSM5518620_rGBM-04-2	71	13864	0.0051211771494518174
9	sample_id	GSM5518637_ndGBM-08	67	13864	0.00483266012694749
9	sample_id	GSM5518618_rGBM-03-3	63	13864	0.004544143104443162
9	sample_id	PDC001	63	13864	0.004544143104443162
9	sample_id	GSM5518623_ndGBM-03-1	56	13864	0.004039238315060588
9	sample_id	GSM5518636_ndGBM-07	56	13864	0.004039238315060588
9	sample_id	GSM8546842_BT389A	50	13864	0.003606462781304097
9	sample_id	GSM8546838_BT373	47	13864	0.003390075014425851
9	sample_id	PJ035	47	13864	0.003390075014425851
9	sample_id	GSM8546848_BT402	46	13864	0.003317945758799769
9	sample_id	GSM5518603_ndGBM-01-F	45	13864	0.003245816503173687
9	sample_id	GSM5518625_ndGBM-03-3	45	13864	0.003245816503173687
9	sample_id	GSM5518609_ndGBM-02-2	42	13864	0.0030294287362954415
9	sample_id	GSM5518626_rGBM-05-1	40	13864	0.0028851702250432777
9	sample_id	GSM8546837_BT369	37	13864	0.0026687824581650317
9	sample_id	GSM8546847_BT400	37	13864	0.0026687824581650317
9	sample_id	GSM5518632_LGG-04-3	35	13864	0.002524523946912868
9	sample_id	GSM8546834_BT363	30	13864	0.002163877668782458
9	sample_id	GSM8546841_BT380	30	13864	0.002163877668782458
9	sample_id	GSM8546851_BT409	30	13864	0.002163877668782458
9	sample_id	GSM5518596_rGBM-01-A	29	13864	0.0020917484131563763
9	sample_id	GSM5518600_ndGBM-01-A	29	13864	0.0020917484131563763
9	sample_id	GSM8546844_BT390	29	13864	0.0020917484131563763
9	sample_id	PJ032	27	13864	0.0019474899019042123
9	sample_id	GSM5518601_ndGBM-01-C	26	13864	0.0018753606462781304
9	sample_id	PW016-703	26	13864	0.0018753606462781304
9	sample_id	PJ030	25	13864	0.0018032313906520484
9	sample_id	GSM8546840_BT377	23	13864	0.0016589728793998846
9	sample_id	GSM5518615_rGBM-02-5	21	13864	0.0015147143681477208
9	sample_id	GSM8546854_BT426	21	13864	0.0015147143681477208
9	sample_id	GSM8546850_BT408	19	13864	0.001370455856895557
9	sample_id	GSM5518616_rGBM-03-1	18	13864	0.001298326601269475
9	sample_id	GSM5518631_LGG-04-2	18	13864	0.001298326601269475
9	sample_id	PW017-703	18	13864	0.001298326601269475
9	sample_id	GSM5518628_rGBM-05-3	16	13864	0.001154068090017311
9	sample_id	PJ025	16	13864	0.001154068090017311
9	sample_id	PW035-710	15	13864	0.001081938834391229
9	sample_id	GSM8546835_BT364	12	13864	0.0008655510675129833
9	sample_id	GSM8546852_BT419	10	13864	0.0007212925562608194
9	sample_id	PW032-706	10	13864	0.0007212925562608194
9	sample_id	GSM8546836_BT368	9	13864	0.0006491633006347375
9	sample_id	PJ017	9	13864	0.0006491633006347375
9	sample_id	GSM8546849_BT407	8	13864	0.0005770340450086555
9	sample_id	PW039-705	7	13864	0.0005049047893825736
9	sample_id	GSM5518627_rGBM-05-2	6	13864	0.00043277553375649163
9	sample_id	GSM5518624_ndGBM-03-2	5	13864	0.0003606462781304097
9	sample_id	PJ053	5	13864	0.0003606462781304097
9	sample_id	PW032-710	5	13864	0.0003606462781304097
9	sample_id	GSM5518612_rGBM-02-2	4	13864	0.00028851702250432774
9	sample_id	GSM5518617_rGBM-03-2	4	13864	0.00028851702250432774
9	sample_id	PJ018	4	13864	0.00028851702250432774
9	sample_id	GSM8546833_BT356	3	13864	0.00021638776687824582
9	sample_id	GSM8546853_BT420	3	13864	0.00021638776687824582
9	sample_id	PJ052	3	13864	0.00021638776687824582
9	sample_id	GSM5518635_ndGBM-06	2	13864	0.00014425851125216387
9	sample_id	GSM8546839_BT374	2	13864	0.00014425851125216387
9	sample_id	GSM8546845_BT396	2	13864	0.00014425851125216387
9	sample_id	PJ016	2	13864	0.00014425851125216387
9	sample_id	GSM5518607_ndGBM-11-D	1	13864	7.212925562608193e-05
9	sample_id	GSM8546846_BT397	1	13864	7.212925562608193e-05
