gene	chr	start	end
LINC00115	1	586945	827989
FAM87B	1	817363	819842
FAM41C	1	868052	877032
SAMD11	1	923923	944575
NOC2L	1	943527	960714
KLHL17	1	960576	965719
PERM1	1	975194	982134
HES4	1	998962	1000172
ISG15	1	1001138	1014540
AGRN	1	1020120	1056119
C1orf159	1	1081811	1116361
TNFRSF18	1	1203508	1206592
TNFRSF4	1	1211326	1214153
SDF4	1	1216887	1238870
B3GALT6	1	1232237	1235041
UBE2J2	1	1253907	1274477
SCNN1D	1	1280436	1292029
ACAP3	1	1292376	1309609
PUSL1	1	1308567	1311677
CPTP	1	1324756	1328897
DVL1	1	1335276	1349945
MXRA8	1	1352689	1361777
AURKAIP1	1	1373729	1375521
CCNL2	1	1385711	1399339
MRPL20	1	1401908	1407306
ANKRD65	1	1415637	1421769
VWA1	1	1434861	1442882
ATAD3C	1	1449689	1470163
ATAD3B	1	1471756	1497848
ATAD3A	1	1512147	1534686
TMEM240	1	1534778	1540624
SSU72	1	1541673	1574884
MIB2	1	1615434	1630610
MMP23B	1	1631665	1635263
CDK11B	1	1635225	1659234
SLC35E2B	1	1659529	1693017
CDK11A	1	1702379	1724482
NADK	1	1751232	1780544
GNB1	1	1785285	1892292
TMEM52	1	1917589	1919329
CFAP74	1	1921951	2003837
GABRD	1	2019329	2030758
PRKCZ	1	2050411	2185395
FAAP20	1	2184461	2212720
SKI	1	2227388	2310213
MORN1	1	2319208	2391707
RER1	1	2390670	2405444
PEX10	1	2403964	2413797
PLCH2	1	2425980	2505532
PANK4	1	2508534	2526612
HES5	1	2528745	2530263
TNFRSF14	1	2554244	2565382
MMEL1	1	2590639	2633016
TTC34	1	2636986	2801693
PRDM16	1	3069168	3438621
ARHGEF16	1	3454550	3481127
MEGF6	1	3487942	3611543
TPRG1L	1	3624979	3630131
WRAP73	1	3630767	3652761
TP73	1	3652516	3736201
SMIM1	1	3772655	3776709
LRRC47	1	3778559	3796511
CEP104	1	3812086	3857723
DFFB	1	3857267	3885429
C1orf174	1	3889125	3900293
LINC01134	1	3900187	3917547
AJAP1	1	4654609	4792534
NPHP4	1	5862804	5993455
KCNAB2	1	5990927	6101193
RPL22	1	6185020	6209389
RNF207	1	6205392	6221299
ICMT	1	6221193	6235972
GPR153	1	6247347	6261098
ACOT7	1	6264268	6393767
HES2	1	6412418	6424690
ESPN	1	6424776	6461367
TNFRSF25	1	6460786	6466181
PLEKHG5	1	6467122	6520074
NOL9	1	6521347	6554536
TAS1R1	1	6555307	6579755
ZBTB48	1	6579994	6589280
KLHL21	1	6590724	6614607
PHF13	1	6613731	6624030
THAP3	1	6624845	6635586
DNAJC11	1	6634168	6701924
CAMTA1	1	6785454	7769706
VAMP3	1	7771296	7781432
PER3	1	7784291	7845181
TNFRSF9	1	7915871	7943165
PARK7	1	7954264	7985505
ERRFI1	1	8004404	8026312
SLC45A1	1	8318104	8344167
RERE	1	8352397	8848921
ENO1	1	8860977	8879289
ENO1-AS1	1	8878464	8880122
SLC2A5	1	9035106	9088478
GPR157	1	9100305	9129122
MIR34AHG	1	9139555	9202826
H6PD	1	9234774	9271337
SPSB1	1	9292101	9369532
SLC25A33	1	9539465	9585173
TMEM201	1	9588721	9614877
PIK3CD	1	9629889	9730117
PIK3CD-AS2	1	9672405	9687604
CLSTN1	1	9728926	9823993
CTNNBIP1	1	9848269	9910368
LZIC	1	9922113	9943407
NMNAT1	1	9943428	9985501
RBP7	1	9997054	10016021
UBE4B	1	10032832	10181244
KIF1B	1	10210533	10381606
PGD	1	10398592	10420511
DFFA	1	10456522	10472549
PEX14	1	10472288	10630758
CASZ1	1	10636604	10796650
TARDBP	1	11012344	11030528
MASP2	1	11022009	11047241
SRM	1	11054584	11060053
EXOSC10	1	11066613	11099898
MTOR	1	11106531	11262556
UBIAD1	1	11273198	11296049
FBXO2	1	11637018	11655785
FBXO44	1	11650618	11663327
MAD2L2	1	11657230	11692605
FBXO6	1	11664189	11674354
DRAXIN	1	11690958	11725857
AGTRAP	1	11736084	11754802
C1orf167	1	11761787	11789585
MTHFR	1	11785723	11806455
CLCN6	1	11806096	11848079
NPPA	1	11845709	11848345
NPPB	1	11857464	11858976
KIAA2013	1	11919591	11926428
PLOD1	1	11934205	11975542
MFN2	1	11980181	12015211
MIIP	1	12019466	12032046
TNFRSF8	1	12063303	12144207
TNFRSF1B	1	12166977	12209228
VPS13D	1	12230030	12512047
DHRS3	1	12567909	12620133
PDPN	1	13583465	13617957
PRDM2	1	13700188	13825079
KAZN	1	13892792	15118043
TMEM51-AS1	1	15111815	15153618
TMEM51	1	15152498	15220484
FHAD1	1	15236521	15400283
EFHD2	1	15409849	15430339
CTRC	1	15438442	15449242
CASP9	1	15490832	15526534
DNAJC16	1	15526813	15592379
AGMAT	1	15571699	15585078
DDI2	1	15617458	15669044
PLEKHM2	1	15681461	15734769
SLC25A34	1	15736176	15741392
FBLIM1	1	15756604	15786594
UQCRHL	1	15807169	15809348
SPEN	1	15836095	15940456
ZBTB17	1	15940403	15976132
HSPB7	1	16014028	16020597
FAM131C	1	16057769	16073651
EPHA2	1	16124337	16156069
ARHGEF19	1	16197854	16212893
FBXO42	1	16246840	16352487
SZRD1	1	16352575	16398147
SPATA21	1	16387117	16437424
NECAP2	1	16440707	16460081
NBPF1	1	16562319	16613562
CROCC	1	16740273	16972964
MFAP2	1	16974498	16981616
ATP13A2	1	16985958	17011928
SDHB	1	17018664	17054151
PADI2	1	17066761	17119459
RCC2	1	17406755	17439772
ARHGEF10L	1	17539368	17697876
IGSF21	1	18107710	18378483
KLHDC7A	1	18480930	18485974
ALDH4A1	1	18871425	18902799
IFFO2	1	18904280	18956676
UBR4	1	19074510	19210266
EMC1	1	19215660	19251552
MRTO4	1	19251796	19260128
AKR7A3	1	19282496	19288823
AKR7A2	1	19301991	19312144
CAPZB	1	19338775	19485600
NBL1	1	19596979	19658456
TMCO4	1	19682207	19800500
OTUD3	1	19882395	19912945
PLA2G2A	1	19975431	19980462
PLA2G5	1	20028179	20091911
PLA2G2D	1	20111939	20119566
VWA5B1	1	20290875	20359534
CAMK2N1	1	20482391	20486210
MUL1	1	20499445	20508151
FAM43B	1	20552573	20555020
CDA	1	20588932	20618908
PINK1	1	20633458	20651511
PINK1-AS	1	20642657	20652193
DDOST	1	20651767	20661544
KIF17	1	20664011	20718017
SH2D5	1	20719724	20732837
HP1BP3	1	20739095	20787323
EIF4G3	1	20806292	21177285
ECE1	1	21217247	21345572
NBPF3	1	21440099	21485005
ALPL	1	21509397	21578410
RAP1GAP	1	21596215	21669846
USP48	1	21678298	21783606
HSPG2	1	21822244	21937310
LINC00339	1	22024558	22031223
CDC42	1	22052627	22101360
ZBTB40	1	22428838	22531157
C1QA	1	22635057	22639681
C1QC	1	22642558	22648110
C1QB	1	22652713	22661637
EPHB2	1	22710839	22921500
KDM1A	1	23019395	23083693
LUZP1	1	23084030	23178152
LINC01355	1	23281307	23287488
HNRNPR	1	23303771	23344358
ZNF436	1	23359448	23369836
ZNF436-AS1	1	23368485	23371858
TCEA3	1	23370591	23425169
ASAP3	1	23428561	23484637
E2F2	1	23506438	23531233
ID3	1	23557917	23559883
RPL11	1	23691685	23696835
PITHD1	1	23778393	23788232
LYPLA2	1	23791110	23795544
GALE	1	23795599	23800781
HMGCL	1	23801877	23838620
FUCA1	1	23845077	23868356
PNRC2	1	23956839	23963776
SRSF10	1	23964347	23980927
IFNLR1	1	24154168	24187959
GRHL3	1	24199558	24364482
STPG1	1	24355886	24416934
NIPAL3	1	24413527	24476735
RCAN3	1	24502340	24541040
NCMAP	1	24556076	24609328
SRRM1	1	24631716	24673281
CLIC4	1	24745342	24844321
RUNX3	1	24899511	24965121
SYF2	1	25222276	25232504
RSRP1	1	25242248	25338244
TMEM50A	1	25338295	25362362
RHCE	1	25362249	25430192
LDLRAP1	1	25543573	25591200
MAN1C1	1	25616791	25786205
MTFR1L	1	25818640	25832947
AUNIP	1	25831913	25859458
PAQR7	1	25861484	25875874
STMN1	1	25884181	25907237
PAFAH2	1	25959767	25999206
EXTL1	1	26019884	26036464
SLC30A2	1	26037252	26046136
TRIM63	1	26051301	26068436
PDIK1L	1	26111157	26125555
FAM110D	1	26159047	26163962
ZNF593	1	26169908	26170873
CNKSR1	1	26177476	26189884
CEP85	1	26233669	26278814
SH3BGRL3	1	26280057	26281522
UBXN11	1	26281328	26318363
CD52	1	26317958	26320523
LIN28A	1	26410817	26429728
DHDDS	1	26432282	26471322
HMGN2	1	26472013	26478209
RPS6KA1	1	26529756	26575030
ARID1A	1	26693236	26782104
PIGV	1	26787054	26800659
ZDHHC18	1	26826688	26857604
SFN	1	26863149	26864456
GPN2	1	26876132	26890283
GPATCH3	1	26890488	26900467
NUDC	1	26900238	26946885
TRNP1	1	26993692	27001912
SLC9A1	1	27098809	27166981
WDTC1	1	27233776	27308711
TMEM222	1	27322139	27336401
SYTL1	1	27342009	27353937
MAP3K6	1	27355180	27366972
FCN3	1	27369108	27374854
GPR3	1	27392622	27395814
WASF2	1	27404226	27490308
AHDC1	1	27534035	27604431
FGR	1	27612064	27635565
IFI6	1	27666064	27672212
FAM76A	1	27725961	27763116
STX12	1	27773195	27824443
PPP1R8	1	27830782	27851676
THEMIS2	1	27872543	27886685
RPA2	1	27891524	27914746
SMPDL3B	1	27935000	27959157
XKR8	1	27959588	27968093
EYA3	1	27970344	28088731
PTAFR	1	28147166	28194083
DNAJC8	1	28199456	28233032
SESN2	1	28259473	28282491
MED18	1	28329002	28335965
PHACTR4	1	28369563	28500364
RCC1	1	28505943	28539300
TRNAU1AP	1	28553001	28578545
SNHG12	1	28578536	28583132
TAF12	1	28587829	28648364
RAB42	1	28592200	28595449
GMEB1	1	28668280	28719353
YTHDF2	1	28736621	28769784
OPRD1	1	28812170	28871267
EPB41	1	28887091	29120046
TMEM200B	1	29119429	29123918
SRSF4	1	29147743	29181922
MECR	1	29192657	29230945
PTPRU	1	29236505	29326813
MATN1	1	30711277	30723585
MATN1-AS1	1	30718504	30726846
LAPTM5	1	30732465	30757855
SDC3	1	30869466	30908810
PUM1	1	30931505	31065991
NKAIN1	1	31179344	31239966
SNRNP40	1	31259568	31296788
ZCCHC17	1	31296982	31365527
FABP3	1	31364010	31376850
SERINC2	1	31409565	31434680
TINAGL1	1	31576485	31587689
PEF1	1	31629866	31644896
COL16A1	1	31652260	31704319
ADGRB2	1	31727117	31764893
SPOCD1	1	31790422	31816022
PTP4A2	1	31906421	31944856
KHDRBS1	1	32013687	32060850
TMEM39B	1	32072031	32102866
KPNA6	1	32108056	32176563
TXLNA	1	32178097	32198299
CCDC28B	1	32200383	32205453
IQCC	1	32205648	32208688
TMEM234	1	32214472	32222359
EIF3I	1	32221077	32245397
FAM167B	1	32247222	32248856
LCK	1	32251244	32286170
HDAC1	1	32291921	32333635
MARCKSL1	1	32333827	32336233
TSSK3	1	32351521	32364312
FAM229A	1	32361270	32364278
BSDC1	1	32364633	32394731
ZBTB8B	1	32465050	32496686
ZBTB8A	1	32539142	32605941
ZBTB8OS	1	32600172	32650969
RBBP4	1	32651142	32686211
SYNC	1	32679906	32703596
S100PBP	1	32816408	32858879
FNDC5	1	32862268	32872482
HPCA	1	32881498	32898441
TMEM54	1	32894593	32901440
RNF19B	1	32929036	32964915
AK2	1	33007986	33080996
AZIN2	1	33081104	33123492
TRIM62	1	33145399	33182059
ZNF362	1	33256359	33300719
PHC2	1	33323623	33431095
ZSCAN20	1	33472597	33501643
CSMD2	1	33513998	34165842
C1orf94	1	34166883	34219131
SMIM12	1	34712737	34859805
GJA4	1	34792997	34795756
DLGAP3	1	34865436	34929650
ZMYM6	1	34986144	35031951
ZMYM1	1	35032172	35118818
SFPQ	1	35176378	35193446
ZMYM4	1	35268667	35422058
KIAA0319L	1	35393883	35557950
NCDN	1	35557456	35567274
TFAP2E	1	35573314	35595328
PSMB2	1	35599541	35641526
C1orf216	1	35713875	35718894
CLSPN	1	35720218	35770002
AGO4	1	35808016	35857890
AGO1	1	35869808	35930532
AGO3	1	35930696	36072500
TEKT2	1	36084094	36088278
COL8A2	1	36095239	36125222
TRAPPC3	1	36136570	36156053
MAP7D1	1	36155579	36180849
THRAP3	1	36224392	36305376
SH3D21	1	36306368	36329340
EVA1B	1	36322030	36324154
STK40	1	36339620	36385927
LSM10	1	36391238	36397945
OSCP1	1	36415827	36450451
MRPS15	1	36455718	36464418
CSF3R	1	36465669	36483322
GRIK3	1	36795527	37034515
ZC3H12A	1	37474496	37484379
MEAF6	1	37489993	37514806
SNIP1	1	37534449	37554293
DNALI1	1	37556919	37566857
GNL2	1	37566815	37595955
CDCA8	1	37692481	37709719
EPHA10	1	37713880	37765133
MANEAL	1	37793847	37804557
YRDC	1	37802945	37808208
C1orf122	1	37806979	37809454
MTF1	1	37809574	37859614
INPP5B	1	37860696	37947077
SF3A3	1	37956975	37990517
FHL3	1	37994394	38006380
POU3F1	1	38043829	38046793
RRAGC	1	38838198	38859772
MYCBP	1	38862493	38873378
RHBDL2	1	38885807	38941830
AKIRIN1	1	38991272	39006059
NDUFS5	1	39026318	39034636
MACF1	1	39081316	39487177
PABPC4	1	39560709	39576868
HEYL	1	39623435	39639643
HPCAL4	1	39678648	39691485
PPIE	1	39692182	39763914
BMP8B	1	39757182	39788865
OXCT2	1	39769523	39771348
TRIT1	1	39838110	39883511
MYCL	1	39895428	39902256
MFSD2A	1	39955112	39969968
CAP1	1	40039735	40072767
PPT1	1	40072710	40097267
RLF	1	40161387	40240921
ZMPSTE24	1	40258041	40294180
COL9A2	1	40300487	40317813
SMAP2	1	40344850	40423326
ZFP69B	1	40450053	40464142
ZFP69	1	40477233	40496530
EXO5	1	40508441	40517724
ZNF684	1	40531573	40548168
RIMS3	1	40620679	40665690
NFYC-AS1	1	40669089	40692086
NFYC	1	40691570	40771606
KCNQ4	1	40783675	40840452
CITED4	1	40861054	40862363
CTPS1	1	40979300	41012565
SCMH1	1	41027202	41242306
FOXO6	1	41361922	41383590
HIVEP3	1	41506365	42035925
FOXJ3	1	42176535	42335913
RIMKLA	1	42380792	42424232
ZMYND12	1	42430329	42456253
PPCS	1	42456117	42473385
CCDC30	1	42463221	42657190
PPIH	1	42658185	42676758
YBX1	1	42682408	42703805
P3H1	1	42746335	42767084
C1orf50	1	42767245	42779491
SVBP	1	42807040	42817397
ERMAP	1	42817078	42845907
ZNF691	1	42846573	42852477
SLC2A1	1	42925353	42958893
EBNA1BP2	1	43164175	43270936
CFAP57	1	43172330	43254358
TMEM125	1	43269979	43274007
TIE1	1	43300971	43323108
CDC20	1	43358928	43363207
ELOVL1	1	43363396	43368075
MED8	1	43383917	43389808
SZT2	1	43389882	43454247
HYI	1	43450607	43453999
HYI-AS1	1	43453927	43456995
PTPRF	1	43525086	43626579
KDM4A	1	43649256	43705518
KDM4A-AS1	1	43685123	43708138
ST3GAL3	1	43705824	43931167
ARTN	1	43933320	43937244
IPO13	1	43946830	43968024
DPH2	1	43969978	43973373
ATP6V0B	1	43974487	43978295
B4GALT2	1	43978943	43991173
CCDC24	1	43991359	43996529
SLC6A9	1	43991500	44031467
KLF17	1	44118821	44135140
DMAP1	1	44213427	44220681
ERI3	1	44221070	44355267
RNF220	1	44405185	44651724
TMEM53	1	44635238	44674481
KIF2C	1	44739817	44767767
RPS8	1	44775251	44778779
BEST4	1	44781836	44791550
PLK3	1	44800346	44805995
BTBD19	1	44808523	44817381
PTCH2	1	44819154	44843253
EIF2B3	1	44850522	44986722
HECTD3	1	45002540	45011369
UROD	1	45010950	45015575
ZSWIM5	1	45016395	45306209
LINC01144	1	45303910	45305619
HPDL	1	45326895	45328710
MUTYH	1	45329163	45340893
TOE1	1	45340012	45343976
TESK2	1	45343877	45491203
MMACHC	1	45500300	45513382
PRDX1	1	45510914	45542816
AKR1A1	1	45550475	45570051
NASP	1	45583581	45618905
CCDC17	1	45620044	45624058
GPBP1L1	1	45627284	45688408
TMEM69	1	45688149	45694443
IPP	1	45694324	45750653
MAST2	1	45786987	46036228
PIK3R3	1	46040140	46133338
TSPAN1	1	46173794	46185968
POMGNT1	1	46188681	46220305
LURAP1	1	46203334	46221256
RAD54L	1	46246461	46278482
LRRC41	1	46261196	46303616
UQCRH	1	46300900	46316796
NSUN4	1	46340719	46369218
FAAH	1	46394265	46415754
MKNK1	1	46557407	46616843
MOB3C	1	46607719	46616862
ATPAF1	1	46632071	46673867
EFCAB14	1	46674659	46719146
LINC00853	1	47179250	47180613
PDZK1IP1	1	47183582	47191398
TAL1	1	47216290	47232225
STIL	1	47250139	47314892
CMPK1	1	47333790	47394866
FOXD2-AS1	1	47432133	47434641
FOXD2	1	47438044	47440691
SPATA6	1	48295373	48472279
AGBL4	1	48532854	50023954
BEND5	1	48727519	48776969
ELAVL4	1	50024029	50203772
DMRTA2	1	50417550	50423468
FAF1	1	50437028	50960279
CDKN2C	1	50960745	50974634
LINC01562	1	51195095	51236897
RNF11	1	51235625	51273447
TTC39A	1	51287258	51345116
EPS15	1	51354263	51519387
OSBPL9	1	51577179	51798427
NRDC	1	51787517	51878805
RAB3B	1	51907956	51990700
TXNDC12	1	52020130	52055772
KTI12	1	52032103	52033810
BTF3L4	1	52056199	52090716
ZFYVE9	1	52141888	52348671
CC2D1B	1	52345723	52366318
ORC1	1	52372010	52404471
PRPF38A	1	52404060	52420836
GPX7	1	52602371	52609051
COA7	1	52684449	52698355
ZYG11B	1	52726447	52827336
ECHDC2	1	52895910	52927212
SCP2	1	52927276	53051698
PODN	1	53061293	53093681
CPT2	1	53196792	53214197
MAGOH	1	53226890	53238621
LRP8	1	53242364	53328469
NDC1	1	53765460	53838560
YIPF1	1	53847531	53890683
LRRC42	1	53946045	53968168
TMEM59	1	54026681	54053504
TCEANC2	1	54052867	54112519
CYB5RL	1	54169651	54200073
MRPL37	1	54184041	54225464
SSBP3	1	54225432	54413479
ACOT11	1	54542257	54639192
MROH7	1	54641754	54710266
TTC4	1	54715835	54742657
PARS2	1	54756594	54764546
DHCR24	1	54849627	54887207
USP24	1	55066359	55215753
PLPP3	1	56494761	56645301
PRKAA2	1	56645314	56715335
DAB1	1	56994778	58546734
OMA1	1	58415384	58546838
MYSM1	1	58643440	58700090
JUN	1	58776845	58784048
FGGY	1	59295910	59810647
HOOK1	1	59814786	59876369
CYP2J2	1	59893308	59926822
NFIA	1	60865259	61462788
NFIA-AS2	1	60912675	61056885
TM2D1	1	61673636	61725423
USP1	1	62436041	62451804
DOCK7	1	62454298	62688464
ATG4C	1	62783821	62865999
FOXD3-AS1	1	63320056	63324801
ITGB3BP	1	63320884	63593721
FOXD3	1	63322567	63325128
ALG6	1	63367575	63438553
EFCAB7	1	63523372	63572693
PGM1	1	63593241	63660245
ROR1	1	63774017	64181498
CACHD1	1	64469765	64693058
RAVER2	1	64744861	64833233
JAK1	1	64833223	65067754
AK4	1	65146902	65232145
DNAJC6	1	65248219	65415871
LEPROT	1	65420587	65436007
LEPR	1	65420652	65641559
PDE4B	1	65792514	66374579
SGIP1	1	66533267	66751139
MIER1	1	66924895	66988619
SLC35D1	1	66999350	67054159
SERBP1	1	67407810	67430415
GADD45A	1	67685201	67688334
GNG12	1	67701466	67833476
GNG12-AS1	1	67832193	68202987
DIRAS3	1	68045886	68051717
WLS	1	68098473	68233120
RPE65	1	68428822	68451103
DEPDC1	1	68474152	68497230
LRRC7	1	69567922	70151945
LRRC40	1	70143411	70205639
SRSF11	1	70205670	70253052
ANKRD13C	1	70258999	70354734
CTH	1	70406194	70442771
PTGER3	1	70852353	71047816
ZRANB2-AS1	1	71047497	71067483
ZRANB2	1	71063251	71081289
NEGR1	1	71395943	72282539
LRRIQ3	1	74026015	74198187
FPGT-TNNI3K	1	74198235	74544393
FPGT	1	74198238	74234086
TNNI3K	1	74235285	74544432
ERICH3	1	74568117	74673792
CRYZ	1	74701488	74733104
TYW3	1	74733152	74767555
SLC44A5	1	75202129	75611114
ACADM	1	75724431	75787575
RABGGTB	1	75786188	75795086
ST6GALNAC3	1	76074746	76634603
ST6GALNAC5	1	76867447	77067546
PIGK	1	77088987	77219508
AK5	1	77282019	77559966
USP33	1	77694725	77759884
NEXN-AS1	1	77881348	77889539
NEXN	1	77888480	77943895
FUBP1	1	77944055	77979527
DNAJB4	1	77979070	78018529
GIPC2	1	77979542	78138448
IFI44L	1	78619902	78646145
IFI44	1	78647078	78664412
ADGRL4	1	78889764	79282124
ADGRL2	1	81306112	81993940
TTLL7	1	83865024	83999164
PRKACB	1	84078062	84238498
SAMD13	1	84298366	84389957
DNASE2B	1	84398484	84415018
RPF1	1	84479257	84498352
GNG5	1	84498284	84507237
CTBS	1	84549611	84574480
SSX2IP	1	84643706	84690955
MCOLN2	1	84925583	84997115
MCOLN3	1	85018082	85048679
SYDE2	1	85156851	85201724
C1orf52	1	85249953	85259672
BCL10	1	85265776	85276632
DDAH1	1	85318481	85578363
ZNHIT6	1	85649417	85708433
COL24A1	1	85729233	86156943
ODF2L	1	86346824	86396342
CLCA2	1	86424171	86456553
SH3GLB1	1	86704520	86748184
HS2ST1	1	86914635	87109982
LINC01140	1	87129765	87169198
LMO4	1	87328428	87348923
PKN2-AS1	1	87620803	88685450
PKN2	1	88684222	88836255
GTF2B	1	88852633	88891944
RBMXL1	1	88979456	88992960
GBP3	1	89006666	89022894
GBP1	1	89051505	89072769
GBP2	1	89106132	89150456
GBP7	1	89131742	89176062
GBP4	1	89181144	89198942
GBP5	1	89256189	89272890
GBP6	1	89363895	89388160
LRRC8B	1	89524829	89597861
LRRC8C	1	89632707	89769903
LRRC8D	1	89820978	89936611
ZNF326	1	89995110	90035533
ZNF644	1	90915298	91022376
HFM1	1	91260766	91404856
CDC7	1	91500535	91527360
TGFBR3	1	91680343	91906335
BRDT	1	91949343	92014426
EPHX4	1	92029475	92063538
SETSIP	1	92074533	92075411
BTBD8	1	92080305	92184725
GLMN	1	92245788	92299009
RPAP2	1	92299028	92402056
EVI5	1	92508696	92792416
RPL5	1	92831990	92841924
MTF2	1	93079235	93139079
TMED5	1	93149742	93180516
CCDC18	1	93179895	93279048
DR1	1	93345907	93369493
FNBP1L	1	93448055	93554661
BCAR3	1	93561741	93847488
DNTTIP2	1	93866284	93879918
GCLM	1	93885199	93909513
ARHGAP29	1	94148988	94275068
ABCD3	1	94418242	94518666
F3	1	94529173	94541851
SLC44A3	1	94820278	94895246
CNN3	1	94896949	94927696
ALG14	1	94974405	95072951
RWDD3	1	95234189	95247685
PTBP2	1	96721573	96823738
DPYD	1	97077743	97995000
DPYD-AS1	1	97095923	97322955
SNX7	1	98661672	98760504
PLPPR5	1	98890245	99227929
PLPPR4	1	99264292	99309590
PALMD	1	99645499	99695178
AGL	1	99849777	99924024
SLC35A3	1	99969351	100035634
MFSD14A	1	100038076	100083945
SASS6	1	100083563	100132955
TRMT13	1	100133045	100150496
LRRC39	1	100148424	100178267
DBT	1	100182222	100249873
RTCA-AS1	1	100251528	100266182
RTCA	1	100266160	100292769
CDC14A	1	100325629	100520277
GPR88	1	100538139	100542021
VCAM1	1	100719684	100739045
EXTL2	1	100872372	100896000
SLC30A7	1	100896061	100996260
DPH5	1	100989623	101026110
S1PR1	1	101235366	101243713
OLFM3	1	101802560	101997020
COL11A1	1	102876467	103108872
RNPC3	1	103525675	103555239
AMY2B	1	103553815	103579534
AMY2A	1	103617427	103625780
PRMT6	1	107056674	107067636
NTNG1	1	107140007	107484923
VAV3	1	107571161	107965180
SLC25A24	1	108134043	108200849
HENMT1	1	108648285	108661526
PRPF38B	1	108692310	108702928
STXBP3	1	108746634	108809525
AKNAD1	1	108815898	108963484
SPATA42	1	108857160	108858529
GPSM2	1	108875350	108934545
CLCC1	1	108881885	108963527
WDR47	1	108970211	109042169
TAF13	1	109062496	109076012
TMEM167B	1	109090367	109096935
CELSR2	1	109249539	109275751
PSRC1	1	109279545	109284107
MYBPHL	1	109292363	109307213
SORT1	1	109309568	109397967
PSMA5	1	109399042	109426471
SYPL2	1	109466542	109482134
ATXN7L2	1	109483479	109492812
CYB561D1	1	109494052	109502932
AMIGO1	1	109504178	109509738
GNAI3	1	109548584	109600195
AMPD2	1	109616104	109632055
GSTM4	1	109656099	109665496
GSTM2	1	109667348	109709551
GSTM1	1	109687340	109709039
GSTM5	1	109711746	109775428
GSTM3	1	109733932	109741038
CSF1	1	109910242	109930993
AHCYL1	1	109984765	110023742
STRIP1	1	110031577	110074641
ALX3	1	110059870	110070672
UBL4B	1	110112443	110113947
SLC6A17	1	110150494	110202202
KCNC4	1	110210314	110283100
RBM15	1	110338506	110346681
SLC16A4	1	110362848	110391082
LAMTOR5	1	110401249	110407942
KCNA2	1	110519837	110631474
CD53	1	110871176	110899936
LRIF1	1	110946652	110963988
DRAM2	1	111115884	111140225
CEPT1	1	111139479	111185507
DENND2D	1	111185969	111204535
CHI3L2	1	111200771	111243440
OVGP1	1	111414319	111427735
WDR77	1	111439890	111449256
C1orf162	1	111473792	111478512
TMIGD3	1	111483348	111563962
ADORA3	1	111499429	111503633
RAP1A	1	111542218	111716691
LINC01160	1	111599655	111608723
DDX20	1	111754832	111775602
KCND3	1	111770662	111989668
CTTNBP2NL	1	112396202	112463456
WNT2B	1	112466541	112530165
ST7L	1	112523487	112620825
CAPZA1	1	112619173	112671616
MOV10	1	112673141	112702383
RHOC	1	112701127	112707845
PPM1J	1	112709994	112715336
LINC01356	1	112820170	112850643
SLC16A1-AS1	1	112849483	113047059
SLC16A1	1	112911847	112957593
LRIG2	1	113073179	113132260
MAGI3	1	113390501	113685923
PHTF1	1	113696052	113759908
RSBN1	1	113761832	113812476
AP4B1-AS1	1	113812379	113901237
PTPN22	1	113813811	113871753
BCL2L15	1	113876816	113887581
AP4B1	1	113894194	113905722
DCLRE1B	1	113904403	113914086
HIPK1-AS1	1	113911900	113929551
HIPK1	1	113929324	113977869
OLFML3	1	113979024	114035572
SYT6	1	114089291	114153880
TRIM33	1	114392781	114511244
BCAS2	1	114567552	114581648
DENND2C	1	114582848	114670451
NRAS	1	114704469	114716771
CSDE1	1	114716913	114758704
SIKE1	1	114769479	114780699
TSPAN2	1	115048011	115089503
VANGL1	1	115641854	115698224
NHLH2	1	115836377	115843917
SLC22A15	1	115976477	116070054
ATP1A1	1	116372668	116410261
CD58	1	116514534	116571039
IGSF3	1	116574399	116667820
CD2	1	116754370	116769229
PTGFRN	1	116909894	116990358
CD101	1	117001721	117036552
TTF2	1	117060294	117107453
TRIM45	1	117111060	117122587
MAN1A2	1	117367449	117528872
GDAP2	1	117863485	117929662
WDR3	1	117929063	117966543
SPAG17	1	117953590	118185228
TBX15	1	118883046	118989556
WARS2	1	119030284	119140673
WARS2-IT1	1	119047405	119064785
ZNF697	1	119619377	119648454
PHGDH	1	119648411	119744227
NOTCH2	1	119911553	120100779
SEC22B	1	120150898	120176520
NBPF26	1	120723945	120842229
LINC00623	1	120912108	121014953
FAM72B	1	121167646	121185539
SRGAP2C	1	121184811	121392874
FAM72C	1	143955287	143971986
IGKV1OR1-1	1	144085628	144086098
NBPF15	1	144421390	144461676
SRGAP2B	1	144887191	145095528
FAM72D	1	145095971	145112696
NBPF20	1	145289900	145425603
GPR89A	1	145607982	145670980
PDZK1	1	145670848	145708148
CD160	1	145719443	145740760
RNF115	1	145738868	145824095
POLR3C	1	145823959	145844721
NUDT17	1	145845603	145848954
PIAS3	1	145848521	145859836
ANKRD35	1	145866560	145886088
ITGA10	1	145891206	145910111
PEX11B	1	145911349	145918730
RBM8A	1	145921065	145928067
LIX1L	1	145933423	145958017
ANKRD34A	1	145959441	145964575
POLR3GL	1	145964690	145978848
TXNIP	1	145992435	145996580
NBPF10	1	146064711	146229000
NBPF12	1	146938324	146996202
PRKAB2	1	147155106	147173716
FMO5	1	147175351	147243050
CHD1L	1	147242643	147295767
BCL9	1	147541501	147626216
ACP6	1	147629652	147670531
GPR89B	1	147928393	147993592
NBPF11	1	148102042	148152342
LINC01138	1	148254495	148529415
PPIAL4G	1	148482548	148483302
NBPF14	1	148531385	148679742
PDE4DIP	1	148808140	149048286
NBPF9	1	149052186	149103591
NBPF19	1	149475045	149556361
FCGR1A	1	149782650	149792526
BOLA1	1	149887890	149900798
SV2A	1	149903318	149918572
SF3B4	1	149923317	149927803
MTMR11	1	149928651	149937523
OTUD7B	1	149937812	150010758
VPS45	1	150067279	150145329
PLEKHO1	1	150149183	150164720
ANP32E	1	150218417	150236202
CA14	1	150257251	150265078
APH1A	1	150265399	150269580
C1orf54	1	150268034	150281735
CIART	1	150282543	150287093
MRPS21	1	150293854	150308981
PRPF3	1	150321479	150353233
RPRD2	1	150363091	150476566
TARS2	1	150487325	150507613
ECM1	1	150507989	150513789
FALEC	1	150515667	150537267
ADAMTSL4	1	150549369	150560937
MCL1	1	150560895	150579738
ENSA	1	150600851	150629612
GOLPH3L	1	150646228	150697219
CTSS	1	150730079	150765957
CTSK	1	150794880	150809577
ARNT	1	150808617	150876771
SETDB1	1	150926263	150964744
CERS2	1	150960583	150977396
C1orf56	1	151047751	151051986
CDC42SE1	1	151050971	151070325
MLLT11	1	151057871	151069544
GABPB2	1	151070514	151125542
SEMA6C	1	151131685	151147813
TNFAIP8L2	1	151156621	151160255
SCNM1	1	151156664	151170296
LYSMD1	1	151159748	151165948
VPS72	1	151176304	151195321
PIP5K1A	1	151197949	151249538
PSMD4	1	151254709	151267479
ZNF687	1	151281502	151292180
PI4KB	1	151291792	151328394
RFX5	1	151340640	151347339
SELENBP1	1	151364302	151372716
PSMB4	1	151399556	151401941
POGZ	1	151402724	151459494
CGN	1	151510139	151538692
TUFT1	1	151540305	151583583
SNX27	1	151612006	151699091
CELF3	1	151700058	151716803
RIIAD1	1	151710433	151729805
MRPL9	1	151759647	151763496
OAZ3	1	151762899	151771334
TDRKH	1	151769799	151791416
C2CD4D	1	151837818	151840557
THEM4	1	151870866	151909637
S100A10	1	151982903	151993859
S100A11	1	152032504	152047907
TCHH	1	152106317	152115444
FLG2	1	152348735	152360006
S100A9	1	153357767	153361027
S100A8	1	153390032	153391142
S100A6	1	153534591	153536549
S100A4	1	153543613	153550136
S100A3	1	153547329	153550151
S100A2	1	153560950	153568674
S100A16	1	153606882	153614012
S100A13	1	153618612	153634442
S100A1	1	153627926	153632044
CHTOP	1	153633982	153646306
SNAPIN	1	153658696	153663930
ILF2	1	153661788	153671028
NPR1	1	153677965	153694110
INTS3	1	153728050	153774808
SLC27A3	1	153774354	153780158
GATAD2B	1	153789030	153923360
DENND4B	1	153928864	153946744
CRTC2	1	153947669	153958634
SLC39A1	1	153959099	153968667
CREB3L4	1	153963719	153974364
JTB	1	153974269	153977674
RAB13	1	153981617	153986377
RPS27	1	153990749	153992333
TPM3	1	154155308	154194648
C1orf43	1	154206668	154220681
UBAP2L	1	154220179	154271510
HAX1	1	154269393	154275882
ATP8B2	1	154325520	154351307
IL6R	1	154405193	154469450
SHE	1	154469772	154502472
UBE2Q1	1	154548550	154559028
CHRNB2	1	154567778	154580013
ADAR	1	154581695	154628013
KCNN3	1	154697455	154870281
PMVK	1	154924732	154937008
PBXIP1	1	154944059	154956451
PYGO2	1	154957026	154963853
SHC1	1	154962284	154974395
CKS1B	1	154974641	154979251
FLAD1	1	154983338	154993111
LENEP	1	154993586	154994315
ZBTB7B	1	155002543	155018525
ADAM15	1	155050566	155062780
EFNA4	1	155063737	155069553
EFNA3	1	155078823	155087538
EFNA1	1	155127876	155134899
SLC50A1	1	155135344	155138857
DPM3	1	155139886	155140595
KRTCAP2	1	155169408	155173475
TRIM46	1	155173787	155184971
MUC1	1	155185824	155192916
THBS3	1	155195587	155209051
MTX1	1	155208695	155213824
SCAMP3	1	155255979	155262433
CLK2	1	155262868	155278491
HCN3	1	155277328	155289848
FDPS	1	155304786	155320666
RUSC1-AS1	1	155316856	155324385
RUSC1	1	155320739	155331118
ASH1L	1	155335268	155563162
ASH1L-AS1	1	155562026	155570755
MSTO1	1	155563235	155616511
YY1AP1	1	155659446	155689334
DAP3	1	155687833	155739014
GON4L	1	155749659	155859400
SYT11	1	155859449	155885199
RIT1	1	155897808	155911408
ARHGEF2	1	155946851	156007070
SSR2	1	156009041	156020968
UBQLN4	1	156035299	156053798
LAMTOR2	1	156054738	156058510
MEX3A	1	156072013	156082465
LMNA	1	156082572	156140081
SEMA4A	1	156147366	156178869
SLC25A44	1	156193932	156212796
PMF1	1	156212989	156240423
PAQR6	1	156243320	156248117
SMG5	1	156249223	156282844
TMEM79	1	156282935	156293185
GLMP	1	156290089	156295689
CCT3	1	156308960	156367873
TSACC	1	156337314	156346995
MEF2D	1	156463727	156501266
IQGAP3	1	156525405	156572604
GPATCH4	1	156594301	156601496
HAPLN2	1	156619331	156626361
BCAN	1	156641390	156659532
NES	1	156668763	156677407
CRABP2	1	156699597	156708094
ISG20L2	1	156720796	156728766
MRPL24	1	156737294	156741590
HDGF	1	156742109	156766925
PRCC	1	156750610	156800817
SH2D2A	1	156806235	156817014
PEAR1	1	156893666	156916432
ARHGEF11	1	156934840	157046903
ETV3	1	157121191	157138474
CD1D	1	158178015	158186427
MNDA	1	158831332	158849506
PYHIN1	1	158930796	158977059
IFI16	1	158999953	159055156
AIM2	1	159056129	159188222
CADM3-AS1	1	159170320	159211455
CADM3	1	159171609	159203313
ACKR1	1	159204568	159206500
DUSP23	1	159780932	159782543
SLAMF8	1	159826693	159837492
CFAP45	1	159872364	159900165
TAGLN2	1	159918107	159925525
IGSF9	1	159927039	159949468
LINC01133	1	159941373	160025027
SLAMF9	1	159951492	159954237
KCNJ10	1	159998651	160070483
PIGM	1	160024953	160031990
KCNJ9	1	160081501	160090563
IGSF8	1	160091340	160101109
ATP1A2	1	160115758	160143595
CASQ1	1	160190385	160201886
PEA15	1	160205335	160215404
DCAF8	1	160215715	160263388
PEX19	1	160276807	160286348
COPA	1	160288594	160343566
NCSTN	1	160343294	160358957
NHLH1	1	160367071	160372846
VANGL2	1	160400564	160428678
CD84	1	160541095	160579516
CD48	1	160678746	160711831
SLAMF7	1	160739057	160754821
F11R	1	160995211	161023123
TSTD1	1	161037631	161038977
USF1	1	161039249	161045977
ARHGAP30	1	161046946	161069970
KLHDC9	1	161098361	161100346
PFDN2	1	161100556	161118069
NIT1	1	161118082	161125445
DEDD	1	161120973	161133280
UFC1	1	161152776	161158856
USP21	1	161159450	161165723
PPOX	1	161165837	161178013
B4GALT3	1	161171306	161178652
ADAMTS4	1	161184302	161200509
NDUFS2	1	161197104	161214723
FCER1G	1	161215234	161220699
TOMM40L	1	161225939	161233754
NR1I3	1	161229666	161238262
MPZ	1	161304735	161309968
SDHC	1	161314381	161363206
CFAP126	1	161364733	161367885
FCGR2A	1	161505415	161524013
HSPA6	1	161524540	161526894
FCGR3A	1	161541759	161550968
FCGR3B	1	161623196	161631963
FCGR2B	1	161662803	161679490
FCRLA	1	161706958	161714352
FCRLB	1	161721544	161728143
DUSP12	1	161749758	161757238
ATF6	1	161766261	161977574
OLFML2B	1	161983192	162023869
NOS1AP	1	162069691	162370475
C1orf226	1	162378841	162386812
UHMK1	1	162497251	162529631
UAP1	1	162561481	162601259
DDR2	1	162630863	162787405
HSD17B7	1	162790702	162812823
RGS4	1	163068775	163076802
RGS5	1	163111121	163321791
NUF2	1	163266576	163355766
PBX1	1	164555584	164899296
RXRG	1	165400922	165445355
MGST3	1	165630874	165661796
ALDH9A1	1	165662216	165698597
TMCO1	1	165724293	165827755
UCK2	1	165827586	165911618
FAM78B	1	166057426	166167001
POGK	1	166839314	166860347
TADA1	1	166856510	166876360
ILDR2	1	166895711	166975540
MAEL	1	166975582	167022214
POU2F1	1	167220876	167427345
CD247	1	167425027	167518640
CREG1	1	167529117	167553822
RCSD1	1	167629660	167708706
MPZL1	1	167721192	167791919
MPC2	1	167916675	167937502
DCAF6	1	167935783	168076223
GPR161	1	168079542	168137685
TIPRL	1	168178918	168202114
SFT2D2	1	168225938	168253021
TBX19	1	168280877	168314426
ATP1B1	1	169105697	169310992
NME7	1	169132531	169367948
BLZF1	1	169367970	169396540
CCDC181	1	169394870	169460669
SLC19A2	1	169463909	169485944
F5	1	169511951	169586588
SELL	1	169690665	169712202
SELE	1	169722640	169764705
METTL18	1	169792529	169794991
SCYL3	1	169846981	169894267
KIFAP3	1	169921326	170085208
GORAB	1	170531819	170553834
PRRX1	1	170662728	170739421
FMO3	1	171085113	171118675
FMO2	1	171185249	171212686
FMO1	1	171248471	171285978
FMO4	1	171314091	171343741
PRRC2C	1	171485530	171593511
VAMP4	1	171700160	171743206
METTL13	1	171781660	171814023
DNM3	1	171817887	172418466
DNM3OS	1	172138397	172144840
PIGC	1	172370189	172444148
SUCO	1	172532349	172611833
TNFSF18	1	173039202	173050941
TNFSF4	1	173162645	173477583
PRDX6	1	173476814	173489064
SLC9C2	1	173500460	173603072
ANKRD45	1	173608336	173669851
KLHL20	1	173714919	173786820
CENPL	1	173799550	173824883
DARS2	1	173824540	173858808
GAS5-AS1	1	173862473	173863941
ZBTB37	1	173868082	173903547
RC3H1	1	173931084	174022357
RABGAP1L	1	174159410	174995308
CACYBP	1	174999163	175012027
MRPS14	1	175010789	175023432
TNN	1	175067509	175148075
KIAA0040	1	175156986	175193265
TNR	1	175315194	175743595
PAPPA2	1	176463171	176845601
ASTN1	1	176857302	177164973
BRINP2	1	177170890	177282422
RASAL2-AS1	1	178090677	178094444
RASAL2	1	178093768	178484147
C1orf220	1	178542752	178548889
RALGPS2	1	178725165	178921842
ANGPTL1	1	178849535	178872204
FAM20B	1	179025804	179076567
TOR3A	1	179081854	179098023
ABL2	1	179099330	179229684
SOAT1	1	179293440	179358680
AXDND1	1	179365720	179554735
TOR1AIP2	1	179839967	179883034
TOR1AIP1	1	179882042	179920077
CEP350	1	179954674	180114880
QSOX1	1	180154869	180204030
LHX4	1	180230188	180278984
ACBD6	1	180269653	180502954
XPR1	1	180632016	180890279
KIAA1614	1	180912897	180951614
KIAA1614-AS1	1	180949699	180954887
STX6	1	180972712	181023121
MR1	1	181033374	181061938
IER5	1	181088700	181092900
CACNA1E	1	181317690	181813262
GLUL	1	182378098	182392206
RNASEL	1	182573634	182589272
RGS16	1	182598623	182604394
RGS8	1	182641816	182684587
NPL	1	182789293	182831017
DHX9	1	182839302	182887982
LAMC1	1	183023420	183145592
LAMC2	1	183186057	183245127
NMNAT2	1	183248237	183418380
SMG7	1	183471957	183598246
NCF2	1	183554461	183593499
ARPC5	1	183620846	183635783
RGL1	1	183636085	183928532
COLGALT2	1	183929854	184037729
TSEN15	1	184051651	184123978
C1orf21	1	184386098	184629019
EDEM3	1	184690237	184754907
RNF2	1	185044865	185102603
TRMT1L	1	185118085	185157072
SWT1	1	185156103	185291983
IVNS1ABP	1	185292931	185317780
HMCN1	1	185734391	186190949
TPR	1	186311652	186375693
PTGS2	1	186671791	186680922
PLA2G4A	1	186828949	186988986
BRINP3	1	190097658	190478404
RGS18	1	192158462	192185815
RGS1	1	192575763	192580024
RGS13	1	192636061	192660311
RGS2	1	192809039	192812275
UCHL5	1	193012246	193060080
GLRX2	1	193090866	193106114
CDC73	1	193115732	193264613
B3GALT2	1	193178730	193186613
KCNT2	1	196225779	196609225
CFH	1	196651754	196752476
CFHR1	1	196819314	196837159
ASPM	1	197084121	197146694
ZBTB41	1	197153682	197201449
CRB1	1	197268204	197478455
DENND1B	1	197504748	197775706
C1orf53	1	197902449	197907368
LHX9	1	197911902	197935478
NEK7	1	198156883	198322451
PTPRC	1	198629900	198759346
MIR181A1HG	1	198739203	198937683
NR5A2	1	200027597	200177420
LINC00862	1	200241638	200400710
ZNF281	1	200404940	200410056
KIF14	1	200551497	200620771
DDX59	1	200623896	200670049
CAMSAP2	1	200738893	200860707
KIF21B	1	200969390	201023714
TMEM9	1	201134772	201172330
IGFN1	1	201190824	201228952
TNNT2	1	201359002	201379773
PHLDA3	1	201464278	201469237
CSRP1	1	201483530	201513100
NAV1	1	201538982	201826969
IPO9-AS1	1	201688259	201829559
IPO9	1	201829104	201884291
SHISA4	1	201888679	201892587
LMOD1	1	201896456	201946551
TIMM17A	1	201955476	201970664
RNPEP	1	201982372	202006147
ELF3	1	202007945	202017183
GPR37L1	1	202122886	202133592
ARL8A	1	202133404	202144743
PTPN7	1	202147012	202161588
LGR6	1	202193692	202319781
UBE2T	1	202328714	202341984
PPP1R12B	1	202348666	202592706
SYT2	1	202590596	202710526
KDM5B	1	202724495	202808487
PCAT6	1	202810827	202827227
RABIF	1	202878282	202889149
KLHL12	1	202891096	202928636
ADIPOR1	1	202940090	202958572
CYB5R1	1	202961118	202967277
TMEM183A	1	203007356	203024848
PPFIA4	1	203026491	203078740
ADORA1	1	203090654	203167407
MYBPH	1	203167811	203175880
CHI3L1	1	203178931	203186796
CHIT1	1	203212827	203273641
LINC01353	1	203273221	203288994
BTG2	1	203305491	203309602
FMOD	1	203340623	203351758
PRELP	1	203475777	203491352
OPTC	1	203494121	203508949
ATP2B4	1	203626778	203744081
LAX1	1	203765177	203778175
ZBED6	1	203795623	203854124
ZC3H11A	1	203795623	203854999
SNRPE	1	203861598	203871152
SOX13	1	204073111	204127743
ETNK2	1	204131062	204152044
KISS1	1	204190341	204196491
GOLT1A	1	204198158	204214121
PLEKHA6	1	204218851	204378214
PPP1R15B	1	204396492	204411887
PIK3C2B	1	204422628	204494805
MDM4	1	204516369	204558120
LRRN2	1	204617170	204685738
NFASC	1	204828651	205022822
CNTN2	1	205042937	205078289
TMEM81	1	205083129	205084460
RBBP5	1	205086142	205122015
DSTYK	1	205142505	205211709
TMCC2	1	205227912	205285632
NUAK2	1	205302063	205321745
KLHDC8A	1	205336061	205357324
LEMD1	1	205381378	205455954
CDK18	1	205504561	205532976
ELK4	1	205597556	205634520
SLC45A3	1	205657851	205680990
NUCKS1	1	205712822	205750270
RAB29	1	205767986	205775482
SLC41A1	1	205789091	205813755
RAB7B	1	205976740	206003461
FAM72A	1	206186179	206204414
SRGAP2	1	206203346	206464436
IKBKE	1	206470332	206496891
RASSF5	1	206507531	206589448
EIF2D	1	206571292	206612514
DYRK3	1	206635536	206684419
MAPKAPK2	1	206684886	206734284
IL10	1	206767602	206774541
FCMR	1	206903317	206923247
C1orf116	1	207018522	207032821
PFKFB2	1	207034366	207081243
YOD1	1	207043849	207052980
CD55	1	207321514	207386804
CR1	1	207496147	207641776
CD46	1	207752037	207795513
CD34	1	207880972	207911402
PLXNA2	1	208022242	208244850
CAMK1G	1	209583714	209613939
LAMB3	1	209614870	209653106
G0S2	1	209675412	209676390
HSD11B1	1	209686178	209734949
TRAF3IP3	1	209756032	209782320
C1orf74	1	209779208	209784620
IRF6	1	209785254	209806217
SYT14	1	209900923	210171389
SERTAD4-AS1	1	210231448	210234208
SERTAD4	1	210232596	210246631
HHAT	1	210328252	210676298
KCNH1	1	210676823	211134183
RCOR3	1	211258377	211316385
TRAF5	1	211326325	211375036
LINC00467	1	211382727	211435570
SLC30A1	1	211571568	211579161
NEK2	1	211658657	211675663
LPGAT1	1	211743457	211833674
INTS7	1	211940399	212035557
DTL	1	212035553	212107400
PPP2R5A	1	212285357	212361863
NENF	1	212432853	212446379
ATF3	1	212565334	212620777
BATF3	1	212686417	212699840
NSL1	1	212726153	212791783
TATDN3	1	212791828	212816830
SPATA45	1	212830141	212847649
FLVCR1	1	212858237	212899363
VASH2	1	212950520	212992838
ANGEL2	1	212992182	213015867
RPS6KC1	1	213051233	213274774
PROX1-AS1	1	213817751	213988508
PROX1	1	213982711	214041510
SMYD2	1	214280935	214337137
PTPN14	1	214348700	214552449
CENPF	1	214603172	214664574
KCNK2	1	215005775	215237090
KCTD3	1	215567022	215623007
ESRRG	1	216503246	217137755
GPATCH2	1	217426992	217631090
SPATA17	1	217631324	217871696
RRP15	1	218285290	218337983
TGFB2-AS1	1	218344145	218347866
TGFB2	1	218345336	218444619
LYPLAL1	1	219173853	219220700
SLC30A10	1	219685427	219959018
BPNT1	1	220057079	220119267
IARS2	1	220094107	220148041
RAB3GAP2	1	220148293	220272529
MARK1	1	220528086	220664461
C1orf115	1	220690363	220699153
RNU6ATAC35P	1	220825620	220826063
HLX-AS1	1	220832763	220881473
HLX	1	220879431	220885059
DUSP10	1	221700669	221742089
TAF1A	1	222557902	222590162
TAF1A-AS1	1	222589825	222593843
MIA3	1	222618090	222668007
AIDA	1	222668013	222713210
BROX	1	222711691	222735196
FAM177B	1	222737202	222753157
DISP1	1	222814730	223006258
TLR5	1	223109339	223143318
SUSD4	1	223220819	223365279
CAPN2	1	223701593	223776018
TP53BP2	1	223779893	223845954
FBXO28	1	224114111	224162047
DEGS1	1	224175756	224193441
NVL	1	224227334	224330189
CNIH4	1	224356858	224379459
WDR26	1	224385146	224437033
CNIH3	1	224434660	224740559
DNAH14	1	224896262	225399292
LBR	1	225400900	225428925
ENAH	1	225486765	225653298
SRP9	1	225777699	225790670
EPHX1	1	225810095	225845567
TMEM63A	1	225845536	225884071
LEFTY1	1	225886279	225911382
PYCR2	1	225919397	225924340
LEFTY2	1	225936598	225941383
SDE2	1	225982702	225999350
ACBD3	1	226144679	226186762
LIN9	1	226231149	226309869
PARP1	1	226360210	226408154
ITPKB	1	226631688	226739323
PSEN2	1	226870184	226927726
CDC42BPA	1	226989865	227318492
ZNF678	1	227563543	227677443
SNAP47	1	227728200	227781826
JMJD4	1	227730412	227735411
ARF1	1	228081841	228099212
C1orf35	1	228100725	228105411
MRPL55	1	228105949	228109358
GUK1	1	228139962	228148984
GJC2	1	228149930	228159826
IBA57	1	228165777	228182257
OBSCN	1	228208044	228378876
TRIM11	1	228393672	228406841
RNF187	1	228487382	228499899
RHOU	1	228735479	228746664
RAB4A	1	229271062	229305894
CCSAP	1	229321011	229343294
ACTA1	1	229430365	229434789
NUP133	1	229440259	229508356
ABCB10	1	229516582	229558957
TAF5L	1	229593111	229626122
URB2	1	229625855	229660887
GALNT2	1	230057990	230282128
PGBD5	1	230314490	230426332
COG2	1	230642464	230693985
AGT	1	230690776	230745576
C1orf198	1	230837119	230869589
TTC13	1	230902945	230978893
ARV1	1	230978981	231000733
FAM89A	1	231018958	231040254
TRIM67	1	231162058	231221565
GNPAT	1	231241196	231277973
EXOC8	1	231332753	231337852
SPRTN	1	231337104	231355023
EGLN1	1	231363751	231422744
TSNAX	1	231528541	231566524
DISC1	1	231626790	232041272
SIPA1L2	1	232397622	232631404
MAP10	1	232805416	232809929
NTPCR	1	232950564	232983882
KCNK1	1	233614106	233672514
SLC35F3	1	233904676	234324511
COA6	1	234373456	234385080
TARBP1	1	234391313	234479197
LINC01354	1	234502343	234532575
IRF2BP2	1	234602300	234610178
LINC01132	1	234724042	234744590
TOMM20	1	235109341	235128846
RBM34	1	235131183	235161293
ARID4B	1	235131634	235328219
GGPS1	1	235327350	235344532
B3GALNT2	1	235447190	235504474
GNG4	1	235547685	235650754
LYST	1	235661041	235883724
NID1	1	235975830	236065202
GPR137B	1	236142148	236221865
ERO1B	1	236214681	236282019
EDARADD	1	236348257	236502915
LGALS8	1	236518000	236552981
HEATR1	1	236549005	236604516
ACTN2	1	236664141	236764631
MTR	1	236795260	236921278
MT1HL1	1	237004103	237004441
RYR2	1	237042184	237833988
CHRM3	1	239386513	239915452
FMN2	1	240014348	240475187
GREM2	1	240489573	240612155
RGS7	1	240767636	241357374
FH	1	241497511	241519799
KMO	1	241532134	241595642
OPN3	1	241590102	241677376
CHML	1	241628851	241640369
EXO1	1	241847967	241895148
MAP1LC3C	1	241995188	242001584
PLD5	1	242082986	242524697
CEP170	1	243124428	243255793
SDCCAG8	1	243255349	243500095
AKT3	1	243488233	243851079
ZBTB18	1	244048547	244057476
DESI2	1	244653091	244709033
COX20	1	244835616	244845480
HNRNPU	1	244840638	244864560
EFCAB2	1	244969682	245127164
KIF26B	1	245154985	245709432
SMYD3	1	245749342	246507312
TFB2M	1	246540561	246566261
CNST	1	246566338	246668595
SCCPDH	1	246724064	246768137
AHCTF1	1	246839098	246932063
ZNF695	1	246945547	247008093
ZNF670	1	247034637	247078811
ZNF669	1	247099962	247104372
ZNF124	1	247121975	247172046
ZNF496	1	247297412	247332822
NLRP3	1	247332331	247449668
TRIM58	1	247857187	247880138
LYPD8	1	248737957	248755759
SH3BP5L	1	248810446	248826522
ZNF672	1	248838210	248849520
ZNF692	1	248850004	248859144
PGBD2	1	248906196	248919946
FAM110C	2	38814	46870
SH3YL1	2	217730	266398
ACP1	2	264140	279100
TMEM18	2	663877	677470
PXDN	2	1631887	1744852
MYT1L	2	1789113	2331664
TRAPPC12	2	3379674	3485094
ADI1	2	3497366	3519559
RNASEH1	2	3541430	3558371
RPS7	2	3575198	3580952
COLEC11	2	3592791	3644649
SOX11	2	5692384	5701385
LINC00487	2	6728177	6782637
CMPK2	2	6840570	6866635
RSAD2	2	6865557	6898239
RNF144A	2	6917386	7068286
LINC00299	2	7922425	8595477
ID2-AS1	2	8666636	8681898
ID2	2	8678845	8684461
KIDINS220	2	8721081	8837630
MBOAT2	2	8852690	9003747
ASAP2	2	9206758	9405683
ITGB1BP1	2	9403475	9423891
CPSF3	2	9423631	9473110
IAH1	2	9473658	9496543
ADAM17	2	9488486	9556732
YWHAQ	2	9583967	9639472
TAF1B	2	9843443	9934416
GRHL1	2	9951693	10002277
KLF11	2	10042849	10054836
RRM2	2	10120698	10211725
HPCAL1	2	10301356	10427835
ODC1	2	10439968	10450116
NOL10	2	10562295	10690415
RN7SL832P	2	10690344	10692099
ATP6V1C2	2	10721100	10785110
PDIA6	2	10783378	10837977
KCNF1	2	10911096	10914225
ROCK2	2	11179759	11348330
E2F6	2	11444375	11466177
GREB1	2	11482341	11642789
NTSR2	2	11658178	11670195
LPIN1	2	11677544	11827409
MIR3681HG	2	11829690	12702919
TRIB2	2	12716910	12742734
NBAS	2	15166913	15561340
DDX1	2	15591178	15634346
MYCNOS	2	15918350	15943052
MYCN	2	15938396	15947022
VSNL1	2	17539020	17657018
SMC6	2	17663583	17800242
GEN1	2	17753278	17788946
KCNS3	2	17877847	18361616
RDH14	2	18554723	18560679
LINC01376	2	18985786	19348074
OSR1	2	19351485	19359486
TTC32	2	19896631	19902001
WDR35	2	19910263	19990141
MATN3	2	19992052	20012669
LAPTM4A	2	20032649	20051693
SDC1	2	20200796	20225433
PUM2	2	20248691	20352234
RHOB	2	20447074	20449440
HS1BP3	2	20560448	20651152
GDF7	2	20667144	20679243
LDAH	2	20684014	20823130
KLHL29	2	23385179	23708611
ATAD2B	2	23748664	23927164
UBXN2A	2	23926788	24004909
MFSD2B	2	24010081	24063321
FKBP1B	2	24049701	24063681
SF3B6	2	24067579	24076464
FAM228B	2	24076526	24169642
TP53I3	2	24077433	24085861
PFN4	2	24114637	24123734
FAM228A	2	24175051	24200849
ITSN2	2	24202864	24360807
NCOA1	2	24490992	24770702
PTRHD1	2	24789728	24793391
CENPO	2	24793111	24822376
ADCY3	2	24819169	24920299
DNAJC27	2	24943636	24972094
DNAJC27-AS1	2	24971360	25039716
EFR3B	2	25042048	25159135
POMC	2	25160853	25168903
DNMT3A	2	25227855	25342590
DTNB	2	25377028	25673717
ASXL2	2	25733753	25878487
KIF3C	2	25926589	25982761
RAB10	2	26033481	26138436
GAREM2	2	26173088	26189663
HADHA	2	26190635	26245044
HADHB	2	26243170	26290467
ADGRF3	2	26308173	26346817
DRC1	2	26401920	26456717
KCNK3	2	26692722	26733420
SLC35F6	2	26764240	26781231
CENPA	2	26764289	26801067
DPYSL5	2	26847747	26950351
MAPRE3	2	26970633	27027219
TMEM214	2	27032910	27041697
AGBL5	2	27042364	27070622
AGBL5-AS1	2	27049683	27050264
OST4	2	27070470	27071685
EMILIN1	2	27078044	27086408
KHK	2	27086723	27100777
CGREF1	2	27098889	27119128
ABHD1	2	27123789	27130812
PREB	2	27130752	27134671
TCF23	2	27149004	27156974
SLC5A6	2	27199587	27212958
ATRAID	2	27212041	27217178
CAD	2	27217369	27243943
UCN	2	27307400	27308445
MPV17	2	27309486	27325680
GTF3C2	2	27324198	27357187
GTF3C2-AS1	2	27335520	27342599
EIF2B4	2	27363420	27370400
SNX17	2	27370496	27377535
ZNF513	2	27377235	27380790
PPM1G	2	27381194	27409674
NRBP1	2	27427790	27442260
KRTCAP3	2	27442337	27446481
IFT172	2	27444377	27489836
FNDC4	2	27491883	27495631
GCKR	2	27496532	27523688
ZNF512	2	27582969	27623217
CCDC121	2	27625638	27629012
GPN1	2	27628247	27651511
SUPT7L	2	27650809	27663841
SLC4A1AP	2	27663426	27695366
LINC01460	2	27705786	27717258
MRPL33	2	27771717	27988087
RBKS	2	27780857	27890681
FOSL2	2	28392448	28417317
PLB1	2	28457145	28644142
PPP1CB	2	28751562	28802940
SPDYA	2	28782517	28850611
TRMT61B	2	28849793	28870392
WDR43	2	28894638	28948223
CLIP4	2	29095545	29199777
ALK	2	29192774	29921586
YPEL5	2	30146771	30160538
LBH	2	30231534	30323730
LCLAT1	2	30447221	30644225
GALNT14	2	30910467	31155202
CAPN14	2	31173056	31234011
EHD3	2	31233961	31269451
MEMO1	2	31865060	32011230
DPY30	2	31867809	32039809
SPAST	2	32063530	32157637
SLC30A6	2	32165841	32224379
NLRC4	2	32224453	32265770
YIPF4	2	32277868	32316594
BIRC6	2	32357023	32619571
TTC27	2	32628032	32821051
LTBP1	2	32946472	33399509
RASGRP3	2	33436272	33586669
FAM98A	2	33532744	33599347
CRIM1	2	36355731	36551135
FEZ2	2	36531805	36646087
STRN	2	36837698	36966625
HEATR5B	2	36968383	37084398
GPATCH11	2	37084482	37099244
EIF2AK2	2	37099210	37157688
CEBPZOS	2	37191473	37216555
CEBPZ	2	37201570	37231601
NDUFAF7	2	37231631	37253403
PRKD3	2	37250502	37324833
QPCT	2	37342827	37373322
CDC42EP3	2	37641882	37738468
RMDN2	2	37923187	38067142
CYP1B1	2	38066973	38109902
CYP1B1-AS1	2	38073447	38231651
ATL2	2	38293949	38377438
HNRNPLL	2	38561969	38603586
GALM	2	38666081	38741237
SRSF7	2	38743599	38751494
GEMIN6	2	38751534	38785002
DHX57	2	38797724	38875938
MORN2	2	38875976	38882709
ARHGEF33	2	38889875	38975454
SOS1	2	38962206	39124345
MAP4K3	2	39249266	39437324
TMEM178A	2	39664982	39717963
THUMPD2	2	39736060	39779276
SLC8A1-AS1	2	39786453	40255209
SLC8A1	2	40097270	40611053
PKDCC	2	42048021	42058525
EML4	2	42169330	42332548
COX7A2L	2	42333546	42425088
MTA3	2	42494569	42756947
HAAO	2	42765709	42792941
ZFP36L2	2	43222402	43226606
THADA	2	43230836	43596051
PLEKHH2	2	43637260	43767987
C1GALT1C1L	2	43675151	43676429
DYNC2LI1	2	43774039	43810012
LRPPRC	2	43886224	43996226
PPM1B	2	44167969	44244384
SLC3A1	2	44275458	44321494
PREPL	2	44316281	44361862
CAMKMT	2	44361947	44772592
SIX3-AS1	2	44940130	44945785
SIX3	2	44941702	44946071
SRBD1	2	45388679	45612165
PRKCE	2	45651205	46187990
EPAS1	2	46293667	46386697
ATP6V1E2	2	46490750	46543287
RHOQ	2	46541806	46584688
PIGF	2	46580937	46617055
CRIPT	2	46616416	46685037
SOCS5	2	46698423	46780245
MCFD2	2	46901870	46941855
TTC7A	2	46915869	47076137
CALM2	2	47160084	47176921
EPCAM	2	47345158	47387601
MSH2	2	47403067	47663146
KCNK12	2	47509290	47570985
MSH6	2	47695530	47810109
FBXO11	2	47789316	47906507
FOXN2	2	48314331	48379295
PPP1R21	2	48440598	48515391
STON1	2	48529376	48598922
STON1-GTF2A1L	2	48529925	48776517
NRXN1	2	49918503	51225575
ASB3	2	53532672	53860160
CHAC2	2	53767804	53775196
ERLEC1	2	53787009	53833038
GPR75	2	53852912	53859967
PSME4	2	53864069	53971040
ACYP2	2	53970838	54305300
SPTBN1	2	54456288	54671446
EML6	2	54723499	54972025
RTN4	2	54972187	55112621
CLHC1	2	55172547	55232563
RPS27A	2	55229447	55236044
MTIF2	2	55236230	55270263
CCDC88A	2	55287818	55420042
CFAP36	2	55519559	55545080
PPP4R3B	2	55547292	55618880
PNPT1	2	55634061	55693863
EFEMP1	2	55865962	55924271
MIR217HG	2	55963191	56049708
VRK2	2	57907606	58164001
FANCL	2	58159243	58241410
LINC01122	2	58427707	59355588
BCL11A	2	60450520	60554467
PAPOLG	2	60756232	60802086
REL	2	60881491	60931612
PUS10	2	60938141	61018259
PEX13	2	61017225	61051990
C2orf74	2	61145068	61164828
USP34	2	61187463	61471087
XPO1	2	61476032	61538753
FAM161A	2	61824848	61854143
CCT4	2	61868085	61888696
COMMD1	2	61888724	62147629
B3GNT2	2	62195485	62224731
TMEM17	2	62500218	62511894
EHBP1	2	62673851	63046487
OTX1	2	63050057	63057836
WDPCP	2	63119559	63827843
MDH1	2	63588557	63607273
UGP2	2	63840950	63891590
VPS54	2	63892146	64019476
PELI1	2	64092652	64144420
LGALSL	2	64453969	64461381
AFTPH	2	64524289	64593007
SERTAD2	2	64631621	64751005
SLC1A4	2	64988477	65023865
CEP68	2	65056350	65087010
RAB1A	2	65070696	65130986
ACTR2	2	65227745	65271253
SPRED2	2	65310851	65432637
MEIS1	2	66433452	66573898
MEIS1-AS2	2	66439088	66445954
ETAA1	2	67397322	67412089
C1D	2	68041130	68110948
PNO1	2	68157888	68176238
PPP3R1	2	68178857	68256237
CNRIP1	2	68284171	68320051
PLEK	2	68365282	68397453
FBXO48	2	68459422	68467317
APLF	2	68467572	68655862
ARHGAP25	2	68679601	68826833
ANTXR1	2	69013176	69249327
GFPT1	2	69319780	69387281
NFU1	2	69396113	69437657
AAK1	2	69457997	69674349
ANXA4	2	69643808	69827121
GMCL1	2	69829646	69881384
SNRNP27	2	69893956	69905929
MXD1	2	69897688	69942945
ASPRV1	2	69960089	69961631
PCBP1	2	70087477	70089203
C2orf42	2	70149882	70248615
TIA1	2	70209444	70248761
PCYOX1	2	70257386	70281185
SNRPG	2	70281362	70293740
FAM136A	2	70295976	70302067
TGFA	2	70447284	70554193
ADD2	2	70607618	70768499
CLEC4F	2	70808643	70820599
CD207	2	70830211	70835816
LINC01143	2	70887850	70889989
VAX2	2	70900576	70965373
ATP6V1B1	2	70935771	70965431
TEX261	2	70968325	70994873
ANKRD53	2	70978380	70985499
NAGK	2	71064344	71079808
MCEE	2	71109684	71130279
MPHOSPH10	2	71130310	71150101
PAIP2B	2	71182738	71227109
ZNF638	2	71276537	71437183
DYSF	2	71453561	71686763
CYP26B1	2	72129238	72147862
EXOC6B	2	72175984	72826051
SPR	2	72887379	72892158
SFXN5	2	72942036	73075619
RAB11FIP5	2	73073382	73156721
SMYD5	2	73214222	73227229
PRADC1	2	73228010	73233239
CCT7	2	73233420	73253021
FBXO41	2	73254682	73284478
ALMS1	2	73385758	73625166
TPRKB	2	73729104	73737421
DUSP11	2	73761782	73780173
STAMBP	2	73828916	73873659
ACTG2	2	73892232	73919865
DGUOK	2	73926794	73958961
DGUOK-AS1	2	73927769	73986660
TET3	2	73984910	74108177
BOLA3	2	74135397	74147977
MOB1A	2	74152528	74178932
MTHFD2	2	74186172	74217565
SLC4A5	2	74216242	74343416
DCTN1	2	74361154	74392087
WDR54	2	74421477	74425770
RTKN	2	74425835	74442422
INO80B	2	74455087	74457944
WBP1	2	74458400	74460891
MOGS	2	74461057	74465410
MRPL53	2	74471982	74472687
CCDC142	2	74471986	74483408
TTC31	2	74483061	74494999
LBX2	2	74497517	74503316
LBX2-AS1	2	74498057	74505091
PCGF1	2	74505041	74508361
AUP1	2	74526636	74529788
HTRA2	2	74529596	74533350
LOXL3	2	74532258	74555718
DOK1	2	74548875	74557554
M1AP	2	74557883	74648350
SEMA4F	2	74654226	74690634
HK2	2	74834079	74893359
POLE4	2	74958643	74970128
TACR1	2	75046463	75199520
EVA1A	2	75469302	75571036
MRPL19	2	75646783	75690851
GCFC2	2	75652000	75711184
LRRTM4	2	76747685	77593319
CTNNA2	2	79185231	80648861
LRRTM1	2	80288351	80304752
SUCLG1	2	84423528	84460045
DNAH6	2	84516455	84819589
TRABD2A	2	84821650	84907008
TMSB10	2	84904923	84906680
KCMF1	2	84970644	85059472
TCF7L1	2	85133392	85310388
TGOLN2	2	85318027	85328251
RETSAT	2	85341954	85354655
ELMOD3	2	85354394	85391752
CAPG	2	85393587	85422017
SH2D6	2	85418714	85437029
MAT2A	2	85539165	85545281
GGCX	2	85544720	85561819
VAMP8	2	85561562	85582031
VAMP5	2	85584431	85593406
RNF181	2	85595693	85598589
TMEM150A	2	85598547	85603201
USP39	2	85602856	85657710
C2orf68	2	85605254	85612066
GNLY	2	85685175	85698852
ATOH8	2	85751344	85791383
ST3GAL5	2	85837120	85905199
POLR1A	2	86020216	86106155
PTCD3	2	86106223	86142157
IMMT	2	86142798	86195626
MRPL35	2	86199355	86213790
REEP1	2	86213993	86338083
KDM3A	2	86440647	86492716
CHMP3	2	86503430	86563507
RNF103	2	86603395	86623877
RMND5A	2	86720291	86778041
CD8A	2	86784610	86808396
PLGLB1	2	86996231	87021852
KRCC1	2	88027203	88064252
SMYD1	2	88067773	88113384
THNSL2	2	88170295	88186636
EIF2AK3	2	88556741	88691518
RPIA	2	88691642	88750933
IGKC	2	88857161	88857683
TEKT4	2	94871430	94876823
MAL	2	95025677	95054932
MRPS5	2	95085369	95122006
ZNF514	2	95122087	95165672
ZNF2	2	95165432	95184317
PROM2	2	95274444	95302296
KCNIP3	2	95297327	95386081
FAHD2A	2	95402691	95416616
LINC00342	2	95806973	95835003
ANKRD36C	2	95836919	95991831
GPAT2	2	96021946	96039451
DUSP2	2	96143166	96145440
STARD7	2	96184859	96208849
TMEM127	2	96248500	96266047
CIAO1	2	96266159	96274173
SNRNP200	2	96274338	96321271
ITPRIPL1	2	96324977	96330517
NCAPH	2	96335734	96377091
NEURL3	2	96497644	96508153
ARID5A	2	96536717	96552638
KANSL3	2	96593170	96642787
FER1L5	2	96642737	96704887
LMAN2L	2	96704993	96740084
CNNM4	2	96760898	96811888
CNNM3	2	96816245	96835382
ANKRD23	2	96824526	96857934
ANKRD39	2	96836611	96858016
SEMA4C	2	96859718	96873840
FAM178B	2	96875882	96986580
FAHD2B	2	97082040	97094903
ANKRD36	2	97113153	97264521
ANKRD36B	2	97492663	97589877
COX5B	2	97646062	97648383
ACTR1B	2	97655939	97664114
ZAP70	2	97713576	97744327
TMEM131	2	97756333	97996226
VWA3B	2	98087116	98313299
CNGA3	2	98346188	98399797
INPP4A	2	98444246	98594392
COA5	2	98598242	98608515
UNC50	2	98608434	98618515
MGAT4A	2	98619106	98732639
TSGA10	2	98995156	99154964
C2orf15	2	99141235	99151683
LIPT1	2	99154955	99163179
MITD1	2	99161427	99181058
MRPL30	2	99181111	99199561
LYG2	2	99242169	99255666
LYG1	2	99284238	99306110
TXNDC9	2	99318982	99340702
EIF5B	2	99337371	99401326
REV1	2	99400475	99490260
AFF3	2	99545419	100192428
LONRF2	2	100271875	100322501
CHST10	2	100391860	100417826
PDCL3	2	100562968	100577472
NPAS2	2	100820091	100996829
RPL31	2	101002229	101024032
TBC1D8	2	101005934	101252866
CNOT11	2	101252873	101270316
RNF149	2	101271219	101308724
CREG2	2	101345550	101387503
RFX8	2	101397359	101475112
MAP4K4	2	101696850	101894690
LINC01127	2	101961596	101989015
IL1R2	2	101991824	102029018
IL1R1	2	102063933	102179874
IL18R1	2	102311529	102398777
MFSD9	2	102714630	102736888
TMEM182	2	102736905	103019900
LINC01102	2	104430130	104532747
POU3F3	2	104853287	104858574
MRPS9	2	105038025	105099960
TGFBRAP1	2	105264359	105329735
C2orf49	2	105337532	105350712
FHL2	2	105357712	105438585
NCK2	2	105744369	105894275
UXS1	2	106093303	106194365
ST6GAL2	2	106801600	106887284
SULT1C2	2	108288639	108309915
SULT1C4	2	108377911	108388989
GCC2	2	108449107	108509415
GCC2-AS1	2	108464797	108534258
LIMS1	2	108533671	108687246
RANBP2	2	108719437	108785810
CCDC138	2	108786745	108885477
SH3RF3-AS1	2	109125905	109128930
SH3RF3	2	109129205	109504634
SOWAHC	2	109614364	109618990
RGPD5	2	109792758	109857705
LIMS3	2	109898428	109925625
MALL	2	110083870	110116022
NPHP1	2	110122311	110205066
BUB1	2	110636333	110678078
ACOXL	2	110732524	111118548
MIR4435-2HG	2	111006015	111523376
BCL2L11	2	111119378	111168444
ANAPC1	2	111611639	111884690
MERTK	2	111898607	112029561
TMEM87B	2	112055269	112119318
FBLN7	2	112138385	112188218
ZC3H8	2	112211529	112255151
ZC3H6	2	112275597	112340059
RGPD8	2	112368369	112434488
TTL	2	112482113	112541739
POLR1B	2	112541915	112579818
CHCHD5	2	112584240	112589275
SLC20A1	2	112645854	112663829
CKAP2L	2	112736349	112764664
IL1A	2	112773925	112784493
IL1B	2	112829751	112836816
IL1RN	2	113099315	113134016
PSD4	2	113157325	113209396
PAX8	2	113215997	113278921
PGM5P4-AS1	2	113526836	113542789
RABL2A	2	113627215	113643407
SLC35F5	2	113705011	113756693
ACTR3	2	113889600	113962596
LINC01191	2	113970621	114028083
DPP10	2	114442299	115845780
DPP10-AS1	2	115126622	115163905
DDX18	2	117814673	117832379
CCDC93	2	117915478	118014192
INSIG2	2	118088137	118112313
EN1	2	118842171	118847648
MARCO	2	118942172	118994664
C1QL2	2	119156243	119158751
STEAP3	2	119222447	119265652
STEAP3-AS1	2	119244422	119270714
C2orf76	2	119299439	119366860
DBI	2	119366917	119372551
TMEM37	2	119429901	119438504
CFAP221	2	119544432	119662251
TMEM177	2	119679137	119686507
PTPN4	2	119759604	119984899
EPB41L5	2	120013066	120179119
TMEM185B	2	120217479	120223400
RALB	2	120240050	120305300
INHBB	2	120346136	120351803
GLI2	2	120735623	120992653
TFCP2L1	2	121216587	121285202
CLASP1	2	121337776	121649599
NIFK-AS1	2	121649320	121728567
NIFK	2	121726945	121736912
TSN	2	121737103	121767853
CNTNAP5	2	124025287	124921219
GYPC	2	126655938	126696667
BIN1	2	127048017	127107556
CYP27C1	2	127183832	127220385
ERCC3	2	127257285	127294188
MAP3K2	2	127298668	127388465
PROC	2	127415933	127429762
IWS1	2	127436207	127526886
MYO7B	2	127535683	127637729
LIMS2	2	127638381	127681786
GPR17	2	127645864	127656181
WDR33	2	127701027	127811187
SFT2D3	2	127701497	127705242
POLR2D	2	127843553	127858155
AMMECR1L	2	127861630	127885967
SAP130	2	127941217	128028124
UGGT1	2	128091151	128195677
HS6ST1	2	128236716	128318868
RAB6C	2	129979666	129982738
POTEF	2	130073535	130129222
CCDC74B	2	130139287	130145134
SMPD4	2	130151392	130183901
MZT2B	2	130181737	130190729
IMP4	2	130342403	130347967
PTPN18	2	130356027	130375405
AMER3	2	130755540	130768134
ARHGEF4	2	130836914	131047263
FAM168B	2	131047876	131093487
PLEKHB2	2	131104847	131353709
MZT2A	2	131464900	131492743
TUBA3D	2	131476119	131482934
CCDC74A	2	131527675	131533666
GPR39	2	132416805	132646582
LYPD1	2	132643286	132671579
NCKAP5	2	132671788	133568463
MGAT5	2	134119933	134454621
TMEM163	2	134455759	134719100
CCNT2-AS1	2	134726784	134918739
CCNT2	2	134918235	134959342
MAP3K19	2	134964485	135047468
RAB3GAP1	2	135052283	135176667
ZRANB3	2	135136916	135531228
R3HDM1	2	135531448	135725314
UBXN4	2	135741631	135785063
MCM6	2	135839626	135876479
CXCR4	2	136114349	136119177
HNMT	2	137964020	138016364
SPOPL	2	138501770	138574458
LRP1B	2	140231423	142131016
KYNU	2	142877613	143055833
ARHGAP15	2	143091362	143768352
GTDC1	2	143938068	144333107
ZEB2	2	144364364	144521057
ZEB2-AS1	2	144517978	144521477
LINC01412	2	144521786	144629402
TEX41	2	144666312	145262988
ACVR2A	2	147844378	147930826
ORC4	2	147930396	148021784
MBD5	2	148021011	148516971
EPC2	2	148644440	148788609
KIF5C	2	148875227	149026759
LYPD6B	2	149037975	149215262
LYPD6	2	149329985	149474139
MMADHC	2	149569634	149587812
RND3	2	150468195	150539011
RBM43	2	151247940	151261863
NMI	2	151270467	151289908
TNFAIP6	2	151357592	151380046
RIF1	2	151409883	151508013
NEB	2	151485336	151734487
ARL5A	2	151788984	151828531
CACNB4	2	151832771	152099167
STAM2	2	152116801	152175771
FMNL2	2	152335136	152649831
PRPF40A	2	152651593	152718048
ARL6IP6	2	152717647	152762396
RPRM	2	153477338	153478762
GALNT13	2	153871398	154456630
KCNJ3	2	154697855	154858354
NR4A2	2	156324432	156342348
GPD2	2	156435290	156613735
GALNT5	2	157257578	157318491
ERMN	2	157318626	157327713
CYTIP	2	157409360	157491093
ACVR1C	2	157526767	157628885
ACVR1	2	157736249	157876347
UPP2	2	157876557	158136154
CCDC148	2	158171073	158456753
PKP4	2	158456900	158682879
DAPL1	2	158795317	158862781
TANC1	2	158968581	159232668
WDSUB1	2	159234903	159287347
BAZ2B	2	159315312	159617282
CD302	2	159768628	159798255
LY75	2	159803355	159904756
PLA2R1	2	159932006	160062636
ITGB6	2	160099664	160271888
RBMS1	2	160272151	160494100
TANK	2	161136908	161236230
PSMD14	2	161308414	161411720
TBR1	2	161416297	161425870
SLC4A10	2	161424332	161985282
DPP4	2	161992244	162074394
FAP	2	162170684	162245151
IFIH1	2	162267074	162318684
GCA	2	162318839	162371595
KCNH7	2	162371407	162838767
FIGN	2	163593396	163736012
GRB14	2	164492417	164622472
COBLL1	2	164653624	164843679
SLC38A11	2	164894354	164955525
SCN3A	2	165087526	165204050
SCN2A	2	165194993	165392310
CSRNP3	2	165469647	165689407
GALNT3	2	165747588	165846201
TTC21B	2	165857475	165953851
SCN1A	2	165984641	166182806
SCN9A	2	166195185	166376001
SCN7A	2	166403472	166611482
XIRP2	2	166888480	167259753
B3GALT1	2	167293001	167874045
STK39	2	167949900	168247739
CERS6	2	168456249	168775134
NOSTRIN	2	168786539	168866787
SPC25	2	168834132	168913371
DHRS9	2	169064789	169096168
LRP2	2	169127109	169362534
BBS5	2	169479480	169506655
KLHL41	2	169509687	169526262
FASTKD1	2	169528508	169573912
PPIG	2	169584342	169641408
PHOSPHO2	2	169694440	169704808
KLHL23	2	169694488	169776989
SSB	2	169791933	169812091
METTL5	2	169810081	169824931
UBR3	2	169827442	170084131
MYO3B	2	170178145	170655171
SP5	2	170715337	170718078
ERICH2	2	170766878	170798977
GAD1	2	170813213	170861151
GORASP2	2	170928464	170967135
TLK1	2	170990823	171231314
METTL8	2	171315746	171434802
DCAF17	2	171434217	171485052
CYBRD1	2	171522247	171558129
DYNC1I2	2	171687409	171750158
SLC25A12	2	171781400	171999859
HAT1	2	171922429	171986153
METAP1D	2	171999943	172082432
DLX1	2	172084740	172089677
DLX2	2	172099438	172102900
ITGA6	2	172234216	172506459
PDK1	2	172555373	172608669
RAPGEF4-AS1	2	172677132	172736367
RAPGEF4	2	172735274	173052893
CDCA7	2	173354820	173368997
SP3	2	173880850	173965373
OLA1	2	174072447	174248608
SP9	2	174334954	174338500
CIR1	2	174348022	174395712
SCRN3	2	174395729	174430077
GPR155	2	174431571	174487150
WIPF1	2	174559563	174682916
CHRNA1	2	174747592	174787935
CHN1	2	174798809	175005381
ATF2	2	175072250	175168382
EVX2	2	176077472	176083962
HOXD13	2	176092721	176095944
HOXD11	2	176104216	176109754
HOXD10	2	176108790	176119937
HOXD-AS2	2	176121611	176137098
HOXD9	2	176122719	176124937
HOXD8	2	176129694	176132695
HOXD3	2	176136545	176174227
HOXD4	2	176151550	176153226
HAGLR	2	176164051	176189421
HAGLROS	2	176177717	176179018
HOXD1	2	176188667	176190907
MTX2	2	176269395	176338025
LINC01117	2	176429159	176878787
LINC01116	2	176611437	176637931
HNRNPA3	2	177212587	177226106
NFE2L2	2	177218667	177392756
AGPS	2	177392576	177567024
PDE11A	2	177623244	178108339
RBM45	2	178112385	178139011
OSBPL6	2	178193711	178402893
PRKRA	2	178431292	178451512
FKBP7	2	178463664	178478600
PLEKHA3	2	178480457	178516463
TTN-AS1	2	178521183	178779963
TTN	2	178525989	178830802
CCDC141	2	178829757	179051697
SESTD1	2	179101678	179264832
ZNF385B	2	179441982	179861612
CWC22	2	179944872	180007297
UBE2E3	2	180967248	181076585
ITGA4	2	181457202	181538940
CERKL	2	181535041	181680665
NEUROD1	2	181668295	181680827
PPP1R1C	2	181954241	182131398
PDE1A	2	182139968	182523359
DNAJC10	2	182715607	182794464
FRZB	2	182833275	182866638
NCKAP1	2	182909115	183038858
DUSP19	2	183078559	183100008
NUP35	2	183117513	183163114
ZNF804A	2	184598529	184939492
FSIP2-AS1	2	185653303	185864985
FSIP2	2	185738804	185833290
LINC01473	2	186032041	186486584
ZC3H15	2	186486222	186511929
ITGAV	2	186590010	186680901
FAM171B	2	186694019	186765959
CALCRL	2	187341946	187448506
TFPI	2	187463823	187565846
GULP1	2	188291105	188595943
COL3A1	2	188974371	189012746
COL5A2	2	189031898	189225312
WDR75	2	189441429	189479063
SLC40A1	2	189560538	189583758
ASNSD1	2	189661385	189670831
ANKAR	2	189674290	189761193
OSGEPL1	2	189746415	189763230
OSGEPL1-AS1	2	189762704	189765562
ORMDL1	2	189766012	189784382
PMS1	2	189784085	189878385
C2orf88	2	189879609	190203484
MSTN	2	190055700	190062729
HIBCH	2	190189735	190344193
INPP1	2	190340590	190371665
MFSD6	2	190408355	190509205
NEMP2	2	190504338	190534722
NAB1	2	190646746	190692769
GLS	2	190880821	190965552
STAT1	2	190908460	191020960
STAT4	2	191029570	191178435
MYO1B	2	191245064	191425820
NABP1	2	191678068	191741097
TMEFF2	2	191949043	192194985
SLC39A10	2	195575977	195737706
DNAH7	2	195737703	196068837
STK17B	2	196133583	196176503
HECW2	2	196189099	196593684
CCDC150	2	196639554	196763490
GTF3C3	2	196761062	196799725
PGAP1	2	196833004	196927796
ANKRD44	2	196967017	197311173
SF3B1	2	197388515	197435079
COQ10B	2	197453493	197475310
HSPD1	2	197486580	197516737
HSPE1	2	197500140	197503461
MOB4	2	197515571	197553699
RFTN2	2	197568224	197676051
MARS2	2	197705369	197708395
PLCL1	2	197804593	198572581
SATB2	2	199269484	199471266
SATB2-AS1	2	199457671	199477035
FTCDNL1	2	199760544	199851207
C2orf69	2	199911293	199955935
TYW5	2	199928913	199955736
SPATS2L	2	200305881	200482264
KCTD18	2	200488956	200519784
AOX1	2	200585864	200677064
BZW1	2	200810594	200827338
CLK1	2	200853009	200864697
PPIL3	2	200870907	200889353
NIF3L1	2	200888992	200905578
ORC2	2	200908973	200963702
NDUFB3	2	201071433	201085754
CFLAR	2	201116154	201176687
CFLAR-AS1	2	201140278	201157823
CASP10	2	201182693	201229428
CASP8	2	201233443	201361836
TRAK2	2	201377207	201453449
STRADB	2	201387858	201480850
TMEM237	2	201620184	201643570
MPP4	2	201644870	201698694
ALS2	2	201700267	201782112
FZD7	2	202033855	202038441
SUMO1	2	202206182	202238599
NOP58	2	202265725	202303666
BMPR2	2	202376327	202567751
FAM117B	2	202634969	202769757
ICA1L	2	202773150	202872061
WDR12	2	202874261	203014798
CARF	2	202912214	202988263
NBEAL1	2	203014608	203226378
CYP20A1	2	203238952	203306026
ABI2	2	203328252	203447728
RAPH1	2	203394345	203535451
CD28	2	203706517	203739756
CTLA4	2	203853888	203873965
PARD3B	2	204545475	205620162
NRP2	2	205681990	205798133
INO80D	2	205993721	206086303
NDUFS1	2	206114817	206159522
EEF1B2	2	206159585	206162932
ZDBF2	2	206274657	206314437
ADAM23	2	206443498	206621301
MDH1B	2	206737763	206765328
FASTKD2	2	206765357	206796189
KLF7	2	207074137	207173856
CREB1	2	207529737	207605988
METTL21A	2	207580631	207626256
CCNYL1	2	207711524	207761839
FZD5	2	207762598	207769914
PLEKHM3	2	207821288	208025846
CRYGD	2	208121607	208124524
CRYGA	2	208160740	208163589
C2orf80	2	208165343	208190245
IDH1	2	208236224	208266095
IDH1-AS1	2	208254173	208256233
PIKFYVE	2	208266234	208358755
PTH2R	2	208359714	208854503
MAP2	2	209423988	209734235
UNC80	2	209771569	209999300
RPE	2	210002565	210022262
KANSL1L	2	210021421	210172182
ACADL	2	210187126	210225447
LANCL1	2	210427131	210477652
CPS1	2	210477682	210679107
ERBB4	2	211375717	212538841
IKZF2	2	212999691	213152427
SPAG16	2	213284389	214410501
VWC2L	2	214411054	214578976
BARD1	2	214725646	214809707
ABCA12	2	214931542	215138626
ATIC	2	215311956	215349773
FN1	2	215360440	215436120
LINC00607	2	215611563	215925887
MREG	2	215942584	216034096
PECR	2	215996329	216082955
TMEM169	2	216081866	216102783
XRCC5	2	216107464	216206303
SMARCAL1	2	216412383	216483056
RPL37A	2	216498797	216579180
IGFBP2	2	216632828	216664441
IGFBP5	2	216672105	216695549
DIRC3	2	217284019	217756656
TNS1	2	217799588	218033982
RUFY4	2	218034960	218090584
CXCR2	2	218125289	218137251
ARPC2	2	218216630	218254356
AAMP	2	218264125	218270178
PNKD	2	218269651	218346793
TMBIM1	2	218274194	218292586
CATIP	2	218356857	218369962
SLC11A1	2	218382029	218396894
CTDSP1	2	218397136	218405942
VIL1	2	218419083	218453295
USP37	2	218450251	218568768
PLCD4	2	218607855	218637186
ZNF142	2	218633329	218659655
BCS1L	2	218658764	218663466
RNF25	2	218663866	218672006
STK36	2	218672052	218702717
TTLL4	2	218710809	218755416
CYP27A1	2	218781738	218815293
WNT6	2	218859805	218874233
WNT10A	2	218880852	218899581
CDK5R2	2	218959666	218962155
FEV	2	218981087	218985184
CFAP65	2	219002846	219041527
CNPPD1	2	219170704	219182664
ZFAND2B	2	219195237	219209651
ABCB6	2	219209766	219219012
ATG9A	2	219219380	219229717
ANKZF1	2	219229769	219236679
GLB1L	2	219236598	219245478
STK16	2	219245455	219250339
TUBA4A	2	219249710	219277902
DNAJB2	2	219279342	219286898
PTPRN	2	219289623	219309648
DNPEP	2	219372029	219400022
DES	2	219417474	219426739
SPEG	2	219434843	219493629
GMPPA	2	219498618	219513898
ASIC4	2	219514170	219538772
CHPF	2	219538949	219543818
TMEM198	2	219543130	219550595
OBSL1	2	219550727	219571859
INHA	2	219569162	219575711
STK11IP	2	219595805	219616452
SLC4A3	2	219627011	219641980
EPHA4	2	221418027	221574202
PAX3	2	222199887	222298998
SGPP2	2	222424511	222562621
FARSB	2	222566899	222656313
MOGAT1	2	222671658	222709930
ACSL3	2	222860942	222944639
KCNE4	2	223052190	223198399
SCG2	2	223596940	223602361
AP1S3	2	223667680	223838027
WDFY1	2	223855716	223945357
MRPL44	2	223957403	223969078
SERPINE2	2	223975045	224039688
FAM124B	2	224376821	224402107
CUL3	2	224470150	224585397
DOCK10	2	224765090	225042468
NYAP2	2	225399710	225729887
IRS1	2	226731312	226799820
RHBDD1	2	226835581	226999215
COL4A4	2	227002714	227164453
COL4A3	2	227164624	227314792
MFF	2	227325151	227361188
AGFG1	2	227472134	227561217
SLC19A3	2	227683763	227718088
CCL20	2	227805739	227817564
SPHKAP	2	227979955	228181687
PID1	2	228850526	229271867
DNER	2	229357629	229714581
TRIP12	2	229763835	229923239
FBXO36	2	229922302	230013119
SLC16A14	2	230034974	230068999
SP110	2	230165186	230225729
SP140	2	230203110	230316577
SP140L	2	230326762	230403735
SP100	2	230415942	230545606
CAB39	2	230712822	230821076
ITM2C	2	230864639	230879248
SPATA3-AS1	2	230963274	230996057
C2orf72	2	231037342	231049719
PSMD1	2	231056845	231173116
ARMC9	2	231198546	231376848
B3GNT7	2	231395671	231408799
NCL	2	231453531	231483641
LINC00471	2	231465513	231515851
NMUR1	2	231523187	231530445
PTMA	2	231706895	231713552
PDE6D	2	231732354	231786272
COPS7B	2	231781671	231809254
NPPC	2	231921809	231926396
DIS3L2	2	231961245	232344350
ECEL1	2	232479825	232489045
TIGD1	2	232543883	232550557
EIF4E2	2	232550659	232583644
EFHD1	2	232606057	232682781
GIGYF2	2	232697259	232860605
NGEF	2	232878686	233013263
INPP5D	2	233059967	233207903
ATG16L1	2	233210051	233295674
SAG	2	233307816	233347055
DGKD	2	233354484	233472104
USP40	2	233475526	233566782
HJURP	2	233833416	233854566
TRPM8	2	233917373	234019522
ARL4C	2	234493041	234497081
SH3BP4	2	234952017	235055714
AGAP1	2	235494043	236131793
GBX2	2	236165236	236168386
IQCA1	2	236324147	236507716
ACKR3	2	236567692	236582358
COPS8	2	237085882	237100474
COL6A3	2	237324003	237414405
MLPH	2	237485428	237555322
RAB17	2	237574322	237601623
LRRFIP1	2	237627554	237813682
RBM44	2	237798389	237842808
RAMP1	2	237858893	237912111
UBE2F	2	237966827	238045486
SCLY	2	238060924	238099413
ILKAP	2	238170400	238203756
HES6	2	238238267	238240662
PER2	2	238244044	238290102
TRAF3IP1	2	238320441	238402114
ASB1	2	238426742	238452250
TWIST2	2	238848032	238910534
HDAC4	2	239048168	239401661
NDUFA10	2	239892450	240025743
OTOS	2	240139026	240144562
GPC1	2	240435636	240468076
ANKMY1	2	240479422	240569209
DUSP28	2	240560054	240565256
RNPEPL1	2	240565804	240581372
CAPN10	2	240586383	240617705
GPR35	2	240605430	240633159
KIF1A	2	240713761	240824320
SNED1	2	240998612	241095569
MTERF4	2	241072169	241102332
PASK	2	241106099	241150852
PPP1R7	2	241149576	241183652
ANO7	2	241188509	241225993
HDLBP	2	241227264	241317061
FARP2	2	241356264	241494847
STK25	2	241492670	241509730
BOK	2	241551300	241574568
THAP4	2	241584405	241637191
ATG4B	2	241637213	241673857
DTYMK	2	241675742	241686944
ING5	2	241687085	241729481
D2HGDH	2	241734596	241768816
NEU4	2	241808982	241817415
PDCD1	2	241849884	241858894
RTP5	2	241869600	241873823
CHL1	3	196763	409417
LINC01266	3	536062	870015
CNTN6	3	1092658	1404217
CNTN4	3	2098813	3057963
IL5RA	3	3066324	3126613
TRNT1	3	3126364	3153435
CRBN	3	3144628	3179727
SUMF1	3	3700814	4467273
LRRN1	3	3799378	3849834
SETMAR	3	4303304	4320649
ITPR1	3	4493345	4847506
BHLHE40-AS1	3	4896806	4980414
BHLHE40	3	4978715	4985323
ARL8B	3	5122249	5180911
EDEM1	3	5187646	5219958
GRM7	3	6770001	7741533
LMCD1-AS1	3	7951263	8611961
LMCD1	3	8501587	8574668
SSUH2	3	8619386	8745040
OXTR	3	8750381	8769628
RAD18	3	8775402	8963773
SRGAP3	3	8980591	9363053
THUMPD3-AS1	3	9349689	9398625
THUMPD3	3	9362967	9386791
SETD5	3	9397609	9479240
LHFPL4	3	9498361	9553823
MTMR14	3	9649433	9702393
CPNE9	3	9703691	9729908
BRPF1	3	9731729	9748019
OGG1	3	9749944	9788219
CAMK1	3	9757346	9770606
TADA3	3	9779964	9793011
ARPC4	3	9792493	9807107
TTLL3	3	9808086	9855138
RPUSD3	3	9837802	9844602
CIDEC	3	9866710	9880256
JAGN1	3	9890574	9894349
IL17RE	3	9902612	9916402
IL17RC	3	9917040	9933630
CRELD1	3	9933793	9945413
PRRT3	3	9939450	9952424
PRRT3-AS1	3	9947319	9954793
EMC3	3	9962682	10011202
FANCD2	3	10026370	10101937
BRK1	3	10115673	10127190
VHL	3	10141778	10153676
IRAK2	3	10164863	10243756
TATDN2	3	10248023	10281218
LINC00852	3	10284419	10285746
GHRL	3	10285666	10292959
GHRLOS	3	10285754	10294903
SEC13	3	10293131	10321123
ATP2B2	3	10324023	10708007
LINC00606	3	10759350	10764307
SLC6A11	3	10816201	10940714
SLC6A1	3	10992186	11039247
HRH1	3	11137093	11263557
ATG7	3	11272309	11557665
VGLL4	3	11556069	11771350
TAMM41	3	11790442	11846919
SYN2	3	12004388	12192032
TIMP4	3	12153068	12158912
PPARG	3	12287368	12434574
TSEN2	3	12480529	12541549
MKRN2OS	3	12514934	12561059
MKRN2	3	12557020	12586208
RAF1	3	12582101	12664201
CAND2	3	12796472	12834818
RPL32	3	12834485	12841582
IQSEC1	3	12897043	13283281
NUP210	3	13316231	13420322
HDAC11	3	13479724	13506424
FBLN2	3	13549073	13638422
LINC00620	3	13650632	13746655
WNT7A	3	13816258	13880071
CHCHD4	3	14112077	14124876
TMEM43	3	14125015	14143681
XPC	3	14145145	14178652
LSM3	3	14178801	14201122
SLC6A6	3	14402565	14489349
GRIP2	3	14489107	14556075
CCDC174	3	14651762	14672659
FGD5	3	14810518	14934571
FGD5-AS1	3	14920347	14948424
NR2C2	3	14947544	15053600
MRPS25	3	15009611	15065339
RBSN	3	15068571	15099163
CAPN7	3	15206112	15252919
SH3BP5-AS1	3	15254184	15264515
SH3BP5	3	15254353	15341368
METTL6	3	15381061	15440566
EAF1	3	15427598	15450635
EAF1-AS1	3	15436171	15449994
COLQ	3	15450132	15521928
HACL1	3	15560582	15601883
BTD	3	15601341	15722311
ANKRD28	3	15667236	15859771
GALNT15	3	16174573	16231992
DPH3	3	16257061	16264982
OXNAD1	3	16265160	16350299
RFTN1	3	16313574	16514026
PLCL2	3	16802651	17090604
TBC1D5	3	17157162	18444817
SATB1	3	18345377	18445621
KCNH8	3	19148102	19535642
EFHB	3	19879472	19947025
RAB5A	3	19947097	19985178
KAT2B	3	20040400	20154404
ZNF385D	3	21412218	22373321
UBE2E2	3	23203020	23591794
UBE2E1-AS1	3	23803695	23806905
UBE2E1	3	23805955	23891640
NKIRAS1	3	23889951	23946591
RPL15	3	23916591	23924374
NR1D2	3	23945286	23980637
THRB	3	24117153	24495756
RARB	3	24687887	25597932
TOP2B	3	25597978	25664973
NGLY1	3	25718717	25790039
OXSM	3	25782917	25796834
LRRC3B	3	26622772	26717537
NEK10	3	27106484	27369460
SLC4A7	3	27372723	27484451
CMC1	3	28241584	28325142
AZI2	3	28315003	28349050
ZCWPW2	3	28348721	28538122
RBMS3	3	28574791	30010391
RBMS3-AS3	3	29054570	29290726
TGFBR2	3	30606478	30694249
STT3B	3	31532521	31638548
OSBPL10	3	31657888	32077580
ZNF860	3	31981722	31991723
GPD1L	3	32105689	32168715
CMTM8	3	32237207	32370699
CMTM7	3	32391686	32483067
CMTM6	3	32474175	32502852
DYNC1LI1	3	32525974	32570900
CNOT10	3	32685139	32773875
TRIM71	3	32817526	32897824
CCR4	3	32951644	32957120
GLB1	3	32996609	33097202
TMPPE	3	33090421	33097146
CRTAP	3	33113956	33147773
SUSD5	3	33150043	33218810
FBXL2	3	33277025	33403662
UBP1	3	33388336	33441407
CLASP2	3	33496187	33718414
PDCD6IP	3	33798571	33869707
ARPP21	3	35638945	35794496
STAC	3	36380321	36548045
TRANK1	3	36826817	36945057
EPM2AIP1	3	36985043	36993131
MLH1	3	36993226	37050896
LRRFIP2	3	37052626	37183689
GOLGA4	3	37243184	37366879
ITGA9	3	37452090	37823507
CTDSPL	3	37861880	37984469
VILL	3	37987978	38007188
PLCD1	3	38007496	38029675
DLEC1	3	38039205	38124025
ACAA1	3	38103129	38137647
MYD88	3	38138552	38143024
OXSR1	3	38165089	38255484
XYLB	3	38346760	38421348
ACVR2B-AS1	3	38451027	38454820
ACVR2B	3	38453890	38493142
EXOG	3	38496127	38542161
SCN5A	3	38548057	38649743
SCN11A	3	38845764	39052157
WDR48	3	39051999	39096671
GORASP1	3	39095222	39108369
TTC21A	3	39107194	39140973
CSRNP1	3	39141854	39154852
XIRP1	3	39183210	39192599
CX3CR1	3	39263495	39281735
SLC25A38	3	39383347	39397351
RPSA	3	39406709	39426255
MOBP	3	39467172	39529479
MYRIP	3	39808914	40260321
ENTPD3-AS1	3	40061110	40453341
EIF1B	3	40309707	40312424
ENTPD3	3	40387184	40428744
RPL14	3	40457292	40468587
ZNF619	3	40477113	40491053
ZNF620	3	40477131	40518736
ZNF621	3	40524878	40574685
CTNNB1	3	41194741	41260096
ULK4	3	41246599	41962130
TRAK1	3	42013624	42225890
CCK	3	42257823	42266185
VIPR1	3	42489299	42537688
VIPR1-AS1	3	42506465	42533258
SEC22C	3	42547969	42601168
SS18L2	3	42581840	42596934
NKTR	3	42600471	42648738
ZBTB47	3	42652900	42667580
HHATL	3	42692661	42703260
CCDC13	3	42705756	42773253
CCDC13-AS1	3	42732575	42746768
HIGD1A	3	42782908	42804527
ACKR2	3	42804586	42887974
ZNF662	3	42905941	42919334
KRBOX1	3	42936386	42942792
POMGNT2	3	43079229	43106085
SNRK	3	43286510	43424764
ANO10	3	43354859	43691594
ABHD5	3	43690108	43734371
TCAIM	3	44338119	44409451
ZNF445	3	44431705	44477693
ZNF852	3	44491766	44510636
ZKSCAN7	3	44555193	44594173
ZNF660	3	44578223	44599694
ZNF197	3	44584888	44648471
ZNF35	3	44648732	44660791
ZNF502	3	44712640	44723831
ZNF501	3	44729593	44737936
KIAA1143	3	44737661	44762033
KIF15	3	44761721	44873376
TMEM42	3	44861889	44865670
ZDHHC3	3	44915257	44976185
EXOSC7	3	44975241	45036066
CDCP1	3	45082277	45146453
TMEM158	3	45224466	45226287
LARS2	3	45388527	45554726
LIMD1	3	45555394	45686341
LIMD1-AS1	3	45676369	45689209
SACM1L	3	45689056	45745425
SLC6A20	3	45755449	45796591
LZTFL1	3	45823316	45916042
FYCO1	3	45917903	45995838
CCR1	3	46201711	46208378
CCR5	3	46370946	46376206
CCRL2	3	46407144	46412997
LTF	3	46435645	46485234
LRRC2	3	46515385	46607097
ALS2CL	3	46668994	46694071
TMIE	3	46694528	46710886
MYL3	3	46835109	46885911
PTH1R	3	46877721	46903799
CCDC12	3	46916634	46982010
NBEAL2	3	46979666	47009707
SETD2	3	47016428	47164113
KIF9-AS1	3	47164024	47246601
KIF9	3	47227998	47283451
KLHL18	3	47282633	47346816
PTPN23	3	47381011	47413442
SCAP	3	47413681	47477126
ELP6	3	47495640	47513712
CSPG5	3	47562238	47580792
SMARCC1	3	47585269	47782106
DHX30	3	47802641	47851617
MAP4	3	47850678	48089295
CDC25A	3	48157146	48188417
CAMP	3	48223347	48225491
ZNF589	3	48241100	48299253
NME6	3	48290288	48301685
SPINK8	3	48306842	48333661
PLXNB1	3	48403849	48430499
CCDC51	3	48432164	48440456
TMA7	3	48440213	48444218
SHISA5	3	48467798	48504826
PFKFB4	3	48517684	48562015
COL7A1	3	48564073	48595329
UQCRC1	3	48599002	48610976
SLC26A6	3	48625718	48635493
CELSR3	3	48636463	48662886
NCKIPSD	3	48673841	48686364
IP6K2	3	48688003	48740353
PRKAR2A	3	48744591	48847874
PRKAR2A-AS1	3	48847572	48897568
SLC25A20	3	48856926	48898904
ARIH2OS	3	48917788	48919385
ARIH2	3	48918821	48986382
P4HTM	3	48989889	49007153
WDR6	3	49007062	49015953
DALRD3	3	49015488	49022293
NDUFAF3	3	49020459	49023495
IMPDH2	3	49024321	49029452
QRICH1	3	49029707	49094545
USP19	3	49108046	49120938
LAMB2	3	49121113	49133118
CCDC71	3	49161063	49166331
KLHDC8B	3	49171239	49176487
C3orf62	3	49268596	49277232
USP4	3	49277144	49340712
RHOA	3	49359136	49412998
TCTA	3	49412212	49416476
AMT	3	49416778	49422685
NICN1	3	49422333	49429326
DAG1	3	49468649	49535619
BSN	3	49554477	49671549
APEH	3	49673981	49683971
MST1	3	49683947	49689501
RNF123	3	49688740	49721532
GMPPB	3	49716844	49723985
IP6K1	3	49724294	49786546
UBA7	3	49805205	49814151
TRAIP	3	49828595	49856597
CAMKV	3	49857214	49869935
MON1A	3	49907160	49930173
RBM6	3	49940007	50100045
RBM5	3	50088919	50119021
SEMA3F	3	50155012	50189075
SLC38A3	3	50202871	50221504
GNAI2	3	50226292	50259362
SEMA3B-AS1	3	50265974	50276052
SEMA3B	3	50267542	50277546
LSMEM2	3	50279030	50288116
IFRD2	3	50287732	50292918
HYAL3	3	50292831	50299405
HYAL2	3	50315845	50324687
TUSC2	3	50320027	50328251
RASSF1	3	50329782	50340980
RASSF1-AS1	3	50337425	50338300
ZMYND10	3	50341110	50345732
NPRL2	3	50347330	50350826
CYB561D2	3	50350839	50358460
TMEM115	3	50354749	50359521
CACNA2D2	3	50362613	50504244
C3orf18	3	50558025	50573568
HEMK1	3	50567895	50596168
CISH	3	50606456	50611774
MAPKAPK3	3	50611487	50651017
DOCK3	3	50674927	51384198
MANF	3	51385291	51389397
RBM15B	3	51391285	51397908
RAD54L2	3	51538666	51668667
TEX264	3	51662693	51704323
GRM2	3	51707061	51718616
RRP9	3	51933425	51941944
PARP3	3	51942252	51948871
GPR62	3	51955381	51957499
PCBP4	3	51957448	51974016
ABHD14B	3	51968510	51983409
ABHD14A	3	51971426	51981197
ACY1	3	51983047	51989205
RPL29	3	51993522	51995953
DUSP7	3	52048919	52056571
POC1A	3	52074590	52154735
ALAS1	3	52198086	52214585
TWF2	3	52228612	52246788
PPM1M	3	52245741	52250616
WDR82	3	52254434	52288020
GLYCTK	3	52286945	52295273
DNAH1	3	52316319	52400492
BAP1	3	52401008	52410008
PHF7	3	52410507	52427966
SEMA3G	3	52433035	52445103
NISCH	3	52455118	52493068
STAB1	3	52495337	52524512
NT5DC2	3	52524370	52535054
PBRM1	3	52544735	52685966
GNL3	3	52681156	52696160
GLT8D1	3	52694153	52706368
SPCS1	3	52704955	52711148
NEK4	3	52708444	52770973
ITIH1	3	52777567	52792068
ITIH4	3	52812918	52831069
SFMBT1	3	52903564	53046750
RFT1	3	53066853	53130472
PRKCD	3	53156009	53192717
TKT	3	53224712	53256052
DCP1A	3	53283429	53347683
CACNA1D	3	53328963	53813733
CHDH	3	53812335	53846466
IL17RB	3	53845783	53866045
ACTR8	3	53863038	53882198
CACNA2D3	3	54122427	55074557
WNT5A	3	55465715	55490539
ERC2	3	55508286	56469095
CCDC66	3	56557161	56621837
ARHGEF3	3	56727418	57079329
IL17RD	3	57089982	57170306
HESX1	3	57197838	57227606
APPL1	3	57227726	57278127
ASB14	3	57268342	57292685
DNAH12	3	57293699	57544344
PDE12	3	57556274	57656480
ARF4	3	57571363	57598220
DENND6A	3	57625454	57693127
SLMAP	3	57755450	57931461
FLNB	3	58008398	58172251
FLNB-AS1	3	58162547	58170636
DNASE1L3	3	58192257	58214697
ABHD6	3	58237516	58295693
RPP14	3	58306245	58324695
PXK	3	58332686	58426746
PDHB	3	58427630	58434012
KCTD6	3	58491078	58502360
ACOX2	3	58504544	58537387
FAM107A	3	58564117	58627651
FHIT	3	59747277	61251459
PTPRG	3	61561569	62297609
CADPS	3	62398346	62875563
THOC7	3	63833870	63863868
ATXN7	3	63863155	64003558
SCAANT1	3	63911512	63912383
PSMD6-AS2	3	64004022	64012148
PSMD6	3	64010549	64024010
PRICKLE2	3	64092236	64445476
ADAMTS9	3	64515654	64688000
ADAMTS9-AS2	3	64684879	65061892
MAGI1	3	65353525	66038918
SLC25A26	3	66133610	66388116
LRIG1	3	66378794	66501263
KBTBD8	3	66998307	67011210
SUCLG2	3	67360460	67654624
EOGT	3	68975217	69013684
TMF1	3	69019827	69052339
UBA3	3	69054716	69080408
ARL6IP5	3	69084937	69106092
LMOD3	3	69106065	69123032
FRMD4B	3	69168782	69542583
MITF	3	69738536	69968336
FOXP1	3	70954693	71584009
EIF4E3	3	71675414	71754773
GPR27	3	71753855	71756496
LINC00877	3	71943592	72279946
RYBP	3	72371825	72446621
SHQ1	3	72749277	72861914
GXYLT2	3	72888046	72998138
PPP4R2	3	72996803	73069198
EBLN2	3	73061659	73063337
PDZRN3	3	73382431	73624941
CNTN3	3	74262568	74614698
LINC00960	3	75672232	75742089
ZNF717	3	75678660	75785591
ROBO2	3	75906695	77649964
ROBO1	3	78597239	79767998
GBE1	3	81489699	81761781
CADM2	3	84958989	86074429
VGLL3	3	86876388	86991149
CHMP2B	3	87227271	87255556
HTR1F	3	87792704	87993839
CGGBP1	3	88051944	88149885
ZNF654	3	88058723	88144662
C3orf38	3	88149647	88168729
EPHA3	3	89107522	89482437
PROS1	3	93873046	93980003
ARL13B	3	93980139	94055678
NSUN3	3	94062980	94131832
ARL6	3	97764521	97801229
CRYBG3	3	97822011	97944984
CLDND1	3	98497912	98523066
CPOX	3	98579446	98593707
ST3GAL6-AS1	3	98706236	98733597
ST3GAL6	3	98732175	98821201
DCBLD2	3	98795941	98901729
COL8A1	3	99638426	99799226
CMSS1	3	99817837	100181732
FILIP1L	3	99828811	100114513
TBC1D23	3	100260780	100325251
NIT2	3	100334625	100361635
LNP1	3	100401192	100457563
TMEM45A	3	100492219	100579281
ADGRG7	3	100609601	100695479
TFG	3	100709295	100748965
ABI3BP	3	100749155	100993515
IMPG2	3	101222546	101320575
SENP7	3	101324205	101513241
TRMT10C	3	101561868	101566446
PCNP	3	101574180	101594465
ZBTB11	3	101648889	101677135
ZBTB11-AS1	3	101676421	101685669
RPL24	3	101681091	101686757
CEP97	3	101724534	101770562
NXPE3	3	101778900	101843743
NFKBIZ	3	101827991	101861022
ALCAM	3	105366706	105576909
CBLB	3	105655461	105869552
LINC00882	3	106630469	107240671
DUBR	3	107220744	107462923
BBX	3	107522936	107811339
LINC00636	3	107834562	107936823
CD47	3	108043091	108091862
IFT57	3	108160812	108222553
MYH15	3	108380368	108529322
DZIP3	3	108589480	108694846
MORC1	3	108958248	109118134
LINC00488	3	109178060	109216965
DPPA4	3	109326144	109337591
CD96	3	111292719	111665996
PHLDB2	3	111732403	111976837
ABHD10	3	111978972	111993368
TAGLN3	3	111998739	112013888
TMPRSS7	3	112034736	112081269
CD200	3	112332235	112363181
ATG3	3	112532510	112562046
SLC35A5	3	112561269	112587350
CCDC80	3	112596797	112649530
CD200R1	3	112921205	112975103
GTPBP8	3	112990978	113015060
BOC	3	113210846	113287463
CFAP44	3	113286930	113441610
SPICE1	3	113442718	113515606
SIDT1	3	113532400	113629714
USF3	3	113648385	113696646
NAA50	3	113716458	113746786
ATP6V1A	3	113746770	113812056
GRAMD1C	3	113828182	113947179
ZDHHC23	3	113947901	113965401
CCDC191	3	113964137	114056594
ZNF80	3	114234631	114237578
TIGIT	3	114276913	114310288
ZBTB20	3	114314500	115147356
ZBTB20-AS4	3	115100423	115103061
GAP43	3	115623510	115721490
LSAMP	3	115802374	117997592
IGSF11	3	118900557	119146068
B4GALT4	3	119211628	119240952
ARHGAP31	3	119294352	119420714
TMEM39A	3	119428949	119468854
POGLUT1	3	119468963	119494708
TIMMDC1	3	119498515	119525090
CD80	3	119523898	119569324
ADPRH	3	119579268	119590165
PLA1A	3	119597808	119629816
POPDC2	3	119636457	119665324
COX17	3	119654513	119677621
GSK3B	3	119821321	120094994
GPR156	3	120164645	120285426
LRRC58	3	120324509	120349409
FSTL1	3	120392293	120451241
NDUFB4	3	120596303	120602507
HGD	3	120628165	120682385
RABL3	3	120684938	120742993
GTF2E1	3	120742370	120783368
STXBP5L	3	120908072	121424761
POLQ	3	121431426	121546002
HCLS1	3	121631399	121660927
GOLGB1	3	121663199	121749966
IQCB1	3	121769399	121835093
EAF2	3	121835183	121886526
SLC15A2	3	121894391	121944188
CD86	3	122055362	122121139
CSTA	3	122325248	122341969
FAM162A	3	122384161	122412334
WDR5B	3	122411846	122416464
KPNA1	3	122421902	122514947
PARP9	3	122527910	122565478
DTX3L	3	122564338	122575203
PARP15	3	122577602	122639047
PARP14	3	122680839	122730840
HSPBAP1	3	122739981	122793831
SEMA5B	3	122908792	123028605
PDIA5	3	123067025	123225227
SEC22A	3	123201859	123274136
ADCY5	3	123282296	123449090
HACD2	3	123490820	123585081
MYLK-AS1	3	123584354	123716399
MYLK	3	123610049	123884375
CCDC14	3	123897305	123961435
KALRN	3	124033369	124726325
UMPS	3	124730433	124749273
ITGB5	3	124761948	124901418
HEG1	3	124965710	125055997
SLC12A8	3	125082636	125213229
ZNF148	3	125225669	125375842
SNX4	3	125446644	125520233
OSBPL11	3	125528858	125595592
ROPN1B	3	125969160	125983454
SLC41A3	3	126005662	126101561
ALDH1L1	3	126103561	126197994
ALDH1L1-AS2	3	126180012	126210169
KLF15	3	126342635	126357458
CFAP100	3	126394656	126436556
ZXDC	3	126437601	126475993
TXNRD3	3	126571779	126655124
CHCHD6	3	126704214	126960420
PLXNA1	3	126982693	127037389
TPRA1	3	127571232	127598318
MCM2	3	127598223	127622437
PODXL2	3	127629143	127672810
ABTB1	3	127672906	127680926
MGLL	3	127689062	128052190
KBTBD12	3	127915207	127989100
SEC61A1	3	128051641	128071705
RUVBL1	3	128064778	128153914
EEFSEC	3	128153433	128409356
GATA2	3	128479423	128493208
GATA2-AS1	3	128488130	128539314
RPN1	3	128619968	128681075
RAB7A	3	128693669	128825942
ACAD9	3	128879596	128924003
EFCC1	3	129001304	129040742
ISY1	3	129127415	129161349
CNBP	3	129167818	129184008
COPG1	3	129249576	129278065
HMCES	3	129278441	129306189
EFCAB12	3	129401321	129428636
IFT122	3	129429607	129520510
MBD4	3	129430947	129440543
PLXND1	3	129555213	129606681
TMCC1	3	129647792	129893778
ALG1L2	3	130081831	130113227
PIK3R4	3	130678934	130746829
ATP2C1	3	130850511	131016712
ASTE1	3	131013066	131027649
NEK11	3	131026850	131353043
NUDT16	3	131381671	131388830
MRPL3	3	131462202	131502983
CPNE4	3	131533555	132285410
DNAJC13	3	132417502	132539032
UBA5	3	132654446	132679794
NPHP3	3	132680609	132722432
NPHP3-AS1	3	132721750	132895230
TMEM108	3	133038322	133397775
CDV3	3	133573686	133590261
TOPBP1	3	133598175	133662380
TF	3	133746040	133796641
SRPRB	3	133784023	133825772
RAB6B	3	133824235	133895882
SLCO2A1	3	133932699	134052184
RYK	3	134065303	134250929
AMOTL2	3	134355347	134375479
ANAPC13	3	134477704	134486716
CEP63	3	134485699	134587789
KY	3	134599923	134651636
EPHB1	3	134795260	135260467
PPP2R3A	3	135965655	136147894
MSL2	3	136148917	136197241
PCCB	3	136250314	136337896
STAG1	3	136336234	136752432
SLC35G2	3	136818463	136857531
NCK1	3	136862177	136951606
IL20RB	3	136946230	137011085
DZIP1L	3	138061987	138115839
DBR1	3	138160988	138174949
ARMC8	3	138187248	138298384
NME9	3	138261437	138331354
MRAS	3	138347648	138405534
ESYT3	3	138434586	138481686
CEP70	3	138494339	138594538
FAIM	3	138608550	138633376
PIK3CB	3	138652336	138834957
FOXL2	3	138944224	138947137
MRPS22	3	139005806	139360497
COPB2	3	139353942	139389736
RBP1	3	139517434	139539829
NMNAT3	3	139558709	139678017
CLSTN2	3	139935185	140577397
SLC25A36	3	140941801	140980995
SPSB4	3	141050744	141148613
PXYLP1	3	141228726	141367753
ZBTB38	3	141324154	141449792
RASA2	3	141486967	141615345
RNF7	3	141738249	141747560
ATP1B3	3	141876124	141926549
TFDP2	3	141944428	142149544
GK5	3	142157527	142225592
XRN1	3	142306607	142448087
ATR	3	142449007	142578781
PLS1	3	142595644	142713869
TRPC1	3	142724034	142807888
PCOLCE2	3	142815922	142889206
PAQR9	3	142949164	142964022
PAQR9-AS1	3	142960650	143001559
U2SURP	3	142964497	143060725
CHST2	3	143119771	143124014
SLC9A9	3	143265222	143848485
PLOD2	3	146035139	146163725
PLSCR4	3	146192335	146251179
PLSCR1	3	146511858	146544862
ZIC4	3	147386046	147406809
ZIC1	3	147393422	147510293
AGTR1	3	148697784	148743045
CPB1	3	148791102	148860187
GYG1	3	148991408	149031775
HLTF	3	149030122	149086554
HPS3	3	149129618	149173732
CP	3	149162410	149221998
TM4SF18	3	149318498	149334414
TM4SF1	3	149369022	149377692
WWTR1	3	149517235	149736714
COMMD2	3	149734667	149752495
ANKUB1	3	149761100	149968385
RNF13	3	149809445	149962153
PFN2	3	149964904	150050788
TSC22D2	3	150408298	150466422
SERP1	3	150541998	150603228
EIF2A	3	150546678	150586016
ERICH6-AS1	3	150703365	150758392
SIAH2	3	150741125	150763477
MED12L	3	151085286	151437072
P2RY14	3	151212115	151278811
P2RY13	3	151326312	151329549
P2RY12	3	151336843	151384753
IGSF10	3	151425384	151461186
SUCNR1	3	151873643	151884619
MBNL1	3	152243828	152465781
MBNL1-AS1	3	152245262	152269590
P2RY1	3	152835131	152841439
RAP2B	3	153162226	153170627
ARHGEF26	3	154121003	154257827
DHX36	3	154272546	154324487
MME	3	155024124	155183803
PLCH1	3	155375580	155745085
C3orf33	3	155762612	155806288
SLC33A1	3	155821024	155854456
GMPS	3	155870591	155944020
KCNAB1	3	156037701	156538756
SSR3	3	156539553	156559474
TIPARP-AS1	3	156634399	156817062
TIPARP	3	156673235	156706770
LEKR1	3	156825481	157046129
LINC00880	3	157074061	157128595
CCNL1	3	157146508	157160760
VEPH1	3	157259742	157533619
PTX3	3	157436850	157443633
SHOX2	3	158095905	158106420
RSRC1	3	158105675	158545734
MLF1	3	158571163	158607252
GFM1	3	158644516	158695836
LXN	3	158645822	158672648
RARRES1	3	158696892	158732798
MFSD1	3	158732198	158829719
SCHIP1	3	159273244	159897629
IL12A-AS1	3	159902045	160226966
IL12A	3	159988835	159996019
C3orf80	3	160225422	160228213
IFT80	3	160256986	160400357
SMC4	3	160399274	160434965
TRIM59	3	160432445	160485773
KPNA4	3	160495007	160565587
PPM1L	3	160755602	161078902
B3GALNT1	3	161083612	161105445
NMD3	3	161104681	161253532
SPTSSB	3	161344798	161372880
SLITRK3	3	165186325	165197109
LINC01322	3	165206440	165846519
BCHE	3	165772904	165837462
ZBBX	3	167239843	167407874
SERPINI2	3	167441914	167478972
WDR49	3	167477789	167653983
PDCD10	3	167683298	167735039
SERPINI1	3	167735068	167825573
GOLIM4	3	168008672	168096536
MECOM	3	169083499	169663775
ACTRT3	3	169765610	169769665
MYNN	3	169773377	169789716
LRRC34	3	169793003	169812986
SEC62	3	169966635	169998373
GPR160	3	170037451	170089944
PHC3	3	170086732	170181768
PRKCI	3	170222124	170305978
SKIL	3	170357287	170396835
CLDN11	3	170418865	170454733
SLC7A14	3	170459548	170586075
RPL22L1	3	170864875	170870402
EIF5A2	3	170888418	170908644
TNIK	3	171058414	171460408
PLD1	3	171600404	171810950
FNDC3B	3	172039547	172405418
TNFSF10	3	172505508	172523476
NCEH1	3	172630249	172711218
ECT2	3	172750682	172821474
NLGN1	3	173396284	174294372
NAALADL2	3	174438573	175810548
LINC01208	3	176415439	176867838
TBL1XR1	3	177019340	177228000
KCNMB2	3	178272932	178844429
KCNMB2-AS1	3	178526505	178948804
ZMAT3	3	178960121	179072323
PIK3CA	3	179148114	179240093
KCNMB3	3	179236691	179267002
ZNF639	3	179323031	179338583
MFN1	3	179346952	179394940
GNB4	3	179396088	179451647
ACTL6A	3	179562886	179588407
MRPL47	3	179582420	179604659
NDUFB5	3	179604690	179627647
USP13	3	179653004	179804366
PEX5L	3	179794958	180037053
TTC14	3	180602163	180617828
FXR1	3	180868141	180982753
DNAJC19	3	180983635	180989774
SOX2	3	181711925	181714436
LINC01206	3	181952343	182052270
ATP11B	3	182793472	182923011
DCUN1D1	3	182938074	182985953
MCCC1	3	183015218	183116075
LAMP3	3	183122200	183163839
MCF2L2	3	183178041	183428778
B3GNT5	3	183249324	183298504
KLHL6	3	183487551	183555706
KLHL24	3	183635602	183684519
YEATS2	3	183697748	183812805
YEATS2-AS1	3	183806457	183810783
MAP6D1	3	183815884	183825594
PARL	3	183829271	183884933
ABCC5	3	183919934	184017939
EIF2B5	3	184135038	184146127
DVL3	3	184155159	184173614
AP2M1	3	184174689	184184214
ABCF3	3	184186095	184194013
VWA5B2	3	184228996	184242342
ALG3	3	184242301	184249548
CAMK2N2	3	184259213	184261553
ECE2	3	184275531	184293031
PSMD2	3	184299157	184309054
EIF4G1	3	184314490	184335358
FAM131A	3	184335926	184348421
CLCN2	3	184346185	184363274
POLR2H	3	184360856	184368596
THPO	3	184371935	184381968
CHRD	3	184379381	184390736
EPHB3	3	184561776	184582408
MAGEF1	3	184710364	184712064
VPS8	3	184812113	185054009
C3orf70	3	185076838	185153060
EHHADH	3	185190624	185281990
MAP3K13	3	185282941	185489094
TMEM41A	3	185476496	185499057
LIPH	3	185506262	185552617
SENP2	3	185582496	185633551
IGF2BP2	3	185643130	185825061
TRA2B	3	185914558	185938103
ETV5	3	186046314	186110318
DGKG	3	186105668	186362261
CRYGS	3	186538441	186546702
TBCCD1	3	186546067	186570543
DNAJB11	3	186567403	186585800
AHSG	3	186612776	186621318
FETUB	3	186634558	186653778
EIF4A2	3	186783205	186789901
RFC4	3	186789880	186807058
ST6GAL1	3	186930325	187078932
RPL39L	3	187120927	187180972
RTP1	3	187197486	187201462
MASP1	3	187217282	187291980
RTP4	3	187368385	187372076
SST	3	187668912	187670394
BCL6	3	187721377	187745725
LPP-AS2	3	188151206	188154087
LPP	3	188152994	188890671
TPRG1-AS1	3	188941196	188947829
TPRG1	3	188947214	189325304
P3H2	3	189956728	190122437
CLDN1	3	190305707	190322446
IL1RAP	3	190514051	190659750
UTS2B	3	191267168	191330572
CCDC50	3	191329085	191398659
FGF12	3	192139390	192767764
MB21D2	3	192796815	192917856
ATP13A5	3	193274789	193378820
ATP13A5-AS1	3	193307244	193314362
ATP13A4	3	193398967	193593111
ATP13A4-AS1	3	193506780	193555586
OPA1	3	193593144	193697811
HES1	3	194136142	194138732
LINC00887	3	194200261	194324520
ATP13A3	3	194402672	194498364
TMEM44-AS1	3	194583969	194590263
TMEM44	3	194587673	194633689
LSG1	3	194640791	194672463
FAM43A	3	194685883	194689037
XXYLT1	3	195068284	195271159
ACAP2	3	195274738	195443091
PPP1R2	3	195514428	195543386
APOD	3	195568705	195584033
MUC20	3	195720884	195741123
MUC4	3	195746765	195811973
TNK2	3	195863364	195911945
TFRC	3	196012511	196082162
SLC51A	3	196211487	196243178
PCYT1A	3	196214222	196287957
TM4SF19-AS1	3	196318288	196325570
UBXN7	3	196347659	196432430
RNF168	3	196468783	196503768
WDR53	3	196552228	196569263
FBXO45	3	196568611	196589059
LINC01063	3	196631009	196632706
NRROS	3	196639694	196662004
PIGX	3	196639775	196736007
CEP19	3	196706268	196712598
PAK2	3	196739743	196832647
SENP5	3	196867856	196934718
NCBP2	3	196935402	196942594
NCBP2-AS1	3	196939877	196942534
PIGZ	3	196946356	196969060
DLG1	3	197042560	197299330
BDH1	3	197509776	197573382
RUBCN	3	197668867	197749727
FYTTD1	3	197737179	197787596
LRCH3	3	197791226	197888436
IQCG	3	197888220	197960142
RPL35A	3	197950000	197956610
LMLN	3	197960200	198043720
ZNF595	4	53286	88208
ZNF718	4	124501	202303
ZNF141	4	337800	384868
ZNF721	4	425815	499156
PIGG	4	499210	540200
PDE6B	4	625573	670782
MYL5	4	673521	682033
PCGF3	4	705748	770089
CPLX1	4	784957	827043
GAK	4	849275	932411
TMEM175	4	932168	958741
DGKQ	4	958884	986895
SLC26A1	4	979073	997659
IDUA	4	986997	1008344
FGFRL1	4	1008649	1026901
SPON2	4	1166932	1208962
CTBP1-AS	4	1210120	1218591
CTBP1	4	1211434	1250333
MAEA	4	1289876	1340147
UVSSA	4	1345691	1395989
FAM53A	4	1617915	1684313
SLBP	4	1692731	1712344
TACC3	4	1712858	1745178
TMEM129	4	1715951	1721358
FGFR3	4	1793286	1808873
LETM1	4	1811479	1856232
NELFA	4	1982717	2041903
NAT8L	4	2059327	2069089
POLN	4	2071918	2242121
HAUS3	4	2227464	2242133
MXD4	4	2247432	2262115
ZFYVE28	4	2269582	2418651
RNF4	4	2462220	2515859
FAM193A	4	2536646	2732573
TNIP2	4	2741648	2756367
SH3BP2	4	2793020	2841291
ADD1	4	2843576	2930082
MFSD10	4	2930559	2935462
NOP14-AS1	4	2934876	2961738
NOP14	4	2937933	2963406
GRK4	4	2963571	3040760
HTT	4	3041363	3243957
RGS12	4	3293021	3439913
HGFAC	4	3441924	3449493
DOK7	4	3463306	3501473
LRPAP1	4	3503612	3532446
TMEM128	4	4235541	4248239
LYAR	4	4267572	4290196
ZBTB49	4	4290238	4321786
NSG1	4	4348140	4419058
STX18	4	4415742	4542346
STX18-AS1	4	4542090	4821468
MSX1	4	4859665	4863936
CYTL1	4	5014586	5019486
STK32B	4	5051480	5500994
EVC2	4	5542772	5709548
EVC	4	5711201	5814305
CRMP1	4	5748084	5893086
JAKMIP1	4	6026199	6200591
WFS1	4	6269839	6303265
PPP2R2C	4	6320578	6563600
MAN2B2	4	6575174	6623362
MRFAP1	4	6640091	6642729
MRFAP1L1	4	6707693	6709923
BLOC1S4	4	6716174	6717664
KIAA0232	4	6781375	6884170
TBC1D14	4	6909242	7033118
TADA2B	4	7041899	7057952
GRPEL1	4	7058643	7068145
SORCS2	4	7192538	7742827
AFAP1	4	7758713	7939926
ABLIM2	4	7965310	8158832
SH3TC1	4	8182072	8241803
HTRA3	4	8269749	8307110
ACOX3	4	8365885	8440750
TRMT44	4	8436140	8493531
HMX1	4	8846076	8871839
SLC2A9	4	9771153	10054936
WDR1	4	10068089	10116988
ZNF518B	4	10439873	10461381
CLNK	4	10486395	10684768
HS3ST1	4	11393150	11429564
RAB28	4	13361354	13484365
NKX3-2	4	13540830	13544508
BOD1L1	4	13568738	13627725
LINC00504	4	14470465	14888169
CPEB2	4	15002481	15070153
CC2D2A	4	15469865	15602097
FBXL5	4	15604381	15681679
FAM200B	4	15681506	15690447
BST1	4	15703000	15775614
CD38	4	15778275	15853232
FGFBP2	4	15960245	15969309
PROM1	4	15963076	16084378
TAPT1	4	16160505	16227410
TAPT1-AS1	4	16226685	16323197
LDB2	4	16501534	16898924
QDPR	4	17460261	17512206
LAP3	4	17577198	17607975
MED28	4	17614641	17634105
FAM184B	4	17629306	17781621
DCAF16	4	17793446	17810758
NCAPG	4	17810844	17844865
LCORL	4	17841187	18021993
SLIT2	4	20251903	20620561
PACRGL	4	20696282	20752907
KCNIP4	4	20728606	21948772
KCNIP4-IT1	4	21843341	21853188
ADGRA3	4	22345071	22516089
PPARGC1A	4	23755041	23904089
DHX15	4	24517441	24584603
SOD3	4	24789912	24800848
CCDC149	4	24803514	24980204
LGI2	4	24998847	25030965
SEPSECS	4	25120014	25160550
SEPSECS-AS1	4	25160641	25201440
PI4K2B	4	25160663	25280542
ZCCHC4	4	25312774	25372306
ANAPC4	4	25377210	25420310
SLC34A2	4	25648011	25679132
SEL1L3	4	25747433	25863760
SMIM20	4	25861830	25929813
RBPJ	4	26163455	26435131
TBC1D19	4	26576437	26756223
STIM2	4	26857601	27025381
PCDH7	4	30720369	31146805
ARAP2	4	35948221	36244777
DTHD1	4	36281616	36347511
RELL1	4	37590800	37686413
PGM2	4	37826660	37863028
TBC1D1	4	37890836	38139175
PTTG2	4	37960398	37961128
KLF3	4	38664032	38701517
TLR10	4	38772238	38782990
TLR1	4	38787555	38856817
TLR6	4	38822897	38856901
FAM114A1	4	38867677	38945740
TMEM156	4	38965999	39032922
KLHL5	4	39044721	39126857
WDR19	4	39182494	39285810
RFC1	4	39287456	39366395
KLB	4	39406930	39451533
RPL9	4	39451747	39458948
LIAS	4	39459004	39485109
UGDH	4	39498755	39528311
UGDH-AS1	4	39527713	39594707
SMIM14	4	39546336	39639088
UBE2K	4	39698109	39782792
PDS5A	4	39822863	39977987
N4BP2	4	40056658	40158252
RHOH	4	40191011	40246967
CHRNA9	4	40335333	40355217
RBM47	4	40423267	40630892
NSUN7	4	40749776	40811184
APBB2	4	40810027	41216714
UCHL1	4	41256413	41268560
LIMCH1	4	41359574	41700049
LINC00682	4	41872738	41882955
TMEM33	4	41934403	41960803
DCAF4L1	4	41981756	41986465
SLC30A9	4	41990496	42090461
BEND4	4	42110853	42152878
SHISA3	4	42397488	42402487
ATP8A1	4	42408373	42657121
KCTD8	4	44173903	44448928
YIPF7	4	44622088	44678795
GUF1	4	44678420	44700928
GNPDA2	4	44682200	44726588
GABRA2	4	46243548	46475230
COX7B2	4	46734827	46909245
GABRA4	4	46918900	46993581
GABRB1	4	46993723	47426447
COMMD8	4	47450787	47463730
ATP10D	4	47485275	47593486
CORIN	4	47593999	47838132
NFXL1	4	47847233	47914667
NIPAL1	4	47914142	48040173
TEC	4	48135783	48269858
SLAIN2	4	48341472	48426201
SLC10A4	4	48483343	48489526
FRYL	4	48497357	48780322
OCIAD1	4	48805141	48862342
OCIAD2	4	48885019	48906937
DCUN1D4	4	51843000	51916839
LRRC66	4	51993614	52020363
SGCB	4	52020706	52038299
SPATA18	4	52051304	52097302
USP46	4	52590960	52659301
ERVMER34-1	4	52722618	52751897
RASL11B	4	52862317	52866835
SCFD2	4	52872982	53366072
FIP1L1	4	53377562	53464382
LNX1	4	53459301	53701405
CHIC2	4	53994803	54064605
GSX2	4	54099523	54102498
PDGFRA	4	54229130	54298246
KIT	4	54657267	54740783
KDR	4	55078476	55125595
SRD5A3	4	55346213	55373100
TMEM165	4	55395652	55453397
CLOCK	4	55427903	55547491
NMU	4	55595229	55636747
EXOC1	4	55853628	55905096
CEP135	4	55948819	56033361
AASDH	4	56337994	56387523
PPAT	4	56393362	56435616
PAICS	4	56435058	56464578
SRP72	4	56467595	56503681
ARL9	4	56505209	56524959
HOPX	4	56647989	56681877
SPINK2	4	56809860	56821742
REST	4	56907876	56966808
NOA1	4	56962876	56977623
POLR2B	4	56977722	57031158
IGFBP7	4	57030766	57110690
IGFBP7-AS1	4	57109736	57207459
ADGRL3	4	61200326	62078335
EPHA5	4	65319563	65670495
EPHA5-AS1	4	65668250	65708352
CENPC	4	67468762	67545563
UBA6	4	67612652	67701199
YTHDC1	4	68310387	68350098
SULT1B1	4	69721167	69787961
UTP3	4	70688532	70690551
RUFY3	4	70704204	70808619
GRSF1	4	70815783	70839903
MOB1B	4	70902326	71022449
DCK	4	70992538	71030914
SLC4A4	4	71062667	71572087
ADAMTS3	4	72280969	72569221
COX18	4	73052362	73069755
ANKRD17	4	73073376	73259147
CXCL8	4	73740519	73747379
CXCL1	4	73869392	73871308
CXCL5	4	73995642	73998677
CXCL3	4	74036589	74038807
CXCL2	4	74097040	74099196
MTHFD2L	4	74114174	74303099
EREG	4	74365145	74388749
AREG	4	74444999	74455005
BTC	4	74744759	74794717
PARM1	4	74933041	75050115
RCHY1	4	75479033	75514764
THAP6	4	75513946	75550473
CDKL2	4	75576494	75630716
G3BP2	4	75641849	75726301
USO1	4	75724522	75814290
NAAA	4	75910655	75941013
SDAD1	4	75940950	75990962
CXCL9	4	76001275	76007509
ART3	4	76011184	76114094
CXCL10	4	76021118	76023497
CXCL11	4	76033682	76041415
NUP54	4	76107562	76148509
SCARB2	4	76158737	76234536
FAM47E	4	76214040	76284294
CCDC158	4	76312997	76421868
SHROOM3	4	76435229	76783253
CCNI	4	77047155	77076319
CCNG2	4	77157207	77433388
CXCL13	4	77511753	77611834
CNOT6L	4	77713387	77819615
MRPL1	4	77862826	77952791
FRAS1	4	78057323	78544269
ANXA3	4	78551621	78610493
LINC01094	4	78623173	78769640
BMP2K	4	78776342	78916365
PAQR3	4	78887127	78939438
LINC01088	4	78938871	79309673
ANTXR2	4	79901146	80125454
PRDM8	4	80183879	80204329
FGF5	4	80266639	80336680
PRKG2	4	81086874	81217970
RASGEF1B	4	81426393	82044244
HNRNPD	4	82351523	82374543
HNRNPDL	4	82422565	82430471
ENOPH1	4	82430589	82461177
TMEM150C	4	82483170	82562357
SCD5	4	82629539	82798796
SEC31A	4	82818081	82901166
THAP9-AS1	4	82893009	82900960
THAP9	4	82900684	82919969
LIN54	4	82909973	83012983
COPS4	4	83034447	83075818
PLAC8	4	83059493	83137075
COQ2	4	83261536	83284914
HPSE	4	83292461	83335153
HELQ	4	83407343	83455855
MRPS18C	4	83455932	83470428
GPAT3	4	83535619	83605875
NKX6-1	4	84491985	84499292
CDS1	4	84582879	84651334
WDFY3	4	84668765	84966690
ARHGAP24	4	85475150	86002668
MAPK10	4	85990007	86594625
PTPN13	4	86593944	86815180
C4orf36	4	86876205	86892813
AFF1	4	86934237	87141073
KLHL8	4	87159981	87240729
HSD17B13	4	87303789	87322945
HSD17B11	4	87336515	87391219
NUDT9	4	87422573	87459455
SPARCL1	4	87473329	87531118
IBSP	4	87799546	87813329
SPP1	4	87975667	87983532
PKD2	4	88007629	88077777
ABCG2	4	88090150	88231818
PPM1K	4	88257620	88284769
HERC6	4	88378739	88443098
HERC5	4	88457086	88506188
PYURF	4	88520998	88523776
HERC3	4	88523810	88708450
NAP1L5	4	88695913	88697829
FAM13A-AS1	4	88708622	88730103
FAM13A	4	88725955	89111398
TIGD2	4	89111533	89114901
GPRIN3	4	89236383	89307937
SNCA	4	89700345	89838315
MMRN1	4	89879532	89954629
CCSER1	4	90127394	91605295
GRID2	4	92303966	93810157
SMARCAD1	4	94207605	94291293
HPGDS	4	94298507	94342876
PDLIM5	4	94451857	94668227
BMPR1B	4	94757937	95158448
UNC5C	4	95162504	95549206
RAP1GDS1	4	98261243	98443864
TSPAN5	4	98470365	98658690
EIF4E	4	98878761	98929150
METAP1	4	98995359	99063443
ADH5	4	99070978	99088801
ADH1B	4	99304971	99321659
TRMT10A	4	99546709	99564039
MTTP	4	99564081	99623997
DAPP1	4	99816816	99870190
LAMTOR3	4	99878336	99894428
DNAJB14	4	99896248	99946653
DDIT4L	4	100185870	100190782
EMCN	4	100395341	100880126
PPP3CA	4	101023409	101348278
BANK1	4	101411286	102074812
SLC39A8	4	102251080	102431258
NFKB1	4	102500937	102617302
MANBA	4	102630770	102760999
UBE2D3	4	102793516	102869287
CISD2	4	102868971	102892807
SLC9B1	4	102885048	103019719
SLC9B2	4	103019868	103085829
BDH2	4	103077592	103099880
CENPE	4	103105349	103198463
CXXC4	4	104468308	104494901
TET2	4	105145875	105279816
PPA2	4	105369077	105474113
ARHGEF38	4	105552620	105708093
INTS12	4	105682016	105895986
GSTCD	4	105708778	105849570
NPNT	4	105894775	106004027
TBCK	4	106041599	106316683
AIMP1	4	106315544	106349456
PAPSS1	4	107590276	107720395
SGMS2	4	107824563	107915047
CYP2U1	4	107931531	107953465
HADH	4	107989714	108035241
LEF1	4	108047545	108168956
RPL34	4	108620508	108632886
OSTC	4	108650585	108667820
ETNPPL	4	108741969	108763228
COL25A1	4	108808725	109302752
SEC24B-AS1	4	109346134	109434572
SEC24B	4	109433602	109540896
CASP6	4	109688622	109703583
PLA2G12A	4	109709989	109730070
CFI	4	109731008	109802195
GAR1	4	109815500	109825575
LRIT3	4	109846013	109872315
EGF	4	109912883	110013766
ELOVL6	4	110045846	110199199
ENPEP	4	110365733	110565285
PITX2	4	110617423	110642123
AP1AR	4	112231363	112273110
TIFA	4	112272968	112285955
ALPK1	4	112285509	112442621
NEUROG2	4	112513516	112516180
ZGRF1	4	112539333	112637392
LARP7	4	112636990	112657858
ANK2	4	112818032	113384231
CAMK2D	4	113418054	113761927
ARSJ	4	113900284	113979727
UGT8	4	114598374	114678588
TRAM1L1	4	117083554	117085576
SNHG8	4	118278462	118285316
PRSS12	4	118280038	118353003
METTL14	4	118685387	118715433
SEC24D	4	118722822	118838683
SYNPO2	4	118850688	119061247
MYOZ2	4	119128431	119187789
USP53	4	119212128	119295518
PDE5A	4	119494397	119628804
MAD2L1	4	120055623	120067192
PRDM5	4	120684919	120923089
NDNF	4	121033326	121074085
ANXA5	4	121667396	121697061
EXOSC9	4	121801318	121817021
CCNA2	4	121816444	121823917
BBS7	4	121824329	121870494
TRPC3	4	121874481	121952060
BBS12	4	122732702	122744942
FGF2	4	122826682	122898236
NUDT6	4	122888697	122922968
SPRY1	4	123396754	123403760
LINC01091	4	123539026	123962704
ANKRD50	4	124664048	124712732
FAT4	4	125314918	125492932
INTU	4	127623271	127726737
HSPA4L	4	127781821	127840733
PLK4	4	127880890	127899224
MFSD8	4	127917799	127966034
ABHD18	4	127965267	128039953
LARP1B	4	128060801	128222931
PGRMC2	4	128269237	128288829
JADRR	4	128768228	128769948
JADE1	4	128809576	128875224
SCLT1	4	128864921	129093600
C4orf33	4	129093317	129116640
PCDH10	4	133149294	133208606
PABPC4L	4	134196333	134201885
PCDH18	4	137518918	137532494
SLC7A11	4	138164097	138242349
NOCT	4	139015772	139045939
ELF2	4	139028112	139177224
MGARP	4	139266165	139280346
NDUFC1	4	139266880	139302564
NAA15	4	139301446	139420033
RAB33B	4	139453232	139476609
SETD7	4	139492974	139606699
MGST2	4	139665768	139741884
MAML3	4	139716753	140154212
SCOC	4	140257286	140385728
SCOC-AS1	4	140283724	140373432
CLGN	4	140387952	140427661
ELMOD2	4	140524164	140553775
TBC1D9	4	140620782	140756982
RNF150	4	140859807	141212877
ZNF330	4	141220280	141234697
IL15	4	141636237	141735276
INPP4B	4	142023160	142847432
USP38	4	143184917	143225212
GAB1	4	143336402	143474565
SMARCA5	4	143513445	143557486
FREM3	4	143577302	143700675
HHIP-AS1	4	144642916	144661357
HHIP	4	144646156	144745271
ANAPC10	4	144831908	145098823
ABCE1	4	145098248	145129524
OTUD4	4	145110838	145180621
SMAD1	4	145480769	145559176
MMAA	4	145599042	145660033
ZNF827	4	145757627	145938823
LSM6	4	146175685	146204436
SLC10A7	4	146253975	146522372
EDNRA	4	147480917	147544954
TMEM184C	4	147617386	147672044
PRMT9	4	147635654	147684163
ARHGAP10	4	147731922	148072780
NR3C2	4	148078762	148445549
DCLK2	4	150078176	150257454
LRBA	4	150264435	151015755
RPS3A	4	151099565	151104652
SH3D19	4	151102751	151409365
GATB	4	151670458	151761028
FBXW7	4	152320544	152536107
TMEM154	4	152618628	152680012
TIGD4	4	152768155	152779732
ARFIP1	4	152779096	152918463
FHDC1	4	152935887	152979697
TRIM2	4	153152163	153339319
MND1	4	153344623	153415118
TLR2	4	153684050	153708537
RNF175	4	153710160	153760031
SFRP2	4	153780591	153789083
DCHS2	4	154231742	154491799
PLRG1	4	154535005	154550403
LRAT	4	154626945	154753120
NPY2R	4	155208636	155217078
MAP9	4	155342658	155376970
TDO2	4	155854738	155920414
CTSO	4	155921580	155953912
PDGFC	4	156760454	156971799
GLRB	4	157076100	157172090
GRIA2	4	157204182	157387146
TMEM144	4	158201604	158255416
C4orf46	4	158666675	158672255
ETFDH	4	158671968	158710758
PPID	4	158709127	158723406
FNIP2	4	158769026	158908050
RAPGEF2	4	159103013	159360174
NAF1	4	163110073	163166913
NPY1R	4	163323962	163344852
TMA16	4	163494442	163520733
TRIM61	4	164954446	164977668
FAM218A	4	164956946	164959122
TRIM60	4	165016458	165041749
TMEM192	4	165070608	165208549
KLHL2	4	165207561	165323156
MSMO1	4	165327667	165343180
CPE	4	165361194	165498547
SPOCK3	4	166733384	167234796
DDX60	4	168216291	168318883
DDX60L	4	168356735	168537786
PALLD	4	168497052	168928457
CBR4	4	168863770	169010311
SH3RF1	4	169094259	169271185
NEK1	4	169369704	169612644
CLCN3	4	169612438	169723673
MFAP3L	4	169986597	170033031
AADAT	4	170060219	170091699
GALNT7	4	173168811	173323967
HMGB2	4	173331376	173334456
SAP30	4	173369969	173377532
SCRG1	4	173384701	173410218
HAND2-AS1	4	173521334	173697469
HAND2	4	173524969	173530229
FBXO8	4	174236658	174283676
CEP44	4	174283295	174333380
HPGD	4	174490175	174523154
GLRA3	4	174636920	174829247
GPM6A	4	175632934	176003069
WDR17	4	176065840	176182820
SPATA4	4	176184579	176195585
ASB5	4	176213673	176277571
SPCS3	4	176319966	176332245
VEGFC	4	176683538	176792922
NEIL3	4	177309860	177362936
AGA	4	177430774	177442444
TENM3	4	182143918	182803024
DCTD	4	182890060	182917936
WWC2	4	183099126	183320777
CDKN2AIP	4	183444635	183449064
ING2	4	183505058	183512429
RWDD4	4	183639635	183659203
TRAPPC11	4	183659267	183713594
STOX2	4	183797692	184023526
ENPP6	4	184088706	184221230
IRF2	4	184385702	184474558
CASP3	4	184627695	184650418
PRIMPOL	4	184648461	184694963
CENPU	4	184694085	184734130
ACSL1	4	184755501	184826853
MIR3945HG	4	184843296	184855751
SLC25A4	4	185143233	185150382
CFAP97	4	185159665	185210815
SNX25	4	185204237	185390928
LRP2BP	4	185363655	185397288
ANKRD37	4	185396021	185400628
UFSP2	4	185399527	185425979
CCDC110	4	185445182	185471752
PDLIM3	4	185500660	185535507
SORBS2	4	185585444	185956652
TLR3	4	186068911	186088073
FAM149A	4	186104419	186175337
CYP4V2	4	186191475	186215245
KLKB1	4	186225424	186258476
FAT1	4	186587791	186726722
FRG1	4	189940842	189963207
PLEKHG4B	5	92128	189972
CCDC127	5	196868	218153
SDHA	5	218274	257083
PDCD6	5	271621	314974
AHRR	5	320682	438291
EXOC3-AS1	5	441498	443160
EXOC3	5	442522	471937
CEP72	5	612330	667168
TPPP	5	659862	693997
ZDHHC11B	5	710355	784729
ZDHHC11	5	795605	858973
BRD9	5	850291	892838
TRIP13	5	892884	919357
NKD2	5	1008021	1040630
SLC12A7	5	1050384	1155916
TERT	5	1253147	1295085
CLPTM1L	5	1317744	1345099
LPCAT1	5	1456480	1524282
MRPL36	5	1798381	1802001
NDUFS6	5	1801363	1816051
IRX2	5	2741794	2751677
IRX1	5	3595832	3601403
ICE1	5	5420664	5490220
MED10	5	6371874	6378571
UBE2QL1	5	6448859	6496723
NSUN2	5	6599237	6633304
SRD5A1	5	6633290	6676539
ADCY2	5	7395681	7830081
MTRR	5	7851186	7906025
FASTKD3	5	7859159	7869055
MIR4458HG	5	8450701	8486930
SEMA5A	5	9035033	9546142
SNHG18	5	9545647	9597347
CCT5	5	10249929	10266389
CMBL	5	10275875	10307974
ROPN1L	5	10441524	10559716
ANKRD33B	5	10564070	10657816
DAP	5	10679230	10761273
CTNND2	5	10971836	11904446
DNAH5	5	13690328	14011818
TRIO	5	14143342	14532128
OTULIN	5	14664664	14716529
ANKH	5	14704800	14871877
FBXL7	5	15500180	15939795
ZNF622	5	16451518	16465811
MYO10	5	16661907	16936288
BASP1	5	17065598	17276843
CDH18	5	19471296	20575873
CDH10	5	24487099	24644978
CDH6	5	31193686	31329146
DROSHA	5	31400494	31533186
C5orf22	5	31532287	31555053
PDZD2	5	31639121	32110933
GOLPH3	5	32124712	32174319
MTMR12	5	32226994	32313013
ZFR	5	32354350	32444761
SUB1	5	32531633	32604507
NPR3	5	32689070	32791724
ADAMTS12	5	33523535	33892019
AMACR	5	33986165	34008104
C1QTNF3	5	34017858	34043228
RAI14	5	34656328	34832612
TTC23L	5	34838833	34900511
RAD1	5	34900072	34918989
BRIX1	5	34915273	34926622
DNAJC21	5	34929548	34958964
PRLR	5	35048756	35230533
SPEF2	5	35617844	35814611
IL7R	5	35852695	35879603
LMBRD2	5	36098407	36151921
SKP2	5	36151989	36196849
NADK2	5	36192589	36242279
RANBP3L	5	36246913	36302114
SLC1A3	5	36596588	36688335
NIPBL	5	36876769	37066413
NUP155	5	37288137	37371140
WDR70	5	37379281	37753435
GDNF-AS1	5	37811589	38184717
GDNF	5	37812677	37840041
EGFLAM	5	38258409	38465480
LIFR	5	38474668	38608354
LIFR-AS1	5	38556762	38671216
OSMR	5	38845852	38945596
RICTOR	5	38937920	39074402
DAB2	5	39371675	39462300
TTC33	5	40512333	40755963
PTGER4	5	40679915	40693735
PRKAA1	5	40759389	40798374
RPL37	5	40825262	40835269
CARD6	5	40841308	40860175
OXCT1	5	41730064	41870589
FBXO4	5	41925210	41941743
GHR	5	42423439	42721878
CCDC152	5	42756799	42802439
ANXA2R	5	43039233	43043170
ZNF131	5	43065176	43192021
NIM1K	5	43192071	43280862
HMGCS1	5	43287470	43313512
C5orf34	5	43486709	43515148
PAIP1	5	43526267	43557758
NNT-AS1	5	43571594	43603230
NNT	5	43602660	43707405
MRPS30	5	44808947	44820428
EMB	5	50396192	50443248
PARP8	5	50665899	50846519
ITGA1	5	52787916	52959209
PELO	5	52787916	52804044
ITGA2	5	52989320	53094779
MOCS2	5	53095679	53113016
FST	5	53480210	53487134
NDUFS4	5	53560633	53683338
ARL15	5	53883942	54310582
HSPB3	5	54455699	54456377
SNX18	5	54517727	54546586
ESM1	5	54977867	55022671
GZMA	5	55102646	55110252
CDC20B	5	55112971	55173177
GPX8	5	55160167	55167297
CCNO	5	55231152	55233608
DHX29	5	55256055	55307707
PLPP1	5	55424849	55535035
SLC38A9	5	55623437	55773194
IL31RA	5	55851357	55922854
IL6ST	5	55935095	55995022
ANKRD55	5	56099680	56233330
C5orf67	5	56493622	56670173
MAP3K1	5	56815538	56896152
SETD9	5	56909260	56925532
MIER3	5	56919602	56971675
GPBP1	5	57173821	57265668
PLK2	5	58453982	58460139
GAPT	5	58491435	58497090
RAB3C	5	58582221	58859394
PDE4D	5	58969038	60522120
PART1	5	60487713	60548813
DEPDC1B	5	60596912	60700194
ELOVL7	5	60751791	60844274
ERCC8	5	60866454	60945073
NDUFAF2	5	60945177	61154531
SMIM15	5	61157704	61163142
ZSWIM6	5	61332258	61546172
KIF2A	5	62306162	62391025
DIMT1	5	62347284	62403943
IPO11	5	62403518	62629949
RNF180	5	64165291	64372869
RGS7BP	5	64506015	64612319
SREK1IP1	5	64718148	64768692
CWC27	5	64766368	65102412
ADAMTS6	5	65148738	65481920
CENPK	5	65517766	65563183
PPWD1	5	65563236	65587549
TRIM23	5	65589690	65625975
TRAPPC13	5	65624789	65666233
SGTB	5	65665928	65723035
NLN	5	65722205	65871725
SREK1	5	66139971	66183615
MAST4	5	66596380	67169593
MAST4-AS1	5	66988877	67004250
CD180	5	67179613	67196799
PIK3R1	5	68215740	68301821
SLC30A5	5	69093991	69131069
CCNB1	5	69167004	69178372
CENPH	5	69189542	69210357
CDK7	5	69234795	69277430
CCDC125	5	69280175	69332809
AK6	5	69350984	69370013
TAF9	5	69362026	69370026
RAD17	5	69369293	69414806
MARVELD2	5	69415065	69444330
OCLN	5	69492184	69558104
GTF2H2C	5	69558392	69595221
SMN2	5	70049635	70078522
SERF1A	5	70900669	70918530
SMN1	5	70925030	70953942
NAIP	5	70968166	71025339
GTF2H2	5	71034962	71067723
BDP1	5	71455651	71567820
MCCC2	5	71579531	71658706
MAP1B	5	72107234	72209565
MRPS27	5	72214953	72321717
PTCD2	5	72320318	72368395
ZNF366	5	72439903	72507410
TNPO1	5	72816312	72916741
FCHO2	5	72955988	73090522
FOXD1	5	73444827	73448777
BTF3	5	73498408	73505667
ANKRA2	5	73552190	73565712
UTP15	5	73565443	73583380
ARHGEF28	5	73625757	73942391
ENC1	5	74627406	74641424
HEXB	5	74640023	74722647
GFM2	5	74721206	74767147
NSA2	5	74766991	74780113
FAM169A	5	74777574	74867022
GCNT4	5	75025346	75054224
ANKRD31	5	75068275	75236911
HMGCR	5	75336329	75364241
POLK	5	75511782	75609991
ANKDD1B	5	75611182	75681773
POC5	5	75674124	75717448
SV2C	5	76083383	76353939
IQGAP2	5	76403285	76708132
F2RL2	5	76615482	76623413
F2R	5	76716126	76735770
F2RL1	5	76818933	76835315
S100Z	5	76850001	76921650
CRHBP	5	76953044	76981158
AGGF1	5	77029251	77065234
ZBED3	5	77072072	77087353
ZBED3-AS1	5	77086688	77166909
PDE8B	5	77086732	77427124
WDR41	5	77425970	77620611
OTP	5	77628712	77638713
TBCA	5	77691166	77868780
AP3B1	5	77991640	78294762
SCAMP1-AS1	5	78342330	78360532
SCAMP1	5	78360114	78480739
LHFPL2	5	78485215	78770021
ARSB	5	78777209	78986087
DMGDH	5	78996974	79236038
BHMT2	5	79069636	79090069
JMY	5	79236128	79327215
HOMER1	5	79372636	79514565
CMYA5	5	79689777	79800607
MTX3	5	79976716	79991262
THBS4	5	79991311	80083831
SERINC5	5	80111228	80256048
ZFYVE16	5	80407149	80483379
FAM151B	5	80487969	80542563
DHFR	5	80626226	80654983
MSH3	5	80654650	80877147
RASGRF2	5	80960310	81230162
CKMT2-AS1	5	81201341	81301582
CKMT2	5	81233320	81266399
ZCCHC9	5	81301583	81313766
ACOT12	5	81329862	81394191
SSBP2	5	81412804	81752038
ATG10	5	81971615	82276857
RPS23	5	82273320	82278414
ATP6AP1L	5	82295449	82318300
LINC01338	5	82807475	82860008
TMEM167A	5	83052846	83077863
XRCC4	5	83077498	83353787
VCAN	5	83471618	83582303
VCAN-AS1	5	83531352	83581320
HAPLN1	5	83637805	83723528
EDIL3	5	83940554	84384885
COX7C	5	86617905	86621246
RASA1	5	87267778	87391939
CCNH	5	87318416	87413029
TMEM161B	5	88185575	88269476
MEF2C	5	88717117	88904257
MEF2C-AS1	5	88883276	89467616
CETN3	5	90392257	90409786
MBLAC2	5	90458209	90474771
POLR3G	5	90471748	90514559
LYSMD3	5	90515611	90529596
ADGRV1	5	90529344	91164437
LUCAT1	5	91054834	91314547
ARRDC3	5	91368631	91383317
ARRDC3-AS1	5	91380347	91690788
NR2F1-AS1	5	93360779	93585649
NR2F1	5	93583222	93594611
POU5F2	5	93733220	93741600
KIAA0825	5	94150851	94618604
SLF1	5	94618054	94739436
MCTP1	5	94703690	95285094
ARSK	5	95555101	95605102
GPR150	5	95620087	95622142
RFESD	5	95646718	95684773
SPATA9	5	95652181	95698711
RHOBTB3	5	95713522	95824383
GLRX	5	95751319	95822734
LINC01554	5	95838244	95860141
ELL2	5	95885098	95961871
CAST	5	96247756	96779595
PCSK1	5	96390333	96434143
ERAP1	5	96760810	96808100
ERAP2	5	96875986	96919703
LNPEP	5	96935394	97037513
LIX1	5	97091867	97142846
RIOK2	5	97160867	97183289
RGMB	5	98768004	98798643
RGMB-AS1	5	98769618	98774507
CHD1	5	98853985	98929007
FAM174A	5	100535338	100586741
ST8SIA4	5	100806933	100903285
SLCO6A1	5	102371774	102499016
PAM	5	102753981	103031149
GIN1	5	103086000	103120226
PPIP5K2	5	103120149	103212799
NUDT12	5	103548855	103562806
EFNA5	5	107376894	107670937
FBXL17	5	107859035	108382098
LINC01023	5	108725707	108728744
FER	5	108747841	109196841
PJA2	5	109334704	109409991
MAN2A1	5	109689375	109869625
TMEM232	5	110289233	110738956
SLC25A46	5	110738136	110765161
TSLP	5	111070062	111078026
WDR36	5	111092303	111130502
CAMK4	5	111223653	111494886
STARD4	5	111495551	111512590
STARD4-AS1	5	111510396	111739726
NREP	5	111662621	111997464
EPB41L4A	5	112142441	112419313
EPB41L4A-AS1	5	112160526	112164818
APC	5	112707498	112846239
SRP19	5	112861188	112898371
REEP5	5	112876385	112922328
DCP2	5	112976702	113022195
MCC	5	113022106	113488823
YTHDC2	5	113513694	113595287
KCNN2	5	114055926	114496500
TRIM36	5	115124762	115180546
PGGT1B	5	115204012	115262877
CCDC112	5	115267190	115296756
FEM1C	5	115520908	115544775
TMED7	5	115613210	115634830
CDO1	5	115804733	115816660
ATG12	5	115828200	115841837
AP3S1	5	115841422	115914086
LVRN	5	115962454	116027619
COMMD10	5	116085007	116412762
SEMA6A-AS1	5	116432500	116552198
SEMA6A	5	116443555	116576161
DTWD2	5	118836074	118988554
DMXL1	5	119037772	119249138
TNFAIP8	5	119268692	119399688
HSD17B4	5	119452465	119637199
PRR16	5	120464300	120687332
SRFBP1	5	121961965	122075570
LOX	5	122063195	122078634
SNCAIP	5	122311354	122464224
SNX2	5	122775010	122834543
SNX24	5	122843439	123029354
PPIC	5	123022052	123036725
PRDM6	5	123089241	123194266
CEP120	5	123344890	123423592
CSNK1G3	5	123512067	123617049
LINC01170	5	124059664	124438655
ZNF608	5	124636913	124748807
ALDH7A1	5	126531200	126595362
PHAX	5	126600925	126627252
LMNB1	5	126776623	126837232
C5orf63	5	127045235	127073506
MEGF10	5	127290796	127465737
PRRC1	5	127517617	127555085
SLC12A2	5	128083714	128189677
FBN2	5	128257909	128659185
SLC27A6	5	128538013	129036767
ISOC1	5	129094711	129114031
ADAMTS19	5	129459686	129738683
CHSY3	5	129904465	130186634
HINT1	5	131155383	131224468
LYRM7	5	131170918	131205428
CDC42SE2	5	131245493	131398447
RAPGEF6	5	131423921	131635234
FNIP1	5	131641714	131797017
ACSL6	5	131949973	132012243
P4HA2	5	132190094	132295315
PDLIM4	5	132257644	132273454
SLC22A4	5	132293769	132344206
SLC22A5	5	132369710	132395614
IRF1	5	132440440	132508719
IL5	5	132541445	132556838
RAD50	5	132556019	132646349
KIF3A	5	132692628	132737638
CCNI2	5	132747319	132754403
SOWAHA	5	132813302	132816786
SHROOM1	5	132822141	132830920
GDF9	5	132861181	132866884
UQCRQ	5	132866626	132868847
LEAP2	5	132873444	132875046
AFF4	5	132875395	132963634
ZCCHC10	5	132996985	133026604
HSPA4	5	133051946	133106449
C5orf15	5	133955510	133968674
VDAC1	5	133971871	134005360
TCF7	5	134114681	134151865
SKP1	5	134148935	134177029
PPP2CA	5	134193978	134226083
CDKL3	5	134286350	134371047
UBE2B	5	134371184	134393959
CDKN2AIPNL	5	134402065	134411881
JADE2	5	134523979	134583230
SAR1B	5	134601149	134649271
SEC24A	5	134648588	134727909
CAMLG	5	134737608	134752705
DDX46	5	134758771	134831121
C5orf24	5	134845680	134859735
TXNDC15	5	134874318	134901635
PCBD2	5	134905114	135007959
CATSPER3	5	134967907	135011696
PITX1	5	135027734	135034813
SLC25A48	5	135476913	135889770
CXCL14	5	135570679	135579279
TGFBI	5	136028988	136063818
SMAD5-AS1	5	136129504	136134890
SMAD5	5	136132845	136188747
SPOCK1	5	136975298	137598379
KLHL3	5	137617500	137736221
HNRNPA0	5	137745651	137754363
MYOT	5	137867858	137887851
PKD2L2	5	137887968	137942747
FAM13B	5	137937960	138051961
NME5	5	138115169	138139443
BRD8	5	138139770	138178953
KIF20A	5	138178719	138188171
CDC23	5	138187644	138213343
GFRA3	5	138252380	138274621
CDC25C	5	138285251	138338355
FAM53C	5	138331935	138349729
KDM3B	5	138352681	138437028
REEP2	5	138438988	138446969
EGR1	5	138465479	138469303
ETF1	5	138506093	138543239
HSPA9	5	138553756	138575675
CTNNA1	5	138610967	138935039
LRRTM2	5	138868921	138875368
SIL1	5	138946720	139293557
MATR3	5	139273752	139331677
PAIP2	5	139341587	139369720
MZB1	5	139387467	139390081
PROB1	5	139390592	139395104
SPATA24	5	139396563	139404089
DNAJC18	5	139408588	139444491
UBE2D2	5	139526431	139628434
CXXC5	5	139646375	139683882
PSD2	5	139795808	139844470
NRG2	5	139846779	140043299
PURA	5	140107777	140125619
IGIP	5	140125937	140129392
CYSTM1	5	140175072	140282052
PFDN1	5	140245035	140303113
HBEGF	5	140332843	140346614
ANKHD1	5	140401660	140541168
ANKHD1-EIF4EBP3	5	140401908	140549569
SRA1	5	140537340	140557677
EIF4EBP3	5	140547662	140549576
APBB3	5	140558268	140564781
SLC35A4	5	140564819	140569100
CD14	5	140631728	140633700
NDUFA2	5	140638740	140647771
TMCO6	5	140639427	140645801
IK	5	140647058	140662480
WDR55	5	140664868	140674124
DND1	5	140670794	140673576
HARS2	5	140691430	140699308
ZMAT2	5	140698680	140706686
PCDHA1	5	140786136	141012347
PCDHA2	5	140794852	141012347
PCDHA3	5	140801028	141012347
PCDHA4	5	140807037	141012347
PCDHA5	5	140821604	141012347
PCDHA6	5	140827958	141012347
PCDHA7	5	140834248	141012347
PCDHA9	5	140847772	141012347
PCDHA10	5	140855883	141012347
PCDHA12	5	140875302	141012347
PCDHA13	5	140882124	141012347
PCDHAC1	5	140926299	141012347
PCDHAC2	5	140966470	141012347
PCDHB1	5	141051374	141059346
PCDHB2	5	141094606	141098703
PCDHB3	5	141100473	141103827
PCDHB4	5	141121818	141125623
PCDHB5	5	141135206	141138615
PCDHB6	5	141150057	141153287
PCDHB7	5	141172644	141176383
PCDHB8	5	141177790	141182369
PCDHB16	5	141182387	141186226
PCDHB9	5	141187127	141191541
PCDHB10	5	141192353	141195647
PCDHB11	5	141199610	141203779
PCDHB12	5	141208697	141212571
PCDHB13	5	141213919	141218979
PCDHB14	5	141223343	141227759
PCDHB15	5	141245395	141249365
TAF7	5	141259884	141320784
PCDHGA1	5	141330514	141512975
PCDHGA2	5	141338760	141512975
PCDHGA3	5	141343829	141512975
PCDHGB2	5	141359994	141512975
PCDHGA5	5	141364162	141512975
PCDHGA6	5	141373891	141512975
PCDHGA7	5	141382739	141512975
PCDHGA8	5	141390157	141512975
PCDHGA9	5	141402778	141512975
PCDHGB6	5	141408021	141512975
PCDHGA10	5	141412987	141512975
PCDHGB7	5	141417645	141512975
PCDHGA11	5	141421047	141512975
PCDHGA12	5	141430507	141512975
PCDHGC3	5	141475947	141512977
PCDHGC4	5	141484997	141512975
DIAPH1	5	141515016	141619055
HDAC3	5	141620778	141636867
RELL2	5	141636950	141641064
FCHSD1	5	141639302	141651430
ARAP3	5	141653240	141682255
PCDH1	5	141853090	141879246
PCDH12	5	141943581	141969741
RNF14	5	141958328	141990292
GNPDA1	5	141991749	142013057
NDFIP1	5	142108762	142154440
SPRY4	5	142310420	142326455
FGF1	5	142592166	142698070
ARHGAP26	5	142770377	143229011
NR3C1	5	143277931	143435512
YIPF5	5	144158162	144170714
KCTD16	5	144170873	144485686
PRELID2	5	145471799	145835369
PLAC8L1	5	146084313	146105577
RBM27	5	146203550	146289223
TCERG1	5	146447311	146511963
GPR151	5	146513144	146516190
PPP2R2B	5	146580742	147084784
STK32A	5	147234963	147387855
DPYSL3	5	147390808	147510089
JAKMIP2-AS1	5	147559930	147694828
JAKMIP2	5	147585438	147782775
SPINK1	5	147824572	147831671
FBXO38	5	148383826	148442850
ADRB2	5	148826611	148828623
SH3TC2	5	148923639	149063163
ABLIM3	5	149141483	149260542
AFAP1L1	5	149271823	149343637
GRPEL2	5	149345430	149354583
PCYOX1L	5	149358002	149369653
IL17B	5	149371324	149404202
CARMN	5	149406609	149432835
CSNK1A1	5	149492982	149551471
ARHGEF37	5	149551947	149634968
PPARGC1B	5	149729994	149855022
PDE6A	5	149857953	149945287
SLC26A2	5	149960758	149993455
TIGD6	5	149993118	150000654
HMGXB3	5	150000046	150053142
CSF1R	5	150053291	150113372
PDGFRB	5	150113839	150158260
CAMK2A	5	150219491	150290093
ARSI	5	150296343	150339307
TCOF1	5	150357629	150400491
CD74	5	150401637	150412969
RPS14	5	150442635	150449952
NDST1	5	150485648	150558211
SYNPO	5	150601080	150659208
MYOZ3	5	150660450	150680022
RBM22	5	150690792	150701077
DCTN4	5	150706840	150759095
SMIM3	5	150778741	150796736
IRGM	5	150846521	150900736
ZNF300	5	150894392	150904983
GPX3	5	151020591	151028988
TNIP1	5	151029939	151093577
ANXA6	5	151100706	151157815
CCDC69	5	151181052	151224124
GM2A	5	151212150	151270440
SLC36A1	5	151437046	151492379
SPARC	5	151661096	151687352
ATOX1	5	151738084	151772532
G3BP1	5	151770951	151812911
GLRA1	5	151822513	151924851
GRIA1	5	153489615	153813869
FAM114A2	5	153990148	154038936
MFAP3	5	154038959	154220478
GALNT10	5	154190514	154420984
SAP30L-AS1	5	154325568	154445855
SAP30L	5	154445997	154461053
LARP1	5	154682986	154817605
FAXDC2	5	154818492	154859252
CNOT8	5	154857529	154876793
GEMIN5	5	154887411	154938211
MRPL22	5	154941073	154969411
KIF4B	5	155013755	155018141
SGCD	5	155870344	156767788
HAVCR2	5	157085422	157142869
MED7	5	157137424	157159019
ITK	5	157142933	157255185
CYFIP2	5	157266079	157395595
ADAM19	5	157395534	157575858
NIPAL4	5	157460213	157474722
THG1L	5	157731412	157741449
LSM11	5	157743712	157760709
CLINT1	5	157785743	157859169
EBF1	5	158695920	159099951
RNF145	5	159157409	159210053
UBLCP1	5	159263285	159286037
TTC1	5	160009100	160065550
PWWP2A	5	160061801	160119478
FABP6	5	160187363	160238735
CCNJL	5	160249083	160345396
C1QTNF2	5	160347754	160370645
SLU7	5	160401641	160421711
PTTG1	5	160421816	160428748
MIR3142HG	5	160438594	160600965
ATP10B	5	160563120	160852214
GABRB2	5	161288429	161549044
GABRG2	5	162000057	162162977
CCNG1	5	163437569	163448199
NUDCD2	5	163446526	163460404
HMMR	5	163460203	163491945
MAT2B	5	163503114	163519558
TENM2	5	166979029	168264157
WWC1	5	168291563	168472303
FBLL1	5	168529305	168530634
PANK3	5	168548495	168579600
SLIT3	5	168661740	169301139
SPDL1	5	169583632	169604778
DOCK2	5	169637249	170083382
LCP2	5	170246233	170297820
KCNIP1	5	170353487	170736632
KCNMB1	5	170374671	170389655
RANBP17	5	170861870	171300015
NPM1	5	171387086	171411810
FGF18	5	171419645	171457626
FBXW11	5	171861548	172006873
STK10	5	172042079	172188332
UBTD2	5	172209645	172284077
SH3PXD2B	5	172325000	172454531
NEURL1B	5	172641248	172691540
DUSP1	5	172766992	172771198
ERGIC1	5	172834251	172952792
RPL26L1	5	172954004	172974768
ATP6V0E1	5	172983771	173035445
CREBRF	5	173056352	173139284
BNIP1	5	173144442	173164397
NKX2-5	5	173232109	173235311
STC2	5	173314723	173328447
BOD1	5	173607145	173616659
LINC01485	5	173778527	173809039
CPEB4	5	173888349	173961980
C5orf47	5	173973779	174006140
LINC01411	5	174336250	174532457
SFXN1	5	175477062	175529742
HRH2	5	175657797	175710756
CPLX2	5	175796306	175884022
THOC3	5	175916677	176034680
SIMC1	5	176238367	176345991
KIAA1191	5	176339650	176366459
ARL10	5	176365487	176401865
NOP16	5	176383933	176388927
HIGD2A	5	176388751	176389761
CLTB	5	176392494	176416557
FAF2	5	176447628	176510075
RNF44	5	176526700	176538025
GPRIN1	5	176595802	176610177
SNCB	5	176620082	176630672
TSPAN17	5	176647387	176659058
LINC01574	5	176743104	176791252
UNC5A	5	176810505	176880898
HK3	5	176880820	176899437
UIMC1	5	176902226	177022636
ZNF346	5	177022696	177081201
FGFR4	5	177086456	177098151
NSD1	5	177131787	177300213
RAB24	5	177301198	177303744
MXD3	5	177301461	177312757
PRELID1	5	177303790	177306949
LMAN2	5	177315805	177351840
RGS14	5	177357895	177372598
F12	5	177402133	177416583
GRK6	5	177403204	177442901
PRR7-AS1	5	177433655	177455513
PRR7	5	177446445	177456291
DBN1	5	177456607	177474401
PDLIM7	5	177483393	177497608
DOK3	5	177501904	177511274
DDX41	5	177511569	177516979
FAM193B	5	177519788	177554586
TMED9	5	177592195	177597242
B4GALT7	5	177600114	177611056
N4BP3	5	178113167	178127034
RMND5B	5	178129068	178152240
NHP2	5	178149459	178153961
HNRNPAB	5	178204479	178211183
PHYKPL	5	178207144	178233208
COL23A1	5	178237476	178590393
CLK4	5	178602664	178630615
ZNF354A	5	178711512	178732381
ZNF354B	5	178859953	178888122
ZFP2	5	178895889	178933415
ZNF454	5	178940827	178966648
GRM6	5	178977587	178996206
ZNF879	5	179023804	179035064
ZNF354C	5	179060361	179083977
ADAMTS2	5	179110853	179345461
RUFY1	5	179550542	179610012
HNRNPH1	5	179614170	179634784
CANX	5	179678628	179731641
MAML1	5	179732822	179777283
MGAT4B	5	179797597	179806979
SQSTM1	5	179806398	179838078
TBC1D9B	5	179862058	179907911
RNF130	5	179911651	180072113
RASGEF1C	5	180100795	180209225
MAPK9	5	180233143	180292099
GFPT2	5	180300682	180353339
CNOT6	5	180494334	180578401
SCGB3A1	5	180590105	180591499
FLT4	5	180601506	180649629
MGAT1	5	180784780	180815652
LINC00847	5	180830326	180839742
ZFP62	5	180847611	180861285
BTNL9	5	181040225	181061524
TRIM7	5	181193924	181205293
TRIM41	5	181222499	181235808
TRIM52	5	181254077	181262068
DUSP22	6	291630	351355
IRF4	6	391739	411443
EXOC2	6	485133	693169
HUS1B	6	655939	657100
FOXF2	6	1389576	1395603
FOXC1	6	1609915	1613897
GMDS	6	1623793	2245702
MYLK4	6	2663629	2770330
WRNIP1	6	2765393	2786952
SERPINB1	6	2832332	2842001
SERPINB9P1	6	2851230	2886183
SERPINB9	6	2887169	2903309
SERPINB6	6	2948158	2972375
LINC01011	6	2987967	2991173
NQO2	6	2987987	3022109
RIPK1	6	3063824	3115187
BPHL	6	3118374	3153599
TUBB2A	6	3153497	3157544
TUBB2B	6	3223324	3231730
PSMG4	6	3231403	3304020
SLC22A23	6	3268962	3457050
PXDC1	6	3722614	3751713
FAM50B	6	3849373	3851320
ECI2	6	4115685	4135597
CDYL	6	4706159	4955551
RPP40	6	4994717	5004063
PPP1R3G	6	5085341	5089487
LYRM4	6	5102595	5260950
FARS2	6	5261044	5829192
NRN1	6	5997999	6008688
F13A1	6	6144080	6321013
LY86-AS1	6	6346076	6622791
LY86	6	6588108	6654983
RREB1	6	7107418	7251982
SSR1	6	7268306	7347446
CAGE1	6	7326656	7389742
RIOK1	6	7389467	7418037
DSP	6	7541326	7586717
SNRNP48	6	7590189	7611967
BMP6	6	7726049	7881728
BLOC1S5	6	8013566	8064414
EEF1E1	6	8073360	8102573
SLC35B3	6	8411435	8435983
TFAP2A	6	10393186	10419659
TFAP2A-AS1	6	10409340	10457192
GCNT2	6	10492223	10629368
C6orf52	6	10671418	10694797
PAK1IP1	6	10694633	10711166
TMEM14C	6	10722915	10731132
TMEM14B	6	10747746	10852753
MAK	6	10762723	10838553
SYCP2L	6	10886831	10979320
ELOVL2	6	10980759	11044399
SMIM13	6	11093834	11138733
NEDD9	6	11183298	11382348
TMEM170B	6	11537748	11583524
ADTRP	6	11712054	11807046
HIVEP1	6	12008762	12164999
EDN1	6	12287459	12297194
PHACTR1	6	12716312	13290446
TBC1D7	6	13266542	13328583
GFOD1	6	13357830	13487662
SIRT5	6	13574210	13615158
NOL7	6	13615335	13633912
RANBP9	6	13621498	13712087
MCUR1	6	13786557	13814696
RNF182	6	13924446	13980310
CD83	6	14117256	14140682
JARID2	6	15244937	15522042
DTNBP1	6	15522807	15663058
MYLIP	6	16129086	16151367
GMPR	6	16238555	16295923
ATXN1	6	16299112	16761491
STMND1	6	17102050	17131378
RBM24	6	17281361	17293871
CAP2	6	17393375	17557792
FAM8A1	6	17600302	17611719
NUP153	6	17614707	17706935
KIF13A	6	17759183	17987635
TPMT	6	18128311	18155348
KDM1B	6	18155329	18223854
DEK	6	18223860	18265997
RNF144B	6	18387346	18468874
ID4	6	19837366	19842197
MBOAT1	6	20099684	20212469
E2F3	6	20401847	20493714
CDKAL1	6	20534447	21232855
SOX4	6	21593751	21598619
CASC15	6	21664164	22660021
NBAT1	6	22133205	22222641
NRSN1	6	24126154	24154900
DCDC2	6	24171755	24360249
MRS2	6	24402908	24426194
GPLD1	6	24424565	24495205
ALDH5A1	6	24494798	24537207
KIAA0319	6	24544104	24646191
TDP2	6	24649978	24666930
ACOT13	6	24666921	24705065
C6orf62	6	24704856	24720874
GMNN	6	24774892	24786103
SCGN	6	25652201	25701783
TRIM38	6	25962777	25991231
HFE	6	26087226	26098343
BTN3A2	6	26365159	26382797
BTN2A2	6	26383092	26394880
BTN3A1	6	26402237	26415216
BTN3A3	6	26440452	26453422
BTN2A1	6	26457904	26476621
HCG11	6	26521709	26527404
HMGN4	6	26538351	26546937
ABT1	6	26596953	26600739
ZNF322	6	26634383	26659759
LINC00240	6	26956915	27059749
ZNF391	6	27374615	27405026
ZNF184	6	27450743	27473141
OR2B6	6	27957241	27958182
ZSCAN16-AS1	6	28008599	28137319
ZNF165	6	28080568	28089563
ZSCAN16	6	28107689	28130082
ZKSCAN8	6	28141732	28159461
ZSCAN9	6	28224886	28233487
ZKSCAN4	6	28241697	28252924
NKAPL	6	28259297	28260958
ZSCAN26	6	28267058	28278224
PGBD1	6	28281493	28303691
ZSCAN31	6	28324693	28356271
ZKSCAN3	6	28349911	28369172
ZSCAN12	6	28378821	28399747
ZSCAN23	6	28425321	28443502
LINC01623	6	28859625	28864630
HCG14	6	28896428	28897322
TRIM27	6	28903002	28923988
LINC01556	6	28922706	28944717
HCG15	6	28984724	29007931
ZNF311	6	28994040	29005648
GABBR1	6	29555629	29633976
MOG	6	29656598	29674431
HLA-F	6	29722738	29738528
HLA-G	6	29826967	29831125
HLA-A	6	29941260	29949572
HCG9	6	29975112	29978586
PPP1R11	6	30066709	30070333
RNF39	6	30070266	30075849
TRIM26	6	30184446	30213435
HCG18	6	30223522	30327401
TRIM39	6	30325880	30344265
RPP21	6	30345125	30346884
HLA-E	6	30489503	30494205
GNL1	6	30541381	30556603
PRR3	6	30557274	30563723
ABCF1	6	30571393	30597179
PPP1R10	6	30600400	30618612
MRPS18B	6	30617823	30626398
ATAT1	6	30626842	30646835
C6orf136	6	30647033	30653210
DHX16	6	30653119	30673013
PPP1R18	6	30676389	30687895
NRM	6	30688047	30691420
MDC1	6	30699807	30717562
TUBB	6	30717435	30725538
FLOT1	6	30727709	30743075
IER3	6	30743199	30744550
LINC00243	6	30797678	30830659
DDR1	6	30876421	30900978
VARS2	6	30914205	30926484
SFTA2	6	30931353	30955636
HCG22	6	31053311	31065229
C6orf15	6	31111223	31112575
PSORS1C1	6	31114750	31140092
CCHCR1	6	31142439	31158238
TCF19	6	31158331	31167159
HCG27	6	31197715	31211696
HLA-C	6	31268749	31272130
HLA-B	6	31353867	31367067
MICA	6	31399784	31415315
MICB	6	31494881	31511124
DDX39B	6	31530218	31542451
DDX39B-AS1	6	31542304	31543138
ATP6V1G2	6	31544444	31548427
NFKBIL1	6	31546870	31558829
LTA	6	31572054	31574324
TNF	6	31575565	31578336
LTB	6	31580525	31582522
LST1	6	31586124	31588910
AIF1	6	31615217	31617021
PRRC2A	6	31620715	31637771
BAG6	6	31638544	31652747
APOM	6	31652416	31658210
C6orf47	6	31658298	31660778
C6orf47-AS1	6	31658329	31660721
GPANK1	6	31661228	31666283
CSNK2B	6	31665227	31670343
LY6G5C	6	31676684	31684040
ABHD16A	6	31686954	31703356
LY6G6C	6	31718648	31721746
DDAH2	6	31727038	31730617
CLIC1	6	31730581	31740558
MSH5	6	31739677	31762676
VWA7	6	31765590	31777328
LSM2	6	31797392	31806987
HSPA1L	6	31809619	31815788
HSPA1A	6	31815543	31817994
HSPA1B	6	31827738	31830254
NEU1	6	31857063	31862905
SLC44A4	6	31863192	31879198
EHMT2	6	31879758	31897723
C2	6	31897785	31945674
CFB	6	31945650	31952086
NELFE	6	31952087	31959038
DXO	6	31969810	31972509
TNXB	6	32041153	32115334
ATF6B	6	32115264	32128253
FKBPL	6	32128697	32131070
PPT2	6	32146580	32163679
PRRT1	6	32148323	32153083
PPT2-EGFL8	6	32153845	32171978
EGFL8	6	32163918	32168453
AGPAT1	6	32168205	32178096
RNF5	6	32178405	32180793
AGER	6	32180963	32184344
PBX2	6	32184733	32190202
GPSM3	6	32190766	32195523
NOTCH4	6	32194843	32224111
HLA-DRA	6	32439872	32445047
HLA-DRB5	6	32517345	32530369
HLA-DRB1	6	32577902	32589848
HLA-DQA1	6	32628179	32647062
HLA-DQB1	6	32659467	32668383
HLA-DQA2	6	32741391	32747198
HLA-DQB2	6	32756094	32763543
HLA-DOB	6	32812763	32820466
TAP2	6	32821833	32838784
PSMB8	6	32840717	32844679
PSMB8-AS1	6	32844078	32846500
PSMB9	6	32844136	32860734
TAP1	6	32845206	32854018
HLA-DMB	6	32934629	32941054
HLA-DMA	6	32948613	32969094
BRD2	6	32968594	32981505
HLA-DOA	6	33004178	33009594
HLA-DPA1	6	33064569	33080781
HLA-DPB1	6	33073786	33089696
COL11A2	6	33162681	33192766
RXRB	6	33193588	33200666
SLC39A7	6	33200305	33204439
HSD17B8	6	33204631	33206831
RING1	6	33208491	33212722
HCG25	6	33248510	33260681
VPS52	6	33250272	33272047
RPS18	6	33272075	33276511
B3GALT4	6	33277123	33284832
WDR46	6	33279108	33289247
PFDN6	6	33288680	33298401
RGL2	6	33291196	33299419
TAPBP	6	33299694	33314284
ZBTB22	6	33314406	33318021
DAXX	6	33318558	33323259
KIFC1	6	33391429	33410441
PHF1	6	33410382	33416453
CUTA	6	33416442	33418381
SYNGAP1	6	33419661	33453689
BAK1	6	33572547	33580305
ITPR3	6	33620365	33696574
UQCC2	6	33690635	33711727
IP6K3	6	33721315	33750520
LEMD2	6	33771202	33789148
MLN	6	33794673	33804003
GRM4	6	34018643	34155622
HMGA1	6	34235618	34246236
NUDT3	6	34279679	34392677
RPS10	6	34417447	34426237
PACSIN1	6	34466061	34535229
SNRPC	6	34757454	34773857
TAF11	6	34877462	34889192
ANKS1A	6	34889243	35091421
TCP11	6	35118071	35148610
SCUBE3	6	35213859	35253080
ZNF76	6	35258909	35295985
DEF6	6	35297818	35321909
PPARD	6	35342530	35428193
FANCE	6	35452318	35467106
RPL10A	6	35468366	35470785
TEAD3	6	35473597	35497079
FKBP5	6	35572945	35728622
ARMC12	6	35737032	35749079
LHFPL5	6	35797206	35845397
SRPK1	6	35832966	35921342
SLC26A8	6	35943516	36028767
MAPK14	6	36027738	36122511
MAPK13	6	36127809	36144524
BRPF3	6	36196006	36232790
PNPLA1	6	36243203	36313955
ETV7	6	36354091	36387800
KCTD20	6	36442767	36491143
STK38	6	36493880	36547516
SRSF3	6	36593787	36605911
CDKN1A	6	36676441	36687397
CPNE5	6	36740775	36839444
PPIL1	6	36854825	36875003
C6orf89	6	36871870	36928964
PI16	6	36948263	36965993
MTCH1	6	36965807	36986298
FGD2	6	37005645	37029299
PIM1	6	37170152	37175428
TMEM217	6	37212180	37258155
TBC1D22B	6	37257772	37332970
RNF8	6	37353979	37394734
CMTR1	6	37433094	37482827
CCDC167	6	37482920	37499894
MDGA1	6	37630679	37699306
ZFAND3	6	37819429	38154624
BTBD9	6	38168451	38640172
GLO1	6	38675925	38703145
DNAH8	6	38715311	39030792
SAYSD1	6	39104063	39115193
KCNK5	6	39188128	39229559
KIF6	6	39329990	39725408
DAAM2	6	39792298	39904877
MOCS1	6	39899578	39934551
LRFN2	6	40391591	40587364
UNC5CL	6	41026895	41039221
OARD1	6	41033627	41097787
NFYA	6	41072946	41102403
TREML1	6	41149167	41155553
TREM2	6	41158488	41163186
TREM1	6	41267100	41286682
FOXP4-AS1	6	41436972	41562194
FOXP4	6	41546363	41602384
MDFI	6	41636840	41654246
TFEB	6	41683978	41736259
FRS3	6	41770174	41787570
USP49	6	41789896	41895375
MED20	6	41905354	41921139
BYSL	6	41921229	41933050
CCND3	6	41934934	42050357
TAF8	6	42050513	42087461
C6orf132	6	42092233	42142620
GUCA1A	6	42173364	42181338
GUCA1B	6	42183284	42194956
MRPS10	6	42206694	42217881
TRERF1	6	42224931	42452224
UBR2	6	42563995	42693505
TBCC	6	42744498	42746103
RPL7L1	6	42879616	42889925
PTCRA	6	42915989	42925838
CNPY3	6	42929115	42939903
PEX6	6	42959717	42979243
GNMT	6	42960690	42963883
PPP2R5D	6	42984538	43012346
MEA1	6	43011143	43016868
KLHDC3	6	43014103	43021298
RRP36	6	43021593	43034156
CUL7	6	43037617	43053943
KLC4	6	43040777	43075099
MRPL2	6	43054029	43059449
PTK7	6	43076257	43161719
SRF	6	43171269	43181506
CUL9	6	43182181	43224587
DNPH1	6	43225629	43229484
TTBK1	6	43243481	43288258
CRIP3	6	43299710	43308874
ZNF318	6	43307134	43369647
ABCC10	6	43427366	43450430
DLK2	6	43450351	43456632
TJAP1	6	43477523	43506562
LRRC73	6	43506965	43510388
POLR1C	6	43509702	43562419
YIPF3	6	43511821	43516985
XPO5	6	43522334	43576061
POLH	6	43575537	43620523
GTPBP2	6	43605316	43629264
MAD2L1BP	6	43629494	43640955
RSPH9	6	43644229	43672604
MRPS18A	6	43671202	43687800
VEGFA	6	43770184	43786487
MRPL14	6	44112290	44128724
TMEM63B	6	44126614	44155520
SLC29A1	6	44219245	44236432
HSP90AB1	6	44245808	44253888
SLC35B2	6	44254096	44257890
NFKBIE	6	44258166	44265788
TMEM151B	6	44270450	44307506
AARS2	6	44298726	44313347
CDC5L	6	44387565	44450425
SUPT3H	6	44809317	45377953
RUNX2	6	45328157	45664349
CLIC5	6	45880827	46080348
ENPP4	6	46129964	46146699
ENPP5	6	46158482	46171113
RCAN2	6	46220736	46491972
CYP39A1	6	46549383	46652830
SLC25A27	6	46652915	46678190
TDRD6	6	46687875	46704319
PLA2G7	6	46704201	46735718
ADGRF5	6	46852310	46956392
TNFRSF21	6	47231532	47309947
CD2AP	6	47477752	47627263
PTCHD4	6	47856673	48111197
CENPQ	6	49463335	49495815
C6orf141	6	49550666	49561907
TFAP2B	6	50818723	50847619
MCM3	6	52264011	52284881
PAQR8	6	52361421	52407777
EFHC1	6	52362123	52529886
TRAM2	6	52497408	52577077
TRAM2-AS1	6	52576786	52643081
TMEM14A	6	52671072	52686592
GSTA4	6	52977948	52995312
FBXO9	6	53051991	53100873
ELOVL5	6	53260285	53349179
GCLC	6	53497341	53616970
LRRC1	6	53794497	53924125
MLIP	6	53929982	54266946
BMP5	6	55753653	55875595
COL21A1	6	56056590	56394094
DST	6	56457987	56954830
BEND6	6	56954924	57027832
KIAA1586	6	57046532	57059041
ZNF451	6	57086844	57170305
BAG2	6	57172319	57189833
RAB23	6	57186992	57222848
PRIM2	6	57314805	57646855
KHDRBS2	6	61630234	62286225
FKBP1C	6	63211469	63213027
PTP4A1	6	63521746	63583588
PHF3	6	63635802	63779336
EYS	6	63719980	65707226
ADGRB3	6	68635282	69390571
LMBRD1	6	69672757	69867236
COL19A1	6	69866556	70212468
COL9A1	6	70216040	70303084
FAM135A	6	70412941	70561608
SDHAF4	6	70566917	70589569
SMAP1	6	70667776	70862015
B3GAT2	6	70856679	70957060
LINC00472	6	71187161	71420745
OGFRL1	6	71288811	71309059
RIMS1	6	71886550	72403150
KCNQ5	6	72621792	73198853
KHDC1L	6	73223544	73225770
KHDC1	6	73241310	73310455
DDX43	6	73394828	73417566
MTO1	6	73461578	73509236
EEF1A1	6	73489308	73525587
SLC17A5	6	73593364	73654014
CD109	6	73695785	73828316
COL12A1	6	75084326	75206267
COX7A2	6	75237675	75250323
TMEM30A	6	75252924	75284948
FILIP1	6	75291859	75493800
SENP6	6	75601509	75718281
MYO6	6	75749175	75919537
IRAK1BP1	6	78867551	78946440
PHIP	6	78934419	79078544
HMGN3	6	79200929	79234862
HMGN3-AS1	6	79233697	79244087
LCA5	6	79484991	79545138
SH3BGRL2	6	79537185	79703655
ELOVL4	6	79914814	79947553
TTK	6	80003887	80043580
BCKDHB	6	80106647	80351082
IBTK	6	82169984	82247775
TPBG	6	82363206	82367420
UBE3D	6	82892390	83065841
PGM3	6	83147324	83194005
RWDD2A	6	83193337	83198935
ME1	6	83210393	83431208
PRSS35	6	83512508	83525704
SNAP91	6	83552880	83709691
RIPPLY2	6	83853360	83857515
CYB5R4	6	83859646	83967423
MRAP2	6	84033203	84090887
CEP162	6	84124241	84227685
NT5E	6	85449584	85495791
SNX14	6	85504776	85594156
SYNCRIP	6	85607779	85644063
ZNF292	6	87151803	87265943
SMIM8	6	87322580	87399749
C6orf163	6	87344813	87365463
CFAP206	6	87407972	87464645
SLC35A1	6	87470623	87512336
RARS2	6	87513459	87590028
ORC3	6	87590067	87677823
AKIRIN2	6	87674860	87702255
CNR1	6	88139863	88167364
RNGTT	6	88609897	88963626
PNRC1	6	89080751	89085160
SRSF12	6	89093949	89118071
PM20D2	6	89146055	89165565
GABRR1	6	89177504	89231278
UBE2J1	6	89326608	89352902
RRAGD	6	89364616	89412735
ANKRD6	6	89433119	89633838
LYRM2	6	89568144	89638755
MDN1	6	89642498	89819794
CASP8AP2	6	89829894	89874436
BACH2	6	89926528	90296923
MAP3K7	6	90513573	90587093
CASC6	6	91557292	91690428
EPHA7	6	93240020	93419687
MANEA	6	95577485	95609484
FUT9	6	96015436	96215612
UFL1-AS1	6	96199810	96521745
UFL1	6	96521595	96555276
FHL5	6	96562548	96619616
GPR63	6	96794125	96838150
NDUFAF4	6	96889313	96897894
KLHL32	6	96924620	97140756
MMS22L	6	97142161	97283224
POU3F2	6	98834574	98839458
FBXL4	6	98868535	98948006
FAXC	6	99271168	99350062
COQ3	6	99369401	99394207
PNISR	6	99397629	99425335
USP45	6	99432325	99521728
TSTD3	6	99520976	99589899
CCNC	6	99542387	99568825
ASCC3	6	100508194	100881407
GRIK2	6	100962701	102081622
HACE1	6	104728094	104859919
POPDC3	6	105157892	105180447
PREP	6	105273218	105454062
PRDM1	6	105993463	106109939
ATG5	6	106045423	106326477
RTN4IP1	6	106570771	106629498
QRSL1	6	106629572	106668417
CD24	6	106969831	106975627
BEND3	6	107065138	107116234
PDSS2	6	107152556	107459580
SOBP	6	107490073	107661306
SCML4	6	107702154	107824317
SEC63	6	107867756	107958309
OSTM1	6	108029245	108165854
OSTM1-AS1	6	108123457	108159392
NR2E1	6	108166022	108188805
SNX3	6	108211222	108261255
FOXO3	6	108559652	108684774
ARMC2	6	108848416	108974551
SESN1	6	108984309	109095074
CEP57L1	6	109095105	109174418
CD164	6	109366514	109382469
PPIL6	6	109390215	109441171
SMPD2	6	109440678	109443920
MICAL1	6	109444062	109465968
ZBTB24	6	109460632	109483239
AK9	6	109492855	109691217
FIG4	6	109690609	109878098
WASF1	6	110099817	110180019
CDC40	6	110180141	110254275
DDO	6	110391771	110415862
CDK19	6	110609978	110815958
AMD1	6	110874770	110898879
GTF3C6	6	110958477	110968586
RPF2	6	110982015	111028263
SLC16A10	6	111087503	111231194
REV3L	6	111299028	111483715
TRAF3IP2-AS1	6	111483389	111598784
TRAF3IP2	6	111555381	111606910
FYN	6	111660332	111873475
TUBE1	6	112070663	112087529
FAM229B	6	112087122	112104223
LAMA4	6	112106077	112254939
MARCKS	6	113857345	113863475
HDAC2	6	113933028	114011308
HS3ST5	6	114055093	114343209
FRK	6	115931149	116061093
NT5DC1	6	116100837	116249497
TSPYL4	6	116249964	116254075
DSE	6	116253604	116444861
TSPYL1	6	116267760	116279930
RWDD1	6	116571409	116597675
RSPH4A	6	116616479	116632985
KPNA5	6	116681187	116741867
FAM162B	6	116751703	116765719
VGLL2	6	117265558	117273618
DCBLD1	6	117453817	117569858
GOPC	6	117560269	117602542
NUS1	6	117675469	117710727
SLC35F1	6	117907264	118317676
CEP85L	6	118460772	118710075
PLN	6	118543971	118561716
MCM9	6	118813442	118935162
ASF1A	6	118894152	118909171
FAM184A	6	118959763	119149387
MAN1A1	6	119177204	119349767
TBC1D32	6	121079494	121334745
GJA1	6	121435577	121449727
HSF2	6	122399551	122433119
SERINC1	6	122443348	122471854
PKIB	6	122471917	122726375
FABP7	6	122779716	122784074
SMPDL3A	6	122789049	122809720
CLVS2	6	122996131	123072925
TRDN	6	123215088	123637260
NKAIN2	6	123803865	124825640
RNF217	6	124962437	125092633
TPD52L1	6	125119049	125264407
HDDC2	6	125219962	125302128
HEY2	6	125747664	125761269
NCOA7	6	125780943	125932034
HINT3	6	125956733	125980244
TRMT11	6	125986428	126203817
CENPW	6	126340115	126348875
RNF146	6	127266582	127288567
ECHDC1	6	127288712	127343609
C6orf58	6	127519455	127591820
PTPRK	6	127968780	128520619
LAMA2	6	128883138	129516566
ARHGAP18	6	129576132	129710247
L3MBTL3	6	130013699	130141449
TMEM200A	6	130365404	130443424
EPB41L2	6	130839343	131063361
AKAP7	6	131135467	131283535
ARG1	6	131470832	131584332
MED23	6	131573966	131628242
ENPP3	6	131628292	131747418
ENPP1	6	131807993	131895155
LINC01013	6	131901797	132169995
MOXD1	6	132296055	132401556
STX7	6	132445867	132513999
VNN1	6	132680849	132719962
VNN2	6	132743870	132763459
SLC18B1	6	132769370	132813339
RPS12	6	132814557	132817577
EYA4	6	133240514	133532128
TBPL1	6	133952170	133990432
SLC2A12	6	133987581	134052660
SGK1	6	134169248	134318112
LINC01010	6	134343271	134504581
ALDH8A1	6	134917298	134950129
HBS1L	6	134960378	135103056
MYB	6	135181308	135219173
AHI1	6	135283407	135498434
PDE7B	6	135851701	136195574
MTFR2	6	136231024	136250571
BCLAF1	6	136256627	136289851
MAP7	6	136342281	136550819
MAP3K5	6	136557034	136793097
PEX7	6	136822548	136914598
IL20RA	6	136999971	137045180
IFNGR1	6	137197483	137219449
TNFAIP3	6	137866383	137885836
PERP	6	138088505	138107419
ARFGEF3	6	138161939	138344663
HEBP2	6	138403531	138422197
NHSL1	6	138422043	138693253
CCDC28A	6	138773493	138793319
ECT2L	6	138795911	138904070
REPS1	6	138903493	138988354
ABRACL	6	139027494	139043742
HECA	6	139135080	139180807
TXLNB	6	139239083	139291998
CITED2	6	139371807	139375909
LINC01625	6	139435636	139482377
VTA1	6	142147162	142224685
ADGRG6	6	142301854	142446266
HIVEP2	6	142751467	142956698
LINC01277	6	142966293	143060770
AIG1	6	143060496	143341058
ADAT2	6	143422832	143450695
PEX3	6	143450805	143490616
FUCA2	6	143493961	143511842
PHACTR2	6	143536845	143831185
LTV1	6	143843326	143863812
PLAGL1	6	143940300	144064714
SF3B5	6	144094884	144095573
STX11	6	144149970	144191939
UTRN	6	144285335	144853034
EPM2A	6	145382535	145736023
FBXO30	6	145793502	145815267
SHPRH	6	145864245	145964423
GRM1	6	146027646	146437601
RAB32	6	146543825	146554964
STXBP5-AS1	6	146824501	147204677
LUADT1	6	147158925	147180992
STXBP5	6	147203710	147391010
SAMD5	6	147508690	147737547
SASH1	6	148272304	148552044
UST	6	148746913	149076991
TAB2	6	149218641	149411613
SUMO4	6	149400262	149401278
ZC3H12D	6	149446795	149485014
PPIL4	6	149504495	149546092
GINM1	6	149566206	149591748
KATNA1	6	149594873	149648972
LATS1	6	149658153	149718105
NUP43	6	149724315	149750286
PCMT1	6	149749431	149811421
LRP11	6	149818757	149864424
RAET1E-AS1	6	149863494	149919514
ULBP2	6	149942014	149949235
ULBP1	6	149963943	149973715
PPP1R14C	6	150143044	150250392
IYD	6	150368892	150405969
PLEKHG1	6	150599848	150843665
MTHFD1L	6	150865679	151101887
AKAP12	6	151239936	151358563
ZBTB2	6	151364105	151391696
RMND1	6	151398898	151452158
ARMT1	6	151452258	151470101
CCDC170	6	151494013	151621193
ESR1	6	151651284	152129619
SYNE1	6	152121687	152637801
MYCT1	6	152697897	152724569
VIP	6	152749922	152759765
FBXO5	6	152970519	152983579
MTRF1L	6	152987362	153002709
RGS17	6	153004459	153131282
IPCEF1	6	154154496	154356803
CNKSR3	6	154387515	154510685
SCAF8	6	154733378	154842212
TIAM2	6	154832697	155257723
TFB1M	6	155256134	155314493
ARID1B	6	156776020	157210779
TMEM242	6	157289025	157323601
ZDHHC14	6	157381133	157678157
SNX9	6	157700387	157945077
SYNJ2	6	157981863	158099176
SERAC1	6	158109515	158168295
GTF2H5	6	158168338	158199344
TULP4	6	158232236	158511828
TMEM181	6	158536436	158635435
DYNLT1	6	158636474	158644755
SYTL3	6	158644387	158768355
EZR	6	158765741	158819413
RSPH3	6	158970084	159000202
TAGAP	6	159034481	159095823
WTAP	6	159716432	159756319
ACAT2	6	159761981	159779821
TCP1	6	159778498	159789703
MRPL18	6	159789812	159799027
MAS1	6	159890988	159917447
IGF2R	6	159969082	160113507
SLC22A3	6	160348373	160452577
MAP3K4	6	160991473	161117385
AGPAT4	6	161129967	161274095
PACRG	6	162727132	163315500
CAHM	6	163368306	163415456
QKI	6	163414000	163578592
C6orf118	6	165279664	165309605
PDE10A	6	165327287	165988117
PRR18	6	166305300	166308448
SFT2D1	6	166319724	166342590
MPC1	6	166364919	166383013
RPS6KA2	6	166409364	166906451
RNASET2	6	166922113	166957448
KIF25-AS1	6	167970316	167997110
KIF25	6	167996241	168045091
SMOC2	6	168440656	168673445
THBS2	6	169215780	169254060
WDR27	6	169457211	169702729
C6orf120	6	169702126	169706360
PHF10	6	169703902	169725566
ERMARD	6	169751567	169781600
LINC00242	6	169788790	169799549
LINC00574	6	169790036	169890808
DLL1	6	170282202	170306565
FAM120B	6	170290703	170407067
PSMB1	6	170535116	170553327
TBP	6	170554302	170572870
PDCD2	6	170575295	170584692
FAM20C	7	192034	260772
PDGFA	7	497258	520695
PRKAR1B	7	549196	728268
DNAAF5	7	726690	786475
SUN1	7	816591	896435
GET4	7	876486	896436
ADAP1	7	897900	955407
COX19	7	898778	975549
GPR146	7	1044537	1059269
GPER1	7	1082208	1094511
ZFAND2A	7	1151903	1160771
UNCX	7	1232872	1237326
MICALL2	7	1428465	1459496
INTS1	7	1470276	1504418
MAFK	7	1530702	1543049
TMEM184A	7	1542235	1560821
PSMG3	7	1567332	1571078
PSMG3-AS1	7	1570063	1589626
ELFN1	7	1665745	1747946
MAD1L1	7	1815787	2233243
NUDT1	7	2242203	2251824
SNX8	7	2251770	2354318
EIF3B	7	2354086	2380747
CHST12	7	2403442	2448484
LFNG	7	2512529	2529177
BRAT1	7	2537810	2555782
IQCE	7	2558972	2614733
TTYH3	7	2631919	2664816
AMZ1	7	2679276	2775500
GNA12	7	2721822	2870786
CARD11	7	2906141	3044228
SDK1	7	3301252	4269000
FOXK1	7	4682295	4771442
AP5Z1	7	4775615	4794397
RADIL	7	4797055	4883716
PAPOLB	7	4857738	4862030
MMD2	7	4905989	4959212
RBAK	7	5045821	5069491
WIPI2	7	5190182	5233840
SLC29A4	7	5274369	5307194
TNRC18	7	5306790	5425414
FBXL18	7	5431335	5513809
ACTB	7	5526409	5563902
FSCN1	7	5592809	5606655
RNF216	7	5620047	5781696
OCM	7	5879827	5886363
CCZ1	7	5898692	5926550
RSPH10B	7	5925550	5970702
PMS2	7	5970925	6009130
AIMP2	7	6009255	6023834
EIF2AK1	7	6022247	6059231
ANKRD61	7	6031376	6036552
USP42	7	6104934	6161565
CYTH3	7	6161776	6272650
FAM220A	7	6329411	6348981
RAC1	7	6374098	6403998
DAGLB	7	6407846	6484190
KDELR2	7	6445953	6484193
ZDHHC4	7	6577405	6589374
ZNF853	7	6615348	6624290
ZNF316	7	6637298	6658279
ZNF12	7	6688433	6706947
RSPH10B2	7	6754101	6799365
CCZ1B	7	6794134	6826770
C1GALT1	7	7156934	7248616
COL28A1	7	7356203	7535873
MIOS	7	7566823	7609140
RPA3	7	7634843	7718607
UMAD1	7	7640661	7968020
GLCCI1	7	7968796	8094272
ICA1	7	8113181	8262687
NXPH1	7	8433609	8752961
NDUFA4	7	10931943	10940531
PHF14	7	10973336	11169623
THSD7A	7	11370365	11832198
TMEM106B	7	12211042	12243367
VWDE	7	12330201	12403941
SCIN	7	12570577	12660182
ARL4A	7	12686602	12690958
ETV1	7	13891229	13991425
DGKB	7	14145049	14974833
AGMO	7	15200317	15562017
MEOX2	7	15611211	15686818
ANKMY2	7	16599779	16645831
BZW2	7	16644653	16706771
TSPAN13	7	16753745	16784536
AHR	7	16916359	17346152
SNX13	7	17790761	17940712
HDAC9	7	18086949	19002416
TWIST1	7	19020991	19117636
TMEM196	7	19719315	19773617
MACC1	7	20134655	20217457
ITGB8	7	20330609	20415754
ABCB5	7	20615667	20777038
SP8	7	20782279	20786886
SP4	7	21428043	21514822
DNAH11	7	21543039	21901839
CDCA7L	7	21899974	21946219
RAPGEF5	7	22118236	22357154
STEAP1B	7	22417857	22727613
IL6	7	22725884	22732002
TOMM7	7	22812628	22822849
KLHL7	7	23105757	23177914
GPNMB	7	23235967	23275108
MALSU1	7	23298739	23311729
IGF2BP3	7	23310209	23470491
TRA2A	7	23504780	23532041
CCDC126	7	23597377	23644712
FAM221A	7	23680114	23703249
STK31	7	23710203	23832513
NPY	7	24284188	24291862
OSBPL3	7	24796540	24981634
CYCS	7	25118656	25125266
NFE2L3	7	26152190	26187137
HNRNPA2B1	7	26171151	26201529
CBX3	7	26201162	26213607
SNX10	7	26291862	26374383
SKAP2	7	26667003	26995239
HOXA1	7	27092993	27096000
HOTAIRM1	7	27095647	27100265
HOXA2	7	27100354	27102686
HOXA3	7	27106184	27152610
HOXA-AS2	7	27107777	27134302
HOXA4	7	27128507	27130780
HOXA-AS3	7	27129977	27155928
HOXA5	7	27141052	27143681
HOXA6	7	27145396	27150603
HOXA7	7	27153716	27157936
HOXA9	7	27162438	27175180
HOXA10-AS	7	27166151	27172207
HOXA10	7	27170605	27180261
HOXA11	7	27181157	27185232
HOXA11-AS	7	27184507	27189298
HOXA13	7	27193503	27200091
HIBADH	7	27525440	27662988
TAX1BP1	7	27739331	27844564
JAZF1	7	27830573	28180992
JAZF1-AS1	7	28180322	28243917
CREB5	7	28299321	28825894
TRIL	7	28953358	28958330
CPVL	7	28994636	29195451
CHN2	7	29146547	29514334
PRR15	7	29563775	29567306
WIPF3	7	29806486	29917061
SCRN1	7	29920104	29990289
FKBP14	7	30010587	30026702
PLEKHA8	7	30027404	30130483
MTURN	7	30134986	30162765
ZNRF2	7	30284418	30370457
LINC01176	7	30390885	30412375
NOD1	7	30424527	30478789
GGCT	7	30496620	30504850
INMT	7	30697985	30757602
AQP1	7	30911720	30925517
GHRHR	7	30938669	30993254
ADCYAP1R1	7	31052308	31111475
NEUROD6	7	31337465	31340726
PDE1C	7	31751179	32428131
LSM5	7	32485338	32495283
AVL9	7	32495426	32588726
LINC00997	7	32760279	32762924
KBTBD2	7	32868166	32894131
FKBP9	7	32957404	33006930
NT5C3A	7	33014113	33062824
RP9	7	33094797	33109405
BBS9	7	33109557	33877180
BMPER	7	33904308	34156427
DPY19L1	7	34921469	35038271
HERPUD2	7	35632659	35697459
EEPD1	7	36153075	36301557
ANLN	7	36389727	36453791
AOAH	7	36509308	36724549
ELMO1	7	36852906	37449223
SFRP4	7	37905932	38025695
EPDR1	7	37920640	37951936
STARD3NL	7	38178245	38230671
TRG-AS1	7	38330978	38378804
TRGV5	7	38349355	38350022
AMPH	7	38383700	38631507
VPS41	7	38722974	38932394
RALA	7	39623445	39708124
LINC00265	7	39733122	39794745
CDK13	7	39950121	40099580
MPLKIP	7	40126027	40134622
SUGCT	7	40134044	40861613
INHBA	7	41667168	41705834
INHBA-AS1	7	41693884	41779388
GLI3	7	41960949	42264265
C7orf25	7	42908619	42912518
PSMA2	7	42916828	42932223
MRPL32	7	42932346	42948958
HECW1	7	43112629	43566001
STK17A	7	43582758	43650713
COA1	7	43608456	43729857
BLVRA	7	43758009	43808097
MRPS24	7	43866557	43869893
URGCP	7	43875894	43926411
UBE2D4	7	43926436	43956136
SPDYE1	7	43997897	44010124
LINC00957	7	44039049	44044375
DBNL	7	44044628	44069456
PGAM2	7	44062727	44065605
POLM	7	44070915	44082530
AEBP1	7	44104295	44114565
POLD2	7	44114631	44124407
GCK	7	44143213	44198170
YKT6	7	44200959	44214294
CAMK2B	7	44209993	44334577
NUDCD3	7	44379119	44490690
DDX56	7	44565418	44575051
TMED4	7	44576392	44582287
OGDH	7	44606549	44709070
ZMIZ2	7	44748560	44770112
PPIA	7	44796678	44824564
PURB	7	44876299	44885530
MYO1G	7	44962662	44979813
SNHG15	7	44983019	44986961
CCM2	7	44999475	45076469
NACAD	7	45080437	45088969
TBRG4	7	45097584	45112048
RAMP3	7	45157648	45188665
ADCY1	7	45574140	45723116
IGFBP1	7	45888360	45893660
IGFBP3	7	45912245	45921874
TNS3	7	47275154	47582558
LINC01447	7	47608256	47629899
PKD1L1	7	47740202	47948466
HUS1	7	47961882	47979682
SUN3	7	47987148	48029119
C7orf57	7	48035501	48061304
UPP1	7	48088628	48108736
ABCA13	7	48171458	48647497
VWC2	7	49772822	49921950
IKZF1	7	50303412	50405101
FIGNL1	7	50444128	50450406
DDC	7	50458436	50565468
GRB10	7	50590063	50793462
COBL	7	51016211	51317187
LINC01445	7	54330670	54455093
VSTM2A	7	54542325	54571080
SEC61G	7	54752180	54759974
EGFR	7	55018820	55211628
LANCL2	7	55365337	55433741
VOPP1	7	55436056	55572988
ZNF713	7	55887456	55942530
MRPS17	7	55950705	55956500
PSPH	7	56010312	56051604
CCT6A	7	56051685	56063991
SUMF2	7	56064002	56080670
PHKG1	7	56079923	56093012
CHCHD2	7	56094567	56106505
NUPR2	7	56114681	56116417
ZNF716	7	57450177	57473559
ZNF727	7	64045429	64114556
ZNF679	7	64228474	64266931
ZNF736	7	64307459	64356634
ZNF680	7	64519878	64563078
ZNF107	7	64666099	64711577
ZNF138	7	64794388	64833681
ZNF273	7	64870172	64930981
ZNF117	7	64970663	65006687
ERV3-1	7	64990356	65006743
ZNF92	7	65373799	65401136
VKORC1L1	7	65873074	65959563
GUSB	7	65960677	65982283
ASL	7	66075800	66094697
CRCP	7	66114604	66154568
TPST1	7	66205289	66420549
LINC00174	7	66376044	66493606
KCTD7	7	66628881	66649067
RABGEF1	7	66682105	66811464
TMEM248	7	66921171	66958551
SBDS	7	66987680	66995693
TYW1	7	66995173	67239521
AUTS2	7	69598296	70793506
CALN1	7	71779491	72447151
TYW1B	7	72558744	72828260
POM121	7	72879349	72951440
NSUN5	7	73302516	73308867
FZD9	7	73433778	73436120
BAZ1B	7	73440406	73522293
BCL7B	7	73536355	73557699
TBL2	7	73567537	73578791
MLXIPL	7	73593194	73624568
VPS37D	7	73667831	73672112
DNAJC30	7	73680918	73683453
STX1A	7	73699205	73719691
ABHD11	7	73736091	73738863
CLDN4	7	73799542	73832690
ELN	7	74027789	74069909
LIMK1	7	74082933	74122527
EIF4H	7	74174231	74197122
LAT2	7	74199652	74234454
RFC2	7	74223231	74254458
CLIP2	7	74289407	74405943
GTF2IRD1	7	74452463	74602619
GTF2I	7	74650231	74760706
NCF1	7	74773975	74789376
GTF2IRD2	7	74796144	74851611
GTF2IRD2B	7	75092396	75149818
TRIM73	7	75395063	75410996
POM121C	7	75416784	75486358
SPDYE5	7	75492320	75504316
HIP1	7	75533298	75738986
CCL26	7	75769533	75789896
RHBDD2	7	75842602	75888927
POR	7	75899200	75986855
TMEM120A	7	75986831	75994656
STYXL1	7	75996315	76048809
MDH2	7	76048050	76067508
SRRM3	7	76201896	76287288
HSPB1	7	76302673	76305813
YWHAG	7	76326799	76358991
SSC4D	7	76389017	76409744
ZP3	7	76397518	76442071
DTX2	7	76461656	76506471
SPDYE16	7	76531313	76543297
POMZP3	7	76601809	76627288
CCDC146	7	77122434	77329533
FGL2	7	77193369	77199848
GSAP	7	77310751	77416419
PTPN12	7	77537295	77640072
APTR	7	77657659	77697074
RSBN1L	7	77696459	77783022
TMEM60	7	77793728	77799484
PHTF2	7	77798761	77957503
MAGI2	7	78017055	79453667
GNAI1	7	79768028	80226181
CD36	7	80369532	80679277
SEMA3C	7	80742538	80922379
HGF	7	81699010	81770438
CACNA2D1	7	81946444	82443970
PCLO	7	82754012	83162930
SEMA3E	7	83363238	83649139
SEMA3A	7	83955777	84492939
SEMA3D	7	84995195	85187056
GRM3	7	86643909	86864884
DMTF1	7	87152409	87196337
TMEM243	7	87196158	87220597
TP53TG1	7	87322943	87345596
CROT	7	87345664	87399800
ABCB4	7	87401696	87480435
ABCB1	7	87503017	87713375
RUNDC3B	7	87627548	87832296
SLC25A40	7	87833561	87876404
DBF4	7	87876216	87909553
ADAM22	7	87934136	88202889
SRI	7	88205115	88226993
STEAP4	7	88270892	88307010
STEAP1	7	90154436	90164829
STEAP2	7	90167590	90238137
CFAP69	7	90245161	90311063
GTPBP10	7	90335223	90391453
CLDN12	7	90383721	90513402
CDK14	7	90466424	91210590
FZD1	7	91264433	91271326
MTERF1	7	91692008	91880727
AKAP9	7	91940840	92110673
CYP51A1	7	92084987	92134803
CYP51A1-AS1	7	92134563	92180725
LRRD1	7	92141643	92179531
KRIT1	7	92197498	92246166
ANKIB1	7	92245973	92402070
GATAD1	7	92447482	92460075
ERVW-1	7	92468380	92477986
PEX1	7	92487020	92528640
RBM48	7	92528773	92540481
FAM133B	7	92560758	92590409
CDK6	7	92604921	92836591
SAMD9	7	93099513	93118023
SAMD9L	7	93130056	93148385
HEPACAM2	7	93188534	93226559
VPS50	7	93232340	93361123
TFPI2	7	93885396	93890753
GNG11	7	93921735	93928610
BET1	7	93962762	94004382
COL1A2	7	94394820	94431227
CASD1	7	94509219	94557302
SGCE	7	94524204	94656572
PEG10	7	94656325	94669695
PPP1R9A	7	94907202	95296415
PON1	7	95297173	95324710
PON3	7	95357618	95396493
PON2	7	95404861	95435389
ASB4	7	95478444	95540233
PDK4	7	95583497	95597638
DYNC1I1	7	95772459	96110322
SLC25A13	7	96120218	96322147
DLX6-AS1	7	96955141	97014088
DLX6	7	97005553	97011040
DLX5	7	97020396	97024950
SDHAF3	7	97117698	97181763
ASNS	7	97851677	97872542
LMTK2	7	98106860	98209638
TECPR1	7	98214624	98252235
BRI3	7	98252379	98310441
BAIAP2L1	7	98291648	98401115
NPTX2	7	98617285	98629869
TMEM130	7	98846488	98870771
TRRAP	7	98877933	99050831
SMURF1	7	99027435	99144164
ARPC1A	7	99325880	99366267
ARPC1B	7	99374226	99394827
PDAP1	7	99392048	99408665
BUD31	7	99408615	99419618
PTCD1	7	99416739	99466163
CPSF4	7	99438908	99457377
ZNF789	7	99472832	99503650
ZNF394	7	99473877	99504918
ZKSCAN5	7	99500398	99535360
FAM200A	7	99546300	99559392
ZNF655	7	99558406	99576453
ZSCAN25	7	99616623	99632408
CYP3A5	7	99648194	99679997
TRIM4	7	99876958	99919601
GJC3	7	99923266	99929620
AZGP1	7	99966720	99976066
ZKSCAN1	7	100015570	100041689
ZSCAN21	7	100049772	100065044
ZNF3	7	100064033	100082703
COPS6	7	100088948	100093340
MCM7	7	100092233	100101940
AP4M1	7	100100841	100110345
TAF6	7	100106876	100120091
CNPY4	7	100119634	100125508
MBLAC1	7	100126694	100128498
LAMTOR4	7	100148912	100155944
GAL3ST4	7	100159244	100168953
GPC2	7	100169606	100177381
STAG3	7	100177563	100214387
SPDYE3	7	100307702	100322372
PILRB	7	100352176	100367831
PILRA	7	100367530	100400096
ZCWPW1	7	100400826	100428992
MEPCE	7	100428322	100434126
PPP1R35	7	100435282	100436497
TSC22D4	7	100466519	100479232
NYAP1	7	100483605	100494802
AGFG2	7	100539190	100568220
LRCH4	7	100574011	100586161
FBXO24	7	100583982	100601117
PCOLCE-AS1	7	100589402	100605782
PCOLCE	7	100602334	100608175
MOSPD3	7	100612102	100615983
TFR2	7	100620416	100642779
ACTL6B	7	100643097	100656458
GNB2	7	100673567	100679174
GIGYF1	7	100679505	100694480
POP7	7	100705445	100707504
EPHB4	7	100802563	100827555
SLC12A9	7	100826820	100867017
TRIP6	7	100867126	100873524
SRRT	7	100875065	100888664
UFSP1	7	100888721	100889715
ACHE	7	100889994	100897022
MUC12	7	100969431	101018940
TRIM56	7	101085234	101097967
SERPINE1	7	101122158	101139263
AP1S1	7	101154352	101161596
VGF	7	101162509	101167227
NAT16	7	101170496	101180293
MOGAT3	7	101195007	101201080
PLOD3	7	101205977	101219968
ZNHIT1	7	101218161	101224190
CLDN15	7	101232092	101238820
FIS1	7	101239458	101252316
IFT22	7	101310914	101321823
COL26A1	7	101362407	101559029
CUX1	7	101815904	102283958
SH2B2	7	102284995	102321712
PRKRIP1	7	102363872	102426676
ORAI2	7	102433106	102456825
ALKBH4	7	102456238	102464865
LRWD1	7	102464939	102473507
POLR2J	7	102473128	102478929
RASA4B	7	102479976	102517800
POLR2J3	7	102537918	102572653
RASA4	7	102579646	102616756
POLR2J2	7	102665368	102671663
FAM185A	7	102748969	102809552
FBXL13	7	102811189	103075400
LRRC17	7	102912941	102945111
ARMC10	7	103074625	103102902
NAPEPLD	7	103099776	103151172
PMPCB	7	103295717	103331818
DNAJC2	7	103312289	103344830
PSMC2	7	103328570	103370346
RELN	7	103471381	103989658
ORC5	7	104126341	104208047
LHFPL3	7	104328603	104908561
KMT2E-AS1	7	104894628	105014321
KMT2E	7	104940943	105115019
SRPK2	7	105110704	105399308
PUS7	7	105439661	105522272
RINT1	7	105532160	105567687
EFCAB10	7	105565120	105600875
ATXN7L1	7	105604772	105876599
CDHR3	7	105876796	106036432
SYPL1	7	106090500	106112589
NAMPT	7	106248298	106291225
CCDC71L	7	106654360	106661158
PIK3CG	7	106865278	106908980
PRKAR2B	7	107044627	107161811
HBP1	7	107168961	107202529
COG5	7	107201372	107564261
GPR22	7	107470018	107476314
DUS4L	7	107563484	107579483
BCAP29	7	107579957	107629170
SLC26A4	7	107660594	107717809
CBLL1	7	107743073	107761667
DLD	7	107891162	107931730
LAMB1	7	107923715	108004434
LAMB4	7	108023548	108130361
NRCAM	7	108147623	108456717
PNPLA8	7	108470417	108569666
THAP5	7	108554543	108569750
DNAJB9	7	108569847	108574850
IMMP2L	7	110662644	111562517
LRRN3	7	111091006	111125454
DOCK4	7	111726110	112206407
ZNF277	7	112206695	112356519
IFRD1	7	112422887	112481017
LSMEM1	7	112480853	112491062
TMEM168	7	112762377	112790715
GPR85	7	113078331	113087778
FOXP2	7	114086317	114693772
MDFIC	7	114921746	115019917
TFEC	7	115935148	116159896
TES	7	116210493	116258789
CAV2	7	116287380	116508541
CAV1	7	116524994	116561179
MET	7	116672051	116798386
CAPZA2	7	116811070	116922049
ST7-AS1	7	116952446	116954334
ST7	7	116952980	117230812
ST7-AS2	7	117072072	117146480
WNT2	7	117275451	117323152
CTTNBP2	7	117710651	117874139
LSM8	7	118183976	118204035
ANKRD7	7	118214669	118496171
KCND2	7	120273175	120750337
TSPAN12	7	120787319	120858402
ING3	7	120950763	120977216
CPED1	7	120988697	121297980
WNT16	7	121325367	121341104
FAM3C	7	121347792	121398471
PTPRZ1	7	121873089	122062037
AASS	7	122064583	122144489
FEZF1	7	122301303	122310691
FEZF1-AS1	7	122303658	122310119
CADPS2	7	122318411	122886779
IQUB	7	123452174	123535077
NDUFA5	7	123536997	123557904
WASL	7	123681938	123749003
TMEM229A	7	124030921	124033067
GPR37	7	124743885	124765792
POT1	7	124822386	124929959
POT1-AS1	7	124929862	125482966
GRM8	7	126438598	127253093
ZNF800	7	127346790	127431924
GCC1	7	127580628	127593611
ARF5	7	127588370	127591700
FSCN3	7	127591409	127602144
SND1	7	127652145	128092609
SND1-IT1	7	127997597	128000077
LRRC4	7	128027071	128032128
RBM28	7	128297685	128343971
PRRT4	7	128350325	128361690
IMPDH1	7	128392277	128410009
HILPDA	7	128455829	128458423
METTL2B	7	128476729	128506602
CALU	7	128739292	128773400
OPN1SW	7	128772485	128775794
CCDC136	7	128790757	128822135
FLNC	7	128830312	128859275
KCP	7	128862042	128910719
ATP6V1F	7	128862856	128865847
IRF5	7	128933429	128950038
TNPO3	7	128954180	129055173
TSPAN33	7	129144690	129169699
SMO	7	129188511	129213546
AHCYL2	7	129225021	129430211
STRIP2	7	129434392	129488399
SMKR1	7	129502531	129512918
NRF1	7	129611699	129757082
UBE2H	7	129830732	129952977
ZC3HC1	7	130018286	130051401
KLHDC10	7	130070534	130135720
TMEM209	7	130164713	130207770
CPA2	7	130266863	130289798
CPA4	7	130293134	130324180
CEP41	7	130393771	130442433
MESTIT1	7	130486042	130491033
MEST	7	130486171	130506465
COPG2	7	130506238	130668748
TSGA13	7	130668643	130687432
LINC-PINT	7	130791264	131110176
MKLN1	7	131110096	131496632
PODXL	7	131500254	131558217
PLXNA4	7	132123340	132648688
CHCHD3	7	132784449	133082250
EXOC4	7	133253071	134067137
LRGUK	7	134127299	134264595
SLC35B4	7	134289332	134317117
AKR1B1	7	134442349	134459284
AKR1B10	7	134527567	134541412
BPGM	7	134646811	134679816
CALD1	7	134744252	134970729
AGBL3	7	134986508	135147963
TMEM140	7	135148072	135166519
WDR91	7	135183839	135211557
CNOT4	7	135361795	135510145
NUP205	7	135557726	135648757
SLC13A4	7	135681231	135729258
FAM180A	7	135728348	135748813
MTPN	7	135926760	135977375
PTN	7	137227341	137344358
DGKI	7	137381037	137847092
CREB3L2	7	137874979	138002086
AKR1D1	7	138002324	138118306
TRIM24	7	138460210	138589996
ATP6V0A4	7	138706289	138799672
TMEM213	7	138797952	138838101
KIAA1549	7	138831381	138982084
ZC3HAV1L	7	139025706	139036042
ZC3HAV1	7	139043515	139132122
UBN2	7	139230356	139308236
LUC7L2	7	139340359	139425496
HIPK2	7	139561570	139777998
TBXAS1	7	139777051	140020325
PARP12	7	140023746	140063344
KDM7A	7	140084746	140177055
SLC37A3	7	140293693	140404433
MKRN1	7	140453033	140479552
DENND2A	7	140518418	140673993
ADCK2	7	140672885	140696261
NDUFB2	7	140690777	140723923
NDUFB2-AS1	7	140695336	140697103
BRAF	7	140719327	140924976
MRPS33	7	141002610	141015228
TMEM178B	7	141074064	141480380
AGK	7	141551278	141655244
WEE2-AS1	7	141704003	141738346
SSBP1	7	141737456	141787922
TAS2R4	7	141776674	141781691
MGAM	7	141907813	142106747
CLEC5A	7	141927357	141947007
TRBC1	7	142791694	142793368
TRBC2	7	142801041	142802748
EPHB6	7	142854930	142871094
KEL	7	142941114	142962363
GSTK1	7	143244093	143270873
CASP2	7	143288215	143307696
FAM131B	7	143353400	143362815
ZYX	7	143381295	143391111
EPHA1	7	143390289	143408856
EPHA1-AS1	7	143407562	143523449
TCAF2	7	143620952	143730410
TCAF1	7	143851364	143903890
TPK1	7	144451941	144836419
CNTNAP2	7	146116002	148420998
CUL1	7	148697914	148801110
EZH2	7	148807257	148884330
GHET1	7	148987527	148989432
PDIA4	7	149003046	149028662
ZNF786	7	149069641	149090782
ZNF425	7	149102784	149126338
ZNF398	7	149126416	149183042
ZNF282	7	149195546	149226243
ZNF212	7	149239651	149255956
ZNF783	7	149262171	149297302
ZNF777	7	149431363	149461062
ZNF746	7	149472696	149497817
KRBA1	7	149714781	149734575
ZNF467	7	149764175	149776519
ZNF862	7	149838375	149867479
ATP6V0E2-AS1	7	149867694	149880610
ATP6V0E2	7	149872968	149891204
ACTR3C	7	150243916	150323725
LRRC61	7	150323263	150338156
RARRES2	7	150338314	150342144
REPIN1	7	150368071	150374045
ZNF775	7	150368790	150398634
GIMAP8	7	150450630	150479395
GIMAP7	7	150514872	150521073
GIMAP4	7	150567242	150573962
GIMAP6	7	150625375	150632648
GIMAP2	7	150685697	150693641
GIMAP1	7	150716606	150724284
TMEM176B	7	150790382	150803404
TMEM176A	7	150799598	150805122
KCNH2	7	150944064	150978394
NOS3	7	150991017	151015653
ATG9B	7	151012209	151024499
ABCB8	7	151028422	151047782
ASIC3	7	151048292	151052756
CDK5	7	151051517	151057947
SLC4A2	7	151057210	151076527
FASTK	7	151076591	151080866
TMUB1	7	151081082	151083514
AGAP3	7	151085831	151144436
ABCF2	7	151211484	151227241
CHPF2	7	151232483	151240979
SMARCD3	7	151238764	151277896
NUB1	7	151341708	151378461
WDR86	7	151375909	151410727
RHEB	7	151466012	151520120
PRKAG2	7	151556117	151877507
PRKAG2-AS1	7	151876304	151879851
GALNT11	7	152025626	152122347
KMT2C	7	152134922	152436644
LINC01003	7	152463786	152465551
XRCC2	7	152644776	152676193
ACTR3B	7	152759749	152855378
DPP6	7	153748133	154894285
PAXIP1-AS2	7	154928460	154952188
PAXIP1	7	154943687	155003124
INSIG1	7	155296731	155311963
EN2	7	155458129	155464831
CNPY1	7	155474206	155555450
RBM33	7	155644451	155781485
SHH	7	155799980	155812463
RNF32	7	156640281	156677191
LMBR1	7	156668946	156893225
NOM1	7	156949712	156973176
MNX1	7	156994051	157010663
MNX1-AS2	7	157006307	157007132
MNX1-AS1	7	157007750	157017621
UBE3C	7	157138922	157269372
DNAJB6	7	157335381	157417440
PTPRN2	7	157539056	158587823
NCAPG2	7	158628224	158704825
ESYT2	7	158730995	158830253
VIPR2	7	159028175	159144944
ZNF596	8	232137	264703
FBXO25	8	406428	477967
TDRP	8	489803	545781
ERICH1	8	614746	738106
DLGAP2	8	737628	1708476
CLN8	8	1755778	1801711
KBTBD11-OT1	8	1763888	1958627
ARHGEF10	8	1823332	1958642
KBTBD11	8	1973677	2006937
MYOM2	8	2044682	2165552
CSMD1	8	2935353	4994972
MCPH1	8	6406592	6648508
ANGPT2	8	6499632	6563409
MCPH1-AS1	8	6617310	6708290
AGPAT5	8	6708341	6761503
XKR5	8	6805013	6835526
FAM66B	8	7263163	7355364
CLDN23	8	8701937	8704096
MFHAS1	8	8783354	8893630
ERI1	8	9002147	9116746
PPP1R3B	8	9136255	9151574
TNKS	8	9555912	9782346
MSRA	8	10054278	10428897
SOX7	8	10723768	10730511
PINX1	8	10725399	10839847
XKR6	8	10896045	11201833
MTMR9	8	11284523	11328146
FAM167A	8	11421463	11475908
NEIL2	8	11769639	11787345
FDFT1	8	11795570	11839500
CTSB	8	11842524	11869533
FAM66D	8	12115767	12202753
FAM86B1	8	12182096	12194133
FAM66A	8	12362019	12625014
LONRF1	8	12721906	12756073
DLC1	8	13083361	13604610
C8orf48	8	13566869	13568288
TUSC3	8	15417215	15766649
MSR1	8	16107878	16567490
FGF20	8	16992181	17002345
MICU3	8	17026877	17125880
ZDHHC2	8	17155974	17224799
CNOT7	8	17224966	17247726
VPS37A	8	17246896	17302707
MTMR7	8	17296794	17413528
SLC7A2	8	17496975	17570573
PDGFRL	8	17576433	17644071
MTUS1	8	17643794	17801545
PCM1	8	17922746	18029996
ASAH1	8	18055992	18084998
NAT1	8	18170399	18223739
PSD3	8	18527303	19084730
SH2D4A	8	19313693	19396695
CSGALNACT1	8	19404156	19758029
INTS10	8	19817339	19853282
LPL	8	19901717	19967267
SLC18A1	8	20144855	20183206
ATP6V1B2	8	20197381	20230399
LZTS1	8	20246165	20303963
DOK2	8	21908873	21913960
XPO7	8	21919641	22006585
NPM2	8	22024125	22036897
DMTN	8	22048995	22082527
NUDT18	8	22105748	22109419
HR	8	22114419	22133384
REEP4	8	22138019	22141951
LGI3	8	22146824	22157084
SFTPC	8	22156913	22164479
BMP1	8	22165140	22212326
PHYHIP	8	22219703	22232101
POLR3D	8	22245094	22254601
PIWIL2	8	22275316	22357568
SLC39A14	8	22366727	22434129
PPP3CC	8	22440819	22541145
SORBS3	8	22544986	22575788
PDLIM2	8	22578058	22598025
C8orf58	8	22599594	22604150
CCAR2	8	22604629	22620964
BIN3	8	22620418	22669148
EGR3	8	22687659	22693480
PEBP4	8	22713237	23000000
RHOBTB2	8	22987222	23020723
TNFRSF10B	8	23020133	23069071
TNFRSF10C	8	23102921	23118759
TNFRSF10D	8	23135588	23164027
TNFRSF10A	8	23190452	23225121
CHMP7	8	23243635	23266156
R3HCC1	8	23270120	23296279
LOXL2	8	23296897	23425328
ENTPD4	8	23385783	23457716
SLC25A37	8	23528956	23575463
NKX3-1	8	23678697	23682938
STC1	8	23841929	23854806
ADAM28	8	24294016	24359014
ADAMDEC1	8	24384285	24406013
NEFM	8	24913758	24919098
NEFL	8	24950955	24956721
DOCK5	8	25184689	25418082
GNRH1	8	25419258	25424654
KCTD9	8	25427847	25458476
CDCA2	8	25459199	25507911
EBF2	8	25841725	26045413
PPP2R2A	8	26291508	26372680
BNIP3L	8	26383037	26505636
PNMA2	8	26504701	26514092
DPYSL2	8	26514031	26658178
ADRA1A	8	26748150	26867278
STMN4	8	27235308	27258435
TRIM35	8	27284886	27311289
PTK2B	8	27311456	27459392
EPHX2	8	27490775	27548992
CLU	8	27596917	27615056
SCARA3	8	27633414	27676776
CCDC25	8	27733316	27772653
ESCO2	8	27771949	27812640
PBK	8	27809621	27838082
ELP3	8	28089673	28191156
ZNF395	8	28345590	28402701
FBXO16	8	28348287	28490278
FZD3	8	28494205	28574267
EXTL3	8	28600469	28756561
EXTL3-AS1	8	28690215	28702154
INTS9	8	28767661	28890242
HMBOX1	8	28890292	29064764
KIF13B	8	29067278	29263124
DUSP4	8	29333064	29350684
SARAF	8	30063003	30083208
LEPROTL1	8	30095408	30177208
DCTN6	8	30156319	30183639
RBPMS	8	30384416	30572256
GTF2E2	8	30578318	30660846
SMIM18	8	30638576	30647260
GSR	8	30678064	30727975
UBXN8	8	30729131	30767009
PPP2CB	8	30774096	30814314
TEX15	8	30831544	30913008
PURG	8	30995802	31033715
WRN	8	31033779	31176138
NRG1	8	31639222	32855666
FUT10	8	33370824	33473146
TTI2	8	33473386	33513185
MAK16	8	33484696	33501262
RNF122	8	33547754	33567170
DUSP26	8	33591330	33600176
UNC5D	8	35235475	35796550
ZNF703	8	37695782	37700019
ERLIN2	8	37736601	37758422
ADGRA2	8	37784191	37844896
BRF2	8	37843268	37849861
RAB11FIP1	8	37858618	37899513
EIF4EBP1	8	38030512	38060365
ASH2L	8	38105493	38144124
STAR	8	38141747	38151061
LSM1	8	38163335	38176730
BAG4	8	38176533	38213301
DDHD2	8	38225218	38275558
PLPP5	8	38263130	38269243
LETM2	8	38386207	38409527
FGFR1	8	38400215	38468834
TACC1	8	38728166	38853028
PLEKHA2	8	38901235	38973912
HTRA4	8	38974228	38988663
TM2D2	8	38988808	38996824
ADAM9	8	38996754	39105445
ADAM32	8	39106990	39284917
IDO1	8	39902275	39928790
ZMAT4	8	40530590	40897833
SFRP1	8	41261956	41309511
GOLGA7	8	41488200	41511095
GINS4	8	41529218	41545030
GPAT4	8	41577187	41625001
ANK1	8	41653220	41896741
KAT6A	8	41929479	42051998
AP3M2	8	42152946	42171673
PLAT	8	42174718	42207709
IKBKB	8	42271302	42332460
POLB	8	42338454	42371808
VDAC3	8	42391624	42405937
SLC20A2	8	42416449	42542530
SMIM19	8	42541155	42555195
CHRNA6	8	42752620	42796392
THAP1	8	42836674	42843338
RNF170	8	42849637	42897290
HOOK3	8	42896900	43030535
FNTA	8	43034194	43085788
POMK	8	43093498	43131180
HGSNAT	8	43140376	43202855
SPIDR	8	47260878	47736306
CEBPD	8	47736913	47738164
PRKDC	8	47773108	47960182
MCM4	8	47960185	47978165
UBE2V2	8	48008410	48064708
SNAI2	8	48917598	48921740
SNTG1	8	49909789	50796692
PXDNL	8	51319577	51809462
PCMTD1	8	51817575	51900042
ST18	8	52110838	52460983
RB1CC1	8	52622458	52745843
OPRK1	8	53225724	53251637
ATP6V1H	8	53715543	53843558
RGS20	8	53851795	53959303
TCEA1	8	53966552	54022448
LYPLA1	8	54046367	54102017
MRPL15	8	54135183	54149588
SOX17	8	54457935	54460892
XKR4	8	55102028	55542054
TMEM68	8	55696424	55773407
TGS1	8	55773432	55826445
LYN	8	55879825	56014169
RPS20	8	56067254	56074510
PLAG1	8	56160909	56211333
CHCHD7	8	56211686	56218809
FAM110B	8	57993956	58204279
UBXN2B	8	58411349	58452164
SDCBP	8	58552924	58583800
NSMAF	8	58583504	58659959
TOX	8	58805412	59119279
CA8	8	60185412	60281573
LINC01301	8	60284903	60516853
RAB2A	8	60516936	60623644
CHD7	8	60678740	60868028
CLVS1	8	61057158	61501645
ASPH	8	61500549	61714768
NKAIN3	8	62248591	63014000
GGH	8	63014881	63039407
TTPA	8	63048553	63086153
YTHDF3	8	63168553	63212786
MIR124-2HG	8	64369041	64383919
BHLHE22	8	64580365	64583627
CYP7B1	8	64587763	64799145
LINC01299	8	65526738	65562781
ARMC1	8	65602456	65634217
MTFR1	8	65644684	65771261
PDE7A	8	65714334	65842529
DNAJC5B	8	66021553	66101252
RRS1	8	66429014	66430733
ADHFE1	8	66432467	66468907
MYBL1	8	66562175	66614247
VCPIP1	8	66628487	66667231
SGK3	8	66712484	66862022
MCMDC2	8	66870749	66922048
PPP1R42	8	66964099	67056604
COPS5	8	67043079	67083783
CSPP1	8	67062381	67196778
ARFGEF1	8	67173511	67343961
PREX2	8	67951955	68237032
C8orf34	8	68330669	68819023
SULF1	8	69466624	69660935
SLCO5A1	8	69667041	69835064
NCOA2	8	70109772	70404191
TRAM1	8	70573218	70608449
LACTB2-AS1	8	70608494	70663279
LACTB2	8	70631109	70669185
XKR9	8	70669332	70790371
EYA1	8	71197432	71592025
MSC-AS1	8	71828167	72118393
MSC	8	71841552	71844496
TERF1	8	73008833	73048123
SBSPON	8	73064543	73124088
C8orf89	8	73241331	73259530
RPL7	8	73290242	73295789
RDH10	8	73294602	73325281
STAU2	8	73420369	73747708
UBE2W	8	73780097	73878910
TMEM70	8	73972437	73982783
LY96	8	73991392	74029079
JPH1	8	74234700	74321592
GDAP1	8	74320613	74518007
PI15	8	74824534	74855029
CRISPLD1	8	74984502	75034558
HNF4G	8	75407914	75566834
ZFHX4-AS1	8	76483936	76698953
ZFHX4	8	76681239	76867281
PEX2	8	76980258	77001044
PKIA	8	78516303	78605267
ZC2HC1A	8	78666050	78719765
IL7	8	78675743	78805523
STMN2	8	79611117	79666159
LINC01607	8	79743143	79803431
HEY1	8	79762371	79767857
MRPS28	8	79918401	80030304
TPD52	8	80034745	80231232
ZBTB10	8	80485596	80526265
ZNF704	8	80628451	80874781
PAG1	8	80967810	81112116
FABP5	8	81280535	81284777
PMP2	8	81440326	81447518
FABP4	8	81477651	81483239
IMPA1	8	81656914	81686848
SLC10A5	8	81693631	81695058
ZFAND1	8	81701313	81732903
SNX16	8	81799581	81842866
RALYL	8	84182787	84921844
LRRCC1	8	85107116	85146080
E2F5	8	85177154	85217158
CA13	8	85220587	85284073
CA3	8	85373436	85449040
CA3-AS1	8	85440537	85469968
CA2	8	85463968	85481493
ATP6V0D2	8	85987323	86154227
WWP1	8	86342547	86478420
RMDN1	8	86468257	86514357
CPNE3	8	86514435	86561498
DCAF4L2	8	87870747	87874015
MMP16	8	88032011	88328025
RIPK2	8	89757783	89791064
OSGIN2	8	89901849	89927888
NBN	8	89924515	90003228
DECR1	8	90001330	90053633
CALB1	8	90058608	90095475
TMEM64	8	90621995	90791632
NECAB1	8	90791741	90959393
C8orf88	8	90958084	90985238
OTUD6B-AS1	8	91059318	91070583
OTUD6B	8	91070196	91087095
LRRC69	8	91101832	91219257
SLC26A7	8	91209494	91398155
RUNX1T1	8	91954972	92103385
TRIQK	8	92883530	93017786
RBM12B	8	93728155	93741098
TMEM67	8	93754844	93819234
PDP1	8	93857788	93926068
GEM	8	94249249	94262461
RAD54B	8	94371960	94475133
ESRP1	8	94640987	94707466
DPY19L4	8	94719703	94793836
INTS8	8	94813311	94881746
CCNE2	8	94879641	94896678
NDUFAF6	8	94895533	95116455
TP53INP1	8	94925972	94949395
PLEKHF2	8	95115642	95156698
GDF6	8	96142333	96160806
UQCRB	8	96222947	96235564
MTERF3	8	96238169	96261618
PTDSS1	8	96261902	96336995
SDC2	8	96493410	96611790
CPQ	8	96645240	97150160
TSPYL5	8	97273488	97277928
MTDH	8	97644013	97730260
LAPTM4B	8	97775057	97853013
MATN2	8	97868840	98036769
RPL30	8	98024851	98046469
POP1	8	98117293	98159835
NIPAL2	8	98189826	98294393
STK3	8	98371228	98942827
OSR2	8	98940116	98952336
VPS13B	8	99013266	99877580
COX6C	8	99873200	99893759
RGS22	8	99960936	100131268
FBXO43	8	100133351	100145817
POLR2K	8	100150622	100154005
SPAG1	8	100157906	100259278
RNF19A	8	100257059	100336218
ANKRD46	8	100509752	100559784
SNX31	8	100572882	100663415
PABPC1	8	100685816	100722809
YWHAZ	8	100916523	100953388
ZNF706	8	101177720	101207085
NCALD	8	101686542	102124907
RRM2B	8	102204502	102239382
UBR5	8	102250608	102412880
KLF10	8	102648783	102655728
AZIN1	8	102826111	102893864
ATP6V1C1	8	103021063	103073051
BAALC-AS2	8	103132954	103141615
BAALC	8	103140433	103230305
BAALC-AS1	8	103153394	103371410
FZD6	8	103298433	103332866
CTHRC1	8	103371538	103382990
SLC25A32	8	103398635	103415189
DCAF13	8	103414714	103443579
RIMS2	8	103500610	104254430
DPYS	8	104329333	104467111
DCSTAMP	8	104339087	104356689
LRP12	8	104489231	104589258
ZFPM2	8	104590733	105804539
OXR1	8	106270144	106752694
ANGPT1	8	107249482	107498055
RSPO2	8	107899316	108083790
EIF3E	8	108162787	108443496
EMC2	8	108443601	108489196
TMEM74	8	108606850	108787624
NUDCD1	8	109240919	109334129
ENY2	8	109334324	109345954
EBAG9	8	109539711	109570072
SYBU	8	109573978	109691791
CSMD3	8	112222928	113436939
TRPS1	8	115408496	115809673
EIF3H	8	116642130	116766925
UTP23	8	116766505	116849463
RAD21	8	116845934	116874849
RAD21-AS1	8	116874424	116876868
AARD	8	116938207	116944487
MED30	8	117520710	117540262
EXT1	8	117794490	118111826
SAMD12	8	118189455	118622112
TNFRSF11B	8	118923557	118952055
ENPP2	8	119557085	119673453
TAF2	8	119730774	119832863
DSCC1	8	119833944	119855987
DEPTOR	8	119873717	120050918
COL14A1	8	120059780	120373573
MRPL13	8	120380761	120445402
MTBP	8	120445400	120542133
SNTB1	8	120535745	120813273
HAS2	8	121612116	121641440
HAS2-AS1	8	121639293	121994185
ZHX2	8	122781311	122974514
DERL1	8	123013170	123042406
TBC1D31	8	123041968	123152154
C8orf76	8	123219967	123241384
ZHX1-C8orf76	8	123226189	123274284
ZHX1	8	123248451	123275541
ATAD2	8	123319850	123416350
FBXO32	8	123497889	123541273
ANXA13	8	123680794	123737414
FAM91A1	8	123768439	123815452
TMEM65	8	124306189	124372701
TRMT12	8	124450820	124462150
RNF139	8	124474866	124488618
TATDN1	8	124488485	124539458
NDUFB9	8	124539101	124580648
MTSS1	8	124550776	124728775
LINC00964	8	124823702	124962531
ZNF572	8	124973265	124979389
SQLE	8	124998467	125022287
NSMCE2	8	125091673	125367729
TRIB1	8	125430358	125438403
PCAT1	8	126556323	127419050
PRNCR1	8	127079874	127092600
CASC8	8	127289667	127482139
MYC	8	127735434	127742951
PVT1	8	127794513	128188202
CCDC26	8	128634199	129723023
GSDMC	8	129748196	129786624
ASAP1	8	130052104	130443762
ADCY8	8	130780300	131041587
EFR3A	8	131904077	132013642
KCNQ3	8	132120861	132481095
TMEM71	8	132685007	132760712
PHF20L1	8	132775311	132848807
TG	8	132866958	133134903
SLA	8	133036728	133102912
NDRG1	8	133237175	133302022
ST3GAL1	8	133454848	133572518
ZFAT	8	134477788	134713127
KHDRBS3	8	135457456	135656722
FAM135B	8	138130023	138497261
COL22A1	8	138588235	138914063
TRAPPC9	8	139727725	140458579
CHRAC1	8	140511311	140517154
AGO2	8	140520156	140635633
ERICD	8	140636281	140638283
PTK2	8	140657900	141002216
DENND3	8	141117278	141195808
SLC45A4	8	141207166	141308318
PTP4A3	8	141391497	141432456
TSNARE1	8	142212077	142403213
ADGRB1	8	142449430	142545009
ARC	8	142611049	142614479
JRK	8	142657460	142681968
LY6K	8	142700111	142705127
THEM6	8	142727191	142736938
LYNX1	8	142771197	142777859
LY6E	8	143012722	143023832
LY6H	8	143157914	143160711
GPIHBP1	8	143213019	143217172
ZFP41	8	143246821	143262705
GLI4	8	143263193	143276937
MINCR	8	143280147	143281713
ZNF696	8	143289676	143299952
TOP1MT	8	143304384	143359979
RHPN1-AS1	8	143366422	143368637
RHPN1	8	143368810	143384221
MAFA	8	143419182	143430732
ZC3H3	8	143437655	143541455
GSDMD	8	143553207	143563062
MROH6	8	143566192	143572772
NAPRT	8	143574782	143578649
EEF1D	8	143579697	143599541
TIGD5	8	143597831	143603224
ZNF623	8	143635518	143656418
ZNF707	8	143684452	143713898
FAM83H	8	143723933	143740732
SCRIB	8	143790920	143815773
PUF60	8	143816344	143830709
NRBP2	8	143833583	143840973
EPPK1	8	143857324	143878467
PLEC	8	143915152	143976734
PARP10	8	143977153	144019930
GRINA	8	143990053	143993427
OPLAH	8	144051265	144064091
EXOSC4	8	144078621	144081244
GPAA1	8	144082337	144093149
CYC1	8	144095039	144097525
SHARPIN	8	144097513	144108124
MAF1	8	144103112	144107618
WDR97	8	144107726	144118328
HGH1	8	144137774	144140851
MROH1	8	144147997	144262470
BOP1	8	144262045	144291438
SCX	8	144266453	144268481
HSF1	8	144291529	144314727
DGAT1	8	144314584	144326910
SCRT1	8	144330565	144336482
SLC52A2	8	144333957	144361447
TMEM249	8	144352219	144354954
FBXL6	8	144355427	144359376
ADCK5	8	144373101	144393242
CPSF1	8	144393229	144409861
SLC39A4	8	144409742	144416844
VPS28	8	144423601	144429499
TONSL	8	144428767	144444473
KIFC2	8	144465940	144474202
FOXH1	8	144473412	144475873
PPP1R16A	8	144475989	144502126
GPT	8	144502608	144507494
MFSD3	8	144509070	144511213
RECQL4	8	144511288	144517845
LRRC14	8	144517965	144525178
LRRC24	8	144522388	144527033
C8orf82	8	144525733	144529132
ARHGAP39	8	144529179	144685879
ZNF251	8	144720515	144756417
ZNF34	8	144772224	144788684
RPL8	8	144789765	144792587
ZNF517	8	144798866	144811169
ZNF7	8	144826894	144847509
COMMD5	8	144837978	144853736
ZNF250	8	144876497	144902217
ZNF16	8	144930358	144950888
ZNF252P-AS1	8	145002811	145037152
C8orf33	8	145052425	145066685
DOCK8	9	214854	465259
KANK1	9	470291	746105
DMRT2	9	1049000	1057563
SMARCA2	9	1980290	2193624
VLDLR-AS1	9	2301072	2622457
VLDLR	9	2621182	2660056
PUM3	9	2720469	2844130
RFX3	9	3218297	3526022
GLIS3	9	3824127	4348392
SLC1A1	9	4490225	4587469
SPATA6L	9	4553386	4666674
PLPP6	9	4662294	4665258
CDC37L1	9	4679559	4708399
AK3	9	4709556	4742043
RCL1	9	4792944	4885917
JAK2	9	4984390	5129948
RLN2	9	5299864	5304716
RLN1	9	5334930	5339876
PLGRKT	9	5357966	5438615
CD274	9	5450503	5470566
PDCD1LG2	9	5510491	5571282
RIC1	9	5629025	5776557
ERMP1	9	5749832	5879537
RANBP6	9	6011025	6015625
IL33	9	6215136	6257983
UHRF2	9	6413151	6507056
GLDC	9	6532467	6645729
KDM4C	9	6720863	7175648
PTPRD	9	8314246	10613002
PTPRD-AS1	9	8857982	8864772
LURAP1L-AS1	9	12631434	12814382
LURAP1L	9	12775020	12823060
MPDZ	9	13104620	13279790
LINC01235	9	13406323	13488125
NFIB	9	14081843	14398983
ZDHHC21	9	14586766	14693737
FREM1	9	14734671	14910995
TTC39B	9	15163622	15307360
SNAPC3	9	15422734	15465953
PSIP1	9	15464065	15511202
CCDC171	9	15552899	16061663
BNC2	9	16409503	16870902
CNTLN	9	17134982	17503923
SH3GL2	9	17579066	17797129
ADAMTSL1	9	17906563	18910950
RRAGA	9	19049427	19051025
HAUS6	9	19053141	19102927
PLIN2	9	19108375	19149369
DENND4C	9	19230435	19374281
RPS6	9	19375715	19380282
SLC24A2	9	19507452	19789119
MLLT3	9	20341669	20622499
FOCAD	9	20658305	20996161
FOCAD-AS1	9	20683299	20684803
HACD4	9	20999509	21031640
KLHL9	9	21320024	21335404
MTAP	9	21802636	21937651
CDKN2A	9	21967752	21995301
CDKN2B-AS1	9	21994139	22212895
CDKN2B	9	22002903	22009305
DMRTA1	9	22446824	22455740
ELAVL2	9	23690099	23826352
TUSC1	9	25676969	25678444
CAAP1	9	26840685	26892819
PLAA	9	26903372	26947490
IFT74	9	26947039	27066134
IFT74-AS1	9	26955771	26956701
TEK	9	27109030	27232092
EQTN	9	27284654	27297150
MOB3B	9	27325209	27529814
C9orf72	9	27535640	27573895
ACO1	9	32384603	32454769
TOPORS	9	32540544	32552603
NDUFB6	9	32553001	32573184
APTX	9	32886601	33025130
DNAJA1	9	33025206	33039916
SMU1	9	33041765	33076694
B4GALT1	9	33100493	33167359
B4GALT1-AS1	9	33166789	33182865
BAG1	9	33247820	33264720
CHMP5	9	33264017	33282071
NFX1	9	33290428	33371872
AQP3	9	33441156	33447596
NOL6	9	33461353	33473930
PTENP1-AS	9	33676785	33688011
TRBV26OR9-2	9	33695767	33696059
PRSS3	9	33750679	33799231
UBE2R2	9	33817160	33920399
UBAP2	9	33921691	34049420
DCAF12	9	34086384	34127399
UBAP1	9	34179005	34252523
KIF24	9	34252380	34329280
NUDT2	9	34329506	34343713
FAM219A	9	34398184	34458591
ENHO	9	34521043	34523174
CNTFR	9	34551423	34593478
RPP25L	9	34610486	34612605
DCTN3	9	34613545	34620523
SIGMAR1	9	34634720	34637844
GALT	9	34637367	34651754
IL11RA	9	34651582	34661902
PHF24	9	34957608	34982544
DNAJB5	9	34989641	34998900
VCP	9	35053928	35072671
FANCG	9	35073820	35082444
PIGO	9	35085493	35096632
STOML2	9	35099606	35103195
UNC13B	9	35161829	35405339
RUSC2	9	35489712	35561898
TESK1	9	35605262	35610041
CD72	9	35609982	35646810
CCDC107	9	35658290	35661511
ARHGEF39	9	35658875	35675866
CA9	9	35673928	35681159
TPM2	9	35681992	35690056
TLN1	9	35696948	35732195
CREB3	9	35732296	35738886
GBA2	9	35736864	35749986
RGP1	9	35748613	35758600
MSMP	9	35752990	35756613
NPR2	9	35791003	35809732
SPAG8	9	35808045	35812272
HINT2	9	35812960	35815354
TMEM8B	9	35814451	35865518
HRCT1	9	35906202	35907136
RECK	9	36036905	36124455
GLIPR2	9	36136536	36163913
CLTA	9	36190856	36304781
GNE	9	36214441	36277042
RNF38	9	36336396	36487548
MELK	9	36572074	36682131
ZCCHC7	9	37120478	37358177
GRHPR	9	37422664	37437259
ZBTB5	9	37437687	37468850
POLR1E	9	37481695	37503701
FBXO10	9	37510892	37576380
TOMM5	9	37582646	37592609
FRMPD1	9	37650954	37746904
TRMT10B	9	37753774	37778972
EXOSC3	9	37759234	37832117
DCAF10	9	37800554	37867666
SLC25A51	9	37879400	37904387
SHB	9	37915898	38069227
ALDH1B1	9	38392623	38398661
IGFBPL1	9	38406528	38424454
ANKRD18A	9	38540567	38620596
CNTNAP3	9	39064710	39288611
GLIDR	9	39705825	39810128
BMS1P14	9	40348467	40584307
CNTNAP3B	9	41890314	42129552
FAM27C	9	61854038	62096920
LINC01410	9	62801434	62890983
FOXD4L5	9	65282101	65285209
ZNF658	9	66856426	66932141
ANKRD20A1	9	67832765	67920552
PGM5	9	68328308	68535009
PGM5-AS1	9	68343539	68358022
LINC01506	9	68509620	68634901
PIP5K1B	9	68705190	69009191
FXN	9	69035750	69079076
TJP2	9	69121264	69274615
APBA1	9	69427532	69672371
PTAR1	9	69709522	69760011
MAMDC2-AS1	9	70010139	70258924
MAMDC2	9	70043820	70226987
SMC5	9	70258270	70354874
KLF9	9	70384604	70414657
TRPM3	9	70529060	71446977
ABHD17B	9	71862452	71911224
C9orf85	9	71911457	71986054
GDA	9	72114595	72257193
ZFAND5	9	72351412	72365328
TMC1	9	72521608	72838297
ALDH1A1	9	72900670	73080442
ANXA1	9	73148874	73170629
RORB	9	74497335	74693177
TRPM6	9	74722495	74888094
C9orf40	9	74946583	74952912
CARNMT1	9	74980790	75028437
NMRK1	9	75060573	75088306
OSTF1	9	75088480	75149429
PCSK5	9	75890644	76362975
RFK	9	76385526	76394517
GCNT1	9	76419850	76651203
PRUNE2	9	76611376	76906591
VPS13A	9	77177445	77421537
GNA14	9	77423079	77648322
GNAQ	9	77716097	78031972
CEP78	9	78236042	78279690
PSAT1	9	78297094	78330098
TLE4	9	79571773	79726882
TLE1	9	81582313	81689681
RASEF	9	82979590	83063255
FRMD3	9	83242990	83538737
IDNK	9	83623049	83644137
UBQLN1	9	83657386	83707993
GKAP1	9	83739423	83829516
KIF27	9	83834099	83921494
HNRNPK	9	83966766	83981586
RMI1	9	83980355	84004078
NTRK2	9	84668375	85095751
AGTPBP1	9	85546539	85742144
NAA35	9	85941002	86026967
GOLM1	9	86026138	86100173
C9orf153	9	86220265	86259657
ISCA1	9	86264546	86283102
GAS1	9	86944362	86947506
GAS1RR	9	86948583	87013294
DAPK1	9	87497228	87709073
CTSL	9	87724051	87731469
CDK20	9	87964906	87974764
SPIN1	9	88387434	88480234
NXNL2	9	88534033	88584274
S1PR3	9	88990863	89005155
SHC3	9	89005771	89178818
CKS2	9	89311155	89316715
SECISBP2	9	89318460	89363633
SEMA4D	9	89360787	89498167
GADD45G	9	89605012	89606555
DIRAS2	9	90609832	90642862
SYK	9	90801579	90898549
AUH	9	91213815	91361961
NFIL3	9	91408748	91425066
ROR2	9	91563091	91950240
SPTLC1	9	92000087	92115433
NOL8	9	92297358	92325636
CENPP	9	92325953	92620529
ASPN	9	92456205	92492208
ECM2	9	92493554	92536736
IPPK	9	92613181	92670262
BICD2	9	92711363	92764833
ZNF484	9	92843171	92878038
FGD3	9	92947486	93036238
SUSD3	9	93058688	93085138
CARD19	9	93096161	93113283
NINJ1	9	93121496	93134310
WNK2	9	93184122	93320572
FAM120AOS	9	93431441	93453581
FAM120A	9	93451685	93566112
PHF2	9	93576584	93679599
BARX1	9	93951627	93955355
PTPDC1	9	94030794	94109856
ZNF169	9	94259298	94303967
MFSD14B	9	94374403	94461042
PCAT7	9	94554599	94603990
FBP1	9	94603133	94640323
FANCC	9	95099054	95426796
PTCH1	9	95442980	95517057
ERCC6L2	9	95871264	96121154
LINC00092	9	96019724	96028033
HSD17B3	9	96235306	96302176
SLC35D2	9	96313444	96383711
ZNF367	9	96385941	96418370
HABP4	9	96450160	96491336
CDC14B	9	96490241	96619855
ZNF510	9	96754553	96778129
ZNF782	9	96815490	96875623
CTSV	9	97025073	97156556
CCDC180	9	97307304	97378751
TDRD7	9	97412069	97496125
TMOD1	9	97501180	97601743
TSTD2	9	97600080	97633377
NCBP1	9	97633448	97673748
XPA	9	97674909	97697340
TRMO	9	97894512	97922525
ANP32B	9	97983215	98015943
NANS	9	98056674	98083087
TRIM14	9	98068968	98119399
CORO2A	9	98120975	98193206
TBC1D2	9	98199011	98255649
GABBR2	9	98288096	98709739
ANKS6	9	98731329	98796965
GALNT12	9	98807613	98851266
COL15A1	9	98942680	99070797
TGFBR1	9	99104038	99154192
ALG2	9	99216425	99221942
SEC61B	9	99222064	99230615
NAMA	9	99355337	99906624
NR4A3	9	99821855	99866891
STX17	9	99906654	99974534
ERP44	9	99979185	100099052
INVS	9	100098699	100306072
TEX10	9	100302072	100352957
MSANTD3	9	100426693	100451734
PLPPR1	9	101028727	101325135
BAAT	9	101354182	101385400
MRPL50	9	101387633	101398618
ZNF189	9	101398851	101410660
TMEM246-AS1	9	101468345	101482199
RNF20	9	101533853	101563344
SMC2	9	104093695	104144486
NIPSNAP3A	9	104747683	104760138
NIPSNAP3B	9	104763850	104777764
ABCA1	9	104781006	104928155
SLC44A1	9	105244536	105439171
FSD1L	9	105447796	105552433
FKTN	9	105558122	105653820
TAL2	9	105662457	105663124
TMEM38B	9	105694519	105776629
LINC01505	9	105993247	106771335
ZNF462	9	106862286	107013634
RAD23B	9	107283137	107332192
KLF4	9	107484852	107490482
CTNNAL1	9	108942569	109013645
TMEM245	9	109015135	109119974
FRRS1L	9	109130293	109167249
EPB41L4B	9	109171463	109321067
PTPN3	9	109375466	109498333
TXN	9	110243810	110256604
SVEP1	9	110365248	110579880
LPAR1	9	110871773	111038863
ZNF483	9	111525054	111577844
PTGR1	9	111549722	111599893
DNAJC25	9	111631334	111654351
GNG10	9	111661561	111670473
UGCG	9	111896814	111935374
SUSD1	9	112040777	112175486
PTBP3	9	112215071	112333695
HSDL2	9	112380051	112472408
KIAA1958	9	112486827	112669397
INIP	9	112683926	112718149
SNX30	9	112750760	112881671
ZNF883	9	112988129	113012242
ZFP37	9	113038377	113056759
FAM225B	9	113095149	113111543
FAM225A	9	113111624	113119928
SLC31A2	9	113150976	113164140
FKBP15	9	113161006	113221458
SLC31A1	9	113221191	113264492
CDC26	9	113255835	113275602
PRPF4	9	113275642	113294009
WDR31	9	113313222	113340337
HDHD3	9	113373417	113377473
ALAD	9	113386304	113401356
POLE3	9	113407232	113410723
C9orf43	9	113410054	113429690
RGS3	9	113444731	113597743
ZNF618	9	113876052	114056593
COL27A1	9	114155537	114312511
AKNA	9	114334156	114394405
ATP6V1G1	9	114587706	114598915
TNFSF15	9	114784652	114806039
TNC	9	115019575	115118257
PAPPA	9	116153791	116402321
ASTN2	9	116423112	117415070
TRIM32	9	116687305	116701300
TLR4	9	117704175	117724735
BRINP1	9	119153458	119369515
CDK5RAP2	9	120388875	120580172
MEGF9	9	120600811	120714470
FBXW2	9	120751978	120793438
PSMD5	9	120815496	120842984
PHF19	9	120855651	120894896
TRAF1	9	120902393	120931875
C5	9	120932987	121075195
CNTRL	9	121074660	121177729
RAB14	9	121178133	121223014
GSN	9	121201324	121334721
STOM	9	121338987	121370304
DAB2IP	9	121567057	121785530
TTLL11	9	121815674	122093606
NDUFA8	9	122144058	122159779
MORN5	9	122159903	122200088
LHX6	9	122202577	122229626
RBM18	9	122237622	122264855
MRRF	9	122264603	122331337
PTGS1	9	122370530	122395705
PDCL	9	122798389	122828604
RC3H2	9	122844556	122905513
ZBTB6	9	122908053	122913323
ZBTB26	9	122915566	122931565
RABGAP1	9	122940833	123104869
STRBP	9	123109500	123269102
CRB2	9	123356170	123380324
DENND1A	9	123379648	123930152
LHX2	9	124001670	124033301
NEK6	9	124257606	124353307
PSMB7	9	124352999	124415476
ADGRD2	9	124450451	124478589
NR6A1	9	124517275	124771311
MIR181A2HG	9	124658400	124698635
OLFML2A	9	124777122	124814885
WDR38	9	124853266	124859132
RPL35	9	124857873	124862017
ARPC5L	9	124862130	124877733
GOLGA1	9	124878275	124948492
SCAI	9	124942608	125143528
PPP6C	9	125146573	125189939
RABEPK	9	125200538	125234161
HSPA5	9	125234853	125241382
GAPVD1	9	125261780	125367207
MAPKAP1	9	125437393	125707266
PBX3	9	125746737	125967377
MVB12B	9	126326815	126507041
ZBTB43	9	126804988	126838210
ZBTB34	9	126860632	126885878
RALGPS1	9	126914774	127223166
ANGPTL2	9	127087348	127122645
GARNL3	9	127224265	127393660
SLC2A8	9	127397138	127408424
ZNF79	9	127424374	127449728
RPL12	9	127447422	127451446
LRSAM1	9	127451469	127503503
STXBP1	9	127579370	127696027
PTRH1	9	127690348	127724873
CFAP157	9	127706988	127716002
TTC16	9	127716079	127731590
TOR2A	9	127731516	127735355
SH2D3C	9	127738317	127778727
CDK9	9	127785679	127790792
FPGS	9	127794597	127814494
ENG	9	127811130	127855232
AK1	9	127866486	127878558
ST6GALNAC6	9	127885321	127906616
ST6GALNAC4	9	127907876	127917055
PIP5KL1	9	127920881	127930785
DPM2	9	127935090	127937866
NAIF1	9	128061233	128068206
SLC25A25	9	128068169	128109245
SLC25A25-AS1	9	128108581	128118693
PTGES2	9	128120693	128128462
CIZ1	9	128161251	128204482
DNM1	9	128191655	128255248
GOLGA2	9	128255829	128276026
SWI5	9	128275379	128316123
TRUB2	9	128305159	128322741
COQ4	9	128322515	128334072
SLC27A4	9	128340506	128363283
URM1	9	128371349	128392016
CERCAM	9	128411751	128437351
ODF2	9	128455186	128501292
GLE1	9	128504655	128543874
SPTAN1	9	128552558	128633663
SET	9	128683424	128696400
PKN3	9	128702499	128720924
ZDHHC12	9	128720864	128724137
ZER1	9	128729785	128772414
TBC1D13	9	128787233	128810432
ENDOG	9	128818461	128822676
LRRC8A	9	128882133	128918042
PHYHD1	9	128920966	128942042
DOLK	9	128945530	128947603
NUP188	9	128947683	129007835
SH3GLB2	9	129007036	129028369
DOLPP1	9	129081100	129090438
CRAT	9	129094142	129111313
IER5L	9	129175552	129178261
LINC01503	9	129320968	129359549
NTMT1	9	129606704	129636744
C9orf50	9	129612225	129621101
ASB6	9	129634602	129642169
PTGES	9	129738331	129753042
TOR1B	9	129803157	129811281
TOR1A	9	129812942	129824244
C9orf78	9	129827194	129835863
USP20	9	129834698	129881842
FNBP1	9	129887179	130043238
GPR107	9	130053426	130140169
NCS1	9	130172347	130237303
HMCN2	9	130265760	130434123
ASS1	9	130443282	130502361
FUBP3	9	130578965	130638354
PRDM12	9	130664594	130682986
EXOSC2	9	130693721	130707288
ABL1	9	130713043	130887675
FIBCD1	9	130900194	130941232
LAMC3	9	131009149	131094473
AIF1L	9	131096476	131123152
NUP214	9	131124868	131234667
FAM78A	9	131258076	131277365
PLPP7	9	131289459	131359022
POMT1	9	131502789	131523806
UCK1	9	131523786	131531280
RAPGEF1	9	131576758	131740117
MED27	9	131852928	132079875
NTNG2	9	132161020	132244528
SETX	9	132261356	132355048
TTF1	9	132375548	132406851
CFAP77	9	132410043	132573319
DDX31	9	132592787	132670401
GTF3C4	9	132670035	132694953
AK8	9	132725573	132878777
TSC1	9	132891348	132946874
GFI1B	9	132944000	132991687
GTF3C5	9	133030675	133058503
CEL	9	133061981	133071861
RALGDS	9	133097719	133149334
GBGT1	9	133152938	133164245
SURF6	9	133328776	133336189
MED22	9	133338312	133348134
RPL7A	9	133348194	133351435
SURF1	9	133351758	133356676
SURF2	9	133356545	133362215
SURF4	9	133361450	133376166
STKLD1	9	133376366	133406096
REXO4	9	133406059	133418096
ADAMTS13	9	133414358	133459402
CACFD1	9	133459965	133470848
SLC2A6	9	133471088	133479148
ADAMTSL2	9	133532164	133575522
DBH-AS1	9	133654586	133657313
SARDH	9	133663528	133739976
VAV2	9	133761892	133992854
BRD3	9	134030305	134068555
WDR5	9	134134346	134159971
RXRA	9	134317098	134440585
COL5A1	9	134641803	134844843
FCN1	9	134903232	134917954
OLFM1	9	135075422	135121180
PPP1R26-AS1	9	135417086	135480777
PPP1R26	9	135479073	135488897
MRPS2	9	135499984	135504673
OBP2A	9	135545504	135549969
KCNT1	9	135702185	135795508
CAMSAP1	9	135808487	135907546
UBAC1	9	135932403	135961387
NACC2	9	136006537	136095289
QSOX2	9	136206333	136245812
GPSM1	9	136327476	136359605
DNLZ	9	136359480	136363744
CARD9	9	136363956	136373683
SNAPC4	9	136375567	136400176
PMPCA	9	136410630	136427992
INPP5E	9	136428618	136439882
SEC16A	9	136440096	136483843
C9orf163	9	136483495	136486067
NOTCH1	9	136494433	136546048
NALT1	9	136546162	136552541
EGFL7	9	136658284	136672679
AGPAT2	9	136673142	136687457
SNHG7	9	136721366	136728961
LCN15	9	136759634	136766255
TMEM141	9	136791303	136793317
CCDC183	9	136796338	136807741
RABL6	9	136807927	136841187
PHPT1	9	136848724	136851039
MAMDC4	9	136850943	136860802
EDF1	9	136862115	136866312
TRAF2	9	136881903	136929221
FBXW5	9	136940435	136944762
C8G	9	136944870	136946980
LCN12	9	136949551	136955497
PTGDS	9	136975053	136981750
LCNL1	9	136981904	136986410
CLIC3	9	136994608	136996568
ABCA2	9	137007234	137028915
NPDC1	9	137039459	137046695
ENTPD2	9	137048107	137054061
SAPCD2	9	137062127	137070593
UAP1L1	9	137077483	137084542
MAN1B1	9	137086857	137109189
DPP7	9	137110540	137118309
LRRC26	9	137168758	137170051
ANAPC2	9	137174784	137189028
SSNA1	9	137188657	137190370
TPRN	9	137191617	137204193
TMEM203	9	137204082	137205648
NDOR1	9	137205667	137219361
RNF208	9	137220246	137222290
CYSRT1	9	137225174	137226315
TUBB4B	9	137241287	137243707
NELFB	9	137255327	137273542
TOR4A	9	137274854	137282641
NRARP	9	137299631	137302271
EXD3	9	137306894	137423260
NOXA1	9	137423350	137434451
NSMF	9	137447570	137459576
PNPLA7	9	137459952	137550431
MRPL41	9	137551879	137552555
DPH7	9	137554444	137578925
ZMYND19	9	137582081	137590512
ARRDC1	9	137605619	137616227
ARRDC1-AS1	9	137615326	137618906
EHMT1	9	137618977	137870016
ZMYND11	10	130088	254638
DIP2C	10	274201	689937
LARP4B	10	806915	931821
GTPBP4	10	988418	1019932
IDI2	10	1018910	1025859
IDI2-AS1	10	1022551	1045425
IDI1	10	1039152	1049119
WDR37	10	1049265	1160991
ADARB2	10	1177313	1737525
PFKP	10	3066333	3137723
PITRM1	10	3137728	3172841
KLF6	10	3775996	3785281
AKR1C1	10	4963253	4983283
AKR1C2	10	4987775	5018031
AKR1C3	10	5035354	5107686
NET1	10	5412557	5459056
ASB13	10	5638857	5666615
GDI2	10	5765221	5842132
ANKRD16	10	5861616	5889906
IL15RA	10	5943639	5978187
IL2RA	10	6010689	6062370
RBM17	10	6086898	6117457
PFKFB3	10	6144928	6254644
PRKCQ	10	6427136	6580855
LINC00706	10	6772271	6779205
SFMBT2	10	7158624	7411488
ITIH5	10	7559270	7667021
KIN	10	7750962	7787994
TAF3	10	7818497	8016631
GATA3-AS1	10	8016633	8057043
GATA3	10	8045315	8075198
SFTA1P	10	10784436	10798639
CELF2	10	10798397	11336675
USP6NL	10	11460328	11611803
ECHDC3	10	11742366	11764139
PROSER2	10	11823339	11872277
UPF2	10	11920020	12043170
DHTKD1	10	12068926	12123225
SEC61A2	10	12129637	12169961
NUDT5	10	12165328	12196127
CDC123	10	12195950	12250595
CAMK1D	10	12349547	12835545
CCDC3	10	12896625	13099652
OPTN	10	13099449	13140320
MCM10	10	13161554	13211110
PHYH	10	13277796	13302412
SEPHS1	10	13317425	13348596
BEND7	10	13438484	13529237
PRPF18	10	13586939	13668445
FRMD4A	10	13643706	14462142
FAM107B	10	14518557	14774897
CDNF	10	14818270	14838575
HSPA14	10	14838306	14871741
SUV39H2	10	14878820	14904315
DCLRE1C	10	14897359	14954432
MEIG1	10	14954194	14988050
OLAH	10	15032227	15073853
ACBD7	10	15075475	15088776
RPP38	10	15097120	15139818
NMT2	10	15102584	15168719
FAM171A1	10	15211643	15371289
ITGA8	10	15513954	15719936
PTER	10	16436940	16515220
RSU1	10	16590611	16817463
CUBN	10	16823966	17129811
TRDMT1	10	17137336	17202054
VIM-AS1	10	17214239	17230029
VIM	10	17228241	17237593
ST8SIA6	10	17315421	17454595
HACD1	10	17588316	17617430
STAM	10	17644124	17716824
TMEM236	10	17752201	17800868
MRC1	10	17809014	17911164
SLC39A12	10	17951839	18043292
CACNB2	10	18140424	18543557
NSUN6	10	18545561	18659285
ARL5B	10	18659304	18681639
MALRD1	10	19048801	19790401
PLXDC2	10	19815943	20289856
NEBL	10	20779973	21293011
NEBL-AS1	10	21173599	21182579
SKIDA1	10	21513475	21526368
MLLT10	10	21524617	21743630
DNAJC1	10	21756538	22003769
COMMD3	10	22315980	22320430
BMI1	10	22321078	22331485
PIP4K2A	10	22534854	22714578
MSRB2	10	23095579	23122013
OTUD1	10	23439075	23442377
KIAA1217	10	23694746	24547848
ARHGAP21	10	24583609	24723887
PRTFDC1	10	24848614	24952606
ENKUR	10	24981979	25062279
THNSL1	10	25016612	25026664
LINC01516	10	25113058	25161236
GPR158-AS1	10	25158072	25176707
GPR158	10	25174802	25602229
LINC00836	10	25651712	25732935
APBB1IP	10	26438341	26568449
PDSS1	10	26697669	26746798
ABI1	10	26745942	26861094
ANKRD26	10	26973793	27100517
YME1L1	10	27110088	27155266
MASTL	10	27154425	27187953
ACBD5	10	27168135	27243046
RAB18	10	27504174	27545117
WAC-AS1	10	28519917	28533066
WAC	10	28532493	28623112
BAMBI	10	28677510	28682932
SVIL	10	29457332	29737123
MTPAP	10	30309801	30374448
MAP3K8	10	30433473	30461833
ZNF438	10	30820207	31032110
ZEB1-AS1	10	31204982	31320484
ZEB1	10	31318495	31529814
ARHGAP12	10	31805398	31928876
KIF5B	10	32009014	32056454
EPC1	10	32267751	32378798
CCDC7	10	32446140	32882874
ITGB1	10	32887273	33005792
NRP1	10	33177492	33336262
PARD3	10	34109560	34815419
CUL2	10	35008504	35127006
CREM	10	35126791	35212958
CCNY	10	35247025	35572669
FZD8	10	35638247	35642296
ZNF248	10	37776526	37858107
ZNF25	10	37949573	37976647
ZNF33A	10	38010295	38065088
ZNF37A	10	38094314	38150293
LINC00839	10	42475476	42495337
ZNF33B	10	42574185	42638620
BMS1	10	42782783	42834937
RET	10	43077026	43130351
CSGALNACT2	10	43137831	43185302
RASGEF1A	10	43194533	43267082
HNRNPF	10	43385617	43409523
ZNF487	10	43436830	43483181
ZNF239	10	43554516	43574623
ZNF485	10	43606413	43617904
ZNF32	10	43643859	43649367
ZNF32-AS1	10	43643872	43645047
CXCL12	10	44370165	44386493
TMEM72-AS1	10	44793119	44959733
RASSF4	10	44959407	44995891
ZNF22	10	45000293	45005329
ALOX5	10	45374150	45446121
ZFAND4	10	45613375	45673047
AGAP4	10	45825594	45853875
TIMM23	10	45972486	46004338
NCOA4	10	46005085	46030669
SYT15	10	46578217	46594173
ZNF488	10	47356520	47384325
AGAP9	10	47501854	47523638
FRMPD2	10	48153088	48274696
MAPK8	10	48306639	48439360
ARHGAP22	10	48446036	48656265
WDFY4	10	48684873	48982959
VSTM4	10	49014236	49115522
ERCC6	10	49454168	49539538
SLC18A3	10	49610310	49612720
OGDHL	10	49734641	49762392
PARG	10	49815137	49970203
TIMM23B	10	49942049	49977625
AGAP6	10	49982190	50011654
ASAH2	10	50182778	50279720
SGMS1	10	50305586	50625187
SGMS1-AS1	10	50623466	50676367
ASAH2B	10	50739318	50816495
PRKG1	10	50990888	52298423
CSTF2T	10	51695486	51699595
DKK1	10	52314281	52318042
PCDH15	10	53802771	55627942
ZWINT	10	56356736	56361392
IPMK	10	58191517	58267959
CISD1	10	58269151	58289586
UBE2D1	10	58334975	58370751
TFAM	10	58385345	58399220
BICC1	10	58512872	58831435
LINC00844	10	58967778	59066396
PHYHIPL	10	59176643	59247774
FAM13C	10	59246118	59363181
SLC16A9	10	59650762	59736002
MRLN	10	59736692	59756041
CCDC6	10	59788747	59907029
LINC01553	10	59955430	59960918
ANK3	10	60026298	60733490
CDK1	10	60778312	60796236
RHOBTB1	10	60869438	61001441
TMEM26	10	61406642	61453381
ARID5B	10	61901684	62096944
RTKN2	10	62183035	62268844
ZNF365	10	62374192	62480288
ADO	10	62804720	62808479
EGR2	10	62811996	62819167
NRBF2	10	63133247	63155031
JMJD1C	10	63167221	63521850
JMJD1C-AS1	10	63465184	63502929
REEP3	10	63521397	63625128
LINC01515	10	65570338	65880289
CTNNA3	10	65912457	67763637
LRRTM3	10	66926036	67101551
DNAJC12	10	67796668	67838188
SIRT1	10	67884656	67918390
HERC4	10	67921899	68075342
ATOH7	10	68230595	68232113
PBLD	10	68282657	68334114
HNRNPH3	10	68331174	68344002
RUFY2	10	68341107	68407313
DNA2	10	68414061	68472121
SLC25A16	10	68473079	68527523
TET1	10	68560310	68694586
CCAR1	10	68721012	68792377
STOX1	10	68827199	68895432
DDX50	10	68901264	68946847
DDX21	10	68956135	68985072
SRGN	10	69088103	69104811
VPS26A	10	69123512	69174412
SUPV3L1	10	69180234	69209108
HKDC1	10	69220292	69267552
HK1	10	69269984	69403496
TACR2	10	69403903	69416918
TSPAN15	10	69451150	69507676
COL13A1	10	69801880	69964275
AIFM2	10	70097053	70133269
TYSND1	10	70137981	70146700
SAR1A	10	70147289	70170905
PPA1	10	70202831	70233911
NPFFR1	10	70247329	70284004
LRRC20	10	70298970	70382650
EIF4EBP2	10	70404144	70428618
NODAL	10	70431936	70447951
PALD1	10	70477658	70668754
ADAMTS14	10	70672367	70762441
SGPL1	10	70815905	70958701
PCBD1	10	70882280	70888605
UNC5B	10	71212523	71302885
UNC5B-AS1	10	71217219	71218308
SLC29A3	10	71319259	71381423
CDH23	10	71396920	71815947
PSAP	10	71816289	71851330
CHST3	10	71964395	72013558
SPOCK2	10	72059034	72089032
ASCC1	10	72096018	72217653
ANAPC16	10	72215863	72235860
DDIT4	10	72273919	72276039
DNAJB12	10	72332830	72355167
MICU1	10	72367328	72626134
MCU	10	72692110	72887694
P4HA1	10	73005811	73096983
NUDT13	10	73110375	73131828
ECD	10	73130155	73169055
FAM149B1	10	73168119	73244504
DNAJC9	10	73183362	73247280
DNAJC9-AS1	10	73247341	73276984
MRPS16	10	73248843	73252693
CFAP70	10	73253762	73358864
ANXA7	10	73375101	73414731
MSS51	10	73423579	73433561
PPP3CB	10	73436418	73496026
USP54	10	73497538	73626117
MYOZ1	10	73631571	73642103
SYNPO2L	10	73644881	73663803
SEC24C	10	73744366	73772173
FUT11	10	73772276	73780251
CHCHD1	10	73782047	73783652
ZSWIM8	10	73785606	73801797
NDST2	10	73801910	73811963
CAMK2G	10	73812501	73874641
PLAU	10	73909177	73917501
VCL	10	73995193	74121363
AP3M1	10	74120255	74151055
ADK	10	74151191	74709963
KAT6B	10	74824912	75032631
SAMD8	10	75099586	75182127
VDAC2	10	75209983	75231456
COMTD1	10	75233641	75236075
ZNF503	10	75397830	75401764
ZNF503-AS2	10	75400962	75408982
KCNMA1	10	76869601	77638369
DLG5	10	77790778	77927220
POLR3A	10	77953148	78029549
RPS24	10	78033746	78056813
ZMIZ1-AS1	10	78834497	79068530
ZMIZ1	10	79068929	79316550
PPIF	10	79347466	79355337
ZCCHC24	10	79382325	79445625
EIF5AL1	10	79512533	79516440
NUTM2B-AS1	10	79661394	79826594
TMEM254-AS1	10	80040484	80079255
TMEM254	10	80078646	80092557
PLAC9	10	80131682	80145359
ANXA11	10	80150889	80205583
DYDC2	10	80344730	80368074
TSPAN14	10	80454162	80533124
GHITM	10	84139482	84154841
CDHR1	10	84194537	84219621
RGR	10	84230666	84259960
CCSER2	10	84328586	84518521
GRID1	10	85599552	86366795
WAPL	10	86435256	86521843
LDB3	10	86666664	86736159
BMPR1A	10	86755763	86932825
MMRN2	10	86935540	86969481
SNCG	10	86955771	86963261
ADIRF	10	86968432	87007922
GLUD1	10	87050202	87095049
NUTM2A-AS1	10	87189002	87342612
LINC00863	10	87341440	87357882
MINPP1	10	87504875	87553461
PAPSS2	10	87659613	87747708
ATAD1	10	87751512	87842355
KLLN	10	87859158	87863533
PTEN	10	87862638	87971930
RNLS	10	88273864	88584530
ANKRD22	10	88819896	88851844
STAMBPL1	10	88879380	88975153
ACTA2	10	88934822	88991339
FAS	10	88953813	89029605
CH25H	10	89205629	89207317
LIPA	10	89212830	89415367
IFIT2	10	89283694	89309271
IFIT3	10	89327307	89377473
IFIT1	10	89392546	89406487
IFIT5	10	89414568	89421605
PANK1	10	89579497	89645242
KIF20B	10	89701583	89774939
LINC00865	10	89829483	90225443
RPP30	10	90871487	90908553
ANKRD1	10	90912092	90921091
PCGF5	10	91162339	91284337
HECTD2	10	91409280	91514829
PPP1R3C	10	91628442	91633071
TNKS2	10	91798426	91865475
FGFBP3	10	91906584	91909486
BTAF1	10	91923770	92031437
CPEB3	10	92046692	92291628
IDE	10	92451684	92574096
KIF11	10	92574105	92655395
HHEX	10	92689903	92695647
EXOC6	10	92826831	93059493
MYOF	10	93306429	93482334
CEP55	10	93496579	93529094
FFAR4	10	93566665	93604480
RBP4	10	93590170	93603110
FRA10AC1	10	93667883	93703294
LGI1	10	93757840	93806272
SLC35G1	10	93893937	93956062
PLCE1	10	93993894	94332823
NOC3L	10	94333226	94362982
TBC1D12	10	94402451	94536332
HELLS	10	94545329	94613905
PDLIM1	10	95237569	95291035
SORBS1	10	95311390	95561469
ALDH18A1	10	95605937	95656841
TCTN3	10	95659823	95694143
ENTPD1	10	95711779	95877266
ENTPD1-AS1	10	95732716	96090356
CCNJ	10	96043394	96060870
ZNF518A	10	96129695	96205288
BLNK	10	96189171	96272658
OPALIN	10	96343216	96359365
TLL2	10	96364608	96513941
TM9SF3	10	96518110	96587452
PIK3AP1	10	96593043	96720534
LCOR	10	96831803	96995956
SLIT1	10	96998038	97185959
ARHGAP19-SLIT1	10	97153045	97292637
ARHGAP19	10	97222173	97292673
FRAT1	10	97319271	97321915
FRAT2	10	97332497	97334729
RRP12	10	97356357	97426076
PGAM1	10	97426124	97433444
EXOSC1	10	97428014	97446085
ZDHHC16	10	97446142	97457370
MMS19	10	97458083	97499500
UBTD1	10	97498913	97571206
HOGA1	10	97584323	97612802
MORN4	10	97614551	97634135
PI4K2A	10	97640671	97676757
AVPI1	10	97677422	97687561
MARVELD1	10	97713173	97718150
ZFYVE27	10	97737117	97760907
GOLGA7B	10	97849295	97871580
CRTAC1	10	97865000	98030828
R3HCC1L	10	98134608	98245624
LOXL4	10	98247690	98268650
PYROXD2	10	98383565	98415210
HPS1	10	98410939	98446966
CNNM1	10	99329356	99394330
GOT1	10	99396870	99430671
SLC25A28	10	99610518	99622793
ENTPD7	10	99659415	99711241
CUTC	10	99702558	99756187
COX15	10	99710868	99732160
DNMBP	10	99875577	100009947
DNMBP-AS1	10	99927010	99959050
ERLIN1	10	100150094	100186033
CHUK	10	100188300	100229596
CWF19L1	10	100232296	100267684
BLOC1S2	10	100273280	100286697
PKD2L1	10	100288149	100330264
SCD	10	100346508	100364837
OLMALINC	10	100372914	100454043
SEC31B	10	100486639	100519864
NDUFB8	10	100523668	100530000
HIF1AN	10	100529072	100559998
SLF2	10	100912963	100965134
MRPL43	10	100969458	100990450
SEMA4G	10	100969498	100985871
LZTS2	10	100996539	101007852
PDZD7	10	101007679	101032295
SFXN3	10	101031229	101041244
KAZALD1	10	101061171	101068179
LBX1	10	101226180	101230401
BTRC	10	101354033	101557321
DPCD	10	101570560	101609664
POLL	10	101576051	101588270
FBXW4	10	101610663	101695295
FGF8	10	101770109	101780371
NPM3	10	101781318	101783446
KCNIP2	10	101825969	101843965
HPS6	10	102065349	102068036
LDB1	10	102106489	102120368
PPRC1	10	102132994	102150333
NOLC1	10	102152175	102163875
GBF1	10	102245371	102382899
NFKB2	10	102394110	102402529
PSD	10	102402614	102421539
FBXL15	10	102418520	102423142
CUEDC2	10	102423242	102432718
C10orf95	10	102449837	102451543
MFSD13A	10	102461363	102477046
ACTR1A	10	102461881	102502744
SUFU	10	102503952	102633535
TRIM8	10	102642503	102662789
ARL3	10	102673731	102714437
SFXN2	10	102714538	102743492
WBP1L	10	102743948	102834516
BORCS7	10	102854259	102864961
CNNM2	10	102918286	103090222
NT5C2	10	103087141	103277605
RPEL1	10	103245887	103248016
INA	10	103277138	103290351
PCGF6	10	103302796	103351150
TAF5	10	103367964	103389065
PDCD11	10	103396626	103446297
CALHM2	10	103446784	103452780
NEURL1	10	103493705	103592546
SH3PXD2A	10	103594027	103855584
SLK	10	103966916	104029242
SFR1	10	104122058	104126385
CFAP43	10	104129888	104232364
GSTO1	10	104235356	104267461
GSTO2	10	104268873	104304950
ITPRIP	10	104309698	104338812
SORCS3	10	104641290	105265242
SORCS1	10	106573663	107164706
XPNPEP1	10	109864494	109923553
ADD3	10	109996356	110135565
MXI1	10	110207605	110287365
SMNDC1	10	110290730	110304963
DUSP5	10	110497907	110511541
SMC3	10	110567680	110606048
RBM20	10	110643948	110839471
PDCD4-AS1	10	110868890	110872366
PDCD4	10	110871795	110900006
BBIP1	10	110898730	110919201
SHOC2	10	110917932	111017307
ADRA2A	10	111077029	111080907
GPAM	10	112149865	112215416
ACSL5	10	112372400	112428381
ZDHHC6	10	112424428	112447631
VTI1A	10	112446998	112818744
TCF7L2	10	112950205	113167678
HABP2	10	113550837	113589892
NRAP	10	113588714	113664121
CASP7	10	113679162	113731290
PLEKHS1	10	113751262	113783429
DCLRE1A	10	113834725	113854383
NHLRC2	10	113854475	113917194
ADRB1	10	114043866	114046904
CCDC186	10	114120862	114174232
AFAP1L2	10	114293604	114404775
ABLIM1	10	114431110	114768061
TRUB1	10	114938195	114977676
ATRNL1	10	115093365	115948999
GFRA1	10	116056925	116276803
HSPA12A	10	116671192	116850251
ENO4	10	116849481	116911788
SHTN1	10	116881477	117126586
PDZD8	10	117277274	117376020
EMX2OS	10	117473213	117545068
EMX2	10	117542445	117549546
RAB11FIP2	10	118004916	118046941
CASC2	10	118046279	118210158
FAM204A	10	118297925	118342331
PRLHR	10	118589997	118596704
CACUL1	10	118674167	118755249
NANOS1	10	119029714	119033730
EIF3A	10	119033670	119080835
SFXN4	10	119140767	119165714
PRDX3	10	119167699	119178865
GRK5	10	119207543	119459745
RGS10	10	119499817	119543294
TIAL1	10	119571802	119597029
BAG3	10	119650879	119677913
INPP5F	10	119726035	119829151
MCMBP	10	119829060	119892556
SEC23IP	10	119892686	119944657
PLPP4	10	120457227	120592065
LINC01561	10	120597949	120600124
WDR11	10	120851305	120909524
FGFR2	10	121478332	121598458
ATE1	10	121709393	121928801
NSMCE4A	10	121953334	121975257
TACC2	10	121989163	122254545
BTBD16	10	122271296	122338159
PLEKHA1	10	122374675	122432604
HTRA1	10	122458551	122514907
CUZD1	10	122832158	122846175
FAM24B	10	122849078	122879641
C10orf88	10	122930901	122954311
PSTK	10	122954381	122997513
IKZF5	10	122990806	123008826
ACADSB	10	123008972	123058290
BUB3	10	123154395	123170467
CPXM2	10	123706207	123940267
CHST15	10	124007668	124093698
OAT	10	124397298	124419760
LHPP	10	124461792	124617888
FAM53B	10	124619292	124744475
ZRANB1	10	124942123	124988189
CTBP2	10	124981657	125163006
EDRF1	10	125719515	125764143
UROS	10	125784980	125823288
BCCIP	10	125823525	125853695
DHX32	10	125836337	125896514
FANK1	10	125896538	126009595
ADAM12	10	126012381	126388477
LINC00601	10	126412059	126424917
C10orf90	10	126424997	126798708
DOCK1	10	126905397	127452518
PTPRE	10	127906805	128085856
MKI67	10	128096659	128126448
MGMT	10	129466679	129770983
EBF3	10	129835233	129973053
GLRX3	10	130136385	130184521
TCERG1L	10	131092391	131311736
PPP2R2D	10	131900977	131959834
BNIP3	10	131966461	131981984
JAKMIP3	10	132036336	132184858
DPYSL4	10	132186897	132205762
STK32C	10	132207483	132331847
LRRC27	10	132332154	132381508
PWWP2B	10	132397168	132417859
INPP5A	10	132537772	132783480
NKX6-2	10	132783179	132786147
CFAP46	10	132808392	132942823
ADGRA1-AS1	10	133083069	133088491
ADGRA1	10	133087924	133131675
KNDC1	10	133160034	133226412
VENTX	10	133235769	133241929
ADAM8	10	133262416	133276909
TUBGCP2	10	133278635	133318823
ZNF511	10	133308899	133313162
CALY	10	133324072	133336980
FUOM	10	133353952	133358039
ECHS1	10	133362472	133373714
PAOX	10	133379246	133392078
MTG1	10	133394094	133422520
SPRN	10	133420666	133424625
CYP2E1	10	133520406	133561220
BET1L	11	167784	207399
RIC8A	11	207499	215113
SIRT3	11	215028	236931
PSMD13	11	236966	252986
IFITM2	11	303655	309397
IFITM1	11	310041	315273
IFITM3	11	319675	329475
B4GALNT4	11	369457	382117
SIGIRR	11	405711	417473
PTDSS2	11	448268	491399
RNH1	11	494510	507300
HRAS	11	532242	537343
LRRC56	11	536841	554925
RASSF7	11	560207	564067
MIR210HG	11	565657	568542
PHRF1	11	576170	612225
IRF7	11	612551	615983
DRD4	11	637269	640706
DEAF1	11	644224	707118
EPS8L2	11	694438	727729
TMEM80	11	695591	705028
TALDO1	11	747399	765035
CEND1	11	787115	790113
SLC25A22	11	790474	798316
PIDD1	11	799179	809753
RPLP2	11	799414	812884
PNPLA2	11	818914	825573
CRACR2B	11	826144	831993
CD151	11	832705	839831
POLR2L	11	837356	842561
TSPAN4	11	840686	867120
CHID1	11	867331	915579
AP2A2	11	924881	1012245
TOLLIP	11	1274371	1310258
BRSK2	11	1389899	1462689
MOB2	11	1469457	1501247
DUSP8	11	1554051	1573076
KRTAP5-AS1	11	1571353	1620791
IFITM10	11	1732406	1750605
CTSD	11	1752752	1764573
TNNI2	11	1838981	1841680
LSP1	11	1850904	1892267
MRPL23	11	1947278	1986375
IGF2	11	2129112	2158391
ASCL2	11	2268498	2270588
C11orf21	11	2295628	2303180
CD81-AS1	11	2328749	2377992
CD81	11	2376166	2397802
TSSC4	11	2400488	2403878
KCNQ1	11	2444654	2849105
KCNQ1OT1	11	2597308	2700003
KCNQ1-AS1	11	2840135	2871662
CDKN1C	11	2883213	2885775
PHLDA2	11	2928273	2929420
NAP1L4	11	2944429	2992386
OSBPL5	11	3087107	3166739
ZNF195	11	3339261	3379222
CHRNA10	11	3665587	3671384
NUP98	11	3671083	3797792
PGAP2	11	3797724	3826371
RHOG	11	3826978	3840985
STIM1	11	3854527	4093210
RRM1	11	4094707	4138932
TRIM21	11	4384897	4393747
TRIM68	11	4598672	4608231
HBB	11	5225464	5229395
TRIM6	11	5596109	5612958
TRIM5	11	5663195	5938619
TRIM22	11	5689610	5737089
SMPD1	11	6390414	6394998
APBB1	11	6395111	6419453
HPX	11	6431006	6442617
TRIM3	11	6448613	6474459
ARFIP2	11	6474683	6481479
TIMM10B	11	6481496	6484683
DNHD1	11	6497260	6593758
RRP8	11	6595072	6603616
ILK	11	6603708	6610874
TAF10	11	6606294	6612539
TPP1	11	6612768	6619448
DCHS1	11	6621330	6655809
MRPL17	11	6680385	6683401
ZNF214	11	6996671	7020355
OLFML1	11	7485362	7512897
PPFIBP2	11	7513298	7657127
CYB5R2	11	7665097	7677222
EIF3F	11	7970251	8001862
TUB	11	8019244	8106243
RIC3	11	8106056	8169055
LMO1	11	8224309	8268752
STK33	11	8391864	8594292
TRIM66	11	8612037	8682694
RPL27A	11	8682732	8714759
AKIP1	11	8911113	8922406
TMEM9B	11	8947202	8965011
TMEM9B-AS1	11	8963410	8977527
NRIP3	11	8965682	9005288
SCUBE2	11	9019476	9138114
DENND5A	11	9138825	9265959
TMEM41B	11	9280654	9314636
IPO7	11	9384626	9448127
ZNF143	11	9460319	9529002
WEE1	11	9573668	9593457
SWAP70	11	9664072	9752993
SBF2-AS1	11	9758267	9811335
SBF2	11	9776776	10304877
ADM	11	10303392	10307397
AMPD3	11	10308162	10507877
RNF141	11	10511673	10541334
LYVE1	11	10556966	10611689
CTR9	11	10751018	10801625
EIF4G2	11	10797050	10808940
ZBED5	11	10812074	10858796
ZBED5-AS1	11	10858179	11062660
GALNT18	11	11270864	11622431
CSNK2A3	11	11351942	11353250
USP47	11	11841423	11961887
DKK3	11	11956207	12009948
MICAL2	11	12094008	12362140
PARVA	11	12377482	12535356
TEAD1	11	12674421	12944737
LINC00958	11	12961541	12989597
RASSF10	11	13009316	13012119
BTBD10	11	13388004	13464029
FAR1	11	13667462	13732367
SPON1	11	13962694	14268133
RRAS2	11	14277922	14364506
COPB1	11	14443357	14500027
PSMA1	11	14504211	14643635
PDE3B	11	14643663	14874614
CYP2R1	11	14877440	14892247
CALCB	11	14904997	15082342
INSC	11	15112424	15247208
SOX6	11	15966449	16739591
C11orf58	11	16613132	16758340
PLEKHA7	11	16777297	17014420
RPS13	11	17074385	17077727
PIK3C2A	11	17077730	17207986
NUCB2	11	17208072	17349980
NCR3LG1	11	17351800	17377341
KCNJ11	11	17365172	17389353
ABCC8	11	17392498	17476894
USH1C	11	17493895	17544416
OTOG	11	17547259	17647150
KCNC1	11	17734774	17856804
SERGEF	11	17788043	18013047
TPH1	11	18017555	18046269
SAAL1	11	18069935	18106108
SAA4	11	18231344	18236860
SAA2	11	18239223	18248668
SAA1	11	18266260	18269977
HPS5	11	18278668	18322523
GTF2H1	11	18322276	18367045
LDHA	11	18394347	18408425
LDHC	11	18412306	18452063
TSG101	11	18468336	18526965
UEVLD	11	18529607	18588747
SPTY2D1	11	18606403	18634791
TMEM86A	11	18693122	18704785
IGSF22	11	18704312	18726230
PTPN5	11	18727928	18792721
ZDHHC13	11	19117099	19177712
CSRP3	11	19176519	19210571
E2F8	11	19224063	19241684
NAV2	11	19350724	20121601
NAV2-AS1	11	20119684	20120632
HTATIP2	11	20355910	20383782
PRMT3	11	20387549	20509350
NELL1	11	20669551	21577711
ANO5	11	21782659	22283567
SLC17A6	11	22338381	22379503
FANCF	11	22622533	22625823
GAS2	11	22625509	22813803
SVIP	11	22813799	22830299
LUZP2	11	24496970	25082638
ANO3	11	26188842	26663289
SLC5A12	11	26667020	26723427
FIBIN	11	26994112	26997087
BBOX1	11	27040698	27127810
BBOX1-AS1	11	27046855	27234196
CCDC34	11	27330827	27363248
LGR4	11	27365961	27472821
LIN7C	11	27494418	27506769
BDNF-AS	11	27506808	27698231
BDNF	11	27654893	27722058
KIF18A	11	28020618	28108183
METTL15	11	28108248	28527041
ARL14EP	11	30323104	30338458
MPPED2	11	30384493	30586927
DCDC1	11	30830369	31369810
DNAJC24	11	31369840	31432835
IMMP1L	11	31432399	31509645
ELP4	11	31509755	31790324
PAX6	11	31784779	31817961
RCN1	11	32090971	32105722
WT1	11	32387775	32435564
WT1-AS	11	32435324	32500645
EIF3M	11	32583785	32606264
CCDC73	11	32602721	32794662
PRRG4	11	32829675	32858120
QSER1	11	32892811	32993316
DEPDC7	11	33015876	33033582
TCP11L1	11	33039417	33105943
LINC00294	11	33076149	33079454
CSTF3	11	33077188	33162371
HIPK3	11	33256672	33357023
KIAA1549L	11	33376108	33674102
CD59	11	33703010	33736639
FBXO3	11	33740939	33774543
LMO2	11	33858574	33892076
CAPRIN1	11	34051674	34102610
NAT10	11	34105608	34147670
ABTB2	11	34150987	34358010
CAT	11	34438906	34472061
ELF5	11	34478791	34525193
APIP	11	34853094	34916520
PDHX	11	34915829	35020591
CD44	11	35138882	35232402
SLC1A2	11	35251205	35420063
PAMR1	11	35431823	35530300
FJX1	11	35618460	35620865
TRIM44	11	35662537	35818007
LDLRAD3	11	35943981	36232138
COMMD9	11	36269284	36289449
PRR5L	11	36296120	36465209
TRAF6	11	36483769	36510292
RAG1	11	36510372	36593156
LRRC4C	11	40113474	41459773
API5	11	43311955	43344530
TTC17	11	43358920	43494933
HSD17B12	11	43680509	43857741
ALKBH3	11	43880811	43920274
C11orf96	11	43942637	43943878
ACCS	11	44065916	44084241
EXT2	11	44095648	44251962
CD82	11	44564414	44620924
TSPAN18	11	44726322	44932427
TP53I11	11	44885903	44951306
PRDM11	11	45095806	45235110
SYT13	11	45240302	45286341
CHST1	11	45647689	45666096
SLC35C1	11	45804072	45813016
CRY2	11	45847118	45883248
MAPK8IP1	11	45885618	45906470
PEX16	11	45909663	45918812
PHF21A	11	45929319	46121473
CREB3L1	11	46277637	46321422
DGKZ	11	46332905	46380554
MDK	11	46380756	46383837
AMBRA1	11	46396414	46594125
HARBI1	11	46601439	46617909
ATG13	11	46617251	46674818
ARHGAP1	11	46677075	46700977
ZNF408	11	46701016	46705912
CKAP5	11	46743048	46846308
LRP4-AS1	11	46846373	46874421
LRP4	11	46856717	46918642
ARFGAP2	11	47164299	47177474
PACSIN3	11	47177520	47187487
DDB2	11	47214457	47239240
ACP2	11	47238400	47249288
NR1H3	11	47248300	47269070
MADD	11	47269161	47330038
SPI1	11	47354860	47409369
SLC39A13	11	47407132	47416587
PSMC3	11	47418765	47426488
CELF1	11	47465933	47565569
NDUFS3	11	47565336	47584565
PTPMT1	11	47565430	47573461
KBTBD4	11	47572197	47578976
FAM180B	11	47586207	47589195
C1QTNF4	11	47589666	47595642
MTCH2	11	47616697	47642698
AGBL2	11	47659591	47715389
FNBP4	11	47716494	47767443
NUP160	11	47778087	47848557
PTPRJ	11	47980425	48170839
FOLH1	11	49145092	49208640
LRRC55	11	57181747	57191717
APLNR	11	57233577	57237250
TNKS1BP1	11	57299630	57325682
SSRP1	11	57325982	57335892
SLC43A3	11	57406954	57429035
RTN4RL2	11	57460528	57477534
SLC43A1	11	57484064	57515780
TIMM10	11	57528406	57531031
UBE2L6	11	57551656	57568284
SERPING1	11	57597387	57619246
YPEL4	11	57645087	57649944
CLP1	11	57648188	57661865
ZDHHC5	11	57667433	57701190
MED19	11	57703710	57712259
TMX2	11	57712562	57742987
CTNND1	11	57753243	57819546
LPXN	11	58526871	58578220
ZFP91	11	58578476	58621550
GLYATL2	11	58834065	58904215
FAM111B	11	59107185	59127415
FAM111A	11	59142703	59155042
DTX4	11	59171430	59208588
MPEG1	11	59208510	59213474
OSBP	11	59574398	59615781
PATL1	11	59636716	59669141
STX3	11	59713456	59805882
MRPL16	11	59806140	59810779
MS4A6A	11	60170074	60184666
MS4A4A	11	60185657	60318080
MS4A4E	11	60200270	60243137
MS4A7	11	60378482	60395951
MS4A14	11	60378530	60417756
CCDC86	11	60842113	60851081
ZP1	11	60867542	60875693
PRPF19	11	60890547	60906603
TMEM109	11	60912521	60923443
TMEM132A	11	60924460	60937159
SLC15A3	11	60937060	60952653
CD6	11	60971675	61020377
VPS37C	11	61130257	61167355
PGA3	11	61203307	61213098
VWCE	11	61255672	61295334
DDB1	11	61299447	61342596
TKFC	11	61333210	61353295
CYB561A3	11	61348748	61362334
TMEM138	11	61361964	61377890
TMEM216	11	61392393	61398866
CPSF7	11	61402641	61430105
SDHAF2	11	61430042	61446839
SYT7	11	61513714	61581167
DAGLA	11	61680391	61747003
MYRF	11	61752593	61788518
TMEM258	11	61768501	61792802
FEN1	11	61792725	61797238
FADS2	11	61792980	61867354
FADS1	11	61799624	61829318
FADS3	11	61873519	61892136
RAB3IL1	11	61897232	61920269
BEST1	11	61950063	61965515
FTH1	11	61959718	61967634
INCENP	11	62123998	62155474
SCGB1D2	11	62242239	62244812
ASRGL1	11	62337439	62393412
AHNAK	11	62433542	62556235
TUT1	11	62575045	62591637
MTA2	11	62593214	62601865
EML3	11	62602217	62612973
ROM1	11	62611722	62615116
B3GAT3	11	62615296	62622154
GANAB	11	62624824	62646726
INTS5	11	62646848	62653302
C11orf98	11	62662817	62665210
LBHD1	11	62662817	62672267
UQCC3	11	62670273	62673686
UBXN1	11	62676498	62679332
LRRN4CL	11	62686406	62689609
BSCL2	11	62689289	62709845
GNG3	11	62706400	62712083
HNRNPUL2	11	62712630	62727561
TTC9C	11	62727687	62740293
ZBTB3	11	62748319	62758835
POLR2G	11	62761554	62766715
TAF6L	11	62771307	62787342
TMEM223	11	62771629	62792013
TMEM179B	11	62787387	62790403
NXF1	11	62792123	62806302
STX5	11	62806860	62832051
WDR74	11	62832342	62842228
SLC3A2	11	62855970	62888910
ATL3	11	63624087	63671921
RTN3	11	63681446	63759909
MARK2	11	63838923	63911020
RCOR2	11	63911220	63919787
NAA40	11	63938669	63957319
COX8A	11	63974620	63976543
OTUB1	11	63985853	64001811
MACROD1	11	63998553	64166482
FLRT1	11	64035931	64119173
STIP1	11	64185272	64204548
FERMT3	11	64205926	64223896
TRPT1	11	64223799	64226823
NUDT22	11	64225941	64230686
DNAJC4	11	64230158	64234286
VEGFB	11	64234521	64239264
FKBP2	11	64241003	64244132
PPP1R14B	11	64244478	64246943
PLCB3	11	64251514	64269395
BAD	11	64269828	64291946
GPR137	11	64270062	64289494
ESRRA	11	64305080	64316744
TRMT112	11	64316460	64318074
PRDX5	11	64318041	64321822
CCDC88B	11	64340204	64357534
RPS6KA4	11	64359142	64372215
NRXN2	11	64606174	64723197
RASGRP2	11	64726905	64745456
PYGM	11	64746389	64759974
SF1	11	64764606	64778786
MAP4K2	11	64784918	64803241
MEN1	11	64803510	64811294
CDC42BPG	11	64823051	64844679
EHD1	11	64851642	64888372
MIR194-2HG	11	64888458	64893484
ATG2A	11	64894531	64917245
PPP2R5B	11	64917553	64934480
BATF2	11	64987945	64997018
ARL2	11	65014144	65024328
SAC3D1	11	65040901	65044828
NAALADL1	11	65044818	65058553
CDCA5	11	65066300	65084164
ZFPL1	11	65084210	65088398
TMEM262	11	65084979	65089375
VPS51	11	65089324	65111862
TM7SF2	11	65111845	65116384
ZNHIT2	11	65116403	65117701
FAU	11	65120626	65122221
SYVN1	11	65121780	65135747
MRPL49	11	65122183	65127371
CAPN1	11	65180566	65212006
POLA2	11	65261913	65305959
CDC42EP2	11	65314834	65322662
DPF2	11	65333821	65354262
TIGD3	11	65354751	65357613
SLC25A45	11	65375192	65384550
FRMD8	11	65386592	65413525
NEAT1	11	65422774	65445540
MALAT1	11	65497606	65508073
SCYL1	11	65525072	65538711
LTBP3	11	65538559	65558930
FAM89B	11	65572349	65574198
EHBP1L1	11	65575943	65592851
KCNK7	11	65592836	65595996
MAP3K11	11	65597755	65615382
SIPA1	11	65638091	65650930
RELA	11	65653599	65663090
KAT5	11	65711996	65719604
RNASEH2C	11	65714005	65720818
AP5B1	11	65773898	65780976
OVOL1	11	65786714	65797219
CFL1	11	65823022	65862026
SNX32	11	65833834	65856896
MUS81	11	65857126	65867653
EFEMP2	11	65866441	65878497
CTSW	11	65879809	65883741
FIBP	11	65883740	65888531
CCDC85B	11	65890673	65891635
FOSL1	11	65892049	65900573
C11orf68	11	65916810	65919062
DRAP1	11	65919274	65921563
SART1	11	65961689	65980137
EIF1AD	11	65996545	66002472
BANF1	11	66002228	66004170
CST6	11	66012008	66013505
CATSPER1	11	66016752	66026479
GAL3ST3	11	66040748	66049502
SF3B2	11	66050729	66069308
PACS1	11	66070272	66244744
KLC2	11	66257294	66267860
RAB1B	11	66268590	66277492
CNIH2	11	66278175	66285301
YIF1A	11	66284572	66289184
TMEM151A	11	66291894	66296664
CD248	11	66314494	66317044
RIN1	11	66330241	66336840
BRMS1	11	66337333	66345132
B4GAT1	11	66345374	66347638
SLC29A2	11	66362520	66372476
NPAS4	11	66421035	66426707
MRPL11	11	66435075	66466738
PELI3	11	66466303	66478998
DPP3	11	66479990	66510188
BBS1	11	66510606	66533630
ZDHHC24	11	66520625	66546235
CTSF	11	66563463	66568879
CCS	11	66593153	66606019
RBM14	11	66616626	66629934
RBM14-RBM4	11	66616626	66646469
RBM4	11	66638658	66668380
RBM4B	11	66664996	66677925
SPTBN2	11	66682496	66744670
RCE1	11	66842835	66846552
PC	11	66848208	66958524
LRFN4	11	66856546	66860475
SYT12	11	67006772	67050870
RHOD	11	67056839	67072019
KDM2A	11	67119263	67258082
ANKRD13D	11	67289291	67302486
SSH3	11	67303478	67312607
RAD9A	11	67317871	67398410
POLD4	11	67350772	67356972
CLCF1	11	67364168	67374177
PPP1CA	11	67398179	67421183
TBC1D10C	11	67398454	67410092
CARNS1	11	67414968	67425613
RPS6KB2	11	67428460	67435408
CORO1B	11	67435510	67443821
CABP4	11	67452406	67461752
TMEM134	11	67461710	67469288
AIP	11	67468174	67491154
PITPNM1	11	67491760	67506263
CDK2AP2	11	67506490	67508701
GSTP1	11	67583658	67586659
NDUFV1	11	67605653	67612554
NUDT8	11	67627937	67629937
ACY3	11	67642551	67650900
UNC93B1	11	67991100	68004982
ALDH3B1	11	68008563	68029282
NDUFS8	11	68030617	68036647
TCIRG1	11	68039025	68050895
CHKA	11	68052859	68121444
KMT5B	11	68154863	68213852
C11orf24	11	68261335	68272001
LRP5	11	68312447	68449275
PPP6R3	11	68460475	68615343
GAL	11	68683020	68691205
CPT1A	11	68754620	68844410
MRPL21	11	68891276	68903835
IGHMBP2	11	68903863	68940602
MRGPRF	11	69004376	69014407
TPCN2	11	69048850	69136316
CCND1	11	69641143	69654474
FADD	11	70203295	70207395
PPFIA1	11	70270655	70385312
CTTN	11	70398404	70436584
SHANK2	11	70467805	71252844
DHCR7	11	71428193	71452868
NADSYN1	11	71453109	71524107
RNF121	11	71929018	71997597
IL18BP	11	71998613	72007315
NUMA1	11	72002860	72080693
LAMTOR1	11	72085895	72103297
ANAPC15	11	72106378	72113688
FOLR3	11	72114869	72141085
FOLR1	11	72189558	72196323
FOLR2	11	72216601	72221950
INPPL1	11	72223524	72239184
CLPB	11	72285495	72434680
PDE2A	11	72576141	72674591
ARAP1	11	72683204	72793599
STARD10	11	72753216	72794047
ATG16L2	11	72814138	72843674
FCHSD2	11	72836742	73142346
P2RY6	11	73264498	73305103
ARHGEF17	11	73308276	73369388
RELT	11	73376325	73397474
FAM168A	11	73400487	73598189
PLEKHB1	11	73646178	73662819
RAB6A	11	73675638	73761465
MRPL48	11	73787872	73865133
COA4	11	73869846	73876982
PAAF1	11	73876699	73931114
DNAJB13	11	73951014	73970366
UCP2	11	73974061	73983542
UCP3	11	74000277	74009085
C2CD3	11	74012718	74171210
PPME1	11	74171083	74254703
P4HA3	11	74235801	74311685
PGM2L1	11	74330315	74398473
KCNE3	11	74454841	74467743
LIPT2	11	74490519	74493724
POLD3	11	74493851	74669117
CHRDL2	11	74696429	74731426
RNF169	11	74748849	74842413
XRRA1	11	74807739	74949200
SPCS2	11	74949259	74979033
NEU3	11	74984361	75018893
SLCO2B1	11	75100563	75206549
TPBGL	11	75240774	75243704
ARRB1	11	75260122	75351791
RPS3	11	75394327	75422280
KLHL35	11	75422394	75433203
GDPD5	11	75434638	75525985
SERPINH1	11	75561564	75572787
MAP6	11	75586916	75669038
DGAT2	11	75759512	75801542
UVRAG	11	75815180	76144259
EMSY	11	76444887	76553031
LRRC32	11	76657524	76670868
TSKU	11	76781403	76798157
ACER3	11	76860859	77026797
B3GNT6	11	77034398	77041973
CAPN5	11	77066961	77126155
MYO7A	11	77128245	77215241
PAK1	11	77321548	77474635
CLNS1A	11	77514936	77637809
AQP11	11	77589391	77611064
RSF1	11	77660009	77820869
AAMDC	11	77821100	77918432
INTS4	11	77874418	77994850
KCTD14	11	78015715	78046191
THRSP	11	78063861	78068351
NDUFC2	11	78068297	78081871
ALG8	11	78095244	78139660
KCTD21-AS1	11	78139654	78187685
KCTD21	11	78171245	78188644
USP35	11	78188812	78215232
GAB2	11	78215293	78418348
NARS2	11	78435620	78575194
TENM4	11	78652829	79441030
MIR4300HG	11	81821272	82718299
FAM181B	11	82729940	82733864
PRCP	11	82822936	82970584
DDIAS	11	82899975	82958277
RAB30	11	82973133	83071923
PCF11	11	83156988	83187451
PCF11-AS1	11	83185521	83187036
ANKRD42	11	83193712	83260694
CCDC90B	11	83259081	83286390
DLG2	11	83455012	85628335
TMEM126B	11	85628573	85636539
TMEM126A	11	85647956	85656547
CREBZF	11	85657742	85682908
CCDC89	11	85683848	85686195
SYTL2	11	85694224	85811182
PICALM	11	85957171	86069882
EED	11	86201212	86279807
CCDC81	11	86374736	86423109
ME3	11	86438751	86672636
PRSS23	11	86791059	86952910
FZD4	11	86945679	86955395
TMEM135	11	87037831	87328824
RAB38	11	88113251	88175443
CTSC	11	88265069	88359684
GRM5	11	88504576	89065982
NOX4	11	89324353	89498187
NAALAD2	11	90131515	90192894
CHORDC1	11	90200429	90223077
FAT3	11	92224818	92896473
SLC36A4	11	93144174	93197991
SMCO4	11	93478468	93543764
CEP295	11	93661682	93730358
TAF1D	11	93729948	93784391
C11orf54	11	93741570	93767202
MED17	11	93784227	93814963
VSTM5	11	93818232	93850620
PANX1	11	94128828	94181968
GPR83	11	94377316	94401419
ANKRD49	11	94493979	94499583
PIWIL4	11	94543840	94621421
FUT4	11	94543921	94549895
AMOTL1	11	94706431	94876748
CWC15	11	94962620	94973611
KDM4D	11	94973709	94999519
SRSF8	11	95066919	95071225
ENDOD1	11	95089817	95132645
SESN3	11	95165513	95232541
FAM76B	11	95768953	95790409
CEP57	11	95789965	95832693
MTMR2	11	95821766	95925315
MAML2	11	95976598	96343195
CCDC82	11	96349241	96389956
JRKL	11	96389989	96507574
CNTN5	11	99020949	100358885
ARHGAP42	11	100687288	100993941
TRPC6	11	101451470	101872562
CEP126	11	101915010	102001062
YAP1	11	102110099	102233424
BIRC3	11	102317484	102339403
BIRC2	11	102347208	102378680
TMEM123	11	102396332	102470384
MMP7	11	102520508	102530853
MMP1	11	102789401	102798160
DCUN1D5	11	103050686	103092194
DYNC2H1	11	103109410	103479863
PDGFD	11	103907189	104164379
CASP4	11	104942866	104969366
CASP5	11	104992636	105023168
CASP1	11	105023581	105035250
CARD16	11	105039092	105101431
GRIA4	11	105609535	105982090
MSANTD4	11	105995623	106022410
KBTBD3	11	106051098	106077459
AASDHPPT	11	106075501	106098708
GUCY1A2	11	106674019	107018476
CWF19L2	11	107321601	107457842
ALKBH8	11	107502727	107565742
ELMOD1	11	107591091	107666779
SLN	11	107707375	107719696
SLC35F2	11	107790991	107928293
RAB39A	11	107928448	107963482
CUL5	11	108008898	108107781
ACAT1	11	108116695	108148957
NPAT	11	108155280	108222638
ATM	11	108222804	108369102
C11orf65	11	108308519	108467531
EXPH5	11	108505435	108593768
DDX10	11	108665053	108940999
C11orf87	11	109422190	109429167
RDX	11	109864295	110296712
ZC3H12C	11	110093392	110171841
FDX1	11	110429379	110464884
ARHGAP20	11	110577042	110713189
COLCA1	11	111290787	111305498
POU2AF1	11	111352255	111455630
LAYN	11	111540280	111561745
SIK2	11	111602404	111730855
PPP2R1B	11	111726908	111766658
ALG9	11	111782195	111872405
FDXACB1	11	111874056	111881243
CRYAB	11	111908564	111923722
HSPB2	11	111912159	111914093
C11orf52	11	111918032	111926871
DIXDC1	11	111927144	112022653
DLAT	11	112025033	112064404
PIH1D2	11	112063218	112074274
TIMM8B	11	112084800	112086798
SDHD	11	112086824	112120016
IL18	11	112143251	112164106
TEX12	11	112167372	112172556
BCO2	11	112175472	112225877
PTS	11	112226367	112269955
NCAM1	11	112961275	113278436
NCAM1-AS1	11	113265137	113274032
TTC12	11	113314579	113383544
DRD2	11	113409605	113476402
TMPRSS5	11	113687543	113706382
ZW10	11	113733183	113773746
USP28	11	113797870	113875590
ZBTB16	11	114058335	114256765
NNMT	11	114257765	114314329
C11orf71	11	114391443	114400511
RBM7	11	114400030	114414203
REXO2	11	114439386	114450296
CADM1	11	115169218	115504957
LINC00900	11	115751762	115761492
BUD13	11	116748170	116773039
ZPR1	11	116773799	116788046
APOA1	11	116835750	116838203
SIK3	11	116843402	117098445
PAFAH1B2	11	117144284	117176894
SIDT2	11	117178736	117197445
TAGLN	11	117197509	117207464
PCSK7	11	117204337	117232528
RNF214	11	117232154	117287429
BACE1	11	117285232	117316286
BACE1-AS	11	117288453	117293494
CEP164	11	117314557	117413605
DSCAML1	11	117427772	117817525
FXYD2	11	117800839	117828698
FXYD6	11	117836976	117877675
IL10RA	11	117986370	118003037
SCN4B	11	118133377	118152888
SCN2B	11	118162806	118176639
JAML	11	118193725	118226323
MPZL3	11	118226690	118252365
MPZL2	11	118253416	118264536
CD3E	11	118304730	118316175
CD3D	11	118334537	118342705
CD3G	11	118344344	118355161
UBE4A	11	118359587	118399211
KMT2A	11	118436456	118526832
TTC36	11	118527437	118531197
TMEM25	11	118531041	118547280
IFT46	11	118544528	118572970
ARCN1	11	118572390	118603033
PHLDB1	11	118606396	118658038
TREH	11	118657316	118679690
DDX6	11	118747763	118791226
CXCR5	11	118883892	118897787
BCL9L	11	118893875	118925926
UPK2	11	118925164	118958559
RPS25	11	119015508	119018724
TRAPPC4	11	119018733	119025454
SLC37A4	11	119023751	119030906
HYOU1	11	119044185	119057252
VPS11	11	119067789	119082753
HMBS	11	119084861	119093834
DPAGT1	11	119096025	119108331
C2CD2L	11	119102198	119118544
HINFP	11	119121509	119136059
ABCG4	11	119149052	119162653
NLRX1	11	119166481	119184017
CBL	11	119206298	119313926
MCAM	11	119307972	119321521
RNF26	11	119334527	119337309
USP2	11	119355215	119381711
USP2-AS1	11	119356467	119659284
THY1	11	119415476	119424985
TRIM29	11	120111286	120185529
OAF	11	120211032	120230334
POU2F3	11	120236640	120319945
ARHGEF12	11	120336238	120489937
GRIK4	11	120511717	120988906
TBCEL	11	121024072	121090776
TECTA	11	121101243	121191490
SC5D	11	121292681	121313410
SORL1	11	121452314	121633763
MIR100HG	11	122028325	122556721
BLID	11	122115340	122116215
UBASH3B	11	122655722	122814473
CRTAM	11	122829482	122872643
HSPA8	11	123057485	123063230
CLMP	11	123069853	123196697
GRAMD1B	11	123358251	123627774
SCN3B	11	123629187	123655244
ZNF202	11	123723914	123742513
VWA5A	11	124115404	124147721
TBRG1	11	124622836	124635926
SIAE	11	124633113	124695707
SPA17	11	124673796	124698309
NRGN	11	124739939	124747210
ESAM	11	124752583	124762315
MSANTD2	11	124766498	124800706
ROBO3	11	124865432	124881471
ROBO4	11	124883666	124898500
HEPACAM	11	124919205	124936431
HEPN1	11	124919250	124920677
CCDC15	11	124954095	125041649
SLC37A2	11	125063302	125090516
TMEM218	11	125094386	125111870
PKNOX2	11	125164537	125434287
FEZ1	11	125442881	125592578
EI24	11	125568248	125584690
STT3A	11	125591712	125625215
CHEK1	11	125625163	125676255
ACRV1	11	125671522	125680874
HYLS1	11	125883614	125900846
PUS3	11	125893485	125903224
DDX25	11	125903348	125943702
CDON	11	125955796	126063335
RPUSD4	11	126202095	126211692
FAM118B	11	126211687	126263051
SRPRA	11	126262912	126269144
FOXRED1	11	126269024	126278132
TIRAP	11	126282497	126298845
DCPS	11	126304047	126350005
ST3GAL4	11	126354677	126440344
KIRREL3	11	126423358	127003460
ETS1	11	128458761	128587606
FLI1	11	128686535	128813267
SENCR	11	128691664	128696038
KCNJ5	11	128890453	128921163
TP53AIP1	11	128934731	128943399
ARHGAP32	11	128965060	129279324
BARX2	11	129375848	129452279
TMEM45B	11	129815791	129861265
NFRKB	11	129863636	129895590
PRDM10	11	129899706	130002853
APLP2	11	130068147	130144811
ST14	11	130159746	130210367
ZBTB44	11	130226677	130314917
ADAMTS8	11	130404923	130428609
ADAMTS15	11	130448645	130476645
SNX19	11	130866250	130916479
NTM	11	131370478	132336822
NTM-AS1	11	131622451	131663635
OPCML	11	132414977	133532501
IGSF9B	11	133896438	133956968
JAM3	11	134068998	134152001
NCAPD3	11	134150113	134225504
VPS26B	11	134224613	134247794
THYN1	11	134248270	134253370
ACAD8	11	134253514	134265855
GLB1L3	11	134274245	134319579
GLB1L2	11	134331886	134378341
B3GAT1	11	134378504	134412242
IQSEC3	12	66767	178455
SLC6A12	12	190069	220144
KDM5A	12	280057	389320
CCDC77	12	389273	442644
B4GALNT3	12	459923	563509
NINJ2	12	562852	663742
WNK1	12	752536	911452
RAD52	12	910870	990053
ERC1	12	989998	1495933
WNT5B	12	1529854	1647243
FBXL14	12	1565993	1594581
ADIPOR2	12	1688574	1788680
CACNA2D4	12	1791963	1918666
DCP1B	12	1946052	2004535
CACNA1C	12	1970772	2697950
FKBP4	12	2794290	2805423
ITFG2	12	2812622	2859791
FOXM1	12	2857676	2877174
RHNO1	12	2876258	2889524
TULP3	12	2877223	2941138
TEAD4	12	2959330	3040676
TSPAN9	12	3077355	3286564
PRMT8	12	3381349	3593977
CRACR2A	12	3606633	3764819
PARP11	12	3791047	3873448
CCND2	12	4269771	4306933
TIGAR	12	4307763	4360028
RAD51AP1	12	4538798	4560254
DYRK4	12	4562208	4615302
AKAP3	12	4613383	4649072
NDUFA9	12	4649095	4694317
GALNT8	12	4720267	4851927
KCNA1	12	4909905	4918256
KCNA5	12	5043879	5046788
ANO2	12	5531869	5946232
VWF	12	5948877	6124770
CD9	12	6199715	6238271
TNFRSF1A	12	6328757	6342114
SCNN1A	12	6346843	6383917
LTBR	12	6375045	6391571
CD27	12	6444941	6451718
TAPBPL	12	6451690	6466517
VAMP1	12	6462237	6470677
MRPL51	12	6491886	6493846
NCAPD2	12	6493356	6531970
GAPDH	12	6534012	6538930
IFFO1	12	6538961	6556102
NOP2	12	6556863	6568691
CHD4	12	6570081	6614982
LPAR5	12	6618835	6636444
ACRBP	12	6638075	6647433
ING4	12	6650300	6663148
ZNF384	12	6666477	6689572
PIANP	12	6693791	6700848
COPS7A	12	6724014	6731875
MLF2	12	6747986	6768932
PTMS	12	6765516	6770952
LAG3	12	6772360	6778455
CD4	12	6786858	6820807
GPR162	12	6821624	6829972
P3H3	12	6828381	6839854
GNB3	12	6839954	6847393
CDCA3	12	6844793	6851318
USP5	12	6852122	6866632
TPI1	12	6867119	6870948
SPSB2	12	6870934	6889358
LRRC23	12	6873569	6914241
ENO2	12	6913745	6923707
ATN1	12	6924463	6942322
C12orf57	12	6942938	6946003
PTPN6	12	6946417	6961316
PHB2	12	6965327	6970841
EMG1	12	6970805	6979936
LPCAT3	12	6976176	7018538
C1S	12	6988259	7071281
C1R	12	7080213	7092540
C1RL	12	7089587	7109245
C1RL-AS1	12	7107990	7122849
CLSTN3	12	7128077	7158945
PEX5	12	7188653	7218574
CD163L1	12	7346685	7479897
CD163	12	7470811	7503910
NANOG	12	7787794	7799146
SLC2A14	12	7812512	7891148
SLC2A3	12	7919230	8019007
FOXJ2	12	8032698	8055522
C3AR1	12	8056844	8066374
NECAP1	12	8076939	8097881
CLEC4A	12	8123617	8138607
FAM66C	12	8180204	8226278
FAM90A1	12	8221260	8227621
LINC00937	12	8244845	8453161
CLEC4E	12	8533305	8540905
MFAP5	12	8637346	8672519
RIMKLB	12	8681483	8783095
A2ML1	12	8822621	8887001
PHC1	12	8913827	8942938
M6PR	12	8940358	8951856
KLRG1	12	8950044	9010760
A2M-AS1	12	9065163	9068689
A2M	12	9067664	9116229
LINC00987	12	9144848	9261503
PZP	12	9148840	9208399
KLRB1	12	9594551	9607916
CLEC2D	12	9664969	9699553
CD69	12	9752486	9760901
CLEC2B	12	9852369	9870635
CLEC12A	12	9951316	9995694
CLEC9A	12	10030678	10066031
CLEC1A	12	10069554	10111627
CLEC7A	12	10116777	10130258
OLR1	12	10158301	10172138
TMEM52B	12	10170512	10191807
GABARAPL1	12	10212458	10223128
KLRD1	12	10226058	10329608
KLRC3	12	10412315	10420595
KLRC2	12	10426854	10442300
KLRC1	12	10442264	10454685
MAGOHB	12	10604190	10613609
YBX3	12	10699077	10723388
PRH1	12	10824960	11171608
TAS2R10	12	10825219	10826358
PRR4	12	10845849	11171600
PRH2	12	10929236	10934845
TAS2R14	12	10937408	11171573
SMIM10L1	12	11171194	11176016
LINC01252	12	11499742	11590369
ETV6	12	11649623	11895386
BCL2L14	12	12049844	12211084
LRP6	12	12116025	12267185
MANSC1	12	12326056	12350483
LOH12CR2	12	12355401	12357067
BORCS5	12	12357078	12471233
DUSP16	12	12473282	12563147
CREBL2	12	12611827	12645108
GPR19	12	12660047	12696705
CDKN1B	12	12685498	12722373
APOLD1	12	12725917	12829975
GPRC5A	12	12890782	12917937
HEBP1	12	12974867	13000275
FAM234B	12	13044185	13142521
EMP1	12	13196723	13219941
GRIN2B	12	13437942	13982002
ATF7IP	12	14365627	14502931
PLBD1	12	14503660	14567913
PLBD1-AS1	12	14567393	14624191
WBP11	12	14784582	14803500
C12orf60	12	14802864	14906586
ART4	12	14825569	14843526
MGP	12	14880864	14887639
ERP27	12	14914039	14938537
ARHGDIB	12	14942015	14961985
RERG	12	15107783	15348675
PTPRO	12	15322257	15602175
EPS8	12	15620134	15882330
STRAP	12	15882356	15903478
DERA	12	15911284	16037381
MGST1	12	16347115	16609259
LMO3	12	16548148	16613168
RERGL	12	18080869	18320107
PLEKHA5	12	19129524	19376403
AEBP2	12	19404045	19720801
PDE3A	12	20368537	20688583
SLCO1C1	12	20695332	20753386
SLCO1A2	12	21264600	21419676
IAPP	12	21354959	21379980
PYROXD1	12	21437615	21471250
RECQL	12	21468910	21501669
GOLT1B	12	21501781	21518408
SPX	12	21526296	21541249
LDHB	12	21635340	21757890
KCNJ8	12	21764950	21775615
ABCC9	12	21797389	21942543
CMAS	12	22046174	22065674
ST8SIA1	12	22063773	22437041
C2CD5	12	22448567	22544574
ETNK1	12	22625075	22690665
SOX5	12	23529504	24562544
BCAT1	12	24810024	24949556
KRAS	12	25205246	25250936
LMNTD1	12	25409307	25648579
RASSF8-AS1	12	25936683	25959765
RASSF8	12	25958068	26079892
BHLHE41	12	26120030	26125037
SSPN	12	26121991	26299290
ITPR2	12	26335352	26833194
FGFR1OP2	12	26938401	26966650
TM7SF3	12	26971579	27014507
MED21	12	27022546	27066343
STK38L	12	27243968	27325959
SMCO2	12	27446736	27502185
PPFIBP1	12	27523431	27695565
REP15	12	27696447	27697596
MRPS35	12	27710801	27756301
KLHL42	12	27780000	27803040
PTHLH	12	27958084	27972755
CCDC91	12	28133249	28581511
FAR2	12	29149016	29341121
ERGIC2	12	29337352	29381189
TMTC1	12	29500840	29784759
IPO8	12	30628981	30695883
CAPRIN2	12	30709512	30823302
TSPAN11	12	30926428	30996602
DDX11-AS1	12	31019434	31073847
DDX11	12	31073282	31104811
DENND5B	12	31382226	31591170
DENND5B-AS1	12	31589920	31642466
AMN1	12	31671142	31729121
BICD1	12	32106817	32383633
FGD4	12	32399558	32646050
DNM1L	12	32679200	32745650
YARS2	12	32727490	32755906
PKP2	12	32790745	32896798
ALG10	12	34022468	34029694
ALG10B	12	38316762	38329721
CPNE8	12	38646822	38907430
KIF21A	12	39293228	39443718
ABCD2	12	39550033	39619803
SLC2A13	12	39755025	40106089
LRRK2	12	40196744	40369285
CNTN1	12	40692431	41072415
PDZRN4	12	41188320	41574745
GXYLT1	12	42081845	42144874
YAF2	12	42157104	42238349
PPHLN1	12	42238418	42459715
ZCRB1	12	42312086	42326257
PRICKLE1	12	42456753	42590355
ADAMTS20	12	43352771	43552203
PUS7L	12	43718992	43759193
IRAK4	12	43758944	43798307
TWF1	12	43793460	43806328
TMEM117	12	43835967	44389762
NELL2	12	44508274	44921889
DBX2	12	45014672	45051099
ANO6	12	45215987	45482280
ARID2	12	45728910	45908040
SCAF11	12	45919131	45992120
SLC38A1	12	46183054	46270070
SLC38A2	12	46358185	46372832
SLC38A4	12	46763642	46832500
AMIGO2	12	47075707	47080902
PCED1B	12	47077945	47236664
RPAP3	12	47661249	47706038
ENDOU	12	47709734	47725567
RAPGEF3	12	47734363	47771040
SLC48A1	12	47753916	47782751
HDAC7	12	47782722	47833132
VDR	12	47841537	47943048
TMEM106C	12	47963569	47968885
SENP1	12	48039784	48106308
PFKM	12	48105139	48150704
ASB8	12	48147789	48181213
CCDC184	12	48183644	48185926
ZNF641	12	48337180	48351414
ANP32D	12	48472559	48473622
C12orf54	12	48482498	48496524
KANSL2	12	48653211	48682247
CCNT1	12	48688458	48716998
ADCY6	12	48766191	48789906
CACNB3	12	48813794	48828941
DDX23	12	48829756	48852842
RND1	12	48857145	48865870
CCDC65	12	48904110	48931840
FKBP11	12	48921518	48926474
ARF3	12	48935723	48957514
DDN	12	48995149	48999375
PRKAG1	12	49002274	49018807
KMT2D	12	49018975	49060794
RHEBL1	12	49064676	49070039
DHH	12	49086656	49094801
LMBR1L	12	49097136	49110900
TUBA1B	12	49127782	49131397
TUBA1A	12	49184686	49189324
TUBA1C	12	49188736	49274600
PRPH	12	49295147	49298686
TROAP	12	49323216	49331733
C1QL4	12	49332409	49337188
DNAJC22	12	49345607	49357546
SPATS2	12	49366240	49528438
KCNH3	12	49539028	49558337
MCRS1	12	49556544	49568145
PRPF40B	12	49568218	49644666
FMNL3	12	49636499	49708165
TMBIM6	12	49707725	49764935
NCKAP5L	12	49791140	49828750
BCDIN3D-AS1	12	49827913	49841143
BCDIN3D	12	49836043	49843106
FAIM2	12	49866896	49904217
AQP5	12	49961811	49965682
AQP6	12	49967194	49977139
RACGAP1	12	49976923	50033136
ASIC1	12	50057548	50083621
SMARCD1	12	50085200	50100712
GPD1	12	50103982	50111316
COX14	12	50112082	50120457
CERS5	12	50129289	50167533
LIMA1	12	50175788	50283524
LARP4	12	50392383	50480007
DIP2B	12	50504962	50748657
ATF1	12	50763710	50821162
HIGD1C	12	50952538	50970607
SLC11A2	12	50979401	51028566
LETMD1	12	51047962	51060426
CSRNP2	12	51061205	51083664
TFCP2	12	51093656	51173137
POU6F1	12	51186936	51218062
DAZAP2	12	51238724	51271362
SMAGP	12	51244558	51270415
BIN2	12	51281038	51324668
CELA1	12	51328442	51346679
GALNT6	12	51351247	51392867
SLC4A8	12	51391317	51515763
SCN8A	12	51590266	51812864
ACVRL1	12	51906908	51923361
ACVR1B	12	51951679	51997082
NR4A1	12	52022832	52059509
ATG101	12	52069246	52077495
KRT7	12	52232520	52252186
KRT86	12	52249300	52309163
KRT75	12	52424070	52434371
KRT5	12	52514575	52520530
KRT8	12	52897182	52949954
KRT18	12	52945688	52952911
EIF4B	12	53006279	53042230
TNS2	12	53046969	53064379
SPRYD3	12	53064316	53079414
IGFBP6	12	53097436	53102345
CSAD	12	53157663	53180933
ZNF740	12	53180694	53195142
ITGB7	12	53191318	53207282
RARG	12	53210566	53232980
MFSD5	12	53251251	53254406
ESPL1	12	53268285	53293643
PFDN5	12	53295291	53299452
AAAS	12	53307456	53324864
SP1	12	53380176	53416446
PRR13	12	53441308	53446660
PCBP2	12	53451900	53481162
MAP3K12	12	53479669	53500063
TARBP2	12	53500921	53506431
ATF7	12	53507856	53626410
CALCOCO1	12	53708517	53727745
HOXC13	12	53938831	53946544
HOTAIR	12	53962308	53975055
HOXC11	12	53973126	53977643
HOXC10	12	53985065	53990279
HOXC6	12	53990624	54030823
HOXC9	12	53994895	54003337
HOXC-AS1	12	53999016	54000011
HOXC8	12	54008985	54012769
HOXC4	12	54016931	54056030
SMUG1	12	54121277	54189008
CBX5	12	54230942	54280133
HNRNPA1	12	54280193	54287088
COPZ1	12	54301202	54351848
GPR84	12	54362445	54364487
ZNF385A	12	54369129	54391307
ITGA5	12	54395261	54419266
GTSF1	12	54455950	54473602
NCKAP1L	12	54497721	54548243
PDE1B	12	54549601	54579241
PPP1R1A	12	54575387	54588659
TESPA1	12	54948015	54989104
NEUROD4	12	55019974	55030017
ITGA7	12	55684568	55716404
BLOC1S1	12	55716033	55720087
RDH5	12	55720367	55724710
CD63	12	55723511	55730023
GDF11	12	55743122	55757264
SARNP	12	55752463	55817748
ORMDL2	12	55818041	55821879
DNAJC14	12	55820746	55830824
MMP19	12	55835433	55842968
PYM1	12	55901413	55932618
DGKA	12	55927319	55954027
PMEL	12	55954104	55973317
CDK2	12	55966781	55972789
RAB5B	12	55973913	55996683
SUOX	12	55996855	56006641
IKZF4	12	56007430	56038435
RPS26	12	56041351	56044697
ERBB3	12	56076799	56103505
PA2G4	12	56104349	56116329
RPL41	12	56116590	56117967
ESYT1	12	56118250	56144674
ZC3H10	12	56118256	56127514
MYL6B	12	56151966	56159647
MYL6	12	56158345	56163496
SMARCC2	12	56162359	56189567
RNF41	12	56202179	56224275
NABP2	12	56222000	56229859
ANKRD52	12	56237807	56258384
COQ10A	12	56266846	56270966
CS	12	56271699	56300391
CNPY2	12	56308024	56316346
PAN2	12	56316223	56334053
IL23A	12	56334174	56340410
STAT2	12	56341597	56360274
TIMELESS	12	56416363	56449445
MIP	12	56449502	56469166
SPRYD4	12	56468578	56479708
GLS2	12	56470945	56488414
RBMS2	12	56521820	56596193
BAZ2A	12	56595596	56636913
PTGES3	12	56663338	56688408
NACA	12	56712305	56731628
PRIM1	12	56730438	56752374
HSD17B6	12	56751817	56788409
RDH16	12	56950087	56959374
ZBTB39	12	56998836	57006546
TAC3	12	57010000	57028883
NEMP1	12	57055643	57088063
NAB2	12	57089014	57095476
STAT6	12	57095404	57132139
LRP1	12	57128483	57213361
NXPH4	12	57216794	57226449
SHMT2	12	57226554	57234935
NDUFA4L2	12	57234903	57240715
STAC3	12	57243453	57251188
R3HDM2	12	57253762	57431043
INHBE	12	57452323	57459280
ARHGAP9	12	57472262	57488824
DDIT3	12	57516588	57521737
MBD6	12	57520710	57530148
DCTN2	12	57529633	57547242
KIF5A	12	57546026	57586633
PIP4K2C	12	57591174	57603418
DTX3	12	57604484	57609804
ARHGEF25	12	57610180	57617245
B4GALNT1	12	57623409	57633239
OS9	12	57693841	57728342
AGAP2	12	57723761	57742157
AGAP2-AS1	12	57726271	57728356
TSPAN31	12	57738013	57750219
CDK4	12	57747722	57756013
CYP27B1	12	57762334	57768986
METTL1	12	57768471	57772131
TSFM	12	57782731	57808071
AVIL	12	57797376	57818734
CTDSP2	12	57819927	57846729
LRIG3	12	58872037	58920551
SLC16A7	12	59596027	59789855
USP15	12	62260338	62417431
MON2	12	62466799	62600476
LINC01465	12	62601751	62603690
PPM1H	12	62643994	62935163
AVPR1A	12	63142759	63151201
DPY19L2	12	63558913	63668939
SRGAP1	12	63843761	64162217
XPOT	12	64404168	64451129
TBK1	12	64452090	64502114
RASSF3	12	64507001	64697567
GNS	12	64713442	64759446
TBC1D30	12	64759484	64881033
LEMD3	12	65169342	65248355
MSRB3	12	65278643	65491430
HMGA2	12	65824460	65966291
LLPH	12	66116555	66130750
TMBIM4	12	66135846	66170027
IRAK3	12	66188995	66254622
HELB	12	66302493	66343643
CAND1	12	67269358	67319953
DYRK2	12	67647913	67665406
MDM1	12	68272443	68332381
RAP1B	12	68610410	68671901
NUP107	12	68686951	68745809
SLC35E3	12	68746125	68793964
MDM2	12	68808175	68845544
CPM	12	68842197	68971570
CPSF6	12	69239543	69279829
LYZ	12	69348381	69354234
YEATS4	12	69359710	69390870
FRS2	12	69470349	69579793
CCT2	12	69585423	69601577
BEST3	12	69643360	69699476
RAB3IP	12	69738860	69823204
MYRFL	12	69825227	69959097
CNOT2	12	70243002	70354993
KCNMB4	12	70366290	70434292
PTPRB	12	70515870	70637440
PTPRR	12	70638073	70920738
LGR5	12	71439797	71586310
ZFC3H1	12	71609599	71667725
THAP2	12	71664301	71680644
TMEM19	12	71686082	71705047
RAB21	12	71754863	71800286
TBC1D15	12	71839707	71927248
TRHDE	12	72087266	72670758
ATXN7L3B	12	74537835	74545430
KCNC2	12	75040077	75209839
CAPS2	12	75275979	75390950
GLIPR1L2	12	75391089	75432688
GLIPR1	12	75480753	75503863
KRR1	12	75490863	75511636
PHLDA1	12	76025447	76031776
NAP1L1	12	76032987	76085261
BBS10	12	76344474	76348437
OSBPL8	12	76351797	76559809
ZDHHC17	12	76764103	76853696
CSRP2	12	76858703	76879638
E2F7	12	77021246	77065572
NAV3	12	77324641	78213010
SYT1	12	78863650	79452009
PAWR	12	79574979	79690964
PPP1R12A	12	79773563	79935460
OTOGL	12	80099537	80380880
PTPRQ	12	80402178	80680273
LIN7A	12	80792520	80937934
ACSS3	12	80936414	81261210
PPFIA2	12	81257975	81759553
CCDC59	12	82223681	82358805
METTL25	12	82358500	82479239
TMTC2	12	82686880	83134870
SLC6A15	12	84859491	84913629
TSPAN19	12	85014311	85036277
LRRIQ1	12	85036314	85264457
MGAT4C	12	85955666	86838904
CEP290	12	88049016	88142099
TMTC3	12	88142181	88199887
KITLG	12	88492789	88580851
DUSP6	12	89347235	89352501
POC1B	12	89419718	89526135
ATP2B1	12	89588049	89709527
LUM	12	91102629	91111512
DCN	12	91140484	91183217
BTG1	12	92140278	92145846
EEA1	12	92770637	92929350
NUDT4	12	93377883	93408146
UBE2N	12	93405673	93442258
MRPL42	12	93467490	93516214
SOCS2	12	93569808	93583487
CRADD	12	93677375	93894840
PLXNC1	12	94148577	94307675
CEP83	12	94306449	94459988
TMCC3	12	94567122	94650557
NDUFA12	12	94895297	95003748
NR2C1	12	95020229	95073628
FGD6	12	95076749	95217482
VEZT	12	95217746	95302799
METAP2	12	95473520	95515839
USP44	12	95516560	95553341
NTN4	12	95657807	95791189
SNRPF	12	95858931	95903828
AMDHD1	12	95943301	95968720
LTA4H	12	96000753	96043520
ELK3	12	96193978	96269835
CDK17	12	96278242	96400562
CFAP54	12	96489571	96875555
NEDD1	12	96907224	96953780
TMPO-AS1	12	98512791	98516422
TMPO	12	98515561	98550351
SLC25A3	12	98592455	98606379
IKBIP	12	98613405	98645113
APAF1	12	98645149	98735433
ANKS1B	12	98726457	99984936
ACTR6	12	100199122	100241865
DEPDC4	12	100203669	100267089
SCYL2	12	100266830	100341728
SLC17A8	12	100356842	100422055
NR1H4	12	100473708	100564414
GAS2L3	12	100573681	100628288
ANO4	12	100717244	101128648
UTP20	12	101280105	101386618
ARL1	12	101393116	101407772
MYBPC1	12	101568353	101686181
CHPT1	12	101696947	101744140
SYCP3	12	101728648	101739472
GNPTAB	12	101745486	101830980
DRAM1	12	101877314	102012130
NUP37	12	102073103	102120120
PARPBP	12	102120122	102197531
IGF1	12	102395874	102481744
PAH	12	102836889	102958410
ASCL1	12	102957674	102960513
NT5DC3	12	103770453	103841260
HSP90B1	12	103930107	103953931
TDG	12	103965822	103988874
GLT8D2	12	103988612	104064468
HCFC2	12	104064531	104106525
NFYB	12	104117080	104138241
TXNRD1	12	104215779	104350307
EID3	12	104303739	104305205
CHST11	12	104455295	104762014
SLC41A2	12	104801801	104958759
ALDH1L2	12	105019784	105107643
APPL2	12	105172485	105236221
C12orf75	12	105235290	105396097
NUAK1	12	106063345	106138954
CKAP4	12	106237880	106304279
TCP11L2	12	106301929	106347609
POLR3B	12	106357693	106510201
RFX4	12	106582691	106762803
RIC8B	12	106774621	106889316
TMEM263	12	106955667	106978778
MTERF2	12	106973120	106987173
CRY1	12	106991364	107093855
PWP1	12	107685766	107713462
PRDM4	12	107732867	107761327
CMKLR1	12	108288044	108339317
FICD	12	108513710	108525837
SART3	12	108522214	108561400
ISCU	12	108562582	108569380
TMEM119	12	108589851	108598320
SELPLG	12	108620413	108633894
CORO1C	12	108645109	108732563
SSH1	12	108778191	108857613
DAO	12	108858932	108901051
SVOP	12	108907741	109021068
USP30	12	109023089	109088023
USP30-AS1	12	109051572	109054008
ALKBH2	12	109088188	109098462
UNG	12	109097572	109126725
ACACB	12	109116587	109268226
FOXN4	12	109277978	109309284
KCTD10	12	109448655	109477359
UBE3B	12	109477402	109536705
MMAB	12	109553715	109573580
MVK	12	109573255	109598125
FAM222A	12	109713825	109770495
TRPV4	12	109783087	109833406
GLTP	12	109850943	109880541
TCHP	12	109900264	109983841
GIT2	12	109929792	109996389
ANKRD13A	12	109999186	110039763
C12orf76	12	110027028	110073636
IFT81	12	110124335	110218795
ATP2A2	12	110280669	110351093
ANAPC7	12	110372900	110403730
ARPC3	12	110434582	110450422
GPN3	12	110452486	110469268
FAM216A	12	110468411	110492196
VPS29	12	110491083	110502111
RAD9B	12	110501655	110533556
PPTC7	12	110533245	110583383
TCTN1	12	110614027	110663431
HVCN1	12	110627841	110704950
PPP1CC	12	110719680	110742939
SH2B3	12	111405000	111451623
ATXN2	12	111443485	111599676
BRAP	12	111642146	111685991
ACAD10	12	111686037	111757125
ALDH2	12	111766887	111817532
MAPKAPK5-AS1	12	111839758	111842902
MAPKAPK5	12	111842013	111902222
TMEM116	12	111930181	112013908
ERP29	12	112012815	112025268
NAA25	12	112026689	112109434
TRAFD1	12	112125514	112153610
HECTD4	12	112160188	112382439
RPL6	12	112405170	112418844
PTPN11	12	112418351	112509918
RPH3A	12	112570380	112898881
OAS1	12	112905856	112933219
OAS3	12	112938051	112976460
OAS2	12	112978395	113011723
DTX1	12	113056710	113098028
RASAL1	12	113096517	113136258
CFAP73	12	113149716	113159526
DDX54	12	113157173	113185508
RITA1	12	113185045	113193653
IQCD	12	113194156	113221098
TPCN1	12	113221050	113298589
SLC8B1	12	113298759	113359502
PLBD2	12	113358544	113391629
SDS	12	113392423	113426301
SDSL	12	113418087	113438386
LHX5	12	113462033	113472280
LHX5-AS1	12	113467570	113480636
LINC01234	12	113583886	113773726
RBM19	12	113816738	113966344
TBX5	12	114353911	114409103
TBX5-AS1	12	114404852	114412832
TBX3	12	114670255	114684175
MED13L	12	115957905	116277693
MAP1LC3B2	12	116548105	116576606
RNFT2	12	116738178	116853631
HRK	12	116856144	116881441
FBXW8	12	116910839	117032498
TESC	12	117038923	117099479
FBXO21	12	117141991	117190504
NOS1	12	117208142	117452170
KSR2	12	117453012	117968990
RFC5	12	118013588	118033545
WSB2	12	118032687	118062430
VSIG10	12	118063593	118136026
PEBP1	12	118136071	118145584
TAOK3	12	118149801	118372920
SUDS3	12	118376531	118418033
SRRM4	12	118981541	119163051
HSPB8	12	119171555	119224855
TMEM233	12	119593774	119643075
PRKAB1	12	119667864	119681624
CIT	12	119685791	119877332
RAB35	12	120095094	120117502
GCN1	12	120127202	120194976
RPLP0	12	120196699	120201235
PXN-AS1	12	120201260	120213401
PXN	12	120210439	120265795
SIRT4	12	120292162	120313249
MSI1	12	120341329	120369437
COX6A1	12	120438090	120440742
TRIAP1	12	120443958	120446412
GATC	12	120446444	120463749
SRSF9	12	120456138	120495946
DYNLL1	12	120469804	120498495
NRAV	12	120488079	120495954
COQ5	12	120503279	120534434
RNF10	12	120533480	120577588
POP5	12	120578764	120581411
CABP1	12	120640590	120667327
MLEC	12	120687125	120704282
UNC119B	12	120710440	120723640
ACADS	12	120725774	120740009
SPPL3	12	120762510	120904358
HNF1A	12	120978543	121002512
C12orf43	12	121000486	121016504
OASL	12	121017763	121039246
P2RX7	12	121132819	121188032
P2RX4	12	121210065	121234112
CAMKK2	12	121237675	121298308
ANAPC5	12	121308245	121399896
RNF34	12	121400078	121430623
KDM2B	12	121429096	121582279
ORAI1	12	121626509	121643109
MORN3	12	121648742	121672649
TMEM120B	12	121712752	121783001
RHOF	12	121777754	121803403
LINC01089	12	121795267	121803906
SETD1B	12	121804009	121832656
HPD	12	121839277	121863596
PSMD9	12	121888726	121918297
BCL7A	12	122019422	122062044
MLXIP	12	122078666	122147344
LRRC43	12	122167738	122203471
B3GNT4	12	122203681	122208952
DIABLO	12	122207394	122226062
VPS33A	12	122229564	122266502
CLIP1	12	122271432	122422778
ZCCHC8	12	122471600	122500932
RSRC2	12	122503454	122527100
KNTC1	12	122527246	122626396
HCAR2	12	122701293	122703357
HCAR1	12	122726076	122730844
DENR	12	122752824	122771064
CCDC62	12	122774526	122827528
HIP1R	12	122834453	122862961
VPS37B	12	122865330	122896127
ABCB9	12	122920951	122981649
OGFOD2	12	122974580	122980043
PITPNM2	12	122983480	123151142
MPHOSPH9	12	123152320	123244014
CDK2AP1	12	123250112	123272334
SBNO1	12	123289109	123365184
KMT5A	12	123384132	123409353
RILPL2	12	123409714	123436684
SNRNP35	12	123458078	123473154
RILPL1	12	123470054	123534103
TMED2	12	123584526	123598582
DDX55	12	123602077	123620943
EIF2B1	12	123620406	123633766
GTF2H3	12	123633739	123662604
TCTN2	12	123671110	123708399
ATP6V0A2	12	123712342	123761755
DNAH10	12	123762188	123935720
CCDC92	12	123918660	123974253
DNAH10OS	12	123925461	123934984
ZNF664	12	123971745	124015445
NCOR2	12	124324407	124567623
SCARB1	12	124776856	124882668
UBC	12	124911604	124917368
DHX37	12	124946825	124989133
BRI3BP	12	124993645	125031231
THRIL	12	125025434	125027410
AACS	12	125065364	125143333
TMEM132B	12	125186386	125662377
LINC00944	12	126599954	126772519
TMEM132C	12	128267170	128707911
SLC15A4	12	128793193	128824035
RIMBP2	12	130396131	130768228
STX2	12	130789600	130839265
RAN	12	130872037	130877678
ADGRD1	12	130953055	131142466
SFSWAP	12	131711081	131799738
MMP17	12	131828393	131851783
ULK1	12	131894621	131923161
PUS1	12	131929200	131945896
EP400	12	131949931	132080460
DDX51	12	132136591	132144335
NOC4L	12	132144425	132152473
GALNT9	12	132196372	132329598
FBRSL1	12	132489551	132585188
LRCOL1	12	132603150	132610582
POLE	12	132623753	132687376
PXMP2	12	132687587	132705098
PGAM5	12	132710786	132722734
ANKLE2	12	132725503	132761832
GOLGA3	12	132768902	132829143
CHFR	12	132822187	132956304
ZNF605	12	132918306	132956306
ZNF26	12	132986365	133032952
ZNF84	12	133037262	133063304
ZNF140	12	133080388	133107981
ZNF891	12	133104779	133130289
ZNF10	12	133130349	133159465
ZNF268	12	133181409	133214832
TPTE2	13	19422876	19561625
MPHOSPH8	13	19633659	19673441
PSPC1	13	19674752	19783019
ZMYM5	13	19823482	19864915
ZMYM2	13	19958677	20091829
GJA3	13	20138252	20161615
GJB2	13	20187463	20192980
CRYL1	13	20403666	20525873
IFT88	13	20566600	20691697
IL17D	13	20702127	20723099
XPO4	13	20777329	20903048
LATS2	13	20973029	21061603
SAP18	13	21140119	21149097
SKA3	13	21153594	21176602
MRPL57	13	21176647	21179084
LINC00539	13	21302829	21362139
ZDHHC20	13	21348784	21459467
MICU2	13	21492691	21604181
FGF9	13	21671073	21704498
SGCG	13	23180877	23325165
SACS	13	23288689	23433763
LINC00327	13	23465776	23487712
TNFRSF19	13	23570370	23676104
MIPEP	13	23730176	23889448
SPATA13	13	23979805	24307074
PARP4	13	24420931	24512925
PABPC3	13	25096136	25099254
AMER2	13	25161679	25172288
LINC00463	13	25172812	25180900
MTMR6	13	25245495	25287521
NUP58	13	25301524	25365390
ATP8A2	13	25371974	26025851
SHISA2	13	26044597	26052016
RNF6	13	26132115	26222460
CDK8	13	26253891	26420982
WASF3	13	26557661	26688948
WASF3-AS1	13	26606544	26641793
GPR12	13	26755200	26760802
USP12	13	27066150	27171885
RPL21	13	27251283	27259609
RASL11A	13	27270810	27275192
GTF3A	13	27424619	27435823
MTIF3	13	27435634	27450613
LNX2	13	27545911	27621344
POLR1D	13	27620742	27744237
GSX1	13	27792483	27794768
PDX1	13	27920000	27926313
PAN3-AS1	13	28136561	28138497
PAN3	13	28138207	28295335
FLT1	13	28300346	28495145
POMP	13	28659065	28678959
SLC46A3	13	28700064	28719012
SLC7A1	13	29509410	29595781
UBL3	13	29764371	29850617
KATNAL1	13	30202630	30307551
HMGB1	13	30456704	30618872
USPL1	13	30617693	30660770
ALOX5AP	13	30713478	30765072
TEX26-AS1	13	30881933	30933846
TEX26	13	30932656	30975500
HSPH1	13	31134876	31162388
B3GLCT	13	31199975	31332276
FRY	13	31846713	32299125
FRY-AS1	13	32025314	32031697
BRCA2	13	32315086	32400268
N4BP2L1	13	32400723	32428311
N4BP2L2	13	32432417	32538885
PDS5B	13	32586315	32778022
KL	13	33016423	33066143
STARD13	13	33103137	33350630
RFC3	13	33818069	33966558
NBEA	13	34942270	35673022
MAB21L1	13	35473419	35478764
DCLK1	13	35768652	36132164
SOHLH2	13	36168217	36214588
CCDC169	13	36222008	36297840
CCNA1	13	36431520	36442870
RFXAP	13	36819222	36829104
SMAD9	13	36844831	36920887
ALG5	13	36949738	37000763
EXOSC8	13	36998816	37025881
SUPT20H	13	37009312	37059713
CSNK1A1L	13	37103259	37105664
POSTN	13	37562582	37598855
TRPC4	13	37632063	37870204
UFM1	13	38349826	38363619
LINC00437	13	38533343	38686924
FREM2	13	38687077	38887131
PROSER1	13	39009865	39038096
NHLRC3	13	39038306	39050109
COG6	13	39655627	39791666
FOXO1	13	40555667	40667612
MRPS31	13	40729128	40771351
SLC25A15	13	40789412	40812460
ELF1	13	40931242	41061440
WBP4	13	41061509	41084006
KBTBD6	13	41127569	41132802
KBTBD7	13	41189834	41194569
MTRF1	13	41216145	41263775
NAA16	13	41311267	41377035
RGCC	13	41457532	41470877
VWA8	13	41566834	41961129
DGKH	13	42040036	42256578
AKAP11	13	42271475	42323283
EPSTI1	13	42886388	42992392
DNAJC15	13	43023203	43114213
ENOX1	13	43213004	43787328
ENOX1-AS2	13	43448828	43459484
CCDC122	13	43823909	43880035
LACC1	13	43878917	43895091
SMIM2-AS1	13	44110361	44240517
SERP2	13	44373476	44397714
TSC22D1	13	44432143	44577316
TSC22D1-AS1	13	44575766	44755728
LINC00330	13	44799503	44809630
NUFIP1	13	44939249	44989471
GPALPP1	13	44989529	45037669
GTF2F2	13	45120443	45284907
KCTD4	13	45192853	45201045
TPT1	13	45333471	45341284
TPT1-AS1	13	45341345	45417975
SLC25A30	13	45393316	45418455
COG3	13	45464898	45536701
ZC3H13	13	45954364	46052781
CPB2-AS1	13	46052497	46161379
LCP1	13	46125920	46211871
LRRC63	13	46211928	46277115
LINC01198	13	46455130	46534656
LRCH1	13	46553168	46753040
ESD	13	46770748	46799772
SUCLA2	13	47745736	48037968
LINC00562	13	47930153	47932622
SUCLA2-AS1	13	48001389	48002620
NUDT15	13	48037694	48054196
MED4	13	48053323	48095131
MED4-AS1	13	48058699	48080010
ITM2B	13	48232612	48270357
RB1	13	48303735	48599436
LPAR6	13	48389567	48444704
RCBTB2	13	48488959	48536006
CYSLTR2	13	48653709	48711227
FNDC3A	13	48975912	49209779
CDADC1	13	49247917	49293485
CAB39L	13	49308629	49444342
SETDB2	13	49443794	49495003
PHF11	13	49495095	49528981
RCBTB1	13	49531944	49586740
ARL11	13	49628464	49634842
EBPL	13	49660674	49691500
KPNA3	13	49697744	49793068
SPRYD7	13	49912702	49936490
DLEU2	13	49956669	50126118
TRIM13	13	49995888	50020481
KCNRG	13	50015254	50020922
DLEU1	13	50081725	50906856
DLEU7	13	50519364	50843939
RNASEH2B-AS1	13	50862172	50910789
RNASEH2B	13	50909747	51024120
FAM124A	13	51222334	51284239
INTS6	13	51354077	51454264
INTS6-AS1	13	51452364	51554678
WDFY2	13	51583927	51767709
DHRS12	13	51767520	51804187
ATP7B	13	51930436	52012166
ALG11	13	52012391	52079232
UTP14C	13	52024691	52033600
NEK5	13	52033611	52129092
NEK3	13	52132639	52159600
THSD1	13	52377163	52416373
VPS36	13	52412602	52450684
CKAP2	13	52455429	52476630
HNRNPA1L2	13	52642431	52643773
SUGT1	13	52652682	52700909
PCDH8	13	52842889	52848641
PCDH17	13	57631744	57729311
DIAPH3	13	59665583	60163928
TDRD3	13	60396457	60573879
PCDH9	13	66302834	67230445
PCDH9-AS1	13	66303871	66323561
LINC00364	13	67326177	67379994
DACH1	13	71437966	71867204
MZT1	13	72708367	72727629
BORA	13	72727749	72756198
DIS3	13	72752169	72782096
PIBF1	13	72781641	73017823
KLF5	13	73054976	73077541
KLF12	13	73686089	74134922
TBC1D4	13	75283503	75482651
COMMD6	13	75525214	75549439
UCHL3	13	75549483	75607472
LMO7-AS1	13	75604700	75636023
LMO7	13	75620434	75859870
LMO7DN	13	75870573	75883811
KCTD12	13	76880175	76886405
CLN5	13	76990660	77019143
FBXL3	13	76992598	77027195
MYCBP2-AS1	13	77026767	77129717
MYCBP2	13	77042474	77327094
SCEL	13	77535605	77646769
SLAIN1	13	77697687	77764242
EDNRB	13	77895481	77975529
POU4F1	13	78598362	78603552
RBM26	13	79311824	79406477
RBM26-AS1	13	79405901	79427317
NDFIP2	13	79481155	79556077
LINC01080	13	80011077	80159070
SPRY2	13	80335518	80342983
SLITRK1	13	83877205	83882474
SLITRK5	13	87671371	87696272
GPC5	13	91398621	92873682
GPC6	13	93226807	94408020
DCT	13	94436811	94479682
TGDS	13	94574054	94596276
GPR180	13	94601857	94634661
SOX21-AS1	13	94703454	94803430
SOX21	13	94709622	94712545
ABCC4	13	95019835	95301822
CLDN10	13	95433604	95579759
DZIP1	13	95578202	95644740
DNAJC3	13	95677114	95794988
UGGT2	13	95801580	96053482
HS6ST3	13	96090107	96839562
MBNL2	13	97221434	97394121
RAP2A	13	97434169	97469128
IPO5	13	97953658	98024296
FARP1	13	98142165	98455176
STK24	13	98445185	98577940
STK24-AS1	13	98577244	98578842
DOCK9	13	98793429	99086625
UBAC2-AS1	13	99181223	99201558
UBAC2	13	99200758	99386504
GPR183	13	99294273	99307474
TM9SF2	13	99446311	99564048
CLYBL	13	99606641	99909459
ZIC5	13	99962964	99971767
ZIC2	13	99981784	99986765
PCCA	13	100089015	100530437
GGACT	13	100528034	100589528
TMTC4	13	100603625	100675633
NALCN	13	101053773	101416508
ITGBL1	13	101452593	101720856
FGF14	13	101710804	102402457
FGF14-AS2	13	102394578	102395707
TPP2	13	102596958	102679958
CCDC168	13	102729367	102759072
TEX30	13	102765888	102773811
BIVM	13	102799110	102841748
ERCC5	13	102845831	102875995
EFNB2	13	106489745	106535662
ARGLU1	13	106541673	106568161
LIG4	13	108207439	108218368
ABHD13	13	108218167	108234243
TNFSF13B	13	108251240	108308484
MYO16	13	108596152	109208005
IRS2	13	109752695	109786583
COL4A1	13	110148963	110307202
COL4A2	13	110305812	110513209
RAB20	13	110523066	110562127
CARS2	13	110641411	110713603
ING1	13	110712736	110723339
ANKRD10	13	110878540	110915071
ARHGEF7-AS2	13	111096369	111115805
ARHGEF7	13	111114559	111305737
TEX29	13	111316184	111344249
SOX1	13	112067149	112071706
TUBGCP3	13	112485005	112588205
ATP11A	13	112689911	112887168
MCF2L	13	112894378	113099742
MCF2L-AS1	13	112967484	112968824
F7	13	113105762	113120685
F10	13	113122788	113149531
PCID2	13	113177536	113208715
CUL4A	13	113208193	113267108
LAMP1	13	113297088	113323674
GRTP1	13	113324163	113364158
ADPRHL1	13	113399611	113453488
DCUN1D2	13	113455819	113490984
TMCO3	13	113490816	113554590
TFDP1	13	113584525	113641509
TMEM255B	13	113759194	113816995
GAS6-AS1	13	113815630	113845744
GAS6	13	113820468	113864123
RASA3	13	113977783	114132775
CDC16	13	114234856	114272723
UPF3A	13	114281568	114305817
CHAMP1	13	114314482	114337626
OR4N2	14	19719015	19830253
TTC5	14	20256558	20305963
CCNB1IP1	14	20311353	20333314
PARP2	14	20343601	20357905
TEP1	14	20365667	20413501
OSGEP	14	20446401	20455089
APEX1	14	20454525	20457779
PNP	14	20461992	20477094
RNASE4	14	20682598	20701216
ANG	14	20682950	20698971
RNASE6	14	20781068	20782467
RNASE1	14	20801228	20802884
RNASE3	14	20891385	20892348
RNASE2	14	20955487	20956436
METTL17	14	20989973	20997035
NDRG2	14	21016763	21071094
ARHGEF40	14	21069647	21090248
ZNF219	14	21090053	21104722
TMEM253	14	21098811	21103724
HNRNPC	14	21207375	21269792
RPGRIP1	14	21280083	21351301
SUPT16H	14	21351472	21384042
CHD8	14	21385194	21456126
RAB2B	14	21459020	21476960
TOX4	14	21476597	21499175
METTL3	14	21498128	21511362
SALL2	14	21521080	21537216
TRAV36DV7	14	22226746	22227254
TRAV41	14	22320188	22320691
TRDC	14	22462932	22465787
TRAC	14	22547506	22552156
DAD1	14	22564902	22589235
ABHD4	14	22598249	22612963
OXA1L	14	22766522	22773042
SLC7A7	14	22773222	22829820
MRPL52	14	22829875	22835037
MMP14	14	22836532	22849041
LRP10	14	22871709	22881713
REM2	14	22883136	22887686
RBM23	14	22893204	22919182
PRMT5-AS1	14	22918947	22926900
PRMT5	14	22920525	22929458
HAUS4	14	22946228	22957161
AJUBA	14	22971177	22982551
C14orf93	14	22985894	23010529
PSMB5	14	23016543	23035230
CDH24	14	23047062	23057538
ACIN1	14	23058561	23095614
C14orf119	14	23094692	23100456
SLC7A8	14	23125295	23183674
RNF212B	14	23185316	23273477
PPP1R3E	14	23295652	23302908
BCL2L2	14	23298790	23313069
PABPN1	14	23321457	23326163
SLC22A17	14	23346314	23352912
EFS	14	23353248	23366286
CMTM5	14	23376627	23379772
MYH7	14	23412733	23436137
NGDN	14	23469679	23509862
ZFHX2	14	23520857	23556192
AP1G2	14	23559557	23568070
JPH4	14	23568038	23578790
DHRS2	14	23630115	23645639
DHRS4-AS1	14	23938219	24075861
DHRS4	14	23953713	23969279
DHRS4L2	14	23969874	24006408
CPNE6	14	24070837	24078100
NRL	14	24078662	24115010
PCK2	14	24094053	24110598
DCAF11	14	24114010	24125614
FITM1	14	24130659	24132849
PSME1	14	24136156	24138967
EMC9	14	24138958	24142023
PSME2	14	24143362	24147570
RNF31	14	24146683	24160660
IRF9	14	24161101	24168043
REC8	14	24171853	24180923
IPO4	14	24180219	24188990
TM9SF1	14	24189140	24196287
CHMP4A	14	24209615	24213830
MDP1	14	24213943	24216070
NEDD8	14	24216802	24232385
GMPR2	14	24232211	24239246
TINF2	14	24238286	24242663
TGM1	14	24249114	24264432
RABGGTA	14	24265538	24271611
DHRS1	14	24290598	24300136
NOP9	14	24299850	24309124
CIDEB	14	24305187	24311440
LTB4R2	14	24305734	24312053
LTB4R	14	24311450	24318036
ADCY4	14	24318349	24335093
RIPK3	14	24336025	24340022
NFATC4	14	24365673	24379604
NYNRIN	14	24399003	24419304
KHNYN	14	24423052	24441843
CBLN3	14	24423886	24430972
SDR39U1	14	24439766	24442905
GZMB	14	24630954	24634267
STXBP6	14	24809454	25050333
NOVA1	14	26443090	26598033
LINC00645	14	27529238	27639636
FOXG1-AS1	14	28723436	28766589
FOXG1	14	28764329	28770277
LINC01551	14	28765640	28823817
PRKD1	14	29576479	30191898
G2E3	14	30559148	30620064
SCFD1	14	30622291	30737694
COCH	14	30874438	30895065
STRN3	14	30893799	31026418
AP4S1	14	31024996	31130996
HECTD1	14	31100115	31208381
HEATR5A	14	31290636	31420607
DTD2	14	31446036	31457506
NUBPL	14	31489956	31861226
ARHGAP5-AS1	14	32073914	32076861
ARHGAP5	14	32075794	32159728
AKAP6	14	32329298	32837684
NPAS3	14	32934396	33820863
EGLN3	14	33924227	34462774
SPTSSA	14	34432788	34462240
EAPP	14	34515938	34539721
SNX6	14	34561093	34630177
CFL2	14	34709113	34714823
BAZ1A	14	34752028	34875647
SRP54	14	34981957	35029686
FAM177A1	14	35045117	35116630
PPP2R3C	14	35085467	35122532
PSMA6	14	35278633	35318734
NFKBIA	14	35401079	35404749
INSM2	14	35534164	35537054
RALGAPA1	14	35538352	35809304
BRMS1L	14	35826310	35932325
LINC00609	14	35897884	36235609
MBIP	14	36298555	36320671
SFTA3	14	36473207	36521149
NKX2-1	14	36516392	36521149
SLC25A21	14	36677921	37172606
SLC25A21-AS1	14	37171888	37173811
MIPOL1	14	37197891	37579125
CLEC14A	14	38254000	38256093
LINC00639	14	38699825	38948289
SEC23A	14	39031918	39109646
GEMIN2	14	39114285	39139037
TRAPPC6B	14	39147811	39170532
PNN	14	39175163	39183220
FBXO33	14	39397684	39432466
LRFN5	14	41606733	41904549
KLHL28	14	44924324	45042322
PRPF39	14	45084107	45116282
FKBP3	14	45115599	45135319
FANCM	14	45135909	45200890
MIS18BP1	14	45203190	45253542
RPL10L	14	46651010	46651781
MDGA2	14	46840092	47675605
LINC00648	14	47682429	47901681
RPS29	14	49570984	49599164
LRR1	14	49598761	49614672
RPL36AL	14	49618530	49620649
MGAT2	14	49620799	49623481
DNAAF2	14	49625174	49635244
POLE2	14	49643555	49688422
KLHDC1	14	49693105	49753636
KLHDC2	14	49767677	49786385
NEMF	14	49782083	49852822
ARF6	14	49892608	49897054
LINC01588	14	49927213	50105121
VCPKMT	14	50108632	50116600
SOS2	14	50117130	50231906
L2HGDH	14	50237563	50312229
CDKL1	14	50326265	50416461
MAP4K5	14	50417845	50561126
ATL1	14	50532509	50634017
SAV1	14	50632058	50668337
NIN	14	50719763	50831504
PYGL	14	50857891	50944734
ABHD12B	14	50872053	50904970
TRIM9	14	50975261	51096078
TMX1	14	51240162	51257655
LINC00519	14	51304101	51331955
LINC00640	14	51326941	51365560
FRMD6-AS2	14	51379509	51651744
FRMD6	14	51489100	51730727
GNG2	14	51826195	51979342
NID2	14	52004809	52069059
TXNDC16	14	52429472	52553563
GPR137C	14	52552823	52637713
ERO1A	14	52639915	52696025
PSMC6	14	52707156	52728590
STYX	14	52730043	52774989
GNPNAT1	14	52770976	52791668
FERMT2	14	52857267	52952435
DDHD1	14	53036745	53153353
BMP4	14	53949736	53958761
CDKN3	14	54396849	54420218
CNIH1	14	54423561	54441439
GMFB	14	54474466	54489077
CGRRF1	14	54509812	54539292
SAMD4A	14	54566117	54793315
GCH1	14	54842008	54903280
WDHD1	14	54938949	55027450
SOCS4	14	55027120	55049489
MAPK1IP1L	14	55051647	55070194
LGALS3	14	55121352	55148022
DLGAP5	14	55148110	55191608
FBXO34	14	55271344	55370053
ATG14	14	55366391	55411830
KTN1-AS1	14	55496786	55581068
KTN1	14	55559072	55701526
LINC00520	14	55781132	55796731
PELI2	14	56117814	56301524
TMEM260	14	56488354	56650606
EXOC5	14	57200507	57268974
AP5M1	14	57268504	57298742
NAA30	14	57390544	57415906
SLC35F4	14	57563920	57982194
ACTR10	14	58200080	58235636
PSMA3	14	58244740	58272012
PSMA3-AS1	14	58265365	58298641
ARID4A	14	58298504	58373887
TOMM20L	14	58395928	58408702
TIMM9	14	58407461	58427655
KIAA0586	14	58427385	58551297
DACT1	14	58633967	58648321
DAAM1	14	59188646	59371405
GPR135	14	59429022	59465380
L3HYPDH	14	59460363	59484408
JKAMP	14	59484443	59505410
CCDC175	14	59504539	59576812
RTN1	14	59595976	59870796
DHRS7	14	60144119	60169856
PPM1A	14	60245752	60299089
C14orf39	14	60396469	60515543
SIX6	14	60509146	60512850
SIX1	14	60643421	60658259
SIX4	14	60709539	60724351
MNAT1	14	60734742	60969965
TRMT5	14	60971441	60981170
SLC38A6	14	60981114	61114316
PRKCH	14	61187559	61550980
HIF1A	14	61695456	61748263
SNAPC1	14	61762325	61796443
SYT16	14	61811849	62112550
KCNH5	14	62699464	63102037
RHOJ	14	63204114	63293508
PPP2R5E	14	63371364	63543410
WDR89	14	63597039	63642080
SGPP1	14	63684216	63728065
SYNE2	14	63761899	64226433
ESR2	14	64084232	64338112
MTHFD1	14	64388031	64463457
ZBTB25	14	64449106	64505232
AKAP5	14	64465499	64474503
ZBTB1	14	64502152	64533690
HSPA2	14	64535905	64546173
PPP1R36	14	64549918	64589384
PLEKHG3	14	64704102	64750249
CHURC1	14	64914361	64944591
RAB15	14	64945814	64973226
FNTB	14	64986837	65062655
MAX	14	65006174	65102695
FUT8	14	65410592	65744125
FUT8-AS1	14	65410768	65412690
GPHN	14	66507407	67181803
ATP6V1D	14	67294371	67360265
EIF2S1	14	67360011	67386516
PLEK2	14	67385652	67412176
TMEM229B	14	67447084	67533878
PLEKHH1	14	67533290	67589612
PIGH	14	67581955	67600286
ARG2	14	67619920	67651708
VTI1B	14	67646904	67674903
RDH11	14	67676800	67695793
RDH12	14	67701886	67734451
ZFYVE26	14	67727374	67816590
RAD51B	14	67819779	68730218
ZFP36L1	14	68787655	68796253
ACTN1	14	68874121	68980277
DCAF5	14	69050881	69153179
EXD2	14	69191498	69244020
GALNT16	14	69259277	69357033
ERH	14	69380123	69398334
SLC39A9	14	69398015	69462390
PLEKHD1	14	69484692	69531551
SUSD6	14	69611591	69715144
SRSF5	14	69726893	69773904
SMOC1	14	69854131	70032366
SLC8A3	14	70044215	70189480
COX16	14	70325081	70416984
SYNJ2BP	14	70366499	70417097
ADAM21	14	70417107	70460427
MED6	14	70581257	70600690
TTC9	14	70641665	70675366
MAP3K9	14	70722526	70809545
SIPA1L1	14	71320277	71741230
RGS6	14	71932429	72566530
DPF3	14	72609034	72894101
DCAF4	14	72926358	72962098
ZFYVE1	14	72969451	73027131
RBM25	14	73058532	73123899
PSEN1	14	73136418	73223691
PAPLN	14	73236338	73275334
NUMB	14	73274146	73466167
HEATR4	14	73478484	73558947
ACOT1	14	73537143	73543796
ACOT2	14	73567620	73575658
ACOT4	14	73591873	73595766
DNAL1	14	73644875	73703732
PNMA1	14	73711783	73714384
PTGR2	14	73851799	73885726
ZNF410	14	73886201	73932521
FAM161B	14	73931501	73950414
COQ6	14	73949926	73963670
ENTPD5	14	73958010	74019399
BBOF1	14	74019347	74082863
ALDH6A1	14	74056847	74084492
LIN52	14	74084956	74201493
ABCD4	14	74285269	74303055
NPC2	14	74476192	74494177
ISCA2	14	74493756	74497106
LTBP2	14	74498183	74612378
AREL1	14	74653437	74713117
FCF1	14	74713144	74738620
YLPM1	14	74763316	74859435
DLST	14	74881891	74903966
RPS6KL1	14	74903951	74923302
PGF	14	74941830	74955626
EIF2B2	14	75002894	75012366
MLH3	14	75013769	75051532
ACYP1	14	75053221	75069483
ZC2HC1C	14	75064109	75119502
NEK9	14	75079353	75127344
TMED10	14	75131443	75176652
FOS	14	75278826	75283190
LINC01220	14	75294281	75306996
JDP2	14	75427716	75474111
BATF	14	75522455	75546993
FLVCR2	14	75578594	75663214
TTLL5	14	75633625	75955084
IFT43	14	75902136	76084585
TGFB3	14	75958097	75983026
GPATCH2L	14	76151916	76254342
ESRRB	14	76310712	76501837
VASH1	14	76761468	76783015
ANGEL1	14	76781733	76826246
IRF2BPL	14	77024543	77028708
CIPC	14	77098126	77117287
TMEM63C	14	77116568	77259498
ZDHHC22	14	77131270	77143032
NGB	14	77265483	77271206
POMT2	14	77274956	77320883
GSTZ1	14	77320996	77331597
TMED8	14	77335029	77377097
SAMD15	14	77376689	77392163
VIPAS39	14	77426675	77457952
AHSA1	14	77457743	77469482
SPTLC2	14	77505997	77616672
ALKBH1	14	77672404	77708023
SLIRP	14	77708045	77761104
SNW1	14	77717599	77761207
ADCK1	14	77800064	77935014
NRXN3	14	78170373	79868291
DIO2	14	80197526	80387757
CEP128	14	80476969	80959517
TSHR	14	80954989	81146306
GTF2A1	14	81175452	81221377
STON2	14	81260652	81436517
SEL1L	14	81471547	81533863
FLRT2	14	85530017	85654428
GALC	14	87837820	87993665
GPR65	14	88005135	88014811
KCNK10	14	88180103	88326907
SPATA7	14	88384924	88470350
PTPN21	14	88465778	88555013
ZC3H14	14	88562948	88627596
EML5	14	88612240	88792994
TTC8	14	88824153	88881078
FOXN3	14	89124871	89619271
FOXN3-AS1	14	89417354	89419793
EFCAB11	14	89794669	89954777
TDP1	14	89954939	90044820
KCNK13	14	90061994	90185853
PSMC1	14	90256527	90275429
NRDE2	14	90267860	90331981
CALM1	14	90396502	90408268
LINC00642	14	90449602	90508469
TTC7B	14	90524564	90816500
RPS6KA5	14	90847861	91060682
GPR68	14	91232532	91254026
CCDC88C	14	91271323	91417844
PPP4R3A	14	91457139	91510556
TC2N	14	91779746	91867536
FBLN5	14	91869410	91948064
TRIP11	14	91965991	92040896
ATXN3	14	92044496	92106622
NDUFB1	14	92116119	92121978
CPSF2	14	92121512	92172145
SLC24A4	14	92322581	92501481
RIN3	14	92513615	92688994
LGMN	14	92703798	92751131
GOLGA5	14	92794230	92839963
CHGA	14	92922630	92935293
ITPK1	14	92936914	93116458
MOAP1	14	93182176	93184930
UBR7	14	93207241	93229215
BTBD7	14	93237550	93333092
UNC79	14	93333219	93707876
COX8C	14	93347182	93348356
PRIMA1	14	93718298	93788994
FAM181A-AS1	14	93904730	93927066
FAM181A	14	93918894	93929608
ASB2	14	93933783	93978831
OTUB2	14	94026340	94048930
DDX24	14	94048287	94081215
IFI27L1	14	94081271	94103846
IFI27	14	94104836	94116700
IFI27L2	14	94125580	94130253
PPP4R4	14	94146128	94279734
SERPINA1	14	94376745	94390866
SERPINA5	14	94561442	94593120
SERPINA3	14	94612377	94624645
GSC	14	94768223	94770113
DICER1	14	95086228	95158010
DICER1-AS1	14	95157645	95181475
CLMN	14	95181940	95319921
SYNE3	14	95407266	95516678
SNHG10	14	95521937	95534925
GLRX5	14	95533503	95544724
TUNAR	14	95866587	95925871
C14orf132	14	96039362	96093971
BDKRB2	14	96204526	96244461
ATG2B	14	96279195	96363341
GSKIP	14	96363452	96387288
AK7	14	96392128	96490031
PAPOLA	14	96501433	96567118
VRK1	14	96797304	96954846
LINC01550	14	97924637	97987918
BCL11B	14	99169287	99272197
SETD3	14	99395061	99480927
CCNK	14	99481169	99535044
CCDC85C	14	99500190	99604207
HHIPL1	14	99645129	99680569
CYP46A1	14	99684250	99727318
EML1	14	99737693	99942060
EVL	14	99971449	100144236
DEGS2	14	100143957	100159645
YY1	14	100238298	100282788
SLC25A29	14	100291116	100306547
WDR25	14	100376418	100530306
BEGAIN	14	100537147	100587417
DLK1	14	100725705	100738224
MEG3	14	100779206	100861031
MEG8	14	100883057	101038859
MEG9	14	101042908	101072937
PPP2R5C	14	101761682	101927989
DYNC1H1	14	101964573	102056443
HSP90AA1	14	102080738	102139699
WDR20	14	102139503	102224847
MOK	14	102224500	102305190
ZNF839	14	102317377	102342702
CINP	14	102341102	102362916
TECPR2	14	102362941	102502477
ANKRD9	14	102501767	102509824
RCOR1	14	102592649	102730576
TRAF3	14	102777326	102911500
AMN	14	102922663	102933596
CDC42BPB	14	102932380	103057549
TNFAIP2	14	103121407	103137441
EIF5	14	103333544	103345025
MARK3	14	103385361	103503831
CKB	14	103519660	103523167
TRMT61A	14	103521582	103537073
BAG5	14	103556545	103562657
KLC1	14	103561896	103714249
XRCC3	14	103697569	103715504
ZFYVE21	14	103715730	103733669
PPP1R13B	14	103733195	103847614
TDRD9	14	103928456	104052667
KIF26A	14	104136454	104180894
TMEM179	14	104474678	104605647
INF2	14	104681146	104722535
SIVA1	14	104753131	104768494
AKT1	14	104769348	104799934
ZBTB42	14	104799415	104804712
CEP170B	14	104864541	104896770
PLD4	14	104924713	104937761
AHNAK2	14	104937244	104978374
CDCA4	14	105008533	105025018
GPR132	14	105048658	105065940
JAG2	14	105140982	105168919
NUDT14	14	105172937	105181323
BRF1	14	105209277	105315589
BTBD6	14	105248533	105251110
PACS2	14	105300563	105398147
TEX22	14	105398525	105450106
MTA1	14	105419808	105470737
CRIP2	14	105472962	105480162
TMEM121	14	105525996	105530205
IGHG1	14	105736343	105743071
IGHG3	14	105764503	105771405
IGHM	14	105851705	105856218
NIPA1	15	22773063	22829789
NIPA2	15	22838625	22869362
CYFIP1	15	22867052	22981063
TUBGCP5	15	22983192	23039640
GOLGA8S	15	23354748	23368341
MKRN3	15	23565674	23630075
MAGEL2	15	23643549	23647867
NDN	15	23685400	23687305
SNRPN	15	24823637	24978723
SNURF	15	24954987	24977850
UBE3A	15	25333728	25439092
ATP10A	15	25677273	25865184
GABRB3	15	26543552	26939539
HERC2	15	28111040	28322179
APBA2	15	28884449	29118317
NSMCE3	15	29264989	29269822
TJP1	15	29699367	29968915
CHRFAM7A	15	30360566	30393858
FAN1	15	30890559	30946209
MTMR10	15	30938941	30991904
TRPM1	15	31001065	31161160
KLF13	15	31326706	31435665
OTUD7A	15	31475398	31870789
CHRNA7	15	31923438	32173018
GOLGA8N	15	32593456	32607310
ARHGAP11A	15	32615144	32639952
SCG5	15	32641385	32697098
GREM1	15	32716998	32745106
FMN1	15	32765544	33194714
RYR3	15	33310962	33866121
AVEN	15	33858782	34075155
CHRM5	15	33968497	34067458
EMC7	15	34083980	34101910
PGBD4	15	34102083	34108686
KATNBL1	15	34140365	34210119
EMC4	15	34225013	34230161
SLC12A6	15	34229784	34338060
NOP10	15	34339159	34343180
LPCAT4	15	34358633	34367539
GOLGA8A	15	34378935	34437851
GOLGA8B	15	34525095	34588503
ACTC1	15	34790107	34795912
AQR	15	34851782	34969765
ZNF770	15	34978341	34989479
DPH6	15	35217345	35546193
MEIS2	15	36889204	37101307
SPRED1	15	38252139	38357249
FAM98B	15	38454127	38487710
RASGRP1	15	38488103	38565575
THBS1	15	39580130	39599466
FSIP1	15	39588357	39782858
GPR176	15	39799008	39920936
EIF2AK4	15	39934115	40035736
SRP14	15	40035690	40039181
BMF	15	40087889	40108928
BUB1B	15	40161023	40221136
PAK6	15	40217428	40277489
PLCB2	15	40278176	40307941
INAFM2	15	40323692	40326715
DISP2	15	40358219	40378621
KNSTRN	15	40382721	40394288
IVD	15	40405485	40435947
BAHD1	15	40436611	40468242
CHST14	15	40470984	40473158
RPUSD2	15	40569299	40575171
RAD51	15	40694774	40732344
RMDN3	15	40733696	40755851
GCHFR	15	40764068	40767708
DNAJC17	15	40765161	40807498
ZFYVE19	15	40807086	40815084
SPINT1	15	40843513	40858383
VPS18	15	40894415	40903975
DLL4	15	40929338	40939078
CHAC1	15	40952962	40956512
INO80	15	40978880	41116568
CHP1	15	41230824	41281888
OIP5	15	41309268	41332595
NUSAP1	15	41320794	41381054
NDUFAF1	15	41387218	41409403
RTF1	15	41408408	41483563
ITPKA	15	41493360	41503554
LTK	15	41503634	41513887
RPAP1	15	41517176	41544278
TYRO3	15	41557675	41583589
MGA	15	41621134	41773081
MAPKBP1	15	41774434	41827855
SPTBN5	15	41848146	41894053
EHD4	15	41895933	41972593
VPS39	15	42158701	42208326
TMEM87A	15	42210447	42274128
GANC	15	42273201	42353666
CAPN3	15	42359498	42412949
ZNF106	15	42412823	42491141
SNAP23	15	42491233	42545356
LRRC57	15	42537820	42548802
HAUS2	15	42548828	42569994
STARD9	15	42575606	42720998
CDAN1	15	42723544	42737156
TTBK2	15	42738730	42920850
UBR1	15	42942897	43106113
TMEM62	15	43123279	43185144
CCNDBP1	15	43185118	43197177
TGM5	15	43232590	43266928
LCMT2	15	43323649	43330582
ZSCAN29	15	43357920	43371048
TUBGCP4	15	43369221	43409771
TP53BP1	15	43403061	43510728
MAP1A	15	43510958	43531620
PPIP5K1	15	43533462	43590228
CKMT1B	15	43593054	43604901
STRC	15	43599563	43618800
CATSPER2	15	43628503	43668118
CKMT1A	15	43692886	43702501
PDIA3	15	43746394	43773279
SERF2	15	43777087	43804427
SERINC4	15	43794162	43800220
HYPK	15	43796142	43804574
MFAP1	15	43804492	43824733
WDR76	15	43824498	43868414
FRMD5	15	43870761	44195271
CTDSPL2	15	44427599	44529038
EIF3J	15	44537098	44563029
SPG11	15	44554818	44663688
PATL2	15	44665732	44711370
B2M	15	44711253	44718851
TRIM69	15	44728988	44767829
SORD	15	45023147	45077185
DUOX2	15	45092650	45114172
DUOXA1	15	45117364	45130611
DUOX1	15	45129468	45165576
SHF	15	45167214	45201175
SLC28A2	15	45252234	45277846
GATM	15	45361124	45402327
C15orf48	15	45430579	45448761
SLC30A4	15	45479606	45522829
BLOC1S6	15	45587214	45615945
SEMA6D	15	47184101	47774228
SLC24A5	15	48120990	48142672
MYEF2	15	48134632	48178353
CTXN2	15	48177875	48203758
DUT	15	48331011	48343373
FBN1	15	48408313	48645721
CEP152	15	48712928	48811146
SHC4	15	48823741	48963919
EID1	15	48878134	48880173
SECISBP2L	15	48988476	49046477
COPS2	15	49106068	49155661
GALK2	15	49155656	49367869
FAM227B	15	49326962	49620929
FGF7	15	49423170	49488775
DTWD1	15	49621031	49656232
ATP8B4	15	49858238	50182817
GABPB1	15	50275389	50355440
GABPB1-AS1	15	50354758	50372202
USP8	15	50424372	50514421
TRPM7	15	50552473	50686797
SPPL2A	15	50702266	50765948
AP4E1	15	50908672	51005895
TNFAIP8L3	15	51056598	51105276
CYP19A1	15	51208057	51338601
GLDN	15	51341611	51408005
DMXL2	15	51447711	51622981
SCG3	15	51681492	51721026
LYSMD2	15	51723011	51751585
TMOD2	15	51751564	51816363
TMOD3	15	51829628	51947295
LEO1	15	51938025	51971791
MAPK6	15	51952106	52067375
GNB5	15	52115100	52191392
MYO5C	15	52192309	52295815
MYO5A	15	52307281	52529132
ARPP19	15	52547045	52569883
ONECUT1	15	52755053	52791078
WDR72	15	53513741	53762878
UNC13C	15	53978201	54628707
RSL24D1	15	55180797	55197076
RAB27A	15	55202966	55319113
PIGBOS1	15	55317175	55319419
PIGB	15	55318960	55355648
CCPG1	15	55340032	55408510
PYGO1	15	55538884	55588947
PRTG	15	55611544	55743152
NEDD4	15	55826917	55993660
RFX7	15	56087280	56245103
TEX9	15	56243971	56445997
MNS1	15	56421544	56465168
ZNF280D	15	56630176	56734086
TCF12	15	56918099	57299707
LINC00926	15	57300317	57307769
CGNL1	15	57375967	57550729
MYZAP	15	57591900	57685364
POLR2M	15	57706695	57782762
ALDH1A2	15	57953424	58497866
AQP9	15	58138169	58185914
LIPC	15	58410380	58570449
ADAM10	15	58588809	58749842
RNF111	15	58865175	59097419
SLTM	15	58879049	58933991
CCNB2	15	59105078	59125045
MYO1E	15	59132434	59372871
FAM81A	15	59372692	59523555
GCNT3	15	59594875	59640239
GTF2A2	15	59638058	59657541
BNIP2	15	59659146	59689350
ANXA2	15	60347134	60402883
ICE2	15	60419608	60479160
RORA-AS1	15	60479151	60630637
RORA	15	60488284	61229302
VPS13C	15	61852389	62060473
C2CD4A	15	62066977	62070917
C2CD4B	15	62163535	62165719
TLN2	15	62390512	62844631
TPM1	15	63042481	63071915
LACTB	15	63121833	63142061
RPS27L	15	63125872	63158021
RAB8B	15	63189560	63267776
APH1B	15	63276018	63309126
CA12	15	63321378	63382027
USP3	15	63504501	63594640
USP3-AS1	15	63544247	63601589
FBXL22	15	63597353	63602428
HERC1	15	63608618	63833948
DAPK2	15	63907036	64072033
SNX1	15	64094123	64146090
SNX22	15	64151713	64157481
PPIB	15	64155740	64163159
CSNK1G1	15	64165525	64356554
TRIP4	15	64387748	64455305
ZNF609	15	64460578	64686068
OAZ2	15	64687573	64703281
RBPMS2	15	64739886	64775621
PIF1	15	64815629	64825677
PLEKHO2	15	64839231	64868002
ANKDD1A	15	64911861	64958700
SPG21	15	64963022	64990312
MTFMT	15	65001512	65029643
SLC51B	15	65045387	65053397
RASL12	15	65053337	65076690
UBAP1L	15	65092760	65115200
PDCD7	15	65117379	65133808
CLPX	15	65148219	65185393
CILP	15	65194760	65211478
PARP16	15	65234460	65300618
IGDCC3	15	65327127	65378078
IGDCC4	15	65381479	65423083
DPP8	15	65442463	65517724
HACD3	15	65530418	65578349
SLC24A1	15	65611366	65660995
DENND4A	15	65658046	65792293
RAB11A	15	65726054	65891989
MEGF11	15	65895079	66253811
DIS3L	15	66293217	66333898
TIPIN	15	66336191	66386746
MAP2K1	15	66386825	66491656
SNAPC5	15	66490135	66497780
RPL4	15	66498015	66524532
ZWILCH	15	66504959	66550130
LCTL	15	66547179	66565998
SMAD6	15	66702236	66782849
SMAD3	15	67063763	67195173
AAGAB	15	67200667	67255195
IQCH	15	67254786	67502260
IQCH-AS1	15	67290636	67521898
C15orf61	15	67521131	67530146
MAP2K5	15	67542611	67807123
SKOR1	15	67819704	67834582
PIAS1	15	68054301	68198603
CALML4	15	68190705	68206087
CLN6	15	68206992	68257211
FEM1B	15	68277745	68295862
ITGA11	15	68296532	68432191
CORO2B	15	68578971	68727806
ANP32A	15	68778534	68820924
SPESP1	15	68818221	68946811
GLCE	15	69160584	69272217
PAQR5	15	69298888	69407780
KIF23	15	69414246	69448427
RPLP1	15	69452809	69456205
DRAIC	15	69462921	69855357
TLE3	15	70047790	70098176
UACA	15	70654554	70763564
LARP6	15	70829130	70854157
LRRC49	15	70853239	71053658
THAP10	15	70881342	70892433
THSD4	15	71096952	71783383
MYO9A	15	71822291	72118577
SENP8	15	72114258	72143692
PKM	15	72199026	72231819
PARP6	15	72241176	72272999
HEXA	15	72340924	72376420
HEXA-AS1	15	72376051	72379899
ARIH1	15	72474308	72602987
HIGD2B	15	72675798	72686182
BBS4	15	72686186	72742006
ADPGK	15	72751294	72785846
ADPGK-AS1	15	72782835	72798201
NEO1	15	73051645	73305205
NPTN	15	73560003	73634134
CD276	15	73683966	73714518
LOXL1-AS1	15	73898471	73928296
LOXL1	15	73925989	73952137
STOML1	15	73978926	73994622
PML	15	73994673	74047827
ISLR2	15	74100311	74138540
ISLR	15	74172414	74176872
STRA6	15	74179466	74212267
SEMA7A	15	74409289	74433958
UBL7	15	74445187	74461182
ARID3B	15	74541188	74598131
CLK3	15	74598500	74645414
EDC3	15	74630557	74696292
CSK	15	74782055	74803198
ULK3	15	74836116	74843346
SCAMP2	15	74843728	74873374
MPI	15	74890005	74902219
FAM219B	15	74899992	74907331
COX5A	15	74919791	74939351
RPP25	15	74954418	74956772
SCAMP5	15	74957219	75021497
PPCDC	15	75023586	75117462
C15orf39	15	75195623	75212169
COMMD4	15	75336009	75343224
NEIL1	15	75346878	75357115
MAN2C1	15	75355207	75368656
SIN3A	15	75369379	75455842
PTPN9	15	75463251	75579583
SNUPN	15	75598083	75626469
IMP3	15	75639085	75648706
SNX33	15	75647912	75662301
CSPG4	15	75674322	75712848
UBE2Q2	15	75843307	75901078
FBXO22	15	75903876	75942511
NRG4	15	75935969	76059795
TMEM266	15	76059936	76229121
ETFA	15	76188555	76311730
ISL2	15	76336773	76342475
SCAPER	15	76347904	76905970
RCN2	15	76931738	76954393
PSTPIP1	15	76993325	77037475
TSPAN3	15	77041404	77083984
PEAK1	15	77100656	77420216
HMG20A	15	77419830	77485955
LINGO1	15	77613027	77820900
TBC1D2B	15	77984036	78077724
CIB2	15	78104606	78131535
IDH3A	15	78131498	78171945
ACSBG1	15	78167468	78245688
DNAJA4	15	78264086	78282196
CRABP1	15	78340260	78348250
IREB2	15	78437431	78501453
HYKK	15	78507564	78537372
PSMA4	15	78540089	78552417
CHRNA5	15	78565520	78595269
CHRNA3	15	78593052	78621295
ADAMTS7	15	78759204	78811503
MORF4L1	15	78810487	78903078
CTSH	15	78921058	78949574
RASGRF1	15	78959906	79090780
TMED3	15	79311109	79427432
MTHFS	15	79833585	79897379
ST20	15	79898840	79923702
ST20-AS1	15	79922771	79927304
BCL2A1	15	79960892	79971196
ZFAND6	15	80058894	80140292
FAH	15	80152292	80186990
ARNT2	15	80404315	80597937
ABHD17C	15	80679684	80755621
CEMIP	15	80779343	80951776
IL16	15	81159575	81314058
STARD5	15	81309053	81324183
MEX3B	15	82041778	82046119
SAXO2	15	82262810	82284930
GOLGA6L10	15	82339993	82349475
GOLGA6L9	15	82429816	82439153
RPS17	15	82536748	82540535
CPEB1	15	82543201	82648861
CPEB1-AS1	15	82647770	82692820
AP3B2	15	82659281	82710112
SNHG21	15	82750512	82796682
FSD2	15	82755362	82806111
WHAMM	15	82809599	82836108
HOMER2	15	82834664	82986153
C15orf40	15	82988441	83011641
BTBD1	15	83016423	83067281
TM6SF1	15	83107454	83144854
SH3GL3	15	83447228	83618743
ADAMTSL3	15	83653683	84039842
GOLGA6L4	15	84235773	84245358
ZSCAN2	15	84600986	84627796
WDR73	15	84639285	84654343
NMB	15	84655129	84658563
SEC11A	15	84669529	84716460
ZNF592	15	84748362	84806445
ALPK3	15	84817176	84873479
SLC28A1	15	84884612	84945803
PDE8A	15	84980440	85139145
AKAP13	15	85380571	85749358
KLHL25	15	85759326	85794948
NTRK3	15	87859751	88256993
MRPL46	15	88459468	88467420
MRPS11	15	88467421	88480776
DET1	15	88494440	88547321
AEN	15	88620070	88632281
ISG20	15	88635618	88656483
ACAN	15	88803436	88875353
HAPLN3	15	88877294	88895597
MFGE8	15	88898683	88913468
ABHD2	15	89087459	89202355
RLBP1	15	89209869	89222577
FANCI	15	89243854	89318091
POLG	15	89305198	89334861
MIR9-3HG	15	89361579	89424983
RHCG	15	89471398	89496614
TICRR	15	89575469	89631056
KIF7	15	89608789	89663098
PLIN1	15	89664365	89679450
PEX11A	15	89677764	89690783
WDR93	15	89690811	89743639
MESP1	15	89749875	89751249
MESP2	15	89760591	89778754
ANPEP	15	89784875	89815401
AP3S2	15	89830599	89894638
ARPIN	15	89895006	89912952
ZNF710	15	89999180	90082206
IDH2	15	90083045	90102490
SEMA4B	15	90160604	90229679
CIB1	15	90229975	90234047
GDPGP1	15	90233471	90245811
NGRN	15	90265659	90275778
ZNF774	15	90352284	90369146
IQGAP1	15	90388207	90502239
CRTC3	15	90529890	90645345
CRTC3-AS1	15	90617426	90717253
BLM	15	90717340	90816166
FURIN	15	90868588	90883564
FES	15	90883695	90896213
MAN2A2	15	90902218	90922585
HDDC3	15	90929968	90935196
UNC45A	15	90930180	90954093
RCCD1	15	90954825	90964809
PRC1	15	90966038	90995629
PRC1-AS1	15	90966340	90988625
VPS33B	15	90998673	91022603
SV2B	15	91099869	91302565
SLCO3A1	15	91853708	92172435
ST8SIA2	15	92393881	92468728
FAM174B	15	92617448	92809884
CHD2	15	92886203	93027996
RGMA	15	93035271	93089211
LINC01579	15	93718542	94070898
LINC00924	15	95296424	95615635
NR2F2-AS1	15	96080713	96337579
NR2F2	15	96325797	96340263
ARRDC4	15	97960703	97973838
IGF1R	15	98648539	98964530
SYNM	15	99098217	99135593
TTC23	15	99136323	99251226
LRRC28	15	99250937	99390729
MEF2A	15	99565404	99716488
LYSMD4	15	99715697	99733561
ADAMTS17	15	99971437	100342005
SPATA41	15	100344047	100373838
LINS1	15	100559369	100603230
ASB7	15	100602547	100651703
ALDH1A3	15	100861924	100916628
LRRK1	15	100919327	101078257
CHSY1	15	101175727	101252048
SNRPA1	15	101281510	101295282
PCSK6	15	101289784	101525202
TM2D3	15	101621444	101652391
WASIR2	16	22845	25191
POLR3K	16	46407	53658
SNRNP25	16	53828	57669
RHBDF1	16	58058	78176
MPG	16	77007	85851
NPRL3	16	83205	138716
HBZ	16	142728	154503
HBA2	16	172876	173710
HBA1	16	176680	177522
HBQ1	16	180459	181179
LUC7L	16	188961	229463
FAM234A	16	234521	272183
RGS11	16	268301	275980
ARHGDIG	16	280450	283010
PDIA2	16	283152	287215
AXIN1	16	287440	352730
MRPL28	16	365916	371289
NME4	16	396725	410367
DECR2	16	401854	412492
RAB11FIP3	16	425593	523012
LINC00235	16	525155	527407
CAPN15	16	527712	554636
PIGQ	16	566995	584120
RAB40C	16	589007	629273
WFIKKN1	16	629239	634117
WDR90	16	649287	667837
RHOT2	16	668100	674174
RHBDL1	16	675671	678268
STUB1	16	679980	682870
JMJD8	16	681666	684528
WDR24	16	684621	690444
FBXL16	16	692498	705843
METRN	16	715118	719655
CCDC78	16	722581	726954
HAGHL	16	726494	735525
RPUSD1	16	784974	788406
CHTF18	16	788046	800737
LMF1	16	853634	981318
SOX8	16	981444	986979
CACNA1H	16	1153103	1224169
UBE2I	16	1291357	1327018
BAIAP3	16	1333638	1349439
TSR3	16	1349237	1351878
GNPTG	16	1351931	1365737
UNKL	16	1363205	1414751
CCDC154	16	1434383	1444556
CLCN7	16	1444934	1475104
TELO2	16	1493329	1510459
IFT140	16	1510427	1612075
TMEM204	16	1528688	1555580
CRAMP1	16	1612337	1677908
MAPK8IP3	16	1706166	1770351
NME3	16	1770317	1771732
MRPS34	16	1771890	1773158
EME2	16	1772810	1781708
SPSB3	16	1776710	1793700
NUBP2	16	1782932	1789189
HAGH	16	1795620	1827157
FAHD1	16	1826967	1840207
MSRB1	16	1938229	1943199
RPL3L	16	1943968	1957606
NDUFB10	16	1959508	1962021
RPS2	16	1962050	1965510
SNHG9	16	1964526	1965513
TBL3	16	1972050	1982929
NOXO1	16	1978912	1984636
GFER	16	1984193	1987749
SYNGR3	16	1989660	1994275
ZNF598	16	1997654	2009821
NPW	16	2009926	2020755
NTHL1	16	2039814	2047866
TSC2	16	2047345	2089491
PKD1	16	2088708	2135898
RAB26	16	2140803	2154165
SNHG19	16	2151103	2155672
TRAF7	16	2155692	2178129
CASKIN1	16	2177180	2196605
MLST8	16	2204248	2209453
BRICD5	16	2209253	2210905
PGP	16	2211593	2214840
E4F1	16	2223440	2235743
DNASE1L2	16	2235816	2238711
ECI1	16	2239402	2252300
RNPS1	16	2253116	2268397
ABCA3	16	2275878	2340749
CCNF	16	2429394	2458854
TBC1D24	16	2475051	2509671
AMDHD2	16	2520340	2531422
PDPK1	16	2537978	2603190
KCTD5	16	2682521	2709030
PRSS27	16	2712419	2721166
SRRM2-AS1	16	2737070	2752620
SRRM2	16	2752626	2772538
ZG16B	16	2830162	2839585
FLYWCH2	16	2883165	2903099
FLYWCH1	16	2911599	2951208
KREMEN2	16	2963960	2968380
PKMYT1	16	2968024	2980813
PAQR4	16	2969242	2973484
CLDN6	16	3014705	3020071
TNFRSF12A	16	3018445	3022385
THOC6	16	3022541	3027755
HCFC1R1	16	3022625	3024286
MMP25-AS1	16	3037233	3059370
MMP25	16	3046062	3060729
IL32	16	3064301	3082192
ZNF213-AS1	16	3100696	3150562
ZNF205	16	3112550	3120527
ZNF213	16	3129777	3142804
ZNF200	16	3222324	3236221
LINC00921	16	3263743	3269151
ZNF263	16	3263800	3301401
TIGD7	16	3298390	3305729
ZNF75A	16	3305406	3318852
ZSCAN32	16	3382081	3401065
ZNF174	16	3401215	3409364
ZNF597	16	3432414	3443504
NAA60	16	3443649	3486954
CLUAP1	16	3500976	3540653
NLRC3	16	3539033	3577403
SLX4	16	3581181	3611606
DNASE1	16	3611728	3680143
TRAP1	16	3651639	3717591
CREBBP	16	3725054	3880713
ADCY9	16	3953387	4116442
SRL	16	4189374	4242083
LINC01569	16	4243943	4253855
TFAP4	16	4257186	4273075
GLIS2	16	4314761	4339597
GLIS2-AS1	16	4323795	4328522
PAM16	16	4331549	4355607
CORO7	16	4354542	4425705
VASN	16	4371848	4383538
DNAJA3	16	4425805	4456775
NMRAL1	16	4461684	4495763
HMOX2	16	4474246	4510352
CDIP1	16	4510619	4538828
UBALD1	16	4608883	4615027
MGRN1	16	4616493	4690977
NUDT16L1	16	4693562	4695861
ANKS3	16	4696510	4734378
ZNF500	16	4748239	4767624
ROGDI	16	4796962	4802926
GLYR1	16	4803202	4847343
UBN1	16	4846665	4882401
PPL	16	4882507	4960741
SEC14L5	16	4958295	5019157
NAGPA	16	5024756	5034141
ALG1	16	5033702	5087379
C16orf89	16	5044122	5066110
EEF2KMT	16	5084284	5097909
RBFOX1	16	5239802	7713340
TMEM114	16	8537605	8590511
METTL22	16	8621682	8649654
ABAT	16	8674596	8784575
TMEM186	16	8780384	8797763
PMM2	16	8788823	8862534
CARHSP1	16	8852942	8870941
USP7	16	8892097	8975328
GRIN2A	16	9753404	10183337
ATF7IP2	16	10326434	10483640
EMP2	16	10528422	10580689
NUBP1	16	10743786	10769353
TVP23A	16	10760919	10818794
CIITA	16	10866222	10943021
DEXI	16	10928891	10942468
CLEC16A	16	10944539	11182186
SOCS1	16	11249101	11256556
RMI2	16	11249619	11381662
LITAF	16	11546875	11636395
SNN	16	11668027	11679159
TXNDC11	16	11679079	11742907
ZC3H7A	16	11750586	11797258
RSL1D1	16	11833850	11851586
GSPT1	16	11868128	11916082
SNX29	16	11976734	12574287
CPPED1	16	12659799	12803887
SHISA9	16	12901598	13240416
ERCC4	16	13920138	13952348
MIR193BHG	16	14301069	14331067
PARN	16	14435699	14632728
BFAR	16	14632830	14669237
NPIPA3	16	14703411	14726342
NOMO1	16	14833721	14896157
NPIPA1	16	14922802	14952060
PDXDC1	16	14974591	15153671
NTAN1	16	15037854	15056079
RRN3	16	15060022	15094311
NPIPA5	16	15363628	15381047
MPV17L	16	15395754	15413271
NDE1	16	15643267	15734691
MYH11	16	15703135	15858438
ABCC1	16	15949138	16143257
ABCC6	16	16149565	16223637
NOMO3	16	16232506	16300806
XYLT1	16	17101769	17470960
NOMO2	16	18417325	18562211
RPS15A	16	18781295	18790383
ARL6IP1	16	18791609	18801572
SMG1	16	18804860	18926412
TMC7	16	18983934	19063942
COQ7	16	19067614	19080095
ITPRIPL2	16	19113932	19121629
SYT17	16	19167971	19268332
GDE1	16	19501693	19522123
CCP110	16	19523811	19553408
KNOP1	16	19701937	19718552
IQCK	16	19716456	19858467
GPRC5B	16	19856691	19886173
ACSM5	16	20409308	20441337
ACSM3	16	20610243	20797843
THUMPD1	16	20702816	20742084
ERI2	16	20780193	20900349
DCUN1D3	16	20854897	20900400
LYRM1	16	20899821	20925011
DNAH3	16	20933111	21159441
CRYM	16	21238874	21303083
NPIPB3	16	21402237	21448567
METTL9	16	21597218	21657471
IGSF6	16	21639550	21652611
OTOA	16	21663968	21761935
NPIPB4	16	21834563	21880827
UQCRC2	16	21952636	21985391
VWA3A	16	22092528	22156964
SDR42E2	16	22162492	22192208
EEF2K	16	22206272	22288738
POLR3E	16	22297375	22335101
CDR2	16	22345936	22437165
NPIPB5	16	22479121	22536540
HS3ST2	16	22814162	22916338
USP31	16	23061406	23149452
SCNN1G	16	23182677	23216883
SCNN1B	16	23278231	23381299
COG7	16	23388493	23453207
GGA2	16	23462213	23521995
EARS2	16	23520754	23557731
UBFD1	16	23557721	23574394
NDUFAB1	16	23581014	23596319
PALB2	16	23603160	23641321
DCTN5	16	23641381	23677472
PLK1	16	23677656	23690367
PRKCB	16	23835959	24220611
RBBP6	16	24537693	24572863
TNRC6A	16	24610209	24827632
SLC5A11	16	24845841	24911628
ARHGAP17	16	24919389	25015666
LCMT1-AS1	16	25085168	25111584
LCMT1	16	25111731	25178231
ZKSCAN2	16	25236001	25257845
KDM8	16	27203486	27225987
NSMCE1	16	27224993	27268788
IL4R	16	27313462	27364811
IL21R	16	27402174	27452050
GTF3C1	16	27459555	27549960
GSG1L	16	27787526	28063754
XPO6	16	28097976	28211976
SBK1	16	28259246	28323849
NPIPB6	16	28342517	28363508
EIF3CL	16	28379397	28403846
CLN3	16	28474111	28495575
APOBR	16	28494639	28498964
NUPR1	16	28532708	28539038
SGF29	16	28553915	28591790
SULT1A2	16	28591790	28599913
SULT1A1	16	28605008	28612503
EIF3C	16	28688558	28735730
ATXN2L	16	28822999	28837237
TUFM	16	28842410	28846419
SH2B1	16	28846600	28874212
ATP2A1-AS1	16	28877938	28879950
ATP2A1	16	28878405	28904466
RABEP2	16	28904420	28936526
NFATC2IP	16	28950807	28967092
SPNS1	16	28974221	28984548
LAT	16	28984808	28990784
NPIPB11	16	29381310	29406711
SLX1B	16	29454533	29458223
SPN	16	29662979	29670876
QPRT	16	29663279	29698704
C16orf54	16	29742463	29745990
KIF22	16	29790718	29805388
MAZ	16	29806106	29811164
PRRT2	16	29811382	29815892
PAGR1	16	29816152	29822489
MVP	16	29820394	29848039
CDIPT	16	29858357	29863414
SEZ6L2	16	29871159	29899550
ASPHD1	16	29900375	29919864
KCTD13	16	29905012	29926236
TMEM219	16	29940885	29973052
TAOK2	16	29973868	29992261
HIRIP3	16	29992330	29996120
INO80E	16	29995715	30005793
DOC2A	16	30005507	30023270
ALDOA	16	30064164	30070457
PPP4C	16	30075967	30085385
TBX6	16	30085793	30091933
YPEL3	16	30092314	30096915
GDPD3	16	30104810	30113537
MAPK3	16	30114105	30123506
CORO1A	16	30182817	30189085
BOLA2B	16	30192930	30194306
SLX1A	16	30193875	30197566
SULT1A3	16	30198059	30204324
CD2BP2	16	30350767	30355308
TBC1D10B	16	30357102	30370529
ZNF48	16	30378106	30400108
ZNF771	16	30407143	30431108
DCTPP1	16	30423615	30430030
SEPHS2	16	30443631	30445874
ITGAL	16	30472658	30523567
ZNF768	16	30524004	30526821
ZNF747	16	30530367	30535347
ZNF764	16	30553764	30558374
ZNF688	16	30569281	30572734
ZNF785	16	30573740	30585806
ZNF689	16	30602558	30624012
PRR14	16	30650717	30656413
FBRS	16	30658431	30670810
SRCAP	16	30698166	30741409
PHKG2	16	30748293	30761176
RNF40	16	30761745	30776307
ZNF629	16	30778456	30787205
BCL7C	16	30833626	30894302
MIR762HG	16	30875222	30895220
CTF1	16	30896614	30903547
FBXL19-AS1	16	30919319	30923279
FBXL19	16	30923055	30948783
ORAI3	16	30949068	30956461
SETD1A	16	30957294	30984664
HSD3B7	16	30985143	30989154
STX1B	16	30989256	31010672
STX4	16	31032889	31042975
ZNF668	16	31060842	31074240
ZNF646	16	31074403	31084196
VKORC1	16	31090842	31095980
BCKDK	16	31106107	31112791
KAT8	16	31114489	31131393
PRSS36	16	31138926	31150091
FUS	16	31180134	31196963
PYCARD	16	31201486	31203450
TRIM72	16	31214119	31231537
ITGAM	16	31259967	31332892
ITGAX	16	31355134	31382999
COX6A2	16	31427731	31428360
ZNF843	16	31432593	31444323
ARMC5	16	31458080	31467172
TGFB1I1	16	31471585	31478727
SLC5A2	16	31483002	31490860
ZNF267	16	31873788	31917357
SHCBP1	16	46578591	46621379
VPS35	16	46656132	46689518
ORC6	16	46689394	46698394
MYLK3	16	46702282	46790407
C16orf87	16	46796603	46831180
GPT2	16	46882857	46931298
DNAJA2	16	46955362	46973704
NETO2	16	47077703	47144006
ITFG1-AS1	16	47144260	47162749
ITFG1	16	47154387	47464149
PHKB	16	47461123	47701523
ABCC12	16	48080882	48156018
LONP2	16	48244267	48363122
SIAH1	16	48356364	48448402
N4BP1	16	48538726	48620148
CBLN1	16	49277917	49281838
ZNF423	16	49487524	49857919
CNEP1R1	16	50024410	50037088
HEATR3	16	50065964	50107272
ADCY7	16	50246137	50318135
BRD7	16	50313487	50368988
NKD1	16	50548396	50649249
SNX20	16	50666300	50681743
NOD2	16	50693217	50733348
CYLD	16	50742032	50801935
SALL1	16	51135982	51152683
LINC01571	16	51754628	51795169
TOX3	16	52436417	52547802
CHD9	16	53054991	53329150
RBL2	16	53433977	53491649
AKTIP	16	53490502	53504411
RPGRIP1L	16	53598153	53703938
FTO	16	53701692	54158512
IRX3	16	54283304	54286787
CRNDE	16	54844649	54931354
IRX5	16	54930865	54934485
MMP2	16	55389700	55506691
LPCAT2	16	55508994	55586666
CAPNS2	16	55566684	55567687
SLC6A2	16	55655988	55707645
GNAO1	16	56189660	56357444
AMFR	16	56361449	56425545
NUDT21	16	56429133	56452199
OGFOD1	16	56451508	56479104
BBS2	16	56465640	56582667
MT4	16	56565073	56568957
MT3	16	56589074	56591088
MT2A	16	56608584	56609497
MT1E	16	56625475	56627112
MT1M	16	56632562	56633981
MT1A	16	56638202	56640087
MT1F	16	56657640	56660698
MT1G	16	56666730	56668069
MT1H	16	56669814	56671129
MT1X	16	56682468	56684196
NUP93	16	56730095	56850286
HERPUD1	16	56930815	56944864
CETP	16	56961923	56983845
NLRC5	16	56989485	57084238
CPNE2	16	57092549	57148369
RSPRY1	16	57186137	57240479
ARL2BP	16	57245259	57253635
PLLP	16	57248547	57284675
CX3CL1	16	57372477	57385044
CIAPIN1	16	57428177	57447420
COQ9	16	57447425	57461274
POLR2C	16	57462660	57472009
DOK4	16	57471917	57487382
CCDC102A	16	57511999	57537163
ADGRG5	16	57542643	57591681
ADGRG1	16	57610652	57665580
ADGRG3	16	57668277	57689378
DRC7	16	57694793	57731805
KATNB1	16	57735669	57758271
KIFC3	16	57755668	57863053
CNGB1	16	57882340	57971128
ZNF319	16	57994673	58000672
USB1	16	57999546	58021618
MMP15	16	58025606	58046901
CFAP20	16	58113588	58129429
CSNK2A2	16	58157907	58198191
GINS3	16	58295080	58406147
NDRG4	16	58462846	58513628
SETD6	16	58515479	58523842
CNOT1	16	58519951	58629885
SLC38A7	16	58663015	58684770
GOT2	16	58707130	58734361
CDH8	16	61647242	62037035
CDH11	16	64943753	65126112
CDH5	16	66366636	66404784
LINC00920	16	66408504	66412135
BEAN1	16	66427295	66493529
TK2	16	66508003	66552544
CKLF	16	66552563	66566251
CMTM2	16	66579448	66588275
CMTM3	16	66603874	66613892
CMTM4	16	66614750	66696743
DYNC1LI2	16	66720893	66751836
NAE1	16	66802874	66873256
PDP2	16	66878589	66895754
RRAD	16	66921682	66926308
CES2	16	66934444	66945096
CES3	16	66961245	66975149
CES4A	16	66988585	67010417
CBFB	16	67028984	67101058
B3GNT9	16	67148104	67151260
TRADD	16	67153969	67163760
FBXL8	16	67159932	67164570
HSF4	16	67164681	67169945
NOL3	16	67170154	67176189
EXOC3L1	16	67184314	67190242
E2F4	16	67192155	67198918
ELMO3	16	67199111	67204029
TMEM208	16	67227103	67229278
FHOD1	16	67229387	67247539
SLC9A5	16	67237683	67272191
PLEKHG4	16	67277510	67289499
KCTD19	16	67289428	67326760
LRRC36	16	67326798	67385204
TPPP3	16	67389027	67393518
ZDHHC1	16	67394152	67416833
HSD11B2	16	67430652	67437553
ATP6V0D1	16	67438005	67481188
AGRP	16	67482571	67483548
CTCF	16	67561831	67639189
ACD	16	67657512	67660810
PARD6A	16	67660909	67662777
ENKD1	16	67662945	67667265
C16orf86	16	67666814	67668757
GFOD2	16	67674531	67719339
RANBP10	16	67723070	67806560
TSNAXIP1	16	67806765	67832148
CENPT	16	67828157	67847811
THAP11	16	67842320	67844195
NUTF2	16	67846867	67872569
EDC4	16	67873049	67884516
PSKH1	16	67893254	67929676
PSMB10	16	67934506	67936864
LCAT	16	67939750	67944131
SLC12A4	16	67943474	67969601
DPEP2	16	67987392	68000615
DUS2	16	67987746	68079344
DDX28	16	68020916	68023232
NFATC3	16	68084751	68229259
PLA2G15	16	68245304	68261063
SLC7A6	16	68264233	68301823
SLC7A6OS	16	68284503	68310952
PRMT7	16	68310916	68360852
SMPD3	16	68358327	68448508
ZFP90	16	68530090	68576072
CDH3	16	68636189	68727468
CDH1	16	68737292	68835540
TANGO6	16	68843531	69086515
HAS3	16	69105653	69118719
CHTF8	16	69118010	69132588
UTP4	16	69131291	69231130
SNTB2	16	69187142	69309052
VPS4A	16	69311336	69326939
COG8	16	69320140	69339583
PDF	16	69326913	69330588
NIP7	16	69337996	69343106
TERF2	16	69355464	69408571
CYB5B	16	69398402	69466264
NFAT5	16	69565094	69704666
NQO1	16	69706996	69726668
NOB1	16	69741871	69754942
WWP2	16	69762281	69944553
CLEC18A	16	69950705	69964452
PDPR	16	70114246	70162537
CLEC18C	16	70173322	70187361
EXOSC6	16	70246778	70251940
DDX19B	16	70289663	70335305
DDX19A	16	70346861	70373992
ST3GAL2	16	70375977	70439263
COG4	16	70480568	70523560
SF3B3	16	70523782	70577670
IL34	16	70579878	70661556
VAC14	16	70687439	70801173
VAC14-AS1	16	70755035	70773251
HYDIN	16	70802084	71230722
CMTR2	16	71281389	71289715
CALB2	16	71358713	71390436
ZNF23	16	71447597	71463095
ZNF19	16	71464555	71565502
TAT-AS1	16	71564952	71578187
MARVELD3	16	71626161	71642114
PHLPP2	16	71637835	71724701
AP1G1	16	71729000	71809201
ATXN1L	16	71808439	71885268
IST1	16	71845996	71931199
ZNF821	16	71859680	71895336
DHODH	16	72008588	72027664
HP	16	72054505	72061071
HPR	16	72063148	72077246
TXNL4B	16	72084854	72094431
DHX38	16	72093613	72112912
PMFBP1	16	72112157	72176878
LINC01572	16	72236281	72665083
ZFHX3	16	72782885	73891871
PSMD7	16	74296809	74306288
NPIPB15	16	74376306	74392115
CLEC18B	16	74408631	74424179
GLG1	16	74447427	74607144
RFWD3	16	74621393	74666912
MLKL	16	74671855	74701156
FA2H	16	74712955	74774837
WDR59	16	74871362	75000173
ZNRF1	16	74999014	75110994
LDHD	16	75111855	75116782
ZFP1	16	75148494	75172236
BCAR1	16	75228181	75268053
CFDP1	16	75293698	75433503
TMEM170A	16	75443054	75465497
CHST6	16	75472052	75495458
TMEM231	16	75536741	75556289
GABARAPL2	16	75566375	75577881
ADAT1	16	75596868	75623300
TERF2IP	16	75647765	75761872
CNTNAP4	16	76277278	76560757
MON1B	16	77190835	77202398
SYCE1L	16	77199408	77213215
ADAMTS18	16	77247813	77435034
NUDT7	16	77722485	77742260
VAT1L	16	77788564	77980107
WWOX	16	78099400	79212667
MAF	16	79585843	79600737
MAFTRR	16	79605850	79770651
LINC01229	16	79676048	79809716
DYNLRB2	16	80540734	80550811
CDYL2	16	80597907	80804598
CMC2	16	80966448	81020270
CENPN	16	81006506	81033114
ATMIN	16	81035842	81047350
C16orf46	16	81053497	81077267
GCSH	16	81081945	81096406
BCO1	16	81238576	81291226
GAN	16	81314944	81390884
CMIP	16	81444808	81711762
PLCG2	16	81738248	81962685
MPHOSPH6	16	82147798	82170228
CDH13	16	82626965	83800640
HSBP1	16	83719311	83819737
MLYCD	16	83899115	83951445
OSGIN1	16	83931311	83966333
NECAB2	16	83968244	84002776
MBTPS1	16	84053761	84116942
HSDL1	16	84122141	84145212
DNAAF1	16	84145261	84178769
TAF1C	16	84177846	84187070
ADAD2	16	84191125	84197168
KCNG4	16	84218657	84240012
WFDC1	16	84294615	84329853
ATP2C2	16	84368476	84465779
COTL1	16	84565596	84618078
KLHL36	16	84643425	84667837
USP10	16	84699971	84779926
CRISPLD2	16	84819981	84920768
ZDHHC7	16	84974175	85011536
KIAA0513	16	85027709	85094230
GSE1	16	85169525	85676204
LINC00311	16	85282958	85285963
GINS2	16	85676198	85690073
C16orf74	16	85690084	85751129
EMC8	16	85771758	85799625
COX4I1	16	85798633	85807068
IRF8	16	85899116	85922606
FENDRR	16	86474525	86509099
FOXF1	16	86510527	86515422
MTHFSD	16	86530178	86555235
C16orf95	16	87083562	87317420
FBXO31	16	87326987	87392142
MAP1LC3B	16	87383953	87405090
ZCCHC14	16	87406246	87493024
JPH3	16	87601835	87698156
KLHDC4	16	87696485	87765998
SLC7A5	16	87830016	87869507
CA5A	16	87881546	87936580
BANP	16	87949127	88077321
ZNF469	16	88382959	88440757
ZFPM1	16	88453280	88537031
ZC3H18	16	88570403	88631964
CYBA	16	88643275	88651083
MVD	16	88651934	88663161
SNAI3-AS1	16	88663298	88687289
RNF166	16	88696495	88706424
CTU2	16	88706473	88715396
PIEZO1	16	88715338	88785251
CDT1	16	88803789	88809258
APRT	16	88809339	88811963
GALNS	16	88813733	88856970
TRAPPC2L	16	88856220	88862686
CBFA2T3	16	88874858	88977207
ACSF3	16	89088375	89164121
CDH15	16	89171748	89195492
ZNF778	16	89217692	89237141
ANKRD11	16	89267619	89490561
SPG7	16	89490719	89557766
RPL13	16	89560637	89567834
CPNE7	16	89575732	89597247
DPEP1	16	89613308	89638456
CHMP1A	16	89640816	89657738
SPATA33	16	89657740	89671272
CDK10	16	89680737	89696369
SPATA2L	16	89696357	89701705
VPS9D1	16	89707128	89721324
VPS9D1-AS1	16	89711856	89718165
ZNF276	16	89720400	89740925
FANCA	16	89726683	89816977
SPIRE2	16	89818179	89871319
TCF25	16	89873566	89913627
MC1R	16	89912119	89920977
TUBB3	16	89921392	89938761
DEF8	16	89948127	89968066
DBNDD1	16	90004871	90019890
GAS8	16	90019629	90044975
FAM157C	16	90101034	90222852
DOC2B	17	142789	181691
RPH3AL	17	212389	386376
VPS53	17	508503	721717
GEMIN4	17	744421	753999
GLOD4	17	757097	782341
NXN	17	799310	979776
TIMM22	17	997118	1003671
ABR	17	1003519	1229738
YWHAE	17	1344275	1400255
CRK	17	1420689	1463162
MYO1C	17	1464186	1492698
INPP5K	17	1494575	1516742
PITPNA-AS1	17	1516815	1518106
PITPNA	17	1517718	1562792
SLC43A2	17	1569268	1630103
SCARF1	17	1633851	1645753
RILP	17	1646143	1650077
PRPF8	17	1650624	1684876
TLCD2	17	1702816	1710377
MIR22HG	17	1711447	1717174
WDR81	17	1716523	1738599
SERPINF2	17	1742069	1755271
SERPINF1	17	1761979	1777627
SMYD4	17	1779485	1830634
RPA1	17	1829702	1900082
DPH1	17	2030137	2043898
HIC1	17	2054154	2063241
SMG6	17	2059839	2303785
SRR	17	2303383	2325260
TSR1	17	2322392	2336657
SGSM2	17	2337492	2381058
MNT	17	2384073	2401142
METTL16	17	2405562	2511891
PAFAH1B1	17	2593183	2685616
CLUH	17	2689386	2712663
RAP1GAP2	17	2755705	3037741
ASPA	17	3472374	3503405
TRPV3	17	3510502	3557812
TRPV1	17	3565444	3609411
SHPK	17	3608240	3636250
CTNS	17	3636459	3663103
TAX1BP3	17	3662895	3668679
P2RX5-TAX1BP3	17	3663063	3696194
EMC6	17	3668812	3669668
P2RX5	17	3672199	3696398
ITGAE	17	3714628	3801193
NCBP3	17	3802158	3846246
CAMKK1	17	3860315	3894891
P2RX1	17	3896592	3916500
ATP2A3	17	3923866	3964491
ZZEF1	17	4004445	4143628
CYB5D2	17	4143168	4187310
ANKFY1	17	4163821	4263995
UBE2G1	17	4269259	4366675
SPNS3	17	4433940	4488208
SPNS2	17	4498850	4539036
MYBBP1A	17	4538897	4555400
GGT6	17	4556927	4560818
PELP1	17	4669774	4704337
ARRB2	17	4710393	4721500
MED11	17	4731428	4733608
CXCL16	17	4733533	4739934
ZMYND15	17	4739108	4746119
VMO1	17	4785285	4786433
PSMB6	17	4796144	4798503
PLD2	17	4807117	4823434
MINK1	17	4833147	4898065
CHRNE	17	4897771	4934438
C17orf107	17	4899418	4902934
GP1BA	17	4932277	4935023
SLC25A11	17	4934570	4940156
RNF167	17	4939997	4945222
PFN1	17	4945652	4950517
ENO3	17	4948046	4957132
SPAG7	17	4959226	4967825
CAMTA2	17	4967992	4987684
INCA1	17	4988130	4999117
KIF1C	17	4997722	5028401
SLC52A1	17	5032600	5052009
ZFP3	17	5078467	5096376
ZNF232	17	5105269	5123162
USP6	17	5116032	5175034
ZNF594	17	5179535	5191868
SCIMP	17	5208920	5234860
RABEP1	17	5282259	5386340
NUP88	17	5359668	5420164
RPAIN	17	5419216	5432882
C1QBP	17	5432777	5448830
DHX33	17	5440917	5468982
DERL2	17	5471254	5486811
MIS12	17	5486285	5490816
NLRP1	17	5499415	5619424
WSCD1	17	6057807	6124427
AIPL1	17	6393693	6435199
PITPNM3	17	6451263	6556555
KIAA0753	17	6578147	6640711
TXNDC17	17	6640712	6644541
MED31	17	6643311	6651634
C17orf100	17	6651762	6693202
SLC13A5	17	6684715	6713377
XAF1	17	6755377	6775647
FBXO39	17	6776215	6797101
TEKT1	17	6789133	6831761
MIR497HG	17	6875220	7022133
RNASEK	17	7012417	7014532
BCL6B	17	7023050	7030290
SLC16A13	17	7036015	7040117
SLC16A11	17	7041621	7044092
ASGR1	17	7172535	7179648
DLG4	17	7187187	7219836
ACADVL	17	7217125	7225269
DVL2	17	7225342	7234524
PHF23	17	7235029	7239722
GABARAP	17	7240008	7242449
CTDNEP1	17	7243589	7252841
ELP5	17	7250823	7260165
CLDN7	17	7259347	7264016
SLC2A4	17	7281667	7289241
YBX2	17	7288263	7294639
EIF5A	17	7306944	7312466
GPS2	17	7311324	7315564
NEURL4	17	7315628	7329393
ACAP1	17	7332960	7351478
KCTD11	17	7351889	7354944
TMEM256-PLSCR3	17	7389734	7404097
TMEM256	17	7402975	7404097
NLGN2	17	7404874	7419860
TMEM102	17	7435430	7437679
FGF11	17	7438265	7444937
CHRNB1	17	7445061	7457710
ZBTB4	17	7459366	7484263
POLR2A	17	7484366	7514616
TNFSF12	17	7548508	7557890
SENP3	17	7561919	7571969
EIF4A1	17	7572760	7579006
CD68	17	7579380	7582112
MPDU1	17	7583529	7592789
SOX15	17	7588178	7590094
FXR2	17	7591230	7614897
SHBG	17	7613946	7633469
SAT2	17	7626234	7627876
ATP1B2	17	7646627	7657770
TP53	17	7661779	7687546
WRAP53	17	7686071	7703505
EFNB3	17	7705202	7711372
DNAH2	17	7717744	7833742
KDM6B	17	7834193	7854796
TMEM88	17	7855059	7856114
NAA38	17	7856685	7885238
CHD3	17	7884796	7912760
KCNAB3	17	7921577	7929856
TRAPPC1	17	7930345	7932123
CNTROB	17	7932101	7949920
ALOX15B	17	8039011	8049134
ALOX12B	17	8072636	8087716
HES7	17	8120592	8124106
PER1	17	8140467	8156506
VAMP2	17	8159149	8163546
TMEM107	17	8172457	8176405
BORCS6	17	8188345	8190180
AURKB	17	8204335	8210634
LINC00324	17	8220616	8224079
CTC1	17	8224815	8248058
PFAS	17	8247618	8270491
SLC25A35	17	8287763	8295410
RANGRF	17	8288631	8290092
ARHGEF15	17	8310241	8323127
KRBA2	17	8356902	8376738
RPL26	17	8377503	8384062
NDEL1	17	8408528	8490411
MYH10	17	8474205	8632303
PIK3R6	17	8802722	8867686
PIK3R5	17	8878911	8965726
NTN1	17	9021210	9244000
STX8	17	9250471	9576591
CFAP52	17	9576627	9643447
USP43	17	9644663	9729693
RCVRN	17	9896320	9905271
GAS7	17	9910606	10198853
MYH3	17	10628526	10657309
SCO1	17	10672474	10698375
ADPRM	17	10697594	10711558
TMEM220	17	10699015	10730354
TMEM220-AS1	17	10729733	10881416
PIRT	17	10822470	10838087
SHISA6	17	11241213	11564063
DNAH9	17	11598470	11969748
ZNF18	17	11977439	11997475
MAP2K4	17	12020828	12143830
ARHGAP44	17	12789498	12991643
ELAC2	17	12991268	13018065
HS3ST3A1	17	13494032	13601929
COX10	17	14069490	14231736
HS3ST3B1	17	14301081	14349404
PMP22	17	15229773	15272292
TEKT3	17	15303811	15341632
TVP23C	17	15502264	15563595
TRIM16	17	15627950	15684311
ZNF286A	17	15699577	15720787
ADORA2B	17	15945130	15975746
ZSWIM7	17	15976560	15999717
TTC19	17	15999783	16045015
NCOR1	17	16029065	16218185
PIGL	17	16217191	16351797
CENPV	17	16342534	16353656
UBB	17	16380667	16382745
TRPV2	17	16415571	16437003
LRRC75A	17	16441577	16492237
ZNF287	17	16546954	16569218
ZNF624	17	16620734	16653856
CCDC144A	17	16689537	16777974
MPRIP	17	17042457	17217679
MPRIP-AS1	17	17076038	17077752
PLD6	17	17200995	17206333
FLCN	17	17212206	17237203
COPS3	17	17246616	17281303
NT5M	17	17303331	17347663
MED9	17	17476994	17493221
RASD1	17	17494437	17496396
PEMT	17	17505561	17591718
SMCR2	17	17674026	17677688
RAI1	17	17681458	17811453
SREBF1	17	17810399	17837030
TOM1L2	17	17843507	17972469
DRC3	17	17972813	18016889
ATPAF2	17	17977409	18039209
GID4	17	18039408	18068405
DRG2	17	18087892	18107979
MYO15A	17	18108756	18179802
ALKBH5	17	18183078	18209954
LLGL1	17	18225569	18244876
FLII	17	18244782	18258772
MIEF2	17	18259527	18266552
TOP3A	17	18271428	18315007
SMCR8	17	18315293	18328056
SHMT1	17	18327686	18363550
LGALS9C	17	18476737	18494945
FAM106A	17	18511221	18625681
ZNF286B	17	18658429	18682228
TRIM16L	17	18697967	18736119
FBXW10	17	18744026	18779349
TVP23B	17	18781111	18806715
PRPSAP2	17	18840085	18931287
FAM83G	17	18968789	19004815
GRAP	17	19020656	19047143
EPN2	17	19214837	19336715
EPN2-AS1	17	19296596	19306261
B9D1	17	19334308	19378193
MAPK7	17	19377721	19383544
MFAP4	17	19383442	19387197
RNF112	17	19410959	19417281
SLC47A1	17	19495385	19579034
ALDH3A2	17	19647291	19685760
SLC47A2	17	19678288	19718979
ULK2	17	19770829	19867937
AKAP10	17	19904302	19978343
SPECC1	17	20008865	20319026
CCDC144NL-AS1	17	20841125	21002324
USP22	17	20999596	21043760
LINC01563	17	21075362	21119870
DHRS7B	17	21123364	21193265
TMEM11	17	21197954	21214595
NATD1	17	21238870	21253410
MAP2K3	17	21284672	21315240
WSB1	17	27294067	27315926
KSR1	17	27456448	27626438
LGALS9	17	27629798	27649561
NOS2	17	27756766	27800758
LYRM9	17	27878314	27894752
NLK	17	28041723	28196381
TMEM97	17	28319200	28328685
IFT20	17	28328319	28335489
TNFAIP1	17	28335602	28347009
POLDIP2	17	28346173	28357584
SARM1	17	28364356	28404049
SLC46A1	17	28394642	28407197
UNC119	17	28546708	28552653
PIGS	17	28553383	28571794
ALDOC	17	28573115	28576948
SPAG5	17	28577565	28599025
SDF2	17	28648346	28662189
SUPT6H	17	28661929	28702682
PROCA1	17	28703197	28711888
RAB34	17	28713545	28719594
RPL23A	17	28719983	28724359
TLCD1	17	28724348	28727935
NEK8	17	28725897	28743455
TRAF4	17	28744011	28750956
FAM222B	17	28755971	28855232
ERAL1	17	28855009	28861067
FLOT2	17	28879335	28897739
DHRS13	17	28897781	28903079
PHF12	17	28905250	28951771
PIPOX	17	28950513	29057583
SEZ6	17	28954901	29006440
MYO18A	17	29071119	29180456
NUFIP2	17	29255839	29294148
TAOK1	17	29390351	29551903
ABHD15	17	29560547	29567037
TP53I13	17	29566052	29573164
GIT1	17	29573475	29594054
ANKRD13B	17	29589769	29614761
CORO6	17	29614756	29622923
SSH2	17	29625938	29930276
EFCAB5	17	29929200	30108452
NSRP1	17	30115521	30186475
SLC6A4	17	30194312	30238482
BLMH	17	30248200	30292152
CPD	17	30378922	30469989
GOSR1	17	30477362	30527592
CRLF3	17	30769388	30824692
ATAD5	17	30831966	30895869
TEFM	17	30897336	30906249
ADAP2	17	30906344	30959945
RNF135	17	30970984	30999911
NF1	17	31094927	31382116
OMG	17	31272013	31297539
EVI2B	17	31303770	31314421
EVI2A	17	31316410	31321749
RAB11FIP4	17	31391675	31538211
COPRS	17	31851871	31859291
UTP6	17	31860904	31901746
SUZ12	17	31936995	32001045
LRRC37B	17	32007383	32053504
RHOT1	17	32142442	32253374
RHBDL3	17	32265787	32324663
C17orf75	17	32324565	32350023
ZNF207	17	32350122	32381885
PSMD11	17	32444379	32483319
CDK5R1	17	32486156	32491253
MYO1D	17	32492522	32877192
TMEM98	17	32927910	32945106
ASIC2	17	33013087	34174964
CCL2	17	34255274	34257208
CCL7	17	34270221	34272242
CCL8	17	34319435	34321402
TMEM132E	17	34579487	34639318
CCT6B	17	34927859	34981078
ZNF830	17	34961540	34963777
LIG3	17	34980462	35009743
RFFL	17	35005990	35089899
RAD51D	17	35092221	35121522
NLE1	17	35128730	35142306
SLFN5	17	35243043	35273655
SLFN11	17	35350305	35373701
SLFN12	17	35409347	35433475
SLFN13	17	35435096	35449766
SLFN12L	17	35464249	35537683
PEX12	17	35574795	35578863
AP2B1	17	35578046	35726417
RASL10B	17	35731639	35743521
MMP28	17	35756249	35795707
TAF15	17	35809481	35864615
CCL5	17	35871491	35880793
RDM1	17	35918066	35930773
CCL18	17	36064272	36072032
CCL3	17	36088256	36090169
CCL4	17	36103827	36105621
CCL4L2	17	36210924	36212878
ZNHIT3	17	36486629	36499310
MYO19	17	36495118	36545884
PIGW	17	36534987	36539310
GGNBP2	17	36544888	36589848
DHRS11	17	36591797	36600805
MRM1	17	36601583	36608971
LHX1	17	36936784	36944612
AATF	17	36948925	37056874
ACACA	17	37084992	37406836
TADA2A	17	37406884	37479725
DUSP14	17	37488397	37513517
SYNRG	17	37514807	37609472
DDX52	17	37609739	37643446
MRPL45	17	38297023	38323218
SOCS7	17	38351844	38405593
ARHGAP23	17	38419280	38512385
SRCIN1	17	38530031	38605952
MLLT6	17	38705273	38729795
CISD3	17	38730318	38735605
PCGF2	17	38733894	38752555
PSMB3	17	38752736	38764231
PIP4K2B	17	38765691	38800126
CWC25	17	38800441	38825646
RPL23	17	38847860	38868644
LASP1	17	38869185	38921771
PLXDC1	17	39063313	39154394
CACNB1	17	39173453	39197723
RPL19	17	39200283	39204840
STAC2	17	39210540	39225945
FBXL20	17	39252663	39402523
MED1	17	39404285	39451272
CDK12	17	39461437	39567559
NEUROD2	17	39603536	39609777
PPP1R1B	17	39626740	39636626
STARD3	17	39637090	39664201
TCAP	17	39665349	39666554
PNMT	17	39667981	39670475
PGAP3	17	39671122	39696797
ERBB2	17	39687914	39730426
MIEN1	17	39728496	39730555
IKZF3	17	39757715	39864312
GSDMB	17	39904595	39919854
ORMDL3	17	39921037	39929328
GSDMA	17	39953263	39977768
PSMD3	17	39980800	39997960
MED24	17	40019097	40061215
THRA	17	40058290	40093867
NR1D1	17	40092793	40100589
MSL1	17	40121971	40136917
CASC3	17	40140278	40177001
RAPGEFL1	17	40177010	40195656
WIPF2	17	40218743	40284136
CDC6	17	40287831	40304657
RARA	17	40309180	40357643
RARA-AS1	17	40340867	40343136
TOP2A	17	40388525	40417896
IGFBP4	17	40443446	40457727
CCR7	17	40551081	40565472
SMARCE1	17	40624962	40648654
KRT10	17	40818117	40822614
EIF1	17	41688883	41692668
HAP1	17	41717742	41734644
JUP	17	41750887	41786931
P3H4	17	41801944	41812750
FKBP10	17	41812680	41823221
NT5C3B	17	41825057	41836260
KLHL11	17	41848518	41865423
ACLY	17	41866916	41930545
CNP	17	41966763	41977740
DNAJC7	17	41976421	42021376
NKIRAS2	17	42011382	42025644
ZNF385C	17	42025576	42098479
DHX58	17	42101404	42112733
KAT2A	17	42113111	42121382
HSPB9	17	42122804	42123352
RAB5C	17	42124976	42155044
KCNH4	17	42156891	42181142
HCRT	17	42184060	42185452
GHDC	17	42188799	42194513
STAT5B	17	42199176	42288633
STAT5A	17	42287547	42311943
STAT3	17	42313324	42388568
ATP6V0A1	17	42458844	42522582
NAGLU	17	42536241	42544449
HSD17B1	17	42552922	42555214
COASY	17	42561467	42566277
MLX	17	42567072	42573239
PSMC3IP	17	42572310	42577831
TUBG1	17	42609637	42615241
TUBG2	17	42659223	42667007
PLEKHH3	17	42667914	42677030
CCR10	17	42678889	42683917
CNTNAP1	17	42682531	42699993
EZH1	17	42700270	42745060
RAMP2-AS1	17	42753910	42761625
RAMP2	17	42758447	42763041
VPS25	17	42773449	42779599
WNK4	17	42780610	42797066
COA3	17	42795147	42798704
CNTD1	17	42798800	42811587
BECN1	17	42809870	42833350
PSME3	17	42824385	42843760
AOC2	17	42844580	42850707
AOC3	17	42851184	42858130
AARSD1	17	42950431	42964498
PTGES3L	17	42968088	42980499
RUNDC1	17	42980552	42995142
RPL27	17	42998273	43002973
IFI35	17	43006740	43014456
VAT1	17	43010692	43025123
RND2	17	43025222	43032041
BRCA1	17	43044292	43170245
NBR1	17	43170317	43211689
TMEM106A	17	43211835	43220041
LINC00910	17	43338741	43389226
ARL4D	17	43398150	43401137
DHX8	17	43483865	43610338
ETV4	17	43527842	43579620
DUSP3	17	43766121	43779000
MPP3	17	43800799	43833170
CD300LG	17	43847114	43863639
MPP2	17	43875357	43909711
NAGS	17	44004581	44011028
TMEM101	17	44011188	44023946
LSM12	17	44034328	44067619
G6PC3	17	44070620	44082151
HDAC5	17	44076746	44123702
ASB16-AS1	17	44157293	44187180
TMUB2	17	44186966	44191931
ATXN7L3	17	44191805	44200961
UBTF	17	44205033	44221626
RUNDC3A-AS1	17	44299567	44315515
RUNDC3A	17	44307947	44318675
SLC25A39	17	44319625	44325801
GRN	17	44345108	44353106
FAM171A2	17	44353215	44363868
ITGA2B	17	44372177	44389649
GPATCH8	17	44395281	44503595
FZD2	17	44557484	44561262
MEIOC	17	44656404	44690308
CCDC43	17	44673069	44689779
DBF4B	17	44708608	44752264
ADAM11	17	44758988	44781846
GJC1	17	44798448	44831496
HIGD1B	17	44844791	44850480
EFTUD2	17	44849948	44899626
GFAP	17	44903159	44916937
KIF18B	17	44924707	44947776
NMT1	17	44957992	45109016
C1QL1	17	44959693	44968303
DCAKD	17	45023338	45061131
PLCD3	17	45108959	45133354
ACBD4	17	45132600	45144181
HEXIM1	17	45148475	45152099
HEXIM2	17	45160700	45170701
FMNL1	17	45220736	45247319
MAP3K14	17	45263119	45317112
ARHGAP27	17	45393898	45434421
PLEKHM1	17	45435900	45490758
MAPT-AS1	17	45799390	45895704
MAPT	17	45894358	46028334
KANSL1	17	46029916	46225389
KANSL1-AS1	17	46193552	46197842
ARL17B	17	46274184	46361766
LRRC37A	17	46292733	46338077
ARL17A	17	46499780	46579695
LRRC37A2	17	46511508	46556910
FAM215B	17	46558830	46562795
NSF	17	46590669	46757679
WNT3	17	46762506	46833154
GOSR2	17	46923075	46975524
RPRML	17	46978156	46979253
CDC27	17	47117703	47189422
MYL4	17	47200446	47227683
ITGB3	17	47253827	47313743
EFCAB13	17	47323290	47441312
NPEPPS	17	47522942	47624665
KPNB1	17	47649476	47685505
TBKBP1	17	47694030	47712063
TBX21	17	47733236	47746126
OSBPL7	17	47807367	47821803
MRPL10	17	47823272	47831541
LRRC46	17	47831634	47837719
SCRN2	17	47837683	47842125
SP6	17	47844908	47855874
SP2-AS1	17	47873927	47941417
SP2	17	47896150	47928957
PNPO	17	47941506	47949308
CDK5RAP3	17	47967810	47981781
COPZ2	17	48026142	48038030
NFE2L1	17	48047889	48061545
CBX1	17	48070052	48101485
SNX11	17	48103357	48123601
SKAP1	17	48133437	48430275
HOXB2	17	48540894	48545109
HOXB-AS1	17	48543002	48554788
HOXB3	17	48548870	48604912
HOXB4	17	48575507	48578350
HOXB6	17	48595525	48604992
HOXB7	17	48607232	48633572
CALCOCO2	17	48830971	48868228
UBE2Z	17	48908398	48929056
SNF8	17	48929316	48944842
GNGT2	17	49202791	49210593
ABI3	17	49210411	49223225
ZNF652	17	49289206	49362473
NGFR	17	49495293	49515008
NXPH3	17	49575871	49583827
SPOP	17	49598884	49678201
SLC35B1	17	49700934	49709014
FAM117A	17	49710332	49789180
KAT7	17	49788624	49835026
TAC4	17	49838300	49848069
ITGA3	17	50055968	50090485
PDK2	17	50094737	50112152
SAMD14	17	50110040	50130160
PPP1R9B	17	50133737	50150703
COL1A1	17	50184101	50201634
XYLT2	17	50346080	50363138
MRPL27	17	50367857	50373207
EME1	17	50373220	50381483
LRRC59	17	50375059	50398227
ACSF2	17	50426158	50474845
RSAD1	17	50478820	50485984
MYCBPAP	17	50508409	50531501
SPATA20	17	50543058	50556481
CACNA1G	17	50560715	50627474
ABCC3	17	50634609	50692631
ANKRD40	17	50693198	50707914
LUC7L3	17	50719565	50756219
TOB1	17	50862223	50867978
SPAG9	17	50962174	51120926
NME1	17	51152949	51162428
NME2	17	51163013	51171749
MBTD1	17	51177419	51261114
UTP18	17	51260491	51297936
CA10	17	51630313	52160017
TOM1L1	17	54899387	54963841
COX11	17	54951902	54968703
STXBP4	17	54968727	55173632
HLF	17	55264960	55325187
MMD	17	55392616	55421944
TMEM100	17	55718739	55732121
PCTP	17	55751051	55842830
ANKFN1	17	55882301	56517016
NOG	17	56593699	56595611
C17orf67	17	56791913	56838773
DGKE	17	56834103	56869567
TRIM25	17	56836387	56914080
COIL	17	56938199	56961050
SCPEP1	17	56978111	57006768
AKAP1	17	57085092	57121349
MSI2	17	57255851	57684689
MRPS23	17	57834781	57850076
CUEDC1	17	57861243	57955851
VEZF1	17	57971547	57988389
SRSF1	17	58000919	58007346
DYNLL2	17	58082863	58095542
MKS1	17	58205350	58219605
LPO	17	58218548	58268518
SUPT4H1	17	58345175	58353093
RNF43	17	58353676	58417735
MTMR4	17	58489529	58517905
TEX14	17	58556678	58692055
RAD51C	17	58692573	58735611
PPM1E	17	58755854	58985179
TRIM37	17	58982638	59106921
SKA2	17	59109857	59155260
PRR11	17	59155732	59206709
SMG8	17	59209400	59215248
GDPD1	17	59220467	59275970
YPEL2	17	59331655	59401729
DHX40	17	59565558	59610481
CLTC	17	59619680	59696956
PTRH2	17	59674636	59707638
VMP1	17	59707192	59842255
TUBD1	17	59859426	59892945
RPS6KB1	17	59893046	59950574
RNFT1	17	59952240	59964761
HEATR6	17	60041008	60078932
CA4	17	60147838	60170899
USP32	17	60177327	60422470
APPBP2	17	60443158	60526242
PPM1D	17	60599735	60666280
BCAS3	17	60677453	61392838
TBX2-AS1	17	61361666	61413305
TBX2	17	61399630	61409466
NACA2	17	61590421	61591219
BRIP1	17	61679139	61863561
INTS2	17	61865367	61928016
MED13	17	61942605	62065278
EFCAB3	17	62343941	62416480
METTL2A	17	62423875	62453385
TLK2	17	62458658	62615481
MRC2	17	62627670	62693597
TANC2	17	62966235	63427703
CYB561	17	63432298	63447108
ACE	17	63477058	63498380
KCNH6	17	63523310	63548987
DCAF7	17	63550222	63594286
TACO1	17	63600882	63608365
MAP3K3	17	63622381	63696305
STRADA	17	63682336	63741986
LIMD2	17	63695883	63701172
CCDC47	17	63745255	63776351
DDX42	17	63773603	63819429
FTSJ3	17	63819433	63830012
PSMC5	17	63827152	63832244
SMARCD2	17	63832081	63843065
CD79B	17	63928738	63932629
SCN4A	17	63938554	63972918
PRR29	17	63998351	64004305
ICAM2	17	64002594	64020635
ERN1	17	64039080	64130819
SNHG25	17	64145208	64146810
TEX2	17	64147227	64263291
PECAM1	17	64319415	64413776
MILR1	17	64449037	64492770
POLG2	17	64477781	64497071
DDX5	17	64498254	64508199
CEP95	17	64506767	64542461
SMURF2	17	64542282	64662335
LRRC37A3	17	64854130	64919480
GNA13	17	65009289	65056817
RGS9	17	65100812	65227703
AXIN2	17	65528561	65562067
CEP112	17	65635537	66192251
PRKCA	17	66302613	66810743
CACNG4	17	66964707	67033400
CACNG1	17	67044554	67056797
HELZ	17	67070444	67245989
PSMD12	17	67337916	67366605
PITPNC1	17	67377281	67697256
NOL11	17	67717812	67744531
BPTF	17	67825503	67984378
C17orf58	17	67991099	67996469
KPNA2	17	68035636	68047364
AMZ2	17	68205481	68257712
ARSG	17	68259182	68422731
SLC16A6	17	68267026	68291267
WIPI1	17	68420948	68457520
PRKAR1A	17	68511780	68551319
FAM20A	17	68535113	68601384
ABCA8	17	68866052	68955470
ABCA9	17	68974488	69060949
ABCA6	17	69074255	69142031
ABCA10	17	69147214	69244846
ABCA5	17	69244311	69327244
MAP2K6	17	69414683	69553865
LINC01483	17	69563386	69903566
LINC01497	17	69913385	69994845
KCNJ16	17	70053429	70135608
KCNJ2-AS1	17	70166961	70169404
KCNJ2	17	70168302	70180044
LINC01152	17	72030291	72041310
SOX9	17	72121020	72126416
LINC00511	17	72221072	72640472
SLC39A11	17	72645947	73092712
SSTR2	17	73165010	73176633
COG1	17	73193038	73209422
CDC42EP4	17	73283624	73312005
SDK2	17	73334384	73644445
RPL38	17	74202841	74210655
TTYH2	17	74213518	74262020
KIF19	17	74326188	74355835
BTBD17	17	74356416	74361868
GPRC5C	17	74424851	74451653
CD300A	17	74466399	74484798
CD300LB	17	74519000	74531475
CD300C	17	74534362	74546133
CD300E	17	74609878	74623738
RAB37	17	74670578	74747337
CD300LF	17	74694308	74712981
NAT9	17	74770522	74776384
TMEM104	17	74776477	74839753
GRIN2C	17	74842022	74861767
FDXR	17	74862494	74873039
FADS6	17	74877295	74893781
HID1	17	74950741	74973166
CDR2L	17	74987583	75005800
KCTD2	17	75032575	75065889
SLC16A5	17	75077226	75106162
ARMC7	17	75109952	75130272
NT5C	17	75130225	75131776
SUMO2	17	75165586	75182991
NUP85	17	75205659	75235758
GGA3	17	75236595	75262363
MRPS7	17	75261670	75270708
MIF4GD	17	75266228	75271237
SLC25A19	17	75272012	75289968
GRB2	17	75318076	75405709
TMEM94	17	75441159	75500452
CASKIN2	17	75500261	75515621
TSEN54	17	75515944	75524736
LLGL2	17	75525080	75575215
MYO15B	17	75587800	75626849
RECQL5	17	75626845	75667190
SMIM5	17	75628368	75642570
SAP30BP	17	75667230	75708062
ITGB4	17	75721190	75757821
GALK1	17	75751470	75765251
UNK	17	75784806	75825799
UNC13D	17	75827225	75845353
WBP2	17	75845699	75856507
TRIM47	17	75874164	75878581
TRIM65	17	75880335	75897014
MRPL38	17	75898643	75905093
FBF1	17	75909574	75941140
ACOX1	17	75941507	75979459
SRP68	17	76038775	76072517
ZACN	17	76071961	76083666
GALR2	17	76074781	76077537
EXOC7	17	76080995	76121576
FOXJ1	17	76136333	76141245
RNF157	17	76142465	76240532
UBALD2	17	76265348	76271298
QRICH2	17	76274049	76308276
PRPSAP1	17	76309478	76384521
SPHK1	17	76376584	76387860
UBE2O	17	76389456	76453208
AANAT	17	76452749	76470122
RHBDF2	17	76470891	76501790
CYGB	17	76527356	76551175
PRCD	17	76527586	76553578
ST6GALNAC2	17	76565377	76586956
ST6GALNAC1	17	76624756	76643812
MXRA7	17	76672551	76711004
JMJD6	17	76712832	76726784
METTL23	17	76725981	76733936
SRSF2	17	76734115	76737395
MFSD11	17	76735865	76781449
MGAT5B	17	76868404	76950393
SEC14L1	17	77088749	77217101
TNRC6C	17	77958624	78108822
TMC6	17	78107397	78132579
TMC8	17	78130770	78142968
C17orf99	17	78146385	78166297
SYNGR2	17	78168567	78173527
TK1	17	78172780	78187233
AFMID	17	78187330	78207703
BIRC5	17	78214186	78225636
TMEM235	17	78231310	78240987
SOCS3	17	78356778	78360930
PGS1	17	78378637	78425114
DNAH17	17	78423697	78577396
CYTH1	17	78674048	78782298
USP36	17	78787381	78841441
TIMP2	17	78852977	78925387
LGALS3BP	17	78971238	78979962
CANT1	17	78991707	79009867
C1QTNF1	17	79022729	79049788
ENGASE	17	79074824	79088599
RBFOX3	17	79089345	79611258
CBX2	17	79778148	79787983
CBX8	17	79792132	79801683
CBX4	17	79833156	79839469
TBC1D16	17	79932343	80035877
CCDC40	17	80036632	80100613
GAA	17	80101533	80119881
EIF4A3	17	80134369	80147151
CARD14	17	80169992	80216073
SGSH	17	80206716	80220923
SLC26A11	17	80219699	80253509
RNF213	17	80260852	80398794
ENDOV	17	80415158	80438086
NPTX1	17	80466834	80477843
RPTOR	17	80544819	80966371
CHMP6	17	80991598	81009517
BAIAP2	17	81035122	81117434
AATK	17	81110487	81166223
CEP131	17	81189592	81223014
SLC38A10	17	81244811	81295567
TMEM105	17	81311270	81330674
BAHCC1	17	81395457	81466331
ACTG1	17	81509413	81523847
FAAP100	17	81539885	81553961
NPLOC4	17	81556887	81648465
TSPAN10	17	81637171	81648754
PDE6G	17	81650459	81663112
OXLD1	17	81665036	81666635
CCDC137	17	81666737	81673904
ARL16	17	81681165	81683797
HGS	17	81683326	81703138
MRPL12	17	81703367	81707517
SLC25A10	17	81711951	81721969
PPP1R27	17	81833488	81835050
P4HB	17	81843159	81860856
ARHGDIA	17	81867719	81871378
ALYREF	17	81887835	81891586
ANAPC11	17	81890669	81900991
NPB	17	81900745	81902905
PCYT2	17	81900958	81911461
SIRT7	17	81911939	81921323
MAFG	17	81918270	81927735
PYCR1	17	81932378	81942412
MYADML2	17	81939645	81947233
ASPSCR1	17	81976807	82017406
LRRC45	17	82023294	82031153
RAC3	17	82031637	82034204
DCXR	17	82035136	82037776
RFNG	17	82047902	82051831
GPS1	17	82050691	82058057
DUS1L	17	82057506	82066206
FASN	17	82078338	82098294
CCDC57	17	82101459	82212878
SLC16A3	17	82217878	82261129
CSNK1D	17	82239023	82273700
CD7	17	82313564	82317608
SECTM1	17	82321024	82335518
OGFOD3	17	82389210	82418637
NARF	17	82458180	82490537
FOXK2	17	82519689	82644662
WDR45B	17	82614562	82648553
RAB40B	17	82654973	82698698
FN3KRP	17	82716706	82730328
FN3K	17	82735603	82751197
TBCD	17	82751855	82945918
B3GNTL1	17	82942149	83051829
METRNL	17	83079609	83095122
USP14	18	158351	214629
THOC1	18	214515	268053
COLEC12	18	316737	500722
CLUL1	18	596988	650334
TYMS	18	657515	676613
ENOSF1	18	670318	712722
YES1	18	721588	813276
ADCYAP1	18	904871	912172
METTL4	18	2537525	2571509
NDC80	18	2571520	2616635
SMCHD1	18	2655668	2805017
EMILIN2	18	2846930	2916003
LPIN2	18	2885296	3013345
MYOM1	18	3066693	3220126
MYL12A	18	3247481	3256260
MYL12B	18	3261479	3278461
TGIF1	18	3411608	3459978
GAPLINC	18	3466200	3487049
DLGAP1	18	3496032	4455307
DLGAP1-AS1	18	3593732	3598363
DLGAP1-AS2	18	3594114	3610103
DLGAP1-AS4	18	3930914	4024157
LINC00526	18	5232876	5239390
LINC00667	18	5237826	5290609
ZBTB14	18	5288863	5297053
EPB41L3	18	5392379	5630700
TMEM200C	18	5882072	5896084
L3MBTL4	18	5952760	6415477
L3MBTL4-AS1	18	6256747	6260934
ARHGAP28	18	6729680	6915716
LAMA1	18	6941742	7117859
PTPRM	18	7566782	8406861
RAB12	18	8609437	8639383
MTCL1	18	8705271	8832780
NDUFV2	18	9102433	9134346
NDUFV2-AS1	18	9121176	9136645
ANKRD12	18	9136228	9285985
TWSG1	18	9334694	9402420
RALBP1	18	9474991	9538114
PPP4R1	18	9546791	9615240
PPP4R1-AS1	18	9613521	9619370
RAB31	18	9708246	9862551
TXNDC2	18	9885766	9889275
VAPA	18	9913916	9960021
LINC01254	18	10404764	10414515
APCDD1	18	10454635	10489949
NAPG	18	10525905	10552766
PIEZO2	18	10666483	11149569
GNAL	18	11689264	11885685
CHMP1B	18	11851413	11854444
MPPE1	18	11882622	11909180
IMPA2	18	11981025	12030877
ANKRD62	18	12093843	12129764
TUBB6	18	12307287	12344320
AFG3L2	18	12328932	12377473
PRELID3A	18	12407896	12432238
SPIRE1	18	12446512	12658119
PSMG2	18	12658043	12728945
CEP76	18	12661833	12702777
PTPN2	18	12785478	12929643
SEH1L	18	12947133	12987667
CEP192	18	12991315	13125053
LDLRAD4	18	13216173	13652755
FAM210A	18	13663347	13726663
RNMT	18	13726660	13764556
ZNF519	18	14057457	14132490
ANKRD30B	18	14728272	14854667
ROCK1	18	20944612	21111813
GREB1L	18	21242229	21526112
ESCO1	18	21529041	21600966
SNRPD1	18	21612314	21633524
ABHD3	18	21650898	21704808
MIB1	18	21704957	21870953
CTAGE1	18	22413599	22417915
RBBP8	18	22798261	23026488
CABLES1	18	23134564	23260470
TMEM241	18	23197144	23437971
RIOK3	18	23453280	23486603
NPC1	18	23506184	23586969
ANKRD29	18	23598926	23663088
LAMA3	18	23689453	23956222
TTC39C-AS1	18	23987749	24015521
TTC39C	18	23992773	24135970
CABYR	18	24138987	24161603
OSBPL1A	18	24162045	24397880
IMPACT	18	24426634	24453531
HRH4	18	24460637	24479961
ZNF521	18	25061924	25352194
SS18	18	26016253	26091217
TAF4B	18	26226393	26391685
KCTD1	18	26454910	26657401
AQP4-AS1	18	26655505	27190698
AQP4	18	26852043	26865771
CHST9	18	26906481	27185344
CDH2	18	27932879	28177946
DSC2	18	31058545	31102600
DSG3	18	31447741	31478702
DSG2	18	31497624	31551351
B4GALT6	18	31621911	31685836
TRAPPC8	18	31829197	31953136
RNF125	18	32018174	32088144
RNF138	18	32091871	32131561
GAREM1	18	32124877	32470882
KLHL14	18	32672601	32773023
CCDC178	18	32937402	33441101
ASXL3	18	33578219	33751195
NOL4	18	33851100	34224952
DTNA	18	34493291	34891844
MAPRE2	18	34976928	35143470
ZNF397	18	35240508	35267133
ZSCAN30	18	35251058	35290245
ZNF24	18	35332227	35345502
ZNF396	18	35366694	35381746
INO80C	18	35452230	35497979
GALNT1	18	35580892	35713370
C18orf21	18	35972625	35979286
RPRD1A	18	35984387	36067576
SLC39A6	18	36108531	36129385
ELP2	18	36129444	36180557
MOCOS	18	36186894	36272157
FHOD3	18	36297676	36780220
TPGS2	18	36777647	36829216
KIAA1328	18	36828982	37232172
CELF4	18	37243040	37565994
PIK3C3	18	41955207	42087830
LINC00907	18	42159087	42734297
RIT2	18	42743218	43115719
SYT4	18	43267892	43277535
SETBP1	18	44680173	45068510
SLC14A2	18	45212995	45683688
SLC14A1	18	45687025	45752521
EPG5	18	45800581	45967340
SIGLEC15	18	45825675	45844094
PSTPIP2	18	45983536	46072296
HAUS1	18	46104329	46129404
ST8SIA5	18	46667821	46759257
PIAS2	18	46803218	46920160
KATNAL2	18	46917492	47103478
HDHD2	18	47076104	47151106
IER3IP1	18	47152834	47176381
SMAD2	18	47808957	47931569
ZBTB7C	18	48026672	48410752
CTIF	18	48539005	48863217
SMAD7	18	48919853	48952020
DYM	18	49036387	49461347
C18orf32	18	49477243	49487256
RPL17	18	49488346	49492564
LIPG	18	49560699	49599185
ACAA2	18	49782164	49813953
SNHG22	18	49813944	49851059
MYO5B	18	49822789	50195164
CFAP53	18	50227193	50266504
MBD1	18	50266746	50281846
CXXC1	18	50282331	50287857
SKA1	18	50375017	50394176
MAPK4	18	50559451	50731830
MRO	18	50795120	50825449
ME2	18	50878819	50954257
ELAC1	18	50967989	50988991
SMAD4	18	51028528	51085045
MEX3C	18	51174550	51218333
DCC	18	52340197	53535899
MBD2	18	54151606	54224669
POLI	18	54269510	54321266
STARD6	18	54324358	54357964
C18orf54	18	54357903	54385218
RAB27B	18	54717857	54895516
CCDC68	18	54901504	54959519
TCF4	18	55222185	55664787
LINC01415	18	55776727	55781722
TXNL1	18	56597209	56651600
WDR7	18	56651343	57029811
ST8SIA3	18	57352557	57371731
ONECUT2	18	57435374	57491298
FECH	18	57544377	57586761
ATP8B1	18	57646426	57803560
NEDD4L	18	58044050	58401540
ALPK2	18	58481247	58629091
MALT1	18	58671426	58754477
ZNF532	18	58862600	58986480
SEC11C	18	59139475	59158837
LMAN1	18	59327823	59359265
CCBE1	18	59430939	59697694
PMAIP1	18	59899644	59904305
CDH20	18	61333430	61555779
RNF152	18	61808067	61895097
PIGN	18	61905255	62187118
TNFRSF11A	18	62325269	62391288
ZCCHC2	18	62523025	62587709
PHLPP1	18	62715464	62980433
BCL2	18	63123346	63320128
KDSR	18	63327566	63367615
VPS4B	18	63389190	63422483
HMSD	18	63949301	63981774
SERPINB8	18	63970029	64019779
CDH7	18	65750252	65890337
CDH19	18	66501083	66604438
DSEL	18	67506587	67516723
TMX3	18	68673688	68715147
CCDC102B	18	68715138	69057126
DOK6	18	69400888	69849087
CD226	18	69831158	69961803
RTTN	18	70003031	70206028
SOCS6	18	70288888	70330199
NETO1	18	72742314	72868146
FBXO15	18	74073344	74147867
TIMM21	18	74148512	74160531
CYB5A	18	74250846	74291995
CNDP2	18	74494112	74523557
CNDP1	18	74534400	74587212
ZNF407	18	74597848	75065671
TSHZ1	18	75210755	75289950
ZNF516	18	76357682	76496132
LINC00908	18	76528580	76693637
ZNF236	18	76822557	76972901
MBP	18	76978827	77133683
GALR1	18	77249848	77277900
SALL3	18	78979818	79002677
ATP9B	18	79069272	79378391
NFATC1	18	79395856	79529325
CTDP1	18	79679803	79754503
KCNG2	18	79797904	79900184
HSBP1L1	18	79964582	79970823
TXNL4A	18	79970813	80033949
RBFA	18	80034389	80050651
ADNP2	18	80109262	80147523
PARD6G-AS1	18	80147907	80179839
PARD6G	18	80157232	80247514
PLPP2	19	278504	291403
MIER2	19	305573	344815
C2CD4C	19	405443	409147
SHC2	19	416589	461100
MADCAM1	19	489176	505343
TPGS1	19	507497	519654
CDC34	19	531721	542092
BSG	19	571277	583498
HCN2	19	589881	617159
POLRMT	19	617168	633572
FGF22	19	639879	644373
RNF126	19	647526	663233
FSTL3	19	676392	683392
PALM	19	708935	748329
MISP	19	748404	764363
PTBP1	19	797075	812327
PLPPR3	19	812487	822619
CFD	19	859453	869490
MED16	19	867630	893218
R3HDM4	19	896503	913245
KISS1R	19	917287	921005
ARID3A	19	924528	975939
WDR18	19	984294	998438
GRIN3B	19	1000419	1009732
TMEM259	19	1009648	1021179
CNN2	19	1026547	1039077
ABCA7	19	1039997	1065572
POLR2E	19	1085104	1095389
GPX4	19	1103982	1106791
SBNO2	19	1107636	1174295
STK11	19	1177558	1228431
CBARP	19	1228284	1239465
MIDN	19	1248331	1259145
CIRBP	19	1259384	1274880
CIRBP-AS1	19	1267471	1270260
EFNA2	19	1285873	1301431
NDUFS7	19	1383527	1395590
GAMT	19	1397026	1401570
DAZAP1	19	1407536	1435687
RPS15	19	1438354	1440497
APC2	19	1446302	1473244
C19orf25	19	1461143	1479565
PCSK4	19	1481428	1490752
REEP6	19	1491034	1497927
PLK5	19	1508023	1536046
MEX3D	19	1554672	1568325
MBD3	19	1573596	1592869
UQCR11	19	1597154	1605500
TCF3	19	1609291	1652911
ATP8B3	19	1782075	1812276
REXO1	19	1815248	1848493
KLF16	19	1852399	1863579
ABHD17A	19	1876810	1885618
SCAMP4	19	1905214	1926013
ADAT3	19	1905399	1913447
CSNK1G2	19	1941146	1981339
BTBD2	19	1985438	2034881
MKNK2	19	2037465	2061220
MOB3A	19	2071032	2096679
IZUMO4	19	2096429	2099593
AP3D1	19	2100982	2164468
DOT1L	19	2163933	2232578
PLEKHJ1	19	2230084	2237704
SF3A2	19	2236823	2248672
AMH	19	2249309	2252073
JSRP1	19	2252074	2269759
OAZ1	19	2269509	2273492
LINGO3	19	2287164	2308174
LSM7	19	2321520	2328612
SPPL2B	19	2328613	2355095
TMPRSS9	19	2360238	2426261
TIMM13	19	2425625	2427588
LMNB2	19	2427638	2456992
GADD45B	19	2476122	2478805
GNG7	19	2511214	2702724
DIRAS1	19	2714566	2721438
SLC39A3	19	2732204	2740070
SGTA	19	2754711	2783390
THOP1	19	2785494	2815807
ZNF554	19	2819868	2836735
ZNF555	19	2841437	2860471
ZNF556	19	2867335	2883445
ZNF57	19	2900914	2919102
ZNF77	19	2933218	2944971
TLE6	19	2977538	2995179
TLE2	19	2997639	3047635
GNA11	19	3094362	3123999
GNA15	19	3136033	3163749
NCLN	19	3185563	3209575
CELF5	19	3224650	3297076
NFIC	19	3314403	3469217
SMIM24	19	3473986	3480525
DOHH	19	3490821	3500936
FZR1	19	3506277	3538334
MFSD12	19	3538261	3574290
HMG20B	19	3572741	3579088
GIPC3	19	3585478	3593541
TBXA2R	19	3594506	3606895
CACTIN	19	3610645	3626815
PIP5K1C	19	3630181	3700487
APBA3	19	3750772	3761700
MRPL54	19	3762672	3768575
MATK	19	3777969	3802129
ZFR2	19	3804024	3869038
ATCAY	19	3879864	3928082
DAPK3	19	3958453	3971123
EEF2	19	3976044	3985479
PIAS4	19	4007695	4039386
ZBTB7A	19	4043303	4067636
MAP2K2	19	4090317	4124216
SIRT6	19	4174109	4182599
ANKRD24	19	4182630	4224818
EBI3	19	4229314	4237528
SHD	19	4279030	4290725
TMIGD2	19	4292227	4302431
FSD1	19	4304595	4323843
STAP2	19	4324040	4342786
MPND	19	4343527	4360086
SH3GL1	19	4360367	4400547
CHAF1A	19	4402617	4445018
UBXN6	19	4444999	4457794
PLIN4	19	4502182	4520379
PLIN5	19	4522531	4535247
LRG1	19	4536402	4540067
SEMA6B	19	4542588	4581784
TNFAIP8L1	19	4639511	4655568
MYDGF	19	4641374	4670365
DPP9	19	4674341	4724673
MIR7-3HG	19	4769031	4785077
FEM1A	19	4791734	4801273
TICAM1	19	4815932	4831712
PLIN3	19	4838339	4867717
UHRF1	19	4903080	4962154
KDM4B	19	4969107	5153611
PTPRS	19	5158495	5340941
TINCR	19	5558167	5578349
SAFB2	19	5586981	5624046
SAFB	19	5623035	5668478
RPL36	19	5674947	5691881
HSD11B1L	19	5680604	5688524
LONP1	19	5691834	5720572
PRR22	19	5782960	5784746
DUS3L	19	5784832	5791225
NRTN	19	5805056	5828324
FUT3	19	5842888	5851471
NDUFA11	19	5891207	5904006
VMAC	19	5904872	5910853
CAPS	19	5912339	5916211
RANBP3	19	5916139	5978144
RFX2	19	5993164	6199572
MLLT1	19	6210377	6279975
CLPP	19	6361427	6370242
ALKBH7	19	6372763	6375250
PSPN	19	6375148	6379058
GTF2F1	19	6379572	6393981
KHSRP	19	6413102	6424811
SLC25A41	19	6426037	6433779
SLC25A23	19	6436079	6465203
CRB3	19	6463777	6467221
DENND1C	19	6467207	6482557
TUBB4A	19	6494319	6502848
TNFSF9	19	6531026	6535924
CD70	19	6583183	6604103
TNFSF14	19	6658085	6670621
C3	19	6677704	6730562
GPR108	19	6729914	6737606
TRIP10	19	6737925	6751530
SH2D3A	19	6752160	6768109
VAV1	19	6772694	6857366
ADGRE1	19	6887566	6940459
ZNF557	19	7069701	7087968
INSR	19	7112255	7294414
PEX11G	19	7476869	7497449
ZNF358	19	7515292	7521027
MCOLN1	19	7522611	7534009
PNPLA6	19	7534004	7561764
CAMSAP3	19	7595826	7618352
XAB2	19	7619523	7629565
PET100	19	7629711	7631956
PCP2	19	7631611	7633719
STXBP2	19	7636772	7647873
TRAPPC5	19	7680833	7687703
CLEC4M	19	7763153	7769606
EVI5L	19	7830182	7864980
PRR36	19	7868719	7874390
MAP2K7	19	7903843	7914480
TGFBR3L	19	7914803	7919097
SNAPC2	19	7920320	7923250
CTXN1	19	7924491	7926135
TIMM44	19	7926718	7943773
ELAVL1	19	7958573	8006062
FBN3	19	8065402	8149693
CERS4	19	8206736	8263716
CD320	19	8302126	8308366
NDUFA7	19	8308768	8321382
RPS28	19	8320900	8323567
KANK3	19	8322582	8343268
ANGPTL4	19	8363223	8374371
RAB11B-AS1	19	8368304	8390685
RAB11B	19	8389981	8405873
HNRNPM	19	8444767	8489114
PRAM1	19	8490056	8502647
ZNF414	19	8509678	8514167
MYO1F	19	8517463	8577464
ADAMTS10	19	8580240	8610735
ZNF558	19	8806170	8832314
ZNF317	19	9140380	9163424
OR7D2	19	9178979	9188818
ZNF699	19	9291140	9309838
ZNF559	19	9323717	9351162
ZNF266	19	9412424	9435601
ZNF560	19	9466355	9498616
ZNF426	19	9523223	9538826
ZNF121	19	9560329	9584504
ZNF561	19	9604680	9622601
ZNF562	19	9641807	9675100
ZNF846	19	9751993	9793180
FBXL12	19	9810267	9827816
UBL5	19	9827892	9830137
PIN1	19	9835257	9849690
OLFM2	19	9853718	9936558
COL5A3	19	9959561	10010504
ANGPTL6	19	10092337	10106612
PPAN	19	10106329	10112012
P2RY11	19	10111693	10115372
EIF3G	19	10115010	10119951
DNMT1	19	10133342	10231286
S1PR2	19	10221433	10231331
MRPL4	19	10251901	10260060
ICAM1	19	10271093	10286615
ICAM4	19	10286955	10288522
ICAM5	19	10289952	10296778
ZGLP1	19	10304803	10309880
RAVER1	19	10316212	10333548
ICAM3	19	10333776	10339847
TYK2	19	10350528	10380608
CDC37	19	10391090	10420185
PDE4A	19	10416773	10469630
KEAP1	19	10486119	10503558
S1PR5	19	10512742	10517931
ATG4D	19	10543533	10553423
KRI1	19	10553085	10566031
CDKN2D	19	10566460	10569059
SLC44A2	19	10602457	10644558
ILF3	19	10654261	10692415
QTRT1	19	10701430	10713437
DNM2	19	10717974	10833504
TMED1	19	10832067	10836318
C19orf38	19	10836567	10869791
CARM1	19	10871553	10923075
YIPF2	19	10918919	10928681
SMARCA4	19	10960824	11079426
LDLR	19	11089418	11133830
SPC24	19	11131520	11155807
KANK2	19	11164267	11197945
DOCK6	19	11199295	11262524
RAB3D	19	11322068	11346270
TMEM205	19	11342776	11346518
CCDC159	19	11344684	11354944
PLPPR2	19	11355386	11365698
SWSAP1	19	11374666	11376951
EPOR	19	11377207	11384343
RGL3	19	11384341	11419352
PRKCSH	19	11422369	11450969
ELAVL3	19	11451326	11481051
ZNF653	19	11483427	11505839
ECSIT	19	11505927	11530564
CNN1	19	11538767	11550323
ELOF1	19	11551147	11559325
ZNF627	19	11559374	11619161
ACP5	19	11574653	11579993
ZNF823	19	11721264	11739009
ZNF441	19	11767000	11784078
ZNF491	19	11797642	11809622
ZNF440	19	11814273	11835216
ZNF439	19	11848726	11883750
ZNF69	19	11887782	11914329
ZNF700	19	11925068	11950773
ZNF763	19	11965037	11980617
ZNF433	19	12014715	12035741
ZNF878	19	12040992	12052972
ZNF844	19	12064731	12081565
ZNF20	19	12092843	12140355
ZNF625	19	12142090	12156734
ZNF136	19	12163064	12189871
ZNF44	19	12224686	12294883
ZNF563	19	12317477	12333720
ZNF442	19	12345944	12365905
ZNF799	19	12390016	12401271
ZNF443	19	12429706	12441021
ZNF709	19	12461184	12513854
ZNF564	19	12525373	12551542
ZNF490	19	12576100	12640098
ZNF791	19	12610918	12633840
MAN2B1	19	12643831	12666762
WDR83	19	12666802	12675832
WDR83OS	19	12668073	12669430
DHPS	19	12673411	12681894
FBXW9	19	12688053	12696649
TNPO2	19	12699201	12724011
BEST2	19	12751702	12758458
HOOK2	19	12762640	12872740
JUNB	19	12791486	12793315
PRDX2	19	12796817	12801849
RNASEH2A	19	12806505	12813643
MAST1	19	12833951	12874952
DNASE2	19	12875209	12881595
GCDH	19	12891128	12915126
SYCE2	19	12898786	12919306
FARSA	19	12922276	12934037
CALR	19	12938578	12944490
RAD23A	19	12945848	12953646
GADD45GIP1	19	12953119	12957223
DAND5	19	12965159	12974760
NFIX	19	12995475	13098796
LYL1	19	13099033	13103161
TRMT1	19	13104899	13117567
NACC1	19	13116468	13141147
STX10	19	13144058	13150383
IER2	19	13150411	13156981
CACNA1A	19	13206442	13624489
MRI1	19	13764522	13774282
C19orf53	19	13774454	13778773
ZSWIM4	19	13795398	13832254
NANOS3	19	13862063	13880757
CC2D1A	19	13906160	13930884
PODNL1	19	13931183	13953392
DCAF15	19	13952459	13961449
RFX1	19	13961529	14007084
IL27RA	19	14031644	14053223
PALM3	19	14053363	14062076
SAMD1	19	14087851	14091036
PRKACA	19	14091688	14118084
ASF1B	19	14119512	14136622
ADGRL1	19	14147743	14206204
ADGRE5	19	14380501	14408729
DDX39A	19	14408798	14419383
PKN1	19	14433053	14471872
PTGER1	19	14472466	14477272
GIPC1	19	14477759	14496157
DNAJB1	19	14513789	14560391
TECR	19	14517085	14565988
NDUFB7	19	14566078	14572066
ZNF333	19	14689801	14733746
ADGRE2	19	14732392	14778560
SLC1A6	19	14950033	15022990
SYDE1	19	15107364	15114988
ILVBL	19	15114976	15125792
NOTCH3	19	15159038	15200996
BRD4	19	15235519	15332545
AKAP8	19	15353385	15379829
AKAP8L	19	15380050	15419141
WIZ	19	15419978	15449975
RASAL3	19	15451624	15464583
CYP4F3	19	15640795	15662825
CYP4F12	19	15673018	15698817
CYP4F11	19	15912367	15934933
TPM4	19	16067021	16103011
RAB8A	19	16111843	16134234
HSH2D	19	16134028	16158575
FAM32A	19	16185380	16192048
AP1M1	19	16197854	16245906
KLF2	19	16324826	16328685
EPS15L1	19	16355225	16472085
C19orf44	19	16496394	16521369
CHERP	19	16517882	16542448
SLC35E1	19	16549831	16572415
MED26	19	16574907	16629062
SMIM7	19	16630751	16660442
TMEM38A	19	16661129	16690023
NWD1	19	16719847	16817963
SIN3B	19	16829387	16880355
F2RL3	19	16888999	16892606
CPAMD8	19	16892951	17026815
HAUS8	19	17049729	17075625
MYO9B	19	17075728	17214537
USE1	19	17215346	17220237
OCEL1	19	17226198	17229219
NR2F6	19	17231883	17245919
USHBP1	19	17249171	17282786
BABAM1	19	17267343	17281249
ANKLE1	19	17281645	17287649
ABHD8	19	17292131	17310236
MRPL34	19	17292609	17306843
DDA1	19	17309518	17323298
ANO8	19	17323223	17334855
GTPBP3	19	17334920	17342735
PLVAP	19	17351450	17377356
BST2	19	17402933	17405665
BISPR	19	17405686	17419324
MVB12A	19	17405722	17433724
TMEM221	19	17435509	17448668
SLC27A1	19	17467666	17506190
PGLS	19	17511620	17521288
COLGALT1	19	17555631	17583162
UNC13A	19	17601336	17688365
MAP1S	19	17718607	17734518
FCHO1	19	17747718	17788572
JAK3	19	17824780	17848071
RPL18A	19	17859868	17864153
CCDC124	19	17932588	17944914
KCNN1	19	17947484	18000085
ARRDC2	19	18001126	18014102
IL12RB1	19	18058995	18098944
MAST3	19	18097749	18151692
PIK3R2	19	18153160	18170541
IFI30	19	18173162	18178121
MPV17L2	19	18193218	18196948
RAB3A	19	18196752	18204042
PDE4C	19	18207961	18255419
JUND	19	18279694	18281622
LSM4	19	18306231	18323112
PGPEP1	19	18340587	18369950
GDF15	19	18374731	18389176
LRRC25	19	18391137	18397622
SSBP4	19	18418864	18434563
ISYNA1	19	18434388	18438178
ELL	19	18442663	18522116
FKBP8	19	18531751	18544264
KXD1	19	18557683	18569387
UBA52	19	18571730	18577550
CRLF1	19	18572220	18607741
TMEM59L	19	18607430	18621040
KLHL26	19	18637025	18671721
CRTC1	19	18683640	18782333
COMP	19	18782773	18791305
UPF1	19	18831905	18868232
CERS1	19	18868545	18896727
COPE	19	18899514	18919400
DDX49	19	18919700	18929189
HOMER3	19	18929201	18941728
SUGP2	19	18990888	19034040
ARMC6	19	19033575	19060311
SLC25A42	19	19061697	19113030
TMEM161A	19	19119169	19138513
BORCS8	19	19176902	19192591
RFXANK	19	19191957	19202844
NR2C2AP	19	19201409	19203729
NCAN	19	19211948	19252247
TM6SF2	19	19264109	19273391
SUGP1	19	19276018	19320511
MAU2	19	19320811	19358754
GATAD2A	19	19385638	19508932
TSSK6	19	19512418	19515548
NDUFA13	19	19515736	19529054
YJEFN3	19	19528861	19537584
PBX4	19	19561707	19618732
LPAR2	19	19623639	19628930
GMIP	19	19629473	19643657
ATP13A1	19	19645198	19663700
ZNF101	19	19668796	19683509
ZNF14	19	19710472	19733112
ZNF506	19	19761038	19821751
ZNF253	19	19865881	19894674
ZNF93	19	19900913	19963464
ZNF682	19	19997058	20039505
ZNF90	19	20077994	20127076
ZNF486	19	20167214	20200488
ZNF737	19	20535825	20565809
ZNF626	19	20619939	20661596
ZNF66	19	20776304	20810361
ZNF85	19	20923222	20950697
ZNF430	19	21020614	21060050
ZNF714	19	21077069	21125270
ZNF431	19	21142005	21196053
ZNF708	19	21284033	21329425
ZNF738	19	21358930	21388582
ZNF493	19	21397119	21427577
LINC00664	19	21483374	21503238
ZNF429	19	21496682	21556270
ZNF100	19	21722771	21767598
ZNF43	19	21804946	21852125
ZNF208	19	21932958	22010949
ZNF257	19	22052430	22091480
ZNF676	19	22178486	22215801
ZNF98	19	22391019	22532485
ZNF492	19	22634324	22667671
ZNF99	19	22752183	22784151
ZNF730	19	23075210	23147221
ZNF91	19	23304991	23395501
LINC01224	19	23399092	23416186
ZNF675	19	23525631	23687220
ZNF681	19	23739195	23758891
ZNF726	19	23914876	23945159
ZNF254	19	24033405	24129968
LINC00662	19	27681072	27794005
LINC00906	19	28883430	28970874
LINC01532	19	29002293	29015160
UQCRFS1	19	29205320	29213151
VSTM2B	19	29524739	29564553
POP4	19	29606283	29617237
PLEKHF1	19	29665398	29675477
C19orf12	19	29698937	29716060
CCNE1	19	29811471	29824313
URI1	19	29923644	30016612
ZNF536	19	30224891	30713586
TSHZ3	19	31149979	31349436
ZNF507	19	32345594	32387667
DPY19L3	19	32405543	32485895
PDCD5	19	32581188	32587453
ANKRD27	19	32597000	32676597
NUDT19	19	32691821	32713792
TDRD12	19	32719753	32829580
CEP89	19	32875925	32971992
FAAP24	19	32972209	32978229
RHPN2	19	32978592	33064888
GPATCH1	19	33080899	33130954
LRP3	19	33177603	33208864
SLC7A10	19	33208657	33225850
CEBPA	19	33299934	33302534
CEBPG	19	33373685	33382686
PEPD	19	33386950	33521823
CHST8	19	33621942	33773509
KCTD15	19	33795933	33815763
LSM14A	19	34172426	34229302
GPI	19	34359480	34402413
PDCD2L	19	34404399	34426168
UBA2	19	34428352	34471251
WTIP	19	34481682	34512304
SCGB1B2P	19	34576727	34668193
SCGB2B2	19	34590644	34677159
ZNF302	19	34677084	34687065
ZNF181	19	34734155	34745386
ZNF599	19	34758073	34773229
ZNF30	19	34926887	34945172
ZNF792	19	34956354	34964284
GRAMD1A	19	34994784	35026471
HPN-AS1	19	35027447	35106898
SCN1B	19	35030447	35040455
HPN	19	35040506	35066592
FXYD3	19	35115521	35125653
LGI4	19	35124510	35142451
FXYD7	19	35143148	35154302
FXYD5	19	35154569	35171791
LSR	19	35248330	35267967
USF2	19	35268962	35279821
HAMP	19	35280716	35285143
MAG	19	35291647	35316351
CD22	19	35319261	35347361
GPR42	19	35371068	35372962
DMKN	19	35497220	35513693
TMEM147-AS1	19	35540731	35546029
TMEM147	19	35545600	35547527
HAUS5	19	35612735	35625355
RBM42	19	35628989	35638927
ETV2	19	35641745	35644871
COX6B1	19	35648230	35658795
KMT2B	19	35717973	35738880
IGFLR1	19	35738798	35742455
U2AF1L4	19	35742464	35745445
PSENEN	19	35745070	35747519
LIN37	19	35748361	35754519
HSPB6	19	35754566	35758079
PROSER3	19	35758143	35771398
ARHGAP33	19	35774532	35788822
NPHS1	19	35825372	35869287
KIRREL2	19	35851369	35867145
APLP1	19	35867899	35879803
NFKBID	19	35887630	35902303
HCST	19	35900635	35904377
TYROBP	19	35904401	35908301
LRFN3	19	35935358	35946624
SDHAF1	19	35995188	35996312
SYNE4	19	36003282	36008831
ALKBH6	19	36009120	36014297
CLIP3	19	36014660	36033343
THAP8	19	36034984	36054739
WDR62	19	36054649	36105108
POLR2I	19	36113709	36115213
TBCB	19	36114289	36125947
CAPNS1	19	36139953	36150356
COX7A1	19	36150922	36152449
ZNF565	19	36181542	36246257
ZNF146	19	36214602	36238774
LINC00665	19	36259540	36331770
ZFP14	19	36334453	36379201
ZFP82	19	36383120	36418667
ZNF566	19	36445119	36489902
ZNF260	19	36510687	36528696
ZNF529	19	36534774	36605276
ZNF529-AS1	19	36573070	36594712
ZNF382	19	36604817	36634114
ZNF461	19	36636618	36666853
ZNF567	19	36687268	36727701
ZNF850	19	36714383	36772825
ZNF790-AS1	19	36776080	36831596
ZNF790	19	36816904	36850787
ZNF345	19	36850338	36913029
ZNF829	19	36888124	36916291
ZNF568	19	36916316	37005037
ZNF420	19	37007823	37130368
ZNF585A	19	37106734	37172741
ZNF585B	19	37181579	37218153
ZNF383	19	37217926	37248740
LINC01535	19	37251448	37267879
ZNF527	19	37371061	37393066
ZNF569	19	37410878	37469282
ZNF570	19	37467508	37488652
ZNF793-AS1	19	37497155	37507122
ZNF793	19	37506428	37548762
ZNF571-AS1	19	37548914	37587348
ZNF540	19	37551406	37614179
ZNF571	19	37554782	37595134
ZFP30	19	37613749	37692337
ZNF781	19	37667751	37692315
ZNF607	19	37696363	37719775
ZNF573	19	37735833	37817300
SIPA1L3	19	37907208	38208369
DPF1	19	38211006	38229714
SPINT2	19	38244035	38292615
PPP1R14A	19	38251237	38256557
YIF1B	19	38303558	38317273
KCNK6	19	38319845	38332076
CATSPERG	19	38335775	38370943
PSMD8	19	38374563	38383850
GGN	19	38384267	38388274
SPRED3	19	38388421	38399588
FAM98C	19	38403093	38409088
RASGRP4	19	38409051	38426305
RYR1	19	38433691	38595273
MAP4K1	19	38587641	38619161
EIF3K	19	38619055	38636959
ACTN4	19	38647605	38731589
CAPN12	19	38730187	38769904
ECH1	19	38815417	38831874
HNRNPL	19	38836370	38852347
RINL	19	38867830	38878275
SIRT2	19	38878555	38900501
NFKBIB	19	38899700	38908893
CCER2	19	38908980	38912186
SARS2	19	38915266	38930768
MRPS12	19	38930923	38933183
FBXO17	19	38941401	38976773
FBXO27	19	38990714	39033773
ACP7	19	39083913	39111497
PAK4	19	39125728	39182816
LRFN1	19	39306566	39320966
GMFG	19	39328353	39342372
SAMD4B	19	39342421	39385710
PAF1	19	39385629	39391154
MED29	19	39391303	39400641
ZFP36	19	39406847	39409407
PLEKHG2	19	39412669	39428415
RPS16	19	39433136	39436131
SUPT5H	19	39436156	39476670
TIMM50	19	39479795	39493785
DLL3	19	39498895	39508481
EID2B	19	39530987	39532852
EID2	19	39538707	39540161
DYRK1B	19	39825350	39834201
FBL	19	39834453	39846440
FCGBP	19	39863323	39934626
PSMC4	19	39971162	39981764
ZNF546	19	39984134	40021038
ZNF780B	19	40028260	40056231
ZNF780A	19	40069152	40091140
MAP3K10	19	40191426	40215578
TTC9B	19	40216058	40218388
AKT2	19	40230317	40285536
C19orf47	19	40319536	40348527
PLD3	19	40348453	40389472
PRX	19	40393764	40415070
SERTAD1	19	40421589	40425992
SERTAD3	19	40440642	40445114
BLVRB	19	40447765	40465826
SPTBN4	19	40466241	40576464
SHKBP1	19	40576844	40591399
LTBP4	19	40592883	40629821
NUMBL	19	40665905	40690972
ITPKC	19	40717112	40740860
SNRPA	19	40750585	40765393
MIA	19	40768997	40777490
RAB4B	19	40778195	40798690
EGLN2	19	40798996	40808444
CYP2S1	19	41193045	41207540
AXL	19	41219174	41261766
HNRNPUL1	19	41262496	41307787
TGFB1	19	41301587	41353961
CCDC97	19	41310172	41324873
TMEM91	19	41350911	41384083
B9D2	19	41354417	41364165
EXOSC5	19	41386353	41397441
PCAT19	19	41449520	41502015
LINC01480	19	41530801	41540899
CEACAM21	19	41549518	41586844
RPS19	19	41860255	41872925
CD79A	19	41877279	41881372
ARHGEF1	19	41883079	41930150
RABAC1	19	41956681	41959370
ATP1A3	19	41966582	41997497
GRIK5	19	41998316	42070240
ZNF574	19	42068477	42081552
POU2F2	19	42086110	42196585
DEDD2	19	42198593	42220140
ZNF526	19	42216774	42228201
GSK3A	19	42226225	42242625
ERF	19	42247569	42255131
CIC	19	42268537	42295801
PAFAH1B3	19	42297023	42303546
PRR19	19	42302098	42310814
TMEM145	19	42313309	42325064
MEGF8	19	42325609	42378769
CNFN	19	42387019	42390297
LIPE-AS1	19	42387222	42796422
LIPE	19	42401497	42427388
CEACAM1	19	42507304	42561234
PSG11	19	43007656	43026474
LYPD3	19	43460787	43465608
PHLDB3	19	43473625	43505301
ETHE1	19	43506719	43527257
ZNF575	19	43525497	43536498
XRCC1	19	43543306	43580473
PINLYP	19	43575801	43583964
IRGQ	19	43584367	43596145
ZNF576	19	43596392	43601189
SRRM5	19	43596617	43614498
ZNF428	19	43607223	43619639
CADM4	19	43622366	43639850
PLAUR	19	43646095	43670547
SMG9	19	43727983	43755054
KCNN4	19	43766517	43781021
LYPD5	19	43785874	43827206
ZNF283	19	43827321	43852017
ZNF404	19	43872365	43901809
ZNF45	19	43910549	43935306
ZNF221	19	43951204	43967709
ZNF155	19	43967862	43998326
ZNF230	19	44002934	44013924
ZNF222	19	44025337	44033222
ZNF223	19	44051367	44067999
ZNF284	19	44072138	44089613
ZNF224	19	44094326	44109886
ZNF225	19	44112181	44135055
ZNF234	19	44141355	44160313
ZNF226	19	44165073	44178381
ZNF227	19	44207475	44238179
ZNF235	19	44228729	44305046
ZNF233	19	44259880	44275878
ZNF112	19	44326555	44367217
ZNF285	19	44382298	44401608
ZNF229	19	44417519	44448578
ZNF180	19	44470957	44500540
PVR	19	44643798	44666162
CEACAM19	19	44662278	44684360
CEACAM16	19	44699151	44710718
BCL3	19	44747705	44760044
BCAM	19	44809070	44821421
TOMM40	19	44890569	44903695
APOE	19	44903787	44909396
APOC1	19	44913133	44920054
CLPTM1	19	44954585	44993341
RELB	19	45001461	45038192
CLASRP	19	45039045	45070956
ZNF296	19	45071500	45076478
GEMIN7	19	45075575	45091518
MARK4	19	45079288	45305284
PPP1R37	19	45091396	45148077
TRAPPC6A	19	45162928	45178265
BLOC1S3	19	45178745	45216933
CKM	19	45306411	45323372
ERCC2	19	45349773	45370918
PPP1R13L	19	45379634	45406349
ERCC1	19	45407333	45478867
FOSB	19	45467995	45475179
RTN2	19	45485294	45497055
PPM1N	19	45488777	45503129
VASP	19	45506579	45526991
OPA3	19	45527767	45602212
GPR4	19	45589764	45602556
EML2	19	45606994	45645602
GIPR	19	45668221	45683722
SNRPD2	19	45687460	45692569
QPCTL	19	45692403	45703989
FBXO46	19	45710624	45730919
SIX5	19	45764785	45769252
DMPK	19	45769709	45782552
DMWD	19	45782947	45792845
SYMPK	19	45815410	45866862
FOXA3	19	45863989	45873798
IRF2BP1	19	45883608	45886141
MYPOP	19	45890020	45902808
NOVA2	19	45933734	45974044
CCDC61	19	45995444	46021318
IGFL4	19	46039182	46077118
IGFL2	19	46143106	46161298
HIF3A	19	46297042	46343433
PPP5C	19	46347003	46392981
CCDC8	19	46410329	46413564
CALM3	19	46601074	46610787
PTGIR	19	46618550	46625534
GNG8	19	46633953	46636649
DACT3	19	46647551	46661182
DACT3-AS1	19	46660308	46678991
PRKD2	19	46674275	46717127
STRN4	19	46719511	46746994
FKRP	19	46746046	46776988
SLC1A5	19	46774883	46788617
AP2S1	19	46838136	46850882
ARHGAP35	19	46860997	47005077
NPAS1	19	47019474	47047242
TMEM160	19	47045909	47048624
ZC3H4	19	47064187	47113776
SAE1	19	47113274	47210636
BBC3	19	47220822	47233019
CCDC9	19	47255980	47274055
INAFM1	19	47274373	47277755
C5AR1	19	47290023	47322066
C5AR2	19	47332148	47347329
DHX34	19	47349312	47383247
MEIS3	19	47403124	47419530
SLC8A2	19	47428017	47471918
KPTN	19	47475141	47484265
NAPA-AS1	19	47484282	47502399
NAPA	19	47487637	47515091
ZNF541	19	47520690	47573148
EHD2	19	47713416	47743134
CRX	19	47819779	47843330
PLA2G4C	19	48047843	48110850
LIG1	19	48115445	48170654
CARD8	19	48180770	48255946
CARD8-AS1	19	48255675	48258199
ZNF114	19	48270041	48287743
EMP3	19	48321310	48330560
TMEM143	19	48332355	48364245
SYNGR4	19	48364367	48376377
KDELR1	19	48382575	48393837
GRIN2D	19	48393668	48444931
GRWD1	19	48445824	48457022
KCNJ14	19	48455574	48466980
CYTH2	19	48469208	48482314
LMTK3	19	48485271	48513935
SULT2B1	19	48552172	48599425
FAM83E	19	48599961	48615093
RPL18	19	48615284	48619213
SPHK2	19	48619291	48630717
DBP	19	48630030	48637379
CA11	19	48637946	48646386
NTN5	19	48661407	48673081
FUT2	19	48695957	48705951
MAMSTR	19	48711737	48719725
RASIP1	19	48720571	48740611
IZUMO1	19	48740852	48746909
FUT1	19	48748011	48755390
BCAT2	19	48795061	48811056
HSD17B14	19	48813014	48837064
PLEKHA4	19	48837091	48868855
PPP1R15A	19	48872212	48876291
TULP2	19	48880965	48898744
NUCB1	19	48900050	48923473
DHDH	19	48933699	48944969
BAX	19	48954815	48961798
FTL	19	48965275	48967896
GYS1	19	48968125	48993337
RUVBL2	19	48993562	49015983
KCNA7	19	49067397	49072699
SNRNP70	19	49085164	49108613
LIN7B	19	49114324	49118460
C19orf73	19	49118402	49119143
PPFIA3	19	49119418	49151027
HRC	19	49151194	49155432
TRPM4	19	49157741	49211836
SLC6A16	19	49289638	49325215
CD37	19	49335171	49343335
TEAD2	19	49340585	49362729
DKKL1	19	49361783	49375116
SLC17A7	19	49429399	49443197
PIH1D1	19	49446291	49453537
ALDH16A1	19	49453146	49471052
FLT3LG	19	49474150	49486233
RPL13A	19	49487510	49493057
RPS11	19	49496365	49499708
FCGRT	19	49506806	49526917
RCN3	19	49526534	49546962
NOSIP	19	49555468	49592927
PRRG2	19	49580646	49591004
PRR12	19	49591182	49626439
RRAS	19	49635292	49640143
SCAF1	19	49640488	49658649
IRF3	19	49659569	49665861
BCL2L12	19	49664622	49673916
PRMT1	19	49675786	49689029
ADM5	19	49688953	49690575
CPT1C	19	49690898	49713731
AP2A1	19	49766990	49807114
FUZ	19	49806866	49817376
MED25	19	49818277	49840383
PTOV1-AS1	19	49838639	49851687
PTOV1	19	49850735	49860744
PTOV1-AS2	19	49856970	49859289
PNKP	19	49859882	49878351
AKT1S1	19	49869033	49879470
TBC1D17	19	49877501	49888751
IL4I1	19	49889654	49929539
NUP62	19	49906825	49929925
ATF5	19	49923910	49933935
VRK3	19	49976127	50025946
ZNF473	19	50025714	50053414
IZUMO2	19	50152537	50163281
MYH14	19	50188186	50310545
KCNC3	19	50311937	50333515
NR1H2	19	50329640	50383404
NAPSA	19	50358472	50365830
POLD1	19	50384204	50418018
SPIB	19	50418938	50431314
MYBPC2	19	50432805	50466328
EMC10	19	50476400	50490871
JOSD2	19	50505995	50514675
ASPDH	19	50511568	50514690
LRRC4B	19	50516892	50568435
SYT3	19	50621307	50640040
C19orf81	19	50648792	50659310
SHANK1	19	50659255	50719802
CLEC11A	19	50723286	50725719
KLK6	19	50958631	50969673
CTU1	19	51097606	51108424
SIGLEC9	19	51124906	51140470
SIGLEC7	19	51142288	51153658
CD33	19	51217033	51243860
IGLON5	19	51311644	51330891
VSIG10L	19	51331536	51342310
ETFB	19	51345161	51366449
CLDND2	19	51367098	51369003
NKG7	19	51371606	51372704
SIGLEC10	19	51410020	51417803
SIGLEC8	19	51450847	51458469
ZNF175	19	51571283	51592510
SIGLEC5	19	51610948	51630401
SIGLEC14	19	51639478	51646825
HAS1	19	51713112	51723991
FPR1	19	51745172	51804115
FPR2	19	51752026	51770531
FPR3	19	51795137	51826324
ZNF577	19	51804816	51890950
ZNF649	19	51889233	51905049
ZNF613	19	51927147	51948759
ZNF350-AS1	19	51949112	51981374
ZNF350	19	51964061	51986856
ZNF615	19	51991332	52008230
ZNF614	19	52012765	52030240
ZNF432	19	52031378	52095738
ZNF841	19	52064465	52095765
ZNF616	19	52113073	52139965
ZNF836	19	52153864	52171643
PPP2R1A	19	52170936	52229518
ZNF766	19	52269587	52296046
ZNF480	19	52297167	52325926
ZNF610	19	52336243	52367778
ZNF880	19	52369917	52393738
ZNF528	19	52397849	52418412
ZNF534	19	52429148	52452315
ZNF578	19	52453553	52516882
ZNF808	19	52527652	52564464
ZNF701	19	52555822	52599928
ZNF83	19	52612356	52638388
ZNF611	19	52702813	52735080
ZNF600	19	52749942	52786820
ZNF28	19	52797408	52857600
ZNF468	19	52838010	52857649
ZNF320	19	52860851	52897704
ZNF816	19	52949377	52962911
ZNF160	19	53064884	53103434
ZNF415	19	53107879	53133077
ZNF347	19	53124072	53159075
ZNF665	19	53159213	53193386
ZNF677	19	53235381	53254898
VN1R2	19	53258292	53261837
ZNF845	19	53333749	53356906
ZNF525	19	53365693	53392217
ZNF765	19	53389793	53430413
ZNF761	19	53426180	53461862
ZNF813	19	53467703	53496255
ZNF331	19	53519527	53580271
NLRP12	19	53792139	53824403
MYADM	19	53864763	53878125
CACNG7	19	53909278	53943950
CACNG8	19	53962937	53990215
OSCAR	19	54094668	54102692
NDUFA3	19	54102728	54109257
TFPT	19	54107020	54115657
PRPF31	19	54115410	54131719
CNOT3	19	54137710	54155708
LENG1	19	54155161	54159721
TMC4	19	54160095	54173250
MBOAT7	19	54173412	54189882
TSEN34	19	54189447	54194538
RPS9	19	54200484	54249003
LILRB3	19	54216278	54223506
LILRA6	19	54236590	54242790
LILRB5	19	54249421	54257339
LILRB2	19	54273812	54281184
LILRA5	19	54307041	54313166
LILRA4	19	54333185	54339162
LAIR1	19	54351384	54370558
TTYH1	19	54415219	54436904
LENG8-AS1	19	54436709	54449440
LENG8	19	54449157	54462022
LENG9	19	54461732	54463778
CDC42EP5	19	54465026	54473296
KIR3DX1	19	54532798	54543728
LILRA2	19	54572920	54590287
LILRA1	19	54593582	54602381
LILRB1	19	54616309	54638022
LILRB4	19	54643889	54670359
FCAR	19	54874235	54891420
NLRP2	19	54953130	55001142
RDH13	19	55039108	55071291
EPS8L1	19	55072020	55090124
PPP1R12C	19	55090913	55117639
TNNT1	19	55132698	55149351
TNNI3	19	55151767	55157773
DNAAF3	19	55158661	55166722
SYT5	19	55171196	55180314
PTPRH	19	55181230	55209508
TMEM86B	19	55226638	55228784
PPP6R1	19	55229776	55259070
HSPBP1	19	55262219	55280930
BRSK1	19	55282072	55312562
TMEM150B	19	55312801	55334048
KMT5C	19	55339367	55348121
IL11	19	55364382	55370463
TMEM238	19	55379244	55384292
RPL28	19	55383856	55403250
UBE2S	19	55399745	55407788
SHISA7	19	55428740	55443300
ISOC2	19	55452975	55462343
ZNF628	19	55476617	55484487
NAT14	19	55485188	55487569
SSC5D	19	55488404	55519099
ZNF579	19	55576774	55580916
FIZ1	19	55591371	55606194
ZNF524	19	55599714	55603138
ZNF865	19	55605638	55617269
ZNF784	19	55620741	55624566
ZNF580	19	55635003	55643470
ZNF581	19	55635018	55645626
CCDC106	19	55641062	55653161
U2AF2	19	55654146	55674716
EPN1	19	55675109	55709858
NLRP11	19	55785397	55836800
ZNF787	19	56087366	56121295
ZNF444	19	56132599	56160897
ZSCAN5A	19	56219670	56368383
ZNF582	19	56375846	56393538
ZNF583	19	56397966	56436035
ZNF667	19	56438634	56478099
ZNF667-AS1	19	56477250	56504362
ZNF471	19	56507731	56530221
ZFP28	19	56538948	56556808
ZNF470	19	56567468	56588911
ZNF71	19	56595265	56626481
ZIM2-AS1	19	56595313	56799602
ZNF835	19	56661980	56671783
ZIM2	19	56774547	56840731
PEG3	19	56810077	56840728
MIMT1	19	56840853	56848560
ZNF264	19	57191500	57222846
AURKC	19	57231009	57235551
ZNF805	19	57240632	57262728
ZNF460	19	57279982	57296357
ZNF543	19	57320472	57330770
ZNF304	19	57351271	57359898
ZNF547	19	57363477	57379565
ZNF548	19	57389850	57403498
ZNF17	19	57410723	57421934
ZNF749	19	57435325	57447101
VN1R1	19	57454790	57457140
ZNF772	19	57466663	57477570
ZNF419	19	57487711	57496098
ZNF773	19	57499915	57518404
ZNF549	19	57527325	57557542
ZNF550	19	57535257	57559863
ZNF416	19	57571566	57578911
ZIK1	19	57578456	57593890
ZNF530	19	57599880	57612722
ZNF134	19	57614233	57624724
ZNF211	19	57630395	57644044
ZNF551	19	57681969	57717301
ZNF154	19	57696275	57709204
ZNF671	19	57719751	57727624
ZNF776	19	57746815	57758148
ZNF586	19	57769655	57819939
ZNF552	19	57803841	57814913
ZNF587B	19	57819721	57846238
ZNF814	19	57848731	57889074
ZNF587	19	57849841	57865117
ZNF417	19	57900296	57916610
ZNF418	19	57921882	57935402
ZNF256	19	57940833	57947706
C19orf18	19	57958437	57974534
ZNF606	19	57977076	58003349
ZSCAN1	19	58034025	58054631
ZNF135	19	58059239	58086310
ZSCAN18	19	58083834	58118427
ZNF329	19	58126248	58155110
ZNF274	19	58183029	58213573
ZNF544	19	58228594	58277495
ZNF8	19	58278955	58302791
ERVK3-1	19	58305347	58316812
ZSCAN22	19	58326994	58342343
A1BG	19	58345178	58353492
A1BG-AS1	19	58347718	58355455
ZNF497	19	58354357	58362848
ZNF837	19	58367614	58381054
RPS5	19	58380570	58394807
ZNF584	19	58401504	58431736
ZNF132	19	58432814	58440153
ZNF324B	19	58450369	58459868
ZNF324	19	58467056	58475436
ZNF446	19	58474017	58481233
SLC27A5	19	58479512	58512413
ZBTB45	19	58513530	58538911
TRIM28	19	58543740	58550773
CHMP2A	19	58551452	58555128
UBE2M	19	58555709	58558954
MZF1-AS1	19	58558591	58605223
MZF1	19	58561915	58573597
C20orf96	20	270863	290778
ZCCHC3	20	297570	300321
NRSN2-AS1	20	316860	348490
SOX12	20	325552	330224
NRSN2	20	346705	359660
TRIB3	20	362835	397564
RBCK1	20	407498	432139
TBC1D20	20	423596	462566
CSNK2A1	20	472498	543835
TCF15	20	604257	610309
SCRT2	20	661596	675802
SLC52A3	20	758695	776015
FAM110A	20	833715	857463
PSMF1	20	1113240	1189415
TMEM74B	20	1180561	1186842
SNPH	20	1266269	1309328
SDCBP2	20	1309909	1329211
SDCBP2-AS1	20	1325366	1378735
FKBP1A	20	1368977	1393164
NSFL1C	20	1442162	1473842
SIRPB1	20	1561385	1620061
SIRPA	20	1892726	1940592
STK35	20	2101767	2177038
SNRPB	20	2461634	2470884
ZNF343	20	2481817	2525028
NOP56	20	2652592	2658393
IDH3B	20	2658393	2664219
EBF4	20	2692780	2760108
CPXM1	20	2794069	2800658
PCED1A	20	2835314	2841190
VPS16	20	2840689	2866800
PTPRA	20	2870754	3039247
MRPS26	20	3046041	3048254
UBOX5	20	3107573	3160196
FASTKD5	20	3146519	3159865
DDRGK1	20	3188734	3204700
ITPA	20	3208868	3223870
SLC4A11	20	3227417	3239580
ATRN	20	3471018	3651118
ADAM33	20	3667962	3682246
SIGLEC1	20	3686970	3712647
HSPA12B	20	3730248	3753553
SPEF1	20	3777504	3781448
CENPB	20	3783851	3786740
CDC25B	20	3786772	3806730
AP5S1	20	3811384	3828838
MAVS	20	3842694	3876123
PANK2	20	3888839	3929887
RNF24	20	3927309	4015591
SMOX	20	4120980	4187748
ADRA1D	20	4220630	4249287
PRNP	20	4685730	4701590
RASSF2	20	4780019	4823870
SLC23A2	20	4851729	5010293
TMEM230	20	5068232	5113452
PCNA	20	5114953	5126626
CDS2	20	5126879	5197887
LINC00654	20	5481788	5526741
GPCPD1	20	5544404	5611045
CHGB	20	5911394	5925361
TRMT6	20	5937228	5950558
MCM8	20	5949767	5998977
CRLS1	20	6006052	6040053
FERMT1	20	6070288	6123644
BMP2	20	6767686	6780251
TMX4	20	7977346	8019813
PLCB1	20	8077251	8968360
PLCB4	20	9067825	9504593
LAMP5	20	9514316	9530541
ANKEF1	20	9986126	10058303
SNAP25-AS1	20	10006381	10368848
SNAP25	20	10172395	10308258
MKKS	20	10401009	10434222
SLX4IP	20	10435299	10636829
JAG1	20	10637684	10674396
BTBD3	20	11890723	11926609
SPTLC3	20	13008972	13169103
ISM1	20	13221274	13300651
TASP1	20	13388891	13638946
ESF1	20	13714322	13785409
NDUFAF5	20	13785007	13821580
MACROD2	20	13995369	16053197
FLRT3	20	14322985	14337631
KIF16B	20	16272104	16573448
SNRPB2	20	16729958	16742564
OTOR	20	16748358	16770062
PCSK2	20	17226107	17484578
BFSP1	20	17493905	17569220
DSTN	20	17569152	17609919
RRBP1	20	17613678	17682295
SNX5	20	17941597	17969022
MGME1	20	17968213	17991136
PET117	20	18137863	18143169
ZNF133	20	18288265	18316996
DZANK1	20	18383361	18467332
POLR3F	20	18466878	18484648
RBBP9	20	18486540	18497234
SEC23B	20	18507520	18561415
DTD1	20	18587920	18766644
LINC00652	20	18786065	18794584
SLC24A3	20	19212510	19722926
RIN2	20	19757606	20003571
NAA20	20	20017310	20033655
CRNKL1	20	20034368	20056046
CFAP61	20	20052514	20360703
INSM1	20	20368104	20370949
RALGAPA2	20	20389530	20712644
LINC00237	20	21057376	21106581
KIZ	20	21125975	21246622
KIZ-AS1	20	21154023	21218289
XRN2	20	21303304	21389826
NKX2-2	20	21511017	21514064
NKX2-2-AS1	20	21511447	21513711
PAX1	20	21705659	21718481
THBD	20	23045633	23049672
CD93	20	23065139	23086324
NXT1	20	23350767	23354771
LINC01431	20	23356585	23358280
GZF1	20	23362000	23373062
NAPB	20	23374519	23421519
CST3	20	23626706	23638556
CST1	20	23747562	23751268
SYNDIG1	20	24468025	24666616
CST7	20	24949269	24959928
APMAP	20	24962925	24992782
ACSS1	20	25006230	25058980
VSX1	20	25070885	25082141
ENTPD6	20	25195693	25228075
PYGB	20	25248030	25298014
ABHD12	20	25294742	25390866
GINS1	20	25391008	25452700
NINL	20	25451594	25585586
NANP	20	25612935	25624014
ZNF337-AS1	20	25624017	25689032
ZNF337	20	25673195	25696860
FAM182B	20	25755861	25868225
LINC01597	20	30278906	30290066
REM1	20	31474979	31484917
HM13	20	31514370	31577923
ID1	20	31573014	31606515
BCL2L1	20	31664452	31723989
ABALON	20	31721507	31723409
TPX2	20	31739248	31801805
MYLK2	20	31819287	31834689
FOXS1	20	31844303	31845604
DUSP15	20	31847637	31870664
TTLL9	20	31870634	31945000
PDRG1	20	31944337	31952069
XKR7	20	31968151	32003387
CCM2L	20	32010408	32032185
HCK	20	32052197	32101856
TM9SF4	20	32109714	32167258
PLAGL2	20	32192504	32207743
POFUT1	20	32207851	32238658
KIF3B	20	32277651	32335011
ASXL1	20	32358266	32439319
NOL4L	20	32443059	32585333
C20orf203	20	32631625	32673941
COMMD7	20	32702648	32743928
DNMT3B	20	32762385	32809359
MAPRE1	20	32819769	32856284
BPIFB2	20	33007704	33023709
CDK5RAP1	20	33358437	33401561
SNTA1	20	33407955	33443885
CBFA2T2	20	33490075	33650036
NECAB3	20	33657087	33674463
C20orf144	20	33662327	33665619
E2F1	20	33675477	33686385
PXMP4	20	33702758	33720319
ZNF341	20	33731657	33792269
CHMP4B	20	33811345	33854366
RALY	20	33993632	34108308
EIF2S2	20	34088309	34112279
ASIP	20	34194569	34269346
AHCY	20	34280268	34311802
ITCH	20	34363235	34511773
ITCH-AS1	20	34441592	34442025
DYNLRB1	20	34516379	34540958
MAP1LC3A	20	34546838	34560357
PIGU	20	34560542	34698790
NCOA6	20	34689097	34825739
TP53INP2	20	34701662	34713439
GGT7	20	34844714	34872868
ACSS2	20	34872146	34927962
GSS	20	34928432	34956027
MYH7B	20	34955810	35002437
TRPC4AP	20	34995209	35092868
EDEM2	20	35115360	35147358
PROCR	20	35171850	35216240
MMP24	20	35226559	35276998
EIF6	20	35278906	35284985
UQCC1	20	35302566	35412070
GDF5	20	35433347	35454746
CEP250	20	35455164	35519280
ERGIC3	20	35542024	35557634
SPAG4	20	35615829	35621613
CPNE1	20	35626031	35664956
RBM12	20	35648925	35664956
NFS1	20	35668052	35699373
ROMO1	20	35699254	35700984
RBM39	20	35701347	35742312
PHF20	20	35771968	35950385
SCAND1	20	35953617	35959472
CNBD2	20	35954564	36030700
EPB41L1	20	36091504	36232799
AAR2	20	36236131	36270918
DLGAP4	20	36306302	36528637
DLGAP4-AS1	20	36507702	36573410
MYL9	20	36541490	36551447
TGIF2	20	36571894	36593950
SLA2	20	36612318	36646205
NDRG3	20	36651766	36746128
DSN1	20	36751791	36774298
SAMHD1	20	36890229	36951893
RBL1	20	36996349	37095999
MROH8	20	37101226	37179588
RPN2	20	37178396	37241624
MANBAL	20	37289559	37317260
SRC	20	37344673	37406050
BLCAP	20	37492472	37528100
NNAT	20	37521206	37523690
CTNNBL1	20	37694030	37872129
VSTM2L	20	37903111	37945350
TTI1	20	37983007	38033461
RPRD1B	20	38033544	38127780
TGM2	20	38127385	38168463
KIAA1755	20	38210503	38261039
BPI	20	38260141	38337505
RALGAPB	20	38472816	38578859
ADIG	20	38581195	38588463
SLC32A1	20	38724486	38729372
ACTR5	20	38748457	38772520
PPP1R16B	20	38804915	38923025
FAM83D	20	38926312	38953106
DHX35	20	38962299	39039723
MAFB	20	40685848	40689236
TOP1	20	41028822	41124487
PLCG1-AS1	20	41098019	41138003
PLCG1	20	41136931	41196801
ZHX3	20	41178448	41317731
LPIN3	20	41340786	41360583
EMILIN3	20	41359962	41366818
CHD6	20	41402083	41618449
PTPRT	20	42072752	43189970
SRSF6	20	43457893	43466046
L3MBTL1	20	43489442	43550954
SGK2	20	43558968	43588237
IFT52	20	43590925	43647299
MYBL2	20	43667019	43716495
TOX2	20	43914844	44069616
JPH2	20	44106590	44189032
OSER1	20	44195939	44210872
GDAP1L1	20	44247099	44280947
FITM2	20	44302840	44311202
TTPAL	20	44470527	44494604
SERINC3	20	44496221	44522094
PKIG	20	44531762	44624247
ADA	20	44584896	44652252
KCNK15-AS1	20	44656445	44746362
KCNK15	20	44745865	44752313
RIMS4	20	44751808	44810546
YWHAB	20	44885676	44908532
PABPC1L	20	44910060	44959035
TOMM34	20	44942130	44960422
STK4	20	44966494	45084214
PI3	20	45174902	45176544
SLPI	20	45252239	45254564
MATN4	20	45293445	45312469
SDC4	20	45325288	45348425
SYS1	20	45359977	45376798
TP53TG5	20	45372557	45407889
DBNDD2	20	45405616	45410870
PIGT	20	45416084	45456934
WFDC2	20	45469386	45481533
WFDC3	20	45747944	45791932
DNTTIP1	20	45791946	45811427
UBE2C	20	45812576	45816957
TNNC2	20	45823214	45833745
SNX21	20	45833799	45843276
ACOT8	20	45841709	45857405
ZSWIM3	20	45857614	45879131
ZSWIM1	20	45881227	45885266
NEURL2	20	45888625	45891208
CTSA	20	45890144	45898949
PLTP	20	45898621	45912235
PCIF1	20	45934678	45948023
ZNF335	20	45948653	45972206
MMP9	20	46008908	46016561
SLC12A5	20	46021690	46060150
NCOA5	20	46060985	46089962
CD40	20	46118249	46129872
CDH22	20	46173737	46309009
SLC35C2	20	46345980	46364458
ELMO2	20	46366047	46432985
ZNF334	20	46499630	46513596
SLC13A3	20	46557823	46684467
TP53RK	20	46684365	46689444
SLC2A10	20	46709577	46736347
EYA2	20	46894587	47188844
ZMYND8	20	47209214	47357804
NCOA3	20	47501864	47656877
SULF2	20	47656197	47786835
PREX1	20	48624249	48828096
ARFGEF2	20	48921711	49036693
CSE1L	20	49046246	49097015
STAU1	20	49113338	49188417
DDX27	20	49219347	49244077
ZNFX1	20	49237946	49278426
ZFAS1	20	49277054	49299600
KCNB1	20	49293394	49484297
PTGIS	20	49503874	49568157
B4GALT5	20	49632945	49713908
SLC9A8	20	49812713	49892242
SPATA2	20	49903391	49915550
RNF114	20	49936336	49953892
SNAI1	20	49982980	49988886
UBE2V1	20	50081122	50115959
LINC01273	20	50165586	50188316
CEBPB-AS1	20	50184598	50192039
CEBPB	20	50190734	50192690
LINC01270	20	50292709	50315488
PTPN1	20	50510321	50585241
PARD6B	20	50731382	50756795
BCAS4	20	50794894	50877178
ADNP	20	50888916	50931437
ADNP-AS1	20	50930236	50946531
DPM1	20	50934852	50959140
MOCS3	20	50958818	50963929
KCNG1	20	51003655	51023244
NFATC2	20	51386957	51562831
ATP9A	20	51596514	51768390
SALL4	20	51782331	51802521
ZFP64	20	52051663	52204308
TSHZ2	20	52972358	53495330
ZNF217	20	53567071	53609907
BCAS1	20	53936777	54070641
PFDN4	20	54207817	54228052
DOK5	20	54475593	54651171
CBLN4	20	55997357	56005519
FAM210B	20	56358974	56368663
AURKA	20	56369382	56392566
CSTF1	20	56392371	56406362
CASS4	20	56412049	56460387
FAM209B	20	56533246	56536520
TFAP2C	20	56629306	56639283
BMP7	20	57168753	57266641
RAE1	20	57351223	57379211
RBM38	20	57391396	57409333
CTCFL	20	57495966	57525652
ZBP1	20	57603575	57620576
PMEPA1	20	57648392	57711536
NKILA	20	57710156	57712780
RAB22A	20	58309706	58367507
VAPB	20	58389119	58451101
APCDD1L	20	58458452	58515399
STX16	20	58651261	58679526
STX16-NPEPL1	20	58651434	58715410
NPEPL1	20	58689131	58719238
GNAS-AS1	20	58818893	58855296
GNAS	20	58839718	58911192
NELFCD	20	58981208	58995133
CTSZ	20	58985686	59008238
PRELID3B	20	59033143	59042897
EDN3	20	59300415	59325992
PHACTR3	20	59577495	59847711
SYCP2	20	59863564	59933655
FAM217B	20	59933643	59949387
PPP1R3D	20	59936663	59940305
CDH26	20	59958423	60034011
MIR646HG	20	60047154	60653784
CDH4	20	61252261	61940617
TAF4	20	61953469	62065881
LSM14B	20	62122444	62136728
PSMA7	20	62136728	62143452
SS18L1	20	62143769	62182514
MTG2	20	62183025	62203568
HRH3	20	62214960	62220303
OSBPL2	20	62231922	62296213
ADRM1	20	62302066	62308867
LAMA5	20	62307955	62367312
LAMA5-AS1	20	62352970	62356482
RPS21	20	62385948	62388534
CABLES2	20	62388630	62407303
SLCO4A1	20	62642440	62685785
SLCO4A1-AS1	20	62663019	62666724
MRGBP	20	62796473	62801729
OGFR	20	62804178	62814000
COL9A3	20	62816244	62841163
TCFL5	20	62841005	62861825
DIDO1	20	62877738	62937952
GID8	20	62937060	62948589
SLC17A9	20	62952668	62969585
YTHDF1	20	63195429	63216139
BIRC7	20	63235883	63240495
NKAIN4	20	63240784	63272694
ARFGAP1	20	63272785	63289790
COL20A1	20	63293186	63334851
CHRNA4	20	63343223	63378401
KCNQ2	20	63400208	63472677
EEF1A2	20	63477488	63500533
PPDPF	20	63520754	63527076
HELZ2	20	63558086	63574239
GMEB2	20	63587601	63628426
STMN3	20	63639705	63657682
ARFRP1	20	63698622	63708662
ZGPAT	20	63707353	63736150
SLC2A4RG	20	63739759	63744050
ZBTB46	20	63743668	63832455
TPD52L2	20	63865228	63891545
DNAJC5	20	63894641	63936031
UCKL1	20	63939828	63956480
UCKL1-AS1	20	63953384	63956985
ZNF512B	20	63956704	63969962
SAMD10	20	63974116	63980008
PRPF6	20	63981072	64033106
SOX18	20	64047582	64049639
TCEA2	20	64049836	64072352
RGS19	20	64073181	64079988
OPRL1	20	64079967	64100649
LKAAEAR1	20	64083376	64084967
MYT1	20	64102222	64242253
PCMTD2	20	64254921	64304820
HSPA13	21	14371115	14383484
SAMSN1	21	14485228	14658821
NRIP1	21	14961235	15065936
USP25	21	15729925	15880064
MIR99AHG	21	15928296	16646364
LINC01549	21	17438752	17450104
CXADR	21	17512971	17593579
BTG3	21	17593650	17613014
C21orf91	21	17788974	17819386
CHODL	21	17901263	18267373
LINC00320	21	20651450	20803816
NCAM2	21	20998409	21543329
LINC00158	21	25374242	25431701
MIR155HG	21	25560592	25575168
MRPL39	21	25585632	25607525
JAM2	21	25639258	25717562
GABPA	21	25734570	25772460
APP	21	25880535	26171128
CYYR1-AS1	21	26278778	26569252
CYYR1	21	26466209	26573286
ADAMTS1	21	26835755	26845409
ADAMTS5	21	26917922	26967088
LTN1	21	28928144	28992956
RWDD2B	21	29004384	29019360
USP16	21	29024629	29054493
CCT8	21	29055805	29073797
MAP3K7CL	21	29077060	29175889
BACH1	21	29194071	29630751
GRIK1	21	29536933	29940033
GRIK1-AS1	21	29748175	29764002
TIAM1	21	31117985	31559977
SOD1	21	31659633	31668931
SCAF4	21	31670804	31732184
HUNK	21	31873020	32044633
MIS18A	21	32268224	32279098
MIS18A-AS1	21	32277863	32280999
MRAP	21	32291813	32314784
URB1	21	32311018	32393029
URB1-AS1	21	32393048	32394380
EVA1C	21	32411710	32517158
TCP10L	21	32497967	32587373
SYNJ1	21	32628757	32728040
PAXBP1-AS1	21	32728079	32747065
PAXBP1	21	32733899	32771796
OLIG2	21	33025327	33029196
OLIG1	21	33070141	33072413
IFNAR2	21	33205282	33265675
IL10RB	21	33266363	33311420
IFNAR1	21	33324387	33359864
IFNGR2	21	33403369	33479348
TMEM50B	21	33432485	33479974
DNAJC28	21	33486096	33491749
GART	21	33503371	33543524
SON	21	33543038	33577481
DONSON	21	33559542	33589015
CRYZL1	21	33589341	33643926
ITSN1	21	33642400	33899861
LINC00649	21	33915534	34039762
MRPS6	21	34073224	34362252
SLC5A3	21	34073578	34106260
LINC00310	21	34157724	34325034
KCNE2	21	34180729	34371381
KCNE1	21	34446688	34512214
RCAN1	21	34513142	34615113
LINC01426	21	34745725	34784886
RUNX1	21	34787801	36004667
LINC01436	21	36005131	36008300
SETD4	21	36034534	36079389
CBR1	21	36069941	36073166
CBR3	21	36135079	36146566
MORC3	21	36320189	36386148
CHAF1B	21	36385354	36419015
SIM2	21	36699115	36749917
HLCS	21	36748626	36990236
RIPPLY3	21	37006150	37019662
PIGP	21	37062846	37073318
TTC3	21	37073226	37203112
DSCR9	21	37208196	37237353
DYRK1A	21	37365573	37526358
KCNJ6	21	37607373	38121345
DSCR8	21	38121441	38156511
KCNJ15	21	38155549	38307357
ERG	21	38380027	38661780
ETS2	21	38805115	38824956
PSMG1	21	39174769	39183503
BRWD1	21	39184176	39321559
HMGN1	21	39342315	39349653
LCA5L	21	39405135	39445805
SH3BGR	21	39445855	39515506
B3GALT5-AS1	21	39527841	39612910
B3GALT5	21	39556442	39673137
IGSF5	21	39745183	39802081
PCP4	21	39867438	39929397
DSCAM	21	40010999	40847158
LINC00323	21	41141493	41168796
BACE2	21	41167801	41282530
FAM3B	21	41304212	41357727
MX2	21	41361957	41409417
MX1	21	41420020	41470071
TMPRSS2	21	41464296	41531116
RIPK4	21	41739369	41767089
PRDM15	21	41798225	41879482
C2CD2	21	41885112	41954018
ZBTB21	21	41986831	42010387
ZNF295-AS1	21	42009078	42055131
ABCG1	21	42199689	42304389
TFF3	21	42311667	42315409
TMPRSS3	21	42371840	42396119
RSPH1	21	42472486	42496366
SLC37A1	21	42495994	42581440
PDE9A	21	42653591	42775513
WDR4	21	42843013	42879582
NDUFV3	21	42879644	42913304
PKNOX1	21	42974328	43034475
CBS	21	43050900	43076943
U2AF1	21	43092956	43107605
FRGCA	21	43134007	43141679
SIK1	21	43414483	43427131
HSF2BP	21	43529186	43659504
RRP1B	21	43659560	43696079
PDXK	21	43719094	43762307
CSTB	21	43772511	43776579
RRP1	21	43789513	43805757
AGPAT3	21	43865223	43987592
TRAPPC10	21	44012309	44106553
PWP2	21	44107358	44131181
ICOSLG	21	44215382	44241446
AIRE	21	44285838	44298648
PFKL	21	44300017	44327377
TRPM2	21	44350072	44445246
LRRC3	21	44455490	44462196
UBE2G2	21	44768580	44801826
LINC01424	21	44801876	44804717
SUMO3	21	44805617	44818779
PTTG1IP	21	44849585	44873903
ITGB2	21	44885948	44932079
ITGB2-AS1	21	44921033	44929682
LINC01547	21	44932814	44939951
ADARB1	21	45073839	45226560
POFUT2	21	45263928	45287898
LINC00205	21	45287983	45353538
COL18A1	21	45405123	45513721
SLC19A1	21	45493572	45573564
PCBP3	21	45643694	45942454
COL6A1	21	45981755	46005050
COL6A2	21	46096722	46132851
FTCD	21	46136083	46155581
SPATC1L	21	46161148	46184476
LSS	21	46188141	46228840
MCM3AP-AS1	21	46228394	46284359
MCM3AP	21	46235133	46286297
YBEY	21	46286336	46297811
C21orf58	21	46300181	46324460
PCNT	21	46324124	46445769
DIP2A	21	46458877	46572743
S100B	21	46598508	46605208
PRMT2	21	46635595	46665698
IL17RA	22	17084934	17115693
CECR2	22	17359949	17558151
SLC25A18	22	17563086	17591909
ATP6V1E1	22	17592136	17630958
BCL2L13	22	17628848	17730855
BID	22	17734138	17774770
MICAL3	22	17787649	18024561
PEX26	22	18077923	18105396
USP18	22	18148399	18177397
TMEM191B	22	18527802	18530573
DGCR6	22	18905677	18914281
DGCR2	22	19036280	19122461
LINC01311	22	19171395	19185045
SLC25A1	22	19175575	19178788
CLTCL1	22	19179320	19291774
HIRA	22	19330693	19447450
C22orf39	22	19351368	19447711
MRPL40	22	19432467	19436077
CDC45	22	19479457	19520612
CLDN5	22	19523024	19527545
TBX1	22	19756703	19783593
GNB1L	22	19783223	19854939
TXNRD2	22	19875517	19941820
COMT	22	19941371	19969975
ARVCF	22	19969892	20016823
TANGO2	22	20016615	20067164
DGCR8	22	20080035	20111877
TRMT2A	22	20111875	20117392
RANBP1	22	20115877	20127355
ZDHHC8	22	20129456	20148007
CCDC188	22	20148416	20151055
RTN4R	22	20241415	20283246
DGCR6L	22	20314238	20320080
ZNF74	22	20394115	20408461
SCARF2	22	20424584	20437944
KLHL22	22	20441519	20496893
MED15	22	20495913	20587632
PI4KA	22	20707691	20859417
SNAP29	22	20858537	20891214
CRKL	22	20917407	20953747
AIFM3	22	20965108	20981364
LZTR1	22	20982223	20999035
THAP7	22	20999104	21002196
THAP7-AS1	22	21001536	21010342
P2RX6	22	21009808	21028013
LRRC74B	22	21045946	21064168
HIC2	22	21416504	21451463
TMEM191C	22	21466423	21471269
UBE2L3	22	21549447	21624034
YDJC	22	21628089	21630064
SDF2L1	22	21642302	21644299
PPIL2	22	21666000	21700015
YPEL1	22	21697536	21735794
MAPK1	22	21755537	21867680
PPM1F	22	21919425	21952848
TOP3B	22	21957025	21982813
ZNF280B	22	22484421	22508742
RSPH14	22	23059415	23145021
GNAZ	22	23070325	23125036
RAB36	22	23145366	23165663
BCR	22	23179704	23318037
RGL4	22	23688136	23699176
ZNF70	22	23738682	23751730
VPREB3	22	23752743	23754425
CHCHD10	22	23765834	23767982
MMP11	22	23768226	23784322
SMARCB1	22	23786931	23838009
DERL3	22	23834503	23839128
SLC2A11	22	23856703	23886312
MIF	22	23894372	23895227
MIF-AS1	22	23894426	23898930
GSTT2B	22	23957414	23961197
DDTL	22	23966888	23972558
DDT	22	23970542	23980525
CABIN1	22	24011192	24178634
SUSD2	22	24181481	24189111
GGT5	22	24218000	24245748
SPECC1L	22	24270817	24417740
UPB1	22	24494107	24528390
GUCD1	22	24540423	24555935
SNRPD3	22	24555957	24584044
LRRC75B	22	24585620	24593208
GGT1	22	24594684	24629011
SGSM1	22	24806169	24927578
KIAA1671	22	24952711	25197448
CRYBB2	22	25212564	25231870
LRP5L	22	25351612	25405274
SEZ6L	22	26169462	26383597
ASPHD2	22	26428729	26445015
HPS4	22	26443107	26483931
SRRD	22	26483877	26494658
TFIP11	22	26490988	26512505
TPST2	22	26521996	26596717
CRYBB1	22	26599277	26619630
MIATNB	22	26646363	27004694
MIAT	22	26646411	26676478
MN1	22	27748277	27801756
PITPNB	22	27851669	27920134
TTC28	22	27978014	28679840
CHEK2	22	28687738	28742422
HSCB	22	28742039	28757522
CCDC117	22	28772674	28789301
XBP1	22	28794555	28800597
ZNRF3	22	28883565	29057488
ZNRF3-AS1	22	29024999	29031533
KREMEN1	22	29072950	29168333
EMID1	22	29205809	29259598
RHBDD3	22	29259852	29268221
EWSR1	22	29268009	29300530
GAS2L1	22	29306394	29312787
RASL10A	22	29312933	29319679
AP1B1	22	29327680	29388612
RFPL1S	22	29409067	29478923
NEFH	22	29480218	29491390
THOC5	22	29505879	29555216
NIPSNAP1	22	29554808	29581327
NF2	22	29603546	29698598
CABP7	22	29720003	29731833
ZMAT5	22	29728138	29767084
UQCR10	22	29767369	29770413
ASCC2	22	29788608	29838304
MTMR3	22	29883141	30030868
HORMAD2	22	30080464	30177075
LIF	22	30240453	30246759
OSM	22	30262829	30266851
TBC1D10A	22	30291990	30326947
SF3A1	22	30331988	30356919
CCDC157	22	30356635	30378673
RNF215	22	30368811	30421771
SEC14L2	22	30396941	30425303
MTFP1	22	30425623	30429054
SEC14L6	22	30522799	30546741
GAL3ST1	22	30554632	30576210
PES1	22	30576625	30607083
TCN2	22	30607003	30627631
SLC35E4	22	30635781	30669016
DUSP18	22	30652051	30667887
OSBP2	22	30693782	30907824
MORC2-AS1	22	30922294	30932449
MORC2	22	30925130	30969082
TUG1	22	30969245	30979395
SMTN	22	31064105	31104757
INPP5J	22	31122731	31134697
RNF185	22	31160158	31207019
LIMK2	22	31212193	31280964
PIK3IP1	22	31281594	31292534
PATZ1	22	31325804	31346605
LINC01521	22	31346745	31348719
DRG1	22	31399560	31528740
EIF4ENIF1	22	31436977	31497047
SFI1	22	31488688	31618588
PISD	22	31618489	31662239
PRR14L	22	31676256	31750207
DEPDC5	22	31753867	31908033
YWHAH	22	31944522	31957603
RFPL3S	22	32359886	32382106
RTCB	22	32387576	32412265
FBXO7	22	32474676	32498831
SYN3	22	32507820	33058381
TIMP3	22	32801576	32863042
HMGXB4	22	35257452	35295807
TOM1	22	35299275	35347995
HMOX1	22	35380361	35394214
MCM5	22	35400123	35425431
RASD2	22	35539796	35554003
MB	22	35606764	35637951
APOL6	22	35648386	35668404
RBFOX2	22	35738736	36028824
APOL3	22	36139792	36166177
APOL4	22	36189124	36204840
APOL2	22	36226209	36239954
APOL1	22	36253071	36267530
MYH9	22	36281279	36388010
TXN2	22	36466895	36482072
FOXRED2	22	36487190	36507221
EIF3D	22	36510850	36529245
CACNG2	22	36560857	36703752
IFT27	22	36758202	36776309
NCF4	22	36860988	36878017
CSF2RB	22	36913628	36940443
TST	22	37010859	37024797
MPST	22	37019635	37029822
KCTD17	22	37051739	37063390
IL2RB	22	37118666	37176676
C1QTNF6	22	37180166	37199385
RAC2	22	37225270	37259594
CYTH4	22	37282027	37315346
ELFN2	22	37367960	37427479
MFNG	22	37469063	37486402
CARD10	22	37490362	37519542
CDC42EP1	22	37555112	37569764
LGALS2	22	37570248	37582616
GGA1	22	37608474	37633564
SH3BP1	22	37634654	37656117
LGALS1	22	37675636	37679805
NOL12	22	37681673	37693476
TRIOBP	22	37697048	37776556
GCAT	22	37807872	37817386
ANKRD54	22	37830853	37849327
EIF3L	22	37848868	37889407
MICALL1	22	37905657	37942822
C22orf23	22	37943050	37953669
POLR2F	22	37952607	38041915
SOX10	22	37970686	37987422
PICK1	22	38056311	38075719
SLC16A8	22	38078134	38084184
BAIAP2L2	22	38084652	38111015
PLA2G6	22	38111495	38214778
MAFF	22	38200767	38216511
TMEM184B	22	38219290	38273805
CSNK1E	22	38290691	38320044
KCNJ4	22	38426327	38455639
KDELR3	22	38468043	38483447
DDX17	22	38483438	38507660
DMC1	22	38518905	38570211
FAM227A	22	38578118	38656629
CBY1	22	38656375	38673868
TOMM22	22	38681924	38685421
JOSD1	22	38685543	38701556
GTPBP1	22	38705742	38738299
SUN2	22	38733280	38794143
DNAL4	22	38778508	38794198
NPTXR	22	38818452	38844028
CBX6	22	38861422	38872249
APOBEC3A	22	38952741	38963184
APOBEC3B	22	38982347	38992804
APOBEC3C	22	39014224	39020352
APOBEC3D	22	39021113	39033277
APOBEC3F	22	39040604	39055972
APOBEC3G	22	39077059	39087743
CBX7	22	39120167	39152719
PDGFB	22	39223359	39244982
RPL3	22	39312870	39320389
SYNGR1	22	39349909	39385588
TAB1	22	39399778	39437060
MGAT3	22	39447127	39492194
MIEF1	22	39499432	39518132
ATF4	22	39519695	39522690
RPS19BP1	22	39529088	39532767
FAM83F	22	39994954	40043534
TNRC6B	22	40044817	40335808
ADSL	22	40346461	40390463
SGSM3	22	40370564	40410289
MCHR1	22	40679273	40682812
SLC25A17	22	40769630	40819401
ST13	22	40824535	40856690
XPNPEP3	22	40857077	40932815
RBX1	22	40951277	40973539
EP300	22	41091816	41180077
L3MBTL2	22	41205282	41231273
CHADL	22	41229510	41240931
RANGAP1	22	41244779	41286272
ZC3H7B	22	41301457	41360155
TEF	22	41367333	41399326
TOB2	22	41433489	41446801
ACO2	22	41447830	41529273
PHF5A	22	41459705	41468711
POLR3H	22	41525799	41544606
CSDC2	22	41560858	41577741
PMM1	22	41576896	41595275
DESI1	22	41598028	41621081
XRCC6	22	41620786	41664087
SNU13	22	41673933	41690504
MEI1	22	41699503	41799456
CCDC134	22	41800321	41832172
SREBF2	22	41833099	41907308
SHISA8	22	41909543	41915074
TNFRSF13C	22	41922032	41926806
CENPM	22	41927514	41947183
WBP2NL	22	41998725	42058456
NAGA	22	42058334	42071198
SMDT1	22	42079564	42088243
NDUFA6	22	42085526	42090884
TCF20	22	42160013	42343616
LINC01315	22	42363671	42369300
NFAM1	22	42380407	42432403
RRP7A	22	42507982	42519853
SERHL2	22	42553617	42574387
POLDIP3	22	42583717	42614962
CYB5R3	22	42615730	42720870
A4GALT	22	42691010	42721298
ARFGAP3	22	42796502	42858106
PACSIN2	22	42835412	43015185
TTLL1	22	43039516	43089427
BIK	22	43110748	43129712
MCAT	22	43132209	43143398
TSPO	22	43151077	43163246
TTLL12	22	43166622	43187134
MPPED1	22	43411196	43507850
EFCAB6	22	43528744	43812337
SULT4A1	22	43824509	43862513
PNPLA3	22	43923781	43964488
SAMM50	22	43955399	44010531
PARVB	22	43999211	44172939
PARVG	22	44172956	44219533
PRR5	22	44668547	44737681
PHF21B	22	44881162	45010022
NUP50	22	45163925	45188017
KIAA0930	22	45192244	45240944
UPK3A	22	45284924	45295874
FAM118A	22	45308968	45342824
SMC1B	22	45344063	45413619
RIBC2	22	45413693	45432509
FBLN1	22	45502238	45601981
ATXN10	22	45671798	45845307
WNT7B	22	45920366	45977162
MIRLET7BHG	22	46044913	46116382
PPARA	22	46149924	46243755
CDPF1	22	46244011	46250311
PKDREJ	22	46255663	46263343
TTC38	22	46267961	46295097
GTSE1	22	46296870	46330810
TRMU	22	46330875	46357344
CELSR1	22	46360834	46537620
GRAMD4	22	46575644	46679790
CERK	22	46684410	46738267
TBC1D22A	22	46762617	47175699
BRD1	22	49773278	49827944
ZBED4	22	49853827	49897383
ALG12	22	49900229	49918458
CRELD2	22	49917989	49927544
PIM3	22	49960463	49964075
MLC1	22	50059391	50085969
MOV10L1	22	50090006	50161690
PANX2	22	50170731	50180295
TRABD	22	50184717	50199600
TUBGCP6	22	50217688	50245028
HDAC10	22	50245183	50251405
MAPK12	22	50245450	50261734
MAPK11	22	50263713	50270767
PLXNB2	22	50274978	50307695
DENND6B	22	50309030	50327521
PPP6R2	22	50343300	50445090
SBF1	22	50443219	50483923
ADM2	22	50481543	50486440
MIOX	22	50486784	50490648
LMF2	22	50502947	50507732
NCAPH2	22	50508213	50524780
TYMP	22	50525752	50530326
KLHDC7B	22	50545899	50551023
SYCE3	22	50551112	50562919
CPT1B	22	50568856	50578681
CHKB	22	50578959	50601455
MAPK8IP2	22	50600677	50613981
ARSA	22	50622754	50628177
SHANK3	22	50674408	50733212
RABL2B	22	50767491	50783760
GYG2	X	2828571	2890109
ARSD	X	2903972	2929405
ARSF	X	3040235	3112822
LINC01546	X	3271504	3291550
MXRA5	X	3308565	3346652
PRKX	X	3604340	3713649
NLGN4X	X	5840637	6228867
PUDP	X	6667865	7148165
STS	X	7147237	7804358
PNPLA4	X	7898247	7927739
ANOS1	X	8528874	8732195
FAM9B	X	9024232	9295682
TBL1X	X	9463258	9741037
GPR143	X	9724039	9786297
SHROOM2	X	9786429	9949443
WWC3	X	10015254	10144474
CLCN4	X	10156943	10237660
MID1	X	10445310	10833654
HCCS	X	11111299	11123086
ARHGAP6	X	11117651	11665920
MSL3	X	11758159	11775772
FRMPD4	X	11822423	12724523
PRPS2	X	12791355	12824223
TLR7	X	12867072	12890361
TLR8	X	12906620	12923169
TMSB4X	X	12975107	12977227
TCEANC	X	13653078	13681964
RAB9A	X	13689122	13710504
TRAPPC2	X	13712244	13734635
OFD1	X	13734675	13777955
GPM6B	X	13770939	13938638
GEMIN8	X	13998099	14029928
FANCB	X	14690388	14873255
MOSPD2	X	14873421	14922327
ASB9	X	15235288	15270467
PIGA	X	15319452	15335554
PIR	X	15384799	15493635
ACE2	X	15494566	15607236
CA5B	X	15688830	15788411
INE2	X	15785716	15787589
ZRSR2	X	15790106	15830694
AP1S2	X	15825806	15854931
CTPS2	X	16587950	16712976
SYAP1	X	16719545	16765340
TXLNG	X	16786432	16844519
RBBP7	X	16839283	16870372
REPS2	X	16946658	17153272
NHS	X	17375200	17735994
SCML1	X	17737115	17754988
RAI2	X	17799788	17861337
SCML2	X	18239307	18355149
CDKL5	X	18425583	18653629
PHKA2	X	18892298	18984988
PDHA1	X	19343893	19361718
MAP3K15	X	19360056	19515508
SH3KBP1	X	19533977	19887650
MAP7D2	X	20006713	20117065
EIF1AX	X	20124525	20141982
RPS6KA3	X	20149911	20267519
CNKSR2	X	21372801	21654695
MBTPS2	X	21839610	21885423
YY2	X	21855987	21858740
SMS	X	21940709	21994837
PHEX	X	22032325	22494713
PTCHD1	X	23334318	23404374
PRDX4	X	23664262	23686399
ACOT9	X	23699396	23766475
SAT1	X	23783173	23786210
APOO	X	23833353	23908070
KLHL15	X	23983716	24027186
EIF2S3	X	24054911	24078810
ZFX	X	24148976	24216255
PDK3	X	24465244	24550466
PCYT1B	X	24558087	24672677
POLA1	X	24693864	24996986
ARX	X	25003694	25016420
IL1RAPL1	X	28587446	29956718
NR0B1	X	30304206	30309390
GK	X	30653359	30731462
TAB3	X	30827442	30975084
DMD	X	31097677	33339609
TMEM47	X	34627075	34657285
PRRG1	X	37349309	37492702
LANCL3	X	37571569	37684463
XK	X	37685791	37732130
CYBB	X	37780018	37816994
DYNLT3	X	37836757	37847571
SYTL5	X	38006515	38128819
SRPX	X	38149336	38220941
RPGR	X	38269163	38327544
TSPAN7	X	38561498	38689249
MID1IP1	X	38801417	38806537
BCOR	X	40049815	40177329
ATP6AP2	X	40579372	40606848
CXorf38	X	40626921	40647569
MED14	X	40648305	40735877
MED14OS	X	40735385	40738897
USP9X	X	41085431	41236579
DDX3X	X	41333348	41364472
CASK	X	41514934	41923660
GPR34	X	41688973	41698371
GPR82	X	41724181	41730130
MAOA	X	43654907	43746821
MAOB	X	43766400	43882559
NDP	X	43948772	43973395
EFHC2	X	44146255	44343850
FUNDC1	X	44523639	44542972
KDM6A	X	44873130	45112779
LINC01204	X	45505373	45632121
MIR222HG	X	45745210	45851873
KRBOX4	X	46447255	46497422
ZNF674	X	46497725	46545457
ZNF674-AS1	X	46545438	46564575
CHST7	X	46573391	46598496
SLC9A7	X	46599251	46759193
RP2	X	46836928	46889240
JADE3	X	46912276	47061242
RGN	X	47078190	47094419
NDUFB11	X	47142071	47145466
RBM10	X	47144284	47186814
UBA1	X	47190713	47215173
CDK16	X	47217860	47230000
USP11	X	47232866	47248328
ZNF157	X	47370578	47414498
ZNF41	X	47444693	47483247
LINC01560	X	47483571	47484823
ARAF	X	47561182	47571921
SYN1	X	47571901	47619858
TIMP1	X	47582408	47586789
CFP	X	47621537	47630305
ELK1	X	47631621	47650604
UXT	X	47651792	47659187
UXT-AS1	X	47658833	47692326
ZNF81	X	47836471	48002561
ZNF182	X	47974851	48004375
ZNF630	X	47983356	48071893
SLC38A5	X	48458537	48470554
FTSJ1	X	48476021	48486364
PORCN	X	48508574	48520814
EBP	X	48521089	48528716
TBC1D25	X	48539684	48562609
RBM3	X	48574056	48581162
WDR13	X	48589838	48608869
WAS	X	48676593	48691431
SUV39H1	X	48695554	48709016
HDAC6	X	48801377	48824986
PCSK1N	X	48831088	48835632
PQBP1	X	48890197	48903640
TIMM17B	X	48893447	48898143
SLC35A2	X	48903180	48911958
PIM2	X	48913182	48919024
OTUD5	X	48922024	48958386
KCND1	X	48960982	48971866
GRIPAP1	X	48973719	49002265
TFE3	X	49028726	49043476
CCDC120	X	49053572	49069857
PRAF2	X	49071161	49074017
WDR45	X	49074433	49101203
GPKOW	X	49113396	49123746
MAGIX	X	49162564	49168774
PLP2	X	49171787	49175235
PRICKLE3	X	49174802	49186528
SYP	X	49187807	49200218
CCDC22	X	49235444	49250526
FOXP3	X	49250436	49264800
PPP1R3F	X	49269793	49301461
USP27X	X	49879484	49882558
CLCN5	X	49922596	50099235
CCNB3	X	50202713	50351914
SHROOM4	X	50586796	50814302
NUDT10	X	51332231	51337525
NUDT11	X	51490011	51496592
GSPT2	X	51743442	51746232
MAGED1	X	51803007	51902357
MAGED4B	X	52061827	52069272
MAGED4	X	52184767	52192268
GPR173	X	53048789	53080615
TSPYL2	X	53082326	53088541
KANTR	X	53094142	53170914
KDM5C	X	53176277	53225422
IQSEC2	X	53225828	53321350
SMC1A	X	53374149	53422728
RIBC1	X	53421951	53431624
HSD17B10	X	53431258	53434371
HUWE1	X	53532096	53686752
PHF8	X	53936676	54048958
FAM120C	X	54068324	54183281
WNK3	X	54192823	54358642
TSR2	X	54440402	54448032
FGD1	X	54445454	54496234
GNL3L	X	54529900	54621565
MAGED2	X	54807599	54816015
TRO	X	54920462	54931436
APEX2	X	55000331	55009057
MAGEH1	X	55452127	55453566
USP51	X	55484616	55489874
RRAGB	X	55717743	55758774
KLF8	X	56232356	56291531
UBQLN2	X	56563627	56567868
SPIN3	X	56818298	56995827
SPIN2B	X	57118551	57121840
SPIN2A	X	57134530	57137679
FAAH2	X	57286632	57490641
ZXDB	X	57592011	57597477
ZXDA	X	57905430	57910458
SPIN4	X	63347228	63351332
ARHGEF9	X	63634967	63809274
AMER1	X	64185117	64205708
ZC4H2	X	64915802	65034713
ZC3H12B	X	65034788	65507887
LAS1L	X	65438549	65534818
MSN	X	65588377	65741936
VSIG4	X	66021738	66040125
HEPH	X	66162483	66268910
EDA2R	X	66594384	66639298
AR	X	67543353	67730619
OPHN1	X	67949349	68434120
YIPF6	X	68498562	68537282
STARD8	X	68647666	68725842
EFNB1	X	68828992	68842160
PJA1	X	69160721	69165521
EDA	X	69616067	70039472
OTUD6A	X	70062457	70064179
IGBP1	X	70133345	70166324
PDZD11	X	70281118	70290596
KIF4A	X	70290067	70420886
GDPD2	X	70423031	70433710
DLG3	X	70444835	70505490
SLC7A3	X	70925575	70931149
SNX12	X	71056332	71073426
FOXO4	X	71095851	71103535
IL2RG	X	71107404	71112108
MED12	X	71118543	71144103
NLGN3	X	71143286	71175255
GJB1	X	71212811	71225519
ZMYM3	X	71239617	71255269
NONO	X	71254270	71301522
ITGB1BP2	X	71301747	71305371
TAF1	X	71366131	71532374
OGT	X	71533083	71575892
NHSL2	X	71910845	72161750
PIN4	X	72181353	72302926
ERCC6L	X	72204657	72239027
RPS4X	X	72255679	72277312
CITED1	X	72301638	72309652
HDAC8	X	72329516	72573101
PHKA1	X	72578814	72714327
NAP1L2	X	73212299	73215239
CHIC1	X	73563197	73687111
TSIX	X	73792205	73829231
XIST	X	73820649	73852714
FTX	X	73940435	74293574
JPX	X	73943934	74070423
SLC16A2	X	74421383	74533918
RLIM	X	74582976	74614627
ABCB7	X	75051048	75156732
UPRT	X	75156388	75304885
ZDHHC15	X	75368427	75523502
MAGEE2	X	75782987	75785254
PBDC1	X	76173034	76178755
MAGEE1	X	76427710	76431342
ATRX	X	77504880	77786233
MAGT1	X	77825747	77899271
COX7B	X	77895727	77907376
ATP7A	X	77910690	78050395
PGK1	X	77910739	78129295
TAF9B	X	78129748	78139688
CYSLTR1	X	78271468	78327691
LPAR4	X	78747680	78758724
ITM2A	X	79360384	79367697
BRWD3	X	80669503	80809877
HMGN5	X	81112915	81202016
SH3BGRL	X	81202005	81298547
POU3F4	X	83508290	83512127
RPS6KA6	X	84058346	84206356
HDX	X	84317874	84502496
APOOL	X	85003871	85093315
SATL1	X	85092284	85243911
ZNF711	X	85243839	85273422
CHM	X	85861180	86047561
DACH2	X	86148451	86832604
KLHL4	X	87517409	87670050
PABPC5	X	91434595	91438584
PCDH11X	X	91779261	92623230
NAP1L3	X	93670930	93673578
FAM133A	X	93673181	93712274
DIAPH2	X	96684712	97604997
PCDH19	X	100291644	100410296
TNMD	X	100584936	100599885
TSPAN6	X	100627108	100639991
SRPX2	X	100644195	100675788
SYTL4	X	100671783	100732151
CSTF2	X	100820369	100841523
TRMT2B	X	101009346	101052135
CENPI	X	101098167	101166126
DRP2	X	101219769	101264502
TAF7L	X	101268253	101293057
TIMM8A	X	101345652	101349001
BTK	X	101349338	101390796
RPL36A	X	101390824	101396155
GLA	X	101393273	101408012
HNRNPH2	X	101408114	101414137
ARMCX4	X	101418287	101533459
ARMCX1	X	101550411	101554704
ARMCX6	X	101615118	101618003
ARMCX3	X	101622797	101627843
ARMCX3-AS1	X	101622983	101624164
ARMCX2	X	101655157	101659924
ZMAT1	X	101882288	101932090
TCEAL2	X	102125130	102140426
TCEAL6	X	102140476	102142970
BEX5	X	102153464	102156017
TMSB15A	X	102513674	102516795
ARMCX5	X	102599168	102604159
GPRASP1	X	102650345	102659083
GPRASP2	X	102712056	102717733
LINC00630	X	102720701	102997186
RAB40AL	X	102937272	102938300
BEX1	X	103062645	103064342
BEX4	X	103215068	103217246
TCEAL8	X	103252863	103255204
TCEAL5	X	103273689	103276750
BEX2	X	103309345	103311298
TCEAL7	X	103330178	103332326
RAB40A	X	103496541	103526752
TCEAL4	X	103576231	103590165
TCEAL3	X	103607451	103629690
TCEAL1	X	103628701	103630958
MORF4L2	X	103675360	103688158
MORF4L2-AS1	X	103687243	103691772
TMEM31	X	103710909	103714036
PLP1	X	103769047	103792677
RAB9B	X	103822327	103835153
TMSB15B	X	103918896	103966712
SLC25A53	X	104099214	104157009
ZCCHC18	X	104112060	104115847
FAM199X	X	104166453	104195902
IL1RAPL2	X	104566199	105767829
RNF128	X	106693794	106797016
TBC1D8B	X	106802673	106876150
MORC4	X	106813871	107000254
RBM41	X	107052095	107118823
FRMPD3	X	107449652	107605255
PRPS1	X	107628428	107651993
TSC22D3	X	107713221	107777342
MID2	X	107825755	107931637
VSIG1	X	108044970	108079184
PSMD10	X	108084202	108091619
ATG4A	X	108091668	108154671
COL4A6	X	108155607	108439497
COL4A5	X	108439745	108697547
NXT2	X	109535781	109544698
KCNE5	X	109623700	109625172
ACSL4	X	109624244	109733403
TMEM164	X	110002631	110184260
AMMECR1	X	110194186	110440318
CHRDL1	X	110673856	110796192
PAK3	X	110944285	111227361
DCX	X	111293779	111412429
ALG13	X	111665811	111760649
LHFPL1	X	112625372	112680180
AMOT	X	112774503	112840831
IL13RA2	X	115003975	115019977
LRCH2	X	115110616	115234096
PLS3-AS1	X	115518182	115562731
PLS3	X	115560928	115650861
KLHL13	X	117897794	118117340
WDR44	X	118345968	118450285
DOCK11	X	118495814	118686974
IL13RA1	X	118727133	118794535
ZCCHC12	X	118823824	118826968
LINC01285	X	118839538	118919669
LONRF3	X	118974614	119022925
PGRMC1	X	119236244	119244468
SLC25A43	X	119399336	119454478
SLC25A5	X	119468395	119471396
UBE2A	X	119474802	119591083
NKRF	X	119588337	119606443
RPL39	X	119786497	119791662
UPF3B	X	119833808	119853083
RNF113A	X	119870475	119871733
NDUFA1	X	119871796	119876689
AKAP14	X	119895837	119920720
NKAP	X	119920672	119943751
RHOXF1	X	120109050	120245267
ZBTB33	X	120250752	120259741
TMEM255A	X	120258650	120311556
ATP1B4	X	120362085	120383249
LAMP2	X	120426148	120469365
CUL4B	X	120505920	120604074
MCTS1	X	120594010	120621159
C1GALT1C1	X	120625674	120630054
GLUD2	X	121047610	121050094
GRIA3	X	123184023	123490915
THOC2	X	123600561	123733056
XIAP	X	123859693	123913972
STAG2	X	123960212	124422664
SH2D1A	X	124227868	124373197
TENM1	X	124375903	125204312
PRR32	X	126819729	126821786
SMARCA1	X	129446501	129523947
OCRL	X	129539849	129592561
APLN	X	129645259	129654959
XPNPEP2	X	129738949	129769547
SASH3	X	129779949	129795201
ZDHHC9	X	129803288	129844215
UTP14A	X	129906121	129929761
BCORL1	X	129981107	130058071
ELF4	X	130063955	130110904
AIFM1	X	130124666	130165879
RAB33A	X	130171950	130184874
ZNF280C	X	130202707	130268899
SLC25A14	X	130339888	130373361
RBMX2	X	130401922	130413656
ENOX2	X	130622325	130903272
ARHGAP36	X	131058346	131089885
IGSF1	X	131273506	131578899
FIRRE	X	131688779	131830928
RAP2C-AS1	X	132161687	132432862
RAP2C	X	132203024	132219495
MBNL3	X	132369320	132489978
HS6ST2	X	132626015	132961395
GPC4	X	133300103	133416214
GPC3	X	133535745	133987100
CCDC160	X	134237047	134246842
PHF6	X	134373286	134428792
HPRT1	X	134460155	134520513
MIR503HG	X	134543118	134549644
PLAC1	X	134565837	134764355
MOSPD1	X	134887613	134915470
SMIM10	X	134990991	134992473
SMIM10L2B	X	135094985	135098712
ZNF75D	X	135248590	135344113
ZNF449	X	135344199	135363413
SMIM10L2A	X	135421944	135428075
MMGT1	X	135960588	135974029
SLC9A6	X	135973841	136047269
FHL1	X	136146702	136211359
MAP7D3	X	136213220	136256482
HTATSF1	X	136496932	136513181
ARHGEF6	X	136665547	136781688
RBMX	X	136848004	136880764
ZIC3	X	137563314	137577691
FGF13	X	138614727	139222777
MCF2	X	139581770	139708216
ATP11C	X	139726346	139945276
SOX3	X	140502985	140505069
LINC00632	X	140709562	140793215
LDOC1	X	141111605	141177129
MAGEC2	X	142202342	142205290
SLITRK4	X	143622790	143636101
SLITRK2	X	145817819	145829856
FMR1	X	147911858	147951125
AFF2	X	148500617	149000663
IDS	X	149476988	149521096
TMEM185A	X	149596556	149631912
MAMLD1	X	150361422	150514178
MTM1	X	150568417	150673143
MTMR1	X	150692971	150765165
CD99L2	X	150766336	150898816
HMGB3	X	150980509	150990775
VMA21	X	151396515	151409364
PRRG3	X	151694607	151705924
GABRE	X	151953124	151974680
GABRA3	X	152166234	152451425
GABRQ	X	152637895	152657542
CSAG1	X	152727484	152733736
CETN2	X	152826994	152830782
NSDHL	X	152830967	152869729
ZNF185	X	152896695	152973511
PNMA3	X	153056409	153060467
PNMA6A	X	153072454	153075019
ZNF275	X	153334147	153360110
ZFP92	X	153411434	153426481
TREX2	X	153444473	153470587
HAUS7	X	153447655	153495516
BGN	X	153488654	153510299
DUSP9	X	153642401	153651326
PNCK	X	153669730	153689033
SLC6A8	X	153687926	153696591
BCAP31	X	153698006	153725957
ABCD1	X	153724495	153744755
SRPK3	X	153781001	153785768
IDH3G	X	153785735	153794535
SSR4	X	153793516	153798505
PDZD4	X	153802166	153830930
L1CAM	X	153861511	153886204
ARHGAP4	X	153907367	153934999
NAA10	X	153929225	153935080
RENBP	X	153935269	153944687
HCFC1	X	153946434	153972427
TMEM187	X	153972754	153983194
IRAK1	X	154010504	154019927
MECP2	X	154021573	154137103
TKTL1	X	154295795	154330350
FLNA	X	154348524	154374638
EMD	X	154379244	154381574
RPL10	X	154389955	154409168
DNASE1L1	X	154401236	154412114
ATP6AP1	X	154428618	154436517
GDI1	X	154436600	154443467
FAM50A	X	154444103	154450654
PLXNA3	X	154458280	154477779
LAGE3	X	154477775	154479281
UBL4A	X	154483717	154486615
SLC10A3	X	154487306	154490690
FAM3A	X	154506159	154516882
G6PD	X	154517825	154547584
IKBKG	X	154541179	154565047
GAB3	X	154675249	154751583
DKC1	X	154762742	154777697
MPP1	X	154778684	154821039
F8	X	154835788	155026940
FUNDC2	X	155025980	155060304
MTCP1	X	155064034	155147937
BRCC3	X	155071420	155123077
VBP1	X	155197007	155239841
RAB39B	X	155258235	155264491
CLIC2	X	155276211	155334673
F8A3	X	155456914	155458620
TMLHE	X	155488606	155719107
RPS4Y1	Y	2841602	2932000
ZFY	Y	2935281	2982512
PCDH11Y	Y	5000226	5742224
USP9Y	Y	12537650	12860852
DDX3Y	Y	12904108	12920478
UTY	Y	13234577	13480673
TMSB4Y	Y	13703899	13706024
NLGN4Y	Y	14522573	14845654
TTTY14	Y	18772706	19077555
KDM5D	Y	19703865	19744989
EIF1AY	Y	20575694	20593154
RPS4Y2	Y	20756108	20781032
