condition_malignant_state	contrast	condition_A	condition_B	gene	n_A	n_B	mean_logcpm_A	mean_logcpm_B	log2FC_A_vs_B	pvalue_welch	pvalue_mannwhitney	padj_welch	padj_mannwhitney	direction
AC_like_reactive_malignant	GBM_vs_ndGBM	GBM	ndGBM	ALDOA	34	17	9.920245681447465	4.873269332655681	5.046976348791784	4.504157489499756e-21	8.184096471477099e-09	3.417754703032415e-17	9.94369259683805e-06	up_in_A
AC_like_reactive_malignant	GBM_vs_ndGBM	GBM	ndGBM	MKKS	34	17	6.5390894530786525	4.79598431903541	1.7431051340432422	4.461280425838367e-18	4.137427795370014e-08	1.745186441545681e-14	1.531453761525252e-05	up_in_A
AC_like_reactive_malignant	GBM_vs_ndGBM	GBM	ndGBM	NACA2	34	17	5.156554578729726	0.43360781452764174	4.722946764202084	2.3259791238154766e-16	6.892179819708571e-09	7.059811836604734e-13	9.94369259683805e-06	up_in_A
AC_like_reactive_malignant	GBM_vs_ndGBM	GBM	ndGBM	UQCRHL	34	17	6.0465837477552355	2.0347154800467253	4.01186826770851	4.590560139790868e-15	1.1656314892719335e-08	6.33330369831511e-12	9.94369259683805e-06	up_in_A
AC_like_reactive_malignant	GBM_vs_ndGBM	GBM	ndGBM	IMPDH2	34	17	6.880198663839544	5.770178088545197	1.1100205752943468	4.1895070419208726e-14	2.3398282711084013e-08	4.890766066783936e-11	1.1454591562045516e-05	up_in_A
AC_like_reactive_malignant	GBM_vs_ndGBM	GBM	ndGBM	HSPA1B	34	17	10.158097175826883	7.393166569233087	2.764930606593796	8.905848425654182e-14	6.482368024426915e-08	8.447197231732991e-11	1.7573904290381047e-05	up_in_A
AC_like_reactive_malignant	GBM_vs_ndGBM	GBM	ndGBM	UROD	34	17	7.208154062318833	5.7824937545056665	1.4256603078131667	2.134246418920542e-13	2.085300990100313e-08	1.799406869641008e-10	1.1302331366343698e-05	up_in_A
AC_like_reactive_malignant	GBM_vs_ndGBM	GBM	ndGBM	FKBP1C	34	17	4.466455631482266	0.19802691368547848	4.2684287177967875	6.820386107956257e-13	9.277782223613434e-08	5.175308978717208e-10	2.0114231860793925e-05	up_in_A
AC_like_reactive_malignant	GBM_vs_ndGBM	GBM	ndGBM	WDR1	34	17	7.209710602569302	6.198756346311768	1.0109542562575342	1.1343179287410131e-12	1.1264154372232112e-07	8.090953115107887e-10	2.1916000865768528e-05	up_in_A
AC_like_reactive_malignant	GBM_vs_ndGBM	GBM	ndGBM	RNASEH2A	34	17	4.823704813653098	2.3027682568608263	2.5209365567922717	1.1729109681890716e-12	1.3104497360092318e-08	8.090953115107887e-10	9.94369259683805e-06	up_in_A
AC_like_reactive_malignant	GBM_vs_ndGBM	GBM	ndGBM	MIF-AS1	34	17	3.529481274978453	0.41704824931527384	3.1124330256631794	1.2979877282523634e-12	6.55920961125063e-07	8.564461636503421e-10	5.7539054948173154e-05	up_in_A
AC_like_reactive_malignant	GBM_vs_ndGBM	GBM	ndGBM	TVP23B	34	17	5.260520245094282	3.8943203473445713	1.366199897749711	1.0645688654462585e-11	9.041024184482043e-08	4.921724512432376e-09	1.9885012032420216e-05	up_in_A
AC_like_reactive_malignant	GBM_vs_ndGBM	GBM	ndGBM	ZC3H11A	34	17	5.806073236670864	2.0414177123043156	3.7646555243665483	1.1095882779168331e-11	5.1685244497360397e-08	4.9526799134311345e-09	1.673510628483711e-05	up_in_A
AC_like_reactive_malignant	GBM_vs_ndGBM	GBM	ndGBM	NDUFV1	34	17	7.519889024113413	6.429502330081022	1.0903866940323903	1.2036714965264734e-11	6.482368024426915e-08	5.2191196089387895e-09	1.7573904290381047e-05	up_in_A
AC_like_reactive_malignant	GBM_vs_ndGBM	GBM	ndGBM	PFKL	34	17	6.87134803817108	5.865208150567941	1.0061398876031387	1.2645807692120201e-11	1.1656314892719335e-08	5.330910487100449e-09	9.94369259683805e-06	up_in_A
AC_like_reactive_malignant	GBM_vs_ndGBM	GBM	ndGBM	HSPA8	34	17	9.736768953604585	8.54548686556906	1.1912820880355248	2.3238514247657026e-11	2.085300990100313e-08	8.816692305561076e-09	1.1302331366343698e-05	up_in_A
AC_like_reactive_malignant	GBM_vs_ndGBM	GBM	ndGBM	GNB2	34	17	8.496125066598069	7.532087324528302	0.9640377420697668	3.5772399033296907e-11	1.85773942905249e-08	1.2708566945433326e-08	1.1277221430120236e-05	up_in_A
AC_like_reactive_malignant	GBM_vs_ndGBM	GBM	ndGBM	USP6	34	17	3.089796981724577	0.49991228854771513	2.5898846931768618	3.6008722894941554e-11	1.253597873257677e-06	1.2708566945433326e-08	8.297931408404724e-05	up_in_A
AC_like_reactive_malignant	GBM_vs_ndGBM	GBM	ndGBM	EIF4A3	34	17	6.86861384337965	5.758687709778364	1.1099261336012862	4.078347662813452e-11	1.5619178226700086e-07	1.3754000917968208e-08	2.6337405418711164e-05	up_in_A
AC_like_reactive_malignant	GBM_vs_ndGBM	GBM	ndGBM	PREB	34	17	5.6851635953173645	4.420815699840935	1.2643478954764298	6.793701098251815e-11	1.2565699536537884e-07	2.193642720575948e-08	2.328317819699645e-05	up_in_A
AC_like_reactive_malignant	GBM_vs_ndGBM	GBM	ndGBM	GABPB1	34	17	5.095716798314306	3.2530085337871006	1.842708264527205	1.9892496571375498e-10	7.245416830193024e-08	5.3908665708427605e-08	1.802564685491956e-05	up_in_A
AC_like_reactive_malignant	GBM_vs_ndGBM	GBM	ndGBM	DCAKD	34	17	5.9556538284606635	4.5475043684544865	1.408149460006177	7.625548755898913e-10	3.69452269446151e-08	1.6072962211044708e-07	1.4376429849012273e-05	up_in_A
AC_like_reactive_malignant	GBM_vs_ndGBM	GBM	ndGBM	BEST1	34	17	5.656085791510558	3.1730591695529604	2.483026621957597	8.80768832161738e-10	8.418576176896798e-07	1.7822063729182048e-07	6.485295028456132e-05	up_in_A
AC_like_reactive_malignant	GBM_vs_ndGBM	GBM	ndGBM	CITED2	34	17	6.458065302475283	4.951410432602259	1.5066548698730244	1.055169998537414e-09	2.971925842250131e-07	2.0796441425719212e-07	3.921908398433738e-05	up_in_A
AC_like_reactive_malignant	GBM_vs_ndGBM	GBM	ndGBM	RANGRF	34	17	5.415431250920087	4.393773174587324	1.0216580763327636	1.464205642585687e-09	2.971925842250131e-07	2.7098518087659006e-07	3.921908398433738e-05	up_in_A
AC_like_reactive_malignant	GBM_vs_ndGBM	GBM	ndGBM	PAF1	34	17	6.300556346780102	4.932803030964709	1.367753315815393	1.5325439090979364e-09	1.1419031582232002e-06	2.8021549836711184e-07	7.806091139277156e-05	up_in_A
AC_like_reactive_malignant	GBM_vs_ndGBM	GBM	ndGBM	EDARADD	34	17	2.964574030765818	0.3616526739372162	2.602921356828602	1.653404751546302e-09	3.0973604287672346e-06	2.9505065547589215e-07	0.00015261539567198556	up_in_A
AC_like_reactive_malignant	GBM_vs_ndGBM	GBM	ndGBM	TOM1	34	17	4.733029479976886	3.54625354958244	1.1867759303944458	1.6720055594970167e-09	3.303796031626275e-07	2.9505065547589215e-07	4.011072686076828e-05	up_in_A
AC_like_reactive_malignant	GBM_vs_ndGBM	GBM	ndGBM	ITM2C	34	17	10.356005746797502	8.73758170469868	1.6184240420988214	1.8742490638988903e-09	1.883352383353552e-06	3.2322277038329045e-07	0.00011208531674420982	up_in_A
AC_like_reactive_malignant	GBM_vs_ndGBM	GBM	ndGBM	MRPL24	34	17	6.928548505893607	5.873951603740312	1.0545969021532953	1.997146359410145e-09	2.079170501519789e-06	3.3916266454776673e-07	0.00011773690869800118	up_in_A
AC_like_reactive_malignant	GBM_vs_ndGBM	GBM	ndGBM	PTPRS	34	17	6.7456437018826785	3.2024280220794914	3.543215679803187	3.408947450523905e-09	1.654367933614535e-08	5.503636862675616e-07	1.0915951200232252e-05	up_in_A
AC_like_reactive_malignant	GBM_vs_ndGBM	GBM	ndGBM	AIMP2	34	17	5.968672485434839	5.108339881942415	0.8603326034924237	4.489567723242699e-09	4.977338790342071e-06	7.0972583091595e-07	0.0002047048603854506	up_in_A
AC_like_reactive_malignant	GBM_vs_ndGBM	GBM	ndGBM	PTOV1	34	17	7.422809732495964	6.394610509219873	1.0281992232760917	4.889854445415021e-09	2.1582628396464925e-07	7.6503537178988e-07	3.1799802771335116e-05	up_in_A
AC_like_reactive_malignant	GBM_vs_ndGBM	GBM	ndGBM	SNRPC	34	17	7.433211335246552	6.5463577698914115	0.8868535653551408	5.1325498278888865e-09	5.026150028960408e-07	7.865638155349204e-07	4.889541848686099e-05	up_in_A
AC_like_reactive_malignant	GBM_vs_ndGBM	GBM	ndGBM	UBC	34	17	10.832377331060204	9.812757990436468	1.019619340623736	5.253598009137897e-09	3.671305868524885e-07	7.865638155349204e-07	4.2208892318737624e-05	up_in_A
AC_like_reactive_malignant	GBM_vs_ndGBM	GBM	ndGBM	HSPB1	34	17	10.623234302547944	8.815029998067144	1.8082043044807996	5.3742280696391915e-09	5.026150028960408e-07	7.865638155349204e-07	4.889541848686099e-05	up_in_A
AC_like_reactive_malignant	GBM_vs_ndGBM	GBM	ndGBM	NXF1	34	17	5.134232689924855	4.0830953943585175	1.0511372955663374	5.39295295013503e-09	4.528262999425201e-07	7.865638155349204e-07	4.7069122794025246e-05	up_in_A
AC_like_reactive_malignant	GBM_vs_ndGBM	GBM	ndGBM	HNRNPA1L2	34	17	4.825037807448412	2.3300379674646523	2.49499983998376	5.431690354070238e-09	4.1345243956489634e-08	7.865638155349204e-07	1.531453761525252e-05	up_in_A
AC_like_reactive_malignant	GBM_vs_ndGBM	GBM	ndGBM	ZNF320	34	17	3.285484337846494	1.174694708847582	2.110789628998912	6.294296489576145e-09	2.018164969884416e-06	8.927312479047437e-07	0.00011773690869800118	up_in_A
AC_like_reactive_malignant	GBM_vs_ndGBM	GBM	ndGBM	COX4I1	34	17	9.767177146193271	9.165701513240494	0.6014756329527771	6.698660276943578e-09	6.185001087071606e-07	9.286027463872292e-07	5.521386852788158e-05	up_in_A
AC_like_reactive_malignant	GBM_vs_ndGBM	GBM	ndGBM	HLA-G	34	17	2.744442265071366	0.18723876519315488	2.557203499878211	6.791967899906592e-09	8.845779308952625e-06	9.286027463872292e-07	0.00029965077409077015	up_in_A
AC_like_reactive_malignant	GBM_vs_ndGBM	GBM	ndGBM	HSD17B8	34	17	4.7070013794822785	3.457792990755864	1.2492083887264145	7.350140941280453e-09	6.0173747467215804e-06	9.784713940778258e-07	0.0002288713763314454	up_in_A
AC_like_reactive_malignant	GBM_vs_ndGBM	GBM	ndGBM	SDHC	34	17	7.536187863265517	6.699104603536205	0.8370832597293116	7.981371503928363e-09	3.303796031626275e-07	1.0441835684794556e-06	4.011072686076828e-05	up_in_A
AC_like_reactive_malignant	GBM_vs_ndGBM	GBM	ndGBM	WDR83OS	34	17	8.522763590757725	7.807314019699083	0.7154495710586417	9.03774309068796e-09	5.797430804467133e-08	1.142973242869004e-06	1.7573904290381047e-05	up_in_A
AC_like_reactive_malignant	GBM_vs_ndGBM	GBM	ndGBM	AAMP	34	17	6.697542395005509	5.765945489225616	0.9315969057798927	1.0911434729174919e-08	1.009351093577029e-07	1.3247354675996684e-06	2.0699881346114853e-05	up_in_A
AC_like_reactive_malignant	GBM_vs_ndGBM	GBM	ndGBM	INPP5K	34	17	4.682047528007107	3.416499704365377	1.2655478236417301	1.3389339035276314e-08	2.4020583695117246e-07	1.5277940541304761e-06	3.3443704418082504e-05	up_in_A
AC_like_reactive_malignant	GBM_vs_ndGBM	GBM	ndGBM	TMEM9	34	17	7.077254359465147	6.40037163945182	0.6768827200133272	1.461000830988361e-08	5.026150028960408e-07	1.5968473747534561e-06	4.889541848686099e-05	up_in_A
AC_like_reactive_malignant	GBM_vs_ndGBM	GBM	ndGBM	TMEM69	34	17	5.230794685190723	4.019394615474408	1.2114000697163156	1.616862960897131e-08	2.7910173097521877e-06	1.7280152752838677e-06	0.00014213583453959465	up_in_A
AC_like_reactive_malignant	GBM_vs_ndGBM	GBM	ndGBM	PABPC3	34	17	3.1388710650729763	0.46456877786519757	2.674302287207779	1.628269533247187e-08	2.5239044112643443e-06	1.7280152752838677e-06	0.00013383846754687456	up_in_A
AC_like_reactive_malignant	GBM_vs_ndGBM	GBM	ndGBM	RNF167	34	17	6.571566146781619	5.84648159100441	0.725084555777209	1.926608313651531e-08	1.3965365525123282e-06	1.9492138511983754e-06	8.980440135986056e-05	up_in_A
AC_like_reactive_malignant	GBM_vs_ndGBM	GBM	ndGBM	STRADA	34	17	1.1068879258243542	4.935132255326258	-3.8282443295019037	2.4130385834426262e-21	4.75836851548655e-09	3.417754703032415e-17	9.94369259683805e-06	up_in_B
AC_like_reactive_malignant	GBM_vs_ndGBM	GBM	ndGBM	FTX	34	17	3.378752901841359	7.062298206055759	-3.6835453042144004	4.599858833805169e-18	8.177770188724972e-09	1.745186441545681e-14	9.94369259683805e-06	up_in_B
AC_like_reactive_malignant	GBM_vs_ndGBM	GBM	ndGBM	RELL1	34	17	1.0887498524481143	4.713797176464888	-3.6250473240167733	7.502523749060444e-16	6.447907011465298e-09	1.8269359766114468e-12	9.94369259683805e-06	up_in_B
AC_like_reactive_malignant	GBM_vs_ndGBM	GBM	ndGBM	SPTLC1	34	17	3.821948379149211	5.800302258749519	-1.978353879600308	9.089789374599965e-16	1.3104497360092318e-08	1.8269359766114468e-12	9.94369259683805e-06	up_in_B
AC_like_reactive_malignant	GBM_vs_ndGBM	GBM	ndGBM	POU5F2	34	17	0.771972193712966	3.194281602897335	-2.422309409184369	9.63065881186846e-16	4.145551127098133e-09	1.8269359766114468e-12	9.94369259683805e-06	up_in_B
AC_like_reactive_malignant	GBM_vs_ndGBM	GBM	ndGBM	SEPHS2	34	17	2.343232281586953	5.639926444180242	-3.296694162593289	1.840794218714959e-15	8.822878112954287e-09	3.1039881181353575e-12	9.94369259683805e-06	up_in_B
AC_like_reactive_malignant	GBM_vs_ndGBM	GBM	ndGBM	PRH1	34	17	1.354963372949352	5.201074807377843	-3.846111434428491	3.3752487846423123e-15	6.892179819708571e-09	5.1222775555731735e-12	9.94369259683805e-06	up_in_B
AC_like_reactive_malignant	GBM_vs_ndGBM	GBM	ndGBM	SOX5	34	17	4.374085619212174	5.968330558703933	-1.5942449394917588	1.072096616939769e-14	5.1828544767220885e-08	1.355844854889828e-11	1.673510628483711e-05	up_in_B
AC_like_reactive_malignant	GBM_vs_ndGBM	GBM	ndGBM	KANSL1	34	17	4.652528204140114	6.54706494825125	-1.8945367441111358	5.468834863915077e-14	2.085300990100313e-08	5.928216992483944e-11	1.1302331366343698e-05	up_in_B
AC_like_reactive_malignant	GBM_vs_ndGBM	GBM	ndGBM	PLEKHM3	34	17	0.5169288695587586	3.2928431380030863	-2.7759142684443274	7.038898711907208e-14	8.99114177129151e-09	7.121488456793586e-11	9.94369259683805e-06	up_in_B
AC_like_reactive_malignant	GBM_vs_ndGBM	GBM	ndGBM	MIR99AHG	34	17	6.074654178972332	7.94743689472567	-1.8727827157533383	1.3042143787886214e-13	1.0364141156370494e-08	1.1642798477938891e-10	9.94369259683805e-06	up_in_B
AC_like_reactive_malignant	GBM_vs_ndGBM	GBM	ndGBM	BDP1	34	17	4.804233792530701	6.322200885819619	-1.5179670932889184	3.029412075480261e-13	3.69452269446151e-08	2.419703034604655e-10	1.4376429849012273e-05	up_in_B
AC_like_reactive_malignant	GBM_vs_ndGBM	GBM	ndGBM	JPX	34	17	5.747139074240458	7.189980435999592	-1.4428413617591342	1.5212902155437173e-12	1.85773942905249e-08	9.61962512962144e-10	1.1277221430120236e-05	up_in_B
AC_like_reactive_malignant	GBM_vs_ndGBM	GBM	ndGBM	MT-ND6	34	17	3.7409215399510902	7.457683960242503	-3.7167624202914125	1.8151491658073695e-12	1.0207074606443157e-08	1.1018681496117056e-09	9.94369259683805e-06	up_in_B
AC_like_reactive_malignant	GBM_vs_ndGBM	GBM	ndGBM	OSBPL8	34	17	5.603197198041777	6.865345821031152	-1.2621486229893746	2.3967622634019626e-12	5.797430804467133e-08	1.3989716965149302e-09	1.7573904290381047e-05	up_in_B
AC_like_reactive_malignant	GBM_vs_ndGBM	GBM	ndGBM	UBE2V1	34	17	2.953475460277886	6.761320927725766	-3.80784546744788	2.6415039222713507e-12	1.6421280803094508e-08	1.4847208712737043e-09	1.0915951200232252e-05	up_in_B
AC_like_reactive_malignant	GBM_vs_ndGBM	GBM	ndGBM	ARHGAP42	34	17	2.959676684308732	5.146958038492055	-2.1872813541833227	3.5772501883299267e-12	7.24051063757588e-08	1.9388696020748203e-09	1.802564685491956e-05	up_in_B
AC_like_reactive_malignant	GBM_vs_ndGBM	GBM	ndGBM	TTC4	34	17	1.623260648302733	4.065582653901925	-2.4423220055991917	4.501984604405603e-12	8.091371634061733e-08	2.3559351157399804e-09	1.949121522516204e-05	up_in_B
AC_like_reactive_malignant	GBM_vs_ndGBM	GBM	ndGBM	NLGN1	34	17	5.444667342009175	6.604068896300607	-1.1594015542914322	6.899597370646395e-12	5.1828544767220885e-08	3.49027632323099e-09	1.673510628483711e-05	up_in_B
AC_like_reactive_malignant	GBM_vs_ndGBM	GBM	ndGBM	DDX39B	34	17	3.4696923646007227	6.307400606709406	-2.837708242108683	9.158427879505632e-12	5.179268729092646e-08	4.4834935967541115e-09	1.673510628483711e-05	up_in_B
AC_like_reactive_malignant	GBM_vs_ndGBM	GBM	ndGBM	ABHD5	34	17	3.602536119879966	5.529266533975505	-1.9267304140955392	1.0702221198620743e-11	1.9384609306529758e-07	4.921724512432376e-09	2.912681493424709e-05	up_in_B
AC_like_reactive_malignant	GBM_vs_ndGBM	GBM	ndGBM	MT-ATP6	34	17	9.22486761416421	13.00475078556528	-3.779883171401069	1.3959877152860746e-11	8.184096471477099e-09	5.725813396535531e-09	9.94369259683805e-06	up_in_B
AC_like_reactive_malignant	GBM_vs_ndGBM	GBM	ndGBM	CDK13	34	17	4.784707324601531	6.163342666855396	-1.3786353422538653	1.587404546899707e-11	1.0364141156370494e-08	6.339592474671041e-09	9.94369259683805e-06	up_in_B
AC_like_reactive_malignant	GBM_vs_ndGBM	GBM	ndGBM	PHF6	34	17	4.65446506552054	6.038212369246577	-1.3837473037260368	2.1163733934451693e-11	6.482368024426915e-08	8.235405799724075e-09	1.7573904290381047e-05	up_in_B
AC_like_reactive_malignant	GBM_vs_ndGBM	GBM	ndGBM	GPS2	34	17	3.3379716077675563	6.003431573123812	-2.665459965356256	2.964531878638486e-11	3.288370295734881e-08	1.0973106290296992e-08	1.3862307668909042e-05	up_in_B
AC_like_reactive_malignant	GBM_vs_ndGBM	GBM	ndGBM	MT-ND3	34	17	8.907573603633159	12.569977755869289	-3.66240415223613	3.849331893936134e-11	2.3398282711084013e-08	1.327669564144881e-08	1.1454591562045516e-05	up_in_B
AC_like_reactive_malignant	GBM_vs_ndGBM	GBM	ndGBM	CLPB	34	17	3.1471521009876153	5.074077221807219	-1.9269251208196034	4.88123539344485e-11	1.3065103622764836e-08	1.6103832245851967e-08	9.94369259683805e-06	up_in_B
AC_like_reactive_malignant	GBM_vs_ndGBM	GBM	ndGBM	ZNF483	34	17	2.3531072741688273	4.881698692212314	-2.528591418043487	7.815219185476428e-11	1.111676369195401e-07	2.470911799141464e-08	2.1916000865768528e-05	up_in_B
AC_like_reactive_malignant	GBM_vs_ndGBM	GBM	ndGBM	LPP	34	17	6.079357521093841	7.331716010039986	-1.252358488946145	9.580482225130145e-11	7.245416830193024e-08	2.9672122091545933e-08	1.802564685491956e-05	up_in_B
AC_like_reactive_malignant	GBM_vs_ndGBM	GBM	ndGBM	ZNF625	34	17	1.4599068429074311	3.7182307767232214	-2.2583239338157903	1.056614029376252e-10	1.7098424858348547e-07	3.2070349019627994e-08	2.780195858025118e-05	up_in_B
AC_like_reactive_malignant	GBM_vs_ndGBM	GBM	ndGBM	PAGR1	34	17	1.405979833916785	4.890547347213658	-3.4845675132968728	1.2843278873481405e-10	1.797095032731737e-07	3.8098950597765994e-08	2.8409077309100875e-05	up_in_B
AC_like_reactive_malignant	GBM_vs_ndGBM	GBM	ndGBM	ZNF23	34	17	0.5089441712507616	3.1991704991543686	-2.690226327903607	1.3054463831601422e-10	1.6502938770925765e-08	3.8098950597765994e-08	1.0915951200232252e-05	up_in_B
AC_like_reactive_malignant	GBM_vs_ndGBM	GBM	ndGBM	SHPRH	34	17	3.7828057738024494	5.66323256319938	-1.8804267893969309	1.4520436578565763e-10	1.009351093577029e-07	4.086923967142857e-08	2.0699881346114853e-05	up_in_B
AC_like_reactive_malignant	GBM_vs_ndGBM	GBM	ndGBM	GNL3L	34	17	2.7627346710928844	5.1156234373867475	-2.352888766293863	1.454229666748249e-10	4.519837767682892e-08	4.086923967142857e-08	1.6331680467227518e-05	up_in_B
AC_like_reactive_malignant	GBM_vs_ndGBM	GBM	ndGBM	LMAN1	34	17	6.188726130496047	7.080509025384718	-0.8917828948886708	1.7703492328581162e-10	6.185001087071606e-07	4.8848763559735945e-08	5.521386852788158e-05	up_in_B
AC_like_reactive_malignant	GBM_vs_ndGBM	GBM	ndGBM	MANEA	34	17	3.5422939669087556	5.392400571641921	-1.8501066047331651	2.2958049262699197e-10	2.338127718781441e-08	6.11247992299514e-08	1.1454591562045516e-05	up_in_B
AC_like_reactive_malignant	GBM_vs_ndGBM	GBM	ndGBM	PAK2	34	17	6.453406293770382	7.597091543246116	-1.143685249475734	2.5375468123540964e-10	1.740370364472761e-07	6.639622486945821e-08	2.780195858025118e-05	up_in_B
AC_like_reactive_malignant	GBM_vs_ndGBM	GBM	ndGBM	ZNF737	34	17	1.2484856855141184	3.871744734130046	-2.6232590486159277	2.9034876170663366e-10	1.3739711714785698e-07	7.261520448186183e-08	2.5017557944484774e-05	up_in_B
AC_like_reactive_malignant	GBM_vs_ndGBM	GBM	ndGBM	IRF9	34	17	2.5879466511909888	5.6325935267740785	-3.0446468755830898	2.917718455901632e-10	2.4797274796986175e-07	7.261520448186183e-08	3.390301282153714e-05	up_in_B
AC_like_reactive_malignant	GBM_vs_ndGBM	GBM	ndGBM	ZNF805	34	17	1.2412880246913394	3.470511107554503	-2.2292230828631636	2.9187713978608143e-10	2.3284151672543825e-07	7.261520448186183e-08	3.3443704418082504e-05	up_in_B
AC_like_reactive_malignant	GBM_vs_ndGBM	GBM	ndGBM	KDM5A	34	17	4.883911176433835	6.631709626830251	-1.7477984503964157	3.3535320730736034e-10	9.21162997981565e-09	8.208581087252419e-08	9.94369259683805e-06	up_in_B
AC_like_reactive_malignant	GBM_vs_ndGBM	GBM	ndGBM	RTTN	34	17	1.5975948772696902	3.6089659734488126	-2.0113710961791225	3.608551751795061e-10	6.434428570448287e-07	8.692600219879658e-08	5.710461285679719e-05	up_in_B
AC_like_reactive_malignant	GBM_vs_ndGBM	GBM	ndGBM	CENPC	34	17	3.955418538516675	5.181468952622266	-1.226050414105591	3.8196401720169903e-10	1.9384609306529758e-07	9.057321757895288e-08	2.912681493424709e-05	up_in_B
AC_like_reactive_malignant	GBM_vs_ndGBM	GBM	ndGBM	MRPL38	34	17	1.7129636657684835	4.9963193187919215	-3.2833556530234382	4.038316219191605e-10	1.2580525910343362e-07	9.428536452684892e-08	2.328317819699645e-05	up_in_B
AC_like_reactive_malignant	GBM_vs_ndGBM	GBM	ndGBM	SGK3	34	17	3.4017457209172655	5.257026567505384	-1.8552808465881183	4.299486769772563e-10	4.525560196753358e-07	9.877204914581573e-08	4.7069122794025246e-05	up_in_B
AC_like_reactive_malignant	GBM_vs_ndGBM	GBM	ndGBM	SMCHD1	34	17	4.528753321307633	6.3268446357418835	-1.7980913144342505	4.360653197660552e-10	7.245416830193024e-08	9.877204914581573e-08	1.802564685491956e-05	up_in_B
AC_like_reactive_malignant	GBM_vs_ndGBM	GBM	ndGBM	DDX46	34	17	6.272807067642087	7.21006189569109	-0.937254828049003	5.116311377377014e-10	3.671305868524885e-07	1.1418403156334346e-07	4.2208892318737624e-05	up_in_B
AC_like_reactive_malignant	GBM_vs_ndGBM	GBM	ndGBM	RAVER1	34	17	0.9866326718255152	3.784103690077658	-2.7974710182521427	5.441785359806479e-10	3.812401423865368e-07	1.1968773133394656e-07	4.350150677336904e-05	up_in_B
AC_like_reactive_malignant	GBM_vs_ndGBM	GBM	ndGBM	C18orf32	34	17	5.050182591922936	7.825731276950501	-2.775548685027565	5.871494716227749e-10	9.041024184482043e-08	1.272940054478176e-07	1.9885012032420216e-05	up_in_B
AC_like_reactive_malignant	GBM_vs_ndGBM	GBM	ndGBM	STAG2	34	17	5.894908029400326	7.12025303551047	-1.2253450061101443	7.623643506545855e-10	4.528262999425201e-07	1.6072962211044708e-07	4.7069122794025246e-05	up_in_B
AC_like_reactive_malignant	GBM_vs_rGBM	GBM	rGBM	NACA2	34	13	5.156554578729726	0.2973893766308995	4.8591652020988265	1.4550068497831498e-16	1.667825982525362e-07	5.52029598807727e-13	0.00010002375192389189	up_in_A
AC_like_reactive_malignant	GBM_vs_rGBM	GBM	rGBM	CUTA	34	13	8.442439545398706	7.502261218559945	0.9401783268387609	7.361987064345499e-15	4.904426152245468e-07	1.396568946106341e-11	0.0001048303820936299	up_in_A
AC_like_reactive_malignant	GBM_vs_rGBM	GBM	rGBM	FKBP1C	34	13	4.466455631482266	0.143120772283581	4.3233348591986855	6.264837348009645e-13	1.304227014063005e-06	6.717469683437702e-10	0.00012936568081973963	up_in_A
AC_like_reactive_malignant	GBM_vs_rGBM	GBM	rGBM	ZC3H11A	34	13	5.806073236670864	2.0655163732902317	3.740556863380632	7.170408059798664e-13	7.539750634696978e-07	6.717469683437702e-10	0.0001086687060707008	up_in_A
AC_like_reactive_malignant	GBM_vs_rGBM	GBM	rGBM	BEST1	34	13	5.656085791510558	1.9509380903656663	3.7051477011448912	7.227486796515985e-13	2.97309087578863e-07	6.717469683437702e-10	0.00010002375192389189	up_in_A
AC_like_reactive_malignant	GBM_vs_rGBM	GBM	rGBM	USP6	34	13	3.089796981724577	0.3129064954311097	2.776890486293467	1.0973143121567551e-12	7.39394603458552e-06	9.07422557707268e-10	0.00033296891697587495	up_in_A
AC_like_reactive_malignant	GBM_vs_rGBM	GBM	rGBM	PINX1	34	13	3.950747681400084	0.34581444446376036	3.604933236936324	1.2461555677841633e-12	8.853983016898163e-07	9.455828448346231e-10	0.0001135893598179196	up_in_A
AC_like_reactive_malignant	GBM_vs_rGBM	GBM	rGBM	HLA-B	34	13	10.432684351822752	8.335366685487774	2.0973176663349786	1.7200870929122041e-12	1.7865749882147586e-07	1.0441616688814244e-09	0.00010002375192389189	up_in_A
AC_like_reactive_malignant	GBM_vs_rGBM	GBM	rGBM	POLDIP2	34	13	6.0537210059042375	5.249481764258045	0.8042392416461928	1.4764383643188156e-11	2.639348708706623e-06	7.002008942781983e-09	0.00018042682884383652	up_in_A
AC_like_reactive_malignant	GBM_vs_rGBM	GBM	rGBM	ALDOA	34	13	9.920245681447465	5.096546201102263	4.823699480345202	1.880481723243914e-11	1.5708302047197163e-07	8.153768751985612e-09	0.00010002375192389189	up_in_A
AC_like_reactive_malignant	GBM_vs_rGBM	GBM	rGBM	AKR1B1	34	13	7.247987104184837	6.048201854930567	1.19978524925427	2.0952807209579673e-11	9.056610792019156e-07	8.83277228368281e-09	0.0001135893598179196	up_in_A
AC_like_reactive_malignant	GBM_vs_rGBM	GBM	rGBM	AAMP	34	13	6.697542395005509	5.792449453344791	0.9050929416607172	2.545168464437186e-11	3.8227316892367746e-07	1.0439318004405065e-08	0.00010002375192389189	up_in_A
AC_like_reactive_malignant	GBM_vs_rGBM	GBM	rGBM	ZNF320	34	13	3.285484337846494	0.7427993413381035	2.542684996508391	3.7014622462227055e-11	9.509263744728365e-06	1.3374616916351376e-08	0.00038898271318058665	up_in_A
AC_like_reactive_malignant	GBM_vs_rGBM	GBM	rGBM	DNAJB11	34	13	7.288914675775782	5.6821518463688685	1.6067628294069136	4.2927115568460996e-11	2.3487139828321855e-06	1.374750316287745e-08	0.00017136578559356368	up_in_A
AC_like_reactive_malignant	GBM_vs_rGBM	GBM	rGBM	MT1X	34	13	11.356156443568509	9.49738866596124	1.8587677776072677	4.3912497389793703e-11	3.7331593240692716e-06	1.374750316287745e-08	0.00021623826680181398	up_in_A
AC_like_reactive_malignant	GBM_vs_rGBM	GBM	rGBM	MAP1LC3B2	34	13	3.5258269083513687	0.8577785377900937	2.6680483705612748	4.462128624160832e-11	3.284380035158507e-06	1.374750316287745e-08	0.0002019934113611825	up_in_A
AC_like_reactive_malignant	GBM_vs_rGBM	GBM	rGBM	LINC00339	34	13	3.497238332551741	0.34645751815600584	3.1507808143957354	4.8803463703294054e-11	8.82205183137262e-07	1.3974365380399822e-08	0.0001135893598179196	up_in_A
AC_like_reactive_malignant	GBM_vs_rGBM	GBM	rGBM	DIABLO	34	13	2.7371672146324593	0.22171381093016843	2.5154534037022906	1.6264467714753069e-10	2.2045575166477857e-05	3.335534622149899e-08	0.00063726409281232	up_in_A
AC_like_reactive_malignant	GBM_vs_rGBM	GBM	rGBM	TVP23B	34	13	5.260520245094282	3.7814851491561714	1.4790350959381109	1.7217999000030536e-10	8.019830706324782e-07	3.484004704326179e-08	0.0001086687060707008	up_in_A
AC_like_reactive_malignant	GBM_vs_rGBM	GBM	rGBM	UNC119	34	13	4.897366972585978	3.528486646904909	1.3688803256810687	2.0687166102120558e-10	1.856890671328331e-06	3.9740307945035644e-08	0.0001523252585301554	up_in_A
AC_like_reactive_malignant	GBM_vs_rGBM	GBM	rGBM	FGF7	34	13	3.4194523462523136	0.6516775310702928	2.7677748151820207	2.5015953741116577e-10	2.5780638572171314e-05	4.5195489758950616e-08	0.0007152595447372429	up_in_A
AC_like_reactive_malignant	GBM_vs_rGBM	GBM	rGBM	HNRNPA1L2	34	13	4.825037807448412	2.692817365285156	2.132220442163256	2.902209520061763e-10	1.022183436603809e-06	4.8937701862730346e-08	0.00011752011995378337	up_in_A
AC_like_reactive_malignant	GBM_vs_rGBM	GBM	rGBM	MRPL24	34	13	6.928548505893607	5.7450018790672726	1.1835466268263346	3.0838550977974286e-10	2.3487139828321855e-06	5.142921424634481e-08	0.00017136578559356368	up_in_A
AC_like_reactive_malignant	GBM_vs_rGBM	GBM	rGBM	HLA-DRB5	34	13	4.033067290030493	0.2244760312918945	3.8085912587385984	3.6794310344107753e-10	2.3938881095262445e-05	5.877794250338729e-08	0.0006760479401515213	up_in_A
AC_like_reactive_malignant	GBM_vs_rGBM	GBM	rGBM	UROD	34	13	7.208154062318833	6.148789333380036	1.0593647289387969	3.7734488044107223e-10	1.4648552106932116e-06	5.965193651639283e-08	0.0001363843109047864	up_in_A
AC_like_reactive_malignant	GBM_vs_rGBM	GBM	rGBM	TMEM256	34	13	6.783618546129721	5.659338042900023	1.1242805032296976	7.933749368110115e-10	2.639348708706623e-06	1.0847079316255775e-07	0.00018042682884383652	up_in_A
AC_like_reactive_malignant	GBM_vs_rGBM	GBM	rGBM	RND1	34	13	4.576780424135632	2.0115363592246402	2.5652440649109916	1.0499465885734993e-09	2.0889434237808425e-06	1.3855642981036021e-07	0.0001634113680376189	up_in_A
AC_like_reactive_malignant	GBM_vs_rGBM	GBM	rGBM	MIF-AS1	34	13	3.529481274978453	0.8443446287411966	2.6851366462372566	1.1182337094117424e-09	1.7450537237256103e-05	1.4504542541908206e-07	0.0005533279572289086	up_in_A
AC_like_reactive_malignant	GBM_vs_rGBM	GBM	rGBM	TMEM14A	34	13	7.027599430179212	5.5389190517751805	1.4886803784040312	1.4676010341110966e-09	4.331116680464328e-07	1.8560261078058336e-07	0.00010112157960419485	up_in_A
AC_like_reactive_malignant	GBM_vs_rGBM	GBM	rGBM	EDARADD	34	13	2.964574030765818	0.34278899476087415	2.621785036004944	1.5580992236746805e-09	3.046031457548268e-05	1.9381732638104056e-07	0.0007756136476468543	up_in_A
AC_like_reactive_malignant	GBM_vs_rGBM	GBM	rGBM	ECE2	34	13	2.8146734548365644	0.39171505224803305	2.4229584025885313	1.6041298116290657e-09	3.040738499182584e-05	1.9792092700229839e-07	0.0007756136476468543	up_in_A
AC_like_reactive_malignant	GBM_vs_rGBM	GBM	rGBM	LSM2	34	13	7.127554920439052	6.48661958196361	0.6409353384754422	2.1639708470936035e-09	5.88218408333663e-06	2.4692046297362803e-07	0.0002888932868890508	up_in_A
AC_like_reactive_malignant	GBM_vs_rGBM	GBM	rGBM	UQCRHL	34	13	6.0465837477552355	2.103927400196157	3.9426563475590783	2.697162208821521e-09	2.307229623115651e-07	2.923723834362529e-07	0.00010002375192389189	up_in_A
AC_like_reactive_malignant	GBM_vs_rGBM	GBM	rGBM	PTOV1	34	13	7.422809732495964	6.198187651707844	1.2246220807881203	3.093371905014159e-09	3.3721737007312985e-07	3.287670746724285e-07	0.00010002375192389189	up_in_A
AC_like_reactive_malignant	GBM_vs_rGBM	GBM	rGBM	GABPB1	34	13	5.095716798314306	3.5641687144866716	1.531548083827634	3.505430495542693e-09	1.1530673428049466e-06	3.523073721877875e-07	0.00012410602832913382	up_in_A
AC_like_reactive_malignant	GBM_vs_rGBM	GBM	rGBM	DPY30	34	13	7.297158262856146	6.531942196320189	0.7652160665359569	3.6796588405664983e-09	9.188007810324298e-06	3.6261365301582586e-07	0.00037685731494454476	up_in_A
AC_like_reactive_malignant	GBM_vs_rGBM	GBM	rGBM	MFF	34	13	7.6403766595825955	6.246209966150995	1.3941666934316004	4.524809526463221e-09	2.030837101803507e-07	4.265124805814028e-07	0.00010002375192389189	up_in_A
AC_like_reactive_malignant	GBM_vs_rGBM	GBM	rGBM	HLA-G	34	13	2.744442265071366	0.1742170353976249	2.570225229673741	5.201726155339646e-09	9.361995048296707e-05	4.784327038389967e-07	0.0016715016100347156	up_in_A
AC_like_reactive_malignant	GBM_vs_rGBM	GBM	rGBM	RNF5	34	13	6.248056982442681	5.266547780628209	0.9815092018144718	5.623580979602198e-09	9.188007810324298e-06	5.049909168428576e-07	0.00037685731494454476	up_in_A
AC_like_reactive_malignant	GBM_vs_rGBM	GBM	rGBM	INPP5K	34	13	4.682047528007107	3.5976966995371837	1.0843508284699235	6.692024705471612e-09	3.7331593240692716e-06	5.836676260358459e-07	0.00021623826680181398	up_in_A
AC_like_reactive_malignant	GBM_vs_rGBM	GBM	rGBM	ATG9A	34	13	4.661410656742957	1.364056372577361	3.2973542841655963	7.597029231204457e-09	7.490054139503511e-07	6.477107618694317e-07	0.0001086687060707008	up_in_A
AC_like_reactive_malignant	GBM_vs_rGBM	GBM	rGBM	HLA-A	34	13	10.539807897397969	9.182046831647671	1.3577610657502976	9.954894852662513e-09	5.88218408333663e-06	8.210624145869906e-07	0.0002888932868890508	up_in_A
AC_like_reactive_malignant	GBM_vs_rGBM	GBM	rGBM	PSAP	34	13	9.63775148773044	8.37758468442306	1.2601668033073814	1.1283933484238158e-08	1.4648552106932116e-06	9.206719062193457e-07	0.0001363843109047864	up_in_A
AC_like_reactive_malignant	GBM_vs_rGBM	GBM	rGBM	AIMP2	34	13	5.968672485434839	4.9223681960279	1.0463042894069385	1.2644455209000041e-08	9.188007810324298e-06	9.994388138113784e-07	0.00037685731494454476	up_in_A
AC_like_reactive_malignant	GBM_vs_rGBM	GBM	rGBM	SLC35E2B	34	13	5.241302791509035	3.8935295706562965	1.3477732208527389	1.3829589252020596e-08	3.3275140247954422e-06	1.0762966486598182e-06	0.0002019934113611825	up_in_A
AC_like_reactive_malignant	GBM_vs_rGBM	GBM	rGBM	IFI6	34	13	9.357360109358646	7.024720333529071	2.332639775829575	1.81890696266621e-08	9.056610792019156e-07	1.3271025031453077e-06	0.0001135893598179196	up_in_A
AC_like_reactive_malignant	GBM_vs_rGBM	GBM	rGBM	MAPT-AS1	34	13	3.333828104064412	0.7714604470884504	2.5623676569759617	2.151632159745555e-08	3.58100981949763e-05	1.5187520770371414e-06	0.0008756091839371364	up_in_A
AC_like_reactive_malignant	GBM_vs_rGBM	GBM	rGBM	CSRNP1	34	13	5.684528410182059	4.1770711609986355	1.5074572491834237	2.1927145911774635e-08	1.6497154129849996e-06	1.5405850294309809e-06	0.00014471723183503095	up_in_A
AC_like_reactive_malignant	GBM_vs_rGBM	GBM	rGBM	ATRAID	34	13	7.923388140493684	7.3474395758565105	0.5759485646371738	2.4150869878427886e-08	3.686836244964616e-05	1.6659709148864617e-06	0.0008756091839371364	up_in_A
AC_like_reactive_malignant	GBM_vs_rGBM	GBM	rGBM	CRYL1	34	13	6.268305067253254	4.926536669719867	1.3417683975333876	2.721899451067293e-08	6.278441124782076e-07	1.852356325981939e-06	0.00010661089498264466	up_in_A
AC_like_reactive_malignant	GBM_vs_rGBM	GBM	rGBM	PRH1	34	13	1.354963372949352	5.1996193218942	-3.8446559489448484	1.4797898274135495e-21	1.3079346693541826e-07	2.2457290420828028e-17	0.00010002375192389189	up_in_B
AC_like_reactive_malignant	GBM_vs_rGBM	GBM	rGBM	SPTLC1	34	13	3.821948379149211	6.017474947046558	-2.1955265678973466	2.2435534160344778e-18	1.7865749882147586e-07	1.7024083320869618e-14	0.00010002375192389189	up_in_B
AC_like_reactive_malignant	GBM_vs_rGBM	GBM	rGBM	SEPHS2	34	13	2.343232281586953	6.0851393512882535	-3.7419070697013006	8.77695242654417e-17	1.4999318243918278e-07	4.439967667507811e-13	0.00010002375192389189	up_in_B
AC_like_reactive_malignant	GBM_vs_rGBM	GBM	rGBM	PLEKHM3	34	13	0.5169288695587586	3.491648333269482	-2.9747194637107235	4.1616540347571144e-16	7.883543568170736e-08	1.2631452326294794e-12	0.00010002375192389189	up_in_B
AC_like_reactive_malignant	GBM_vs_rGBM	GBM	rGBM	RAP1B	34	13	5.853947464204933	7.077890703950308	-1.223943239745375	2.2592118034563913e-15	1.5708302047197163e-07	5.0760935253059054e-12	0.00010002375192389189	up_in_B
AC_like_reactive_malignant	GBM_vs_rGBM	GBM	rGBM	BDP1	34	13	4.804233792530701	6.309223199943132	-1.504989407412431	2.3413715522628717e-15	5.550585874346871e-07	5.0760935253059054e-12	0.00010661089498264466	up_in_B
AC_like_reactive_malignant	GBM_vs_rGBM	GBM	rGBM	STRADA	34	13	1.1068879258243542	4.3281242158233635	-3.221236289999009	4.128422146431756e-14	8.78149686239215e-08	6.515840693664986e-11	0.00010002375192389189	up_in_B
AC_like_reactive_malignant	GBM_vs_rGBM	GBM	rGBM	ZNF644	34	13	5.706402755472994	6.927524097032097	-1.221121341559103	4.293516535098172e-14	2.030837101803507e-07	6.515840693664986e-11	0.00010002375192389189	up_in_B
AC_like_reactive_malignant	GBM_vs_rGBM	GBM	rGBM	MAN1A2	34	13	5.337955893673474	6.541116967967033	-1.2031610742935595	5.681974834578539e-14	2.97309087578863e-07	7.839059099051264e-11	0.00010002375192389189	up_in_B
AC_like_reactive_malignant	GBM_vs_rGBM	GBM	rGBM	TRIM73	34	13	1.803299397200765	5.244325182879213	-3.4410257856784483	2.920955272985577e-13	1.465529195126033e-07	3.694034768569093e-10	0.00010002375192389189	up_in_B
AC_like_reactive_malignant	GBM_vs_rGBM	GBM	rGBM	BTBD8	34	13	0.7959633693449023	3.355828773634919	-2.559865404290017	6.687431450884108e-13	7.165466057083392e-07	6.717469683437702e-10	0.00010661089498264466	up_in_B
AC_like_reactive_malignant	GBM_vs_rGBM	GBM	rGBM	CDK13	34	13	4.784707324601531	6.493446102617684	-1.7087387780161531	7.524840842016403e-13	1.5708302047197163e-07	6.717469683437702e-10	0.00010002375192389189	up_in_B
AC_like_reactive_malignant	GBM_vs_rGBM	GBM	rGBM	ASH1L	34	13	6.058737271362719	7.4031148365702855	-1.3443775652075667	1.1360719950209601e-12	2.97309087578863e-07	9.07422557707268e-10	0.00010002375192389189	up_in_B
AC_like_reactive_malignant	GBM_vs_rGBM	GBM	rGBM	ABHD5	34	13	3.602536119879966	5.72550971395959	-2.1229735940796237	1.51711224260237e-12	1.1530673428049466e-06	9.895537156274761e-10	0.00012410602832913382	up_in_B
AC_like_reactive_malignant	GBM_vs_rGBM	GBM	rGBM	GOLGB1	34	13	5.899784421200832	7.580607523193292	-1.68082310199246	1.527096219578465e-12	3.3721737007312985e-07	9.895537156274761e-10	0.00010002375192389189	up_in_B
AC_like_reactive_malignant	GBM_vs_rGBM	GBM	rGBM	CASP8AP2	34	13	4.098243694558631	5.3818012066447105	-1.2835575120860794	1.5617980724404838e-12	9.056610792019156e-07	9.895537156274761e-10	0.0001135893598179196	up_in_B
AC_like_reactive_malignant	GBM_vs_rGBM	GBM	rGBM	BPTF	34	13	6.209022611273205	7.642898810068341	-1.4338761987951356	1.5649241680982753e-12	2.97309087578863e-07	9.895537156274761e-10	0.00010002375192389189	up_in_B
AC_like_reactive_malignant	GBM_vs_rGBM	GBM	rGBM	COPS2	34	13	5.2266449673241056	6.430424089385584	-1.2037791220614782	1.863710106075877e-12	7.097857285824674e-07	1.0878332526849041e-09	0.00010661089498264466	up_in_B
AC_like_reactive_malignant	GBM_vs_rGBM	GBM	rGBM	USP9X	34	13	5.281068683908605	6.630002059404058	-1.3489333754954531	7.998259602273789e-12	6.278441124782076e-07	4.439381750354151e-09	0.00010661089498264466	up_in_B
AC_like_reactive_malignant	GBM_vs_rGBM	GBM	rGBM	NOL8	34	13	4.793454604331382	5.9002777771196175	-1.1068231727882356	8.190741236815776e-12	6.278441124782076e-07	4.439381750354151e-09	0.00010661089498264466	up_in_B
AC_like_reactive_malignant	GBM_vs_rGBM	GBM	rGBM	ERCC6L2	34	13	3.521856221583543	5.358016595093829	-1.8361603735102863	8.734575056457485e-12	1.2999997532740788e-06	4.5708934847172004e-09	0.00012936568081973963	up_in_B
AC_like_reactive_malignant	GBM_vs_rGBM	GBM	rGBM	CEP350	34	13	5.19442500660086	6.622950605979782	-1.428525599378922	1.1228578278247978e-11	1.856890671328331e-06	5.6801634650230436e-09	0.0001523252585301554	up_in_B
AC_like_reactive_malignant	GBM_vs_rGBM	GBM	rGBM	MT-ND6	34	13	3.7409215399510902	6.996239518743481	-3.255317978792391	1.2888820121058084e-11	1.5451849390378153e-07	6.3097011018444355e-09	0.00010002375192389189	up_in_B
AC_like_reactive_malignant	GBM_vs_rGBM	GBM	rGBM	ZBTB7A	34	13	4.944946034766182	6.36202232226908	-1.4170762875028986	1.6651184877289838e-11	9.056610792019156e-07	7.657526718113653e-09	0.0001135893598179196	up_in_B
AC_like_reactive_malignant	GBM_vs_rGBM	GBM	rGBM	ZNF66	34	13	0.9986140330161942	3.135558176804671	-2.136944143788477	1.869285766905917e-11	1.6495660283100192e-06	8.153768751985612e-09	0.00014471723183503095	up_in_B
AC_like_reactive_malignant	GBM_vs_rGBM	GBM	rGBM	RPAP2	34	13	4.760843621908046	6.217474411869343	-1.456630789961297	2.743940904651797e-11	1.022183436603809e-06	1.095569265393665e-08	0.00011752011995378337	up_in_B
AC_like_reactive_malignant	GBM_vs_rGBM	GBM	rGBM	UBE3A	34	13	5.931216239614495	6.930549438298688	-0.9993331986841927	2.81544552914819e-11	4.904426152245468e-07	1.095569265393665e-08	0.0001048303820936299	up_in_B
AC_like_reactive_malignant	GBM_vs_rGBM	GBM	rGBM	ZNF407	34	13	1.7878811588423522	4.041256868501164	-2.253375709658812	2.916824841095313e-11	3.482150482253901e-07	1.1066433447115618e-08	0.00010002375192389189	up_in_B
AC_like_reactive_malignant	GBM_vs_rGBM	GBM	rGBM	GCC2	34	13	5.44685569130172	6.618368106229937	-1.171512414928217	3.421608366722851e-11	1.4648552106932116e-06	1.266495818863073e-08	0.0001363843109047864	up_in_B
AC_like_reactive_malignant	GBM_vs_rGBM	GBM	rGBM	MT-ATP6	34	13	9.22486761416421	12.902086655654848	-3.6772190414906376	3.90461252121541e-11	2.619802172148474e-07	1.3554067167308667e-08	0.00010002375192389189	up_in_B
AC_like_reactive_malignant	GBM_vs_rGBM	GBM	rGBM	WASF2	34	13	6.498950897889962	7.408936114425943	-0.909985216535981	3.9318977664542316e-11	3.3721737007312985e-07	1.3554067167308667e-08	0.00010002375192389189	up_in_B
AC_like_reactive_malignant	GBM_vs_rGBM	GBM	rGBM	ZMYM4	34	13	4.600610476211777	6.309638065116171	-1.7090275889043935	4.019063142652148e-11	2.619802172148474e-07	1.3554067167308667e-08	0.00010002375192389189	up_in_B
AC_like_reactive_malignant	GBM_vs_rGBM	GBM	rGBM	PTAR1	34	13	5.430798995920977	6.6869083975154275	-1.2561094015944505	4.145471307091428e-11	1.1530673428049466e-06	1.3676450555743373e-08	0.00012410602832913382	up_in_B
AC_like_reactive_malignant	GBM_vs_rGBM	GBM	rGBM	ZNF660	34	13	2.5697445301332325	4.480487796853678	-1.9107432667204458	4.556047630465017e-11	3.345980533181811e-07	1.374750316287745e-08	0.00010002375192389189	up_in_B
AC_like_reactive_malignant	GBM_vs_rGBM	GBM	rGBM	PSMD12	34	13	6.054669139880477	6.989853351904604	-0.9351842120241276	4.67250139675281e-11	3.8227316892367746e-07	1.374750316287745e-08	0.00010002375192389189	up_in_B
AC_like_reactive_malignant	GBM_vs_rGBM	GBM	rGBM	U2SURP	34	13	6.392904597457987	7.357123545825818	-0.9642189483678312	4.7105308676174706e-11	2.639348708706623e-06	1.374750316287745e-08	0.00018042682884383652	up_in_B
AC_like_reactive_malignant	GBM_vs_rGBM	GBM	rGBM	RTTN	34	13	1.5975948772696902	3.8211579451287077	-2.2235630678590175	5.688596645414551e-11	9.378356462142613e-07	1.598706346126134e-08	0.00011666060464711171	up_in_B
AC_like_reactive_malignant	GBM_vs_rGBM	GBM	rGBM	GOLGA4	34	13	6.311507373227543	7.59501761527929	-1.2835102420517472	6.4965693953756e-11	2.964330814549223e-06	1.7925806753494562e-08	0.00019307589889098285	up_in_B
AC_like_reactive_malignant	GBM_vs_rGBM	GBM	rGBM	SETD2	34	13	4.865036966753819	6.397490654576893	-1.5324536878230735	7.002718219538854e-11	7.097857285824674e-07	1.8977366374950297e-08	0.00010661089498264466	up_in_B
AC_like_reactive_malignant	GBM_vs_rGBM	GBM	rGBM	SETX	34	13	4.903027232867744	6.352492001734726	-1.4494647688669824	7.531898803750879e-11	7.097857285824674e-07	1.9935690546235544e-08	0.00010661089498264466	up_in_B
AC_like_reactive_malignant	GBM_vs_rGBM	GBM	rGBM	TLK2	34	13	3.836292331699412	5.427553837154489	-1.5912615054550772	7.652040801400098e-11	1.6497154129849996e-06	1.9935690546235544e-08	0.00014471723183503095	up_in_B
AC_like_reactive_malignant	GBM_vs_rGBM	GBM	rGBM	SMC5	34	13	4.771951207057816	6.6982660943350165	-1.9263148872772007	7.86585839008902e-11	1.5708302047197163e-07	1.9935690546235544e-08	0.00010002375192389189	up_in_B
AC_like_reactive_malignant	GBM_vs_rGBM	GBM	rGBM	ZNF112	34	13	1.9988917712215988	4.277728780049536	-2.278837008827937	7.88179647320857e-11	5.738266084548252e-07	1.9935690546235544e-08	0.00010661089498264466	up_in_B
AC_like_reactive_malignant	GBM_vs_rGBM	GBM	rGBM	FNDC3B	34	13	5.061470197216555	6.432784723040831	-1.3713145258242756	8.510744607656035e-11	1.0257750317938013e-05	2.1173616420620982e-08	0.00040121551243563734	up_in_B
AC_like_reactive_malignant	GBM_vs_rGBM	GBM	rGBM	MT-ND3	34	13	8.907573603633159	12.491354533319724	-3.583780929686565	8.786389611005415e-11	4.904426152245468e-07	2.150681431235777e-08	0.0001048303820936299	up_in_B
AC_like_reactive_malignant	GBM_vs_rGBM	GBM	rGBM	MIS18BP1	34	13	2.3290884623258927	4.5277261740365295	-2.198637711710637	9.466497071957443e-11	4.775704466040761e-07	2.2803739613337487e-08	0.0001048303820936299	up_in_B
AC_like_reactive_malignant	GBM_vs_rGBM	GBM	rGBM	ATXN2	34	13	5.547392703112273	6.829906825311219	-1.282514122198946	9.634078841270113e-11	3.8227316892367746e-07	2.2844809452361756e-08	0.00010002375192389189	up_in_B
AC_like_reactive_malignant	GBM_vs_rGBM	GBM	rGBM	TRAPPC10	34	13	1.7998237178310506	4.496148786933804	-2.6963250691027536	1.0227382006983354e-10	4.0601843652786905e-07	2.3878576821227598e-08	0.00010112157960419485	up_in_B
AC_like_reactive_malignant	GBM_vs_rGBM	GBM	rGBM	SCAF11	34	13	6.391753366860027	7.455605270761893	-1.063851903901866	1.1127888487055753e-10	2.307229623115651e-07	2.558739934538759e-08	0.00010002375192389189	up_in_B
AC_like_reactive_malignant	GBM_vs_rGBM	GBM	rGBM	REST	34	13	5.368577025597418	6.341475808814503	-0.9728987832170857	1.1911865707031024e-10	1.2999997532740788e-06	2.6908190403343444e-08	0.00012936568081973963	up_in_B
AC_like_reactive_malignant	ndGBM_vs_rGBM	ndGBM	rGBM	MGAT5B	17	13	3.0838531894638352	0.7712249061704191	2.3126282832934164	2.0364572839491333e-08	5.896178887131002e-06	0.00015452637870606024	0.022448915699100666	up_in_A
AC_like_reactive_malignant	ndGBM_vs_rGBM	ndGBM	rGBM	TSTD3	17	13	4.358431994333333	3.371900152237056	0.9865318420962774	2.2821102885943994e-07	1.6271617863080347e-05	0.0007574804414489075	0.022448915699100666	up_in_A
AC_like_reactive_malignant	ndGBM_vs_rGBM	ndGBM	rGBM	HLA-B	17	13	9.696126609000494	8.335366685487774	1.3607599235127203	6.790924242091691e-07	9.152437201525345e-06	0.001251291221159036	0.022448915699100666	up_in_A
AC_like_reactive_malignant	ndGBM_vs_rGBM	ndGBM	rGBM	CASC15	17	13	5.1647348381052725	2.9506420440027727	2.2140927941024997	1.3500197212802557e-06	4.105307947492074e-05	0.001723183635239204	0.02307487163375545	up_in_A
AC_like_reactive_malignant	ndGBM_vs_rGBM	ndGBM	rGBM	FRY	17	13	4.333918679411201	3.001786487718131	1.33213219169307	1.3625595428881423e-06	4.105307947492074e-05	0.001723183635239204	0.02307487163375545	up_in_A
AC_like_reactive_malignant	ndGBM_vs_rGBM	ndGBM	rGBM	LINC01088	17	13	4.180271092154022	0.8667787418395092	3.3134923503145126	2.614955766041404e-06	4.8209230639361795e-05	0.00264563791369629	0.024767214851278724	up_in_A
AC_like_reactive_malignant	ndGBM_vs_rGBM	ndGBM	rGBM	MT1F	17	13	7.661771330700971	5.724153259866559	1.9376180708344126	4.2739544644360204e-06	2.3679935303794088e-05	0.0030377403343148247	0.02307487163375545	up_in_A
AC_like_reactive_malignant	ndGBM_vs_rGBM	ndGBM	rGBM	PROM1	17	13	3.574403023717796	1.0870305512984895	2.4873724724193065	5.883350833297387e-06	0.00016268952605874844	0.0031812645269968434	0.02729166536050618	up_in_A
AC_like_reactive_malignant	ndGBM_vs_rGBM	ndGBM	rGBM	SLC30A10	17	13	1.9078812629070223	0.2686027112875978	1.6392785516194246	5.9936484430692654e-06	3.801635273698554e-05	0.0031812645269968434	0.02307487163375545	up_in_A
AC_like_reactive_malignant	ndGBM_vs_rGBM	ndGBM	rGBM	HEY2	17	13	4.221606404639729	2.8307277723240367	1.3908786323156925	7.0921867757595485e-06	9.933401528442804e-05	0.003480022189639135	0.02557021159584167	up_in_A
AC_like_reactive_malignant	ndGBM_vs_rGBM	ndGBM	rGBM	GNG11	17	13	5.163986212984085	1.6975812589469124	3.4664049540371726	1.1333412375405383e-05	0.0001177376570095788	0.004777662950254225	0.02557021159584167	up_in_A
AC_like_reactive_malignant	ndGBM_vs_rGBM	ndGBM	rGBM	ZSCAN1	17	13	2.9677437546833527	0.34886908175539594	2.618874672927957	1.2449307948020996e-05	0.0006859156901294722	0.004945930507928985	0.04048556751991302	up_in_A
AC_like_reactive_malignant	ndGBM_vs_rGBM	ndGBM	rGBM	LINC00844	17	13	6.765295842667577	4.57291829787037	2.192377544797207	1.2710285306354138e-05	3.423086741680836e-05	0.004945930507928985	0.02307487163375545	up_in_A
AC_like_reactive_malignant	ndGBM_vs_rGBM	ndGBM	rGBM	EGFL8	17	13	2.724400727809771	1.1230748925575496	1.6013258352522213	1.8778988563480182e-05	0.0001951447293284105	0.005750251456547355	0.0302692388097172	up_in_A
AC_like_reactive_malignant	ndGBM_vs_rGBM	ndGBM	rGBM	CLDN5	17	13	3.340538002979843	0.9363960362133821	2.4041419667664607	2.146415650038863e-05	6.753947890349511e-05	0.006008025570025721	0.02557021159584167	up_in_A
AC_like_reactive_malignant	ndGBM_vs_rGBM	ndGBM	rGBM	BTN3A2	17	13	5.529085090559896	3.9292286125078846	1.5998564780520113	2.1773946122259798e-05	0.0001654476287010127	0.006008025570025721	0.02729166536050618	up_in_A
AC_like_reactive_malignant	ndGBM_vs_rGBM	ndGBM	rGBM	AASS	17	13	6.40280653433363	5.095809073202589	1.3069974611310409	2.3933174014085096e-05	0.00011794378042362394	0.006372102611188692	0.02557021159584167	up_in_A
AC_like_reactive_malignant	ndGBM_vs_rGBM	ndGBM	rGBM	GCLM	17	13	6.105905894527539	5.216341313481488	0.8895645810460513	2.435916173585804e-05	0.0001654476287010127	0.006373700663851407	0.02729166536050618	up_in_A
AC_like_reactive_malignant	ndGBM_vs_rGBM	ndGBM	rGBM	HOXB2	17	13	3.343167180864299	0.46515693405127906	2.87801024681302	2.847839943057398e-05	0.000504058136823868	0.006985252384518201	0.03692180268099975	up_in_A
AC_like_reactive_malignant	ndGBM_vs_rGBM	ndGBM	rGBM	RWDD1	17	13	7.491930319567428	6.864953641538378	0.6269766780290498	2.889429125955917e-05	9.933401528442804e-05	0.006985252384518201	0.02557021159584167	up_in_A
AC_like_reactive_malignant	ndGBM_vs_rGBM	ndGBM	rGBM	ME1	17	13	3.429991642698616	0.81202162760698	2.617970015091636	2.8997818939420577e-05	0.001183411811739823	0.006985252384518201	0.0495103428967829	up_in_A
AC_like_reactive_malignant	ndGBM_vs_rGBM	ndGBM	rGBM	SGCE	17	13	6.803204389737711	4.116568717228595	2.686635672509116	2.9694628776438486e-05	9.933401528442804e-05	0.007041338848612976	0.02557021159584167	up_in_A
AC_like_reactive_malignant	ndGBM_vs_rGBM	ndGBM	rGBM	IRF9	17	13	5.6325935267740785	4.213983317629291	1.4186102091447879	3.4336951355068953e-05	0.000513343461102461	0.007760966365394391	0.03692180268099975	up_in_A
AC_like_reactive_malignant	ndGBM_vs_rGBM	ndGBM	rGBM	MTG1	17	13	4.405249386793398	3.2574277056690053	1.1478216811243924	3.477502061457687e-05	0.00043884884965196986	0.007760966365394391	0.036195489903903776	up_in_A
AC_like_reactive_malignant	ndGBM_vs_rGBM	ndGBM	rGBM	C18orf32	17	13	7.825731276950501	6.22354433831284	1.6021869386376606	4.783816825325074e-05	0.00023054664458119624	0.008805530803293948	0.03209886126756178	up_in_A
AC_like_reactive_malignant	ndGBM_vs_rGBM	ndGBM	rGBM	PON2	17	13	9.379830893940879	8.393219037162154	0.9866118567787243	4.794120121762952e-05	7.010875180125282e-05	0.008805530803293948	0.02557021159584167	up_in_A
AC_like_reactive_malignant	ndGBM_vs_rGBM	ndGBM	rGBM	NMT2	17	13	4.315084001662889	3.188687539557494	1.126396462105395	4.824259380997421e-05	0.0005994931040242677	0.008805530803293948	0.03822650145660625	up_in_A
AC_like_reactive_malignant	ndGBM_vs_rGBM	ndGBM	rGBM	KCNIP4	17	13	3.3921607584155806	0.8201196785127325	2.5720410799028484	4.9497427539377386e-05	0.0003405670154846801	0.008805530803293948	0.0346591334849051	up_in_A
AC_like_reactive_malignant	ndGBM_vs_rGBM	ndGBM	rGBM	HOXB4	17	13	2.731529570547257	0.0	2.731529570547257	4.951973781067513e-05	3.934274772485522e-05	0.008805530803293948	0.02307487163375545	up_in_A
AC_like_reactive_malignant	ndGBM_vs_rGBM	ndGBM	rGBM	SC5D	17	13	5.51653117871932	4.62689068860065	0.8896404901186701	5.359503347790866e-05	0.0002714731356312093	0.009161599344887163	0.03322480892209058	up_in_A
AC_like_reactive_malignant	ndGBM_vs_rGBM	ndGBM	rGBM	MT1M	17	13	8.507475480986898	6.921877374437504	1.5855981065493934	5.372840944220859e-05	0.0001654476287010127	0.009161599344887163	0.02729166536050618	up_in_A
AC_like_reactive_malignant	ndGBM_vs_rGBM	ndGBM	rGBM	C11orf54	17	13	5.423244692279028	4.795002813199101	0.6282418790799271	5.727431883269178e-05	0.00043884884965196986	0.009346183468870221	0.036195489903903776	up_in_A
AC_like_reactive_malignant	ndGBM_vs_rGBM	ndGBM	rGBM	ASCL1	17	13	5.891702870859207	4.3529801554898135	1.5387227153693939	6.08589595910947e-05	0.00019546556426939152	0.00982548479526014	0.0302692388097172	up_in_A
AC_like_reactive_malignant	ndGBM_vs_rGBM	ndGBM	rGBM	HLA-A	17	13	10.055288693754298	9.182046831647671	0.8732418621066262	6.24707517511938e-05	0.0001654476287010127	0.009971859257119915	0.02729166536050618	up_in_A
AC_like_reactive_malignant	ndGBM_vs_rGBM	ndGBM	rGBM	PTENP1-AS	17	13	1.7997657938962621	0.0	1.7997657938962621	6.3736844223816e-05	0.00025008339612714775	0.009971859257119915	0.03322480892209058	up_in_A
AC_like_reactive_malignant	ndGBM_vs_rGBM	ndGBM	rGBM	SCUBE2	17	13	4.19706626479624	2.4722176312240713	1.7248486335721682	6.453520738542809e-05	0.00031913548840151824	0.009993737829400579	0.03410704346465804	up_in_A
AC_like_reactive_malignant	ndGBM_vs_rGBM	ndGBM	rGBM	ZNF423	17	13	2.9992777133738437	1.30405380150075	1.6952239118730938	6.961151275076805e-05	0.00031864447287514115	0.010156884364471217	0.03410704346465804	up_in_A
AC_like_reactive_malignant	ndGBM_vs_rGBM	ndGBM	rGBM	PHACTR3	17	13	3.9811181899066925	1.3654217379395257	2.6156964519671666	6.98149583188494e-05	0.0012640470977692286	0.010156884364471217	0.0495103428967829	up_in_A
AC_like_reactive_malignant	ndGBM_vs_rGBM	ndGBM	rGBM	AKAP7	17	13	5.355899257895391	4.1888648684285075	1.1670343894668838	7.294980926314011e-05	0.00037454519580419317	0.010156884364471217	0.0346591334849051	up_in_A
AC_like_reactive_malignant	ndGBM_vs_rGBM	ndGBM	rGBM	PINX1	17	13	2.942627887421125	0.34581444446376036	2.5968134429573646	7.469620419133759e-05	0.0009891750283679067	0.010156884364471217	0.047153937154533955	up_in_A
AC_like_reactive_malignant	ndGBM_vs_rGBM	ndGBM	rGBM	SGK3	17	13	5.257026567505384	4.5752496290083675	0.6817769384970163	7.726556091723762e-05	0.00013980703379283974	0.010156884364471217	0.026857108162533366	up_in_A
AC_like_reactive_malignant	ndGBM_vs_rGBM	ndGBM	rGBM	HIF3A	17	13	5.646001089664794	2.987159480560073	2.6588416091047207	7.748658360402621e-05	0.000513343461102461	0.010156884364471217	0.03692180268099975	up_in_A
AC_like_reactive_malignant	ndGBM_vs_rGBM	ndGBM	rGBM	FADS2	17	13	7.047758169352865	6.066300203052981	0.9814579662998844	7.806826042053248e-05	0.00069894693530688	0.010156884364471217	0.04048556751991302	up_in_A
AC_like_reactive_malignant	ndGBM_vs_rGBM	ndGBM	rGBM	FAM124A	17	13	2.3587869237322936	1.16907148245425	1.1897154412780435	7.862280653167765e-05	0.0002301762168598136	0.010156884364471217	0.03209886126756178	up_in_A
AC_like_reactive_malignant	ndGBM_vs_rGBM	ndGBM	rGBM	LCAT	17	13	4.612503649693455	3.5720070181286983	1.0404966315647566	9.157500879207383e-05	0.00031913548840151824	0.010938284227108368	0.03410704346465804	up_in_A
AC_like_reactive_malignant	ndGBM_vs_rGBM	ndGBM	rGBM	LINC00987	17	13	2.1210746913269616	0.7438991184884608	1.377175572838501	9.297829897845147e-05	0.0006951085163829186	0.010938284227108368	0.04048556751991302	up_in_A
AC_like_reactive_malignant	ndGBM_vs_rGBM	ndGBM	rGBM	PDGFRB	17	13	4.381201093558255	2.583799672850885	1.79740142070737	9.646148072078758e-05	0.0002714731356312093	0.011090147207717215	0.03322480892209058	up_in_A
AC_like_reactive_malignant	ndGBM_vs_rGBM	ndGBM	rGBM	FAM13C	17	13	3.669622902089646	2.3217305041591327	1.3478923979305133	0.00010076524086619015	0.0002714731356312093	0.01137313165265825	0.03322480892209058	up_in_A
AC_like_reactive_malignant	ndGBM_vs_rGBM	ndGBM	rGBM	PDLIM1	17	13	4.016872994834343	1.8684442360048459	2.148428758829497	0.00010204092400879707	0.0002710462530496856	0.01137313165265825	0.03322480892209058	up_in_A
AC_like_reactive_malignant	ndGBM_vs_rGBM	ndGBM	rGBM	MED17	17	13	4.704296797791715	3.7749698911480634	0.9293269066436514	0.00010357441607319885	0.0002714731356312093	0.01137313165265825	0.03322480892209058	up_in_A
AC_like_reactive_malignant	ndGBM_vs_rGBM	ndGBM	rGBM	YTHDF2	17	13	6.234504776735852	6.918850042547569	-0.6843452658117171	3.5073481885406407e-09	9.152437201525345e-06	5.3227516109292765e-05	0.022448915699100666	up_in_B
AC_like_reactive_malignant	ndGBM_vs_rGBM	ndGBM	rGBM	ZNF48	17	13	2.8463040027258053	3.9238822032003986	-1.0775782004745933	1.1762413212791096e-07	1.3454342028472671e-05	0.0005950212763910589	0.022448915699100666	up_in_B
AC_like_reactive_malignant	ndGBM_vs_rGBM	ndGBM	rGBM	TRUB2	17	13	4.429510996430625	5.617219304633019	-1.187708308202394	2.505321412132698e-07	7.529712556954672e-06	0.0007574804414489075	0.022448915699100666	up_in_B
AC_like_reactive_malignant	ndGBM_vs_rGBM	ndGBM	rGBM	TMEM203	17	13	5.364939536489705	6.427750496291511	-1.0628109598018058	2.9947829788438625e-07	2.849462868421701e-05	0.0007574804414489075	0.02307487163375545	up_in_B
AC_like_reactive_malignant	ndGBM_vs_rGBM	ndGBM	rGBM	MRPS23	17	13	5.838128918363827	6.568343445016652	-0.7302145266528246	4.3336834579451336e-07	1.1106177932340918e-05	0.000939542573682505	0.022448915699100666	up_in_B
AC_like_reactive_malignant	ndGBM_vs_rGBM	ndGBM	rGBM	POGLUT1	17	13	4.421839494125623	5.403406171163845	-0.9815666770382219	7.420678037975306e-07	3.423086741680836e-05	0.001251291221159036	0.02307487163375545	up_in_B
AC_like_reactive_malignant	ndGBM_vs_rGBM	ndGBM	rGBM	FBXW2	17	13	4.906735557862438	5.685498566922439	-0.7787630090600004	1.1155882402110377e-06	4.105307947492074e-05	0.0016930167133442707	0.02307487163375545	up_in_B
AC_like_reactive_malignant	ndGBM_vs_rGBM	ndGBM	rGBM	HAUS8	17	13	2.5168012646065954	3.372567820750351	-0.8557665561437555	1.7274791988877487e-06	1.6271617863080347e-05	0.002016632640178498	0.022448915699100666	up_in_B
AC_like_reactive_malignant	ndGBM_vs_rGBM	ndGBM	rGBM	CLPTM1L	17	13	5.269295079006587	5.965286852437442	-0.6959917734308556	2.0043330783122163e-06	5.875195932037652e-05	0.0021726970568904424	0.024767214851278724	up_in_B
AC_like_reactive_malignant	ndGBM_vs_rGBM	ndGBM	rGBM	OSER1	17	13	4.7853733779018786	5.516682492326449	-0.7313091144245707	2.9320833913331125e-06	4.105307947492074e-05	0.0027810810966794573	0.02307487163375545	up_in_B
AC_like_reactive_malignant	ndGBM_vs_rGBM	ndGBM	rGBM	TBRG4	17	13	4.768669430468262	5.680738927209465	-0.9120694967412026	3.3237430495168233e-06	8.35213014757532e-05	0.0029621075045028716	0.02557021159584167	up_in_B
AC_like_reactive_malignant	ndGBM_vs_rGBM	ndGBM	rGBM	ZBTB43	17	13	4.730997691233985	5.522574496697643	-0.7915768054636576	3.5133062125099955e-06	0.0001654476287010127	0.0029621075045028716	0.02729166536050618	up_in_B
AC_like_reactive_malignant	ndGBM_vs_rGBM	ndGBM	rGBM	SRSF9	17	13	7.4572272842225695	8.101084969658045	-0.6438576854354752	4.1558985958502444e-06	4.915266183288379e-05	0.0030377403343148247	0.024767214851278724	up_in_B
AC_like_reactive_malignant	ndGBM_vs_rGBM	ndGBM	rGBM	KTI12	17	13	3.0402249323925696	4.069756768717651	-1.0295318363250816	4.456176048559132e-06	0.00037454519580419317	0.0030377403343148247	0.0346591334849051	up_in_B
AC_like_reactive_malignant	ndGBM_vs_rGBM	ndGBM	rGBM	SET	17	13	8.11482005763155	8.806468273060869	-0.6916482154293195	4.481111500110636e-06	9.933401528442804e-05	0.0030377403343148247	0.02557021159584167	up_in_B
AC_like_reactive_malignant	ndGBM_vs_rGBM	ndGBM	rGBM	PMPCA	17	13	5.173091777191943	6.081763482035594	-0.908671704843651	4.715398062147204e-06	9.933401528442804e-05	0.0030377403343148247	0.02557021159584167	up_in_B
AC_like_reactive_malignant	ndGBM_vs_rGBM	ndGBM	rGBM	TRIM32	17	13	2.1497834358762344	3.3619907859970812	-1.2122073501208468	4.8040173974404186e-06	4.105307947492074e-05	0.0030377403343148247	0.02307487163375545	up_in_B
AC_like_reactive_malignant	ndGBM_vs_rGBM	ndGBM	rGBM	SNRPA1	17	13	5.509674644201891	6.021436694009177	-0.5117620498072855	5.270214458019724e-06	5.875195932037652e-05	0.0031812645269968434	0.024767214851278724	up_in_B
AC_like_reactive_malignant	ndGBM_vs_rGBM	ndGBM	rGBM	ALKBH1	17	13	1.9955148771202051	3.120076629012713	-1.124561751892508	5.516581366133523e-06	7.529712556954672e-06	0.0031812645269968434	0.022448915699100666	up_in_B
AC_like_reactive_malignant	ndGBM_vs_rGBM	ndGBM	rGBM	ETV5	17	13	4.658400310678172	6.078519446915479	-1.4201191362373065	6.079116452484743e-06	1.1106177932340918e-05	0.0031812645269968434	0.022448915699100666	up_in_B
AC_like_reactive_malignant	ndGBM_vs_rGBM	ndGBM	rGBM	FHL3	17	13	4.104611656708507	5.013772754301527	-0.90916109759302	7.10863784125021e-06	5.875195932037652e-05	0.003480022189639135	0.024767214851278724	up_in_B
AC_like_reactive_malignant	ndGBM_vs_rGBM	ndGBM	rGBM	NUP210	17	13	2.9664709260295794	3.902429789152557	-0.9359588631229774	7.734210639448015e-06	0.00013980703379283974	0.003667949395758221	0.026857108162533366	up_in_B
AC_like_reactive_malignant	ndGBM_vs_rGBM	ndGBM	rGBM	IMP3	17	13	5.960085204451156	6.629108200775478	-0.6690229963243217	8.717544246008667e-06	8.35213014757532e-05	0.004009013681134168	0.02557021159584167	up_in_B
AC_like_reactive_malignant	ndGBM_vs_rGBM	ndGBM	rGBM	DDOST	17	13	6.308504416896037	7.080242875425393	-0.7717384585293559	9.901329242812664e-06	3.423086741680836e-05	0.004380068373600991	0.02307487163375545	up_in_B
AC_like_reactive_malignant	ndGBM_vs_rGBM	ndGBM	rGBM	C1orf122	17	13	7.846189690072392	8.586972052566544	-0.7407823624941523	1.0101633702954315e-05	9.933401528442804e-05	0.004380068373600991	0.02557021159584167	up_in_B
AC_like_reactive_malignant	ndGBM_vs_rGBM	ndGBM	rGBM	MOGS	17	13	3.7767412557134414	4.623941075098208	-0.8471998193847665	1.1759493359058253e-05	0.00013980703379283974	0.00482329922208292	0.026857108162533366	up_in_B
AC_like_reactive_malignant	ndGBM_vs_rGBM	ndGBM	rGBM	SDAD1	17	13	5.141935110261056	5.565490094510451	-0.4235549842493942	1.3237707068914598e-05	0.00011794378042362394	0.005022386061946198	0.02557021159584167	up_in_B
AC_like_reactive_malignant	ndGBM_vs_rGBM	ndGBM	rGBM	ZNF584	17	13	2.9859260730731885	4.022843457999032	-1.036917384925844	1.409919059156525e-05	9.933401528442804e-05	0.005104877465144445	0.02557021159584167	up_in_B
AC_like_reactive_malignant	ndGBM_vs_rGBM	ndGBM	rGBM	BCKDK	17	13	4.851644368970101	5.460672795492261	-0.6090284265221602	1.412788966368389e-05	0.00011794378042362394	0.005104877465144445	0.02557021159584167	up_in_B
AC_like_reactive_malignant	ndGBM_vs_rGBM	ndGBM	rGBM	MAZ	17	13	5.643131470355454	6.526012393689876	-0.8828809233344224	1.461381713151139e-05	0.00011794378042362394	0.005157657878786439	0.02557021159584167	up_in_B
AC_like_reactive_malignant	ndGBM_vs_rGBM	ndGBM	rGBM	UBA2	17	13	5.946922077274074	6.551431041074769	-0.6045089638006953	1.6256116233124713e-05	0.0001654476287010127	0.0056068822716795605	0.02729166536050618	up_in_B
AC_like_reactive_malignant	ndGBM_vs_rGBM	ndGBM	rGBM	EXOSC5	17	13	4.092220992220347	4.975229433247384	-0.8830084410270373	1.736908491699749e-05	5.875195932037652e-05	0.005750251456547355	0.024767214851278724	up_in_B
AC_like_reactive_malignant	ndGBM_vs_rGBM	ndGBM	rGBM	TOR1A	17	13	4.557076208169948	5.507199994896014	-0.9501237867260661	1.7867871861000425e-05	2.849462868421701e-05	0.005750251456547355	0.02307487163375545	up_in_B
AC_like_reactive_malignant	ndGBM_vs_rGBM	ndGBM	rGBM	ARHGEF26	17	13	5.587685270593901	7.153126258592267	-1.5654409879983664	1.8338326868748048e-05	0.0002714731356312093	0.005750251456547355	0.03322480892209058	up_in_B
AC_like_reactive_malignant	ndGBM_vs_rGBM	ndGBM	rGBM	DCTPP1	17	13	5.0472411630817575	5.813655348951145	-0.7664141858693876	1.866435712912694e-05	1.6271617863080347e-05	0.005750251456547355	0.022448915699100666	up_in_B
AC_like_reactive_malignant	ndGBM_vs_rGBM	ndGBM	rGBM	CENPP	17	13	2.2565624208918074	3.4276159715751575	-1.1710535506833502	1.8945214340232455e-05	2.3679935303794088e-05	0.005750251456547355	0.02307487163375545	up_in_B
AC_like_reactive_malignant	ndGBM_vs_rGBM	ndGBM	rGBM	MFAP1	17	13	5.641863180760583	6.261747860731715	-0.6198846799711317	1.9461553793100054e-05	0.00023054664458119624	0.0057911478502762044	0.03209886126756178	up_in_B
AC_like_reactive_malignant	ndGBM_vs_rGBM	ndGBM	rGBM	PRPF4	17	13	4.0530142673463585	5.370285772359654	-1.317271505013296	2.0461135026728533e-05	7.010875180125282e-05	0.005935448714239362	0.02557021159584167	up_in_B
AC_like_reactive_malignant	ndGBM_vs_rGBM	ndGBM	rGBM	PGPEP1	17	13	4.537211685953033	5.484173119581033	-0.9469614336280001	2.0728702019945057e-05	7.010875180125282e-05	0.005935448714239362	0.02557021159584167	up_in_B
AC_like_reactive_malignant	ndGBM_vs_rGBM	ndGBM	rGBM	ARPC5L	17	13	5.980222317632589	7.0191551123802265	-1.0389327947476374	2.2630127702442254e-05	0.00011794378042362394	0.0061327646073618515	0.02557021159584167	up_in_B
AC_like_reactive_malignant	ndGBM_vs_rGBM	ndGBM	rGBM	MRPL46	17	13	4.632583597344615	5.296354614521245	-0.6637710171766296	2.5877504294284442e-05	0.00019546556426939152	0.006656220426611199	0.0302692388097172	up_in_B
AC_like_reactive_malignant	ndGBM_vs_rGBM	ndGBM	rGBM	RNH1	17	13	6.653160948400043	7.147002221205734	-0.49384127280569157	2.8178734559842687e-05	0.00011794378042362394	0.006985252384518201	0.02557021159584167	up_in_B
AC_like_reactive_malignant	ndGBM_vs_rGBM	ndGBM	rGBM	ZBTB7A	17	13	5.829045694706135	6.36202232226908	-0.5329766275629453	3.2770531120119754e-05	8.35213014757532e-05	0.00764921055820919	0.02557021159584167	up_in_B
AC_like_reactive_malignant	ndGBM_vs_rGBM	ndGBM	rGBM	WDR83OS	17	13	7.807314019699083	8.38296735735965	-0.575653337660567	3.326620300749911e-05	0.00037454519580419317	0.00764921055820919	0.0346591334849051	up_in_B
AC_like_reactive_malignant	ndGBM_vs_rGBM	ndGBM	rGBM	NAA15	17	13	5.326927712967351	5.853047961939168	-0.5261202489718171	3.795214875966484e-05	0.00023054664458119624	0.008347272602560487	0.03209886126756178	up_in_B
AC_like_reactive_malignant	ndGBM_vs_rGBM	ndGBM	rGBM	MRPL4	17	13	6.187277263303095	6.910058588801771	-0.7227813254986764	3.8782809737994466e-05	0.00019546556426939152	0.0084081131511972	0.0302692388097172	up_in_B
AC_like_reactive_malignant	ndGBM_vs_rGBM	ndGBM	rGBM	USP38	17	13	4.7204503882941795	5.235659228106466	-0.5152088398122867	4.039228325047514e-05	0.00013980703379283974	0.008633708318439588	0.026857108162533366	up_in_B
AC_like_reactive_malignant	ndGBM_vs_rGBM	ndGBM	rGBM	LETM1	17	13	4.974871229518377	5.61320683180857	-0.6383356022901934	4.2819852897132414e-05	0.00013980703379283974	0.008805530803293948	0.026857108162533366	up_in_B
AC_like_reactive_malignant	ndGBM_vs_rGBM	ndGBM	rGBM	UBE2Z	17	13	5.209923150817239	5.673415953516154	-0.4634928026989158	4.394167506652937e-05	0.00069894693530688	0.008805530803293948	0.04048556751991302	up_in_B
AC_like_reactive_malignant	ndGBM_vs_rGBM	ndGBM	rGBM	ATP6V1A	17	13	5.164447724658339	5.823330450176437	-0.6588827255180982	4.523622895955038e-05	5.875195932037652e-05	0.008805530803293948	0.024767214851278724	up_in_B
NPC_neuronal_like_malignant	GBM_vs_LGG	GBM	LGG	PTP4A1	17	3	7.67495465040279	0.0	7.67495465040279	1.2450864382775428e-20	0.008042770866619586	1.889543178729999e-16	0.07513285873391122	up_in_A
NPC_neuronal_like_malignant	GBM_vs_LGG	GBM	LGG	FNBP1L	17	3	7.115353074173647	0.0	7.115353074173647	3.3341435212244655e-20	0.008042770866619586	2.5299481039051244e-16	0.07513285873391122	up_in_A
NPC_neuronal_like_malignant	GBM_vs_LGG	GBM	LGG	CARD19	17	3	5.75749057709078	0.0	5.75749057709078	1.038076251120377e-16	0.008042770866619586	5.251281729000947e-13	0.07513285873391122	up_in_A
NPC_neuronal_like_malignant	GBM_vs_LGG	GBM	LGG	METTL13	17	3	4.538093983031519	0.0	4.538093983031519	3.687192625479864e-16	0.008042770866619586	1.3989208821070605e-12	0.07513285873391122	up_in_A
NPC_neuronal_like_malignant	GBM_vs_LGG	GBM	LGG	TMSB10	17	3	12.20282225812514	8.38568621058662	3.8171360475385203	8.341222805359147e-15	0.0017543859649122807	2.5317279458826083e-11	0.03531108939457397	up_in_A
NPC_neuronal_like_malignant	GBM_vs_LGG	GBM	LGG	ATAT1	17	3	7.719301874941438	5.448866776920998	2.2704350980204397	1.5700463355775806e-13	0.0017543859649122807	3.9711705314542274e-10	0.03531108939457397	up_in_A
NPC_neuronal_like_malignant	GBM_vs_LGG	GBM	LGG	HID1	17	3	4.649418542319944	0.0	4.649418542319944	2.4232980248543765e-13	0.008042770866619586	4.596996353148752e-10	0.07513285873391122	up_in_A
NPC_neuronal_like_malignant	GBM_vs_LGG	GBM	LGG	ZNF286B	17	3	5.018594930035264	0.0	5.018594930035264	3.544697565903727e-13	0.008042770866619586	5.379433026015496e-10	0.07513285873391122	up_in_A
NPC_neuronal_like_malignant	GBM_vs_LGG	GBM	LGG	PDZRN3	17	3	5.28654903900561	0.0	5.28654903900561	6.704612192551089e-13	0.008042770866619586	9.249926784923211e-10	0.07513285873391122	up_in_A
NPC_neuronal_like_malignant	GBM_vs_LGG	GBM	LGG	FBXO17	17	3	4.268346914434893	0.0	4.268346914434893	1.5674738691663035e-12	0.008042770866619586	1.910879701100549e-09	0.07513285873391122	up_in_A
NPC_neuronal_like_malignant	GBM_vs_LGG	GBM	LGG	TMSB4X	17	3	12.954339445973948	9.853241188639439	3.1010982573345096	1.6368895699991526e-12	0.0017543859649122807	1.910879701100549e-09	0.03531108939457397	up_in_A
NPC_neuronal_like_malignant	GBM_vs_LGG	GBM	LGG	STMN1	17	3	11.5074037443807	8.917924723747964	2.5894790206327354	6.2688899581130185e-12	0.0017543859649122807	5.285370778017954e-09	0.03531108939457397	up_in_A
NPC_neuronal_like_malignant	GBM_vs_LGG	GBM	LGG	FBLN1	17	3	4.871741601859516	0.0	4.871741601859516	1.081525484759703e-11	0.008042770866619586	7.815824169863453e-09	0.07513285873391122	up_in_A
NPC_neuronal_like_malignant	GBM_vs_LGG	GBM	LGG	ZNF428	17	3	9.28565293476509	7.3922401716439765	1.8934127631211126	1.9032719606743025e-11	0.0017543859649122807	1.3129116034178734e-08	0.03531108939457397	up_in_A
NPC_neuronal_like_malignant	GBM_vs_LGG	GBM	LGG	HOTAIRM1	17	3	5.393453789478363	0.0	5.393453789478363	2.0161388269007243e-11	0.008042770866619586	1.330300992915017e-08	0.07513285873391122	up_in_A
NPC_neuronal_like_malignant	GBM_vs_LGG	GBM	LGG	MTCH1	17	3	7.695292363361974	5.961049084198513	1.7342432791634605	2.645364346301619e-11	0.0017543859649122807	1.672752054978057e-08	0.03531108939457397	up_in_A
NPC_neuronal_like_malignant	GBM_vs_LGG	GBM	LGG	CAPZB	17	3	7.395776035234364	5.825030437992371	1.5707455972419933	3.6996010213190925e-11	0.0017543859649122807	2.245805803981542e-08	0.03531108939457397	up_in_A
NPC_neuronal_like_malignant	GBM_vs_LGG	GBM	LGG	AP2S1	17	3	7.599438487557171	5.6955955890928704	1.9038428984643003	5.330215899552034e-11	0.0017543859649122807	3.1112060189077567e-08	0.03531108939457397	up_in_A
NPC_neuronal_like_malignant	GBM_vs_LGG	GBM	LGG	EN1	17	3	4.638363820648597	0.0	4.638363820648597	7.21423024883981e-11	0.008042770866619586	3.9101127948711766e-08	0.07513285873391122	up_in_A
NPC_neuronal_like_malignant	GBM_vs_LGG	GBM	LGG	IGFBP2	17	3	9.278607972263416	3.0941327957761495	6.1844751764872665	1.4843916004508722e-10	0.0017543859649122807	7.018519787957986e-08	0.03531108939457397	up_in_A
NPC_neuronal_like_malignant	GBM_vs_LGG	GBM	LGG	SPG21	17	3	6.4057184524026525	4.017785439284925	2.3879330131177277	1.4855677375248408e-10	0.0017543859649122807	7.018519787957986e-08	0.03531108939457397	up_in_A
NPC_neuronal_like_malignant	GBM_vs_LGG	GBM	LGG	RBP1	17	3	8.9466795291754	0.0	8.9466795291754	1.5261673234225985e-10	0.012528132528747281	7.018519787957986e-08	0.08810330827445262	up_in_A
NPC_neuronal_like_malignant	GBM_vs_LGG	GBM	LGG	PTPRS	17	3	8.694403689700755	5.3587795731950605	3.335624116505694	1.5801462376008142e-10	0.0017543859649122807	7.053029206420576e-08	0.03531108939457397	up_in_A
NPC_neuronal_like_malignant	GBM_vs_LGG	GBM	LGG	MAD2L2	17	3	7.3728897942662766	5.207553957186569	2.1653358370797076	1.721112455331434e-10	0.0017543859649122807	7.301872600575769e-08	0.03531108939457397	up_in_A
NPC_neuronal_like_malignant	GBM_vs_LGG	GBM	LGG	ACTB	17	3	12.6793305493176	10.582162274292953	2.0971682750246465	2.0820891259248155e-10	0.0017543859649122807	8.539941777036486e-08	0.03531108939457397	up_in_A
NPC_neuronal_like_malignant	GBM_vs_LGG	GBM	LGG	MFNG	17	3	4.325705816444539	0.0	4.325705816444539	2.2739959989594907e-10	0.008042770866619586	8.848759815438264e-08	0.07513285873391122	up_in_A
NPC_neuronal_like_malignant	GBM_vs_LGG	GBM	LGG	PTTG1	17	3	6.081596539978904	2.7104219282542616	3.371174611724642	2.851673561258312e-10	0.0017543859649122807	1.0819249491414036e-07	0.03531108939457397	up_in_A
NPC_neuronal_like_malignant	GBM_vs_LGG	GBM	LGG	HOXC4	17	3	4.430116946292973	0.0	4.430116946292973	2.9757536635245426e-10	0.008042770866619586	1.1014643316499623e-07	0.07513285873391122	up_in_A
NPC_neuronal_like_malignant	GBM_vs_LGG	GBM	LGG	GCFC2	17	3	4.2165655990764135	0.0	4.2165655990764135	3.25470084051831e-10	0.012528132528747281	1.1752281129975353e-07	0.08810330827445262	up_in_A
NPC_neuronal_like_malignant	GBM_vs_LGG	GBM	LGG	PSMD8	17	3	8.083743284396624	6.81117399328618	1.272569291110444	3.329916240043095e-10	0.0017543859649122807	1.1752281129975353e-07	0.03531108939457397	up_in_A
NPC_neuronal_like_malignant	GBM_vs_LGG	GBM	LGG	PSRC1	17	3	5.1833072872328705	0.0	5.1833072872328705	3.783198863336401e-10	0.012528132528747281	1.3048596806816642e-07	0.08810330827445262	up_in_A
NPC_neuronal_like_malignant	GBM_vs_LGG	GBM	LGG	RBBP4	17	3	7.957303092888374	6.691440213875457	1.265862879012917	3.8693934628685593e-10	0.0017543859649122807	1.3049314487220724e-07	0.03531108939457397	up_in_A
NPC_neuronal_like_malignant	GBM_vs_LGG	GBM	LGG	PFN1	17	3	8.806335861734567	7.5072844166067085	1.2990514451278585	4.0808975566162153e-10	0.0017543859649122807	1.3147016427146838e-07	0.03531108939457397	up_in_A
NPC_neuronal_like_malignant	GBM_vs_LGG	GBM	LGG	POLR2E	17	3	7.436162252467277	6.251235246590469	1.1849270058768075	5.08795252554234e-10	0.0017543859649122807	1.544295350552611e-07	0.03531108939457397	up_in_A
NPC_neuronal_like_malignant	GBM_vs_LGG	GBM	LGG	CYP27A1	17	3	3.6452705636915046	0.0	3.6452705636915046	5.97424869347436e-10	0.012528132528747281	1.7385261223708292e-07	0.08810330827445262	up_in_A
NPC_neuronal_like_malignant	GBM_vs_LGG	GBM	LGG	HOXC9	17	3	5.720800281818575	0.0	5.720800281818575	6.170217439966573e-10	0.012528132528747281	1.7385261223708292e-07	0.08810330827445262	up_in_A
NPC_neuronal_like_malignant	GBM_vs_LGG	GBM	LGG	RAB3D	17	3	4.48936646855335	0.0	4.48936646855335	6.632166245877715e-10	0.008042770866619586	1.7825133338548627e-07	0.07513285873391122	up_in_A
NPC_neuronal_like_malignant	GBM_vs_LGG	GBM	LGG	TIMP1	17	3	5.959211418181994	0.0	5.959211418181994	7.251475034124723e-10	0.012528132528747281	1.8652268664046912e-07	0.08810330827445262	up_in_A
NPC_neuronal_like_malignant	GBM_vs_LGG	GBM	LGG	RPS17	17	3	10.003748583242484	7.655393858261225	2.3483547249812586	7.804162145768857e-10	0.0017543859649122807	1.9182343337656741e-07	0.03531108939457397	up_in_A
NPC_neuronal_like_malignant	GBM_vs_LGG	GBM	LGG	EIF4H	17	3	7.983788121290813	6.841577626550049	1.1422104947407634	9.118772974706862e-10	0.0017543859649122807	2.1869716132998547e-07	0.03531108939457397	up_in_A
NPC_neuronal_like_malignant	GBM_vs_LGG	GBM	LGG	PSMB7	17	3	8.425350353414826	7.43233456327133	0.9930157901434962	9.730757603823808e-10	0.0017543859649122807	2.2374845059943957e-07	0.03531108939457397	up_in_A
NPC_neuronal_like_malignant	GBM_vs_LGG	GBM	LGG	WFDC2	17	3	3.8848346777949616	0.0	3.8848346777949616	1.2804321948462913e-09	0.012528132528747281	2.671527898979213e-07	0.08810330827445262	up_in_A
NPC_neuronal_like_malignant	GBM_vs_LGG	GBM	LGG	ZIM2-AS1	17	3	3.3083042699499066	0.0	3.3083042699499066	1.2850654759190996e-09	0.012528132528747281	2.671527898979213e-07	0.08810330827445262	up_in_A
NPC_neuronal_like_malignant	GBM_vs_LGG	GBM	LGG	RNASEH2A	17	3	5.683643937626381	3.3434720984575725	2.3401718391688084	1.389157800356455e-09	0.0017543859649122807	2.8444790917748265e-07	0.03531108939457397	up_in_A
NPC_neuronal_like_malignant	GBM_vs_LGG	GBM	LGG	UTP14C	17	3	4.203760039291463	0.0	4.203760039291463	1.4075117153178294e-09	0.012528132528747281	2.8444790917748265e-07	0.08810330827445262	up_in_A
NPC_neuronal_like_malignant	GBM_vs_LGG	GBM	LGG	HOXC10	17	3	4.546902501567271	0.0	4.546902501567271	1.4244887386326228e-09	0.012528132528747281	2.8444790917748265e-07	0.08810330827445262	up_in_A
NPC_neuronal_like_malignant	GBM_vs_LGG	GBM	LGG	PDPN	17	3	5.182652059426345	0.0	5.182652059426345	1.5966311134258664e-09	0.012528132528747281	3.11388812286901e-07	0.08810330827445262	up_in_A
NPC_neuronal_like_malignant	GBM_vs_LGG	GBM	LGG	NUDT3	17	3	7.237879597659778	6.020953635195035	1.2169259624647433	1.689163046854365e-09	0.0017543859649122807	3.1835515070340436e-07	0.03531108939457397	up_in_A
NPC_neuronal_like_malignant	GBM_vs_LGG	GBM	LGG	NGFR	17	3	4.34792212081856	0.0	4.34792212081856	1.739751173559159e-09	0.012528132528747281	3.1835515070340436e-07	0.08810330827445262	up_in_A
NPC_neuronal_like_malignant	GBM_vs_LGG	GBM	LGG	NOP10	17	3	7.708913519381091	5.776522760270505	1.9323907591105858	1.7492333234094045e-09	0.0017543859649122807	3.1835515070340436e-07	0.03531108939457397	up_in_A
NPC_neuronal_like_malignant	GBM_vs_LGG	GBM	LGG	RANBP17	17	3	0.344502697551876	5.447239322258571	-5.1027366247066945	1.8350044470919428e-13	0.0019022591272968097	3.9782896412953323e-10	0.03803515746489642	up_in_B
NPC_neuronal_like_malignant	GBM_vs_LGG	GBM	LGG	DTWD2	17	3	0.466118309507135	4.341008765992989	-3.8748904564858537	3.197208867216423e-13	0.0037713657508972355	5.379433026015496e-10	0.05616707226262654	up_in_B
NPC_neuronal_like_malignant	GBM_vs_LGG	GBM	LGG	PCDHGA7	17	3	0.8471659523785388	6.075460218293327	-5.228294265914788	2.8237522155297393e-12	0.00469166972714392	3.0609474016342374e-09	0.06806957913875347	up_in_B
NPC_neuronal_like_malignant	GBM_vs_LGG	GBM	LGG	SLC25A21	17	3	0.23265450225407988	4.629973560602168	-4.397319058348088	5.2730340350314755e-12	0.0001534977917058271	5.238211626546246e-09	0.03531108939457397	up_in_B
NPC_neuronal_like_malignant	GBM_vs_LGG	GBM	LGG	MRPL38	17	3	1.3302854413758032	6.452936679832649	-5.122651238456846	5.522626912542167e-12	0.006854840352738265	5.238211626546246e-09	0.07447429763219236	up_in_B
NPC_neuronal_like_malignant	GBM_vs_LGG	GBM	LGG	GNG10	17	3	1.1926900911528229	7.211939909293875	-6.019249818141052	6.061854728179653e-12	0.0055303681454098525	5.285370778017954e-09	0.07447429763219236	up_in_B
NPC_neuronal_like_malignant	GBM_vs_LGG	GBM	LGG	SRCAP	17	3	0.9330425269492602	5.379408545737299	-4.446366018788039	9.009783109752526e-12	0.006256503771525863	7.196445709137071e-09	0.07447429763219236	up_in_B
NPC_neuronal_like_malignant	GBM_vs_LGG	GBM	LGG	NGRN	17	3	4.791787395791016	8.034694669197945	-3.242907273406929	9.819959761642663e-12	0.0017543859649122807	7.451385467134452e-09	0.03531108939457397	up_in_B
NPC_neuronal_like_malignant	GBM_vs_LGG	GBM	LGG	PLEKHM3	17	3	0.9893185839468837	5.180059150661954	-4.19074056671507	6.450805653390227e-11	0.006854840352738265	3.625830614661115e-08	0.07447429763219236	up_in_B
NPC_neuronal_like_malignant	GBM_vs_LGG	GBM	LGG	MYCBP2	17	3	6.163548779912246	7.980596376771563	-1.8170475968593163	9.65580585552083e-11	0.0017543859649122807	4.9606720279840296e-08	0.03531108939457397	up_in_B
NPC_neuronal_like_malignant	GBM_vs_LGG	GBM	LGG	PRKCB	17	3	1.0419182808918659	5.988292845847731	-4.946374564955865	9.806283661012183e-11	0.006256503771525863	4.9606720279840296e-08	0.07447429763219236	up_in_B
NPC_neuronal_like_malignant	GBM_vs_LGG	GBM	LGG	TMEM9B-AS1	17	3	0.6655761806244493	4.2705168049179845	-3.604940624293535	1.7321258145804408e-10	0.0037713657508972355	7.301872600575769e-08	0.05616707226262654	up_in_B
NPC_neuronal_like_malignant	GBM_vs_LGG	GBM	LGG	TUBB3	17	3	2.402728153645164	8.71382241982729	-6.311094266182126	2.2077279322089303e-10	0.007322662106433314	8.816968184000718e-08	0.07513285873391122	up_in_B
NPC_neuronal_like_malignant	GBM_vs_LGG	GBM	LGG	GABRG2	17	3	0.888876255944277	6.21010815207439	-5.321231896130113	4.016384290109756e-10	0.0028188032034695966	1.3147016427146838e-07	0.05308985324727571	up_in_B
NPC_neuronal_like_malignant	GBM_vs_LGG	GBM	LGG	SPHKAP	17	3	1.472025110935129	6.903742893633063	-5.431717782697934	4.1582550639367963e-10	0.006256503771525863	1.3147016427146838e-07	0.07447429763219236	up_in_B
NPC_neuronal_like_malignant	GBM_vs_LGG	GBM	LGG	ZC3H6	17	3	5.642750144456665	7.325613720638894	-1.6828635761822293	4.4401511079120225e-10	0.0017543859649122807	1.3751782288504664e-07	0.03531108939457397	up_in_B
NPC_neuronal_like_malignant	GBM_vs_LGG	GBM	LGG	BPTF	17	3	7.003562261668372	8.831741490658942	-1.82817922899057	5.264186089743288e-10	0.0017543859649122807	1.5664566293714534e-07	0.03531108939457397	up_in_B
NPC_neuronal_like_malignant	GBM_vs_LGG	GBM	LGG	SMC3	17	3	6.199149512080993	7.878306958905692	-1.679157446824699	6.186110345810804e-10	0.0017543859649122807	1.7385261223708292e-07	0.03531108939457397	up_in_B
NPC_neuronal_like_malignant	GBM_vs_LGG	GBM	LGG	ST8SIA1	17	3	3.7752037897310267	6.729265046412107	-2.95406125668108	6.37815460119976e-10	0.0017543859649122807	1.7599068041419557e-07	0.03531108939457397	up_in_B
NPC_neuronal_like_malignant	GBM_vs_LGG	GBM	LGG	SLITRK5	17	3	1.2390190488526205	6.345485203053623	-5.106466154201002	6.694996048347863e-10	0.0055303681454098525	1.7825133338548627e-07	0.07447429763219236	up_in_B
NPC_neuronal_like_malignant	GBM_vs_LGG	GBM	LGG	PTPRZ1	17	3	8.14157287386888	10.906038780831443	-2.7644659069625632	7.170434565399307e-10	0.0017543859649122807	1.8652268664046912e-07	0.03531108939457397	up_in_B
NPC_neuronal_like_malignant	GBM_vs_LGG	GBM	LGG	ANKRD12	17	3	7.2466364001057935	8.561596285497354	-1.31495988539156	7.414366584434663e-10	0.0017543859649122807	1.875340454756341e-07	0.03531108939457397	up_in_B
NPC_neuronal_like_malignant	GBM_vs_LGG	GBM	LGG	PCBP3	17	3	0.9609029053864768	4.923676520533797	-3.96277361514732	7.836750704630456e-10	0.0055303681454098525	1.9182343337656741e-07	0.07447429763219236	up_in_B
NPC_neuronal_like_malignant	GBM_vs_LGG	GBM	LGG	AMER2	17	3	5.988925758862692	8.419492291720944	-2.4305665328582524	9.273315638393768e-10	0.0017543859649122807	2.1869716132998547e-07	0.03531108939457397	up_in_B
NPC_neuronal_like_malignant	GBM_vs_LGG	GBM	LGG	ESCO1	17	3	4.455632868571887	6.488775244508031	-2.033142375936144	9.36697119560428e-10	0.0017543859649122807	2.1869716132998547e-07	0.03531108939457397	up_in_B
NPC_neuronal_like_malignant	GBM_vs_LGG	GBM	LGG	ANKRD29	17	3	0.6968162310862566	3.8751564583204856	-3.178340227234229	1.033970044466001e-09	0.0037713657508972355	2.342019312659109e-07	0.05616707226262654	up_in_B
NPC_neuronal_like_malignant	GBM_vs_LGG	GBM	LGG	PHYHIPL	17	3	6.425355348379705	8.786010875471382	-2.3606555270916765	1.0850646373118768e-09	0.0017543859649122807	2.421608961153683e-07	0.03531108939457397	up_in_B
NPC_neuronal_like_malignant	GBM_vs_LGG	GBM	LGG	PHF3	17	3	5.257324123347344	7.4791212728727565	-2.221797149525413	1.1857638841284084e-09	0.0017543859649122807	2.60799314572938e-07	0.03531108939457397	up_in_B
NPC_neuronal_like_malignant	GBM_vs_LGG	GBM	LGG	ZNF721	17	3	5.160090258744731	7.132026104629348	-1.9719358458846168	1.2294796031147652e-09	0.0017543859649122807	2.6655117795528105e-07	0.03531108939457397	up_in_B
NPC_neuronal_like_malignant	GBM_vs_LGG	GBM	LGG	ZBTB16	17	3	4.907224850457169	9.451268778796075	-4.5440439283389065	1.2802411858561217e-09	0.0017543859649122807	2.671527898979213e-07	0.03531108939457397	up_in_B
NPC_neuronal_like_malignant	GBM_vs_LGG	GBM	LGG	ZNF709	17	3	1.4383738552787426	4.4728621042603764	-3.034488248981634	1.6004432892974617e-09	0.007666733571115749	3.11388812286901e-07	0.07513285873391122	up_in_B
NPC_neuronal_like_malignant	GBM_vs_LGG	GBM	LGG	RGS7BP	17	3	1.2436788807484658	4.950849251542041	-3.7071703707935755	1.6226915663119566e-09	0.006256503771525863	3.117211039284842e-07	0.07447429763219236	up_in_B
NPC_neuronal_like_malignant	GBM_vs_LGG	GBM	LGG	C18orf32	17	3	5.247658285601327	8.237427617072422	-2.989769331471095	1.7296239094833762e-09	0.0017543859649122807	3.1835515070340436e-07	0.03531108939457397	up_in_B
NPC_neuronal_like_malignant	GBM_vs_LGG	GBM	LGG	SOX6	17	3	5.739280500045998	8.44035170002533	-2.7010711999793315	1.7621133802771458e-09	0.0017543859649122807	3.1835515070340436e-07	0.03531108939457397	up_in_B
NPC_neuronal_like_malignant	GBM_vs_LGG	GBM	LGG	CHD9	17	3	7.1327638874382675	9.115567536292458	-1.9828036488541905	1.9322977104445785e-09	0.0017543859649122807	3.2948932644614523e-07	0.03531108939457397	up_in_B
NPC_neuronal_like_malignant	GBM_vs_LGG	GBM	LGG	ACBD7	17	3	0.47550847570742505	2.7104219282542616	-2.2349134525468366	1.987426918970378e-09	0.0037713657508972355	3.3512434358104954e-07	0.05616707226262654	up_in_B
NPC_neuronal_like_malignant	GBM_vs_LGG	GBM	LGG	PIK3R1	17	3	6.9439283858181735	9.884250023884448	-2.9403216380662744	2.903034821959789e-09	0.0017543859649122807	4.757458199927327e-07	0.03531108939457397	up_in_B
NPC_neuronal_like_malignant	GBM_vs_LGG	GBM	LGG	SARNP	17	3	4.744169443984125	7.191789874978522	-2.4476204309943963	2.9154165300029087e-09	0.0017543859649122807	4.757458199927327e-07	0.03531108939457397	up_in_B
NPC_neuronal_like_malignant	GBM_vs_LGG	GBM	LGG	TFAM	17	3	5.32132683616303	6.984245350372763	-1.662918514209733	3.0504267026650886e-09	0.0017543859649122807	4.924816557409084e-07	0.03531108939457397	up_in_B
NPC_neuronal_like_malignant	GBM_vs_LGG	GBM	LGG	NEBL	17	3	1.2295621528300176	5.170095094050193	-3.9405329412201757	3.107025183993518e-09	0.006256503771525863	4.963390967609014e-07	0.07447429763219236	up_in_B
NPC_neuronal_like_malignant	GBM_vs_LGG	GBM	LGG	PSMA6	17	3	4.092629755851525	7.619949066531429	-3.5273193106799043	3.1870160802691513e-09	0.0017543859649122807	5.038141253558817e-07	0.03531108939457397	up_in_B
NPC_neuronal_like_malignant	GBM_vs_LGG	GBM	LGG	INO80D	17	3	4.072531531998177	6.5869184537337775	-2.5143869217356007	3.3103780725456833e-09	0.0017543859649122807	5.10437089432557e-07	0.03531108939457397	up_in_B
NPC_neuronal_like_malignant	GBM_vs_LGG	GBM	LGG	NIPBL	17	3	5.648484932256316	7.294670503413031	-1.6461855711567148	3.3298149613747455e-09	0.0017543859649122807	5.10437089432557e-07	0.03531108939457397	up_in_B
NPC_neuronal_like_malignant	GBM_vs_LGG	GBM	LGG	TCP11L2	17	3	1.1608425150116135	4.607151883139195	-3.446309368127581	3.7418654775514165e-09	0.006854840352738265	5.678655048732029e-07	0.07447429763219236	up_in_B
NPC_neuronal_like_malignant	GBM_vs_LGG	GBM	LGG	CNOT6L	17	3	4.7470889769487625	6.2472325653938645	-1.500143588445102	3.8266259619717205e-09	0.0017543859649122807	5.749789663255726e-07	0.03531108939457397	up_in_B
NPC_neuronal_like_malignant	GBM_vs_LGG	GBM	LGG	TAF1D	17	3	6.375559609550718	7.877521678349644	-1.5019620687989255	4.234856752374931e-09	0.0017543859649122807	6.120779626099233e-07	0.03531108939457397	up_in_B
NPC_neuronal_like_malignant	GBM_vs_LGG	GBM	LGG	ZNF483	17	3	1.7645089671556724	7.123834391829387	-5.359325424673715	4.463124114196932e-09	0.007666733571115749	6.330128182902116e-07	0.07513285873391122	up_in_B
NPC_neuronal_like_malignant	GBM_vs_LGG	GBM	LGG	RNASEK	17	3	3.726033348403655	9.02308351061884	-5.297050162215184	4.754477890889619e-09	0.008114309137116532	6.559450588376441e-07	0.07513285873391122	up_in_B
NPC_neuronal_like_malignant	GBM_vs_LGG	GBM	LGG	LINC00632	17	3	2.724497240546916	9.985646508949095	-7.261149268402179	4.948771282515558e-09	0.007322662106433314	6.718701823284315e-07	0.07513285873391122	up_in_B
NPC_neuronal_like_malignant	GBM_vs_LGG	GBM	LGG	MAPT-AS1	17	3	2.6168427368163485	6.677711660507612	-4.060868923691263	4.958451530099125e-09	0.008042770866619586	6.718701823284315e-07	0.07513285873391122	up_in_B
NPC_neuronal_like_malignant	GBM_vs_ndGBM	GBM	ndGBM	PTP4A1	17	7	7.67495465040279	0.027534603644143316	7.647420046758646	5.875178296124205e-22	0.0001593837882180453	8.916170582198094e-18	0.013804511505499118	up_in_A
NPC_neuronal_like_malignant	GBM_vs_ndGBM	GBM	ndGBM	FAM220A	17	7	5.099929943269239	0.12763478032582273	4.972295162943416	1.672969791780761e-16	0.0001593837882180453	1.2694494780032413e-12	0.013804511505499118	up_in_A
NPC_neuronal_like_malignant	GBM_vs_ndGBM	GBM	ndGBM	METTL13	17	7	4.538093983031519	0.0	4.538093983031519	3.687192625479864e-16	0.0001484782468729802	1.865227842809414e-12	0.013804511505499118	up_in_A
NPC_neuronal_like_malignant	GBM_vs_ndGBM	GBM	ndGBM	ZNF286B	17	7	5.018594930035264	0.0	5.018594930035264	3.544697565903727e-13	0.0001484782468729802	1.3448582565038741e-09	0.013804511505499118	up_in_A
NPC_neuronal_like_malignant	GBM_vs_ndGBM	GBM	ndGBM	ZIM2-AS1	17	7	3.3083042699499066	0.0	3.3083042699499066	1.2850654759190996e-09	0.0003293723809699387	1.393010975896304e-06	0.01885325124168586	up_in_A
NPC_neuronal_like_malignant	GBM_vs_ndGBM	GBM	ndGBM	UTP14C	17	7	4.203760039291463	0.0	4.203760039291463	1.4075117153178294e-09	0.0003293723809699387	1.4240265194442252e-06	0.01885325124168586	up_in_A
NPC_neuronal_like_malignant	GBM_vs_ndGBM	GBM	ndGBM	ST20	17	7	4.007636552430874	0.0	4.007636552430874	4.642966998116685e-09	0.0003293723809699387	3.0108466543839982e-06	0.01885325124168586	up_in_A
NPC_neuronal_like_malignant	GBM_vs_ndGBM	GBM	ndGBM	FKBP1C	17	7	4.566347802258165	0.0	4.566347802258165	2.6378528276070185e-08	0.0003293723809699387	1.1120015142156699e-05	0.01885325124168586	up_in_A
NPC_neuronal_like_malignant	GBM_vs_ndGBM	GBM	ndGBM	MIF-AS1	17	7	3.6163864609901917	0.05182039737820056	3.564566063611991	3.643319911673397e-08	0.00040560831116088597	1.4550269205146178e-05	0.019985427695381836	up_in_A
NPC_neuronal_like_malignant	GBM_vs_ndGBM	GBM	ndGBM	RTN3	17	7	9.203147498219849	8.29205870192798	0.9110887962918692	1.6980385238158193e-07	2.311443959041213e-05	5.368631799464348e-05	0.005945503986849059	up_in_A
NPC_neuronal_like_malignant	GBM_vs_ndGBM	GBM	ndGBM	ZC3H11A	17	7	6.610145752979054	0.4746610587715045	6.13548469420755	2.512681120567734e-07	0.0001593837882180453	7.476950722693321e-05	0.013804511505499118	up_in_A
NPC_neuronal_like_malignant	GBM_vs_ndGBM	GBM	ndGBM	HSPA8	17	7	10.237046918122063	8.730565883848579	1.5064810342734845	2.6566311138967377e-07	5.778609897603032e-06	7.753275727787864e-05	0.002657460115334049	up_in_A
NPC_neuronal_like_malignant	GBM_vs_ndGBM	GBM	ndGBM	NACA2	17	7	5.653319773797086	0.677956430048793	4.975363343748293	3.2859535614519405e-07	0.00022279805661991326	9.408987028036726e-05	0.016173476521602715	up_in_A
NPC_neuronal_like_malignant	GBM_vs_ndGBM	GBM	ndGBM	BAG6	17	7	6.999494109840651	5.840629631834585	1.1588644780060653	3.580329169594721e-07	5.778609897603032e-06	0.00010062051014401756	0.002657460115334049	up_in_A
NPC_neuronal_like_malignant	GBM_vs_ndGBM	GBM	ndGBM	CRMP1	17	7	8.627048349150456	7.609354910847716	1.0176934383027403	4.0184388578833046e-07	4.045026928322123e-05	0.00010889969304863755	0.007578682551137845	up_in_A
NPC_neuronal_like_malignant	GBM_vs_ndGBM	GBM	ndGBM	AGAP6	17	7	2.9713671610471017	0.027534603644143316	2.9438325574029585	4.547050389477519e-07	0.0009673087379946922	0.0001180104250830743	0.03377236014657505	up_in_A
NPC_neuronal_like_malignant	GBM_vs_ndGBM	GBM	ndGBM	RNASEH2A	17	7	5.683643937626381	2.965172887340432	2.718471050285949	4.993477253059424e-07	5.778609897603032e-06	0.0001263016846540497	0.002657460115334049	up_in_A
NPC_neuronal_like_malignant	GBM_vs_ndGBM	GBM	ndGBM	PUF60	17	7	7.764320333740003	6.9685171363560885	0.7958031973839148	6.492066522297274e-07	0.00017335829692809098	0.0001515747716036668	0.013804511505499118	up_in_A
NPC_neuronal_like_malignant	GBM_vs_ndGBM	GBM	ndGBM	CPSF4	17	7	5.944111036268557	4.448925340237517	1.4951856960310401	2.346958746166678e-06	6.93433187712364e-05	0.0004691425411547753	0.010217031123031878	up_in_A
NPC_neuronal_like_malignant	GBM_vs_ndGBM	GBM	ndGBM	ZNF320	17	7	4.126804472201843	0.6762595111937616	3.4505449610080814	2.7844186362900895e-06	0.0005719286159050139	0.0005417479131325436	0.024657922372086624	up_in_A
NPC_neuronal_like_malignant	GBM_vs_ndGBM	GBM	ndGBM	STIP1	17	7	7.235966430873245	5.998571421158675	1.2373950097145698	3.063931205050085e-06	1.1557219795206064e-05	0.0005885850628840518	0.003986190173001073	up_in_A
NPC_neuronal_like_malignant	GBM_vs_ndGBM	GBM	ndGBM	EWSR1	17	7	7.852252723418409	6.909960529526897	0.9422921938915119	4.02675648183762e-06	0.00026003744539213644	0.0007189418396278556	0.016173476521602715	up_in_A
NPC_neuronal_like_malignant	GBM_vs_ndGBM	GBM	ndGBM	IP6K2	17	7	8.305612269107256	7.335005997207792	0.9706062718994639	4.399288461558627e-06	6.93433187712364e-05	0.0007558657176436708	0.010217031123031878	up_in_A
NPC_neuronal_like_malignant	GBM_vs_ndGBM	GBM	ndGBM	CCM2	17	7	6.286957152555367	5.143880278650189	1.1430768739051773	4.767444103258335e-06	0.0007627765064836002	0.0008038970190116498	0.02782667370768057	up_in_A
NPC_neuronal_like_malignant	GBM_vs_ndGBM	GBM	ndGBM	GNB2	17	7	8.560825919926254	7.203253148724879	1.357572771201375	5.075609041287632e-06	5.778609897603032e-06	0.0008372548131584903	0.002657460115334049	up_in_A
NPC_neuronal_like_malignant	GBM_vs_ndGBM	GBM	ndGBM	HSPB1	17	7	10.286812419858322	7.477297825657758	2.8095145942005635	6.060948920947345e-06	6.93433187712364e-05	0.0009581350085864261	0.010217031123031878	up_in_A
NPC_neuronal_like_malignant	GBM_vs_ndGBM	GBM	ndGBM	UNC5A	17	7	2.204996742296793	0.0	2.204996742296793	7.3137802911275495e-06	0.0013882517382574316	0.0011325911193688948	0.04058843225326819	up_in_A
NPC_neuronal_like_malignant	GBM_vs_ndGBM	GBM	ndGBM	PTPRS	17	7	8.694403689700755	5.606165273184108	3.0882384165166465	8.61725420625841e-06	1.1557219795206064e-05	0.0012741913756486862	0.003986190173001073	up_in_A
NPC_neuronal_like_malignant	GBM_vs_ndGBM	GBM	ndGBM	RAN	17	7	9.177384394585568	8.329933823137782	0.8474505714477854	9.829511658102706e-06	0.00017335829692809098	0.0013895351479396231	0.013804511505499118	up_in_A
NPC_neuronal_like_malignant	GBM_vs_ndGBM	GBM	ndGBM	PPP2CA	17	7	7.796058254005034	6.865020695861226	0.9310375581438084	1.1729161910483963e-05	6.93433187712364e-05	0.0015752368243672973	0.010217031123031878	up_in_A
NPC_neuronal_like_malignant	GBM_vs_ndGBM	GBM	ndGBM	WDR18	17	7	6.253613764870064	5.214716292370789	1.0388974724992748	1.1932246471756306e-05	6.93433187712364e-05	0.0015884541443453833	0.010217031123031878	up_in_A
NPC_neuronal_like_malignant	GBM_vs_ndGBM	GBM	ndGBM	ARPC1A	17	7	7.887002487096017	7.06963522064611	0.8173672664499065	1.5118982493059904e-05	0.0003813882532418001	0.001880702281267845	0.01885325124168586	up_in_A
NPC_neuronal_like_malignant	GBM_vs_ndGBM	GBM	ndGBM	ATP6V1F	17	7	8.69797076444871	7.890768677041723	0.8072020874069876	1.6532786664052476e-05	4.045026928322123e-05	0.002007212563309283	0.007578682551137845	up_in_A
NPC_neuronal_like_malignant	GBM_vs_ndGBM	GBM	ndGBM	SBDS	17	7	7.97354221387267	7.157729422247763	0.8158127916249072	1.796234165782719e-05	0.000543189330374685	0.0021464291102298067	0.023552689365046342	up_in_A
NPC_neuronal_like_malignant	GBM_vs_ndGBM	GBM	ndGBM	EDARADD	17	7	3.304243408720316	0.52642459197809	2.7778188167422257	2.0295270440528785e-05	0.0004866922438935063	0.002406258001605194	0.02337354902951852	up_in_A
NPC_neuronal_like_malignant	GBM_vs_ndGBM	GBM	ndGBM	TMEM259	17	7	6.767868587791533	5.679985303692375	1.0878832840991581	2.2706384368707035e-05	0.00017335829692809098	0.00260923647285918	0.013804511505499118	up_in_A
NPC_neuronal_like_malignant	GBM_vs_ndGBM	GBM	ndGBM	UROD	17	7	6.405512067717421	5.111352174281825	1.2941598934355962	2.3711877688044148e-05	0.00017335829692809098	0.0026459665867188085	0.013804511505499118	up_in_A
NPC_neuronal_like_malignant	GBM_vs_ndGBM	GBM	ndGBM	HSPA1B	17	7	10.381850379016749	7.586849274972394	2.7950011040443545	2.543545350131203e-05	2.311443959041213e-05	0.002797162625622546	0.005945503986849059	up_in_A
NPC_neuronal_like_malignant	GBM_vs_ndGBM	GBM	ndGBM	RNF11	17	7	7.325355832920347	6.236825084959993	1.0885307479603537	2.5849242762446636e-05	0.0003813882532418001	0.0028222166054884183	0.01885325124168586	up_in_A
NPC_neuronal_like_malignant	GBM_vs_ndGBM	GBM	ndGBM	KCNQ2	17	7	7.4394420801145085	6.32198633702569	1.1174557430888186	3.144745919945791e-05	4.045026928322123e-05	0.0033373890965802326	0.007578682551137845	up_in_A
NPC_neuronal_like_malignant	GBM_vs_ndGBM	GBM	ndGBM	CNPY1	17	7	2.8780212751152376	0.0	2.8780212751152376	3.2901196356613466e-05	0.0026529444427324145	0.0034435072821239034	0.06054298475625132	up_in_A
NPC_neuronal_like_malignant	GBM_vs_ndGBM	GBM	ndGBM	EIF4A3	17	7	7.074009256259591	6.0215305520415265	1.052478704218064	3.348516321159241e-05	0.0010459283914661488	0.003480622170541962	0.03377236014657505	up_in_A
NPC_neuronal_like_malignant	GBM_vs_ndGBM	GBM	ndGBM	HSPE1	17	7	9.780299469414695	8.550077099320509	1.230222370094186	3.8120855569714916e-05	4.045026928322123e-05	0.003908933135986443	0.007578682551137845	up_in_A
NPC_neuronal_like_malignant	GBM_vs_ndGBM	GBM	ndGBM	MDH2	17	7	8.3294791835783	7.544373228791083	0.785105954787217	3.850867971968799e-05	0.0003813882532418001	0.003922199486080436	0.01885325124168586	up_in_A
NPC_neuronal_like_malignant	GBM_vs_ndGBM	GBM	ndGBM	UQCRC1	17	7	7.41893935963819	6.565498177537359	0.8534411821008314	4.126805987904527e-05	0.00026003744539213644	0.004120289978449941	0.016173476521602715	up_in_A
NPC_neuronal_like_malignant	GBM_vs_ndGBM	GBM	ndGBM	SSRP1	17	7	6.923190044188001	6.060123787539131	0.86306625664887	4.404424954597858e-05	0.00026003744539213644	0.004341486256656837	0.016173476521602715	up_in_A
NPC_neuronal_like_malignant	GBM_vs_ndGBM	GBM	ndGBM	DAZAP1	17	7	6.192729012482364	5.1751955720669045	1.01753344041546	4.405567234614872e-05	6.93433187712364e-05	0.004341486256656837	0.010217031123031878	up_in_A
NPC_neuronal_like_malignant	GBM_vs_ndGBM	GBM	ndGBM	TRABD2A	17	7	1.679011835711294	0.07354375942864715	1.6054680762826468	4.65823315707241e-05	0.004589360427133345	0.0045094784541876345	0.08291444505020909	up_in_A
NPC_neuronal_like_malignant	GBM_vs_ndGBM	GBM	ndGBM	CIZ1	17	7	5.663399624725067	4.806321636769843	0.8570779879552246	4.694897178186915e-05	0.00010979358805445762	0.0045094784541876345	0.0129164921884841	up_in_A
NPC_neuronal_like_malignant	GBM_vs_ndGBM	GBM	ndGBM	PABPC3	17	7	3.6442176210995574	0.0	3.6442176210995574	4.7965740175372964e-05	0.0013882517382574316	0.004544376006613063	0.04058843225326819	up_in_A
NPC_neuronal_like_malignant	GBM_vs_ndGBM	GBM	ndGBM	GNG10	17	7	1.1926900911528229	7.317541990750738	-6.124851899597915	1.009809014788945e-12	0.00011865718321409083	2.937901315607156e-09	0.013804511505499118	up_in_B
NPC_neuronal_like_malignant	GBM_vs_ndGBM	GBM	ndGBM	MIR99AHG	17	7	6.293910060669649	9.658033616834643	-3.3641235561649943	1.161531885453541e-12	5.778609897603032e-06	2.937901315607156e-09	0.002657460115334049	up_in_B
NPC_neuronal_like_malignant	GBM_vs_ndGBM	GBM	ndGBM	STRADA	17	7	1.3203718501922583	5.37284092934354	-4.052469079151281	1.9659617250484295e-11	0.0001593837882180453	4.221120797880719e-08	0.013804511505499118	up_in_B
NPC_neuronal_like_malignant	GBM_vs_ndGBM	GBM	ndGBM	TUBB3	17	7	2.402728153645164	9.947950976436832	-7.5452228227916684	2.225155929299272e-11	0.0001593837882180453	4.221120797880719e-08	0.013804511505499118	up_in_B
NPC_neuronal_like_malignant	GBM_vs_ndGBM	GBM	ndGBM	MRPL38	17	7	1.3302854413758032	5.64037676023093	-4.310091318855126	2.647152641974745e-11	0.0001484782468729802	4.463687610512081e-08	0.013804511505499118	up_in_B
NPC_neuronal_like_malignant	GBM_vs_ndGBM	GBM	ndGBM	NGRN	17	7	4.791787395791016	7.932733791902904	-3.1409463961118878	4.554290335968241e-11	5.778609897603032e-06	6.911591013865403e-08	0.002657460115334049	up_in_B
NPC_neuronal_like_malignant	GBM_vs_ndGBM	GBM	ndGBM	ZNF23	17	7	0.8007249006410286	4.450696114485134	-3.6499712138441054	4.747771501257325e-10	0.00010056092077690783	6.550198209371014e-07	0.0129164921884841	up_in_B
NPC_neuronal_like_malignant	GBM_vs_ndGBM	GBM	ndGBM	ABHD16A	17	7	1.40488265687709	5.682567360524016	-4.277684703646925	6.415631274325416e-10	0.00013481489797120705	8.113635018263543e-07	0.013804511505499118	up_in_B
NPC_neuronal_like_malignant	GBM_vs_ndGBM	GBM	ndGBM	EDC4	17	7	0.3341839296309741	4.106874751834305	-3.772690822203331	9.57855208744574e-10	6.218507146902616e-05	1.118185434454435e-06	0.010217031123031878	up_in_B
NPC_neuronal_like_malignant	GBM_vs_ndGBM	GBM	ndGBM	STAG2	17	7	5.577265504021926	6.95880745010228	-1.381541946080354	2.6302999016891097e-09	5.778609897603032e-06	2.4948394567521206e-06	0.002657460115334049	up_in_B
NPC_neuronal_like_malignant	GBM_vs_ndGBM	GBM	ndGBM	ZGPAT	17	7	0.2050885905896421	4.245240206861012	-4.04015161627137	3.5953532342012236e-09	2.8674968286245198e-05	3.0108466543839982e-06	0.007252855311867618	up_in_B
NPC_neuronal_like_malignant	GBM_vs_ndGBM	GBM	ndGBM	RNASEK	17	7	3.726033348403655	8.697764106692876	-4.971730758289221	4.3741128014128795e-09	0.00017828704896401075	3.0108466543839982e-06	0.013804511505499118	up_in_B
NPC_neuronal_like_malignant	GBM_vs_ndGBM	GBM	ndGBM	JPX	17	7	5.919503939271289	7.896684129408031	-1.9771801901367425	4.37751599367073e-09	5.778609897603032e-06	3.0108466543839982e-06	0.002657460115334049	up_in_B
NPC_neuronal_like_malignant	GBM_vs_ndGBM	GBM	ndGBM	RAVER1	17	7	1.0498381752222938	4.266062516720902	-3.2162243414986085	4.632119751602186e-09	0.0001545459413079554	3.0108466543839982e-06	0.013804511505499118	up_in_B
NPC_neuronal_like_malignant	GBM_vs_ndGBM	GBM	ndGBM	TRAPPC5	17	7	3.366005220306423	7.496808959960833	-4.130803739654411	4.7191231354626485e-09	5.778609897603032e-06	3.0108466543839982e-06	0.002657460115334049	up_in_B
NPC_neuronal_like_malignant	GBM_vs_ndGBM	GBM	ndGBM	PSMA6	17	7	4.092629755851525	7.290990515681167	-3.198360759829642	4.7517070086782035e-09	5.778609897603032e-06	3.0108466543839982e-06	0.002657460115334049	up_in_B
NPC_neuronal_like_malignant	GBM_vs_ndGBM	GBM	ndGBM	MRPS24	17	7	2.9047482063540464	7.789344280346269	-4.884596073992222	4.761486538298363e-09	0.0001765555281010932	3.0108466543839982e-06	0.013804511505499118	up_in_B
NPC_neuronal_like_malignant	GBM_vs_ndGBM	GBM	ndGBM	C18orf32	17	7	5.247658285601327	8.631754082723264	-3.3840957971219368	5.156683854415809e-09	5.778609897603032e-06	3.130313366984573e-06	0.002657460115334049	up_in_B
NPC_neuronal_like_malignant	GBM_vs_ndGBM	GBM	ndGBM	NME2	17	7	4.646392401074216	8.932375115752365	-4.285982714678148	6.129071639486036e-09	5.778609897603032e-06	3.57749196926308e-06	0.002657460115334049	up_in_B
NPC_neuronal_like_malignant	GBM_vs_ndGBM	GBM	ndGBM	PRH1	17	7	2.532711441979402	6.241380764751641	-3.708669322772239	8.087225827456807e-09	0.00022922070006451895	4.545619968795723e-06	0.016173476521602715	up_in_B
NPC_neuronal_like_malignant	GBM_vs_ndGBM	GBM	ndGBM	SARNP	17	7	4.744169443984125	7.375944470721964	-2.631775026737839	8.739136425403264e-09	5.778609897603032e-06	4.717512954383872e-06	0.002657460115334049	up_in_B
NPC_neuronal_like_malignant	GBM_vs_ndGBM	GBM	ndGBM	WBP1	17	7	1.8049773298653868	5.751001788864294	-3.9460244589989077	9.014751955530595e-09	0.00020564897173769623	4.717512954383872e-06	0.01576226664187514	up_in_B
NPC_neuronal_like_malignant	GBM_vs_ndGBM	GBM	ndGBM	FIRRE	17	7	1.5782545539808155	5.579810212266163	-4.001555658285348	9.536777657293373e-09	0.0002643157375732059	4.8243379242361406e-06	0.016372471973106012	up_in_B
NPC_neuronal_like_malignant	GBM_vs_ndGBM	GBM	ndGBM	UBE2V1	17	7	2.9637137745757367	7.152785832489975	-4.189072057914238	1.0933155660063238e-08	0.00017828704896401075	5.352308719261926e-06	0.013804511505499118	up_in_B
NPC_neuronal_like_malignant	GBM_vs_ndGBM	GBM	ndGBM	PROX1-AS1	17	7	0.7216790852400748	3.837247610310857	-3.115568525070782	1.4738234774110552e-08	0.0004167105372636828	6.98960784162193e-06	0.020466016548587866	up_in_B
NPC_neuronal_like_malignant	GBM_vs_ndGBM	GBM	ndGBM	DDX39B	17	7	4.211062126789713	7.504233867627294	-3.2931717408375807	1.6313789319764005e-08	5.778609897603032e-06	7.5023656580829865e-06	0.002657460115334049	up_in_B
NPC_neuronal_like_malignant	GBM_vs_ndGBM	GBM	ndGBM	HMGN4	17	7	2.966760867371367	6.034098967287392	-3.0673380999160247	1.9405912835481132e-08	0.00017828704896401075	8.661886270331225e-06	0.013804511505499118	up_in_B
NPC_neuronal_like_malignant	GBM_vs_ndGBM	GBM	ndGBM	TTC4	17	7	1.4044737541163406	4.508698945959505	-3.104225191843165	2.436765242321858e-08	0.0001593837882180453	1.0565814090707576e-05	0.013804511505499118	up_in_B
NPC_neuronal_like_malignant	GBM_vs_ndGBM	GBM	ndGBM	FTX	17	7	4.682261171625598	8.445780911870763	-3.7635197402451652	3.6215280996400544e-08	5.778609897603032e-06	1.4550269205146178e-05	0.002657460115334049	up_in_B
NPC_neuronal_like_malignant	GBM_vs_ndGBM	GBM	ndGBM	RELL1	17	7	0.5816475817302456	4.427001106724949	-3.845353524994703	3.8191107050062955e-08	8.137327508654727e-05	1.4861236938250138e-05	0.011761150692508965	up_in_B
NPC_neuronal_like_malignant	GBM_vs_ndGBM	GBM	ndGBM	GABARAP	17	7	4.167012515484735	9.409674266162162	-5.242661750677427	4.908499834491161e-08	0.0001765555281010932	1.8622848372059465e-05	0.013804511505499118	up_in_B
NPC_neuronal_like_malignant	GBM_vs_ndGBM	GBM	ndGBM	STX18-AS1	17	7	0.8761870082924935	4.2352385050671915	-3.359051496774698	5.240174427346603e-08	0.0001545459413079554	1.939631392912489e-05	0.013804511505499118	up_in_B
NPC_neuronal_like_malignant	GBM_vs_ndGBM	GBM	ndGBM	POLD4	17	7	1.3493974803263888	4.5376487329076705	-3.1882512525812814	7.580605711609148e-08	0.00013481489797120705	2.7205062852385956e-05	0.013804511505499118	up_in_B
NPC_neuronal_like_malignant	GBM_vs_ndGBM	GBM	ndGBM	ITPRIPL2	17	7	1.5072534338507482	4.027146665962411	-2.5198932321116625	7.708340159808883e-08	0.00016753009740783152	2.7205062852385956e-05	0.013804511505499118	up_in_B
NPC_neuronal_like_malignant	GBM_vs_ndGBM	GBM	ndGBM	LINC00623	17	7	2.1122466367505384	5.969227606079871	-3.8569809693293324	9.717909196709568e-08	0.0002769527826152094	3.351795226574191e-05	0.016947723503904912	up_in_B
NPC_neuronal_like_malignant	GBM_vs_ndGBM	GBM	ndGBM	PAGR1	17	7	2.016660373382008	5.726915200992514	-3.7102548276105063	9.94726454146834e-08	0.0001593837882180453	3.3546597040294116e-05	0.013804511505499118	up_in_B
NPC_neuronal_like_malignant	GBM_vs_ndGBM	GBM	ndGBM	PLEKHM3	17	7	0.9893185839468837	4.692810109351653	-3.703491525404769	1.158517581204675e-07	0.0001484782468729802	3.8221006113830754e-05	0.013804511505499118	up_in_B
NPC_neuronal_like_malignant	GBM_vs_ndGBM	GBM	ndGBM	SGK3	17	7	1.9977824054307614	4.735886188899988	-2.7381037834692266	1.6278556579558504e-07	0.00017312985022854623	5.2562420138591454e-05	0.013804511505499118	up_in_B
NPC_neuronal_like_malignant	GBM_vs_ndGBM	GBM	ndGBM	GNL3L	17	7	2.914831068013862	5.644239205903511	-2.729408137889649	1.8073062304229896e-07	0.00017828704896401075	5.5974855822243446e-05	0.013804511505499118	up_in_B
NPC_neuronal_like_malignant	GBM_vs_ndGBM	GBM	ndGBM	RWDD3	17	7	1.8773208092004803	5.028661587776868	-3.1513407785763876	2.015955843893163e-07	0.00021581740869630421	6.118829177384528e-05	0.016173476521602715	up_in_B
NPC_neuronal_like_malignant	GBM_vs_ndGBM	GBM	ndGBM	WNK3	17	7	4.81908610072748	6.31011946260696	-1.49103336187948	3.812566945877364e-07	4.045026928322123e-05	0.00010519911994660886	0.007578682551137845	up_in_B
NPC_neuronal_like_malignant	GBM_vs_ndGBM	GBM	ndGBM	CTTNBP2NL	17	7	5.012591097395687	6.0300137394198146	-1.017422642024128	4.196282423089019e-07	4.045026928322123e-05	0.00011172417903999816	0.007578682551137845	up_in_B
NPC_neuronal_like_malignant	GBM_vs_ndGBM	GBM	ndGBM	CYP51A1	17	7	2.6351106361085477	6.117233701213464	-3.482123065104916	4.5879118871253186e-07	0.0005978987295965012	0.0001180104250830743	0.025487952585271076	up_in_B
NPC_neuronal_like_malignant	GBM_vs_ndGBM	GBM	ndGBM	ZNF737	17	7	2.463200490657149	5.346180613979988	-2.882980123322839	5.158609442960802e-07	0.00029358097175952424	0.00012833943755143136	0.017403846982119296	up_in_B
NPC_neuronal_like_malignant	GBM_vs_ndGBM	GBM	ndGBM	ABHD5	17	7	2.697027440422406	5.625281449807157	-2.928254009384751	5.425682797231387e-07	0.0001765555281010932	0.000132806713114167	0.013804511505499118	up_in_B
NPC_neuronal_like_malignant	GBM_vs_ndGBM	GBM	ndGBM	DDX46	17	7	7.0168390292913525	7.831771329619328	-0.8149323003279756	5.636926662163615e-07	2.311443959041213e-05	0.00013578730003967464	0.005945503986849059	up_in_B
NPC_neuronal_like_malignant	GBM_vs_ndGBM	GBM	ndGBM	DBNDD2	17	7	0.32376694827387387	5.443357097265436	-5.119590148991563	6.314390048114103e-07	3.9083650567676734e-05	0.00014972997401590567	0.007578682551137845	up_in_B
NPC_neuronal_like_malignant	GBM_vs_ndGBM	GBM	ndGBM	BSCL2	17	7	2.7281906802872373	6.046083093840517	-3.3178924135532797	6.634327997655452e-07	0.0002856170184870672	0.00015254933589760477	0.017338095490238927	up_in_B
NPC_neuronal_like_malignant	GBM_vs_ndGBM	GBM	ndGBM	INO80D	17	7	4.072531531998177	5.593321517117739	-1.5207899851195625	1.1316266084980014e-06	2.311443959041213e-05	0.00025632187179948764	0.005945503986849059	up_in_B
NPC_neuronal_like_malignant	GBM_vs_ndGBM	GBM	ndGBM	RPL17	17	7	5.525276482595876	10.818710899074075	-5.293434416478199	1.158313149548083e-06	5.778609897603032e-06	0.00025850824055208396	0.002657460115334049	up_in_B
NPC_neuronal_like_malignant	GBM_vs_rGBM	GBM	rGBM	TUG1	17	4	6.004073674960729	0.0	6.004073674960729	9.547617592128623e-17	0.002611416978097721	1.4489464457814398e-12	0.10624061046025206	up_in_A
NPC_neuronal_like_malignant	GBM_vs_rGBM	GBM	rGBM	ATG9A	17	4	4.523274449970668	0.0	4.523274449970668	3.134080199258687e-15	0.002611416978097721	2.3781400551974916e-11	0.10624061046025206	up_in_A
NPC_neuronal_like_malignant	GBM_vs_rGBM	GBM	rGBM	RPS17	17	4	10.003748583242484	6.913680930436913	3.090067652805571	7.373760307277728e-14	0.0003341687552213868	3.73013954744156e-10	0.04297750024779463	up_in_A
NPC_neuronal_like_malignant	GBM_vs_rGBM	GBM	rGBM	TPT1-AS1	17	4	5.246268853539242	0.0	5.246268853539242	1.258102676810117e-13	0.002611416978097721	4.773241555817585e-10	0.10624061046025206	up_in_A
NPC_neuronal_like_malignant	GBM_vs_rGBM	GBM	rGBM	ABCF2	17	4	5.458980834339171	0.0	5.458980834339171	5.207036107590867e-11	0.004515460414543144	1.1288854281256999e-07	0.12150111214735242	up_in_A
NPC_neuronal_like_malignant	GBM_vs_rGBM	GBM	rGBM	PINX1	17	4	4.552980626072459	0.0	4.552980626072459	1.2784086444082182e-10	0.004515460414543144	2.1556810652821242e-07	0.12150111214735242	up_in_A
NPC_neuronal_like_malignant	GBM_vs_rGBM	GBM	rGBM	ECE2	17	4	3.6316440241959365	0.0	3.6316440241959365	2.0623643621502585e-10	0.002611416978097721	3.129844155999232e-07	0.10624061046025206	up_in_A
NPC_neuronal_like_malignant	GBM_vs_rGBM	GBM	rGBM	LINC-PINT	17	4	4.044117414334315	0.0	4.044117414334315	2.947945103938413e-10	0.004515460414543144	4.0670922633972143e-07	0.12150111214735242	up_in_A
NPC_neuronal_like_malignant	GBM_vs_rGBM	GBM	rGBM	HOXC10	17	4	4.546902501567271	0.0	4.546902501567271	1.4244887386326228e-09	0.004515460414543144	1.6629262382683602e-06	0.12150111214735242	up_in_A
NPC_neuronal_like_malignant	GBM_vs_rGBM	GBM	rGBM	NICN1	17	4	3.671710050404857	0.0	3.671710050404857	9.398625871515581e-09	0.004515460414543144	7.924085901451136e-06	0.12150111214735242	up_in_A
NPC_neuronal_like_malignant	GBM_vs_rGBM	GBM	rGBM	NACA2	17	4	5.653319773797086	0.0	5.653319773797086	1.252578412541174e-08	0.002611416978097721	9.05196666129755e-06	0.10624061046025206	up_in_A
NPC_neuronal_like_malignant	GBM_vs_rGBM	GBM	rGBM	EDARADD	17	4	3.304243408720316	0.0	3.304243408720316	1.4299509140784416e-08	0.004515460414543144	9.864061396388378e-06	0.12150111214735242	up_in_A
NPC_neuronal_like_malignant	GBM_vs_rGBM	GBM	rGBM	FKBP1C	17	4	4.566347802258165	0.0	4.566347802258165	2.6378528276070185e-08	0.004515460414543144	1.6012821804705645e-05	0.12150111214735242	up_in_A
NPC_neuronal_like_malignant	GBM_vs_rGBM	GBM	rGBM	POLDIP2	17	4	6.266758629077543	4.80482543569133	1.461933193386213	3.016186371824169e-08	0.0040100250626566416	1.6875313475220466e-05	0.11099372123334353	up_in_A
NPC_neuronal_like_malignant	GBM_vs_rGBM	GBM	rGBM	ZNF790-AS1	17	4	3.6728019913792274	0.0	3.6728019913792274	3.11352647144289e-08	0.004515460414543144	1.6875313475220466e-05	0.12150111214735242	up_in_A
NPC_neuronal_like_malignant	GBM_vs_rGBM	GBM	rGBM	MIF-AS1	17	4	3.6163864609901917	0.0	3.6163864609901917	3.657480443689895e-08	0.004515460414543144	1.8724590275863225e-05	0.12150111214735242	up_in_A
NPC_neuronal_like_malignant	GBM_vs_rGBM	GBM	rGBM	DLEU1	17	4	3.6082053894848922	0.0	3.6082053894848922	3.7014872711906744e-08	0.007525905089982937	1.8724590275863225e-05	0.14931986454686336	up_in_A
NPC_neuronal_like_malignant	GBM_vs_rGBM	GBM	rGBM	RPL31	17	4	10.232433519672805	8.39852636859095	1.8339071510818545	6.267539777864877e-08	0.0003341687552213868	2.8830942018471617e-05	0.04297750024779463	up_in_A
NPC_neuronal_like_malignant	GBM_vs_rGBM	GBM	rGBM	HOXC-AS1	17	4	4.187947060361502	0.0	4.187947060361502	8.269241228775779e-08	0.007525905089982937	3.391729861835168e-05	0.14931986454686336	up_in_A
NPC_neuronal_like_malignant	GBM_vs_rGBM	GBM	rGBM	UQCRHL	17	4	6.321803082741349	2.4374622552892853	3.8843408274520637	2.2774668549341745e-07	0.0003341687552213868	7.680630442329119e-05	0.04297750024779463	up_in_A
NPC_neuronal_like_malignant	GBM_vs_rGBM	GBM	rGBM	RPS20	17	4	10.062088368175763	8.945300132207295	1.1167882359684675	2.984705905982054e-07	0.0013366750208855473	9.688476324217499e-05	0.0786255043292987	up_in_A
NPC_neuronal_like_malignant	GBM_vs_rGBM	GBM	rGBM	RAD50	17	4	5.991901698659479	3.565543329030285	2.426358369629194	3.0005165210742125e-07	0.0003341687552213868	9.688476324217499e-05	0.04297750024779463	up_in_A
NPC_neuronal_like_malignant	GBM_vs_rGBM	GBM	rGBM	MAP6D1	17	4	3.3167385893676578	0.0	3.3167385893676578	5.994734817759142e-07	0.012107295228823093	0.00015969289139365305	0.17520995219412666	up_in_A
NPC_neuronal_like_malignant	GBM_vs_rGBM	GBM	rGBM	HNRNPA1L2	17	4	6.205979762433366	3.369310835162941	2.8366689272704253	8.490799401787337e-07	0.0003341687552213868	0.0002045339233674994	0.04297750024779463	up_in_A
NPC_neuronal_like_malignant	GBM_vs_rGBM	GBM	rGBM	PRR4	17	4	3.850362751420679	0.0	3.850362751420679	9.558600993683367e-07	0.012107295228823093	0.00021650944579125193	0.17520995219412666	up_in_A
NPC_neuronal_like_malignant	GBM_vs_rGBM	GBM	rGBM	LINC00339	17	4	3.1479289830936934	0.0	3.1479289830936934	1.098372732655541e-06	0.012107295228823093	0.00024157832740261578	0.17520995219412666	up_in_A
NPC_neuronal_like_malignant	GBM_vs_rGBM	GBM	rGBM	ASB3	17	4	4.721068513520718	3.5715615629750435	1.1495069505456748	1.4981199145630663e-06	0.0013366750208855473	0.0003157703864362374	0.0786255043292987	up_in_A
NPC_neuronal_like_malignant	GBM_vs_rGBM	GBM	rGBM	DIABLO	17	4	2.899259880412886	0.0	2.899259880412886	1.5670811692762469e-06	0.012107295228823093	0.00032578114828679894	0.17520995219412666	up_in_A
NPC_neuronal_like_malignant	GBM_vs_rGBM	GBM	rGBM	TJP2	17	4	2.3571572097350515	0.0	2.3571572097350515	2.0521514804535944e-06	0.012107295228823093	0.00041524601156485	0.17520995219412666	up_in_A
NPC_neuronal_like_malignant	GBM_vs_rGBM	GBM	rGBM	HOXA4	17	4	3.908424245217004	0.0	3.908424245217004	2.639946028269557e-06	0.018834391847499146	0.0005098056624082647	0.21442665467190328	up_in_A
NPC_neuronal_like_malignant	GBM_vs_rGBM	GBM	rGBM	AKR1B1	17	4	7.895274094954596	6.831604774950588	1.0636693200040082	2.6538381213925223e-06	0.0023391812865497076	0.0005098056624082647	0.1017175220764423	up_in_A
NPC_neuronal_like_malignant	GBM_vs_rGBM	GBM	rGBM	HNRNPA0	17	4	9.045635649782483	8.301700975782907	0.7439346739995756	3.165382021826293e-06	0.0003341687552213868	0.0005672288769367896	0.04297750024779463	up_in_A
NPC_neuronal_like_malignant	GBM_vs_rGBM	GBM	rGBM	HOXC11	17	4	2.494121169625017	0.0	2.494121169625017	3.2458379694027416e-06	0.012107295228823093	0.0005727771746936745	0.17520995219412666	up_in_A
NPC_neuronal_like_malignant	GBM_vs_rGBM	GBM	rGBM	FAM43B	17	4	2.264191410677686	0.0	2.264191410677686	3.8106015607649636e-06	0.012107295228823093	0.0006571555600701032	0.17520995219412666	up_in_A
NPC_neuronal_like_malignant	GBM_vs_rGBM	GBM	rGBM	UNC119	17	4	5.514224784850079	3.7956400465725126	1.718584738277566	4.482651626759359e-06	0.0003341687552213868	0.0007136955209185192	0.04297750024779463	up_in_A
NPC_neuronal_like_malignant	GBM_vs_rGBM	GBM	rGBM	TFAP2A	17	4	3.6872754938111996	0.0	3.6872754938111996	5.098667871286699e-06	0.012107295228823093	0.0007698340470802489	0.17520995219412666	up_in_A
NPC_neuronal_like_malignant	GBM_vs_rGBM	GBM	rGBM	OAS3	17	4	2.220338112559156	0.0	2.220338112559156	5.630202506553738e-06	0.012107295228823093	0.0008215764734563416	0.17520995219412666	up_in_A
NPC_neuronal_like_malignant	GBM_vs_rGBM	GBM	rGBM	HOXC13	17	4	2.6753901255599035	0.0	2.6753901255599035	6.300100180070526e-06	0.018834391847499146	0.000885280743821762	0.21442665467190328	up_in_A
NPC_neuronal_like_malignant	GBM_vs_rGBM	GBM	rGBM	ADHFE1	17	4	2.1814261692725068	0.0	2.1814261692725068	6.778376580437767e-06	0.007525905089982937	0.0009267445313939059	0.14931986454686336	up_in_A
NPC_neuronal_like_malignant	GBM_vs_rGBM	GBM	rGBM	POU4F1	17	4	3.575550803222756	0.0	3.575550803222756	8.55930122470005e-06	0.012107295228823093	0.0010824662948837331	0.17520995219412666	up_in_A
NPC_neuronal_like_malignant	GBM_vs_rGBM	GBM	rGBM	MRPS6	17	4	7.274316419162936	6.304371718288137	0.969944700874799	9.870630927039231e-06	0.0006683375104427736	0.0011901402057977364	0.05698140482291872	up_in_A
NPC_neuronal_like_malignant	GBM_vs_rGBM	GBM	rGBM	WSB1	17	4	8.594665357986688	7.51036123253998	1.0843041254467085	1.001620695846753e-05	0.0013366750208855473	0.0011901402057977364	0.0786255043292987	up_in_A
NPC_neuronal_like_malignant	GBM_vs_rGBM	GBM	rGBM	LINC00205	17	4	3.149979113895897	0.0	3.149979113895897	1.0020558154733963e-05	0.018834391847499146	0.0011901402057977364	0.21442665467190328	up_in_A
NPC_neuronal_like_malignant	GBM_vs_rGBM	GBM	rGBM	MIR210HG	17	4	2.775890503452277	0.0	2.775890503452277	1.0660142760307956e-05	0.012107295228823093	0.0012255933828063147	0.17520995219412666	up_in_A
NPC_neuronal_like_malignant	GBM_vs_rGBM	GBM	rGBM	UBAP1	17	4	5.458519988885625	3.803426158896265	1.6550938299893598	1.1709993972308208e-05	0.0006683375104427736	0.001326200511371264	0.05698140482291872	up_in_A
NPC_neuronal_like_malignant	GBM_vs_rGBM	GBM	rGBM	OAZ1	17	4	9.704505681439063	9.085499237614865	0.6190064438241976	1.218020779381187e-05	0.0013366750208855473	0.0013591678932271245	0.0786255043292987	up_in_A
NPC_neuronal_like_malignant	GBM_vs_rGBM	GBM	rGBM	TMED2	17	4	7.941442090356689	6.844384212869549	1.0970578774871393	1.3302727281948878e-05	0.0003341687552213868	0.0014523898505816992	0.04297750024779463	up_in_A
NPC_neuronal_like_malignant	GBM_vs_rGBM	GBM	rGBM	AMZ2	17	4	6.7561820557935475	5.281395778022503	1.4747862777710443	1.6131126060548002e-05	0.0040100250626566416	0.0016540943857761925	0.11099372123334353	up_in_A
NPC_neuronal_like_malignant	GBM_vs_rGBM	GBM	rGBM	LINC00863	17	4	2.597329184928718	0.0	2.597329184928718	1.6975575132568244e-05	0.012107295228823093	0.001714176623052332	0.17520995219412666	up_in_A
NPC_neuronal_like_malignant	GBM_vs_rGBM	GBM	rGBM	PROM1	17	4	2.4906606380963283	0.0	2.4906606380963283	1.7055921855620856e-05	0.012107295228823093	0.001714176623052332	0.17520995219412666	up_in_A
NPC_neuronal_like_malignant	GBM_vs_rGBM	GBM	rGBM	CCDC168	17	4	0.1952515750197447	2.181959263291286	-1.9867076882715413	1.3522139740827875e-11	0.00035089976402158325	4.1042398541360765e-08	0.04475004049404662	up_in_B
NPC_neuronal_like_malignant	GBM_vs_rGBM	GBM	rGBM	BOD1L1	17	4	5.847148322423024	8.094691675867304	-2.2475433534442804	3.5914113912075475e-11	0.0003341687552213868	9.08387654549429e-08	0.04297750024779463	up_in_B
NPC_neuronal_like_malignant	GBM_vs_rGBM	GBM	rGBM	MAML2	17	4	5.2414622842611	7.819680646090655	-2.5782183618295544	6.521484705430392e-11	0.0003341687552213868	1.2371256486201452e-07	0.04297750024779463	up_in_B
NPC_neuronal_like_malignant	GBM_vs_rGBM	GBM	rGBM	TEAD3	17	4	0.28243812919644945	2.181959263291286	-1.8995211340948366	4.3991733657343834e-10	0.0017723455398537394	5.563487916532083e-07	0.1017175220764423	up_in_B
NPC_neuronal_like_malignant	GBM_vs_rGBM	GBM	rGBM	BPTF	17	4	7.003562261668372	8.657075480580964	-1.6535132189125923	1.823072004011937e-09	0.0003341687552213868	1.9762100523489397e-06	0.04297750024779463	up_in_B
NPC_neuronal_like_malignant	GBM_vs_rGBM	GBM	rGBM	NRXN1	17	4	7.475759429562624	9.444993807504911	-1.9692343779422874	6.357391184141286e-09	0.0003341687552213868	6.43198457403521e-06	0.04297750024779463	up_in_B
NPC_neuronal_like_malignant	GBM_vs_rGBM	GBM	rGBM	ARHGAP42	17	4	1.9076179213038913	5.313693700717627	-3.4060757794137357	7.169699967515803e-09	0.002662466543079686	6.800460419188739e-06	0.10624061046025206	up_in_B
NPC_neuronal_like_malignant	GBM_vs_rGBM	GBM	rGBM	KANTR	17	4	1.0128559146658176	4.134259541108202	-3.121403626442384	8.545283852033203e-09	0.002239971917026121	7.628425161085641e-06	0.1017175220764423	up_in_B
NPC_neuronal_like_malignant	GBM_vs_rGBM	GBM	rGBM	NIPBL	17	4	5.648484932256316	7.161491948456779	-1.5130070162004623	1.13783640531385e-08	0.0003341687552213868	9.05196666129755e-06	0.04297750024779463	up_in_B
NPC_neuronal_like_malignant	GBM_vs_rGBM	GBM	rGBM	PRH1	17	4	2.532711441979402	6.047863580567528	-3.515152138588126	1.2460122569489572e-08	0.0026882178714244063	9.05196666129755e-06	0.10624061046025206	up_in_B
NPC_neuronal_like_malignant	GBM_vs_rGBM	GBM	rGBM	JAK1	17	4	5.461195218029554	6.566901566036937	-1.1057063480073825	1.6532623551934552e-08	0.0003341687552213868	1.0682978096108924e-05	0.04297750024779463	up_in_B
NPC_neuronal_like_malignant	GBM_vs_rGBM	GBM	rGBM	MKLN1	17	4	6.146821698839405	7.542080651316798	-1.395258952477393	1.68945357344896e-08	0.0003341687552213868	1.0682978096108924e-05	0.04297750024779463	up_in_B
NPC_neuronal_like_malignant	GBM_vs_rGBM	GBM	rGBM	BTBD8	17	4	0.9153863828602128	5.4825353927541975	-4.567149009893985	2.9706476909172053e-08	0.0011922349207647192	1.6875313475220466e-05	0.0786255043292987	up_in_B
NPC_neuronal_like_malignant	GBM_vs_rGBM	GBM	rGBM	LFNG	17	4	1.6450281596680436	5.139462708177296	-3.4944345485092527	4.6829398080277365e-08	0.0024051869771478163	2.292525629891256e-05	0.10369635671930472	up_in_B
NPC_neuronal_like_malignant	GBM_vs_rGBM	GBM	rGBM	APC	17	4	6.491641430550121	8.306689471787971	-1.8150480412378496	6.269248066747255e-08	0.0003341687552213868	2.8830942018471617e-05	0.04297750024779463	up_in_B
NPC_neuronal_like_malignant	GBM_vs_rGBM	GBM	rGBM	GRIA2	17	4	7.575051954237296	9.339319600243506	-1.7642676460062106	7.10695635559383e-08	0.0003341687552213868	3.172210872132116e-05	0.04297750024779463	up_in_B
NPC_neuronal_like_malignant	GBM_vs_rGBM	GBM	rGBM	ZNF292	17	4	6.847951847174869	8.51145589473629	-1.6635040475614211	7.555424618505547e-08	0.0003341687552213868	3.276032114584005e-05	0.04297750024779463	up_in_B
NPC_neuronal_like_malignant	GBM_vs_rGBM	GBM	rGBM	KANSL1	17	4	5.61843554290212	7.390454745811018	-1.772019202908898	7.98413268132565e-08	0.0003341687552213868	3.365755488105502e-05	0.04297750024779463	up_in_B
NPC_neuronal_like_malignant	GBM_vs_rGBM	GBM	rGBM	METRN	17	4	6.861115707322055	9.787339755306032	-2.926224047983977	8.516841867109881e-08	0.0003341687552213868	3.40135768882262e-05	0.04297750024779463	up_in_B
NPC_neuronal_like_malignant	GBM_vs_rGBM	GBM	rGBM	DST	17	4	7.305117783093611	8.696364509174982	-1.3912467260813708	1.1023304173792141e-07	0.0006683375104427736	4.289478567729988e-05	0.05698140482291872	up_in_B
NPC_neuronal_like_malignant	GBM_vs_rGBM	GBM	rGBM	MRC2	17	4	1.6887511305630478	4.827688480865142	-3.138937350302094	1.309639794488445e-07	0.0025276739181713343	4.96877338028916e-05	0.10624061046025206	up_in_B
NPC_neuronal_like_malignant	GBM_vs_rGBM	GBM	rGBM	HERC1	17	4	4.977730118837563	6.475987242021367	-1.4982571231838042	1.525775071065752e-07	0.0023391812865497076	5.647600604510695e-05	0.1017175220764423	up_in_B
NPC_neuronal_like_malignant	GBM_vs_rGBM	GBM	rGBM	SPTLC1	17	4	3.7325578389168568	5.969220407876588	-2.236662568959731	1.8469214190549038e-07	0.0003341687552213868	6.673542727518385e-05	0.04297750024779463	up_in_B
NPC_neuronal_like_malignant	GBM_vs_rGBM	GBM	rGBM	LRP3	17	4	4.352798658295229	6.930196377884039	-2.5773977195888103	2.2232693471221993e-07	0.0003341687552213868	7.680630442329119e-05	0.04297750024779463	up_in_B
NPC_neuronal_like_malignant	GBM_vs_rGBM	GBM	rGBM	SOX9	17	4	6.621357765359664	8.448932007622748	-1.8275742422630836	2.2517647550381796e-07	0.0006683375104427736	7.680630442329119e-05	0.05698140482291872	up_in_B
NPC_neuronal_like_malignant	GBM_vs_rGBM	GBM	rGBM	ATXN7L3B	17	4	6.142146667723989	7.768772083792431	-1.6266254160684417	3.4052955498519844e-07	0.0003341687552213868	0.0001059010598977461	0.04297750024779463	up_in_B
NPC_neuronal_like_malignant	GBM_vs_rGBM	GBM	rGBM	ERCC6	17	4	1.4826138225650163	4.098959035529342	-2.6163452129643257	3.4193146645951227e-07	0.0024051869771478163	0.0001059010598977461	0.10369635671930472	up_in_B
NPC_neuronal_like_malignant	GBM_vs_rGBM	GBM	rGBM	PRTG	17	4	1.020914853064745	3.8517552855638932	-2.8308404324991483	3.5760753242929184e-07	0.0038413538649084726	0.00010854103824293866	0.11099372123334353	up_in_B
NPC_neuronal_like_malignant	GBM_vs_rGBM	GBM	rGBM	SEPHS2	17	4	2.6205728801421806	5.883718801668774	-3.2631459215265934	4.1016747723460995e-07	0.002662466543079686	0.00012106495325300224	0.10624061046025206	up_in_B
NPC_neuronal_like_malignant	GBM_vs_rGBM	GBM	rGBM	KRAS	17	4	6.239587584978454	7.0879562190266485	-0.8483686340481942	4.1482456307038197e-07	0.0023391812865497076	0.00012106495325300224	0.1017175220764423	up_in_B
NPC_neuronal_like_malignant	GBM_vs_rGBM	GBM	rGBM	LRRTM3	17	4	1.9263528250908601	5.226373716732327	-3.3000208916414673	4.261124084553592e-07	0.0024051869771478163	0.00012201286623997229	0.10369635671930472	up_in_B
NPC_neuronal_like_malignant	GBM_vs_rGBM	GBM	rGBM	MYO10	17	4	4.814196108394612	7.189432870170469	-2.3752367617758567	5.273964288800477e-07	0.0003341687552213868	0.00014821792971636305	0.04297750024779463	up_in_B
NPC_neuronal_like_malignant	GBM_vs_rGBM	GBM	rGBM	ABHD5	17	4	2.697027440422406	5.619478924293403	-2.9224514838709967	5.424316869934959e-07	0.002662466543079686	0.00014967169603296898	0.10624061046025206	up_in_B
NPC_neuronal_like_malignant	GBM_vs_rGBM	GBM	rGBM	GNAS	17	4	9.63402584155619	11.567634251881374	-1.933608410325185	5.997953880757923e-07	0.0003341687552213868	0.00015969289139365305	0.04297750024779463	up_in_B
NPC_neuronal_like_malignant	GBM_vs_rGBM	GBM	rGBM	ITGB8	17	4	5.5189241011502945	7.764057166568455	-2.2451330654181607	6.55374966005997e-07	0.0003341687552213868	0.00017148224972598296	0.04297750024779463	up_in_B
NPC_neuronal_like_malignant	GBM_vs_rGBM	GBM	rGBM	RAB3GAP2	17	4	4.899946761704583	5.956140098920693	-1.0561933372161105	7.371577751411994e-07	0.0003341687552213868	0.00018961197280581088	0.04297750024779463	up_in_B
NPC_neuronal_like_malignant	GBM_vs_rGBM	GBM	rGBM	KMT2A	17	4	6.757555026785346	7.774102484082427	-1.0165474572970803	7.603936529875769e-07	0.0003341687552213868	0.00019032123277327876	0.04297750024779463	up_in_B
NPC_neuronal_like_malignant	GBM_vs_rGBM	GBM	rGBM	ZNF24	17	4	6.354967080012004	7.2372717805592135	-0.8823047005472091	7.649970479157884e-07	0.0040100250626566416	0.00019032123277327876	0.11099372123334353	up_in_B
NPC_neuronal_like_malignant	GBM_vs_rGBM	GBM	rGBM	CLPB	17	4	2.4966805952616196	5.0915049870081015	-2.594824391746482	7.990269525866032e-07	0.002662466543079686	0.00019558117794281113	0.10624061046025206	up_in_B
NPC_neuronal_like_malignant	GBM_vs_rGBM	GBM	rGBM	RSF1	17	4	7.499582820715574	8.589557660421509	-1.0899748397059348	8.837062351808049e-07	0.0003341687552213868	0.00020915538191039327	0.04297750024779463	up_in_B
NPC_neuronal_like_malignant	GBM_vs_rGBM	GBM	rGBM	PRR14L	17	4	4.464727580793866	5.842963431291812	-1.378235850497946	8.969868755352974e-07	0.0003341687552213868	0.00020915538191039327	0.04297750024779463	up_in_B
NPC_neuronal_like_malignant	GBM_vs_rGBM	GBM	rGBM	INO80D	17	4	4.072531531998177	5.637435078887751	-1.5649035468895747	9.096109123672875e-07	0.0003341687552213868	0.00020915538191039327	0.04297750024779463	up_in_B
NPC_neuronal_like_malignant	GBM_vs_rGBM	GBM	rGBM	LRP6	17	4	5.026027213245628	6.514654305766072	-1.488627092520444	1.0872073416632632e-06	0.0013366750208855473	0.00024157832740261578	0.0786255043292987	up_in_B
NPC_neuronal_like_malignant	GBM_vs_rGBM	GBM	rGBM	PHF3	17	4	5.257324123347344	6.811854908096667	-1.554530784749323	1.183616560983626e-06	0.0003341687552213868	0.0002566080704212501	0.04297750024779463	up_in_B
NPC_neuronal_like_malignant	GBM_vs_rGBM	GBM	rGBM	TOMM20	17	4	7.663451948232371	8.667496287850444	-1.0040443396180727	1.270101980030068e-06	0.0003341687552213868	0.00027147982604135655	0.04297750024779463	up_in_B
NPC_neuronal_like_malignant	GBM_vs_rGBM	GBM	rGBM	SEMA5A	17	4	4.338319947797272	7.147027346542733	-2.8087073987454607	1.5893590383611239e-06	0.0006683375104427736	0.0003259474698130867	0.05698140482291872	up_in_B
NPC_neuronal_like_malignant	GBM_vs_rGBM	GBM	rGBM	AFF4	17	4	6.713095845410295	7.375171617026249	-0.662075771615954	2.379042496929821e-06	0.0040100250626566416	0.0004750572228079864	0.11099372123334353	up_in_B
NPC_neuronal_like_malignant	GBM_vs_rGBM	GBM	rGBM	PUM1	17	4	6.22443685141128	7.233255377686352	-1.0088185262750722	2.42164012733678e-06	0.0040100250626566416	0.00047728325418783084	0.11099372123334353	up_in_B
NPC_neuronal_like_malignant	GBM_vs_rGBM	GBM	rGBM	HNRNPU	17	4	8.189524922281452	8.986504008345477	-0.7969790860640256	2.695449300826943e-06	0.0003341687552213868	0.0005113267323668711	0.04297750024779463	up_in_B
NPC_neuronal_like_malignant	GBM_vs_rGBM	GBM	rGBM	ARHGAP21	17	4	6.1291396426019915	7.7499601784739545	-1.620820535871963	2.8147990881361265e-06	0.006015037593984963	0.0005273751970562205	0.1305925758602515	up_in_B
NPC_neuronal_like_malignant	LGG_vs_ndGBM	LGG	ndGBM	LINC01411	3	7	4.687908266013868	0.2953236066642186	4.39258465934965	1.1065920174246592e-07	0.01504380933153149	0.00039840283674137894	0.175040369088812	up_in_A
NPC_neuronal_like_malignant	LGG_vs_ndGBM	LGG	ndGBM	SOX8	3	7	8.816939805339562	5.718809408590752	3.09813039674881	7.55336921681343e-07	0.016666666666666666	0.0011462993123436062	0.175040369088812	up_in_A
NPC_neuronal_like_malignant	LGG_vs_ndGBM	LGG	ndGBM	SLITRK5	3	7	6.345485203053623	0.7850160038269293	5.560469199226693	1.3930320318891933e-06	0.01869359769155256	0.0015576293723462919	0.18447959975480005	up_in_A
NPC_neuronal_like_malignant	LGG_vs_ndGBM	LGG	ndGBM	GLUD1	3	7	6.141408482638901	4.071416063753828	2.0699924188850725	1.7577624872101289e-06	0.016666666666666666	0.001652883344599761	0.175040369088812	up_in_A
NPC_neuronal_like_malignant	LGG_vs_ndGBM	LGG	ndGBM	APBB2	3	7	6.53076776082981	4.1214423952691375	2.4093253655606723	3.45172334207805e-06	0.016666666666666666	0.002179212956067174	0.175040369088812	up_in_A
NPC_neuronal_like_malignant	LGG_vs_ndGBM	LGG	ndGBM	SLIT1	3	7	7.469068555578073	4.720552467919063	2.7485160876590102	3.5768688302928572e-06	0.016666666666666666	0.002179212956067174	0.175040369088812	up_in_A
NPC_neuronal_like_malignant	LGG_vs_ndGBM	LGG	ndGBM	KCNQ5	3	7	2.5950734051628515	0.18293786102588427	2.412135544136967	3.589900098950933e-06	0.010235712391270748	0.002179212956067174	0.175040369088812	up_in_A
NPC_neuronal_like_malignant	LGG_vs_ndGBM	LGG	ndGBM	ST8SIA1	3	7	6.729265046412107	4.7116925297940595	2.0175725166180474	3.948934881920226e-06	0.016666666666666666	0.0023049629141546676	0.175040369088812	up_in_A
NPC_neuronal_like_malignant	LGG_vs_ndGBM	LGG	ndGBM	ACSL6	3	7	5.996571946630013	3.0234297631112077	2.973142183518805	4.9647515798639525e-06	0.016666666666666666	0.0027905581472598274	0.175040369088812	up_in_A
NPC_neuronal_like_malignant	LGG_vs_ndGBM	LGG	ndGBM	ZNF33A	3	7	7.10720210834605	5.793934041563901	1.3132680667821495	5.851976165084619e-06	0.016666666666666666	0.0029278244213719216	0.175040369088812	up_in_A
NPC_neuronal_like_malignant	LGG_vs_ndGBM	LGG	ndGBM	TFAM	3	7	6.984245350372763	5.594324281041744	1.3899210693310193	6.341899701954778e-06	0.016666666666666666	0.0029278244213719216	0.175040369088812	up_in_A
NPC_neuronal_like_malignant	LGG_vs_ndGBM	LGG	ndGBM	MB21D2	3	7	5.538540143873315	3.36837386219813	2.1701662816751854	6.36651330424838e-06	0.016666666666666666	0.0029278244213719216	0.175040369088812	up_in_A
NPC_neuronal_like_malignant	LGG_vs_ndGBM	LGG	ndGBM	METTL16	3	7	6.134175868546201	4.7501608440767304	1.3840150244694707	7.223389945056478e-06	0.016666666666666666	0.002981385825791955	0.175040369088812	up_in_A
NPC_neuronal_like_malignant	LGG_vs_ndGBM	LGG	ndGBM	PDE8B	3	7	6.485235151131387	2.013647839994398	4.4715873111369895	7.936137130102524e-06	0.016666666666666666	0.0030109704271608978	0.175040369088812	up_in_A
NPC_neuronal_like_malignant	LGG_vs_ndGBM	LGG	ndGBM	PSMC5	3	7	7.681524107732706	6.89683030169457	0.7846938060381357	8.236483010944514e-06	0.016666666666666666	0.0030487040530266817	0.175040369088812	up_in_A
NPC_neuronal_like_malignant	LGG_vs_ndGBM	LGG	ndGBM	PCBP3	3	7	4.923676520533797	0.05182039737820056	4.871856123155596	8.954724159297387e-06	0.010235712391270748	0.0031406197569720865	0.175040369088812	up_in_A
NPC_neuronal_like_malignant	LGG_vs_ndGBM	LGG	ndGBM	CHGB	3	7	8.045930273669837	5.607339354310504	2.438590919359333	9.105645051843161e-06	0.016666666666666666	0.0031406197569720865	0.175040369088812	up_in_A
NPC_neuronal_like_malignant	LGG_vs_ndGBM	LGG	ndGBM	MT-CO3	3	7	14.231929624394573	12.267259089545382	1.9646705348491906	1.0559699959006565e-05	0.016666666666666666	0.003443748461228698	0.175040369088812	up_in_A
NPC_neuronal_like_malignant	LGG_vs_ndGBM	LGG	ndGBM	TNK2	3	7	7.707561845860635	4.620284331847545	3.08727751401309	1.0767206253016116e-05	0.016666666666666666	0.003443748461228698	0.175040369088812	up_in_A
NPC_neuronal_like_malignant	LGG_vs_ndGBM	LGG	ndGBM	TUSC3	3	7	6.1528881667993	0.8047991528010853	5.348089013998214	1.2474528321194964e-05	0.01869359769155256	0.00374905188488923	0.18447959975480005	up_in_A
NPC_neuronal_like_malignant	LGG_vs_ndGBM	LGG	ndGBM	SCD5	3	7	9.483177075092286	6.871309253955806	2.61186782113648	1.60679604868679e-05	0.016666666666666666	0.004381955402016356	0.175040369088812	up_in_A
NPC_neuronal_like_malignant	LGG_vs_ndGBM	LGG	ndGBM	DPP6	3	7	7.701801045838736	5.953238557033944	1.748562488804792	1.636097299823853e-05	0.016666666666666666	0.004381955402016356	0.175040369088812	up_in_A
NPC_neuronal_like_malignant	LGG_vs_ndGBM	LGG	ndGBM	BEND4	3	7	3.649523043282827	0.20586619646961646	3.4436568468132105	1.7897414299999616e-05	0.010235712391270748	0.0046829510244274855	0.175040369088812	up_in_A
NPC_neuronal_like_malignant	LGG_vs_ndGBM	LGG	ndGBM	DTWD2	3	7	4.341008765992989	0.5256366861812131	3.8153720798117754	2.0586128642851745e-05	0.01504380933153149	0.00480638597359874	0.175040369088812	up_in_A
NPC_neuronal_like_malignant	LGG_vs_ndGBM	LGG	ndGBM	TMEM259	3	7	7.013225215634637	5.679985303692375	1.333239911942262	2.1397741429502295e-05	0.016666666666666666	0.004920183695971619	0.175040369088812	up_in_A
NPC_neuronal_like_malignant	LGG_vs_ndGBM	LGG	ndGBM	RANBP17	3	7	5.447239322258571	0.05182039737820056	5.39541892488037	2.4109552182720246e-05	0.010235712391270748	0.005245789397868947	0.175040369088812	up_in_A
NPC_neuronal_like_malignant	LGG_vs_ndGBM	LGG	ndGBM	YPEL4	3	7	6.134476500253796	3.2753433074083893	2.8591331928454067	2.5526026606891057e-05	0.016666666666666666	0.005245789397868947	0.175040369088812	up_in_A
NPC_neuronal_like_malignant	LGG_vs_ndGBM	LGG	ndGBM	BMP4	3	7	4.290650890616249	0.48756034391016	3.8030905467060885	2.641030189996037e-05	0.01504380933153149	0.005245789397868947	0.175040369088812	up_in_A
NPC_neuronal_like_malignant	LGG_vs_ndGBM	LGG	ndGBM	SHISA9	3	7	4.665670438158031	0.7840313761565734	3.881639062001458	2.669806533247356e-05	0.01869359769155256	0.005245789397868947	0.18447959975480005	up_in_A
NPC_neuronal_like_malignant	LGG_vs_ndGBM	LGG	ndGBM	GHITM	3	7	7.564641987587815	6.051068561357367	1.5135734262304483	2.7619925183249203e-05	0.016666666666666666	0.005245789397868947	0.175040369088812	up_in_A
NPC_neuronal_like_malignant	LGG_vs_ndGBM	LGG	ndGBM	MT-ND1	3	7	12.765090003595171	11.391957696540658	1.3731323070545134	2.887131540422432e-05	0.016666666666666666	0.005245789397868947	0.175040369088812	up_in_A
NPC_neuronal_like_malignant	LGG_vs_ndGBM	LGG	ndGBM	ZDHHC11B	3	7	3.917950916034498	0.3593163179874584	3.5586345980470395	2.9441169882807754e-05	0.010235712391270748	0.005245789397868947	0.175040369088812	up_in_A
NPC_neuronal_like_malignant	LGG_vs_ndGBM	LGG	ndGBM	KCNH1	3	7	4.4886754294735915	0.8677508766145409	3.6209245528590506	2.972706169061211e-05	0.02103526003050671	0.005245789397868947	0.18447959975480005	up_in_A
NPC_neuronal_like_malignant	LGG_vs_ndGBM	LGG	ndGBM	C11orf96	3	7	9.101290682979116	4.867303178251295	4.23398750472782	3.13779575469743e-05	0.016666666666666666	0.005391855738204389	0.175040369088812	up_in_A
NPC_neuronal_like_malignant	LGG_vs_ndGBM	LGG	ndGBM	ZNF488	3	7	4.319659744037581	0.7912927176509926	3.528367026386588	3.322812754774802e-05	0.01869359769155256	0.005541429271039823	0.18447959975480005	up_in_A
NPC_neuronal_like_malignant	LGG_vs_ndGBM	LGG	ndGBM	FAM13A-AS1	3	7	3.5954112864175727	0.4699880936427495	3.1254231927748233	3.384341347887031e-05	0.01504380933153149	0.005569759320294719	0.175040369088812	up_in_A
NPC_neuronal_like_malignant	LGG_vs_ndGBM	LGG	ndGBM	KIF22	3	7	6.2746536078122155	5.0663286581669125	1.208324949645303	3.4196020573965724e-05	0.016666666666666666	0.005569759320294719	0.175040369088812	up_in_A
NPC_neuronal_like_malignant	LGG_vs_ndGBM	LGG	ndGBM	KCNK1	3	7	3.17200387159015	0.1841905526000838	2.987813318990066	3.449903638031784e-05	0.010235712391270748	0.005569759320294719	0.175040369088812	up_in_A
NPC_neuronal_like_malignant	LGG_vs_ndGBM	LGG	ndGBM	FOXRED1	3	7	5.432389870577267	4.297147647872108	1.135242222705159	3.667961004678834e-05	0.016666666666666666	0.005678226143942663	0.175040369088812	up_in_A
NPC_neuronal_like_malignant	LGG_vs_ndGBM	LGG	ndGBM	PCDHGA7	3	7	6.075460218293327	1.2197181274719877	4.855742090821339	3.715928712219249e-05	0.02103526003050671	0.005678226143942663	0.18447959975480005	up_in_A
NPC_neuronal_like_malignant	LGG_vs_ndGBM	LGG	ndGBM	PNMA2	3	7	6.744042300760303	5.113417557011038	1.630624743749265	3.735583845498121e-05	0.016666666666666666	0.005678226143942663	0.175040369088812	up_in_A
NPC_neuronal_like_malignant	LGG_vs_ndGBM	LGG	ndGBM	USP43	3	7	3.17200387159015	0.2577343120287309	2.914269559561419	3.765051296381547e-05	0.01504380933153149	0.005678226143942663	0.175040369088812	up_in_A
NPC_neuronal_like_malignant	LGG_vs_ndGBM	LGG	ndGBM	CDHR1	3	7	5.442322067503675	0.9440249897919057	4.4982970777117695	3.769035681635852e-05	0.01869359769155256	0.005678226143942663	0.18447959975480005	up_in_A
NPC_neuronal_like_malignant	LGG_vs_ndGBM	LGG	ndGBM	KTN1-AS1	3	7	2.5950734051628515	0.2540225707236427	2.341050834439209	3.778998685676126e-05	0.010235712391270748	0.005678226143942663	0.175040369088812	up_in_A
NPC_neuronal_like_malignant	LGG_vs_ndGBM	LGG	ndGBM	FCHO2	3	7	5.409509679412054	3.890885344176644	1.5186243352354096	3.875508876518588e-05	0.016666666666666666	0.005746626316471334	0.175040369088812	up_in_A
NPC_neuronal_like_malignant	LGG_vs_ndGBM	LGG	ndGBM	ZMYND11	3	7	6.825867829644852	5.354120041523663	1.4717477881211893	3.900253759861277e-05	0.016666666666666666	0.005746626316471334	0.175040369088812	up_in_A
NPC_neuronal_like_malignant	LGG_vs_ndGBM	LGG	ndGBM	PEA15	3	7	7.722940167495	6.486258913836859	1.2366812536581406	4.044421925456731e-05	0.016666666666666666	0.005901744917378015	0.175040369088812	up_in_A
NPC_neuronal_like_malignant	LGG_vs_ndGBM	LGG	ndGBM	MXI1	3	7	7.6761438204156605	5.932301446768717	1.7438423736469435	4.945891501696896e-05	0.016666666666666666	0.006762058507184874	0.175040369088812	up_in_A
NPC_neuronal_like_malignant	LGG_vs_ndGBM	LGG	ndGBM	EPN2	3	7	7.854937285441082	6.468730613956863	1.386206671484219	5.111227393351059e-05	0.016666666666666666	0.006925713117990685	0.175040369088812	up_in_A
NPC_neuronal_like_malignant	LGG_vs_ndGBM	LGG	ndGBM	CCSER2	3	7	7.6272259242129445	5.73082525110618	1.8964006731067649	5.276688107928174e-05	0.016666666666666666	0.007086638825302476	0.175040369088812	up_in_A
NPC_neuronal_like_malignant	LGG_vs_ndGBM	LGG	ndGBM	CD58	3	7	0.0	3.3826030919935484	-3.3826030919935484	8.078546561614312e-09	0.02103526003050671	0.0001226000226190588	0.18447959975480005	up_in_B
NPC_neuronal_like_malignant	LGG_vs_ndGBM	LGG	ndGBM	RBP1	3	7	0.0	10.630514220272698	-10.630514220272698	2.0261637468608464e-08	0.02103526003050671	0.00015374530511180103	0.18447959975480005	up_in_B
NPC_neuronal_like_malignant	LGG_vs_ndGBM	LGG	ndGBM	HOXA10	3	7	0.0	5.059864898860467	-5.059864898860467	5.5194458298888246e-08	0.02103526003050671	0.00027921036638130936	0.18447959975480005	up_in_B
NPC_neuronal_like_malignant	LGG_vs_ndGBM	LGG	ndGBM	FNBP1L	3	7	0.0	7.879106129282092	-7.879106129282092	1.3126081864173e-07	0.02103526003050671	0.00039840283674137894	0.18447959975480005	up_in_B
NPC_neuronal_like_malignant	LGG_vs_ndGBM	LGG	ndGBM	MAP1LC3A	3	7	3.8751564583204856	7.377038092599072	-3.5018816342785866	3.8003361037118796e-07	0.016666666666666666	0.0008360750231146389	0.175040369088812	up_in_B
NPC_neuronal_like_malignant	LGG_vs_ndGBM	LGG	ndGBM	HOTAIRM1	3	7	0.0	6.72525906565031	-6.72525906565031	3.8564346084623563e-07	0.02103526003050671	0.0008360750231146389	0.18447959975480005	up_in_B
NPC_neuronal_like_malignant	LGG_vs_ndGBM	LGG	ndGBM	FIRRE	3	7	0.0	5.579810212266163	-5.579810212266163	4.841624744597125e-07	0.02103526003050671	0.0009184562140500747	0.18447959975480005	up_in_B
NPC_neuronal_like_malignant	LGG_vs_ndGBM	LGG	ndGBM	HOXA3	3	7	0.0	4.751268537722212	-4.751268537722212	5.568903014754399e-07	0.02103526003050671	0.0009390408016879195	0.18447959975480005	up_in_B
NPC_neuronal_like_malignant	LGG_vs_ndGBM	LGG	ndGBM	FGD4	3	7	2.5950734051628515	5.2640943222333165	-2.669020917070465	1.2032382341043995e-06	0.016666666666666666	0.0015576293723462919	0.175040369088812	up_in_B
NPC_neuronal_like_malignant	LGG_vs_ndGBM	LGG	ndGBM	ANKRD35	3	7	0.0	4.345412622535053	-4.345412622535053	1.4459817674039981e-06	0.02103526003050671	0.0015576293723462919	0.18447959975480005	up_in_B
NPC_neuronal_like_malignant	LGG_vs_ndGBM	LGG	ndGBM	WNK2	3	7	0.0	4.360481509020203	-4.360481509020203	1.4846545138309226e-06	0.02103526003050671	0.0015576293723462919	0.18447959975480005	up_in_B
NPC_neuronal_like_malignant	LGG_vs_ndGBM	LGG	ndGBM	GJC1	3	7	0.0	4.47864527514314	-4.47864527514314	1.5395651413544004e-06	0.02103526003050671	0.0015576293723462919	0.18447959975480005	up_in_B
NPC_neuronal_like_malignant	LGG_vs_ndGBM	LGG	ndGBM	PDE8A	3	7	0.0	3.4709907327205505	-3.4709907327205505	1.9295814014679013e-06	0.02103526003050671	0.001652883344599761	0.18447959975480005	up_in_B
NPC_neuronal_like_malignant	LGG_vs_ndGBM	LGG	ndGBM	ZNF662	3	7	0.0	3.5720790802162736	-3.5720790802162736	2.0186325281745437e-06	0.02103526003050671	0.001652883344599761	0.18447959975480005	up_in_B
NPC_neuronal_like_malignant	LGG_vs_ndGBM	LGG	ndGBM	RBMS1	3	7	0.0	4.716707987502502	-4.716707987502502	2.0693716096069756e-06	0.02103526003050671	0.001652883344599761	0.18447959975480005	up_in_B
NPC_neuronal_like_malignant	LGG_vs_ndGBM	LGG	ndGBM	HMGN4	3	7	3.647796823857362	6.034098967287392	-2.3863021434300298	2.895377052946677e-06	0.016666666666666666	0.0021094882913386187	0.175040369088812	up_in_B
NPC_neuronal_like_malignant	LGG_vs_ndGBM	LGG	ndGBM	HOXA5	3	7	0.0	4.573083975514615	-4.573083975514615	2.919033613475949e-06	0.02103526003050671	0.0021094882913386187	0.18447959975480005	up_in_B
NPC_neuronal_like_malignant	LGG_vs_ndGBM	LGG	ndGBM	DNAJC8	3	7	6.526579795139966	7.820402619606497	-1.293822824466531	3.3439414610474015e-06	0.016666666666666666	0.002179212956067174	0.175040369088812	up_in_B
NPC_neuronal_like_malignant	LGG_vs_ndGBM	LGG	ndGBM	EN1	3	7	0.0	5.583455668129864	-5.583455668129864	5.806881906918206e-06	0.02103526003050671	0.0029278244213719216	0.18447959975480005	up_in_B
NPC_neuronal_like_malignant	LGG_vs_ndGBM	LGG	ndGBM	LRRC61	3	7	0.0	3.4763395555889187	-3.4763395555889187	5.927199256325096e-06	0.02103526003050671	0.0029278244213719216	0.18447959975480005	up_in_B
NPC_neuronal_like_malignant	LGG_vs_ndGBM	LGG	ndGBM	RBBP4	3	7	6.691440213875457	7.557133897896576	-0.8656936840211191	6.133020902300163e-06	0.016666666666666666	0.0029278244213719216	0.175040369088812	up_in_B
NPC_neuronal_like_malignant	LGG_vs_ndGBM	LGG	ndGBM	IFITM2	3	7	0.0	3.5128866960006513	-3.5128866960006513	6.69619387263576e-06	0.02103526003050671	0.002981385825791955	0.18447959975480005	up_in_B
NPC_neuronal_like_malignant	LGG_vs_ndGBM	LGG	ndGBM	RAB3D	3	7	0.0	3.6338046547875	-3.6338046547875	7.0448449016121905e-06	0.02103526003050671	0.002981385825791955	0.18447959975480005	up_in_B
NPC_neuronal_like_malignant	LGG_vs_ndGBM	LGG	ndGBM	HOXB-AS1	3	7	0.0	3.146304766108145	-3.146304766108145	7.484977955578463e-06	0.02103526003050671	0.002981385825791955	0.18447959975480005	up_in_B
NPC_neuronal_like_malignant	LGG_vs_ndGBM	LGG	ndGBM	CTBS	3	7	0.0	3.7293401908828563	-3.7293401908828563	7.617128789110653e-06	0.02103526003050671	0.002981385825791955	0.18447959975480005	up_in_B
NPC_neuronal_like_malignant	LGG_vs_ndGBM	LGG	ndGBM	EFEMP2	3	7	0.0	4.902325134477506	-4.902325134477506	7.661705799017279e-06	0.02103526003050671	0.002981385825791955	0.18447959975480005	up_in_B
NPC_neuronal_like_malignant	LGG_vs_ndGBM	LGG	ndGBM	LHX1	3	7	0.0	5.490827938045043	-5.490827938045043	8.960130047639067e-06	0.02103526003050671	0.0031406197569720865	0.18447959975480005	up_in_B
NPC_neuronal_like_malignant	LGG_vs_ndGBM	LGG	ndGBM	C5orf63	3	7	0.0	3.6772239265724664	-3.6772239265724664	9.878784499086909e-06	0.02103526003050671	0.003331565190180954	0.18447959975480005	up_in_B
NPC_neuronal_like_malignant	LGG_vs_ndGBM	LGG	ndGBM	TSPAN18	3	7	0.0	4.97480298578579	-4.97480298578579	1.089219334073389e-05	0.02103526003050671	0.003443748461228698	0.18447959975480005	up_in_B
NPC_neuronal_like_malignant	LGG_vs_ndGBM	LGG	ndGBM	GSAP	3	7	0.0	3.7461706540584325	-3.7461706540584325	1.1408659999584504e-05	0.02103526003050671	0.0035334249827284575	0.18447959975480005	up_in_B
NPC_neuronal_like_malignant	LGG_vs_ndGBM	LGG	ndGBM	RPS11	3	7	9.31089447617096	10.951887472145005	-1.6409929959740452	1.2598948743367865e-05	0.016666666666666666	0.00374905188488923	0.175040369088812	up_in_B
NPC_neuronal_like_malignant	LGG_vs_ndGBM	LGG	ndGBM	RPS18	3	7	9.24633506351457	11.557969745727977	-2.3116346822134073	1.3425448338281754e-05	0.016666666666666666	0.003918165461187767	0.175040369088812	up_in_B
NPC_neuronal_like_malignant	LGG_vs_ndGBM	LGG	ndGBM	HLA-C	3	7	5.3938584162448935	7.9632631584500215	-2.569404742205128	1.4793213242326058e-05	0.016666666666666666	0.004235883097463024	0.175040369088812	up_in_B
NPC_neuronal_like_malignant	LGG_vs_ndGBM	LGG	ndGBM	SLC25A24	3	7	0.0	4.0131276529242434	-4.0131276529242434	1.6152543585112148e-05	0.02103526003050671	0.004381955402016356	0.18447959975480005	up_in_B
NPC_neuronal_like_malignant	LGG_vs_ndGBM	LGG	ndGBM	STMN1	3	7	8.917924723747964	11.117124720451486	-2.1991999967035216	1.6458319577947568e-05	0.016666666666666666	0.004381955402016356	0.175040369088812	up_in_B
NPC_neuronal_like_malignant	LGG_vs_ndGBM	LGG	ndGBM	RARB	3	7	0.0	3.75297770229539	-3.75297770229539	1.8247519270792008e-05	0.02103526003050671	0.004693633092432873	0.18447959975480005	up_in_B
NPC_neuronal_like_malignant	LGG_vs_ndGBM	LGG	ndGBM	MYLK	3	7	0.0	2.9032232111794225	-2.9032232111794225	1.8670097482473153e-05	0.02103526003050671	0.004697427574181088	0.18447959975480005	up_in_B
NPC_neuronal_like_malignant	LGG_vs_ndGBM	LGG	ndGBM	CRYZ	3	7	0.0	3.309714607395828	-3.309714607395828	1.90328399813675e-05	0.02103526003050671	0.004697427574181088	0.18447959975480005	up_in_B
NPC_neuronal_like_malignant	LGG_vs_ndGBM	LGG	ndGBM	ARL9	3	7	0.0	4.372126195804396	-4.372126195804396	1.9288111537514392e-05	0.02103526003050671	0.004697427574181088	0.18447959975480005	up_in_B
NPC_neuronal_like_malignant	LGG_vs_ndGBM	LGG	ndGBM	TIGAR	3	7	2.803385798631331	5.036585687768855	-2.233199889137524	1.9500391221231456e-05	0.016666666666666666	0.004697427574181088	0.175040369088812	up_in_B
NPC_neuronal_like_malignant	LGG_vs_ndGBM	LGG	ndGBM	POP4	3	7	4.23104137444216	5.497325285761995	-1.2662839113198352	2.023226236519308e-05	0.016666666666666666	0.004797575213346409	0.175040369088812	up_in_B
NPC_neuronal_like_malignant	LGG_vs_ndGBM	LGG	ndGBM	HOXC6	3	7	0.0	4.17721633780378	-4.17721633780378	2.286865718503653e-05	0.02103526003050671	0.005179921514031557	0.18447959975480005	up_in_B
NPC_neuronal_like_malignant	LGG_vs_ndGBM	LGG	ndGBM	MFNG	3	7	0.0	4.133237465135861	-4.133237465135861	2.3508960933311014e-05	0.02103526003050671	0.005245789397868947	0.18447959975480005	up_in_B
NPC_neuronal_like_malignant	LGG_vs_ndGBM	LGG	ndGBM	LAMTOR5	3	7	6.460268744498436	8.190981572352843	-1.7307128278544068	2.5061926998501716e-05	0.016666666666666666	0.005245789397868947	0.175040369088812	up_in_B
NPC_neuronal_like_malignant	LGG_vs_ndGBM	LGG	ndGBM	TIMP1	3	7	0.0	8.125420241582507	-8.125420241582507	2.5366651850635942e-05	0.02103526003050671	0.005245789397868947	0.18447959975480005	up_in_B
NPC_neuronal_like_malignant	LGG_vs_ndGBM	LGG	ndGBM	CYP27A1	3	7	0.0	3.606762798290181	-3.606762798290181	2.6063138096327438e-05	0.02103526003050671	0.005245789397868947	0.18447959975480005	up_in_B
NPC_neuronal_like_malignant	LGG_vs_ndGBM	LGG	ndGBM	HOXA2	3	7	0.0	5.115824569063947	-5.115824569063947	2.68164283453975e-05	0.02103526003050671	0.005245789397868947	0.18447959975480005	up_in_B
NPC_neuronal_like_malignant	LGG_vs_ndGBM	LGG	ndGBM	TUBB	3	7	7.721862636008147	10.329617148914037	-2.60775451290589	2.686681756698606e-05	0.016666666666666666	0.005245789397868947	0.175040369088812	up_in_B
NPC_neuronal_like_malignant	LGG_vs_ndGBM	LGG	ndGBM	FAM24B	3	7	0.0	3.1839666076920143	-3.1839666076920143	2.819623270880645e-05	0.02103526003050671	0.005245789397868947	0.18447959975480005	up_in_B
NPC_neuronal_like_malignant	LGG_vs_ndGBM	LGG	ndGBM	DYNLT3	3	7	0.0	5.213406069994237	-5.213406069994237	2.8338131460880426e-05	0.02103526003050671	0.005245789397868947	0.18447959975480005	up_in_B
NPC_neuronal_like_malignant	LGG_vs_rGBM	LGG	rGBM	TRAPPC5	3	4	7.218179490552251	2.5368569403847094	4.6813225501675415	5.728776845920273e-06	0.05714285714285714	0.009659990823742895	0.2339357971405449	up_in_A
NPC_neuronal_like_malignant	LGG_vs_rGBM	LGG	rGBM	ERCC5	3	4	5.817033467705168	2.6755112897128988	3.1415221779922695	1.2975737557896409e-05	0.05714285714285714	0.012966694619844924	0.2339357971405449	up_in_A
NPC_neuronal_like_malignant	LGG_vs_rGBM	LGG	rGBM	RAD50	3	4	7.07412682667681	3.565543329030285	3.508583497646525	1.3670737606584001e-05	0.05714285714285714	0.012966694619844924	0.2339357971405449	up_in_A
NPC_neuronal_like_malignant	LGG_vs_rGBM	LGG	rGBM	ZBTB16	3	4	9.451268778796075	6.390245988232894	3.0610227905631815	4.6918918118130974e-05	0.05714285714285714	0.026660577515602246	0.2339357971405449	up_in_A
NPC_neuronal_like_malignant	LGG_vs_rGBM	LGG	rGBM	LINC00205	3	4	5.850569632404375	0.0	5.850569632404375	4.794778232152763e-05	0.03191120476963876	0.026660577515602246	0.2339357971405449	up_in_A
NPC_neuronal_like_malignant	LGG_vs_rGBM	LGG	rGBM	PERP	3	4	4.731869749649132	0.27364267065384545	4.458227078995287	5.206658938385655e-05	0.04359664488554136	0.026660577515602246	0.2339357971405449	up_in_A
NPC_neuronal_like_malignant	LGG_vs_rGBM	LGG	rGBM	CACNG2	3	4	5.613720686876563	2.8483209755774417	2.765399711299121	5.652182799439618e-05	0.05714285714285714	0.026660577515602246	0.2339357971405449	up_in_A
NPC_neuronal_like_malignant	LGG_vs_rGBM	LGG	rGBM	ZGPAT	3	4	4.528044529784473	0.27364267065384545	4.254401859130628	6.218512440252387e-05	0.04359664488554136	0.026660577515602246	0.2339357971405449	up_in_A
NPC_neuronal_like_malignant	LGG_vs_rGBM	LGG	rGBM	ALCAM	3	4	8.491951327505033	6.323405219976628	2.168546107528405	6.409711649777813e-05	0.05714285714285714	0.026660577515602246	0.2339357971405449	up_in_A
NPC_neuronal_like_malignant	LGG_vs_rGBM	LGG	rGBM	NME2	3	4	7.7874201777132415	3.67160679413047	4.115813383582772	6.710765895690623e-05	0.05714285714285714	0.026800679798158134	0.2339357971405449	up_in_A
NPC_neuronal_like_malignant	LGG_vs_rGBM	LGG	rGBM	LINC01411	3	4	4.687908266013868	0.27364267065384545	4.414265595360023	8.678312336277105e-05	0.04359664488554136	0.030230398868622412	0.2339357971405449	up_in_A
NPC_neuronal_like_malignant	LGG_vs_rGBM	LGG	rGBM	SLC24A3	3	4	6.685519779732078	4.272035198256177	2.4134845814759016	8.860782879667434e-05	0.05714285714285714	0.030230398868622412	0.2339357971405449	up_in_A
NPC_neuronal_like_malignant	LGG_vs_rGBM	LGG	rGBM	PEX5L	3	4	4.0574070285705774	2.0744840209636	1.9829230076069773	8.878011749405528e-05	0.05714285714285714	0.030230398868622412	0.2339357971405449	up_in_A
NPC_neuronal_like_malignant	LGG_vs_rGBM	LGG	rGBM	RBM26-AS1	3	4	5.592764306335186	3.1782037238077865	2.4145605825274	9.233987838615767e-05	0.05714285714285714	0.030230398868622412	0.2339357971405449	up_in_A
NPC_neuronal_like_malignant	LGG_vs_rGBM	LGG	rGBM	MRPL38	3	4	6.452936679832649	3.238165961677228	3.214770718155421	0.00010825570878347428	0.05714285714285714	0.031146665829447945	0.2339357971405449	up_in_A
NPC_neuronal_like_malignant	LGG_vs_rGBM	LGG	rGBM	REPS2	3	4	4.821241524803523	2.0744840209636	2.746757503839923	0.00010832145162537402	0.05714285714285714	0.031146665829447945	0.2339357971405449	up_in_A
NPC_neuronal_like_malignant	LGG_vs_rGBM	LGG	rGBM	CDH18	3	4	4.208021320903568	0.27364267065384545	3.9343786502497227	0.00011113448127989564	0.04359664488554136	0.031146665829447945	0.2339357971405449	up_in_A
NPC_neuronal_like_malignant	LGG_vs_rGBM	LGG	rGBM	ARL5A	3	4	7.20708631381898	5.607402837713964	1.5996834761050156	0.00011593994608973604	0.05714285714285714	0.031146665829447945	0.2339357971405449	up_in_A
NPC_neuronal_like_malignant	LGG_vs_rGBM	LGG	rGBM	ACSL6	3	4	5.996571946630013	3.2381073892051733	2.7584645574248396	0.00011644109077380585	0.05714285714285714	0.031146665829447945	0.2339357971405449	up_in_A
NPC_neuronal_like_malignant	LGG_vs_rGBM	LGG	rGBM	MRPS31	3	4	6.453469155916057	5.778496620728551	0.6749725351875062	0.00012123040814220568	0.05714285714285714	0.031182926677391754	0.2339357971405449	up_in_A
NPC_neuronal_like_malignant	LGG_vs_rGBM	LGG	rGBM	TMEM9B-AS1	3	4	4.2705168049179845	0.0	4.2705168049179845	0.00012896254379901484	0.03191120476963876	0.032618926078230824	0.2339357971405449	up_in_A
NPC_neuronal_like_malignant	LGG_vs_rGBM	LGG	rGBM	CDK19	3	4	6.276502705887911	5.0978449621693365	1.1786577437185741	0.00013685732722868032	0.05714285714285714	0.03310892264390627	0.2339357971405449	up_in_A
NPC_neuronal_like_malignant	LGG_vs_rGBM	LGG	rGBM	ERO1B	3	4	5.2806302717303195	3.533831136982495	1.7467991347478247	0.00013775882911925497	0.05714285714285714	0.03310892264390627	0.2339357971405449	up_in_A
NPC_neuronal_like_malignant	LGG_vs_rGBM	LGG	rGBM	TUBB3	3	4	8.71382241982729	4.8123383267737365	3.9014840930535533	0.00013973458910931512	0.05714285714285714	0.03310892264390627	0.2339357971405449	up_in_A
NPC_neuronal_like_malignant	LGG_vs_rGBM	LGG	rGBM	ESRRG	3	4	5.764551822966294	3.3253254847997398	2.4392263381665544	0.0001418081162265358	0.05714285714285714	0.03310892264390627	0.2339357971405449	up_in_A
NPC_neuronal_like_malignant	LGG_vs_rGBM	LGG	rGBM	CLVS2	3	4	6.627891009147238	2.9298935935140205	3.697997415633217	0.0001881959192075713	0.05714285714285714	0.03859542256613652	0.2339357971405449	up_in_A
NPC_neuronal_like_malignant	LGG_vs_rGBM	LGG	rGBM	LINC00342	3	4	7.281215037084294	3.7255031941442347	3.5557118429400596	0.0001928489315891447	0.05714285714285714	0.03902233847729146	0.2339357971405449	up_in_A
NPC_neuronal_like_malignant	LGG_vs_rGBM	LGG	rGBM	ANKRD55	3	4	3.946985191680793	0.27364267065384545	3.6733425210269477	0.00020973751282273094	0.04359664488554136	0.04029084170376917	0.2339357971405449	up_in_A
NPC_neuronal_like_malignant	LGG_vs_rGBM	LGG	rGBM	CYP7B1	3	4	3.913829618587359	0.27364267065384545	3.6401869479335134	0.00022100663062237237	0.04359664488554136	0.04037585536799004	0.2339357971405449	up_in_A
NPC_neuronal_like_malignant	LGG_vs_rGBM	LGG	rGBM	ST3GAL5	3	4	7.820340450045528	5.0372507415264876	2.7830897085190403	0.0002258566643208041	0.05714285714285714	0.04037585536799004	0.2339357971405449	up_in_A
NPC_neuronal_like_malignant	LGG_vs_rGBM	LGG	rGBM	FTX	3	4	8.744090933436746	7.0714645144747506	1.672626418961996	0.00022824889070042204	0.05714285714285714	0.04037585536799004	0.2339357971405449	up_in_A
NPC_neuronal_like_malignant	LGG_vs_rGBM	LGG	rGBM	DOCK10	3	4	5.634812667689289	4.02267073705392	1.612141930635369	0.00022880360843747653	0.05714285714285714	0.04037585536799004	0.2339357971405449	up_in_A
NPC_neuronal_like_malignant	LGG_vs_rGBM	LGG	rGBM	C18orf32	3	4	8.237427617072422	6.496639892892817	1.7407877241796053	0.00023503517135635573	0.05714285714285714	0.040545666098203856	0.2339357971405449	up_in_A
NPC_neuronal_like_malignant	LGG_vs_rGBM	LGG	rGBM	PURA	3	4	8.403165332631117	6.5877640920826375	1.8154012405484794	0.00024045268508423475	0.05714285714285714	0.040545666098203856	0.2339357971405449	up_in_A
NPC_neuronal_like_malignant	LGG_vs_rGBM	LGG	rGBM	SCAMP1	3	4	7.108689777188658	6.094196156457009	1.014493620731649	0.00024822398149629044	0.05714285714285714	0.04077028018972354	0.2339357971405449	up_in_A
NPC_neuronal_like_malignant	LGG_vs_rGBM	LGG	rGBM	SLC25A21-AS1	3	4	4.261055839466054	0.27364267065384545	3.9874131688122083	0.0002562008283431847	0.04359664488554136	0.04077028018972354	0.2339357971405449	up_in_A
NPC_neuronal_like_malignant	LGG_vs_rGBM	LGG	rGBM	LINC00863	3	4	5.078345889615123	0.0	5.078345889615123	0.00025875530646501656	0.03191120476963876	0.04077028018972354	0.2339357971405449	up_in_A
NPC_neuronal_like_malignant	LGG_vs_rGBM	LGG	rGBM	STXBP1	3	4	7.1915732364736185	6.366527308362412	0.8250459281112068	0.00026293391288807896	0.05714285714285714	0.04077028018972354	0.2339357971405449	up_in_A
NPC_neuronal_like_malignant	LGG_vs_rGBM	LGG	rGBM	PCDH10	3	4	7.320055986298137	4.783403995700855	2.5366519905972824	0.0002713362084318712	0.05714285714285714	0.04077028018972354	0.2339357971405449	up_in_A
NPC_neuronal_like_malignant	LGG_vs_rGBM	LGG	rGBM	BLMH	3	4	5.170095094050193	3.6032737550228338	1.5668213390273595	0.0002758163131264058	0.05714285714285714	0.04077647264254778	0.2339357971405449	up_in_A
NPC_neuronal_like_malignant	LGG_vs_rGBM	LGG	rGBM	CMTM5	3	4	6.827833347951029	3.938266113866905	2.889567234084124	0.0002901691613873181	0.05714285714285714	0.04185254928256565	0.2339357971405449	up_in_A
NPC_neuronal_like_malignant	LGG_vs_rGBM	LGG	rGBM	FRMD4A	3	4	6.721844556662652	5.024261145544289	1.6975834111183632	0.0003065069903702246	0.05714285714285714	0.04219045080891638	0.2339357971405449	up_in_A
NPC_neuronal_like_malignant	LGG_vs_rGBM	LGG	rGBM	SRSF5	3	4	9.134498708876675	7.863944216812186	1.2705544920644893	0.00031836857378080333	0.05714285714285714	0.04219045080891638	0.2339357971405449	up_in_A
NPC_neuronal_like_malignant	LGG_vs_rGBM	LGG	rGBM	STRN	3	4	5.7684216752403925	3.8709485446480016	1.8974731305923909	0.00032148066051169695	0.05714285714285714	0.04219045080891638	0.2339357971405449	up_in_A
NPC_neuronal_like_malignant	LGG_vs_rGBM	LGG	rGBM	TPT1-AS1	3	4	6.207354104281758	0.0	6.207354104281758	0.00032882590419522286	0.03191120476963876	0.04229035527175171	0.2339357971405449	up_in_A
NPC_neuronal_like_malignant	LGG_vs_rGBM	LGG	rGBM	BAALC-AS2	3	4	6.196102508660783	3.36916767674377	2.8269348319170127	0.00033693837678032277	0.05714285714285714	0.042790412802812844	0.2339357971405449	up_in_A
NPC_neuronal_like_malignant	LGG_vs_rGBM	LGG	rGBM	TUG1	3	4	7.610295325200837	0.0	7.610295325200837	0.0003405504910372482	0.03191120476963876	0.042790412802812844	0.2339357971405449	up_in_A
NPC_neuronal_like_malignant	LGG_vs_rGBM	LGG	rGBM	TTC31	3	4	4.139890439473429	2.742736583336787	1.3971538561366414	0.0003419713380804499	0.05714285714285714	0.042790412802812844	0.2339357971405449	up_in_A
NPC_neuronal_like_malignant	LGG_vs_rGBM	LGG	rGBM	ZNF721	3	4	7.132026104629348	6.249979274298292	0.8820468303310554	0.0003528958931258094	0.05714285714285714	0.042790412802812844	0.2339357971405449	up_in_A
NPC_neuronal_like_malignant	LGG_vs_rGBM	LGG	rGBM	PCBP3	3	4	4.923676520533797	0.0	4.923676520533797	0.00035677980237010877	0.03191120476963876	0.042790412802812844	0.2339357971405449	up_in_A
NPC_neuronal_like_malignant	LGG_vs_rGBM	LGG	rGBM	TIMP1	3	4	0.0	7.247727341372005	-7.247727341372005	6.858963357476052e-07	0.04359664488554136	0.004929384298213953	0.2339357971405449	up_in_B
NPC_neuronal_like_malignant	LGG_vs_rGBM	LGG	rGBM	PTP4A1	3	4	0.0	7.030164795314084	-7.030164795314084	6.906622107029724e-07	0.04359664488554136	0.004929384298213953	0.2339357971405449	up_in_B
NPC_neuronal_like_malignant	LGG_vs_rGBM	LGG	rGBM	RBP1	3	4	0.0	10.414693203604106	-10.414693203604106	9.744433905272706e-07	0.04359664488554136	0.004929384298213953	0.2339357971405449	up_in_B
NPC_neuronal_like_malignant	LGG_vs_rGBM	LGG	rGBM	MAD2L2	3	4	5.207553957186569	7.248671037258262	-2.041117080071693	3.5207288995549145e-06	0.05714285714285714	0.009659990823742895	0.2339357971405449	up_in_B
NPC_neuronal_like_malignant	LGG_vs_rGBM	LGG	rGBM	ZDHHC12	3	4	0.0	3.7623484954615316	-3.7623484954615316	4.564744152754421e-06	0.04359664488554136	0.009659990823742895	0.2339357971405449	up_in_B
NPC_neuronal_like_malignant	LGG_vs_rGBM	LGG	rGBM	NNAT	3	4	0.0	10.724566068755017	-10.724566068755017	4.814415923834008e-06	0.04359664488554136	0.009659990823742895	0.2339357971405449	up_in_B
NPC_neuronal_like_malignant	LGG_vs_rGBM	LGG	rGBM	STMN1	3	4	8.917924723747964	11.293717082317125	-2.3757923585691607	4.865889412003117e-06	0.05714285714285714	0.009659990823742895	0.2339357971405449	up_in_B
NPC_neuronal_like_malignant	LGG_vs_rGBM	LGG	rGBM	PSMD8	3	4	6.81117399328618	8.829752567441597	-2.018578574155417	5.1405178691886525e-06	0.05714285714285714	0.009659990823742895	0.2339357971405449	up_in_B
NPC_neuronal_like_malignant	LGG_vs_rGBM	LGG	rGBM	SRP14	3	4	8.837982260195645	10.505343658660996	-1.667361398465351	6.473871108099914e-06	0.05714285714285714	0.009824746793652429	0.2339357971405449	up_in_B
NPC_neuronal_like_malignant	LGG_vs_rGBM	LGG	rGBM	TUBA1A	3	4	11.44894918388618	13.27761644711643	-1.8286672632302494	8.511429627504432e-06	0.05714285714285714	0.011742677820637025	0.2339357971405449	up_in_B
NPC_neuronal_like_malignant	LGG_vs_rGBM	LGG	rGBM	B4GALT2	3	4	2.7104219282542616	5.710308469232082	-2.9998865409778204	1.047013735252388e-05	0.05714285714285714	0.012825042260893104	0.2339357971405449	up_in_B
NPC_neuronal_like_malignant	LGG_vs_rGBM	LGG	rGBM	FAT1	3	4	0.0	3.4035709613627576	-3.4035709613627576	1.0986132669452448e-05	0.04359664488554136	0.012825042260893104	0.2339357971405449	up_in_B
NPC_neuronal_like_malignant	LGG_vs_rGBM	LGG	rGBM	TMSB10	3	4	8.38568621058662	11.684547312214452	-3.298861101627832	1.2600461343702847e-05	0.05714285714285714	0.012966694619844924	0.2339357971405449	up_in_B
NPC_neuronal_like_malignant	LGG_vs_rGBM	LGG	rGBM	PSRC1	3	4	0.0	6.257878573316875	-6.257878573316875	1.6527167707831224e-05	0.04359664488554136	0.014753899831414508	0.2339357971405449	up_in_B
NPC_neuronal_like_malignant	LGG_vs_rGBM	LGG	rGBM	KHDRBS1	3	4	7.596171888076512	8.630380592746086	-1.0342087046695738	2.0617105456286616e-05	0.05714285714285714	0.01738251068914476	0.2339357971405449	up_in_B
NPC_neuronal_like_malignant	LGG_vs_rGBM	LGG	rGBM	COX5A	3	4	5.791470297743878	7.935191535010279	-2.1437212372664014	3.782306091834566e-05	0.05714285714285714	0.026660577515602246	0.2339357971405449	up_in_B
NPC_neuronal_like_malignant	LGG_vs_rGBM	LGG	rGBM	LRRC61	3	4	0.0	4.324392025285581	-4.324392025285581	4.129302423001508e-05	0.04359664488554136	0.026660577515602246	0.2339357971405449	up_in_B
NPC_neuronal_like_malignant	LGG_vs_rGBM	LGG	rGBM	HYAL2	3	4	4.093740267239845	6.755091221106785	-2.6613509538669398	4.134954848361508e-05	0.05714285714285714	0.026660577515602246	0.2339357971405449	up_in_B
NPC_neuronal_like_malignant	LGG_vs_rGBM	LGG	rGBM	TUBB2B	3	4	9.229307621001547	11.371841067485558	-2.142533446484011	4.967236522285266e-05	0.05714285714285714	0.026660577515602246	0.2339357971405449	up_in_B
NPC_neuronal_like_malignant	LGG_vs_rGBM	LGG	rGBM	VKORC1	3	4	4.500766172057442	6.524931189159637	-2.024165017102195	5.130269495331491e-05	0.05714285714285714	0.026660577515602246	0.2339357971405449	up_in_B
NPC_neuronal_like_malignant	LGG_vs_rGBM	LGG	rGBM	GJC1	3	4	0.0	4.4273326626277045	-4.4273326626277045	5.33479042215883e-05	0.04359664488554136	0.026660577515602246	0.2339357971405449	up_in_B
NPC_neuronal_like_malignant	LGG_vs_rGBM	LGG	rGBM	FTL	3	4	9.545646979011808	11.945001979404765	-2.3993550003929567	5.570589558872034e-05	0.05714285714285714	0.026660577515602246	0.2339357971405449	up_in_B
NPC_neuronal_like_malignant	LGG_vs_rGBM	LGG	rGBM	FOXD1	3	4	0.0	5.114932897434231	-5.114932897434231	6.119139044986872e-05	0.04359664488554136	0.026660577515602246	0.2339357971405449	up_in_B
NPC_neuronal_like_malignant	LGG_vs_rGBM	LGG	rGBM	FZD2	3	4	0.0	2.181959263291286	-2.181959263291286	6.160840031631553e-05	0.04359664488554136	0.026660577515602246	0.2339357971405449	up_in_B
NPC_neuronal_like_malignant	LGG_vs_rGBM	LGG	rGBM	SH2D4A	3	4	0.0	2.181959263291286	-2.181959263291286	6.160840031631553e-05	0.04359664488554136	0.026660577515602246	0.2339357971405449	up_in_B
NPC_neuronal_like_malignant	LGG_vs_rGBM	LGG	rGBM	SNURF	3	4	0.0	2.181959263291286	-2.181959263291286	6.160840031631553e-05	0.04359664488554136	0.026660577515602246	0.2339357971405449	up_in_B
NPC_neuronal_like_malignant	LGG_vs_rGBM	LGG	rGBM	MVB12A	3	4	4.176369836952525	6.1646859491273815	-1.9883161121748563	6.277465794383504e-05	0.05714285714285714	0.026660577515602246	0.2339357971405449	up_in_B
NPC_neuronal_like_malignant	LGG_vs_rGBM	LGG	rGBM	NOP10	3	4	5.776522760270505	7.472247268872606	-1.695724508602101	6.500009014742245e-05	0.05714285714285714	0.026660577515602246	0.2339357971405449	up_in_B
NPC_neuronal_like_malignant	LGG_vs_rGBM	LGG	rGBM	ZNF331	3	4	2.1740449949098104	5.9415051659498985	-3.767460171040088	7.191765963111234e-05	0.05714285714285714	0.02798518980927592	0.2339357971405449	up_in_B
NPC_neuronal_like_malignant	LGG_vs_rGBM	LGG	rGBM	TUBA1B	3	4	8.797862621066054	10.380355486086444	-1.5824928650203898	7.546708544010946e-05	0.05714285714285714	0.028632212215977525	0.2339357971405449	up_in_B
NPC_neuronal_like_malignant	LGG_vs_rGBM	LGG	rGBM	MRPS12	3	4	4.372574718105747	6.795075542063161	-2.4225008239574146	8.907352879490839e-05	0.05714285714285714	0.030230398868622412	0.2339357971405449	up_in_B
NPC_neuronal_like_malignant	LGG_vs_rGBM	LGG	rGBM	ARPC2	3	4	7.421668682486072	8.382365914184723	-0.9606972316986511	9.147893032667783e-05	0.05714285714285714	0.030230398868622412	0.2339357971405449	up_in_B
NPC_neuronal_like_malignant	LGG_vs_rGBM	LGG	rGBM	RAB3D	3	4	0.0	3.2730560541146967	-3.2730560541146967	9.362340187303989e-05	0.04359664488554136	0.030230398868622412	0.2339357971405449	up_in_B
NPC_neuronal_like_malignant	LGG_vs_rGBM	LGG	rGBM	MAP1LC3A	3	4	3.8751564583204856	7.913391260944188	-4.038234802623702	9.853231609912363e-05	0.05714285714285714	0.031146665829447945	0.2339357971405449	up_in_B
NPC_neuronal_like_malignant	LGG_vs_rGBM	LGG	rGBM	SMIM12	3	4	3.87494293560747	5.36878749377025	-1.4938445581627797	0.00010157585381864703	0.05714285714285714	0.031146665829447945	0.2339357971405449	up_in_B
NPC_neuronal_like_malignant	LGG_vs_rGBM	LGG	rGBM	CARD19	3	4	0.0	5.303180520987843	-5.303180520987843	0.00010750741221917892	0.04359664488554136	0.031146665829447945	0.2339357971405449	up_in_B
NPC_neuronal_like_malignant	LGG_vs_rGBM	LGG	rGBM	SYF2	3	4	6.598640049807577	7.733331236524898	-1.1346911867173208	0.00011681751114939091	0.05714285714285714	0.031146665829447945	0.2339357971405449	up_in_B
NPC_neuronal_like_malignant	LGG_vs_rGBM	LGG	rGBM	MRC2	3	4	0.0	4.827688480865142	-4.827688480865142	0.00011698470955973463	0.04359664488554136	0.031146665829447945	0.2339357971405449	up_in_B
NPC_neuronal_like_malignant	LGG_vs_rGBM	LGG	rGBM	TSPAN13	3	4	5.905299436893759	7.301512810270765	-1.3962133733770061	0.00012025070170689308	0.05714285714285714	0.031182926677391754	0.2339357971405449	up_in_B
NPC_neuronal_like_malignant	LGG_vs_rGBM	LGG	rGBM	SPG21	3	4	4.017785439284925	5.849204717908405	-1.8314192786234802	0.00013194884891726768	0.05714285714285714	0.03282714313390908	0.2339357971405449	up_in_B
NPC_neuronal_like_malignant	LGG_vs_rGBM	LGG	rGBM	C1RL	3	4	0.0	3.2736791455840604	-3.2736791455840604	0.00014977725818526825	0.04359664488554136	0.03443969197302471	0.2339357971405449	up_in_B
NPC_neuronal_like_malignant	LGG_vs_rGBM	LGG	rGBM	UTP14C	3	4	0.0	5.358056283143521	-5.358056283143521	0.0001541561710289855	0.04359664488554136	0.034917523157252	0.2339357971405449	up_in_B
NPC_neuronal_like_malignant	LGG_vs_rGBM	LGG	rGBM	FKBP10	3	4	0.0	4.7408015091748466	-4.7408015091748466	0.00015889387066316134	0.04359664488554136	0.035125281090729904	0.2339357971405449	up_in_B
NPC_neuronal_like_malignant	LGG_vs_rGBM	LGG	rGBM	MRGBP	3	4	4.148411804729481	5.822190367347161	-1.67377856261768	0.0001610890422593357	0.05714285714285714	0.035125281090729904	0.2339357971405449	up_in_B
NPC_neuronal_like_malignant	LGG_vs_rGBM	LGG	rGBM	HLA-C	3	4	5.3938584162448935	7.450106421998433	-2.05624800575354	0.00016317737939668602	0.05714285714285714	0.035125281090729904	0.2339357971405449	up_in_B
NPC_neuronal_like_malignant	LGG_vs_rGBM	LGG	rGBM	RER1	3	4	5.498466964786934	6.9398863781202	-1.4414194133332652	0.0001643315074750806	0.05714285714285714	0.035125281090729904	0.2339357971405449	up_in_B
NPC_neuronal_like_malignant	LGG_vs_rGBM	LGG	rGBM	ARL9	3	4	0.0	4.70042695866931	-4.70042695866931	0.000168237880467275	0.04359664488554136	0.03546080658293563	0.2339357971405449	up_in_B
NPC_neuronal_like_malignant	LGG_vs_rGBM	LGG	rGBM	DLX1	3	4	0.0	5.945735603372045	-5.945735603372045	0.00018463722807784662	0.04359664488554136	0.03838430922341644	0.2339357971405449	up_in_B
NPC_neuronal_like_malignant	LGG_vs_rGBM	LGG	rGBM	TUBB	3	4	7.721862636008147	10.596428591569392	-2.874565955561245	0.0001999092626641412	0.05714285714285714	0.03944424823517226	0.2339357971405449	up_in_B
NPC_neuronal_like_malignant	LGG_vs_rGBM	LGG	rGBM	FNBP1L	3	4	0.0	8.037012062284472	-8.037012062284472	0.0002001322558057633	0.04359664488554136	0.03944424823517226	0.2339357971405449	up_in_B
NPC_neuronal_like_malignant	ndGBM_vs_rGBM	ndGBM	rGBM	MIR100HG	7	4	6.8098872884074515	0.0	6.8098872884074515	1.2044998046104126e-09	0.009019924166363722	9.139744517383811e-06	0.2693287191090998	up_in_A
NPC_neuronal_like_malignant	ndGBM_vs_rGBM	ndGBM	rGBM	TUG1	7	4	6.572959888254595	0.0	6.572959888254595	2.2577988562433277e-08	0.009019924166363722	0.00011421451814116248	0.2693287191090998	up_in_A
NPC_neuronal_like_malignant	ndGBM_vs_rGBM	ndGBM	rGBM	ZNF790-AS1	7	4	5.164337228628523	0.0	5.164337228628523	5.057236180769669e-08	0.009019924166363722	0.00019187154069840123	0.2693287191090998	up_in_A
NPC_neuronal_like_malignant	ndGBM_vs_rGBM	ndGBM	rGBM	TPT1-AS1	7	4	5.961601466793391	0.0	5.961601466793391	7.23316912414589e-08	0.009019924166363722	0.00021954114925607605	0.2693287191090998	up_in_A
NPC_neuronal_like_malignant	ndGBM_vs_rGBM	ndGBM	rGBM	PROX1-AS1	7	4	3.837247610310857	0.0	3.837247610310857	3.0938067722449026e-07	0.009019924166363722	0.0007257771830138189	0.2693287191090998	up_in_A
NPC_neuronal_like_malignant	ndGBM_vs_rGBM	ndGBM	rGBM	MIR99AHG	7	4	9.658033616834643	7.1898076304701775	2.468225986364466	3.347680733458574e-07	0.006060606060606061	0.0007257771830138189	0.2465838004711999	up_in_A
NPC_neuronal_like_malignant	ndGBM_vs_rGBM	ndGBM	rGBM	NME2	7	4	8.932375115752365	3.67160679413047	5.260768321621894	5.706675826117761e-07	0.006060606060606061	0.0010825564042145394	0.2465838004711999	up_in_A
NPC_neuronal_like_malignant	ndGBM_vs_rGBM	ndGBM	rGBM	RAD50	7	4	6.515998355484058	3.565543329030285	2.9504550264537728	6.762970801173798e-07	0.006060606060606061	0.0011403871653179283	0.2465838004711999	up_in_A
NPC_neuronal_like_malignant	ndGBM_vs_rGBM	ndGBM	rGBM	TRAPPC5	7	4	7.496808959960833	2.5368569403847094	4.959952019576123	7.842650837770748e-07	0.006060606060606061	0.0011902006911400887	0.2465838004711999	up_in_A
NPC_neuronal_like_malignant	ndGBM_vs_rGBM	ndGBM	rGBM	LINC-PINT	7	4	5.645654349279238	0.0	5.645654349279238	1.058925337457464e-06	0.009019924166363722	0.0013250261400524024	0.2693287191090998	up_in_A
NPC_neuronal_like_malignant	ndGBM_vs_rGBM	ndGBM	rGBM	FIRRE	7	4	5.579810212266163	0.27364267065384545	5.306167541612318	1.105088220010038e-06	0.010030542695805526	0.0013250261400524024	0.2693287191090998	up_in_A
NPC_neuronal_like_malignant	ndGBM_vs_rGBM	ndGBM	rGBM	LINC00205	7	4	4.9057195590044165	0.0	4.9057195590044165	1.135038206423381e-06	0.009019924166363722	0.0013250261400524024	0.2693287191090998	up_in_A
NPC_neuronal_like_malignant	ndGBM_vs_rGBM	ndGBM	rGBM	BSCL2	7	4	6.046083093840517	2.388519965977803	3.657563127862714	1.3957165756268547e-06	0.006060606060606061	0.0015129567679795105	0.2465838004711999	up_in_A
NPC_neuronal_like_malignant	ndGBM_vs_rGBM	ndGBM	rGBM	DBNDD2	7	4	5.443357097265436	0.27364267065384545	5.169714426611591	2.3996839248172854e-06	0.010030542695805526	0.0020484190629214694	0.2693287191090998	up_in_A
NPC_neuronal_like_malignant	ndGBM_vs_rGBM	ndGBM	rGBM	ASB3	7	4	5.5104726685922225	3.5715615629750435	1.938911105617179	2.4295956202284166e-06	0.006060606060606061	0.0020484190629214694	0.2465838004711999	up_in_A
NPC_neuronal_like_malignant	ndGBM_vs_rGBM	ndGBM	rGBM	NDUFA7	7	4	7.427177885100492	5.7973609395460795	1.6298169455544125	3.617201938531053e-06	0.006060606060606061	0.0028891924536393297	0.2465838004711999	up_in_A
NPC_neuronal_like_malignant	ndGBM_vs_rGBM	ndGBM	rGBM	RPP21	7	4	6.762204891501645	4.453777709656105	2.3084271818455395	4.786657427281303e-06	0.006060606060606061	0.0035707444378567316	0.2465838004711999	up_in_A
NPC_neuronal_like_malignant	ndGBM_vs_rGBM	ndGBM	rGBM	TUBB3	7	4	9.947950976436832	4.8123383267737365	5.135612649663096	5.2203258571705745e-06	0.006060606060606061	0.003601075691291847	0.2465838004711999	up_in_A
NPC_neuronal_like_malignant	ndGBM_vs_rGBM	ndGBM	rGBM	ABCF2	7	4	4.214104813334611	0.0	4.214104813334611	6.235287822098564e-06	0.009019924166363722	0.0039427803328403255	0.2693287191090998	up_in_A
NPC_neuronal_like_malignant	ndGBM_vs_rGBM	ndGBM	rGBM	LINC00339	7	4	3.0597839131568527	0.0	3.0597839131568527	7.6276534756299085e-06	0.009019924166363722	0.004514722284504292	0.2693287191090998	up_in_A
NPC_neuronal_like_malignant	ndGBM_vs_rGBM	ndGBM	rGBM	FAM106A	7	4	3.718380074244489	0.0	3.718380074244489	7.734764061486004e-06	0.009019924166363722	0.004514722284504292	0.2693287191090998	up_in_A
NPC_neuronal_like_malignant	ndGBM_vs_rGBM	ndGBM	rGBM	MRPS24	7	4	7.789344280346269	2.6020584518115415	5.187285828534727	1.0627602575325176e-05	0.006060606060606061	0.005973499877153144	0.2465838004711999	up_in_A
NPC_neuronal_like_malignant	ndGBM_vs_rGBM	ndGBM	rGBM	ERCC5	7	4	5.173032609224528	2.6755112897128988	2.497521319511629	1.1249371126128405e-05	0.006060606060606061	0.006097159150361596	0.2465838004711999	up_in_A
NPC_neuronal_like_malignant	ndGBM_vs_rGBM	ndGBM	rGBM	ATG9A	7	4	3.94136224767427	0.0	3.94136224767427	1.4592649105379713e-05	0.009019924166363722	0.007381934760774751	0.2693287191090998	up_in_A
NPC_neuronal_like_malignant	ndGBM_vs_rGBM	ndGBM	rGBM	ARL5A	7	4	7.132595504882874	5.607402837713964	1.52519266716891	1.869485188434076e-05	0.006060606060606061	0.008816510861003234	0.2465838004711999	up_in_A
NPC_neuronal_like_malignant	ndGBM_vs_rGBM	ndGBM	rGBM	ZGPAT	7	4	4.245240206861012	0.27364267065384545	3.9715975362071663	1.9708113347173693e-05	0.010030542695805526	0.008816510861003234	0.2693287191090998	up_in_A
NPC_neuronal_like_malignant	ndGBM_vs_rGBM	ndGBM	rGBM	C18orf32	7	4	8.631754082723264	6.496639892892817	2.135114189830447	2.451863850037871e-05	0.006060606060606061	0.01033596827449298	0.2465838004711999	up_in_A
NPC_neuronal_like_malignant	ndGBM_vs_rGBM	ndGBM	rGBM	HOXA2	7	4	5.115824569063947	0.0	5.115824569063947	2.68164283453975e-05	0.009019924166363722	0.010999084231614931	0.2693287191090998	up_in_A
NPC_neuronal_like_malignant	ndGBM_vs_rGBM	ndGBM	rGBM	PSMA6	7	4	7.290990515681167	4.694958698944987	2.59603181673618	2.90312653243223e-05	0.006060606060606061	0.011594170593734611	0.2465838004711999	up_in_A
NPC_neuronal_like_malignant	ndGBM_vs_rGBM	ndGBM	rGBM	JPX	7	4	7.896684129408031	6.778775238118943	1.1179088912890887	3.614924032814485e-05	0.006060606060606061	0.013891881128700786	0.2465838004711999	up_in_A
NPC_neuronal_like_malignant	ndGBM_vs_rGBM	ndGBM	rGBM	ERVK3-1	7	4	6.380295625618841	5.079862933007453	1.3004326926113876	3.871213729483629e-05	0.006060606060606061	0.014329155989913063	0.2465838004711999	up_in_A
NPC_neuronal_like_malignant	ndGBM_vs_rGBM	ndGBM	rGBM	ABCB6	7	4	3.4094633822636244	0.27364267065384545	3.135820711609779	4.074144854613381e-05	0.010030542695805526	0.014721243408003019	0.2693287191090998	up_in_A
NPC_neuronal_like_malignant	ndGBM_vs_rGBM	ndGBM	rGBM	DLEU1	7	4	4.418370197347655	0.0	4.418370197347655	4.2194740590615495e-05	0.009019924166363722	0.014891799609376297	0.2693287191090998	up_in_A
NPC_neuronal_like_malignant	ndGBM_vs_rGBM	ndGBM	rGBM	MRPL38	7	4	5.64037676023093	3.238165961677228	2.4022107985537016	4.646507423722204e-05	0.006060606060606061	0.015329434057045255	0.2465838004711999	up_in_A
NPC_neuronal_like_malignant	ndGBM_vs_rGBM	ndGBM	rGBM	GABARAP	7	4	9.409674266162162	5.801647190317425	3.6080270758447366	6.631801246368663e-05	0.006060606060606061	0.020416494623398288	0.2465838004711999	up_in_A
NPC_neuronal_like_malignant	ndGBM_vs_rGBM	ndGBM	rGBM	RPL36A	7	4	10.308090398180534	7.596089586837438	2.7120008113430956	6.931313260001081e-05	0.006060606060606061	0.02062541373211302	0.2465838004711999	up_in_A
NPC_neuronal_like_malignant	ndGBM_vs_rGBM	ndGBM	rGBM	DDX39B	7	4	7.504233867627294	5.854111616139484	1.6501222514878098	7.516439899188134e-05	0.006060606060606061	0.02193644075193829	0.2465838004711999	up_in_A
NPC_neuronal_like_malignant	ndGBM_vs_rGBM	ndGBM	rGBM	RPS17	7	4	10.254136981919645	6.913680930436913	3.3404560514827324	7.845395359680626e-05	0.006060606060606061	0.022464475467643998	0.2465838004711999	up_in_A
NPC_neuronal_like_malignant	ndGBM_vs_rGBM	ndGBM	rGBM	RPL17	7	4	10.818710899074075	6.003175335390322	4.815535563683753	0.0001196906849948388	0.006060606060606061	0.0315158382813189	0.2465838004711999	up_in_A
NPC_neuronal_like_malignant	ndGBM_vs_rGBM	ndGBM	rGBM	PINX1	7	4	4.065631242020795	0.0	4.065631242020795	0.00012231894819438553	0.009019924166363722	0.0315158382813189	0.2693287191090998	up_in_A
NPC_neuronal_like_malignant	ndGBM_vs_rGBM	ndGBM	rGBM	POLR2J3	7	4	7.784809913052506	0.9502149619492982	6.834594951103208	0.00014260250033387158	0.010555543856643567	0.03436772101939836	0.2693287191090998	up_in_A
NPC_neuronal_like_malignant	ndGBM_vs_rGBM	ndGBM	rGBM	SLC25A37	7	4	5.382016385202365	3.995703351133602	1.3863130340687633	0.0001426704285860633	0.006060606060606061	0.03436772101939836	0.2465838004711999	up_in_A
NPC_neuronal_like_malignant	ndGBM_vs_rGBM	ndGBM	rGBM	CLN3	7	4	4.634764277669662	2.279463098299679	2.355301179369983	0.00016491509025216668	0.006060606060606061	0.03749358458943521	0.2465838004711999	up_in_A
NPC_neuronal_like_malignant	ndGBM_vs_rGBM	ndGBM	rGBM	RPS20	7	4	9.980671459680954	8.945300132207295	1.0353713274736585	0.00019135878174755466	0.006060606060606061	0.041486583882869854	0.2465838004711999	up_in_A
NPC_neuronal_like_malignant	ndGBM_vs_rGBM	ndGBM	rGBM	SMARCE1	7	4	7.805746760412755	6.4584346662787055	1.3473120941340495	0.00020232182046939895	0.006060606060606061	0.04324557672455773	0.2465838004711999	up_in_A
NPC_neuronal_like_malignant	ndGBM_vs_rGBM	ndGBM	rGBM	BLMH	7	4	4.785733214594468	3.6032737550228338	1.1824594595716342	0.00022286891174856896	0.006060606060606061	0.046975813954115035	0.2465838004711999	up_in_A
NPC_neuronal_like_malignant	ndGBM_vs_rGBM	ndGBM	rGBM	RPL13A	7	4	11.461949284546119	9.8639083490603	1.5980409354858196	0.00026205553718120053	0.012121212121212121	0.050986600413614094	0.2693287191090998	up_in_A
NPC_neuronal_like_malignant	ndGBM_vs_rGBM	ndGBM	rGBM	CCDC141	7	4	4.110600640869954	0.4274318902658121	3.683168750604142	0.00028797054275871863	0.010030542695805526	0.05395359206057178	0.2693287191090998	up_in_A
NPC_neuronal_like_malignant	ndGBM_vs_rGBM	ndGBM	rGBM	TMEM9B-AS1	7	4	2.9749446389548138	0.0	2.9749446389548138	0.0003085110285683949	0.009019924166363722	0.05628659337848263	0.2693287191090998	up_in_A
NPC_neuronal_like_malignant	ndGBM_vs_rGBM	ndGBM	rGBM	HMGN4	7	4	6.034098967287392	3.0222687326988953	3.0118302345884964	0.0003210189581502065	0.006060606060606061	0.05731510245750039	0.2465838004711999	up_in_A
NPC_neuronal_like_malignant	ndGBM_vs_rGBM	ndGBM	rGBM	PTP4A1	7	4	0.027534603644143316	7.030164795314084	-7.00263019166994	4.809581927469748e-10	0.005400040840685777	7.299021533128089e-06	0.2465838004711999	up_in_B
NPC_neuronal_like_malignant	ndGBM_vs_rGBM	ndGBM	rGBM	FAM220A	7	4	0.12763478032582273	4.6283827367551025	-4.500747956429279	1.7267113716823695e-06	0.005400040840685777	0.0017469714517767759	0.2465838004711999	up_in_B
NPC_neuronal_like_malignant	ndGBM_vs_rGBM	ndGBM	rGBM	SOX8	7	4	5.718809408590752	7.87128965936251	-2.1524802507717586	2.2971637700326864e-06	0.006060606060606061	0.0020484190629214694	0.2465838004711999	up_in_B
NPC_neuronal_like_malignant	ndGBM_vs_rGBM	ndGBM	rGBM	CERS1	7	4	4.326811435910964	6.229082665412384	-1.9022712295014195	4.941067026554518e-06	0.006060606060606061	0.0035707444378567316	0.2465838004711999	up_in_B
NPC_neuronal_like_malignant	ndGBM_vs_rGBM	ndGBM	rGBM	RAB14	7	4	7.142669346187846	7.888377290676487	-0.7457079444886405	6.2099413287162515e-06	0.006060606060606061	0.0039427803328403255	0.2465838004711999	up_in_B
NPC_neuronal_like_malignant	ndGBM_vs_rGBM	ndGBM	rGBM	FGF22	7	4	0.17044031292652065	2.0744840209636	-1.9040437080370796	1.2704619623716227e-05	0.005400040840685777	0.006648458876190257	0.2465838004711999	up_in_B
NPC_neuronal_like_malignant	ndGBM_vs_rGBM	ndGBM	rGBM	LRP3	7	4	3.984314979680563	6.930196377884039	-2.9458813982034764	1.749444369759646e-05	0.006060606060606061	0.008564376695313675	0.2465838004711999	up_in_B
NPC_neuronal_like_malignant	ndGBM_vs_rGBM	ndGBM	rGBM	TTC13	7	4	3.2201632821264132	4.516187243968533	-1.2960239618421197	1.975233060583223e-05	0.006060606060606061	0.008816510861003234	0.2465838004711999	up_in_B
NPC_neuronal_like_malignant	ndGBM_vs_rGBM	ndGBM	rGBM	GRIK5	7	4	3.0277316418468705	5.2607295403919485	-2.232997898545078	2.2449807901420522e-05	0.006060606060606061	0.009734236706055938	0.2465838004711999	up_in_B
NPC_neuronal_like_malignant	ndGBM_vs_rGBM	ndGBM	rGBM	ABHD17A	7	4	5.350094325390002	6.834426357126336	-1.4843320317363338	3.6615395700318365e-05	0.006060606060606061	0.013891881128700786	0.2465838004711999	up_in_B
NPC_neuronal_like_malignant	ndGBM_vs_rGBM	ndGBM	rGBM	CTXN1	7	4	5.388929449589725	7.456025850117221	-2.0670964005274968	4.475345213047326e-05	0.006060606060606061	0.015329434057045255	0.2465838004711999	up_in_B
NPC_neuronal_like_malignant	ndGBM_vs_rGBM	ndGBM	rGBM	TRIM28	7	4	6.072874409147768	7.0177753122305955	-0.9449009030828277	4.5487956409827434e-05	0.006060606060606061	0.015329434057045255	0.2465838004711999	up_in_B
NPC_neuronal_like_malignant	ndGBM_vs_rGBM	ndGBM	rGBM	DPP6	7	4	5.953238557033944	7.254121984026904	-1.30088342699296	5.6906180736870674e-05	0.006060606060606061	0.018374642528994668	0.2465838004711999	up_in_B
NPC_neuronal_like_malignant	ndGBM_vs_rGBM	ndGBM	rGBM	STX1A	7	4	3.6045171308770683	5.060709462886259	-1.456192332009191	5.92255984932389e-05	0.006060606060606061	0.0187251600569457	0.2465838004711999	up_in_B
NPC_neuronal_like_malignant	ndGBM_vs_rGBM	ndGBM	rGBM	VPS37D	7	4	4.100762677934999	5.675637096646604	-1.5748744187116044	6.726573083618308e-05	0.006060606060606061	0.020416494623398288	0.2465838004711999	up_in_B
NPC_neuronal_like_malignant	ndGBM_vs_rGBM	ndGBM	rGBM	ARX	7	4	1.246745876326467	6.750292886064388	-5.503547009737921	8.517340770289485e-05	0.009019924166363722	0.023936882135169115	0.2693287191090998	up_in_B
NPC_neuronal_like_malignant	ndGBM_vs_rGBM	ndGBM	rGBM	C11orf96	7	4	4.867303178251295	8.180573925792533	-3.313270747541238	9.479821690259666e-05	0.006060606060606061	0.026157413449341943	0.2465838004711999	up_in_B
NPC_neuronal_like_malignant	ndGBM_vs_rGBM	ndGBM	rGBM	MAP2K2	7	4	6.218007324489945	8.185639378109656	-1.9676320536197105	0.00011680739295317013	0.006060606060606061	0.0315158382813189	0.2465838004711999	up_in_B
NPC_neuronal_like_malignant	ndGBM_vs_rGBM	ndGBM	rGBM	CDH15	7	4	0.677956430048793	3.846529238743316	-3.168572808694523	0.00012252467439363568	0.009019924166363722	0.0315158382813189	0.2693287191090998	up_in_B
NPC_neuronal_like_malignant	ndGBM_vs_rGBM	ndGBM	rGBM	ZNF598	7	4	3.525369372568293	5.114564604240145	-1.5891952316718516	0.000135669083378614	0.006060606060606061	0.034315233489230774	0.2465838004711999	up_in_B
NPC_neuronal_like_malignant	ndGBM_vs_rGBM	ndGBM	rGBM	KCND3	7	4	3.8663882426435103	5.5947418429187445	-1.7283536002752342	0.00013818002383576724	0.006060606060606061	0.03436772101939836	0.2465838004711999	up_in_B
NPC_neuronal_like_malignant	ndGBM_vs_rGBM	ndGBM	rGBM	UTP14C	7	4	0.0	5.358056283143521	-5.358056283143521	0.0001541561710289855	0.003127608849433659	0.03605634276751091	0.2465838004711999	up_in_B
NPC_neuronal_like_malignant	ndGBM_vs_rGBM	ndGBM	rGBM	CCND1	7	4	5.975845703829355	8.489754806888719	-2.5139091030593637	0.00015443214812125785	0.006060606060606061	0.03605634276751091	0.2465838004711999	up_in_B
NPC_neuronal_like_malignant	ndGBM_vs_rGBM	ndGBM	rGBM	GNAS	7	4	9.61507408303589	11.567634251881374	-1.9525601688454852	0.0001655291359707538	0.006060606060606061	0.03749358458943521	0.2465838004711999	up_in_B
NPC_neuronal_like_malignant	ndGBM_vs_rGBM	ndGBM	rGBM	HRAS	7	4	6.193793792681928	7.0791107925272705	-0.8853169998453421	0.00017076899150311164	0.006060606060606061	0.03806254457043088	0.2465838004711999	up_in_B
NPC_neuronal_like_malignant	ndGBM_vs_rGBM	ndGBM	rGBM	ATP6V1G1	7	4	8.88915022314221	9.428364157924948	-0.5392139347827385	0.00017305716759091533	0.006060606060606061	0.03806254457043088	0.2465838004711999	up_in_B
NPC_neuronal_like_malignant	ndGBM_vs_rGBM	ndGBM	rGBM	EPN1	7	4	6.131618846972101	6.74453316394951	-0.6129143169774087	0.00023660915090128413	0.006060606060606061	0.049188773617505316	0.2465838004711999	up_in_B
NPC_neuronal_like_malignant	ndGBM_vs_rGBM	ndGBM	rGBM	SET	7	4	9.161040901842057	9.668429688561824	-0.5073887867197673	0.00024221851808301978	0.006060606060606061	0.049424031334456345	0.2465838004711999	up_in_B
NPC_neuronal_like_malignant	ndGBM_vs_rGBM	ndGBM	rGBM	ZNF783	7	4	3.6069837841169217	4.678653940329019	-1.0716701562120972	0.00024425424025330955	0.006060606060606061	0.049424031334456345	0.2465838004711999	up_in_B
NPC_neuronal_like_malignant	ndGBM_vs_rGBM	ndGBM	rGBM	METTL13	7	4	0.0	3.900878171616895	-3.900878171616895	0.0002492713907140631	0.003127608849433659	0.0497755608615345	0.2465838004711999	up_in_B
NPC_neuronal_like_malignant	ndGBM_vs_rGBM	ndGBM	rGBM	EIF3K	7	4	8.001742084705146	8.556563594354767	-0.5548215096496207	0.0002620408555120477	0.006060606060606061	0.050986600413614094	0.2465838004711999	up_in_B
NPC_neuronal_like_malignant	ndGBM_vs_rGBM	ndGBM	rGBM	MAPK8IP1	7	4	4.518183950806489	6.687098131004693	-2.168914180198204	0.0002719584781417991	0.006060606060606061	0.052243567902277764	0.2465838004711999	up_in_B
NPC_neuronal_like_malignant	ndGBM_vs_rGBM	ndGBM	rGBM	PGLS	7	4	7.000542391857303	8.042223261917108	-1.041680870059805	0.0002779216022257722	0.006060606060606061	0.05272172794222899	0.2465838004711999	up_in_B
NPC_neuronal_like_malignant	ndGBM_vs_rGBM	ndGBM	rGBM	ZNF286B	7	4	0.0	4.2922835551835075	-4.2922835551835075	0.0003109921556338467	0.003127608849433659	0.05628659337848263	0.2465838004711999	up_in_B
NPC_neuronal_like_malignant	ndGBM_vs_rGBM	ndGBM	rGBM	FLRT2	7	4	0.904101976647742	4.955902788112186	-4.051800811464444	0.0003115494098439998	0.007455461863585546	0.05628659337848263	0.2693287191090998	up_in_B
NPC_neuronal_like_malignant	ndGBM_vs_rGBM	ndGBM	rGBM	PSMD8	7	4	7.8328636212235505	8.829752567441597	-0.9968889462180464	0.00032930584805242023	0.006060606060606061	0.05811099476794802	0.2465838004711999	up_in_B
NPC_neuronal_like_malignant	ndGBM_vs_rGBM	ndGBM	rGBM	SNRPD3	7	4	6.54671553494199	7.696377422974072	-1.1496618880320817	0.0003331504452845241	0.006060606060606061	0.05811369146710273	0.2465838004711999	up_in_B
NPC_neuronal_like_malignant	ndGBM_vs_rGBM	ndGBM	rGBM	GRIA2	7	4	8.168217471647138	9.339319600243506	-1.1711021285963685	0.0003727480470819941	0.006060606060606061	0.062235476000671794	0.2465838004711999	up_in_B
NPC_neuronal_like_malignant	ndGBM_vs_rGBM	ndGBM	rGBM	ST20	7	4	0.0	4.534973949880835	-4.534973949880835	0.00038294854991070663	0.003127608849433659	0.06316986079831395	0.2465838004711999	up_in_B
NPC_neuronal_like_malignant	ndGBM_vs_rGBM	ndGBM	rGBM	POU3F1	7	4	0.502183171383708	3.6970854883519837	-3.1949023169682755	0.0004057523354836424	0.017789147323704648	0.06488993510286153	0.33908113391984357	up_in_B
NPC_neuronal_like_malignant	ndGBM_vs_rGBM	ndGBM	rGBM	C2orf72	7	4	0.8651396790910232	3.7465331020894252	-2.881393422998402	0.00040620346829018484	0.009019924166363722	0.06488993510286153	0.2693287191090998	up_in_B
NPC_neuronal_like_malignant	ndGBM_vs_rGBM	ndGBM	rGBM	ZNF579	7	4	3.7066077264372166	5.877427252808285	-2.170819526371069	0.00041175252956242477	0.006060606060606061	0.06509121238165998	0.2465838004711999	up_in_B
NPC_neuronal_like_malignant	ndGBM_vs_rGBM	ndGBM	rGBM	ZNF219	7	4	3.7908745814750064	5.101963154071111	-1.3110885725961046	0.00048318433067223325	0.006060606060606061	0.07315855375838437	0.2465838004711999	up_in_B
NPC_neuronal_like_malignant	ndGBM_vs_rGBM	ndGBM	rGBM	NR2F6	7	4	4.412188642141228	6.448750588970814	-2.036561946829586	0.0005100524796503751	0.006060606060606061	0.07515103331236982	0.2465838004711999	up_in_B
NPC_neuronal_like_malignant	ndGBM_vs_rGBM	ndGBM	rGBM	PKN1	7	4	4.636129997214383	6.182698180447716	-1.5465681832333331	0.0005151933717492514	0.006060606060606061	0.07517860201602539	0.2465838004711999	up_in_B
NPC_neuronal_like_malignant	ndGBM_vs_rGBM	ndGBM	rGBM	NLRP1	7	4	2.3566457682359454	7.142204218707562	-4.785558450471616	0.00052440010840689	0.010555543856643567	0.07579329566840916	0.2693287191090998	up_in_B
NPC_neuronal_like_malignant	ndGBM_vs_rGBM	ndGBM	rGBM	RBM38	7	4	4.054333212911254	5.3110322199412225	-1.2566990070299688	0.0005466297104424999	0.006060606060606061	0.07826087250637151	0.2465838004711999	up_in_B
NPC_neuronal_like_malignant	ndGBM_vs_rGBM	ndGBM	rGBM	HES5	7	4	1.8240050777673251	5.331502953994623	-3.507497876227298	0.0005590631932647095	0.010555543856643567	0.07855873167578918	0.2693287191090998	up_in_B
NPC_neuronal_like_malignant	ndGBM_vs_rGBM	ndGBM	rGBM	DNM2	7	4	4.130249681777854	5.56934390470626	-1.4390942229284063	0.0006294089861576374	0.006060606060606061	0.08629268793389303	0.2465838004711999	up_in_B
NPC_neuronal_like_malignant	ndGBM_vs_rGBM	ndGBM	rGBM	PPP1R35	7	4	4.415114353107738	5.826499120781985	-1.4113847676742477	0.0006446120581120105	0.006060606060606061	0.08629268793389303	0.2465838004711999	up_in_B
OPC_NPC_like_malignant	GBM_vs_LGG	GBM	LGG	METTL13	36	4	4.624434634387566	0.0	4.624434634387566	1.7619022043400707e-32	0.0012598060939913664	2.673862785306491e-28	0.009320698952961205	up_in_A
OPC_NPC_like_malignant	GBM_vs_LGG	GBM	LGG	LINC01579	36	4	4.651986617414981	0.0	4.651986617414981	1.1786575896160073e-27	0.0012598060939913664	8.810915178352403e-24	0.009320698952961205	up_in_A
OPC_NPC_like_malignant	GBM_vs_LGG	GBM	LGG	UTP14C	36	4	4.334758139146779	0.0	4.334758139146779	1.7417465429004488e-27	0.0012598060939913664	8.810915178352403e-24	0.009320698952961205	up_in_A
OPC_NPC_like_malignant	GBM_vs_LGG	GBM	LGG	FAM220A	36	4	4.186731957119514	0.3644055228006038	3.8223264343189105	8.874711203724103e-26	2.18842324105482e-05	2.7908858469184274e-22	0.0007429868256431309	up_in_A
OPC_NPC_like_malignant	GBM_vs_LGG	GBM	LGG	PLAT	36	4	5.976763200753509	0.11635390495615938	5.86040929579735	4.1074216973739617e-25	2.18842324105482e-05	1.038903861322454e-21	0.0007429868256431309	up_in_A
OPC_NPC_like_malignant	GBM_vs_LGG	GBM	LGG	PDPN	36	4	6.59406202889959	0.09424432998597698	6.499817698913613	2.3962370384768197e-23	2.18842324105482e-05	4.545661661990527e-20	0.0007429868256431309	up_in_A
OPC_NPC_like_malignant	GBM_vs_LGG	GBM	LGG	SCG5	36	4	7.216936677352779	0.5730521322671162	6.643884545085663	5.625478474430457e-23	0.0002626107889265784	8.512580755914761e-20	0.0032533725165304114	up_in_A
OPC_NPC_like_malignant	GBM_vs_LGG	GBM	LGG	CARD19	36	4	5.595723667879676	0.7922164803476711	4.803507187532005	1.1458483704833248e-22	0.0002626107889265784	1.3376457592657643e-19	0.0032533725165304114	up_in_A
OPC_NPC_like_malignant	GBM_vs_LGG	GBM	LGG	S100A6	36	4	9.910858420156687	6.3271959643131215	3.583662455843566	1.5753964732492532e-22	2.18842324105482e-05	1.7077297770021907e-19	0.0007429868256431309	up_in_A
OPC_NPC_like_malignant	GBM_vs_LGG	GBM	LGG	LITAF	36	4	5.850119733804878	1.9742067517461583	3.8759129820587193	3.2827030324559783e-22	8.75369296421928e-05	3.113643826284495e-19	0.0017320214397000234	up_in_A
OPC_NPC_like_malignant	GBM_vs_LGG	GBM	LGG	NOP10	36	4	7.968800675284939	5.764670399464248	2.204130275820691	4.326405345843746e-22	2.18842324105482e-05	3.862207501677923e-19	0.0007429868256431309	up_in_A
OPC_NPC_like_malignant	GBM_vs_LGG	GBM	LGG	IGF2BP3	36	4	5.038169787757501	0.20475478153953725	4.8334150062179635	7.449498869447308e-22	0.002170735457185174	5.950189202249071e-19	0.013288858934345381	up_in_A
OPC_NPC_like_malignant	GBM_vs_LGG	GBM	LGG	TIMP1	36	4	8.438349528144212	0.32689364774641755	8.111455880397793	1.572846957325527e-21	0.0002626107889265784	1.1934762712186099e-18	0.0032533725165304114	up_in_A
OPC_NPC_like_malignant	GBM_vs_LGG	GBM	LGG	FBXO17	36	4	5.012557639391548	0.32990039357758894	4.682657245813959	3.0644680785073157e-21	0.0002626107889265784	2.1139257981557737e-18	0.0032533725165304114	up_in_A
OPC_NPC_like_malignant	GBM_vs_LGG	GBM	LGG	RBP1	36	4	7.533979553988211	0.5700877347821633	6.963891819206048	1.1218153370283664e-20	0.0002626107889265784	7.093612314476037e-18	0.0032533725165304114	up_in_A
OPC_NPC_like_malignant	GBM_vs_LGG	GBM	LGG	B2M	36	4	11.683170993309577	8.136543747915958	3.546627245393619	3.1341835111925605e-20	2.18842324105482e-05	1.7616432950317887e-17	0.0007429868256431309	up_in_A
OPC_NPC_like_malignant	GBM_vs_LGG	GBM	LGG	C5orf63	36	4	3.6478441174756333	0.22181172573677882	3.4260323917388544	4.509770146882678e-20	2.18842324105482e-05	2.4442954196104115e-17	0.0007429868256431309	up_in_A
OPC_NPC_like_malignant	GBM_vs_LGG	GBM	LGG	BTN2A2	36	4	3.5744641494774267	0.978682080545183	2.5957820689322437	4.999999586125929e-20	2.18842324105482e-05	2.6165515075533483e-17	0.0007429868256431309	up_in_A
OPC_NPC_like_malignant	GBM_vs_LGG	GBM	LGG	PTPRS	36	4	7.615014171164014	4.934990301392144	2.68002386977187	5.3129857532553406e-20	2.18842324105482e-05	2.6876623930467684e-17	0.0007429868256431309	up_in_A
OPC_NPC_like_malignant	GBM_vs_LGG	GBM	LGG	OCIAD2	36	4	6.681737989650333	0.42211385273778657	6.259624136912547	1.9811774454705666e-19	0.0002626107889265784	8.843043797782741e-17	0.0032533725165304114	up_in_A
OPC_NPC_like_malignant	GBM_vs_LGG	GBM	LGG	EFEMP2	36	4	5.44225127146785	0.5140082512618166	4.928243020206033	4.422768320223263e-19	2.18842324105482e-05	1.8140522169650875e-16	0.0007429868256431309	up_in_A
OPC_NPC_like_malignant	GBM_vs_LGG	GBM	LGG	MYL6	36	4	10.24860031460248	8.746561049070607	1.5020392655318737	5.25987839454485e-19	2.18842324105482e-05	2.0467670388618627e-16	0.0007429868256431309	up_in_A
OPC_NPC_like_malignant	GBM_vs_LGG	GBM	LGG	NDUFA4	36	4	11.05790820756157	9.603450379646112	1.4544578279154567	5.525134023305773e-19	2.18842324105482e-05	2.09623584844221e-16	0.0007429868256431309	up_in_A
OPC_NPC_like_malignant	GBM_vs_LGG	GBM	LGG	UQCRQ	36	4	9.970523676496603	8.385485092205542	1.5850385842910608	1.7282719069903646e-18	2.18842324105482e-05	6.397135234264823e-16	0.0007429868256431309	up_in_A
OPC_NPC_like_malignant	GBM_vs_LGG	GBM	LGG	MIR4435-2HG	36	4	5.151265365211086	0.2573981981763552	4.89386716703473	1.991935220994778e-18	0.002170735457185174	7.197525931861132e-16	0.013288858934345381	up_in_A
OPC_NPC_like_malignant	GBM_vs_LGG	GBM	LGG	TNFRSF1A	36	4	5.755906321861664	0.6719126230304178	5.083993698831247	2.2363323805842485e-18	2.18842324105482e-05	7.691005036832983e-16	0.0007429868256431309	up_in_A
OPC_NPC_like_malignant	GBM_vs_LGG	GBM	LGG	EMP3	36	4	5.716744664788718	0.6603779446709973	5.056366720117721	2.2805431382280193e-18	2.18842324105482e-05	7.691005036832983e-16	0.0007429868256431309	up_in_A
OPC_NPC_like_malignant	GBM_vs_LGG	GBM	LGG	ZNF286B	36	4	3.4799767868016054	0.0	3.4799767868016054	2.4436140322193315e-18	0.0023026023485683282	8.061801424556646e-16	0.013960964139781441	up_in_A
OPC_NPC_like_malignant	GBM_vs_LGG	GBM	LGG	TMEM106C	36	4	5.570573390556185	3.849930612457768	1.720642778098417	2.5988918593156395e-18	2.18842324105482e-05	8.391655927015775e-16	0.0007429868256431309	up_in_A
OPC_NPC_like_malignant	GBM_vs_LGG	GBM	LGG	ST20	36	4	4.100284345104037	0.0	4.100284345104037	3.9450891374261994e-18	0.003068858202469389	1.221850464277143e-15	0.01712872088292587	up_in_A
OPC_NPC_like_malignant	GBM_vs_LGG	GBM	LGG	CD276	36	4	5.441024795910784	2.802028606363469	2.638996189547315	4.146532188836772e-18	2.18842324105482e-05	1.258555449955737e-15	0.0007429868256431309	up_in_A
OPC_NPC_like_malignant	GBM_vs_LGG	GBM	LGG	POLR2L	36	4	9.087163891142406	7.27608862435209	1.8110752667903167	8.662828156361571e-18	8.75369296421928e-05	2.5777858843322198e-15	0.0017320214397000234	up_in_A
OPC_NPC_like_malignant	GBM_vs_LGG	GBM	LGG	UQCR11	36	4	10.147454702878344	8.678628960963533	1.4688257419148112	1.1346853011901246e-17	0.0002626107889265784	3.311535409781025e-15	0.0032533725165304114	up_in_A
OPC_NPC_like_malignant	GBM_vs_LGG	GBM	LGG	XKR8	36	4	3.14124385385615	0.028559896215923468	3.1126839576402268	1.8226070424410096e-17	0.0026921130026744907	5.218846127563163e-15	0.015193568958195638	up_in_A
OPC_NPC_like_malignant	GBM_vs_LGG	GBM	LGG	TRIM36	36	4	4.4634394346598425	0.28180480146741904	4.181634633192424	1.9707316884614325e-17	0.002170735457185174	5.4702744614140486e-15	0.013288858934345381	up_in_A
OPC_NPC_like_malignant	GBM_vs_LGG	GBM	LGG	MYDGF	36	4	7.9578589050042865	6.497415408400249	1.4604434966040376	1.9825058999589658e-17	2.18842324105482e-05	5.4702744614140486e-15	0.0007429868256431309	up_in_A
OPC_NPC_like_malignant	GBM_vs_LGG	GBM	LGG	BLM	36	4	4.680141103254576	1.0937044606428687	3.586436642611708	2.793967988433518e-17	2.18842324105482e-05	7.535302634175168e-15	0.0007429868256431309	up_in_A
OPC_NPC_like_malignant	GBM_vs_LGG	GBM	LGG	ZMPSTE24	36	4	6.003028744115821	4.583655770305959	1.4193729738098622	2.830207236083188e-17	2.18842324105482e-05	7.535302634175168e-15	0.0007429868256431309	up_in_A
OPC_NPC_like_malignant	GBM_vs_LGG	GBM	LGG	CBR1	36	4	7.971992869319383	1.75678217938636	6.215210689933023	3.158218752456517e-17	0.0002626107889265784	8.263642721944846e-15	0.0032533725165304114	up_in_A
OPC_NPC_like_malignant	GBM_vs_LGG	GBM	LGG	CLPP	36	4	7.003265451738634	6.049942588610907	0.9533228631277266	3.763354764204891e-17	4.37684648210964e-05	9.680113881622614e-15	0.0010696138842591933	up_in_A
OPC_NPC_like_malignant	GBM_vs_LGG	GBM	LGG	ARPC1A	36	4	7.657185986727845	6.416189634795108	1.2409963519327372	4.2781297625034265e-17	2.18842324105482e-05	1.0820816212625334e-14	0.0007429868256431309	up_in_A
OPC_NPC_like_malignant	GBM_vs_LGG	GBM	LGG	FKBP9	36	4	5.629929933556864	0.9079195603961656	4.722010373160699	5.0128573480698145e-17	2.18842324105482e-05	1.2075416367350398e-14	0.0007429868256431309	up_in_A
OPC_NPC_like_malignant	GBM_vs_LGG	GBM	LGG	UBL5	36	4	9.657611595098725	8.505420800095699	1.1521907950030261	5.120735832137484e-17	0.0002626107889265784	1.214254484195601e-14	0.0032533725165304114	up_in_A
OPC_NPC_like_malignant	GBM_vs_LGG	GBM	LGG	FKBP1A	36	4	8.386172378343758	6.9054929491993535	1.4806794291444048	9.553688264714684e-17	2.18842324105482e-05	2.163981688138956e-14	0.0007429868256431309	up_in_A
OPC_NPC_like_malignant	GBM_vs_LGG	GBM	LGG	UQCRHL	36	4	6.389052355298071	2.279883582416483	4.109168772881588	1.0007357373983615e-16	2.18842324105482e-05	2.233406698640814e-14	0.0007429868256431309	up_in_A
OPC_NPC_like_malignant	GBM_vs_LGG	GBM	LGG	CCER2	36	4	4.7616426702272	1.1902746121178016	3.5713680581093987	1.0817228642300217e-16	2.18842324105482e-05	2.3791632155876537e-14	0.0007429868256431309	up_in_A
OPC_NPC_like_malignant	GBM_vs_LGG	GBM	LGG	ISG20	36	4	3.9364549869261882	0.27555149398293677	3.6609034929432513	1.341075007133541e-16	0.002170735457185174	2.907450615465517e-14	0.013288858934345381	up_in_A
OPC_NPC_like_malignant	GBM_vs_LGG	GBM	LGG	FKBP1C	36	4	5.054687711748918	0.17093654526862767	4.88375116648029	1.522436219848902e-16	2.18842324105482e-05	3.2031910206519286e-14	0.0007429868256431309	up_in_A
OPC_NPC_like_malignant	GBM_vs_LGG	GBM	LGG	CPSF4	36	4	5.622313368022364	4.277443117740648	1.3448702502817156	1.5408074888481206e-16	2.18842324105482e-05	3.2031910206519286e-14	0.0007429868256431309	up_in_A
OPC_NPC_like_malignant	GBM_vs_LGG	GBM	LGG	HOXA7	36	4	5.260986937820426	0.14192688559094407	5.119060052229481	2.0321637764061575e-16	0.0026921130026744907	4.112015662765313e-14	0.015193568958195638	up_in_A
OPC_NPC_like_malignant	GBM_vs_LGG	GBM	LGG	RANBP17	36	4	0.4873185410868444	4.983056358785477	-4.4957378176986325	9.195064071291603e-26	0.00015421538788909633	2.7908858469184274e-22	0.00246874760190393	up_in_B
OPC_NPC_like_malignant	GBM_vs_LGG	GBM	LGG	ZNF23	36	4	0.8461061812833036	4.151217263686358	-3.3051110824030543	9.902213651557808e-24	0.0010382381089874143	2.1467999196577327e-20	0.008840834197042399	up_in_B
OPC_NPC_like_malignant	GBM_vs_LGG	GBM	LGG	ZNF410	36	4	1.0077087731568548	4.591434048914341	-3.5837252757574856	3.5200030387278476e-23	0.0010846330037043099	5.935507346192646e-20	0.008840834197042399	up_in_B
OPC_NPC_like_malignant	GBM_vs_LGG	GBM	LGG	MRPL38	36	4	1.7841673142139252	6.478594678559356	-4.69442736434543	6.170162645958248e-23	0.0012111344964509	8.512580755914761e-20	0.009190088559069429	up_in_B
OPC_NPC_like_malignant	GBM_vs_LGG	GBM	LGG	GNG10	36	4	2.1210113496829393	7.220818596375887	-5.099807246692947	8.96395285575907e-23	0.001253155029043083	1.1336412378249972e-19	0.009320698952961205	up_in_B
OPC_NPC_like_malignant	GBM_vs_LGG	GBM	LGG	STRADA	36	4	1.1209767002133664	5.142814317047607	-4.021837616834241	2.072746785906708e-22	0.0010382381089874143	2.0970670148613469e-19	0.008840834197042399	up_in_B
OPC_NPC_like_malignant	GBM_vs_LGG	GBM	LGG	ZFYVE16	36	4	5.205834891705838	7.755255141653106	-2.549420249947268	4.926855755019396e-22	2.18842324105482e-05	4.153886829898575e-19	0.0007429868256431309	up_in_B
OPC_NPC_like_malignant	GBM_vs_LGG	GBM	LGG	UBE2V1	36	4	3.578982665875355	7.1230396781764425	-3.5440570123010873	2.8563963769528998e-21	2.18842324105482e-05	2.0642224484112955e-18	0.0007429868256431309	up_in_B
OPC_NPC_like_malignant	GBM_vs_LGG	GBM	LGG	LINC00632	36	4	2.5161864251970902	9.368346055063103	-6.852159629866013	5.320216825011037e-21	0.0012294024300191356	3.510417849407283e-18	0.009273067235571772	up_in_B
OPC_NPC_like_malignant	GBM_vs_LGG	GBM	LGG	PHF6	36	4	5.191379298285327	6.769197245545184	-1.5778179472598577	2.387846806977739e-20	2.18842324105482e-05	1.4495185257077667e-17	0.0007429868256431309	up_in_B
OPC_NPC_like_malignant	GBM_vs_LGG	GBM	LGG	RNASEK	36	4	3.8702608784589287	8.975251087396378	-5.1049902089374495	2.622535380751585e-20	2.18842324105482e-05	1.5307537283956173e-17	0.0007429868256431309	up_in_B
OPC_NPC_like_malignant	GBM_vs_LGG	GBM	LGG	IGSF9B	36	4	1.2842391550346983	5.61735527776329	-4.333116122728591	7.154036277155391e-20	0.0011249507383981631	3.502246920713233e-17	0.008840834197042399	up_in_B
OPC_NPC_like_malignant	GBM_vs_LGG	GBM	LGG	SARNP	36	4	3.9261272659671786	6.839294825438781	-2.9131675594716024	1.4121896959970147e-19	2.18842324105482e-05	6.697309633265841e-17	0.0007429868256431309	up_in_B
OPC_NPC_like_malignant	GBM_vs_LGG	GBM	LGG	KDM5B	36	4	5.000260067314385	7.158518260139894	-2.1582581928255085	1.726908287898777e-19	2.18842324105482e-05	7.941684902167224e-17	0.0007429868256431309	up_in_B
OPC_NPC_like_malignant	GBM_vs_LGG	GBM	LGG	ERCC6L2	36	4	4.1860188295484635	6.428140754523484	-2.24212192497502	2.996574698120703e-19	2.18842324105482e-05	1.2993147891051367e-16	0.0007429868256431309	up_in_B
OPC_NPC_like_malignant	GBM_vs_LGG	GBM	LGG	PSMA6	36	4	3.6281536486337824	7.573962137540635	-3.9458084889068523	4.0364538895566274e-19	2.18842324105482e-05	1.701589561886427e-16	0.0007429868256431309	up_in_B
OPC_NPC_like_malignant	GBM_vs_LGG	GBM	LGG	GABARAP	36	4	4.207348868350121	9.518438603477279	-5.311089735127157	4.66146291286097e-19	2.18842324105482e-05	1.861641083304686e-16	0.0007429868256431309	up_in_B
OPC_NPC_like_malignant	GBM_vs_LGG	GBM	LGG	KDM5A	36	4	5.683849235292614	7.24370813010623	-1.5598588948136154	2.1493638798702905e-18	2.18842324105482e-05	7.585754939746867e-16	0.0007429868256431309	up_in_B
OPC_NPC_like_malignant	GBM_vs_LGG	GBM	LGG	MIPOL1	36	4	0.9491659951202814	4.139464303455602	-3.1902983083353207	3.3480803528271835e-18	0.0010382381089874143	1.0585514048855278e-15	0.008840834197042399	up_in_B
OPC_NPC_like_malignant	GBM_vs_LGG	GBM	LGG	PAGR1	36	4	1.832765326961242	5.524655634840115	-3.6918903078788725	4.463822715893518e-17	0.0012294024300191356	1.1105405497770498e-14	0.009273067235571772	up_in_B
OPC_NPC_like_malignant	GBM_vs_LGG	GBM	LGG	ZBTB20	36	4	6.909621542999352	9.679736572334841	-2.7701150293354893	4.646176635438169e-17	2.18842324105482e-05	1.1372641390227365e-14	0.0007429868256431309	up_in_B
OPC_NPC_like_malignant	GBM_vs_LGG	GBM	LGG	TAF1D	36	4	6.1072941731964665	7.434971751055131	-1.3276775778586645	7.182877790469702e-17	4.37684648210964e-05	1.677036205356434e-14	0.0010696138842591933	up_in_B
OPC_NPC_like_malignant	GBM_vs_LGG	GBM	LGG	FCHSD2	36	4	4.401490065846613	7.007323852903377	-2.6058337870567634	7.457219780532676e-17	2.18842324105482e-05	1.7147085968085438e-14	0.0007429868256431309	up_in_B
OPC_NPC_like_malignant	GBM_vs_LGG	GBM	LGG	ZBTB16	36	4	4.547636519261306	8.961320980733248	-4.413684461471942	1.4434256043202411e-16	2.18842324105482e-05	3.085271404389293e-14	0.0007429868256431309	up_in_B
OPC_NPC_like_malignant	GBM_vs_LGG	GBM	LGG	RAVER1	36	4	1.1235939832743762	4.851492444302467	-3.727898461028091	1.789892282982861e-16	0.0009275515020232208	3.670730444128095e-14	0.007993481882285292	up_in_B
OPC_NPC_like_malignant	GBM_vs_LGG	GBM	LGG	KIAA1586	36	4	4.371803432997997	6.04556183897982	-1.6737584059818227	2.1660516703691436e-16	2.18842324105482e-05	4.269090928509367e-14	0.0007429868256431309	up_in_B
OPC_NPC_like_malignant	GBM_vs_LGG	GBM	LGG	FRS2	36	4	4.27728366334892	5.841297982652671	-1.5640143193037508	2.5043763740331283e-16	2.18842324105482e-05	4.750801981540844e-14	0.0007429868256431309	up_in_B
OPC_NPC_like_malignant	GBM_vs_LGG	GBM	LGG	ABHD16A	36	4	1.4665294747467157	4.632249169924695	-3.165719695177979	2.6062639696834913e-16	0.0010846330037043099	4.883044691841563e-14	0.008840834197042399	up_in_B
OPC_NPC_like_malignant	GBM_vs_LGG	GBM	LGG	GRIA2	36	4	6.957941154587854	10.216787188607189	-3.258846034019335	2.9447635113032405e-16	2.18842324105482e-05	5.449967200919265e-14	0.0007429868256431309	up_in_B
OPC_NPC_like_malignant	GBM_vs_LGG	GBM	LGG	ZNF708	36	4	4.058787876460009	6.649869349209053	-2.5910814727490434	3.1363145488505376e-16	2.18842324105482e-05	5.599612893335971e-14	0.0007429868256431309	up_in_B
OPC_NPC_like_malignant	GBM_vs_LGG	GBM	LGG	NIN	36	4	5.2200400287861335	7.229388643236595	-2.0093486144504613	3.4464446798056366e-16	0.0002626107889265784	6.08177261171283e-14	0.0032533725165304114	up_in_B
OPC_NPC_like_malignant	GBM_vs_LGG	GBM	LGG	MXI1	36	4	5.017900376605473	7.041418155321949	-2.023517778716476	5.306622501657006e-16	0.0002626107889265784	9.048685739904127e-14	0.0032533725165304114	up_in_B
OPC_NPC_like_malignant	GBM_vs_LGG	GBM	LGG	HELZ	36	4	5.187498681930267	6.435596837535405	-1.2480981556051383	7.339398783466998e-16	2.18842324105482e-05	1.184922509977608e-13	0.0007429868256431309	up_in_B
OPC_NPC_like_malignant	GBM_vs_LGG	GBM	LGG	CSMD3	36	4	1.9634148232397424	6.115346158353744	-4.151931335114002	8.598524215168237e-16	0.0012111344964509	1.3315428927489099e-13	0.009190088559069429	up_in_B
OPC_NPC_like_malignant	GBM_vs_LGG	GBM	LGG	MT-CO3	36	4	10.010515240054195	14.320915231073196	-4.3103999910190005	1.3256229451474358e-15	2.18842324105482e-05	1.9963659397010905e-13	0.0007429868256431309	up_in_B
OPC_NPC_like_malignant	GBM_vs_LGG	GBM	LGG	ZNF91	36	4	5.208424798538784	7.153072251906547	-1.9446474533677627	1.3286304685675418e-15	2.18842324105482e-05	1.9963659397010905e-13	0.0007429868256431309	up_in_B
OPC_NPC_like_malignant	GBM_vs_LGG	GBM	LGG	SUPT16H	36	4	5.7778336025276404	7.221603170582953	-1.4437695680553126	1.536012986390067e-15	2.18842324105482e-05	2.2200507696624435e-13	0.0007429868256431309	up_in_B
OPC_NPC_like_malignant	GBM_vs_LGG	GBM	LGG	MTG1	36	4	3.125311411521927	5.685472703215961	-2.5601612916940337	1.6122609056245813e-15	0.001265811843835862	2.3082708965810046e-13	0.009320698952961205	up_in_B
OPC_NPC_like_malignant	GBM_vs_LGG	GBM	LGG	SPAG9	36	4	6.63678103539586	7.9583391952801446	-1.321558159884285	2.4527958217877977e-15	0.0002626107889265784	3.3177591387231433e-13	0.0032533725165304114	up_in_B
OPC_NPC_like_malignant	GBM_vs_LGG	GBM	LGG	SIX4	36	4	1.706272915729771	4.440754850934884	-2.7344819352051135	2.470392611200021e-15	0.0012294024300191356	3.3177591387231433e-13	0.009273067235571772	up_in_B
OPC_NPC_like_malignant	GBM_vs_LGG	GBM	LGG	ZNF564	36	4	1.2255613348576646	3.9769644085078726	-2.751403073650208	2.5777303475314954e-15	0.0011249507383981631	3.4315469959770153e-13	0.008840834197042399	up_in_B
OPC_NPC_like_malignant	GBM_vs_LGG	GBM	LGG	KCNIP3	36	4	2.455918959209698	6.2300411910854665	-3.7741222318757686	3.021821576099404e-15	0.0012638078425663936	3.9533762274900477e-13	0.009320698952961205	up_in_B
OPC_NPC_like_malignant	GBM_vs_LGG	GBM	LGG	MT-ATP6	36	4	9.03989534326233	13.997453972938557	-4.957558629676226	3.472145474832325e-15	2.18842324105482e-05	4.503699121885074e-13	0.0007429868256431309	up_in_B
OPC_NPC_like_malignant	GBM_vs_LGG	GBM	LGG	ERCC5	36	4	3.657528512198492	6.060223341505667	-2.402694829307175	3.961300756754667e-15	2.18842324105482e-05	5.094635617331257e-13	0.0007429868256431309	up_in_B
OPC_NPC_like_malignant	GBM_vs_LGG	GBM	LGG	PIBF1	36	4	3.2490825328436084	5.005078223835385	-1.7559956909917767	4.288950154904336e-15	2.18842324105482e-05	5.42409229590235e-13	0.0007429868256431309	up_in_B
OPC_NPC_like_malignant	GBM_vs_LGG	GBM	LGG	CHML	36	4	2.8027953110711716	5.113081042417512	-2.3102857313463407	5.571024162677915e-15	0.001265811843835862	6.929988745311479e-13	0.009320698952961205	up_in_B
OPC_NPC_like_malignant	GBM_vs_LGG	GBM	LGG	MRPS24	36	4	3.096906038159985	7.2559495259544935	-4.159043487794508	7.703418605858508e-15	0.0012294024300191356	9.205281949803836e-13	0.009273067235571772	up_in_B
OPC_NPC_like_malignant	GBM_vs_LGG	GBM	LGG	DST	36	4	7.4574832277822845	9.694242823220605	-2.236759595438321	7.993300734403694e-15	2.18842324105482e-05	9.47705718322738e-13	0.0007429868256431309	up_in_B
OPC_NPC_like_malignant	GBM_vs_LGG	GBM	LGG	RBM4	36	4	5.065485327204804	7.467549977770368	-2.4020646505655634	8.221693081937873e-15	2.18842324105482e-05	9.672280171433268e-13	0.0007429868256431309	up_in_B
OPC_NPC_like_malignant	GBM_vs_LGG	GBM	LGG	CREBRF	36	4	4.587261684186626	6.693101085740556	-2.10583940155393	8.353064403189241e-15	2.18842324105482e-05	9.751238875599993e-13	0.0007429868256431309	up_in_B
OPC_NPC_like_malignant	GBM_vs_ndGBM	GBM	ndGBM	GABPB1	36	15	5.831392906011543	3.8008702576694997	2.0305226483420435	1.698120633237857e-23	2.529517393060806e-08	1.288533936500886e-19	2.431547424093613e-05	up_in_A
OPC_NPC_like_malignant	GBM_vs_ndGBM	GBM	ndGBM	MKKS	36	15	6.698483889077604	5.03461435773531	1.6638695313422938	4.518376309878143e-22	2.529517393060806e-08	1.3714175775742139e-18	2.431547424093613e-05	up_in_A
OPC_NPC_like_malignant	GBM_vs_ndGBM	GBM	ndGBM	ALDOA	36	15	9.669932594560697	4.8722151969095835	4.797717397651113	8.069507431416854e-20	2.529517393060806e-08	2.0410474129863696e-16	2.431547424093613e-05	up_in_A
OPC_NPC_like_malignant	GBM_vs_ndGBM	GBM	ndGBM	ZNF320	36	15	4.0838840903871345	1.005098379704399	3.0787857106827357	1.906985888654792e-18	1.431649765354031e-07	3.6175522307781405e-15	3.811704708598733e-05	up_in_A
OPC_NPC_like_malignant	GBM_vs_ndGBM	GBM	ndGBM	UQCRHL	36	15	6.389052355298071	1.9726912248079926	4.4163611304900785	9.119054078368236e-18	2.847651236946421e-08	1.5376751632590707e-14	2.431547424093613e-05	up_in_A
OPC_NPC_like_malignant	GBM_vs_ndGBM	GBM	ndGBM	NACA2	36	15	5.543702129451259	0.6290774921023949	4.914624637348864	5.5221341912277874e-17	2.511272053523973e-08	8.38039084860729e-14	2.431547424093613e-05	up_in_A
OPC_NPC_like_malignant	GBM_vs_ndGBM	GBM	ndGBM	FKBP1C	36	15	5.054687711748918	0.2581590112658697	4.796528700483048	1.522180594705836e-16	2.4661625873138793e-08	1.925051058771314e-13	2.431547424093613e-05	up_in_A
OPC_NPC_like_malignant	GBM_vs_ndGBM	GBM	ndGBM	BAG6	36	15	6.414406550834238	5.3790029182252646	1.0354036326089737	5.343325680957161e-16	2.529517393060806e-08	6.237716194938913e-13	2.431547424093613e-05	up_in_A
OPC_NPC_like_malignant	GBM_vs_ndGBM	GBM	ndGBM	MIF-AS1	36	15	3.617077445568317	0.6630782155648998	2.9539992300034172	3.994612379437592e-14	1.3524289358531906e-07	3.788889841896556e-11	3.800826209353337e-05	up_in_A
OPC_NPC_like_malignant	GBM_vs_ndGBM	GBM	ndGBM	MAP1LC3B2	36	15	3.597502527669116	1.131936496279663	2.4655660313894527	7.508835590192028e-14	7.237430706026008e-08	6.330782717597456e-11	3.0509791220736304e-05	up_in_A
OPC_NPC_like_malignant	GBM_vs_ndGBM	GBM	ndGBM	ACTB	36	15	12.592104790953245	11.383770054785202	1.2083347361680428	1.223601830120616e-13	3.1136814343454786e-07	9.332532982175241e-11	4.3707376626469534e-05	up_in_A
OPC_NPC_like_malignant	GBM_vs_ndGBM	GBM	ndGBM	EWSR1	36	15	7.48735153015213	6.450767380681191	1.0365841494709382	1.2299068242191934e-13	3.204464185679511e-08	9.332532982175241e-11	2.431547424093613e-05	up_in_A
OPC_NPC_like_malignant	GBM_vs_ndGBM	GBM	ndGBM	PTPRS	36	15	7.615014171164014	3.7145227835445254	3.9004913876194887	1.2964493567888874e-13	2.529517393060806e-08	9.369007351727693e-11	2.431547424093613e-05	up_in_A
OPC_NPC_like_malignant	GBM_vs_ndGBM	GBM	ndGBM	HNRNPA1L2	36	15	5.557506444108206	2.7880941762042775	2.769412267903929	7.383493802168132e-13	2.4989804022914657e-07	4.482076077668143e-10	4.213836287241698e-05	up_in_A
OPC_NPC_like_malignant	GBM_vs_ndGBM	GBM	ndGBM	EIF5AL1	36	15	4.235782179368206	1.8753562311345113	2.3604259482336944	1.7976589201540775e-12	1.0198145150315906e-07	9.7433113472351e-10	3.439267795582093e-05	up_in_A
OPC_NPC_like_malignant	GBM_vs_ndGBM	GBM	ndGBM	REPIN1	36	15	6.799156002487034	5.687752128333973	1.1114038741530603	2.1615625332937185e-12	1.6017026477963617e-07	1.0862010291619944e-09	3.920554739186707e-05	up_in_A
OPC_NPC_like_malignant	GBM_vs_ndGBM	GBM	ndGBM	BEST1	36	15	5.480700026469674	2.6113077348553824	2.8693922916142918	2.2108577721774167e-12	1.791212106633608e-07	1.0862010291619944e-09	3.997563960334064e-05	up_in_A
OPC_NPC_like_malignant	GBM_vs_ndGBM	GBM	ndGBM	RNASEH2A	36	15	5.473260800118491	2.7830204311207267	2.6902403689977645	2.21878175435041e-12	2.847651236946421e-08	1.0862010291619944e-09	2.431547424093613e-05	up_in_A
OPC_NPC_like_malignant	GBM_vs_ndGBM	GBM	ndGBM	ZC3H11A	36	15	6.09680942570327	2.022025071250747	4.0747843544525235	2.5967567969853803e-12	2.529517393060806e-08	1.1941933682136403e-09	2.431547424093613e-05	up_in_A
OPC_NPC_like_malignant	GBM_vs_ndGBM	GBM	ndGBM	LIMK2	36	15	4.747321517290259	2.3502224623871557	2.3970990549031033	3.7874500577107535e-12	3.8731693225812846e-07	1.690539472818188e-09	4.6650172729756803e-05	up_in_A
OPC_NPC_like_malignant	GBM_vs_ndGBM	GBM	ndGBM	MEN1	36	15	4.685383933426634	3.7861814558843543	0.8992024775422793	4.982663491724156e-12	3.473443093802482e-07	2.100469476400161e-09	4.467201050131056e-05	up_in_A
OPC_NPC_like_malignant	GBM_vs_ndGBM	GBM	ndGBM	HLA-G	36	15	3.050384209781837	0.19768552214853705	2.8526986876333	8.162515964237774e-12	1.1065245145301868e-07	3.347955196574931e-09	3.538080488028844e-05	up_in_A
OPC_NPC_like_malignant	GBM_vs_ndGBM	GBM	ndGBM	HSF1	36	15	5.996055833471527	4.938629091776769	1.0574267416947576	8.429540008652036e-12	3.204464185679511e-08	3.3664920834553503e-09	2.431547424093613e-05	up_in_A
OPC_NPC_like_malignant	GBM_vs_ndGBM	GBM	ndGBM	DVL2	36	15	5.194263832682326	4.201058350914421	0.9932054817679052	1.3912364101846408e-11	2.4989804022914657e-07	5.027000895467169e-09	4.213836287241698e-05	up_in_A
OPC_NPC_like_malignant	GBM_vs_ndGBM	GBM	ndGBM	OTUB1	36	15	6.65589725489961	5.805469006311694	0.8504282485879164	4.511345414230157e-11	1.0133107440392086e-06	1.3424348628697425e-08	7.766668611888398e-05	up_in_A
OPC_NPC_like_malignant	GBM_vs_ndGBM	GBM	ndGBM	RING1	36	15	6.124807654716879	5.274399193819595	0.8504084608972837	4.88152567591306e-11	3.8731693225812846e-07	1.3977742199557847e-08	4.6650172729756803e-05	up_in_A
OPC_NPC_like_malignant	GBM_vs_ndGBM	GBM	ndGBM	C4orf36	36	15	2.993739841600787	0.9046389864294178	2.0891008551713695	6.02712582239456e-11	2.7831349016164143e-07	1.633351097868926e-08	4.225015287296294e-05	up_in_A
OPC_NPC_like_malignant	GBM_vs_ndGBM	GBM	ndGBM	UQCRC1	36	15	7.592382039203557	6.7295359644980435	0.8628460747055131	6.661432831084673e-11	8.206952338948541e-07	1.742998355940362e-08	6.919372705326837e-05	up_in_A
OPC_NPC_like_malignant	GBM_vs_ndGBM	GBM	ndGBM	TVP23B	36	15	4.998256087609762	3.8498320492857414	1.1484240383240203	9.040656820924831e-11	1.0133107440392086e-06	2.286683465239254e-08	7.766668611888398e-05	up_in_A
OPC_NPC_like_malignant	GBM_vs_ndGBM	GBM	ndGBM	RPA1	36	15	5.627587261580517	4.737544382256063	0.8900428793244544	1.0420096377946509e-10	9.121199410311836e-07	2.550570687608326e-08	7.323985304280022e-05	up_in_A
OPC_NPC_like_malignant	GBM_vs_ndGBM	GBM	ndGBM	KLC2	36	15	4.505252956521913	3.524534177932671	0.980718778589242	1.389909941361553e-10	1.791212106633608e-07	3.132999072948821e-08	3.997563960334064e-05	up_in_A
OPC_NPC_like_malignant	GBM_vs_ndGBM	GBM	ndGBM	USP6	36	15	2.7683765976366677	0.49589938370591435	2.2724772139307534	1.4038214085432253e-10	1.8684220151578917e-06	3.132999072948821e-08	0.00011510152637039452	up_in_A
OPC_NPC_like_malignant	GBM_vs_ndGBM	GBM	ndGBM	HSPA8	36	15	9.933576564470991	8.858168392276522	1.0754081721944697	1.5561658540124736e-10	8.11727386098294e-08	3.4143924641881865e-08	3.0626785660695e-05	up_in_A
OPC_NPC_like_malignant	GBM_vs_ndGBM	GBM	ndGBM	PABPC3	36	15	3.794037733429092	0.4576442419634526	3.3363934914656395	1.5749042731495327e-10	4.6520911853624586e-07	3.4143924641881865e-08	5.213980095336565e-05	up_in_A
OPC_NPC_like_malignant	GBM_vs_ndGBM	GBM	ndGBM	ELAC2	36	15	5.400515323730509	4.394653166648222	1.0058621570822863	1.8158840703506174e-10	1.249068307941769e-06	3.881388260794503e-08	8.735419650379856e-05	up_in_A
OPC_NPC_like_malignant	GBM_vs_ndGBM	GBM	ndGBM	SF3A2	36	15	5.715932375430717	4.5815670665795745	1.1343653088511427	2.0703257039005462e-10	9.121199410311836e-07	4.3637865114437066e-08	7.323985304280022e-05	up_in_A
OPC_NPC_like_malignant	GBM_vs_ndGBM	GBM	ndGBM	EIF4A3	36	15	7.199495395629977	6.055399811373312	1.1440955842566654	2.401823788380103e-10	3.1136814343454786e-07	4.993161344172115e-08	4.3707376626469534e-05	up_in_A
OPC_NPC_like_malignant	GBM_vs_ndGBM	GBM	ndGBM	IMPDH2	36	15	6.813866848194579	5.755530825949848	1.0583360222447311	3.0818475977966553e-10	2.2373681760115623e-07	6.153963045284479e-08	4.213836287241698e-05	up_in_A
OPC_NPC_like_malignant	GBM_vs_ndGBM	GBM	ndGBM	PAF1	36	15	6.258696856920285	5.02021781051536	1.2384790464049251	3.181354735902873e-10	1.1423691612639255e-07	6.270160970397664e-08	3.538080488028844e-05	up_in_A
OPC_NPC_like_malignant	GBM_vs_ndGBM	GBM	ndGBM	UROD	36	15	6.710325502449275	5.591411066792623	1.1189144356566523	3.42433676029251e-10	3.8731693225812846e-07	6.662530086435786e-08	4.6650172729756803e-05	up_in_A
OPC_NPC_like_malignant	GBM_vs_ndGBM	GBM	ndGBM	PRR14	36	15	5.247082521912751	4.3994817399289134	0.8476007819838376	4.151998672666489e-10	3.1136814343454786e-07	7.976042007137549e-08	4.3707376626469534e-05	up_in_A
OPC_NPC_like_malignant	GBM_vs_ndGBM	GBM	ndGBM	USP39	36	15	5.350197820880876	4.630522941422187	0.7196748794586885	4.241935356566064e-10	3.473443093802482e-07	8.046951371405824e-08	4.467201050131056e-05	up_in_A
OPC_NPC_like_malignant	GBM_vs_ndGBM	GBM	ndGBM	HNRNPH1	36	15	8.819597605248083	7.5651809365009255	1.2544166687471572	4.877224767459627e-10	8.206952338948541e-07	8.927157796577207e-08	6.919372705326837e-05	up_in_A
OPC_NPC_like_malignant	GBM_vs_ndGBM	GBM	ndGBM	TRAP1	36	15	6.446495535143081	5.320196373761549	1.1262991613815316	4.882407071138035e-10	1.1423691612639255e-07	8.927157796577207e-08	3.538080488028844e-05	up_in_A
OPC_NPC_like_malignant	GBM_vs_ndGBM	GBM	ndGBM	KLC4	36	15	4.235489036089417	3.301447892241073	0.934041143848344	5.181074611225828e-10	7.381293710093123e-07	9.360474797614662e-08	6.628314399075339e-05	up_in_A
OPC_NPC_like_malignant	GBM_vs_ndGBM	GBM	ndGBM	ST6GALNAC2	36	15	2.4514099055808614	0.0	2.4514099055808614	5.299415404908346e-10	8.274237032739161e-08	9.461638609986947e-08	3.0626785660695e-05	up_in_A
OPC_NPC_like_malignant	GBM_vs_ndGBM	GBM	ndGBM	SGTA	36	15	6.827958382457758	5.660384874631685	1.1675735078260727	5.556547169467753e-10	9.121199410311836e-07	9.80536742370263e-08	7.323985304280022e-05	up_in_A
OPC_NPC_like_malignant	GBM_vs_ndGBM	GBM	ndGBM	MKRN1	36	15	6.7048175003675174	5.851485597363089	0.8533319030044284	6.026229048465492e-10	1.704148899781368e-06	1.0300306768194845e-07	0.00010775901542950851	up_in_A
OPC_NPC_like_malignant	GBM_vs_ndGBM	GBM	ndGBM	PTOV1	36	15	7.717668662286958	6.725140675554309	0.9925279867326493	6.040638523783219e-10	1.791212106633608e-07	1.0300306768194845e-07	3.997563960334064e-05	up_in_A
OPC_NPC_like_malignant	GBM_vs_ndGBM	GBM	ndGBM	PRPF19	36	15	6.144623502161265	5.282391352346135	0.8622321498151297	6.222117860072734e-10	1.385923065548222e-06	1.0491873404940424e-07	9.347897085671031e-05	up_in_A
OPC_NPC_like_malignant	GBM_vs_ndGBM	GBM	ndGBM	STRADA	36	15	1.1209767002133664	5.1250748582123045	-4.004098157998938	4.552499424593371e-25	1.935360754461462e-08	6.908873126762901e-21	2.431547424093613e-05	up_in_B
OPC_NPC_like_malignant	GBM_vs_ndGBM	GBM	ndGBM	PRH1	36	15	1.8802773267715915	5.718483822284111	-3.8382064955125195	6.16850474514701e-23	2.493142197879413e-08	3.1204409337450337e-19	2.431547424093613e-05	up_in_B
OPC_NPC_like_malignant	GBM_vs_ndGBM	GBM	ndGBM	PLEKHM3	36	15	0.7092414058994202	3.553306806750831	-2.844065400851411	1.8934749332975705e-22	2.6063143690723574e-08	7.183843896930983e-19	2.431547424093613e-05	up_in_B
OPC_NPC_like_malignant	GBM_vs_ndGBM	GBM	ndGBM	SEPHS2	36	15	2.7491391858662575	5.787294626555587	-3.0381554406893296	2.1662710227070333e-19	2.529517393060806e-08	4.696475577228849e-16	2.431547424093613e-05	up_in_B
OPC_NPC_like_malignant	GBM_vs_ndGBM	GBM	ndGBM	FTX	36	15	3.8109723633089243	7.145967431341055	-3.3349950680321307	1.1264456448380096e-16	2.529517393060806e-08	1.5540853732783304e-13	2.431547424093613e-05	up_in_B
OPC_NPC_like_malignant	GBM_vs_ndGBM	GBM	ndGBM	LMAN1	36	15	6.210092155372585	7.216126596991196	-1.0060344416186107	1.6760399666168552e-15	5.117119066844312e-08	1.816827323812671e-12	2.677841343394113e-05	up_in_B
OPC_NPC_like_malignant	GBM_vs_ndGBM	GBM	ndGBM	ABHD5	36	15	3.391019518085181	5.616802615436695	-2.2257830973515143	1.0732779671919136e-14	2.8456061896483306e-08	1.0858710953402988e-11	2.431547424093613e-05	up_in_B
OPC_NPC_like_malignant	GBM_vs_ndGBM	GBM	ndGBM	AHI1	36	15	4.959454324247168	6.2888850649608905	-1.3294307407137227	5.49677273510544e-14	3.6044879117436076e-08	4.9070013545858915e-11	2.4864412976645907e-05	up_in_B
OPC_NPC_like_malignant	GBM_vs_ndGBM	GBM	ndGBM	CLPB	36	15	3.647174249144801	5.080914712259315	-1.4337404631145136	1.5528843904319393e-13	2.0023140327254544e-07	1.0406660624307773e-10	4.213836287241698e-05	up_in_B
OPC_NPC_like_malignant	GBM_vs_ndGBM	GBM	ndGBM	SPTLC1	36	15	3.6529460157989138	5.691423969599689	-2.038477953800775	1.5771823560824907e-13	2.8456061896483306e-08	1.0406660624307773e-10	2.431547424093613e-05	up_in_B
OPC_NPC_like_malignant	GBM_vs_ndGBM	GBM	ndGBM	MT-ATP6	36	15	9.03989534326233	12.638715892131593	-3.598820548869263	4.080890942325027e-13	5.117119066844312e-08	2.580483372530192e-10	2.677841343394113e-05	up_in_B
OPC_NPC_like_malignant	GBM_vs_ndGBM	GBM	ndGBM	ARHGAP42	36	15	3.2203154429679097	5.425018179960251	-2.204702736992341	9.566279876515911e-13	5.742400970254569e-08	5.583763977154056e-10	2.725206741852777e-05	up_in_B
OPC_NPC_like_malignant	GBM_vs_ndGBM	GBM	ndGBM	CEP290	36	15	4.732736742923785	6.0631371401623575	-1.3304003972385727	1.4590940728542855e-12	2.7900270309525003e-07	8.201189499865421e-10	4.225015287296294e-05	up_in_B
OPC_NPC_like_malignant	GBM_vs_ndGBM	GBM	ndGBM	LINC00623	36	15	2.8020558712734402	5.826733289761296	-3.0246774184878555	2.5436556646802785e-12	5.963418812822913e-07	1.1941933682136403e-09	5.8387641228000346e-05	up_in_B
OPC_NPC_like_malignant	GBM_vs_ndGBM	GBM	ndGBM	ARID1B	36	15	5.122304681008373	6.637319111305458	-1.515014430297085	4.564301347411113e-12	6.635958083252417e-07	1.9790810642374584e-09	6.294206241964918e-05	up_in_B
OPC_NPC_like_malignant	GBM_vs_ndGBM	GBM	ndGBM	CHM	36	15	4.1420935690644	5.368503838372069	-1.226410269307669	1.0677855374915433e-11	2.7900270309525003e-07	4.141256508583812e-09	4.225015287296294e-05	up_in_B
OPC_NPC_like_malignant	GBM_vs_ndGBM	GBM	ndGBM	TTC4	36	15	2.0659788895079503	4.285629752893857	-2.2196508633859064	1.0915278093262553e-11	5.742400970254569e-08	4.141256508583812e-09	2.725206741852777e-05	up_in_B
OPC_NPC_like_malignant	GBM_vs_ndGBM	GBM	ndGBM	DNAJC21	36	15	4.468429604548604	5.47323489056714	-1.0048052860185361	1.2680981572457103e-11	3.1136814343454786e-07	4.693818935209976e-09	4.3707376626469534e-05	up_in_B
OPC_NPC_like_malignant	GBM_vs_ndGBM	GBM	ndGBM	POU5F2	36	15	1.2781824316393804	3.2345935312954723	-1.956411099656092	1.6199393233426095e-11	8.144810814188466e-08	5.717255621173823e-09	3.0626785660695e-05	up_in_B
OPC_NPC_like_malignant	GBM_vs_ndGBM	GBM	ndGBM	STAG2	36	15	5.905343271448891	6.995725464328624	-1.0903821928797326	1.985234756627571e-11	2.2373681760115623e-07	6.847255151495459e-09	4.213836287241698e-05	up_in_B
OPC_NPC_like_malignant	GBM_vs_ndGBM	GBM	ndGBM	ERC1	36	15	4.204249438089993	5.499654311168631	-1.2954048730786383	2.2716141415308463e-11	1.6017026477963617e-07	7.660892491527138e-09	3.920554739186707e-05	up_in_B
OPC_NPC_like_malignant	GBM_vs_ndGBM	GBM	ndGBM	RELL1	36	15	1.7321385633152433	4.73967466369289	-3.0075361003776466	2.3828760519866466e-11	3.5537619458575145e-08	7.808778839002277e-09	2.4864412976645907e-05	up_in_B
OPC_NPC_like_malignant	GBM_vs_ndGBM	GBM	ndGBM	MT-ND5	36	15	7.263826612382961	10.4576124421194	-3.1937858297364388	2.4183751016941684e-11	3.204464185679511e-08	7.808778839002277e-09	2.431547424093613e-05	up_in_B
OPC_NPC_like_malignant	GBM_vs_ndGBM	GBM	ndGBM	GON4L	36	15	5.156090109448262	6.0497692648123325	-0.8936791553640706	2.950857879617694e-11	2.4989804022914657e-07	9.329628996057942e-09	4.213836287241698e-05	up_in_B
OPC_NPC_like_malignant	GBM_vs_ndGBM	GBM	ndGBM	KRR1	36	15	5.783531090726942	6.656967507577708	-0.8734364168507653	3.0412699958989797e-11	1.704148899781368e-06	9.419247644441411e-09	0.00010775901542950851	up_in_B
OPC_NPC_like_malignant	GBM_vs_ndGBM	GBM	ndGBM	GNL3L	36	15	3.1914969788733774	5.3373083633449205	-2.145811384471543	3.7199099960785773e-11	4.551720183951174e-08	1.1290670820097699e-08	2.677841343394113e-05	up_in_B
OPC_NPC_like_malignant	GBM_vs_ndGBM	GBM	ndGBM	MPHOSPH9	36	15	3.9623251414317084	5.165319990596035	-1.2029948491643263	4.8498052536905455e-11	1.6017026477963617e-07	1.3977742199557847e-08	3.920554739186707e-05	up_in_B
OPC_NPC_like_malignant	GBM_vs_ndGBM	GBM	ndGBM	IRF9	36	15	2.6772624008817605	5.599423094649494	-2.922160693767734	5.3187942619664423e-11	2.4130824347287453e-07	1.494778179992643e-08	4.213836287241698e-05	up_in_B
OPC_NPC_like_malignant	GBM_vs_ndGBM	GBM	ndGBM	CPNE3	36	15	6.6044836546325865	7.365105262188574	-0.7606216075559873	5.914986729438182e-11	2.5638691204730094e-06	1.632106156471888e-08	0.0001409756441025304	up_in_B
OPC_NPC_like_malignant	GBM_vs_ndGBM	GBM	ndGBM	SMCHD1	36	15	5.107249747484718	6.304748739188532	-1.1974989917038137	6.415689546210167e-11	4.809944737395355e-07	1.708149202689219e-08	5.213980095336565e-05	up_in_B
OPC_NPC_like_malignant	GBM_vs_ndGBM	GBM	ndGBM	CEP350	36	15	5.157952928352074	6.335425986178993	-1.1774730578269192	7.563958450100488e-11	1.0133107440392086e-06	1.9456039565885594e-08	7.766668611888398e-05	up_in_B
OPC_NPC_like_malignant	GBM_vs_ndGBM	GBM	ndGBM	GPATCH2	36	15	4.957767640070477	5.983401207420388	-1.025633567349911	1.0228947858096145e-10	2.4989804022914657e-07	2.544828076958477e-08	4.213836287241698e-05	up_in_B
OPC_NPC_like_malignant	GBM_vs_ndGBM	GBM	ndGBM	MT-ND6	36	15	4.04951441184047	7.1857075948824525	-3.136193183041983	1.1040561432239293e-10	5.113575930533067e-08	2.642384651669012e-08	2.677841343394113e-05	up_in_B
OPC_NPC_like_malignant	GBM_vs_ndGBM	GBM	ndGBM	MT-ND3	36	15	8.649195927821568	11.917838153006327	-3.2686422251847596	1.1228536924928198e-10	5.35682520896527e-07	2.642384651669012e-08	5.53028431096986e-05	up_in_B
OPC_NPC_like_malignant	GBM_vs_ndGBM	GBM	ndGBM	MANEA	36	15	3.8151760849224337	5.304178475252201	-1.4890023903297678	1.1317541009388889e-10	7.237430706026008e-08	2.642384651669012e-08	3.0509791220736304e-05	up_in_B
OPC_NPC_like_malignant	GBM_vs_ndGBM	GBM	ndGBM	TRAPPC10	36	15	2.3043771300537292	4.085333781841752	-1.7809566517880224	1.3152452617091065e-10	1.2625248058185044e-07	3.0242669835905156e-08	3.662630486051398e-05	up_in_B
OPC_NPC_like_malignant	GBM_vs_ndGBM	GBM	ndGBM	OSBPL8	36	15	6.054324668369331	7.17836796786873	-1.124043299499399	2.8030634838262353e-10	1.1252630175140698e-06	5.748552896019858e-08	8.093360925968494e-05	up_in_B
OPC_NPC_like_malignant	GBM_vs_ndGBM	GBM	ndGBM	MIR99AHG	36	15	5.331197000730127	7.23586147106495	-1.904664470334823	3.0622633886275055e-10	2.0023140327254544e-07	6.153963045284479e-08	4.213836287241698e-05	up_in_B
OPC_NPC_like_malignant	GBM_vs_ndGBM	GBM	ndGBM	LPP	36	15	5.463218669146451	6.936707561895147	-1.473488892748696	4.31388157361544e-10	2.7900270309525003e-07	8.08240330385036e-08	4.225015287296294e-05	up_in_B
OPC_NPC_like_malignant	GBM_vs_ndGBM	GBM	ndGBM	ZNF737	36	15	1.8075526427049107	4.1249319332259935	-2.3173792905210826	5.624273349327407e-10	2.483452084829773e-07	9.810801419470429e-08	4.213836287241698e-05	up_in_B
OPC_NPC_like_malignant	GBM_vs_ndGBM	GBM	ndGBM	KANSL1	36	15	5.154916786304511	6.722031770558718	-1.5671149842542063	6.427644024658308e-10	8.11727386098294e-08	1.0719332496507085e-07	3.0626785660695e-05	up_in_B
OPC_NPC_like_malignant	GBM_vs_ndGBM	GBM	ndGBM	ZBED3-AS1	36	15	2.2683386679270674	3.6832177497760568	-1.4148790818489894	7.461859723768836e-10	4.798520436251406e-07	1.1795956579991233e-07	5.213980095336565e-05	up_in_B
OPC_NPC_like_malignant	GBM_vs_ndGBM	GBM	ndGBM	UBE2V1	36	15	3.578982665875355	6.931389105554673	-3.3524064396793176	8.389738746502677e-10	6.45027755074401e-08	1.2860876284537842e-07	2.9663458215179118e-05	up_in_B
OPC_NPC_like_malignant	GBM_vs_ndGBM	GBM	ndGBM	TSTD3	36	15	1.905335813216638	4.099927762775143	-2.1945919495585047	8.651160387354677e-10	2.6030301996194075e-06	1.3084259492039297e-07	0.00014261222494376942	up_in_B
OPC_NPC_like_malignant	GBM_vs_ndGBM	GBM	ndGBM	KDM5A	36	15	5.683849235292614	6.665373369178002	-0.9815241338853875	9.833352896742936e-10	1.0133107440392086e-06	1.4570168137751385e-07	7.766668611888398e-05	up_in_B
OPC_NPC_like_malignant	GBM_vs_ndGBM	GBM	ndGBM	GPS2	36	15	3.883315753869358	6.054276357558227	-2.170960603688869	9.98482792782119e-10	5.35682520896527e-07	1.4570168137751385e-07	5.53028431096986e-05	up_in_B
OPC_NPC_like_malignant	GBM_vs_ndGBM	GBM	ndGBM	STX2	36	15	4.531580110630903	5.519392445402431	-0.9878123347715286	1.0985670504862105e-09	6.274216561277662e-06	1.5581171549699747e-07	0.00025459227415494597	up_in_B
OPC_NPC_like_malignant	GBM_vs_ndGBM	GBM	ndGBM	JPX	36	15	6.092838118430076	7.339130651693577	-1.2462925332635013	1.1439171789665894e-09	3.8731693225812846e-07	1.5906116918244256e-07	4.6650172729756803e-05	up_in_B
OPC_NPC_like_malignant	GBM_vs_ndGBM	GBM	ndGBM	PAK2	36	15	6.792178019871005	7.81052307730796	-1.0183450574369548	1.1575826026699017e-09	1.5371381119121509e-06	1.5906116918244256e-07	9.969063242042223e-05	up_in_B
OPC_NPC_like_malignant	GBM_vs_ndGBM	GBM	ndGBM	LINC00630	36	15	0.9993753854322054	2.8564743164848028	-1.8570989310525974	1.2274197496841365e-09	3.1392356696660384e-07	1.6602039217747926e-07	4.3707376626469534e-05	up_in_B
OPC_NPC_like_malignant	GBM_vs_rGBM	GBM	rGBM	ECE2	36	14	3.791678587174572	0.3080131060364031	3.483665481138169	5.185578704199142e-24	5.3676725746147465e-08	3.934817120746309e-20	2.9259443951074876e-05	up_in_A
OPC_NPC_like_malignant	GBM_vs_rGBM	GBM	rGBM	DIABLO	36	14	3.371937852992039	0.2085407901830705	3.1633970628089685	2.196620922033985e-18	6.597559841896946e-08	5.5559865187979594e-15	2.9259443951074876e-05	up_in_A
OPC_NPC_like_malignant	GBM_vs_rGBM	GBM	rGBM	NACA2	36	14	5.543702129451259	0.08135958235559822	5.462342547095661	1.0706022493822825e-17	5.0417319292767396e-08	1.711347011879651e-14	2.9259443951074876e-05	up_in_A
OPC_NPC_like_malignant	GBM_vs_rGBM	GBM	rGBM	UQCRHL	36	14	6.389052355298071	2.2297188416780336	4.159333513620037	1.127666718423597e-17	5.507125615236997e-08	1.711347011879651e-14	2.9259443951074876e-05	up_in_A
OPC_NPC_like_malignant	GBM_vs_rGBM	GBM	rGBM	MAP1LC3B2	36	14	3.597502527669116	0.6822080888164861	2.91529443885263	5.903745497336495e-17	7.010790449536945e-08	8.145021969779877e-14	2.9259443951074876e-05	up_in_A
OPC_NPC_like_malignant	GBM_vs_rGBM	GBM	rGBM	FKBP1C	36	14	5.054687711748918	0.22124526882948695	4.833442442919431	7.01231523181276e-17	5.3676725746147465e-08	8.868241329832538e-14	2.9259443951074876e-05	up_in_A
OPC_NPC_like_malignant	GBM_vs_rGBM	GBM	rGBM	CUTA	36	14	8.506126346988585	7.603941198277169	0.9021851487114168	1.3201139138214031e-15	8.908844133095138e-08	1.2521280472596008e-12	2.939143881822866e-05	up_in_A
OPC_NPC_like_malignant	GBM_vs_rGBM	GBM	rGBM	MIF-AS1	36	14	3.617077445568317	0.506093899256199	3.1109835463121183	5.845257473440481e-15	2.401006871607835e-07	4.92820152316293e-12	4.004140690496759e-05	up_in_A
OPC_NPC_like_malignant	GBM_vs_rGBM	GBM	rGBM	INPP5K	36	14	4.54909729728209	3.379478198479966	1.1696190988021242	6.627716781201009e-15	4.530812282170158e-07	5.0291114935753256e-12	4.982580231464805e-05	up_in_A
OPC_NPC_like_malignant	GBM_vs_rGBM	GBM	rGBM	DNAJB11	36	14	7.782606895239092	6.0885757273237076	1.6940311679153846	1.188800868943957e-14	7.904831325738468e-08	8.20056453958795e-12	2.9259443951074876e-05	up_in_A
OPC_NPC_like_malignant	GBM_vs_rGBM	GBM	rGBM	BEST1	36	14	5.480700026469674	1.871503550502496	3.6091964759671784	2.904951439775435e-14	1.0035829782821624e-07	1.632797890741926e-11	2.9567714095884428e-05	up_in_A
OPC_NPC_like_malignant	GBM_vs_rGBM	GBM	rGBM	ZC3H11A	36	14	6.09680942570327	2.3019337801827175	3.794875645520553	4.81357910767907e-14	5.507125615236997e-08	2.4350292179379188e-11	2.9259443951074876e-05	up_in_A
OPC_NPC_like_malignant	GBM_vs_rGBM	GBM	rGBM	ZNF320	36	14	4.0838840903871345	1.18232308115157	2.9015610092355644	6.2562376122819e-14	2.710491720846984e-07	2.9670206876246913e-11	4.140068983633339e-05	up_in_A
OPC_NPC_like_malignant	GBM_vs_rGBM	GBM	rGBM	ACTB	36	14	12.592104790953245	11.406408694895429	1.185696096057816	1.0136312600892689e-13	6.346437086911192e-07	4.273018889754096e-11	5.945279582158287e-05	up_in_A
OPC_NPC_like_malignant	GBM_vs_rGBM	GBM	rGBM	UNC119	36	14	5.034254098146016	3.7661566740801975	1.268097424065819	4.349440205412243e-13	2.872699656944051e-07	1.4668245457185822e-10	4.140068983633339e-05	up_in_A
OPC_NPC_like_malignant	GBM_vs_rGBM	GBM	rGBM	HLA-G	36	14	3.050384209781837	0.09696624484128565	2.9534179649405514	3.5358978902221467e-12	1.713638076642078e-07	9.095048539323949e-10	3.8114195961706295e-05	up_in_A
OPC_NPC_like_malignant	GBM_vs_rGBM	GBM	rGBM	HSF1	36	14	5.996055833471527	4.996608215775995	0.999447617695532	4.374456492549854e-12	5.507125615236997e-08	1.037292995795884e-09	2.9259443951074876e-05	up_in_A
OPC_NPC_like_malignant	GBM_vs_rGBM	GBM	rGBM	USP6	36	14	2.7683765976366677	0.3619111702622497	2.406465427374418	5.3601492818739835e-12	7.66130062639602e-07	1.2325094772987816e-09	6.646569046880426e-05	up_in_A
OPC_NPC_like_malignant	GBM_vs_rGBM	GBM	rGBM	PPP1R11	36	14	5.987759060682283	5.228358545613717	0.7594005150685659	6.4159443426648534e-12	3.2214854609198267e-07	1.4111358165837945e-09	4.404438140082819e-05	up_in_A
OPC_NPC_like_malignant	GBM_vs_rGBM	GBM	rGBM	PQBP1	36	14	6.513151534165959	5.750626541093622	0.7625249930723372	9.878339403579862e-12	5.674681421316865e-07	2.0229735707305424e-09	5.74126434999365e-05	up_in_A
OPC_NPC_like_malignant	GBM_vs_rGBM	GBM	rGBM	PREB	36	14	5.80202280048721	4.653848198818666	1.1481746016685435	9.997563113125374e-12	2.28122994451885e-07	2.0229735707305424e-09	3.846660626446452e-05	up_in_A
OPC_NPC_like_malignant	GBM_vs_rGBM	GBM	rGBM	RNASEH2A	36	14	5.473260800118491	2.7960762627035356	2.6771845374149557	1.1700799701918875e-11	6.2150475826273e-08	2.2196417034540106e-09	2.9259443951074876e-05	up_in_A
OPC_NPC_like_malignant	GBM_vs_rGBM	GBM	rGBM	GABPB1	36	14	5.831392906011543	3.974944314865245	1.8564485911462985	2.1383958433585748e-11	5.507125615236997e-08	3.73014888721951e-09	2.9259443951074876e-05	up_in_A
OPC_NPC_like_malignant	GBM_vs_rGBM	GBM	rGBM	AKR1B1	36	14	7.528568706353907	6.217830164208286	1.3107385421456206	3.726652947598672e-11	1.6088425169421059e-07	6.2442036746076256e-09	3.699362732895969e-05	up_in_A
OPC_NPC_like_malignant	GBM_vs_rGBM	GBM	rGBM	ALDOA	36	14	9.669932594560697	5.079803015127908	4.590129579432789	3.844312204534643e-11	5.507125615236997e-08	6.341443697393233e-09	2.9259443951074876e-05	up_in_A
OPC_NPC_like_malignant	GBM_vs_rGBM	GBM	rGBM	NPM3	36	14	5.445473044140609	4.441002068145623	1.0044709759949866	5.115107099979677e-11	2.5605181973920015e-07	8.086131807217873e-09	4.006023109651651e-05	up_in_A
OPC_NPC_like_malignant	GBM_vs_rGBM	GBM	rGBM	HLA-DRB5	36	14	3.4626154663618642	0.23969414167256847	3.222921324689296	7.593720511835668e-11	3.245334102396275e-05	1.129826494976648e-08	0.0006446490881932705	up_in_A
OPC_NPC_like_malignant	GBM_vs_rGBM	GBM	rGBM	EIF5AL1	36	14	4.235782179368206	1.7764321796022435	2.4593499997659625	8.031733140330109e-11	8.908844133095138e-08	1.1720152128620167e-08	2.939143881822866e-05	up_in_A
OPC_NPC_like_malignant	GBM_vs_rGBM	GBM	rGBM	NDUFV1	36	14	7.536521615029662	6.524087581374709	1.0124340336549533	1.2538420951048532e-10	1.1300259736170907e-07	1.7142619491271398e-08	2.9567714095884428e-05	up_in_A
OPC_NPC_like_malignant	GBM_vs_rGBM	GBM	rGBM	B4GALT3	36	14	5.612399991175933	4.728261970872009	0.884138020303924	1.915746561121743e-10	5.071738628450483e-07	2.419362289364511e-08	5.420331367983418e-05	up_in_A
OPC_NPC_like_malignant	GBM_vs_rGBM	GBM	rGBM	FGF7	36	14	3.1396691644889576	0.9629965253834623	2.1766726391054956	2.161298218526289e-10	3.3320195466532154e-05	2.6885132593733576e-08	0.0006610029887582901	up_in_A
OPC_NPC_like_malignant	GBM_vs_rGBM	GBM	rGBM	RAD51	36	14	1.7707449412520697	0.24510714232149264	1.5256377989305772	2.247690503785779e-10	8.466142026092928e-06	2.7732480557278845e-08	0.00026167448347858707	up_in_A
OPC_NPC_like_malignant	GBM_vs_rGBM	GBM	rGBM	PTPRS	36	14	7.615014171164014	4.390309660516897	3.2247045106471166	2.484118473049851e-10	5.507125615236997e-08	2.9684237753546883e-08	2.9259443951074876e-05	up_in_A
OPC_NPC_like_malignant	GBM_vs_rGBM	GBM	rGBM	LIMK2	36	14	4.747321517290259	2.727813611582679	2.01950790570758	4.948052425250376e-10	1.5282105127467068e-06	5.1787340417654974e-08	9.130756984820482e-05	up_in_A
OPC_NPC_like_malignant	GBM_vs_rGBM	GBM	rGBM	ST6GALNAC2	36	14	2.4514099055808614	0.020921785316678095	2.4304881202641835	6.435222186083361e-10	2.676425636515142e-07	6.509647535880944e-08	4.140068983633339e-05	up_in_A
OPC_NPC_like_malignant	GBM_vs_rGBM	GBM	rGBM	COX7A2	36	14	9.965948204491546	9.058361557479904	0.9075866470116427	6.47704782497379e-10	1.8951285097284257e-06	6.509647535880944e-08	0.00010496521994028683	up_in_A
OPC_NPC_like_malignant	GBM_vs_rGBM	GBM	rGBM	RBM14	36	14	5.34076798597947	4.5133462590096	0.8274217269698703	7.857057894357273e-10	1.8951285097284257e-06	7.643507090049101e-08	0.00010496521994028683	up_in_A
OPC_NPC_like_malignant	GBM_vs_rGBM	GBM	rGBM	HNRNPA1L2	36	14	5.557506444108206	2.8722879392382183	2.685218504869988	8.492708512253543e-10	7.927181058812317e-07	8.157300277339225e-08	6.646569046880426e-05	up_in_A
OPC_NPC_like_malignant	GBM_vs_rGBM	GBM	rGBM	HNRNPC	36	14	8.96334166057994	8.411388114764527	0.5519535458154134	1.2962977180953661e-09	7.094509817360579e-07	1.1504452730886126e-07	6.40870720168239e-05	up_in_A
OPC_NPC_like_malignant	GBM_vs_rGBM	GBM	rGBM	HNRNPK	36	14	9.541598039253477	8.982295766079096	0.5593022731743815	1.4146931913219839e-09	3.2199990881434393e-06	1.2410048480637242e-07	0.00014457605373273622	up_in_A
OPC_NPC_like_malignant	GBM_vs_rGBM	GBM	rGBM	EIF3CL	36	14	2.048248208356138	0.21760736685332813	1.8306408415028101	1.6780542456510784e-09	1.6975397231871422e-05	1.430682653483189e-07	0.0004148448122236405	up_in_A
OPC_NPC_like_malignant	GBM_vs_rGBM	GBM	rGBM	RNF5	36	14	6.4496647263487095	5.473325737686757	0.9763389886619525	1.8054283115558766e-09	2.1089826988775085e-06	1.513766853932154e-07	0.00010990985597398968	up_in_A
OPC_NPC_like_malignant	GBM_vs_rGBM	GBM	rGBM	LCMT1-AS1	36	14	1.3844352946425849	0.0714287775284813	1.3130065171141037	2.0067430786289098e-09	1.6324582155761218e-05	1.6113403683212876e-07	0.00039958364321908424	up_in_A
OPC_NPC_like_malignant	GBM_vs_rGBM	GBM	rGBM	POLDIP2	36	14	6.4945156241754	5.397792501636415	1.096723122538985	2.0420764438770496e-09	5.507125615236997e-08	1.6310816901199003e-07	2.9259443951074876e-05	up_in_A
OPC_NPC_like_malignant	GBM_vs_rGBM	GBM	rGBM	LINC00339	36	14	3.4205239357469006	0.4031438438743426	3.017380091872558	2.6108115756027616e-09	3.583192859877823e-07	1.991039018660679e-07	4.644094853599489e-05	up_in_A
OPC_NPC_like_malignant	GBM_vs_rGBM	GBM	rGBM	UQCRC1	36	14	7.592382039203557	6.539430461037822	1.0529515781657341	5.052588867029932e-09	4.530812282170158e-07	3.46959677131431e-07	4.982580231464805e-05	up_in_A
OPC_NPC_like_malignant	GBM_vs_rGBM	GBM	rGBM	DCAKD	36	14	5.404174770097531	4.309731580738562	1.0944431893589686	5.748063132979875e-09	6.346437086911192e-07	3.8428460839692767e-07	5.945279582158287e-05	up_in_A
OPC_NPC_like_malignant	GBM_vs_rGBM	GBM	rGBM	MRPL48	36	14	5.534699910993903	4.5326750565426295	1.0020248544512738	6.551643967697884e-09	2.28122994451885e-07	4.341823094051663e-07	3.846660626446452e-05	up_in_A
OPC_NPC_like_malignant	GBM_vs_rGBM	GBM	rGBM	DLD	36	14	6.801073723880105	6.03250131174998	0.7685724121301245	6.953125579240325e-09	4.401917809555049e-06	4.5665382156784347e-07	0.00017129103763540365	up_in_A
OPC_NPC_like_malignant	GBM_vs_rGBM	GBM	rGBM	PTENP1-AS	36	14	1.6001881060681253	0.11357534691863605	1.4866127591494893	6.981002016588012e-09	2.205349032749848e-05	4.5665382156784347e-07	0.0005002746923918041	up_in_A
OPC_NPC_like_malignant	GBM_vs_rGBM	GBM	rGBM	PRH1	36	14	1.8802773267715915	5.601868359168556	-3.7215910323969643	5.829464089310954e-25	5.427056976550929e-08	8.846794701938304e-21	2.9259443951074876e-05	up_in_B
OPC_NPC_like_malignant	GBM_vs_rGBM	GBM	rGBM	SEPHS2	36	14	2.7491391858662575	6.1607399498729185	-3.411600764006661	1.1699060746423964e-20	5.507125615236997e-08	5.918164862924336e-17	2.9259443951074876e-05	up_in_B
OPC_NPC_like_malignant	GBM_vs_rGBM	GBM	rGBM	ZNF805	36	14	1.096720988914221	3.9828498166600697	-2.8861288277458486	1.8784018614195864e-19	7.018936641443662e-08	7.126656662225911e-16	2.9259443951074876e-05	up_in_B
OPC_NPC_like_malignant	GBM_vs_rGBM	GBM	rGBM	MIER1	36	14	4.942478771966156	6.287122605258712	-1.3446438332925554	9.006872485024215e-19	5.507125615236997e-08	2.73376593665455e-15	2.9259443951074876e-05	up_in_B
OPC_NPC_like_malignant	GBM_vs_rGBM	GBM	rGBM	PKN2	36	14	5.562403173974104	6.876423712565199	-1.3140205385910946	7.32489560300232e-18	5.507125615236997e-08	1.4453078594212196e-14	2.9259443951074876e-05	up_in_B
OPC_NPC_like_malignant	GBM_vs_rGBM	GBM	rGBM	CDK13	36	14	4.9377001919815555	6.7106675345829245	-1.772967342601369	7.618913333796624e-18	5.507125615236997e-08	1.4453078594212196e-14	2.9259443951074876e-05	up_in_B
OPC_NPC_like_malignant	GBM_vs_rGBM	GBM	rGBM	STRADA	36	14	1.1209767002133664	4.683175032816307	-3.562198332602941	1.1400109934251816e-16	4.199952547243029e-08	1.3308312950938888e-13	2.9259443951074876e-05	up_in_B
OPC_NPC_like_malignant	GBM_vs_rGBM	GBM	rGBM	TRIM73	36	14	1.8317265869624317	5.381523624477822	-3.54979703751539	1.9235124966971423e-16	5.3676725746147465e-08	2.085087546419702e-13	2.9259443951074876e-05	up_in_B
OPC_NPC_like_malignant	GBM_vs_rGBM	GBM	rGBM	SPTLC1	36	14	3.6529460157989138	6.019020904153508	-2.366074888354594	4.2394219024556224e-16	5.503097894378811e-08	4.2891644527777686e-13	2.9259443951074876e-05	up_in_B
OPC_NPC_like_malignant	GBM_vs_rGBM	GBM	rGBM	ZNF660	36	14	3.115728539189197	4.95344169114069	-1.837713151951493	1.8546612447000516e-15	5.507125615236997e-08	1.6556670029157638e-12	2.9259443951074876e-05	up_in_B
OPC_NPC_like_malignant	GBM_vs_rGBM	GBM	rGBM	ABHD5	36	14	3.391019518085181	5.702704244398669	-2.311684726313488	6.290403305074937e-15	5.503097894378811e-08	5.024376871464065e-12	2.9259443951074876e-05	up_in_B
OPC_NPC_like_malignant	GBM_vs_rGBM	GBM	rGBM	FTX	36	14	3.8109723633089243	6.719413299825376	-2.908440936516452	8.853040307186665e-15	5.507125615236997e-08	6.39779712866023e-12	2.9259443951074876e-05	up_in_B
OPC_NPC_like_malignant	GBM_vs_rGBM	GBM	rGBM	ERCC6L2	36	14	4.1860188295484635	5.646193795855875	-1.4601749663074113	1.3074584841162271e-14	3.2214854609198267e-07	8.626952154325158e-12	4.404438140082819e-05	up_in_B
OPC_NPC_like_malignant	GBM_vs_rGBM	GBM	rGBM	RAP1B	36	14	5.512038470864765	6.970852669287965	-1.4588141984232	1.7097098597490494e-14	5.507125615236997e-08	1.0811065346479823e-11	2.9259443951074876e-05	up_in_B
OPC_NPC_like_malignant	GBM_vs_rGBM	GBM	rGBM	TMF1	36	14	4.991762836481313	6.295939264581599	-1.304176428100286	2.1430365440254667e-14	1.1300259736170907e-07	1.3009089036852193e-11	2.9567714095884428e-05	up_in_B
OPC_NPC_like_malignant	GBM_vs_rGBM	GBM	rGBM	MBD4	36	14	4.755019474740539	5.910132185194182	-1.1551127104536425	2.865928760355338e-14	2.28122994451885e-07	1.632797890741926e-11	3.846660626446452e-05	up_in_B
OPC_NPC_like_malignant	GBM_vs_rGBM	GBM	rGBM	SETX	36	14	4.648754576135706	6.224535489281519	-1.5757809131458131	3.3410378622962044e-14	6.2150475826273e-08	1.8020927832259574e-11	2.9259443951074876e-05	up_in_B
OPC_NPC_like_malignant	GBM_vs_rGBM	GBM	rGBM	ATXN2	36	14	5.512024581228931	6.71397220015914	-1.201947618930209	3.443640663781811e-14	1.1300259736170907e-07	1.8020927832259574e-11	2.9567714095884428e-05	up_in_B
OPC_NPC_like_malignant	GBM_vs_rGBM	GBM	rGBM	RIF1	36	14	5.6469979015116545	6.734357825879896	-1.0873599243682417	5.3512746877109053e-14	2.0314857004084516e-07	2.619707892280668e-11	3.8263329396628174e-05	up_in_B
OPC_NPC_like_malignant	GBM_vs_rGBM	GBM	rGBM	BRAF	36	14	4.354921071161441	5.582778499559895	-1.2278574283984538	7.217151669207734e-14	2.0314857004084516e-07	3.3190149615726235e-11	3.8263329396628174e-05	up_in_B
OPC_NPC_like_malignant	GBM_vs_rGBM	GBM	rGBM	ZNF644	36	14	5.79688918570298	6.853011810258161	-1.0561226245551811	8.131692049803466e-14	8.908844133095138e-08	3.6296046631711e-11	2.939143881822866e-05	up_in_B
OPC_NPC_like_malignant	GBM_vs_rGBM	GBM	rGBM	MIA3	36	14	5.233717475072431	6.564148575357441	-1.3304311002850104	8.971634398002714e-14	1.0035829782821624e-07	3.890100674973977e-11	2.9567714095884428e-05	up_in_B
OPC_NPC_like_malignant	GBM_vs_rGBM	GBM	rGBM	GON4L	36	14	5.156090109448262	6.492881151702643	-1.3367910422543812	1.3412014573716326e-13	1.0035829782821624e-07	5.5011008965059174e-11	2.9567714095884428e-05	up_in_B
OPC_NPC_like_malignant	GBM_vs_rGBM	GBM	rGBM	SRSF10	36	14	6.952064848075777	7.792726739139326	-0.840661891063549	2.2143552405830832e-13	7.927181058812317e-07	8.84343556081286e-11	6.646569046880426e-05	up_in_B
OPC_NPC_like_malignant	GBM_vs_rGBM	GBM	rGBM	LMAN1	36	14	6.210092155372585	7.274136501484817	-1.0640443461122313	2.557279519102146e-13	1.0035829782821624e-07	9.951095892793377e-11	2.9567714095884428e-05	up_in_B
OPC_NPC_like_malignant	GBM_vs_rGBM	GBM	rGBM	GCC2	36	14	5.079882977625858	6.331860071961322	-1.251977094335464	2.7954233100760005e-13	4.530812282170158e-07	1.0605836038428346e-10	4.982580231464805e-05	up_in_B
OPC_NPC_like_malignant	GBM_vs_rGBM	GBM	rGBM	MZF1-AS1	36	14	2.7435136749710938	4.384802873479935	-1.6412891985088414	3.0599822443275973e-13	6.2150475826273e-08	1.1326412326808687e-10	2.9259443951074876e-05	up_in_B
OPC_NPC_like_malignant	GBM_vs_rGBM	GBM	rGBM	ASH1L	36	14	5.886710473077966	7.363525172985698	-1.4768146999077318	3.249149106018092e-13	7.010790449536945e-08	1.1439650056950266e-10	2.9259443951074876e-05	up_in_B
OPC_NPC_like_malignant	GBM_vs_rGBM	GBM	rGBM	KANTR	36	14	0.884099741629494	3.489181411854689	-2.6050816702251947	3.2718892442459347e-13	4.5052258847693053e-07	1.1439650056950266e-10	4.982580231464805e-05	up_in_B
OPC_NPC_like_malignant	GBM_vs_rGBM	GBM	rGBM	CASP8AP2	36	14	4.221499924875595	5.5350300650612905	-1.3135301401856951	3.316714565800024e-13	2.28122994451885e-07	1.1439650056950266e-10	3.846660626446452e-05	up_in_B
OPC_NPC_like_malignant	GBM_vs_rGBM	GBM	rGBM	PCM1	36	14	6.29139146659825	7.592859951735059	-1.3014684851368088	5.962626955657699e-13	1.4307656609381585e-07	1.9671484060665484e-10	3.392703073499609e-05	up_in_B
OPC_NPC_like_malignant	GBM_vs_rGBM	GBM	rGBM	UBE3A	36	14	6.255123711839245	7.183417181745846	-0.9282934699066017	6.344667431210512e-13	1.6088425169421059e-07	2.0486526156606537e-10	3.699362732895969e-05	up_in_B
OPC_NPC_like_malignant	GBM_vs_rGBM	GBM	rGBM	CTDSPL2	36	14	4.795659629987445	5.850111519307885	-1.0544518893204398	7.075407687191342e-13	2.872699656944051e-07	2.2370080637669958e-10	4.140068983633339e-05	up_in_B
OPC_NPC_like_malignant	GBM_vs_rGBM	GBM	rGBM	GOLGA4	36	14	6.167293615666237	7.552930041244595	-1.3856364255783582	9.247868940602694e-13	5.071738628450483e-07	2.8641971233180915e-10	5.420331367983418e-05	up_in_B
OPC_NPC_like_malignant	GBM_vs_rGBM	GBM	rGBM	CEP350	36	14	5.157952928352074	6.482022632956673	-1.3240697046045984	9.961867995030864e-13	9.883793120874761e-07	3.023626173851768e-10	7.316899726946116e-05	up_in_B
OPC_NPC_like_malignant	GBM_vs_rGBM	GBM	rGBM	DDX39B	36	14	4.098087251413277	6.230378689209252	-2.132291437795975	1.11957265438759e-12	7.010790449536945e-08	3.3314969809776603e-10	2.9259443951074876e-05	up_in_B
OPC_NPC_like_malignant	GBM_vs_rGBM	GBM	rGBM	DNAJB14	36	14	5.232575874409768	6.582002611276876	-1.349426736867108	1.2331606864082546e-12	7.904831325738468e-08	3.5989320340253215e-10	2.9259443951074876e-05	up_in_B
OPC_NPC_like_malignant	GBM_vs_rGBM	GBM	rGBM	DOCK7	36	14	4.643081298443867	6.323522102787308	-1.6804408043434407	1.6482950511745617e-12	1.4307656609381585e-07	4.719721829551915e-10	3.392703073499609e-05	up_in_B
OPC_NPC_like_malignant	GBM_vs_rGBM	GBM	rGBM	SMC5	36	14	4.980986336296144	6.661472902698584	-1.6804865664024398	1.8061556188200752e-12	1.2718234235828192e-07	5.053656097820647e-10	3.164129881359486e-05	up_in_B
OPC_NPC_like_malignant	GBM_vs_rGBM	GBM	rGBM	ERCC6	36	14	1.1141584455384685	3.2132566450966555	-2.099098199558187	1.8315174313398495e-12	5.384181343618215e-07	5.053656097820647e-10	5.714009515437065e-05	up_in_B
OPC_NPC_like_malignant	GBM_vs_rGBM	GBM	rGBM	LARP4	36	14	5.063093352923379	6.122528699047381	-1.059435346124002	2.161232627314003e-12	6.346437086911192e-07	5.856940420020949e-10	5.945279582158287e-05	up_in_B
OPC_NPC_like_malignant	GBM_vs_rGBM	GBM	rGBM	LINC00623	36	14	2.8020558712734402	5.597406238363673	-2.795350367090233	2.4044924755826064e-12	2.1089826988775085e-06	6.401855756042392e-10	0.00010990985597398968	up_in_B
OPC_NPC_like_malignant	GBM_vs_rGBM	GBM	rGBM	PTAR1	36	14	5.340659730062099	6.524984506005727	-1.1843247759436277	2.522063539609553e-12	2.0314857004084516e-07	6.59910970295079e-10	3.8263329396628174e-05	up_in_B
OPC_NPC_like_malignant	GBM_vs_rGBM	GBM	rGBM	ZMYM4	36	14	4.671376656335732	6.340995894022774	-1.6696192376870425	3.988571836304388e-12	6.2150475826273e-08	9.914204944805307e-10	2.9259443951074876e-05	up_in_B
OPC_NPC_like_malignant	GBM_vs_rGBM	GBM	rGBM	ATRX	36	14	7.19745954242564	8.187704591463616	-0.9902450490379762	4.027147130564859e-12	1.7021927559896731e-06	9.914204944805307e-10	9.859724146908121e-05	up_in_B
OPC_NPC_like_malignant	GBM_vs_rGBM	GBM	rGBM	ZNF484	36	14	2.0019529430348877	4.061191879942782	-2.059238936907894	4.050347302174018e-12	2.543664903310858e-07	9.914204944805307e-10	4.006023109651651e-05	up_in_B
OPC_NPC_like_malignant	GBM_vs_rGBM	GBM	rGBM	ZNF148	36	14	5.724902078495895	7.125259506845572	-1.4003574283496771	4.2947244566812855e-12	1.2718234235828192e-07	1.034551402453892e-09	3.164129881359486e-05	up_in_B
OPC_NPC_like_malignant	GBM_vs_rGBM	GBM	rGBM	SPTY2D1	36	14	3.924443878223497	5.191613189989638	-1.2671693117661404	4.804504133799724e-12	1.3713930610516712e-06	1.121740842069917e-09	8.529615202672197e-05	up_in_B
OPC_NPC_like_malignant	GBM_vs_rGBM	GBM	rGBM	APC	36	14	5.863821655208253	7.503198254752263	-1.6393765995440104	5.474584725738297e-12	7.904831325738468e-08	1.2400342954896178e-09	2.9259443951074876e-05	up_in_B
OPC_NPC_like_malignant	GBM_vs_rGBM	GBM	rGBM	CDC14A	36	14	1.5858930662245843	3.3887449619773604	-1.8028518957527762	6.210166446623059e-12	4.431287615938353e-07	1.385963029322817e-09	4.982580231464805e-05	up_in_B
OPC_NPC_like_malignant	LGG_vs_ndGBM	LGG	ndGBM	FSD1	4	15	6.302770098690736	4.690612120528592	1.612157978162144	1.3825346631717888e-11	0.0005159958720330237	5.828151680081963e-09	0.006065649383402918	up_in_A
OPC_NPC_like_malignant	LGG_vs_ndGBM	LGG	ndGBM	KCNIP3	4	15	6.2300411910854665	2.1408613416813753	4.089179849404092	2.9868850960062316e-11	0.0005159958720330237	1.079261148023585e-08	0.006065649383402918	up_in_A
OPC_NPC_like_malignant	LGG_vs_ndGBM	LGG	ndGBM	FRAT2	4	15	5.195112375248038	2.5876892630799855	2.6074231121680524	7.313242672467896e-11	0.0005159958720330237	2.1421106116719884e-08	0.006065649383402918	up_in_A
OPC_NPC_like_malignant	LGG_vs_ndGBM	LGG	ndGBM	SH3GL3	4	15	4.119267224186184	0.5264948849269845	3.5927723392591995	1.6922675247734006e-10	0.002176083488890035	3.951054147070942e-08	0.014421066824190032	up_in_A
OPC_NPC_like_malignant	LGG_vs_ndGBM	LGG	ndGBM	MT-CO3	4	15	14.320915231073196	12.51450720702555	1.806408024047645	2.294414240839655e-10	0.0005159958720330237	5.197019480445165e-08	0.006065649383402918	up_in_A
OPC_NPC_like_malignant	LGG_vs_ndGBM	LGG	ndGBM	GLRA3	4	15	6.387863930819813	0.7312735491195873	5.656590381700226	2.783876101427323e-10	0.002176083488890035	6.022936120961883e-08	0.014421066824190032	up_in_A
OPC_NPC_like_malignant	LGG_vs_ndGBM	LGG	ndGBM	ZHX2	4	15	5.423710716719462	3.112915987473626	2.310794729245836	4.718631191216393e-10	0.0005159958720330237	9.299993111415582e-08	0.006065649383402918	up_in_A
OPC_NPC_like_malignant	LGG_vs_ndGBM	LGG	ndGBM	SPHKAP	4	15	5.958580311682117	0.7720006394922051	5.186579672189912	4.840660693649564e-10	0.002732279198152091	9.418188036772537e-08	0.01799699180171707	up_in_A
OPC_NPC_like_malignant	LGG_vs_ndGBM	LGG	ndGBM	IMPDH2	4	15	7.021681906075452	5.755530825949848	1.2661510801256037	7.142773701845163e-10	0.0005159958720330237	1.2841439527276727e-07	0.006065649383402918	up_in_A
OPC_NPC_like_malignant	LGG_vs_ndGBM	LGG	ndGBM	POU2F1	4	15	6.729534259741765	5.441963467205635	1.2875707925361297	9.58716173759493e-10	0.0005159958720330237	1.5724687974350876e-07	0.006065649383402918	up_in_A
OPC_NPC_like_malignant	LGG_vs_ndGBM	LGG	ndGBM	ZNF488	4	15	6.067378904659106	1.3980277640967775	4.669351140562328	9.636241312695252e-10	0.0030463247367417375	1.5724687974350876e-07	0.018960661874027042	up_in_A
OPC_NPC_like_malignant	LGG_vs_ndGBM	LGG	ndGBM	PABPC1	4	15	9.45064083242081	7.841329413673273	1.6093114187475361	9.902247206997876e-10	0.0005159958720330237	1.5966731452482307e-07	0.006065649383402918	up_in_A
OPC_NPC_like_malignant	LGG_vs_ndGBM	LGG	ndGBM	ATOH8	4	15	5.767014902542724	2.3853895057718404	3.3816253967708834	1.0251021666930461e-09	0.0005159958720330237	1.6205156751805905e-07	0.006065649383402918	up_in_A
OPC_NPC_like_malignant	LGG_vs_ndGBM	LGG	ndGBM	FCHSD2	4	15	7.007323852903377	4.527937248880999	2.4793866040223778	1.2169474433496737e-09	0.0005159958720330237	1.8654943838661258e-07	0.006065649383402918	up_in_A
OPC_NPC_like_malignant	LGG_vs_ndGBM	LGG	ndGBM	MIR9-3HG	4	15	5.765945191360373	3.0625243593737337	2.7034208319866395	1.2804315900303653e-09	0.0005159958720330237	1.9325976953467878e-07	0.006065649383402918	up_in_A
OPC_NPC_like_malignant	LGG_vs_ndGBM	LGG	ndGBM	LDB1	4	15	4.487664784304495	2.5073669353447974	1.9802978489596974	1.413057051226198e-09	0.0005159958720330237	2.0230711140951678e-07	0.006065649383402918	up_in_A
OPC_NPC_like_malignant	LGG_vs_ndGBM	LGG	ndGBM	TMCC2	4	15	3.817244021029592	1.8776286278748058	1.9396153931547861	1.4753045735381312e-09	0.0005159958720330237	2.0730761303717296e-07	0.006065649383402918	up_in_A
OPC_NPC_like_malignant	LGG_vs_ndGBM	LGG	ndGBM	ZBTB16	4	15	8.961320980733248	5.983648641949474	2.9776723387837745	2.226116365641589e-09	0.0005159958720330237	2.948119913864105e-07	0.006065649383402918	up_in_A
OPC_NPC_like_malignant	LGG_vs_ndGBM	LGG	ndGBM	ADGRA1-AS1	4	15	4.037244423336739	1.605159242666485	2.4320851806702546	2.2770905187707388e-09	0.0005159958720330237	2.953600488279037e-07	0.006065649383402918	up_in_A
OPC_NPC_like_malignant	LGG_vs_ndGBM	LGG	ndGBM	RFTN2	4	15	7.182219253487597	5.493475360262331	1.6887438932252659	2.6197185399811728e-09	0.0005159958720330237	3.369224454470702e-07	0.006065649383402918	up_in_A
OPC_NPC_like_malignant	LGG_vs_ndGBM	LGG	ndGBM	PHYHIPL	4	15	9.258509957889212	5.785022175768726	3.4734877821204853	3.931432421134679e-09	0.0005159958720330237	4.661204564307804e-07	0.006065649383402918	up_in_A
OPC_NPC_like_malignant	LGG_vs_ndGBM	LGG	ndGBM	CREBRF	4	15	6.693101085740556	5.142458366133569	1.5506427196069872	3.991781697841656e-09	0.0005159958720330237	4.6960681431352693e-07	0.006065649383402918	up_in_A
OPC_NPC_like_malignant	LGG_vs_ndGBM	LGG	ndGBM	DLL3	4	15	10.713839911905296	6.415956575044622	4.297883336860674	4.257296474580299e-09	0.0005159958720330237	4.894600855926562e-07	0.006065649383402918	up_in_A
OPC_NPC_like_malignant	LGG_vs_ndGBM	LGG	ndGBM	MAPT	4	15	8.542944784713363	6.268905344517386	2.2740394401959767	5.159885280802876e-09	0.0005159958720330237	5.514536550807355e-07	0.006065649383402918	up_in_A
OPC_NPC_like_malignant	LGG_vs_ndGBM	LGG	ndGBM	GLCCI1	4	15	8.09229388560743	6.132682315035627	1.9596115705718038	5.301232423266634e-09	0.0005159958720330237	5.625979248635974e-07	0.006065649383402918	up_in_A
OPC_NPC_like_malignant	LGG_vs_ndGBM	LGG	ndGBM	BCL7A	4	15	6.929622396561917	5.189438924406137	1.7401834721557794	5.436115526218284e-09	0.0005159958720330237	5.729061751797824e-07	0.006065649383402918	up_in_A
OPC_NPC_like_malignant	LGG_vs_ndGBM	LGG	ndGBM	VPS51	4	15	6.59333964583989	5.304656639260956	1.2886830065789345	6.541787386708291e-09	0.0005159958720330237	6.574712939118213e-07	0.006065649383402918	up_in_A
OPC_NPC_like_malignant	LGG_vs_ndGBM	LGG	ndGBM	DLL1	4	15	6.787751768339852	3.931015101601837	2.856736666738015	8.223340437542588e-09	0.0005159958720330237	7.761403854507231e-07	0.006065649383402918	up_in_A
OPC_NPC_like_malignant	LGG_vs_ndGBM	LGG	ndGBM	SH3GL2	4	15	4.653033409716322	1.1626178693224085	3.490415540393913	8.233961653766896e-09	0.0005159958720330237	7.761403854507231e-07	0.006065649383402918	up_in_A
OPC_NPC_like_malignant	LGG_vs_ndGBM	LGG	ndGBM	FERMT1	4	15	8.784967688644272	4.838547887853716	3.946419800790556	8.844124831603208e-09	0.0005159958720330237	8.057566106951188e-07	0.006065649383402918	up_in_A
OPC_NPC_like_malignant	LGG_vs_ndGBM	LGG	ndGBM	ZBTB20-AS4	4	15	2.9963290817356505	0.7315932741619295	2.2647358075737207	1.0056415699958291e-08	0.0005159958720330237	8.924921910091639e-07	0.006065649383402918	up_in_A
OPC_NPC_like_malignant	LGG_vs_ndGBM	LGG	ndGBM	RAP2A	4	15	8.911908840168575	5.528083595579324	3.383825244589251	1.0179703440087686e-08	0.0005159958720330237	8.981812756207599e-07	0.006065649383402918	up_in_A
OPC_NPC_like_malignant	LGG_vs_ndGBM	LGG	ndGBM	ZFYVE16	4	15	7.755255141653106	6.085094510451689	1.6701606312014174	1.2864563935208636e-08	0.0005159958720330237	1.0727067158281662e-06	0.006065649383402918	up_in_A
OPC_NPC_like_malignant	LGG_vs_ndGBM	LGG	ndGBM	CCSER2	4	15	8.3314746765798	5.699354017547686	2.6321206590321147	1.573035910944202e-08	0.0005159958720330237	1.24986350704132e-06	0.006065649383402918	up_in_A
OPC_NPC_like_malignant	LGG_vs_ndGBM	LGG	ndGBM	GSE1	4	15	5.643741357161805	3.579142772000452	2.0645985851613533	1.747935069691684e-08	0.0005159958720330237	1.3534011539612755e-06	0.006065649383402918	up_in_A
OPC_NPC_like_malignant	LGG_vs_ndGBM	LGG	ndGBM	YPEL3	4	15	7.240465493830996	5.444130555510163	1.7963349383208334	1.9861321923778634e-08	0.0005159958720330237	1.492155552055765e-06	0.006065649383402918	up_in_A
OPC_NPC_like_malignant	LGG_vs_ndGBM	LGG	ndGBM	CD24	4	15	8.14679416380186	3.613960805323187	4.532833358478674	2.055941518512135e-08	0.0010319917440660474	1.5369935214256236e-06	0.008619431319728308	up_in_A
OPC_NPC_like_malignant	LGG_vs_ndGBM	LGG	ndGBM	ZBED3	4	15	6.1210537667767895	4.3568789850661975	1.764174781710592	2.0968668667458618e-08	0.0005159958720330237	1.5599044887125098e-06	0.006065649383402918	up_in_A
OPC_NPC_like_malignant	LGG_vs_ndGBM	LGG	ndGBM	TRAPPC6A	4	15	6.0059893455578	4.587755215451026	1.4182341301067733	2.3959896920317928e-08	0.0020639834881320948	1.715166960673325e-06	0.013708102151375348	up_in_A
OPC_NPC_like_malignant	LGG_vs_ndGBM	LGG	ndGBM	ENHO	4	15	7.255960739455863	5.142116149993549	2.113844589462314	2.4173367175063825e-08	0.0005159958720330237	1.7223240387266132e-06	0.006065649383402918	up_in_A
OPC_NPC_like_malignant	LGG_vs_ndGBM	LGG	ndGBM	CRTAC1	4	15	4.749074438145959	1.0068480294235063	3.742226408722453	2.4586839136679296e-08	0.0031644482239160435	1.7435975268142289e-06	0.018960661874027042	up_in_A
OPC_NPC_like_malignant	LGG_vs_ndGBM	LGG	ndGBM	MXI1	4	15	7.041418155321949	5.077985925784075	1.963432229537874	2.5639987893111294e-08	0.0005159958720330237	1.7931449597504932e-06	0.006065649383402918	up_in_A
OPC_NPC_like_malignant	LGG_vs_ndGBM	LGG	ndGBM	SMC3	4	15	7.718666339609399	6.2746671591625365	1.4439991804468626	2.6269785849448325e-08	0.0005159958720330237	1.8204121920147387e-06	0.006065649383402918	up_in_A
OPC_NPC_like_malignant	LGG_vs_ndGBM	LGG	ndGBM	SHD	4	15	8.240256787410068	4.0987477230132265	4.141509064396842	3.002099771761374e-08	0.0005159958720330237	2.0430433244955433e-06	0.006065649383402918	up_in_A
OPC_NPC_like_malignant	LGG_vs_ndGBM	LGG	ndGBM	FAM13C	4	15	7.518463815428298	3.595621270751321	3.922842544676977	3.045351167741138e-08	0.0005159958720330237	2.063225416144621e-06	0.006065649383402918	up_in_A
OPC_NPC_like_malignant	LGG_vs_ndGBM	LGG	ndGBM	ACVR2B	4	15	5.787600969674745	3.7653806624424146	2.0222203072323306	3.227971729052045e-08	0.0005159958720330237	2.1580484123389358e-06	0.006065649383402918	up_in_A
OPC_NPC_like_malignant	LGG_vs_ndGBM	LGG	ndGBM	FXYD6	4	15	10.100260146412339	7.862181924536263	2.2380782218760755	3.595509119590591e-08	0.0005159958720330237	2.3318566837139664e-06	0.006065649383402918	up_in_A
OPC_NPC_like_malignant	LGG_vs_ndGBM	LGG	ndGBM	PHLPP1	4	15	6.759906607280592	5.709132617889197	1.050773989391395	3.785193484867984e-08	0.0005159958720330237	2.444429630908789e-06	0.006065649383402918	up_in_A
OPC_NPC_like_malignant	LGG_vs_ndGBM	LGG	ndGBM	EPB41L4A-AS1	4	15	7.679669760947319	6.078493958664543	1.6011758022827758	4.0221764329085236e-08	0.0005159958720330237	2.575550613747669e-06	0.006065649383402918	up_in_A
OPC_NPC_like_malignant	LGG_vs_ndGBM	LGG	ndGBM	SMOC1	4	15	9.94799610086813	2.8105310882169783	7.137465012651152	4.162506818395312e-08	0.0005159958720330237	2.6211702687123345e-06	0.006065649383402918	up_in_A
OPC_NPC_like_malignant	LGG_vs_ndGBM	LGG	ndGBM	TIMP1	4	15	0.32689364774641755	10.16980999269938	-9.842916344952961	3.349771464999491e-16	0.0005159958720330237	3.835767820171106e-12	0.006065649383402918	up_in_B
OPC_NPC_like_malignant	LGG_vs_ndGBM	LGG	ndGBM	FBXO17	4	15	0.32990039357758894	5.198668975955476	-4.8687685823778875	5.055044570599771e-16	0.0005159958720330237	3.835767820171106e-12	0.006065649383402918	up_in_B
OPC_NPC_like_malignant	LGG_vs_ndGBM	LGG	ndGBM	LITAF	4	15	1.9742067517461583	5.744424731311692	-3.7702179795655333	1.9091755262919053e-15	0.0005159958720330237	9.657882595668652e-12	0.006065649383402918	up_in_B
OPC_NPC_like_malignant	LGG_vs_ndGBM	LGG	ndGBM	SCG5	4	15	0.5730521322671162	6.855339743798728	-6.282287611531612	3.723576958119343e-15	0.0005159958720330237	1.4127250979104788e-11	0.006065649383402918	up_in_B
OPC_NPC_like_malignant	LGG_vs_ndGBM	LGG	ndGBM	BTN2A2	4	15	0.978682080545183	3.926566934133961	-2.947884853588778	7.242624308603802e-15	0.0005159958720330237	2.198281330147426e-11	0.006065649383402918	up_in_B
OPC_NPC_like_malignant	LGG_vs_ndGBM	LGG	ndGBM	MIR4435-2HG	4	15	0.2573981981763552	5.439162427903446	-5.18176422972709	9.626656726763417e-15	0.0005159958720330237	2.4349023747560272e-11	0.006065649383402918	up_in_B
OPC_NPC_like_malignant	LGG_vs_ndGBM	LGG	ndGBM	PLAT	4	15	0.11635390495615938	6.78763719355938	-6.671283288603221	1.2223640708130529e-14	0.0005159958720330237	2.4917969830876074e-11	0.006065649383402918	up_in_B
OPC_NPC_like_malignant	LGG_vs_ndGBM	LGG	ndGBM	OCIAD2	4	15	0.42211385273778657	7.016276188070023	-6.5941623353322365	1.3135461165459185e-14	0.0005159958720330237	2.4917969830876074e-11	0.006065649383402918	up_in_B
OPC_NPC_like_malignant	LGG_vs_ndGBM	LGG	ndGBM	EFEMP2	4	15	0.5140082512618166	5.669841986326839	-5.1558337350650225	2.2582681558933713e-14	0.0005159958720330237	3.456458483515231e-11	0.006065649383402918	up_in_B
OPC_NPC_like_malignant	LGG_vs_ndGBM	LGG	ndGBM	C5orf63	4	15	0.22181172573677882	3.6687904068470307	-3.446978681110252	2.2775820265651232e-14	0.0005159958720330237	3.456458483515231e-11	0.006065649383402918	up_in_B
OPC_NPC_like_malignant	LGG_vs_ndGBM	LGG	ndGBM	MIR4458HG	4	15	0.32553839356774567	6.380541392839542	-6.055002999271797	4.0329494203741264e-14	0.0005159958720330237	5.56400367305434e-11	0.006065649383402918	up_in_B
OPC_NPC_like_malignant	LGG_vs_ndGBM	LGG	ndGBM	IGF2BP3	4	15	0.20475478153953725	6.0158431461602735	-5.811088364620736	6.375000802934704e-14	0.0005159958720330237	8.062251015444757e-11	0.006065649383402918	up_in_B
OPC_NPC_like_malignant	LGG_vs_ndGBM	LGG	ndGBM	MRC2	4	15	0.5083239273772381	5.969124996177203	-5.460801068799965	8.755822299828429e-14	0.0005159958720330237	1.0221412247861248e-10	0.006065649383402918	up_in_B
OPC_NPC_like_malignant	LGG_vs_ndGBM	LGG	ndGBM	TNFRSF1A	4	15	0.6719126230304178	6.511730142040545	-5.839817519010127	1.5592356961420136e-13	0.0005159958720330237	1.690211494617943e-10	0.006065649383402918	up_in_B
OPC_NPC_like_malignant	LGG_vs_ndGBM	LGG	ndGBM	CARD19	4	15	0.7922164803476711	5.650820979689655	-4.858604499341984	4.171028120523958e-13	0.0005159958720330237	4.2199681838047723e-10	0.006065649383402918	up_in_B
OPC_NPC_like_malignant	LGG_vs_ndGBM	LGG	ndGBM	FKBP9	4	15	0.9079195603961656	5.676114432335412	-4.768194871939246	4.4890004451182553e-13	0.0005159958720330237	4.257816922194665e-10	0.006065649383402918	up_in_B
OPC_NPC_like_malignant	LGG_vs_ndGBM	LGG	ndGBM	SLC25A24	4	15	0.31076404976825955	3.7504725947201365	-3.439708544951877	6.360730761552116e-13	0.0005159958720330237	5.678261766900877e-10	0.006065649383402918	up_in_B
OPC_NPC_like_malignant	LGG_vs_ndGBM	LGG	ndGBM	EMP3	4	15	0.6603779446709973	7.293481568590426	-6.633103623919429	7.434545807356415e-13	0.0005159958720330237	6.26814817624672e-10	0.006065649383402918	up_in_B
OPC_NPC_like_malignant	LGG_vs_ndGBM	LGG	ndGBM	RAB34	4	15	0.18138232984089037	6.208877443317091	-6.0274951134762	7.934845767333247e-13	0.0005159958720330237	6.337853650792072e-10	0.006065649383402918	up_in_B
OPC_NPC_like_malignant	LGG_vs_ndGBM	LGG	ndGBM	BLM	4	15	1.0937044606428687	5.479663950287233	-4.385959489644365	9.362124434871736e-13	0.0005159958720330237	7.103980021180673e-10	0.006065649383402918	up_in_B
OPC_NPC_like_malignant	LGG_vs_ndGBM	LGG	ndGBM	CD58	4	15	0.26848781800291416	4.776219163134818	-4.507731345131904	1.1026436208310353e-12	0.0005159958720330237	7.968437899872281e-10	0.006065649383402918	up_in_B
OPC_NPC_like_malignant	LGG_vs_ndGBM	LGG	ndGBM	S100A6	4	15	6.3271959643131215	10.760836329596541	-4.43364036528342	1.557584594358391e-12	0.0005159958720330237	1.0744501729083156e-09	0.006065649383402918	up_in_B
OPC_NPC_like_malignant	LGG_vs_ndGBM	LGG	ndGBM	RBP1	4	15	0.5700877347821633	8.301562962298654	-7.731475227516491	1.6665356362725633e-12	0.0005159958720330237	1.0804594679857194e-09	0.006065649383402918	up_in_B
OPC_NPC_like_malignant	LGG_vs_ndGBM	LGG	ndGBM	LINC01579	4	15	0.0	4.217966368137701	-4.217966368137701	1.744291751763325e-12	0.0030463247367417375	1.0804594679857194e-09	0.018960661874027042	up_in_B
OPC_NPC_like_malignant	LGG_vs_ndGBM	LGG	ndGBM	POLE2	4	15	0.40405507360172477	2.217625302476927	-1.8135702288752023	1.7798818331340924e-12	0.0005159958720330237	1.0804594679857194e-09	0.006065649383402918	up_in_B
OPC_NPC_like_malignant	LGG_vs_ndGBM	LGG	ndGBM	S100A2	4	15	0.5881854732268298	3.0564901980829906	-2.4683047248561607	2.4261626888581213e-12	0.0005159958720330237	1.416132498696571e-09	0.006065649383402918	up_in_B
OPC_NPC_like_malignant	LGG_vs_ndGBM	LGG	ndGBM	NOP10	4	15	5.764670399464248	7.820966033029327	-2.056295633565079	3.1307820192016784e-12	0.0005159958720330237	1.7597314045705434e-09	0.006065649383402918	up_in_B
OPC_NPC_like_malignant	LGG_vs_ndGBM	LGG	ndGBM	COL4A1	4	15	0.3068245770181389	5.122784916149583	-4.815960339131444	3.4373136876600123e-12	0.0005159958720330237	1.8630240187117267e-09	0.006065649383402918	up_in_B
OPC_NPC_like_malignant	LGG_vs_ndGBM	LGG	ndGBM	ADAM12	4	15	0.5900107938717081	4.011542535258849	-3.421531741387141	4.3725972817405835e-12	0.0005159958720330237	2.2173250598098483e-09	0.006065649383402918	up_in_B
OPC_NPC_like_malignant	LGG_vs_ndGBM	LGG	ndGBM	SMIM10	4	15	0.13365278227264432	4.072235199576999	-3.938582417304355	4.383220334363168e-12	0.0005159958720330237	2.2173250598098483e-09	0.006065649383402918	up_in_B
OPC_NPC_like_malignant	LGG_vs_ndGBM	LGG	ndGBM	FUT4	4	15	0.04316006465870635	2.048988293605111	-2.0058282289464047	6.250452311868907e-12	0.0031644482239160435	3.0598988479007267e-09	0.018960661874027042	up_in_B
OPC_NPC_like_malignant	LGG_vs_ndGBM	LGG	ndGBM	CD302	4	15	1.3486167786408247	4.869653513010805	-3.5210367343699804	6.479473288142154e-12	0.0005159958720330237	3.0728902069014166e-09	0.006065649383402918	up_in_B
OPC_NPC_like_malignant	LGG_vs_ndGBM	LGG	ndGBM	KIAA0040	4	15	0.26848781800291416	4.332090970520446	-4.0636031525175325	7.297216485506869e-12	0.0005159958720330237	3.355835072244007e-09	0.006065649383402918	up_in_B
OPC_NPC_like_malignant	LGG_vs_ndGBM	LGG	ndGBM	MYL12A	4	15	1.6951581143413743	6.908913996883893	-5.213755882542518	1.0504102435254831e-11	0.0005159958720330237	4.688537016394921e-09	0.006065649383402918	up_in_B
OPC_NPC_like_malignant	LGG_vs_ndGBM	LGG	ndGBM	CD276	4	15	2.802028606363469	5.078122922687936	-2.276094316324467	1.1924634606409922e-11	0.0005159958720330237	5.1705215653393425e-09	0.006065649383402918	up_in_B
OPC_NPC_like_malignant	LGG_vs_ndGBM	LGG	ndGBM	RGS22	4	15	0.0	2.8567341054933784	-2.8567341054933784	1.5193345702606363e-11	0.0030463247367417375	6.231735523858221e-09	0.018960661874027042	up_in_B
OPC_NPC_like_malignant	LGG_vs_ndGBM	LGG	ndGBM	GSN	4	15	3.5696853672219655	5.565085801036974	-1.9954004338150089	2.0437766153458947e-11	0.0005159958720330237	8.162198398549814e-09	0.006065649383402918	up_in_B
OPC_NPC_like_malignant	LGG_vs_ndGBM	LGG	ndGBM	ADAMTS9-AS2	4	15	0.06586523431480812	2.3852598957162745	-2.3193946614014664	2.172958310231371e-11	0.0031644482239160435	8.455593670787509e-09	0.018960661874027042	up_in_B
OPC_NPC_like_malignant	LGG_vs_ndGBM	LGG	ndGBM	SLC25A45	4	15	0.24301173218860972	2.6413612345283544	-2.3983495023397445	2.5360648585854032e-11	0.0005159958720330237	9.62183007347302e-09	0.006065649383402918	up_in_B
OPC_NPC_like_malignant	LGG_vs_ndGBM	LGG	ndGBM	TMEM214	4	15	3.1913129750511176	4.244094010987966	-1.0527810359368481	2.8227995867172622e-11	0.0005159958720330237	1.0448489397078334e-08	0.006065649383402918	up_in_B
OPC_NPC_like_malignant	LGG_vs_ndGBM	LGG	ndGBM	GCLM	4	15	3.1350698291122114	5.65384736646886	-2.518777537356649	3.5985654984701303e-11	0.0005159958720330237	1.2700425582507605e-08	0.006065649383402918	up_in_B
OPC_NPC_like_malignant	LGG_vs_ndGBM	LGG	ndGBM	ISYNA1	4	15	1.1000318172278427	3.666255427795037	-2.5662236105671945	4.524464616847956e-11	0.0005159958720330237	1.5315072983822493e-08	0.006065649383402918	up_in_B
OPC_NPC_like_malignant	LGG_vs_ndGBM	LGG	ndGBM	CLIC1	4	15	1.4228601851712661	7.408479865895831	-5.985619680724565	4.5412380355298635e-11	0.0005159958720330237	1.5315072983822493e-08	0.006065649383402918	up_in_B
OPC_NPC_like_malignant	LGG_vs_ndGBM	LGG	ndGBM	CEP152	4	15	1.0361621144193751	2.845641379802278	-1.809479265382903	4.8572390529166576e-11	0.0005159958720330237	1.6024665188491997e-08	0.006065649383402918	up_in_B
OPC_NPC_like_malignant	LGG_vs_ndGBM	LGG	ndGBM	RAB36	4	15	0.07904856685727474	2.2117801415755385	-2.132731574718264	4.9933468017005025e-11	0.0031644482239160435	1.6123198098426984e-08	0.018960661874027042	up_in_B
OPC_NPC_like_malignant	LGG_vs_ndGBM	LGG	ndGBM	CCDC122	4	15	0.16696924748701147	3.075210422026145	-2.9082411745391337	5.614270254202591e-11	0.0005159958720330237	1.7750451120370524e-08	0.006065649383402918	up_in_B
OPC_NPC_like_malignant	LGG_vs_ndGBM	LGG	ndGBM	IQGAP1	4	15	2.4061012694995187	6.071305693019132	-3.665204423519613	6.184794183150102e-11	0.0005159958720330237	1.915519112724203e-08	0.006065649383402918	up_in_B
OPC_NPC_like_malignant	LGG_vs_ndGBM	LGG	ndGBM	KIF23	4	15	0.07510955339002341	1.583308575666336	-1.5081990222763126	6.475024751115219e-11	0.0031644482239160435	1.9652995124584914e-08	0.018960661874027042	up_in_B
OPC_NPC_like_malignant	LGG_vs_ndGBM	LGG	ndGBM	ISG20	4	15	0.27555149398293677	4.523623106104664	-4.248071612121728	7.339862401617251e-11	0.0005159958720330237	2.1421106116719884e-08	0.006065649383402918	up_in_B
OPC_NPC_like_malignant	LGG_vs_ndGBM	LGG	ndGBM	IFITM3	4	15	2.2072502658984496	8.157277519793643	-5.950027253895193	7.661135607408144e-11	0.0005159958720330237	2.1936866788306793e-08	0.006065649383402918	up_in_B
OPC_NPC_like_malignant	LGG_vs_rGBM	LGG	rGBM	TCHH	4	14	1.7875960381513227	0.05801280770780506	1.7295832304435177	1.3473025294572828e-13	0.0018082478761930068	1.8587875624585203e-10	0.012234493878334852	up_in_A
OPC_NPC_like_malignant	LGG_vs_rGBM	LGG	rGBM	KCNIP3	4	14	6.2300411910854665	1.3662979332441267	4.86374325784134	6.023571180031364e-13	0.0034781782825550715	5.713357264259749e-10	0.018824833671917177	up_in_A
OPC_NPC_like_malignant	LGG_vs_rGBM	LGG	rGBM	PQBP1	4	14	6.751896656931031	5.750626541093622	1.0012701158374089	6.888571329565748e-13	0.00065359477124183	6.149468146911164e-10	0.005600764680048566	up_in_A
OPC_NPC_like_malignant	LGG_vs_rGBM	LGG	rGBM	FCHSD2	4	14	7.007323852903377	4.625110669558891	2.3822131833444855	2.90113848763771e-12	0.00065359477124183	1.7757654596269298e-09	0.005600764680048566	up_in_A
OPC_NPC_like_malignant	LGG_vs_rGBM	LGG	rGBM	ZNF488	4	14	6.067378904659106	0.6580903806922968	5.409288523966809	2.0638219056830955e-11	0.002243670309243883	7.6391612782065e-09	0.01505302414371581	up_in_A
OPC_NPC_like_malignant	LGG_vs_rGBM	LGG	rGBM	SH3GL3	4	14	4.119267224186184	0.3326640540384601	3.786603170147724	1.2571378179202459e-10	0.0029328974493612577	3.233614156738585e-08	0.016949600796460948	up_in_A
OPC_NPC_like_malignant	LGG_vs_rGBM	LGG	rGBM	RANBP17	4	14	4.983056358785477	0.2924908328026153	4.690565525982862	2.4847312096835073e-10	0.0008943877294556566	5.086396853895147e-08	0.00754487392007729	up_in_A
OPC_NPC_like_malignant	LGG_vs_rGBM	LGG	rGBM	LINC00632	4	14	9.368346055063103	1.1498123620946055	8.218533692968498	2.5137042965348973e-10	0.0034278312187042688	5.086396853895147e-08	0.018824833671917177	up_in_A
OPC_NPC_like_malignant	LGG_vs_rGBM	LGG	rGBM	CSMD3	4	14	6.115346158353744	0.6505370794581706	5.464809078895573	2.550751203787048e-10	0.002623673521081084	5.093447403772663e-08	0.015284786700931492	up_in_A
OPC_NPC_like_malignant	LGG_vs_rGBM	LGG	rGBM	ERCC5	4	14	6.060223341505667	2.5744315486932376	3.4857917928124293	3.136243780842281e-10	0.00065359477124183	5.949454452257808e-08	0.005600764680048566	up_in_A
OPC_NPC_like_malignant	LGG_vs_rGBM	LGG	rGBM	GRIK4	4	14	4.995882698400592	2.4991108197037137	2.4967718786968787	3.2024968047940377e-10	0.00065359477124183	6.000134754265965e-08	0.005600764680048566	up_in_A
OPC_NPC_like_malignant	LGG_vs_rGBM	LGG	rGBM	SUSD5	4	14	5.167989531503748	1.0834123154605304	4.084577216043217	3.271706800823066e-10	0.00065359477124183	6.055051513328152e-08	0.005600764680048566	up_in_A
OPC_NPC_like_malignant	LGG_vs_rGBM	LGG	rGBM	SPHKAP	4	14	5.958580311682117	0.6701015668678622	5.288478744814255	5.062089771630833e-10	0.0029328974493612577	8.002320247319742e-08	0.016949600796460948	up_in_A
OPC_NPC_like_malignant	LGG_vs_rGBM	LGG	rGBM	PFN2	4	14	8.65616937715587	6.451243808673422	2.204925568482447	6.221552458669934e-10	0.00065359477124183	9.281000322968155e-08	0.005600764680048566	up_in_A
OPC_NPC_like_malignant	LGG_vs_rGBM	LGG	rGBM	DLL1	4	14	6.787751768339852	3.6922076997931783	3.095544068546674	6.69359971218762e-10	0.00065359477124183	9.767506656938397e-08	0.005600764680048566	up_in_A
OPC_NPC_like_malignant	LGG_vs_rGBM	LGG	rGBM	VPS51	4	14	6.59333964583989	5.089964249917622	1.5033753959222684	7.110829054330669e-10	0.00065359477124183	1.0214867448389255e-07	0.005600764680048566	up_in_A
OPC_NPC_like_malignant	LGG_vs_rGBM	LGG	rGBM	CD24	4	14	8.14679416380186	3.272709661064343	4.874084502737517	1.213324410411352e-09	0.00065359477124183	1.5005378501859183e-07	0.005600764680048566	up_in_A
OPC_NPC_like_malignant	LGG_vs_rGBM	LGG	rGBM	ARPP21	4	14	7.791055231103741	3.932088200900283	3.8589670302034578	1.7482668652695132e-09	0.00065359477124183	1.9732369629912443e-07	0.005600764680048566	up_in_A
OPC_NPC_like_malignant	LGG_vs_rGBM	LGG	rGBM	ZSCAN1	4	14	3.8078058936790216	0.36205153228090853	3.445754361398113	1.944768314934626e-09	0.0032316255122726437	2.0795520218409904e-07	0.018395779735277434	up_in_A
OPC_NPC_like_malignant	LGG_vs_rGBM	LGG	rGBM	DAAM2	4	14	3.114673561924725	0.5377861394092148	2.5768874225155103	2.07008112484569e-09	0.0033284375451296073	2.181635496573486e-07	0.018805796047984706	up_in_A
OPC_NPC_like_malignant	LGG_vs_rGBM	LGG	rGBM	EIF4A1	4	14	9.508914144097787	7.998912806945731	1.5100013371520555	2.628059240160394e-09	0.00065359477124183	2.623909672939088e-07	0.005600764680048566	up_in_A
OPC_NPC_like_malignant	LGG_vs_rGBM	LGG	rGBM	CRTAC1	4	14	4.749074438145959	0.5044752564034529	4.244599181742506	4.012440389742876e-09	0.002243670309243883	3.650834909924025e-07	0.01505302414371581	up_in_A
OPC_NPC_like_malignant	LGG_vs_rGBM	LGG	rGBM	MTG1	4	14	5.685472703215961	3.689101630119964	1.9963710730959967	4.190239924412829e-09	0.00065359477124183	3.785183398386255e-07	0.005600764680048566	up_in_A
OPC_NPC_like_malignant	LGG_vs_rGBM	LGG	rGBM	FAM13C	4	14	7.518463815428298	2.774788051563021	4.7436757638652765	4.668530885238494e-09	0.00065359477124183	4.143252907273648e-07	0.005600764680048566	up_in_A
OPC_NPC_like_malignant	LGG_vs_rGBM	LGG	rGBM	EPB41L4A-AS1	4	14	7.679669760947319	5.617300875625922	2.062368885321397	4.761752431657606e-09	0.00065359477124183	4.201415982723014e-07	0.005600764680048566	up_in_A
OPC_NPC_like_malignant	LGG_vs_rGBM	LGG	rGBM	UBE2E2	4	14	6.33483387205324	4.820863062650646	1.5139708094025943	5.151097803558838e-09	0.00065359477124183	4.518674003861787e-07	0.005600764680048566	up_in_A
OPC_NPC_like_malignant	LGG_vs_rGBM	LGG	rGBM	ADGRA1-AS1	4	14	4.037244423336739	1.352443147974388	2.6848012753623514	5.522733740976952e-09	0.0034781782825550715	4.789314700175213e-07	0.018824833671917177	up_in_A
OPC_NPC_like_malignant	LGG_vs_rGBM	LGG	rGBM	NETO1	4	14	4.521029867507413	0.5170111626040849	4.004018704903328	5.84472639624214e-09	0.004601591311991781	5.03974816985061e-07	0.020964800285435983	up_in_A
OPC_NPC_like_malignant	LGG_vs_rGBM	LGG	rGBM	MIR9-3HG	4	14	5.765945191360373	2.934083273523406	2.8318619178369673	7.003465947550421e-09	0.00065359477124183	5.872077304973767e-07	0.005600764680048566	up_in_A
OPC_NPC_like_malignant	LGG_vs_rGBM	LGG	rGBM	MXI1	4	14	7.041418155321949	5.0001030897434715	2.0413150655784777	9.183415720521562e-09	0.00065359477124183	7.258724842428917e-07	0.005600764680048566	up_in_A
OPC_NPC_like_malignant	LGG_vs_rGBM	LGG	rGBM	RAP2A	4	14	8.911908840168575	5.400636969891209	3.5112718702773664	1.0005585707171787e-08	0.00065359477124183	7.721189846327562e-07	0.005600764680048566	up_in_A
OPC_NPC_like_malignant	LGG_vs_rGBM	LGG	rGBM	SERINC5	4	14	8.278041754321231	6.034923311646958	2.243118442674273	1.0584831030610794e-08	0.00065359477124183	7.953335653629365e-07	0.005600764680048566	up_in_A
OPC_NPC_like_malignant	LGG_vs_rGBM	LGG	rGBM	IKZF5	4	14	4.785946279683048	3.0657794943075083	1.72016678537554	1.2511240266078371e-08	0.00130718954248366	9.353230654088934e-07	0.008956166364213102	up_in_A
OPC_NPC_like_malignant	LGG_vs_rGBM	LGG	rGBM	SMARCE1	4	14	7.357091501762176	5.9166174551277155	1.4404740466344608	1.3326642721052755e-08	0.00065359477124183	9.817724754111486e-07	0.005600764680048566	up_in_A
OPC_NPC_like_malignant	LGG_vs_rGBM	LGG	rGBM	PHYHIPL	4	14	9.258509957889212	5.94573099297516	3.3127789649140515	1.3723083316565379e-08	0.00065359477124183	1.000656224406633e-06	0.005600764680048566	up_in_A
OPC_NPC_like_malignant	LGG_vs_rGBM	LGG	rGBM	RPRM	4	14	6.41113064758491	1.5283014514521882	4.882829196132722	1.3726913534557409e-08	0.0034781782825550715	1.000656224406633e-06	0.018824833671917177	up_in_A
OPC_NPC_like_malignant	LGG_vs_rGBM	LGG	rGBM	PABPC1	4	14	9.45064083242081	7.759065333954104	1.6915754984667055	1.6176673884033135e-08	0.00065359477124183	1.1503585008967598e-06	0.005600764680048566	up_in_A
OPC_NPC_like_malignant	LGG_vs_rGBM	LGG	rGBM	PDCD4	4	14	6.12980228635193	4.329126210820112	1.8006760755318183	1.670744734321366e-08	0.00065359477124183	1.1793126552586535e-06	0.005600764680048566	up_in_A
OPC_NPC_like_malignant	LGG_vs_rGBM	LGG	rGBM	RAB11FIP4	4	14	4.170502866974488	1.5401373502460878	2.6303655167284	1.8488512531076034e-08	0.00065359477124183	1.2751086345572654e-06	0.005600764680048566	up_in_A
OPC_NPC_like_malignant	LGG_vs_rGBM	LGG	rGBM	VPS26A	4	14	5.9510306901170145	5.174540216448469	0.7764904736685452	2.0599544885622325e-08	0.00065359477124183	1.3956191660009126e-06	0.005600764680048566	up_in_A
OPC_NPC_like_malignant	LGG_vs_rGBM	LGG	rGBM	LDB1	4	14	4.487664784304495	3.013593033287562	1.474071751016933	2.3597778581782078e-08	0.00065359477124183	1.5369952264254283e-06	0.005600764680048566	up_in_A
OPC_NPC_like_malignant	LGG_vs_rGBM	LGG	rGBM	ZFYVE16	4	14	7.755255141653106	6.353895739936321	1.4013594017167854	2.4509356130591366e-08	0.00065359477124183	1.569426112396011e-06	0.005600764680048566	up_in_A
OPC_NPC_like_malignant	LGG_vs_rGBM	LGG	rGBM	MT-CO3	4	14	14.320915231073196	12.595086349551234	1.7258288815219611	2.7286148655676288e-08	0.00065359477124183	1.7089539828742928e-06	0.005600764680048566	up_in_A
OPC_NPC_like_malignant	LGG_vs_rGBM	LGG	rGBM	SLITRK1	4	14	4.747506822337801	1.0017941843586362	3.7457126379791648	2.744699723507649e-08	0.004458322066019153	1.7089539828742928e-06	0.020875730528731835	up_in_A
OPC_NPC_like_malignant	LGG_vs_rGBM	LGG	rGBM	ARL3	4	14	7.467148621370578	6.278909000938497	1.188239620432081	2.7476592766297275e-08	0.00065359477124183	1.7089539828742928e-06	0.005600764680048566	up_in_A
OPC_NPC_like_malignant	LGG_vs_rGBM	LGG	rGBM	RICTOR	4	14	7.4317108475261096	5.144246614951274	2.2874642325748358	2.7796364947823763e-08	0.00065359477124183	1.7147871319031439e-06	0.005600764680048566	up_in_A
OPC_NPC_like_malignant	LGG_vs_rGBM	LGG	rGBM	ATOH8	4	14	5.767014902542724	2.270908840632908	3.4961060619098157	2.9092462681379433e-08	0.00065359477124183	1.7589928830781444e-06	0.005600764680048566	up_in_A
OPC_NPC_like_malignant	LGG_vs_rGBM	LGG	rGBM	JMJD1C	4	14	8.048762622724084	6.630126437456576	1.4186361852675082	3.326683665635396e-08	0.00065359477124183	1.912339064760711e-06	0.005600764680048566	up_in_A
OPC_NPC_like_malignant	LGG_vs_rGBM	LGG	rGBM	SAMHD1	4	14	6.402172428353799	4.8943004384418325	1.5078719899119664	3.471624409315351e-08	0.00065359477124183	1.9772074114280115e-06	0.005600764680048566	up_in_A
OPC_NPC_like_malignant	LGG_vs_rGBM	LGG	rGBM	MICU1	4	14	6.697161879613436	4.863168481044782	1.833993398568654	3.6094799547289096e-08	0.00065359477124183	2.0439353654091765e-06	0.005600764680048566	up_in_A
OPC_NPC_like_malignant	LGG_vs_rGBM	LGG	rGBM	CARD19	4	14	0.7922164803476711	5.8652568517633314	-5.073040371415661	1.7541687192808208e-16	0.00065359477124183	2.6621264483805735e-12	0.005600764680048566	up_in_B
OPC_NPC_like_malignant	LGG_vs_rGBM	LGG	rGBM	FBXO17	4	14	0.32990039357758894	5.604283732594224	-5.2743833390166355	8.562378584505611e-16	0.00065359477124183	6.497132869922858e-12	0.005600764680048566	up_in_B
OPC_NPC_like_malignant	LGG_vs_rGBM	LGG	rGBM	EMP3	4	14	0.6603779446709973	7.635759927643794	-6.975381982972797	2.5010471011288604e-15	0.00065359477124183	1.2651963602243862e-11	0.005600764680048566	up_in_B
OPC_NPC_like_malignant	LGG_vs_rGBM	LGG	rGBM	MIR4435-2HG	4	14	0.2573981981763552	5.5628913028769205	-5.305493104700565	1.3456880671979159e-14	0.00065359477124183	3.473132344477904e-11	0.005600764680048566	up_in_B
OPC_NPC_like_malignant	LGG_vs_rGBM	LGG	rGBM	EFEMP2	4	14	0.5140082512618166	6.207818512123085	-5.693810260861269	1.391583323827298e-14	0.00065359477124183	3.473132344477904e-11	0.005600764680048566	up_in_B
OPC_NPC_like_malignant	LGG_vs_rGBM	LGG	rGBM	SCG5	4	14	0.5730521322671162	7.103375255833559	-6.530323123566443	1.6126919947131595e-14	0.00065359477124183	3.473132344477904e-11	0.005600764680048566	up_in_B
OPC_NPC_like_malignant	LGG_vs_rGBM	LGG	rGBM	COL4A1	4	14	0.3068245770181389	5.253131670509818	-4.946307093491679	1.6717655326044283e-14	0.00065359477124183	3.473132344477904e-11	0.005600764680048566	up_in_B
OPC_NPC_like_malignant	LGG_vs_rGBM	LGG	rGBM	LITAF	4	14	1.9742067517461583	5.882341182838563	-3.908134431092405	1.8308552158555108e-14	0.00065359477124183	3.473132344477904e-11	0.005600764680048566	up_in_B
OPC_NPC_like_malignant	LGG_vs_rGBM	LGG	rGBM	MMP14	4	14	0.1842681248034964	4.221904546207628	-4.037636421404131	1.055851004772531e-13	0.00065359477124183	1.7803994276031037e-10	0.005600764680048566	up_in_B
OPC_NPC_like_malignant	LGG_vs_rGBM	LGG	rGBM	DMRTA2	4	14	0.08316411163129306	5.443061441145093	-5.3598973295138	1.2546024406976268e-13	0.0034781782825550715	1.8587875624585203e-10	0.018824833671917177	up_in_B
OPC_NPC_like_malignant	LGG_vs_rGBM	LGG	rGBM	PDPN	4	14	0.09424432998597698	7.037216652570177	-6.9429723225842	1.6053587401822035e-13	0.00065359477124183	2.0302436867504269e-10	0.005600764680048566	up_in_B
OPC_NPC_like_malignant	LGG_vs_rGBM	LGG	rGBM	RBP1	4	14	0.5700877347821633	8.472484188730997	-7.902396453948834	2.106187618928646e-13	0.00065359477124183	2.4587310234508563e-10	0.005600764680048566	up_in_B
OPC_NPC_like_malignant	LGG_vs_rGBM	LGG	rGBM	OSMR	4	14	0.0898905223775609	4.646522529024032	-4.5566320066464705	3.4077724956132535e-13	0.00065359477124183	3.6940253852447665e-10	0.005600764680048566	up_in_B
OPC_NPC_like_malignant	LGG_vs_rGBM	LGG	rGBM	MYL6	4	14	8.746561049070607	10.097870426346178	-1.3513093772755713	4.500976399212284e-13	0.00065359477124183	4.553787855629708e-10	0.005600764680048566	up_in_B
OPC_NPC_like_malignant	LGG_vs_rGBM	LGG	rGBM	MSN	4	14	1.0154754671814772	6.682806312687192	-5.667330845505715	9.84470696979954e-13	0.00065359477124183	8.019854846966529e-10	0.005600764680048566	up_in_B
OPC_NPC_like_malignant	LGG_vs_rGBM	LGG	rGBM	PLAT	4	14	0.11635390495615938	6.755138202737137	-6.638784297780978	1.049189022365205e-12	0.00065359477124183	8.019854846966529e-10	0.005600764680048566	up_in_B
OPC_NPC_like_malignant	LGG_vs_rGBM	LGG	rGBM	FKBP9	4	14	0.9079195603961656	5.662286550354919	-4.754366989958753	1.056912868603918e-12	0.00065359477124183	8.019854846966529e-10	0.005600764680048566	up_in_B
OPC_NPC_like_malignant	LGG_vs_rGBM	LGG	rGBM	RAB36	4	14	0.07904856685727474	2.4871965694142832	-2.4081480025570086	1.2410648320868932e-12	0.0034781782825550715	8.968761853214615e-10	0.018824833671917177	up_in_B
OPC_NPC_like_malignant	LGG_vs_rGBM	LGG	rGBM	TNFRSF1A	4	14	0.6719126230304178	6.918401323577159	-6.246488700546742	2.1660746737660547e-12	0.00065359477124183	1.4941976931397112e-09	0.005600764680048566	up_in_B
OPC_NPC_like_malignant	LGG_vs_rGBM	LGG	rGBM	IGF2BP3	4	14	0.20475478153953725	5.767620345757371	-5.562865564217834	2.7765473879458698e-12	0.00065359477124183	1.7757654596269298e-09	0.005600764680048566	up_in_B
OPC_NPC_like_malignant	LGG_vs_rGBM	LGG	rGBM	PMP22	4	14	3.5319989598298873	7.508112082381027	-3.9761131225511397	3.0317192472605906e-12	0.00065359477124183	1.7757654596269298e-09	0.005600764680048566	up_in_B
OPC_NPC_like_malignant	LGG_vs_rGBM	LGG	rGBM	CD58	4	14	0.26848781800291416	4.8007752282794085	-4.532287410276495	3.0422971764826155e-12	0.00065359477124183	1.7757654596269298e-09	0.005600764680048566	up_in_B
OPC_NPC_like_malignant	LGG_vs_rGBM	LGG	rGBM	SOX9	4	14	4.439187851927971	8.456627700877648	-4.017439848949677	3.219056336440573e-12	0.00065359477124183	1.797489280636256e-09	0.005600764680048566	up_in_B
OPC_NPC_like_malignant	LGG_vs_rGBM	LGG	rGBM	KIAA0040	4	14	0.26848781800291416	4.634931077110839	-4.366443259107926	3.31640088678276e-12	0.00065359477124183	1.797489280636256e-09	0.005600764680048566	up_in_B
OPC_NPC_like_malignant	LGG_vs_rGBM	LGG	rGBM	TSTD1	4	14	0.33157542014136837	6.733927413569805	-6.402351993428436	5.853737811894886e-12	0.00065359477124183	3.0633215528729925e-09	0.005600764680048566	up_in_B
OPC_NPC_like_malignant	LGG_vs_rGBM	LGG	rGBM	FAM114A1	4	14	1.285439188652394	4.465311789944228	-3.179872601291834	6.297317900626146e-12	0.00065359477124183	3.1856032153300796e-09	0.005600764680048566	up_in_B
OPC_NPC_like_malignant	LGG_vs_rGBM	LGG	rGBM	BLM	4	14	1.0937044606428687	5.696636919675487	-4.602932459032618	8.901028291275891e-12	0.00065359477124183	4.316191739335731e-09	0.005600764680048566	up_in_B
OPC_NPC_like_malignant	LGG_vs_rGBM	LGG	rGBM	DYNLT3	4	14	0.6141847823915453	5.637937191231312	-5.0237524088397665	9.101089592695267e-12	0.00065359477124183	4.316191739335731e-09	0.005600764680048566	up_in_B
OPC_NPC_like_malignant	LGG_vs_rGBM	LGG	rGBM	C5orf63	4	14	0.22181172573677882	3.6774615459911346	-3.4556498202543557	9.621116151029565e-12	0.00065359477124183	4.366670685328676e-09	0.005600764680048566	up_in_B
OPC_NPC_like_malignant	LGG_vs_rGBM	LGG	rGBM	HOPX	4	14	3.2099584512735917	9.019712186901698	-5.809753735628107	9.782999690377898e-12	0.00065359477124183	4.366670685328676e-09	0.005600764680048566	up_in_B
OPC_NPC_like_malignant	LGG_vs_rGBM	LGG	rGBM	DNAJC10	4	14	5.204596104060282	6.215631596743585	-1.0110354926833036	1.1677710433215725e-11	0.00065359477124183	5.0634552438423384e-09	0.005600764680048566	up_in_B
OPC_NPC_like_malignant	LGG_vs_rGBM	LGG	rGBM	FUT4	4	14	0.04316006465870635	1.9692755573117948	-1.9261154926530886	1.2328104129954277e-11	0.0034781782825550715	5.196980785449614e-09	0.018824833671917177	up_in_B
OPC_NPC_like_malignant	LGG_vs_rGBM	LGG	rGBM	RAB34	4	14	0.18138232984089037	5.940261973873807	-5.758879644032916	1.2901194637055683e-11	0.00065359477124183	5.29158188680965e-09	0.005600764680048566	up_in_B
OPC_NPC_like_malignant	LGG_vs_rGBM	LGG	rGBM	MRC2	4	14	0.5083239273772381	5.926598835357041	-5.418274907979803	1.468362483131742e-11	0.00065359477124183	5.864176064212451e-09	0.005600764680048566	up_in_B
OPC_NPC_like_malignant	LGG_vs_rGBM	LGG	rGBM	ZNF599	4	14	3.052978149667036	4.4151304992711	-1.3621523496040635	1.586320486273512e-11	0.00065359477124183	6.0268552127235e-09	0.005600764680048566	up_in_B
OPC_NPC_like_malignant	LGG_vs_rGBM	LGG	rGBM	SLC25A24	4	14	0.31076404976825955	4.038975712449874	-3.7282116626816144	1.5885227234379284e-11	0.00065359477124183	6.0268552127235e-09	0.005600764680048566	up_in_B
OPC_NPC_like_malignant	LGG_vs_rGBM	LGG	rGBM	VAV3	4	14	0.4375134839345538	5.000257537993137	-4.562744054058583	2.4407095654774453e-11	0.00065359477124183	8.819097229925168e-09	0.005600764680048566	up_in_B
OPC_NPC_like_malignant	LGG_vs_rGBM	LGG	rGBM	BATF3	4	14	0.3630817983055634	4.7335248167400605	-4.370443018434497	2.5003083212983385e-11	0.00065359477124183	8.824343973028741e-09	0.005600764680048566	up_in_B
OPC_NPC_like_malignant	LGG_vs_rGBM	LGG	rGBM	CBR1	4	14	1.75678217938636	7.918880594840674	-6.162098415454314	2.704911497950173e-11	0.00065359477124183	9.329485657475415e-09	0.005600764680048566	up_in_B
OPC_NPC_like_malignant	LGG_vs_rGBM	LGG	rGBM	MYDGF	4	14	6.497415408400249	7.846693340182627	-1.3492779317823782	2.915908899979818e-11	0.00065359477124183	9.740460513492551e-09	0.005600764680048566	up_in_B
OPC_NPC_like_malignant	LGG_vs_rGBM	LGG	rGBM	PDIA3	4	14	6.375801985969441	8.077078873070974	-1.7012768871015327	2.9524326806843526e-11	0.00065359477124183	9.740460513492551e-09	0.005600764680048566	up_in_B
OPC_NPC_like_malignant	LGG_vs_rGBM	LGG	rGBM	POLR2L	4	14	7.27608862435209	8.865228306021073	-1.5891396816689838	3.0836329289040824e-11	0.00065359477124183	9.89594836847477e-09	0.005600764680048566	up_in_B
OPC_NPC_like_malignant	LGG_vs_rGBM	LGG	rGBM	SLC12A7	4	14	0.1228370744620243	2.9035573707394513	-2.780720296277427	3.129978398041572e-11	0.00065359477124183	9.89594836847477e-09	0.005600764680048566	up_in_B
OPC_NPC_like_malignant	LGG_vs_rGBM	LGG	rGBM	CD63	4	14	8.691021418021958	11.158653490896679	-2.4676320728747214	3.371324798155934e-11	0.00065359477124183	1.0441474517717236e-08	0.005600764680048566	up_in_B
OPC_NPC_like_malignant	LGG_vs_rGBM	LGG	rGBM	CNN3	4	14	6.210562194173172	8.739733764081265	-2.529171569908093	4.449324434027507e-11	0.00065359477124183	1.350458952216029e-08	0.005600764680048566	up_in_B
OPC_NPC_like_malignant	LGG_vs_rGBM	LGG	rGBM	ISG20	4	14	0.27555149398293677	4.097840733076252	-3.822289239093315	4.8871214233578923e-11	0.00065359477124183	1.4542540141348897e-08	0.005600764680048566	up_in_B
OPC_NPC_like_malignant	LGG_vs_rGBM	LGG	rGBM	S100A2	4	14	0.5881854732268298	3.162809187772189	-2.574623714545359	6.679441378702892e-11	0.00065359477124183	1.9288614540016473e-08	0.005600764680048566	up_in_B
OPC_NPC_like_malignant	LGG_vs_rGBM	LGG	rGBM	CD9	4	14	5.382571526045222	8.95546076116665	-3.572889235121428	6.842237190858339e-11	0.00065359477124183	1.9288614540016473e-08	0.005600764680048566	up_in_B
OPC_NPC_like_malignant	LGG_vs_rGBM	LGG	rGBM	TRIM22	4	14	1.109921029074717	4.1818566445520915	-3.0719356154773747	6.863371014502435e-11	0.00065359477124183	1.9288614540016473e-08	0.005600764680048566	up_in_B
OPC_NPC_like_malignant	LGG_vs_rGBM	LGG	rGBM	SERPINE1	4	14	0.38473816679604	4.087530720454887	-3.702792553658847	9.201493482330887e-11	0.00065359477124183	2.530121010333866e-08	0.005600764680048566	up_in_B
OPC_NPC_like_malignant	ndGBM_vs_rGBM	ndGBM	rGBM	TMTC1	15	14	3.623760998632113	1.3963426800073238	2.227418318624789	2.9705741769015375e-07	4.490519336059293e-05	0.0011270358427164433	0.021986899931281	up_in_A
OPC_NPC_like_malignant	ndGBM_vs_rGBM	ndGBM	rGBM	RARB	15	14	2.788458705470512	1.1793682591244823	1.6090904463460298	1.2958428295391411e-06	1.4050475846479085e-05	0.0017877918891896368	0.021986899931281	up_in_A
OPC_NPC_like_malignant	ndGBM_vs_rGBM	ndGBM	rGBM	HYOU1	15	14	5.245990720056844	4.4846538156666105	0.7613369043902338	4.403450381072136e-06	7.823488378289234e-05	0.0030375801355977602	0.021986899931281	up_in_A
OPC_NPC_like_malignant	ndGBM_vs_rGBM	ndGBM	rGBM	SNRNP27	15	14	7.124918815462607	6.572427261783121	0.5524915536794861	6.620954738366533e-06	0.00013409532032314256	0.003464814107222431	0.022119897622000124	up_in_A
OPC_NPC_like_malignant	ndGBM_vs_rGBM	ndGBM	rGBM	LINC01376	15	14	1.268928019203694	0.4808009739665314	0.7881270452371627	1.093515741698571e-05	3.6856410789995066e-05	0.004148798724004378	0.021986899931281	up_in_A
OPC_NPC_like_malignant	ndGBM_vs_rGBM	ndGBM	rGBM	RPL23A	15	14	10.779678519607918	9.934213011746447	0.845465507861471	1.1526868614793305e-05	4.490519336059293e-05	0.004246520069138353	0.021986899931281	up_in_A
OPC_NPC_like_malignant	ndGBM_vs_rGBM	ndGBM	rGBM	PIGS	15	14	5.292389806701727	4.496740929291803	0.7956488774099242	1.1806548667612666e-05	7.823488378289234e-05	0.004246520069138353	0.021986899931281	up_in_A
OPC_NPC_like_malignant	ndGBM_vs_rGBM	ndGBM	rGBM	SGCE	15	14	6.693695779102493	3.5540823096898713	3.1396134694126214	1.966656675285077e-05	5.413192526509585e-05	0.005960131257067656	0.021986899931281	up_in_A
OPC_NPC_like_malignant	ndGBM_vs_rGBM	ndGBM	rGBM	SLCO2A1	15	14	1.4601726076224784	0.35392679603012506	1.1062458115923532	1.991409176746547e-05	0.0002521670345929796	0.005960131257067656	0.027133106641805512	up_in_A
OPC_NPC_like_malignant	ndGBM_vs_rGBM	ndGBM	rGBM	DNAJB11	15	14	6.949253856977206	6.0885757273237076	0.8606781296534987	2.2929496906337756e-05	5.413192526509585e-05	0.005979274936909913	0.021986899931281	up_in_A
OPC_NPC_like_malignant	ndGBM_vs_rGBM	ndGBM	rGBM	CPB2-AS1	15	14	3.6778319967558275	2.240262926988097	1.4375690697677306	2.409059157255164e-05	0.00015989889836867267	0.00602339920724929	0.023110720777552156	up_in_A
OPC_NPC_like_malignant	ndGBM_vs_rGBM	ndGBM	rGBM	RGS8	15	14	1.2996419711068146	0.06357791555033777	1.2360640555564768	2.5006119158370986e-05	2.830969739731218e-05	0.0060236962594831436	0.021986899931281	up_in_A
OPC_NPC_like_malignant	ndGBM_vs_rGBM	ndGBM	rGBM	LINC00877	15	14	0.7885933840473156	0.13441854592433067	0.6541748381229849	3.170989160988646e-05	0.0004546828690913492	0.006592182398241601	0.031013134256144635	up_in_A
OPC_NPC_like_malignant	ndGBM_vs_rGBM	ndGBM	rGBM	PEG10	15	14	7.595797124294216	3.8590048235009355	3.7367923007932804	3.634823387192738e-05	0.00026818436981225794	0.007323338876283816	0.027133106641805512	up_in_A
OPC_NPC_like_malignant	ndGBM_vs_rGBM	ndGBM	rGBM	NEFL	15	14	4.087345101294068	0.19666502450324774	3.8906800767908205	3.977550296479028e-05	4.0224185504728914e-05	0.00733270720056273	0.021986899931281	up_in_A
OPC_NPC_like_malignant	ndGBM_vs_rGBM	ndGBM	rGBM	PCSK2	15	14	2.2652562695335687	0.08469399379362896	2.18056227573994	4.010376236470128e-05	2.71741090115409e-05	0.00733270720056273	0.021986899931281	up_in_A
OPC_NPC_like_malignant	ndGBM_vs_rGBM	ndGBM	rGBM	LARP1B	15	14	5.586829339905509	4.895984523454336	0.6908448164511727	4.1574928417895045e-05	0.00011225248552967163	0.007369135185002669	0.022119897622000124	up_in_A
OPC_NPC_like_malignant	ndGBM_vs_rGBM	ndGBM	rGBM	RWDD1	15	14	7.545819365170776	6.959478007151184	0.5863413580195918	4.5427044692754133e-05	0.0005211089374879337	0.007621359294174401	0.031013134256144635	up_in_A
OPC_NPC_like_malignant	ndGBM_vs_rGBM	ndGBM	rGBM	PTENP1-AS	15	14	2.1671856931368607	0.11357534691863605	2.0536103462182247	4.8864500497996134e-05	0.00027533108500220804	0.007973845801694508	0.02748963517100993	up_in_A
OPC_NPC_like_malignant	ndGBM_vs_rGBM	ndGBM	rGBM	DEF8	15	14	5.93384212481543	5.0247972669428265	0.9090448578726038	4.982039197143432e-05	7.823488378289234e-05	0.007986167108361109	0.021986899931281	up_in_A
OPC_NPC_like_malignant	ndGBM_vs_rGBM	ndGBM	rGBM	PROX1-AS1	15	14	1.8854876902577908	0.11357534691863605	1.7719123433391548	5.023727177901559e-05	0.00027533108500220804	0.007986167108361109	0.02748963517100993	up_in_A
OPC_NPC_like_malignant	ndGBM_vs_rGBM	ndGBM	rGBM	SFMBT2	15	14	2.9851673948188497	1.5190095656576668	1.466157829161183	5.112629117677262e-05	0.0003751832317797426	0.007998892730914446	0.02890244023091053	up_in_A
OPC_NPC_like_malignant	ndGBM_vs_rGBM	ndGBM	rGBM	SLFN13	15	14	0.9122940999893048	0.18124809192814145	0.7310460080611634	5.490949260606366e-05	0.00010479470568702363	0.00840090984483051	0.022119897622000124	up_in_A
OPC_NPC_like_malignant	ndGBM_vs_rGBM	ndGBM	rGBM	TMEM72-AS1	15	14	0.8170783155069347	0.08467654922139291	0.7324017662855418	5.8416551957728314e-05	4.9621696380307373e-05	0.008524323004908508	0.021986899931281	up_in_A
OPC_NPC_like_malignant	ndGBM_vs_rGBM	ndGBM	rGBM	BCL11A	15	14	3.835812569401147	2.258960697021327	1.57685187237982	6.0630403161638264e-05	0.0001903234204849969	0.008576537150588736	0.02489955370069235	up_in_A
OPC_NPC_like_malignant	ndGBM_vs_rGBM	ndGBM	rGBM	HEY2	15	14	4.323409916788062	2.791501480017744	1.5319084367703182	6.216520074886406e-05	9.379761621561758e-05	0.008576537150588736	0.022119897622000124	up_in_A
OPC_NPC_like_malignant	ndGBM_vs_rGBM	ndGBM	rGBM	CYP27C1	15	14	2.113028566005042	0.4779957035973629	1.6350328624076789	6.815602742108922e-05	0.0006970440160951033	0.008929684519108323	0.03563948327472728	up_in_A
OPC_NPC_like_malignant	ndGBM_vs_rGBM	ndGBM	rGBM	WSB1	15	14	8.181766315711403	7.341334822621314	0.8404314930900894	6.825536401005307e-05	0.0005211089374879337	0.008929684519108323	0.031013134256144635	up_in_A
OPC_NPC_like_malignant	ndGBM_vs_rGBM	ndGBM	rGBM	SATB2-AS1	15	14	3.0865607377460806	0.7748928394238158	2.311667898322265	7.026149113647715e-05	0.00022211932373906548	0.009036342283789637	0.025997885883546252	up_in_A
OPC_NPC_like_malignant	ndGBM_vs_rGBM	ndGBM	rGBM	NBAT1	15	14	1.6749312457025236	0.5208825799315255	1.154048665770998	7.250097704902384e-05	0.0005202804476178112	0.009087138246812997	0.031013134256144635	up_in_A
OPC_NPC_like_malignant	ndGBM_vs_rGBM	ndGBM	rGBM	ME1	15	14	3.265344699260802	0.7751782624357065	2.4901664368250955	7.554615315646289e-05	0.0006086957192386274	0.009171907362419846	0.033316123194165624	up_in_A
OPC_NPC_like_malignant	ndGBM_vs_rGBM	ndGBM	rGBM	RNF182	15	14	3.6466805584991975	1.961704374781568	1.6849761837176296	7.641847873573322e-05	0.0003174895656931951	0.009204181216614978	0.028342480287999582	up_in_A
OPC_NPC_like_malignant	ndGBM_vs_rGBM	ndGBM	rGBM	FRY-AS1	15	14	1.1250985295964357	0.33651459284419655	0.7885839367522391	7.989980729114206e-05	0.00029894088202189924	0.009454971893297685	0.028342480287999582	up_in_A
OPC_NPC_like_malignant	ndGBM_vs_rGBM	ndGBM	rGBM	SC5D	15	14	5.2528226173639725	4.604636297452177	0.6481863199117956	8.362537650970187e-05	0.0005211089374879337	0.00961438419629724	0.031013134256144635	up_in_A
OPC_NPC_like_malignant	ndGBM_vs_rGBM	ndGBM	rGBM	MACC1	15	14	0.9444055998830375	0.27691823419062345	0.6674873656924141	9.274841359486205e-05	0.00021232512897907278	0.010199637135620481	0.025997885883546252	up_in_A
OPC_NPC_like_malignant	ndGBM_vs_rGBM	ndGBM	rGBM	TRAPPC2L	15	14	6.855805433021826	6.186820512161569	0.6689849208602565	9.39972372910321e-05	0.0007186137244377008	0.010201385214512937	0.03563948327472728	up_in_A
OPC_NPC_like_malignant	ndGBM_vs_rGBM	ndGBM	rGBM	ZSCAN1	15	14	2.974489573169597	0.36205153228090853	2.6124380408886885	9.506009836906143e-05	0.001815226607851056	0.010231432998928201	0.05149136261821986	up_in_A
OPC_NPC_like_malignant	ndGBM_vs_rGBM	ndGBM	rGBM	RGS16	15	14	6.5672164707128164	4.248199315792109	2.319017154920707	9.809243769795921e-05	0.0003174895656931951	0.01041014569583377	0.028342480287999582	up_in_A
OPC_NPC_like_malignant	ndGBM_vs_rGBM	ndGBM	rGBM	GCLM	15	14	5.65384736646886	4.842551177665686	0.8112961888031744	0.00010331158641367348	0.00044256408225805226	0.010575721832012384	0.031013134256144635	up_in_A
OPC_NPC_like_malignant	ndGBM_vs_rGBM	ndGBM	rGBM	LINC01546	15	14	4.190990877256791	1.7885210875112783	2.4024697897455125	0.0001041098107056213	0.0006115423728611093	0.010575721832012384	0.033316123194165624	up_in_A
OPC_NPC_like_malignant	ndGBM_vs_rGBM	ndGBM	rGBM	EIF4A1	15	14	8.920242089803093	7.998912806945731	0.9213292828573616	0.00010833435793371531	0.0009839011289065715	0.010648196928153622	0.038783593590353584	up_in_A
OPC_NPC_like_malignant	ndGBM_vs_rGBM	ndGBM	rGBM	EBF1	15	14	1.256053322469802	0.22951554361013435	1.0265377788596677	0.00010875530600051472	0.00020434606230609125	0.010648196928153622	0.025997885883546252	up_in_A
OPC_NPC_like_malignant	ndGBM_vs_rGBM	ndGBM	rGBM	MCPH1-AS1	15	14	2.39684413884171	1.135113996105502	1.261730142736208	0.00011307724193710558	0.00037268770095143824	0.01090713894452843	0.02890244023091053	up_in_A
OPC_NPC_like_malignant	ndGBM_vs_rGBM	ndGBM	rGBM	SMARCE1	15	14	6.847584085505848	5.9166174551277155	0.9309666303781325	0.00012227203054579003	0.0011481935664966255	0.011178315274475359	0.04208933711389563	up_in_A
OPC_NPC_like_malignant	ndGBM_vs_rGBM	ndGBM	rGBM	HOXA2	15	14	2.4297995882584846	0.5864192502560092	1.8433803380024756	0.0001236525095488482	0.0011417362756415573	0.011236829250977968	0.04208933711389563	up_in_A
OPC_NPC_like_malignant	ndGBM_vs_rGBM	ndGBM	rGBM	SYTL5	15	14	2.0786893609050283	0.9161305459160666	1.1625588149889619	0.0001341202950324573	0.0004418437554171261	0.011902980101827908	0.031013134256144635	up_in_A
OPC_NPC_like_malignant	ndGBM_vs_rGBM	ndGBM	rGBM	MGAT5B	15	14	3.2538083416048185	1.5348231613335164	1.718985180271302	0.00013606662371289194	0.0004418437554171261	0.011911349906308941	0.031013134256144635	up_in_A
OPC_NPC_like_malignant	ndGBM_vs_rGBM	ndGBM	rGBM	LINC00632	15	14	5.099544857880157	1.1498123620946055	3.9497324957855513	0.00014712988994289804	0.001222364631182219	0.012201329015155304	0.04346545801844664	up_in_A
OPC_NPC_like_malignant	ndGBM_vs_rGBM	ndGBM	rGBM	STXBP5-AS1	15	14	0.91203673581502	0.29255160078789777	0.6194851350271222	0.00014914258905880244	0.000829217920724309	0.012301021367154273	0.03790000984139205	up_in_A
OPC_NPC_like_malignant	ndGBM_vs_rGBM	ndGBM	rGBM	NSG1	15	14	3.494155405305795	1.1379536730048339	2.3562017323009607	0.0001683093864174415	0.000266317422646096	0.013098785888569704	0.027133106641805512	up_in_A
OPC_NPC_like_malignant	ndGBM_vs_rGBM	ndGBM	rGBM	KTI12	15	14	3.524176513514246	4.364376657886747	-0.8402001443725009	6.211323003035996e-10	7.696153028521316e-06	9.426303789407427e-06	0.021986899931281	up_in_B
OPC_NPC_like_malignant	ndGBM_vs_rGBM	ndGBM	rGBM	YTHDF2	15	14	6.6608679583904165	7.2921984330691405	-0.631330474678724	5.4237587118843033e-08	2.0881663011151306e-05	0.00041155481105778095	0.021986899931281	up_in_B
OPC_NPC_like_malignant	ndGBM_vs_rGBM	ndGBM	rGBM	TOE1	15	14	3.50988337789225	4.211021055911593	-0.7011376780193435	2.938788283674326e-07	3.718346726238004e-05	0.0011270358427164433	0.021986899931281	up_in_B
OPC_NPC_like_malignant	ndGBM_vs_rGBM	ndGBM	rGBM	FBXW2	15	14	5.202277633940671	5.924277686014795	-0.7220000520741241	6.123179595012932e-07	1.716537477864087e-05	0.0014192595443034315	0.021986899931281	up_in_B
OPC_NPC_like_malignant	ndGBM_vs_rGBM	ndGBM	rGBM	RRM1	15	14	4.846071139173522	5.577291070022184	-0.7312199308486624	6.295215439775913e-07	1.1535888504931518e-05	0.0014192595443034315	0.021986899931281	up_in_B
OPC_NPC_like_malignant	ndGBM_vs_rGBM	ndGBM	rGBM	TRUB2	15	14	5.271919064412615	5.965950905786789	-0.6940318413741737	6.546400112100699e-07	2.0881663011151306e-05	0.0014192595443034315	0.021986899931281	up_in_B
OPC_NPC_like_malignant	ndGBM_vs_rGBM	ndGBM	rGBM	ADAMTS13	15	14	1.1051645927808615	1.8219552306843272	-0.7167906379034656	8.523740481198715e-07	2.0881663011151306e-05	0.0015677163093857401	0.021986899931281	up_in_B
OPC_NPC_like_malignant	ndGBM_vs_rGBM	ndGBM	rGBM	IMP3	15	14	6.135278457398289	6.828388424486712	-0.6931099670884233	9.297210585445216e-07	4.490519336059293e-05	0.0015677163093857401	0.021986899931281	up_in_B
OPC_NPC_like_malignant	ndGBM_vs_rGBM	ndGBM	rGBM	NUP210	15	14	3.2608879159666886	4.308770881215641	-1.0478829652489523	1.1457969904458775e-06	1.716537477864087e-05	0.0017388615127006638	0.021986899931281	up_in_B
OPC_NPC_like_malignant	ndGBM_vs_rGBM	ndGBM	rGBM	PPP4R2	15	14	6.368209681041965	6.779221898934432	-0.4110122178924671	2.2930140239993782e-06	9.379761621561758e-05	0.002680512022347768	0.022119897622000124	up_in_B
OPC_NPC_like_malignant	ndGBM_vs_rGBM	ndGBM	rGBM	CDK5RAP2	15	14	4.295642450546985	5.063112320869495	-0.7674698703225102	2.527950750937934e-06	6.513601984762553e-05	0.002680512022347768	0.021986899931281	up_in_B
OPC_NPC_like_malignant	ndGBM_vs_rGBM	ndGBM	rGBM	TMEM38A	15	14	2.0791729760287265	3.2492827820221044	-1.1701098059933779	2.564580479987101e-06	7.823488378289234e-05	0.002680512022347768	0.021986899931281	up_in_B
OPC_NPC_like_malignant	ndGBM_vs_rGBM	ndGBM	rGBM	ZNF567	15	14	4.323347830760343	4.99123353278228	-0.6678857020219366	2.6494254306283952e-06	7.823488378289234e-05	0.002680512022347768	0.021986899931281	up_in_B
OPC_NPC_like_malignant	ndGBM_vs_rGBM	ndGBM	rGBM	HCCS	15	14	4.210336190661455	4.996611530646212	-0.7862753399847566	2.932864951438465e-06	7.823488378289234e-05	0.002781822406439384	0.021986899931281	up_in_B
OPC_NPC_like_malignant	ndGBM_vs_rGBM	ndGBM	rGBM	ZNF181	15	14	4.442932218447609	5.421194689691128	-0.9782624712435188	3.2161217219027083e-06	6.513601984762553e-05	0.0028710507795056176	0.021986899931281	up_in_B
OPC_NPC_like_malignant	ndGBM_vs_rGBM	ndGBM	rGBM	TOR3A	15	14	4.591397107555971	5.343923890813832	-0.7525267832578608	3.484144982677747e-06	0.00026818436981225794	0.0029375213476176385	0.027133106641805512	up_in_B
OPC_NPC_like_malignant	ndGBM_vs_rGBM	ndGBM	rGBM	ZNF48	15	14	3.3454978170890843	4.207227252174701	-0.8617294350856168	3.7196982114606247e-06	2.5356232794298835e-05	0.0029590233320345425	0.021986899931281	up_in_B
OPC_NPC_like_malignant	ndGBM_vs_rGBM	ndGBM	rGBM	PTGR1	15	14	4.96065411267113	5.852330460838099	-0.8916763481669685	3.899609030092966e-06	0.00015989889836867267	0.0029590233320345425	0.023110720777552156	up_in_B
OPC_NPC_like_malignant	ndGBM_vs_rGBM	ndGBM	rGBM	CPT2	15	14	3.967978794222239	4.779223730953532	-0.8112449367312933	4.245831307884702e-06	0.00013409532032314256	0.0030375801355977602	0.022119897622000124	up_in_B
OPC_NPC_like_malignant	ndGBM_vs_rGBM	ndGBM	rGBM	TRIM65	15	14	3.3131969892138664	4.195979948825395	-0.8827829596115282	4.8270180866908505e-06	5.413192526509585e-05	0.003055511006670172	0.021986899931281	up_in_B
OPC_NPC_like_malignant	ndGBM_vs_rGBM	ndGBM	rGBM	FBLN7	15	14	1.9094194471266743	3.439810699402981	-1.5303912522763066	4.832120727469961e-06	0.00013409532032314256	0.003055511006670172	0.022119897622000124	up_in_B
OPC_NPC_like_malignant	ndGBM_vs_rGBM	ndGBM	rGBM	ZNF865	15	14	3.1486885747614033	3.780903075291586	-0.6322145005301829	5.0338628092649674e-06	7.823488378289234e-05	0.003055756079736206	0.021986899931281	up_in_B
OPC_NPC_like_malignant	ndGBM_vs_rGBM	ndGBM	rGBM	BFAR	15	14	5.466273881512636	5.996011156098535	-0.5297372745858988	5.464786591568412e-06	3.073355530241744e-05	0.0031897538966785474	0.021986899931281	up_in_B
OPC_NPC_like_malignant	ndGBM_vs_rGBM	ndGBM	rGBM	MOGS	15	14	4.128466981914862	4.729009239291299	-0.6005422573764374	5.871304102940994e-06	0.00013409532032314256	0.0033001078172678715	0.022119897622000124	up_in_B
OPC_NPC_like_malignant	ndGBM_vs_rGBM	ndGBM	rGBM	ETV5	15	14	5.86749762701473	6.826270692409745	-0.9587730653950146	6.104608073626041e-06	3.718346726238004e-05	0.0033086975759053145	0.021986899931281	up_in_B
OPC_NPC_like_malignant	ndGBM_vs_rGBM	ndGBM	rGBM	DENND1A	15	14	3.1685948038116214	3.8461617371726584	-0.677566933361037	7.427337309168896e-06	9.379761621561758e-05	0.003757242366798239	0.022119897622000124	up_in_B
OPC_NPC_like_malignant	ndGBM_vs_rGBM	ndGBM	rGBM	RPE	15	14	4.637540596392354	5.159888845714604	-0.52234824932225	8.030301922785409e-06	7.823488378289234e-05	0.003931221354199721	0.021986899931281	up_in_B
OPC_NPC_like_malignant	ndGBM_vs_rGBM	ndGBM	rGBM	ZBTB20	15	14	7.950591755638393	9.346656243677502	-1.3960644880391095	8.491634350896919e-06	5.413192526509585e-05	0.003984988481119494	0.021986899931281	up_in_B
OPC_NPC_like_malignant	ndGBM_vs_rGBM	ndGBM	rGBM	MFAP1	15	14	5.6611793403539385	6.2107574643279735	-0.5495781239740349	8.854092662832196e-06	0.0001903234204849969	0.003984988481119494	0.02489955370069235	up_in_B
OPC_NPC_like_malignant	ndGBM_vs_rGBM	ndGBM	rGBM	KIAA1958	15	14	4.916961460569144	5.655934373969684	-0.7389729134005396	9.052704690098254e-06	6.513601984762553e-05	0.003984988481119494	0.021986899931281	up_in_B
OPC_NPC_like_malignant	ndGBM_vs_rGBM	ndGBM	rGBM	ZNF646	15	14	2.6448660642242157	3.246675103227283	-0.6018090390030673	9.27194591310058e-06	0.00013409532032314256	0.003984988481119494	0.022119897622000124	up_in_B
OPC_NPC_like_malignant	ndGBM_vs_rGBM	ndGBM	rGBM	TMEM203	15	14	5.639391654948545	6.516021308217751	-0.8766296532692062	9.662035327924019e-06	0.00013409532032314256	0.003984988481119494	0.022119897622000124	up_in_B
OPC_NPC_like_malignant	ndGBM_vs_rGBM	ndGBM	rGBM	TICAM1	15	14	1.9824885863879587	3.343502574775713	-1.3610139883877546	9.715641394400454e-06	1.1535888504931518e-05	0.003984988481119494	0.021986899931281	up_in_B
OPC_NPC_like_malignant	ndGBM_vs_rGBM	ndGBM	rGBM	EXOSC2	15	14	4.183608275198017	4.698481651996362	-0.5148733767983451	1.0456607770884265e-05	6.513601984762553e-05	0.004148798724004378	0.021986899931281	up_in_B
OPC_NPC_like_malignant	ndGBM_vs_rGBM	ndGBM	rGBM	ULK3	15	14	3.946140043631695	4.694937003797	-0.7487969601653055	1.0769360476425553e-05	4.490519336059293e-05	0.004148798724004378	0.021986899931281	up_in_B
OPC_NPC_like_malignant	ndGBM_vs_rGBM	ndGBM	rGBM	DPH2	15	14	3.901379447598042	4.54044951871694	-0.6390700711188981	1.2032179953409935e-05	4.490519336059293e-05	0.004246520069138353	0.021986899931281	up_in_B
OPC_NPC_like_malignant	ndGBM_vs_rGBM	ndGBM	rGBM	CCNE1	15	14	2.115911841627131	3.392983349539083	-1.277071507911952	1.2380846052585514e-05	9.379761621561758e-05	0.0042702663566826764	0.022119897622000124	up_in_B
OPC_NPC_like_malignant	ndGBM_vs_rGBM	ndGBM	rGBM	UBA2	15	14	6.336320104746955	6.892189599894442	-0.555869495147487	1.2959037835689608e-05	0.00015989889836867267	0.004370363515431678	0.023110720777552156	up_in_B
OPC_NPC_like_malignant	ndGBM_vs_rGBM	ndGBM	rGBM	MRPS23	15	14	6.241020830348671	6.8772974235949675	-0.6362765932462962	1.3973233101217865e-05	0.00022612815871297478	0.004609951859653963	0.025997885883546252	up_in_B
OPC_NPC_like_malignant	ndGBM_vs_rGBM	ndGBM	rGBM	CLPTM1L	15	14	5.623453394197359	6.3775304865874025	-0.7540770923900437	1.6766077650213653e-05	0.000612493303319202	0.005413659455737072	0.033316123194165624	up_in_B
OPC_NPC_like_malignant	ndGBM_vs_rGBM	ndGBM	rGBM	SDAD1	15	14	5.315230262998214	5.763837138186645	-0.4486068751884309	2.0082888742904708e-05	0.00022612815871297478	0.005960131257067656	0.025997885883546252	up_in_B
OPC_NPC_like_malignant	ndGBM_vs_rGBM	ndGBM	rGBM	SWAP70	15	14	4.898528188169404	5.645079118721467	-0.746550930552063	2.06793897291502e-05	0.00013409532032314256	0.005960131257067656	0.022119897622000124	up_in_B
OPC_NPC_like_malignant	ndGBM_vs_rGBM	ndGBM	rGBM	ZNF263	15	14	3.7700095964292095	4.263779700723353	-0.49377010429414314	2.076032799764652e-05	0.00011225248552967163	0.005960131257067656	0.022119897622000124	up_in_B
OPC_NPC_like_malignant	ndGBM_vs_rGBM	ndGBM	rGBM	ERCC3	15	14	4.318962693781767	4.805364888608855	-0.4864021948270878	2.0814902255178293e-05	9.379761621561758e-05	0.005960131257067656	0.022119897622000124	up_in_B
OPC_NPC_like_malignant	ndGBM_vs_rGBM	ndGBM	rGBM	MKRN1	15	14	5.851485597363089	6.242167157267498	-0.3906815599044089	2.1671689676338476e-05	0.00013409532032314256	0.005979274936909913	0.022119897622000124	up_in_B
OPC_NPC_like_malignant	ndGBM_vs_rGBM	ndGBM	rGBM	ISG20L2	15	14	5.027212435340309	5.569151168931195	-0.5419387335908858	2.198167064828456e-05	1.1535888504931518e-05	0.005979274936909913	0.021986899931281	up_in_B
OPC_NPC_like_malignant	ndGBM_vs_rGBM	ndGBM	rGBM	TRMO	15	14	3.2277476190226	3.947188909111157	-0.719441290088557	2.245673942616897e-05	7.823488378289234e-05	0.005979274936909913	0.021986899931281	up_in_B
OPC_NPC_like_malignant	ndGBM_vs_rGBM	ndGBM	rGBM	PIK3R4	15	14	2.8722711460503088	3.762970863443122	-0.8906997173928133	2.316341000822999e-05	0.00013409532032314256	0.005979274936909913	0.022119897622000124	up_in_B
OPC_NPC_like_malignant	ndGBM_vs_rGBM	ndGBM	rGBM	TBRG4	15	14	5.162339962288319	6.025241315140733	-0.8629013528524148	2.3245731502219612e-05	0.00011225248552967163	0.005979274936909913	0.022119897622000124	up_in_B
OPC_NPC_like_malignant	ndGBM_vs_rGBM	ndGBM	rGBM	RNF25	15	14	3.6139670467749405	4.061520221751159	-0.44755317497621805	2.4323178536026912e-05	0.00011225248552967163	0.00602339920724929	0.022119897622000124	up_in_B
cycling_malignant_candidate	GBM_vs_LGG	GBM	LGG	PTP4A1	32	4	7.205225575125601	0.0	7.205225575125601	6.9621033788140574e-40	0.001381734868704939	1.0565688087688214e-35	0.010889771511786333	up_in_A
cycling_malignant_candidate	GBM_vs_LGG	GBM	LGG	METTL13	32	4	4.707867538846482	0.0	4.707867538846482	2.1473697721062148e-32	0.001381734868704939	1.6294241830741958e-28	0.010889771511786333	up_in_A
cycling_malignant_candidate	GBM_vs_LGG	GBM	LGG	ZIM2-AS1	32	4	5.139151863084522	0.0	5.139151863084522	2.5479934700810816e-30	0.001381734868704939	1.2889449633983499e-26	0.010889771511786333	up_in_A
cycling_malignant_candidate	GBM_vs_LGG	GBM	LGG	UTP14C	32	4	4.1639917601722685	0.0	4.1639917601722685	1.4342007533646066e-24	0.001381734868704939	4.353086126612254e-21	0.010889771511786333	up_in_A
cycling_malignant_candidate	GBM_vs_LGG	GBM	LGG	ZNF286B	32	4	3.532354804785229	0.0	3.532354804785229	3.2035673010940134e-21	0.001381734868704939	8.102889560233792e-18	0.010889771511786333	up_in_A
cycling_malignant_candidate	GBM_vs_LGG	GBM	LGG	LINC01579	32	4	4.0356827682866285	0.0	4.0356827682866285	1.0485481960182527e-20	0.0019371727139175152	1.9890959278466254e-17	0.013344772177218434	up_in_A
cycling_malignant_candidate	GBM_vs_LGG	GBM	LGG	C5orf63	32	4	3.5086603595106554	0.0	3.5086603595106554	1.9119155661530688e-20	0.0019371727139175152	2.901523063193897e-17	0.013344772177218434	up_in_A
cycling_malignant_candidate	GBM_vs_LGG	GBM	LGG	TIMP1	32	4	7.872093197781821	0.12875437452385866	7.743338823257962	1.205399174064401e-19	0.0021226191633996827	1.6630125332364862e-16	0.01437432772144292	up_in_A
cycling_malignant_candidate	GBM_vs_LGG	GBM	LGG	FBXO17	32	4	5.085752687503428	0.0	5.085752687503428	1.9468324790575216e-19	0.0019371727139175152	2.4620941418480787e-16	0.013344772177218434	up_in_A
cycling_malignant_candidate	GBM_vs_LGG	GBM	LGG	HOTAIRM1	32	4	4.407891809196289	0.0	4.407891809196289	2.1728921130022e-19	0.0019371727139175152	2.536600823609338e-16	0.013344772177218434	up_in_A
cycling_malignant_candidate	GBM_vs_LGG	GBM	LGG	TNFAIP6	32	4	5.577925607738832	0.0	5.577925607738832	9.346307733800902e-19	0.0019371727139175152	9.4559710778775e-16	0.013344772177218434	up_in_A
cycling_malignant_candidate	GBM_vs_LGG	GBM	LGG	MYL12A	32	4	6.321601752750076	1.7124604677820892	4.609141284967986	2.582219620045859e-18	6.790595025889144e-05	2.4492353096134972e-15	0.001672955683650871	up_in_A
cycling_malignant_candidate	GBM_vs_LGG	GBM	LGG	ST20	32	4	3.8924315457255023	0.0	3.8924315457255023	3.3937813028672306e-18	0.002683863760158369	2.7734391668707826e-15	0.016298646028076593	up_in_A
cycling_malignant_candidate	GBM_vs_LGG	GBM	LGG	COX6C	32	4	10.17813182430913	8.925339840485512	1.2527919838236183	7.400116794447846e-18	3.395297512944572e-05	5.347817736787643e-15	0.0011927554411214542	up_in_A
cycling_malignant_candidate	GBM_vs_LGG	GBM	LGG	HOXA7	32	4	5.276553111861027	0.0	5.276553111861027	5.167244636654168e-17	0.002683863760158369	3.267421025244319e-14	0.016298646028076593	up_in_A
cycling_malignant_candidate	GBM_vs_LGG	GBM	LGG	PTTG2	32	4	4.656920928718674	0.0	4.656920928718674	1.158447898196083e-16	0.001381734868704939	6.27878760822277e-14	0.010889771511786333	up_in_A
cycling_malignant_candidate	GBM_vs_LGG	GBM	LGG	COX5A	32	4	8.361100802158788	6.84546000887029	1.5156407932884974	1.2198760946572987e-16	6.790595025889144e-05	6.383737797420402e-14	0.001672955683650871	up_in_A
cycling_malignant_candidate	GBM_vs_LGG	GBM	LGG	MIR4435-2HG	32	4	5.03318593738902	0.0	5.03318593738902	1.2806438522537542e-16	0.001381734868704939	6.478350367267657e-14	0.010889771511786333	up_in_A
cycling_malignant_candidate	GBM_vs_LGG	GBM	LGG	MIF-AS1	32	4	3.6535095842473346	0.0	3.6535095842473346	1.515690518677829e-16	0.001381734868704939	7.420038487566043e-14	0.010889771511786333	up_in_A
cycling_malignant_candidate	GBM_vs_LGG	GBM	LGG	XKR8	32	4	2.546944464590845	0.0	2.546944464590845	1.7437241788388084e-16	0.0019371727139175152	8.269611918143049e-14	0.013344772177218434	up_in_A
cycling_malignant_candidate	GBM_vs_LGG	GBM	LGG	WFDC2	32	4	3.0210617618710294	0.0	3.0210617618710294	3.184714035828443e-16	0.002683863760158369	1.464582430537347e-13	0.016298646028076593	up_in_A
cycling_malignant_candidate	GBM_vs_LGG	GBM	LGG	SMIM10	32	4	3.0773294396666664	0.0	3.0773294396666664	3.7834014977027357e-16	0.0019371727139175152	1.640482889403906e-13	0.013344772177218434	up_in_A
cycling_malignant_candidate	GBM_vs_LGG	GBM	LGG	MMP14	32	4	4.122208660008814	0.0	4.122208660008814	3.9852993149554775e-16	0.001381734868704939	1.6800250667712312e-13	0.010889771511786333	up_in_A
cycling_malignant_candidate	GBM_vs_LGG	GBM	LGG	CBFB	32	4	6.424937974499728	5.071823982039563	1.3531139924601652	6.640654942688073e-16	3.395297512944572e-05	2.6520678792166895e-13	0.0011927554411214542	up_in_A
cycling_malignant_candidate	GBM_vs_LGG	GBM	LGG	HLA-A	32	4	10.095294466548832	6.579967466982402	3.5153269995664305	7.850499051194887e-16	3.395297512944572e-05	3.0548506051521437e-13	0.0011927554411214542	up_in_A
cycling_malignant_candidate	GBM_vs_LGG	GBM	LGG	SSBP1	32	4	8.57297697183056	7.5038997463892665	1.0690772254412932	8.879748948619078e-16	3.395297512944572e-05	3.368976751106078e-13	0.0011927554411214542	up_in_A
cycling_malignant_candidate	GBM_vs_LGG	GBM	LGG	KLHL26	32	4	2.2866102816495997	0.0	2.2866102816495997	9.628089500080392e-16	0.0019371727139175152	3.563802103737074e-13	0.013344772177218434	up_in_A
cycling_malignant_candidate	GBM_vs_LGG	GBM	LGG	HOXA3	32	4	3.332643038341705	0.0	3.332643038341705	4.997469990339728e-15	0.0019371727139175152	1.5477878484366472e-12	0.013344772177218434	up_in_A
cycling_malignant_candidate	GBM_vs_LGG	GBM	LGG	SHISA5	32	4	5.9872931554552915	4.646424241871287	1.3408689135840044	5.65861942534479e-15	0.00023767082590612002	1.7175041679806508e-12	0.003650700864323155	up_in_A
cycling_malignant_candidate	GBM_vs_LGG	GBM	LGG	HOXA10	32	4	4.225489993385496	0.0	4.225489993385496	7.48750656146469e-15	0.0019371727139175152	2.1439698033356253e-12	0.013344772177218434	up_in_A
cycling_malignant_candidate	GBM_vs_LGG	GBM	LGG	IGF2BP3	32	4	5.048883051727465	0.12875437452385866	4.920128677203606	8.191239458305066e-15	0.0013876685576169837	2.3020416670229205e-12	0.010889771511786333	up_in_A
cycling_malignant_candidate	GBM_vs_LGG	GBM	LGG	CHMP4B	32	4	7.072671058694733	5.46975789672412	1.602913161970613	1.0277538639686716e-14	3.395297512944572e-05	2.8358532071979202e-12	0.0011927554411214542	up_in_A
cycling_malignant_candidate	GBM_vs_LGG	GBM	LGG	PSMA1	32	4	7.888089283266535	6.997984684834743	0.8901045984317912	1.8247256297901964e-14	3.395297512944572e-05	4.7744889927062106e-12	0.0011927554411214542	up_in_A
cycling_malignant_candidate	GBM_vs_LGG	GBM	LGG	CPPED1	32	4	2.7736655197579134	0.0	2.7736655197579134	2.0915015797881213e-14	0.0019371727139175152	5.379767453366869e-12	0.013344772177218434	up_in_A
cycling_malignant_candidate	GBM_vs_LGG	GBM	LGG	FKBP1C	32	4	4.739973590077725	0.0	4.739973590077725	2.173176422239941e-14	0.001381734868704939	5.496687563985557e-12	0.010889771511786333	up_in_A
cycling_malignant_candidate	GBM_vs_LGG	GBM	LGG	ISL2	32	4	2.1663784312798393	0.0	2.1663784312798393	2.2257228896280204e-14	0.0019371727139175152	5.508721349719991e-12	0.013344772177218434	up_in_A
cycling_malignant_candidate	GBM_vs_LGG	GBM	LGG	HNRNPA1L2	32	4	6.256287797641723	3.461199609712476	2.7950881879292466	2.250531916727988e-14	3.395297512944572e-05	5.508721349719991e-12	0.0011927554411214542	up_in_A
cycling_malignant_candidate	GBM_vs_LGG	GBM	LGG	TIMM44	32	4	6.267513745311867	4.753671725801922	1.5138420195099442	2.3737856344556845e-14	3.395297512944572e-05	5.628839185703042e-12	0.0011927554411214542	up_in_A
cycling_malignant_candidate	GBM_vs_LGG	GBM	LGG	ANXA2R	32	4	4.673852213684859	1.4783962341115044	3.195455979573355	2.6812184022310646e-14	0.0004074357015533486	6.165177344281612e-12	0.004978457493376505	up_in_A
cycling_malignant_candidate	GBM_vs_LGG	GBM	LGG	TAGLN2	32	4	7.250596261199547	2.117038523327636	5.133557737871911	3.010043430386451e-14	3.395297512944572e-05	6.8179729999320565e-12	0.0011927554411214542	up_in_A
cycling_malignant_candidate	GBM_vs_LGG	GBM	LGG	SLC52A2	32	4	5.589798055243634	4.618511756442811	0.9712862988008224	3.0585568579088776e-14	0.0004074357015533486	6.825979246415459e-12	0.004978457493376505	up_in_A
cycling_malignant_candidate	GBM_vs_LGG	GBM	LGG	PSMB3	32	4	8.608839327573202	7.266814188083512	1.3420251394896896	3.802900595656626e-14	0.00013581190051778288	8.364176730389124e-12	0.0025289342358992307	up_in_A
cycling_malignant_candidate	GBM_vs_LGG	GBM	LGG	NOP16	32	4	5.606244454662242	3.6205224428028573	1.985722011859385	3.86296896201907e-14	3.395297512944572e-05	8.374916709657344e-12	0.0011927554411214542	up_in_A
cycling_malignant_candidate	GBM_vs_LGG	GBM	LGG	MEOX2	32	4	4.572833907954378	0.0	4.572833907954378	5.3245769374473766e-14	0.0036743226906517977	1.1223024944819637e-11	0.019858091578821825	up_in_A
cycling_malignant_candidate	GBM_vs_LGG	GBM	LGG	TNFRSF1A	32	4	5.128927470473364	1.5312908528726632	3.597636617600701	1.0044496048774848e-13	0.0012902130549189371	1.9796788576130792e-11	0.010629898654424425	up_in_A
cycling_malignant_candidate	GBM_vs_LGG	GBM	LGG	SSH3	32	4	1.8640776730870632	0.0	1.8640776730870632	1.0213401861953074e-13	0.0036743226906517977	1.987161367397434e-11	0.019858091578821825	up_in_A
cycling_malignant_candidate	GBM_vs_LGG	GBM	LGG	CASP4	32	4	2.8866583495680236	0.0	2.8866583495680236	1.292936771922826e-13	0.0019371727139175152	2.4527010563376008e-11	0.013344772177218434	up_in_A
cycling_malignant_candidate	GBM_vs_LGG	GBM	LGG	TBC1D22B	32	4	2.848956094736589	1.6254544108319178	1.2235016839046713	1.5808951328452326e-13	3.395297512944572e-05	2.9619338933406484e-11	0.0011927554411214542	up_in_A
cycling_malignant_candidate	GBM_vs_LGG	GBM	LGG	PARVB	32	4	3.4712827350748734	0.0	3.4712827350748734	2.422043842443665e-13	0.001381734868704939	4.375825875348221e-11	0.010889771511786333	up_in_A
cycling_malignant_candidate	GBM_vs_LGG	GBM	LGG	MIR4458HG	32	4	5.259712240332288	0.12875437452385866	5.130957865808429	2.749016322111974e-13	0.004724731717317581	4.908126082867214e-11	0.023432198869938435	up_in_A
cycling_malignant_candidate	GBM_vs_LGG	GBM	LGG	RANBP17	32	4	0.31155030887747226	5.5733580165025085	-5.261807707625036	8.412251832703791e-26	5.1694967116797585e-05	3.191608345327818e-22	0.001672955683650871	up_in_B
cycling_malignant_candidate	GBM_vs_LGG	GBM	LGG	MRPL38	32	4	2.0928729350827737	6.305847503688223	-4.212974568605449	4.606654613708046e-21	0.0013906416176754028	9.987227202519044e-18	0.010889771511786333	up_in_B
cycling_malignant_candidate	GBM_vs_LGG	GBM	LGG	DST	32	4	6.822154775700665	9.151093326390889	-2.328938550690224	1.4940221278579444e-20	3.395297512944572e-05	2.5192533124857958e-17	0.0011927554411214542	up_in_B
cycling_malignant_candidate	GBM_vs_LGG	GBM	LGG	GNG10	32	4	1.8497007985915697	7.092005599582446	-5.242304800990876	2.912466887192745e-19	0.0013367923429247048	3.1571141057169356e-16	0.010889771511786333	up_in_B
cycling_malignant_candidate	GBM_vs_LGG	GBM	LGG	STRADA	32	4	1.4984147568794437	5.549229712886641	-4.050814956007197	3.089317907889418e-18	0.0013367923429247048	2.7578522688311653e-15	0.010889771511786333	up_in_B
cycling_malignant_candidate	GBM_vs_LGG	GBM	LGG	MAML2	32	4	5.339260423578263	8.276286235306468	-2.9370258117282058	3.4722815083384864e-18	3.395297512944572e-05	2.7734391668707826e-15	0.0011927554411214542	up_in_B
cycling_malignant_candidate	GBM_vs_LGG	GBM	LGG	LINC00632	32	4	2.376113725074843	9.469455286369078	-7.093341561294235	5.565294021522228e-18	0.0013718821843626344	4.222945103531066e-15	0.010889771511786333	up_in_B
cycling_malignant_candidate	GBM_vs_LGG	GBM	LGG	GNL3L	32	4	2.998247600129352	4.964026567701945	-1.9657789675725925	7.980768354120768e-18	3.395297512944572e-05	5.505279115551671e-15	0.0011927554411214542	up_in_B
cycling_malignant_candidate	GBM_vs_LGG	GBM	LGG	PSMA6	32	4	3.8442912039302874	7.6769011477260145	-3.832609943795727	1.1721030272683785e-17	3.395297512944572e-05	7.733841539923875e-15	0.0011927554411214542	up_in_B
cycling_malignant_candidate	GBM_vs_LGG	GBM	LGG	ANKHD1	32	4	3.415338251344223	6.619211480488085	-3.203873229143862	5.446577797115721e-17	3.395297512944572e-05	3.306290585961127e-14	0.0011927554411214542	up_in_B
cycling_malignant_candidate	GBM_vs_LGG	GBM	LGG	SARNP	32	4	4.056315608301066	7.230791490666754	-3.1744758823656882	6.471339088626565e-17	3.395297512944572e-05	3.777270846499875e-14	0.0011927554411214542	up_in_B
cycling_malignant_candidate	GBM_vs_LGG	GBM	LGG	GABARAP	32	4	4.096682774033056	9.683228837088446	-5.5865460630553905	8.382356446004819e-17	0.0013906416176754028	4.7115052379470046e-14	0.010889771511786333	up_in_B
cycling_malignant_candidate	GBM_vs_LGG	GBM	LGG	EDC4	32	4	0.6177693616168771	4.6029720176436975	-3.9852026560268206	3.3441081238074143e-16	0.0009867059495227866	1.492652496673568e-13	0.009147372932167263	up_in_B
cycling_malignant_candidate	GBM_vs_LGG	GBM	LGG	DDX39B	32	4	4.058463835287913	7.335652265010669	-3.277188429722756	4.296077806344395e-16	3.395297512944572e-05	1.7620885618670956e-13	0.0011927554411214542	up_in_B
cycling_malignant_candidate	GBM_vs_LGG	GBM	LGG	RNASEK	32	4	3.475482008296457	8.752779397772274	-5.277297389475818	1.1846136830160492e-15	3.395297512944572e-05	4.2804041079646575e-13	0.0011927554411214542	up_in_B
cycling_malignant_candidate	GBM_vs_LGG	GBM	LGG	PAGR1	32	4	2.0415704484333674	6.263054865658145	-4.221484417224778	1.8496220652216738e-15	0.001357189262800128	6.527875456233516e-13	0.010889771511786333	up_in_B
cycling_malignant_candidate	GBM_vs_LGG	GBM	LGG	QSER1	32	4	5.615218131574318	7.315039706459283	-1.6998215748849645	2.0789789073745604e-15	3.395297512944572e-05	7.070326086522596e-13	0.0011927554411214542	up_in_B
cycling_malignant_candidate	GBM_vs_LGG	GBM	LGG	MXI1	32	4	4.282436053021005	6.800224138591082	-2.5177880855700767	2.096498905465978e-15	3.395297512944572e-05	7.070326086522596e-13	0.0011927554411214542	up_in_B
cycling_malignant_candidate	GBM_vs_LGG	GBM	LGG	AKAP6	32	4	3.375258965390806	6.267994738379113	-2.892735772988307	2.472980446209707e-15	3.395297512944572e-05	8.15868505471272e-13	0.0011927554411214542	up_in_B
cycling_malignant_candidate	GBM_vs_LGG	GBM	LGG	RNF150	32	4	2.655890726655894	5.661253764739227	-3.005363038083333	2.8890949665196353e-15	3.395297512944572e-05	9.328703236574891e-13	0.0011927554411214542	up_in_B
cycling_malignant_candidate	GBM_vs_LGG	GBM	LGG	ACY1	32	4	0.9663283157453142	3.3759492866807124	-2.409620970935398	4.48784591855584e-15	0.0020054660080903123	1.4189072845834047e-12	0.013678630174731947	up_in_B
cycling_malignant_candidate	GBM_vs_LGG	GBM	LGG	ABHD16A	32	4	1.3502650324149554	4.670799770182522	-3.3205347377675665	6.0423391607256815e-15	0.0011264295906389667	1.7980105706504497e-12	0.010354146255322204	up_in_B
cycling_malignant_candidate	GBM_vs_LGG	GBM	LGG	ZNF37A	32	4	4.315401192297392	6.49496422694929	-2.179563034651898	7.190600435369503e-15	3.395297512944572e-05	2.098549080907069e-12	0.0011927554411214542	up_in_B
cycling_malignant_candidate	GBM_vs_LGG	GBM	LGG	DBNDD2	32	4	0.8357610773049635	6.095893917249951	-5.260132839944987	1.2643990288238778e-14	0.0010604090585467683	3.3894238350329824e-12	0.009776894211728893	up_in_B
cycling_malignant_candidate	GBM_vs_LGG	GBM	LGG	MT-ATP6	32	4	8.81854611669166	13.85587844457736	-5.0373323278857	1.2730440076230891e-14	3.395297512944572e-05	3.3894238350329824e-12	0.0011927554411214542	up_in_B
cycling_malignant_candidate	GBM_vs_LGG	GBM	LGG	ZNF91	32	4	5.016212510704561	6.989106018809501	-1.9728935081049404	2.3289006893017947e-14	3.395297512944572e-05	5.610062993784767e-12	0.0011927554411214542	up_in_B
cycling_malignant_candidate	GBM_vs_LGG	GBM	LGG	FAM107B	32	4	5.015088984854347	7.303261480875017	-2.28817249602067	2.5749535484731013e-14	3.395297512944572e-05	6.011922315635044e-12	0.0011927554411214542	up_in_B
cycling_malignant_candidate	GBM_vs_LGG	GBM	LGG	FAM27C	32	4	1.7624340797749123	5.378786866742551	-3.616352786967639	4.5714788211595786e-14	0.0012341432069673869	9.771375012664474e-12	0.010629898654424425	up_in_B
cycling_malignant_candidate	GBM_vs_LGG	GBM	LGG	SENP7	32	4	4.507328272953378	6.174478735370898	-1.6671504624175197	5.796451178540807e-14	0.00013581190051778288	1.2050266176100724e-11	0.0025289342358992307	up_in_B
cycling_malignant_candidate	GBM_vs_LGG	GBM	LGG	PIK3R1	32	4	6.672530755481375	9.32371052261127	-2.6511797671298947	7.615415160593325e-14	3.395297512944572e-05	1.561777574015734e-11	0.0011927554411214542	up_in_B
cycling_malignant_candidate	GBM_vs_LGG	GBM	LGG	DYNC1H1	32	4	6.599697399568372	8.279443451650652	-1.6797460520822796	9.278713710160356e-14	0.00023767082590612002	1.8775167902052475e-11	0.003650700864323155	up_in_B
cycling_malignant_candidate	GBM_vs_LGG	GBM	LGG	MT-CO3	32	4	9.759793189865109	14.25665674180581	-4.4968635519407005	9.959757127723934e-14	3.395297512944572e-05	1.9796788576130792e-11	0.0011927554411214542	up_in_B
cycling_malignant_candidate	GBM_vs_LGG	GBM	LGG	ARPP21	32	4	3.4131407696623586	7.212107785825645	-3.7989670161632865	1.1870580033607866e-13	0.0016538057050703165	2.2803534505067463e-11	0.012550242913564711	up_in_B
cycling_malignant_candidate	GBM_vs_LGG	GBM	LGG	PTPRT	32	4	1.3842120495951886	4.907739080127157	-3.523527030531968	1.6063572005927342e-13	0.004970928699767064	2.9729362044140655e-11	0.024320007410929528	up_in_B
cycling_malignant_candidate	GBM_vs_LGG	GBM	LGG	BMP2	32	4	3.163755454850357	6.3021125692907525	-3.1383571144403954	2.1565571206370626e-13	0.00023767082590612002	3.943121790697357e-11	0.003650700864323155	up_in_B
cycling_malignant_candidate	GBM_vs_LGG	GBM	LGG	DPP10	32	4	0.8982852523402766	4.963919456384752	-4.065634204044476	2.8980163870301826e-13	0.000989629765014298	5.113987987159309e-11	0.009152115364934177	up_in_B
cycling_malignant_candidate	GBM_vs_LGG	GBM	LGG	RBM27	32	4	3.6059496629080976	6.164912141138419	-2.5589624782303217	3.1395057088727215e-13	3.395297512944572e-05	5.4709643982683903e-11	0.0011927554411214542	up_in_B
cycling_malignant_candidate	GBM_vs_LGG	GBM	LGG	PCDHA10	32	4	1.7278707413699754	4.1593356908629975	-2.431464949493022	3.67326456843878e-13	0.0013718821843626344	6.263535178722126e-11	0.010889771511786333	up_in_B
cycling_malignant_candidate	GBM_vs_LGG	GBM	LGG	PRKCE	32	4	3.360096021634229	5.1172401341059155	-1.7571441124716864	7.04587152346379e-13	3.395297512944572e-05	1.1375334706392179e-10	0.0011927554411214542	up_in_B
cycling_malignant_candidate	GBM_vs_LGG	GBM	LGG	QKI	32	4	8.398023348839985	9.690622541377655	-1.2925991925376703	7.601590963399644e-13	3.395297512944572e-05	1.2016848381307604e-10	0.0011927554411214542	up_in_B
cycling_malignant_candidate	GBM_vs_LGG	GBM	LGG	DNM3	32	4	4.321590737236567	7.371417527707012	-3.049826790470445	8.719552195950266e-13	3.395297512944572e-05	1.350284940058584e-10	0.0011927554411214542	up_in_B
cycling_malignant_candidate	GBM_vs_LGG	GBM	LGG	ZFYVE16	32	4	4.966078308860006	7.482061889323734	-2.515983580463728	9.255152828266638e-13	3.395297512944572e-05	1.4187494880987324e-10	0.0011927554411214542	up_in_B
cycling_malignant_candidate	GBM_vs_LGG	GBM	LGG	AARSD1	32	4	3.0280084433174856	5.932291403303645	-2.9042829599861593	9.903921627206355e-13	0.0013876685576169837	1.488137768460234e-10	0.010889771511786333	up_in_B
cycling_malignant_candidate	GBM_vs_LGG	GBM	LGG	MT-ND3	32	4	8.446122263728366	12.914839666307557	-4.468717402579191	1.2615515133276625e-12	3.395297512944572e-05	1.8769907613980985e-10	0.0011927554411214542	up_in_B
cycling_malignant_candidate	GBM_vs_LGG	GBM	LGG	CSMD3	32	4	1.6857263793923083	5.815298683265587	-4.129572303873278	1.7246591288886786e-12	0.0010604090585467683	2.469191220756093e-10	0.009776894211728893	up_in_B
cycling_malignant_candidate	GBM_vs_LGG	GBM	LGG	ZNF804A	32	4	2.1026255763369766	5.666708007103612	-3.5640824307666352	1.7512272466873654e-12	0.0012758697632640028	2.4837967005352764e-10	0.010629898654424425	up_in_B
cycling_malignant_candidate	GBM_vs_LGG	GBM	LGG	ZBTB16	32	4	4.577393363353717	9.09904219670698	-4.521648833353264	2.1002463452427627e-12	3.395297512944572e-05	2.8975762304912876e-10	0.0011927554411214542	up_in_B
cycling_malignant_candidate	GBM_vs_LGG	GBM	LGG	KDM5A	32	4	5.4808393083240645	7.048458731068003	-1.5676194227439382	2.4790341443171336e-12	6.790595025889144e-05	3.389353349023137e-10	0.001672955683650871	up_in_B
cycling_malignant_candidate	GBM_vs_LGG	GBM	LGG	HCG25	32	4	0.8063801016174257	2.398104077601715	-1.5917239759842892	2.509362473716401e-12	0.002467080752836152	3.4001861518857233e-10	0.015225871291192126	up_in_B
cycling_malignant_candidate	GBM_vs_LGG	GBM	LGG	RBM4	32	4	4.97206867178625	7.340769807794623	-2.368701136008373	2.609438902377198e-12	3.395297512944572e-05	3.504499538272244e-10	0.0011927554411214542	up_in_B
cycling_malignant_candidate	GBM_vs_ndGBM	GBM	ndGBM	MKKS	32	16	7.016800511228585	5.301879354786766	1.714921156441819	4.786074475001348e-22	2.298339360412859e-08	5.606820222159486e-18	1.8807844480993043e-05	up_in_A
cycling_malignant_candidate	GBM_vs_ndGBM	GBM	ndGBM	ALDOA	32	16	9.63714433540953	4.990997678525114	4.646146656884417	7.389061969108442e-22	2.298339360412859e-08	5.606820222159486e-18	1.8807844480993043e-05	up_in_A
cycling_malignant_candidate	GBM_vs_ndGBM	GBM	ndGBM	PTPRS	32	16	7.427672176728735	3.6368670621251207	3.7908051146036144	8.431233436761057e-18	2.298339360412859e-08	1.827891409089797e-14	1.8807844480993043e-05	up_in_A
cycling_malignant_candidate	GBM_vs_ndGBM	GBM	ndGBM	UQCRHL	32	16	6.600438342855568	2.13494151739451	4.4654968254610585	2.162317805850965e-17	2.298339360412859e-08	4.1019168776992805e-14	1.8807844480993043e-05	up_in_A
cycling_malignant_candidate	GBM_vs_ndGBM	GBM	ndGBM	PTTG2	32	16	4.656920928718674	0.15916851837722945	4.497752410341445	1.5685974068407084e-16	2.1883567426793323e-08	2.645003805134955e-13	1.8807844480993043e-05	up_in_A
cycling_malignant_candidate	GBM_vs_ndGBM	GBM	ndGBM	ZNF320	32	16	3.7514557947190723	0.7524783607484451	2.9989774339706274	5.276139238087472e-15	2.258515624046814e-08	6.655315129487914e-12	1.8807844480993043e-05	up_in_A
cycling_malignant_candidate	GBM_vs_ndGBM	GBM	ndGBM	MIF-AS1	32	16	3.6535095842473346	0.5598675974291221	3.093641986818213	6.047453767029515e-15	2.5612967964412088e-08	6.655315129487914e-12	1.8807844480993043e-05	up_in_A
cycling_malignant_candidate	GBM_vs_ndGBM	GBM	ndGBM	NACA2	32	16	5.285504284797138	0.42405353368384147	4.8614507511132965	6.578131717337818e-15	2.229046469772249e-08	6.655315129487914e-12	1.8807844480993043e-05	up_in_A
cycling_malignant_candidate	GBM_vs_ndGBM	GBM	ndGBM	BAG6	32	16	6.389784293815685	5.3117376119883755	1.0780466818273098	8.526755158659096e-15	3.346150507293175e-08	8.087627267988152e-12	1.8807844480993043e-05	up_in_A
cycling_malignant_candidate	GBM_vs_ndGBM	GBM	ndGBM	HNRNPA1L2	32	16	6.256287797641723	2.980303913634451	3.275983884007272	1.0148317326711133e-14	2.953727314685544e-08	9.059462573539302e-12	1.8807844480993043e-05	up_in_A
cycling_malignant_candidate	GBM_vs_ndGBM	GBM	ndGBM	GABPB1	32	16	5.840071190844627	4.599868499794634	1.2402026910499933	3.033176775962268e-14	1.62351239947787e-07	2.5573050417779655e-11	3.519774882068022e-05	up_in_A
cycling_malignant_candidate	GBM_vs_ndGBM	GBM	ndGBM	FKBP1C	32	16	4.739973590077725	0.23865159036993405	4.501321999707791	3.9074933147936006e-14	2.135118649800787e-08	3.1210588708056676e-11	1.8807844480993043e-05	up_in_A
cycling_malignant_candidate	GBM_vs_ndGBM	GBM	ndGBM	EWSR1	32	16	7.77367829155243	6.574491066881249	1.1991872246711806	3.8979273855491076e-13	3.346150507293175e-08	2.6888611819587847e-10	1.8807844480993043e-05	up_in_A
cycling_malignant_candidate	GBM_vs_ndGBM	GBM	ndGBM	ZC3H11A	32	16	5.990502001853958	1.9329555565344632	4.057546445319495	5.939359295954243e-13	2.298339360412859e-08	3.755654861475066e-10	1.8807844480993043e-05	up_in_A
cycling_malignant_candidate	GBM_vs_ndGBM	GBM	ndGBM	IP6K2	32	16	7.2101391998941216	6.169104386565806	1.0410348133283156	2.2364677562195258e-12	1.2798209346038947e-07	1.2570605432736119e-09	3.2919597463641875e-05	up_in_A
cycling_malignant_candidate	GBM_vs_ndGBM	GBM	ndGBM	DVL2	32	16	5.550629761615926	4.302771579034948	1.2478581825809778	2.478680729217964e-12	2.6061133825508702e-08	1.3434449552361366e-09	1.8807844480993043e-05	up_in_A
cycling_malignant_candidate	GBM_vs_ndGBM	GBM	ndGBM	KLHL22	32	16	5.017876019100068	3.564298385113631	1.4535776339864372	4.7690065208657764e-12	7.908929174933278e-08	2.4124814320219676e-09	2.7913002129950562e-05	up_in_A
cycling_malignant_candidate	GBM_vs_ndGBM	GBM	ndGBM	HMCES	32	16	5.246355482719654	4.2557263986127865	0.9906290841068675	7.35354650484573e-12	2.9187514326484534e-07	3.3817400532587516e-09	4.8675793122937284e-05	up_in_A
cycling_malignant_candidate	GBM_vs_ndGBM	GBM	ndGBM	ECE2	32	16	3.266242735442739	0.7195322277969283	2.5467105076458108	1.0660140746073896e-11	3.2475226947127165e-08	4.7244284004829435e-09	1.8807844480993043e-05	up_in_A
cycling_malignant_candidate	GBM_vs_ndGBM	GBM	ndGBM	MAP1LC3B2	32	16	3.272441942301903	0.949720106111272	2.322721836190631	1.1207131155600023e-11	1.8258911509280576e-07	4.7244284004829435e-09	3.697453113161945e-05	up_in_A
cycling_malignant_candidate	GBM_vs_ndGBM	GBM	ndGBM	EIF4H	32	16	8.21292450264264	7.3461370514118105	0.8667874512308291	1.301459601748057e-11	1.0070167229885498e-07	5.338094842196895e-09	2.883487884542308e-05	up_in_A
cycling_malignant_candidate	GBM_vs_ndGBM	GBM	ndGBM	EDARADD	32	16	3.4353876702561568	0.5229800551398145	2.9124076151163423	1.6259359435800373e-11	1.7789948475471184e-07	6.493474705202801e-09	3.697453113161945e-05	up_in_A
cycling_malignant_candidate	GBM_vs_ndGBM	GBM	ndGBM	REPIN1	32	16	6.5246071508483885	5.567589537233966	0.9570176136144228	3.8119243231777697e-11	1.1355172436990665e-07	1.4109698421596544e-08	3.1332017618867334e-05	up_in_A
cycling_malignant_candidate	GBM_vs_ndGBM	GBM	ndGBM	USP6	32	16	2.697005873480119	0.45813908811845316	2.238866785361666	4.021912301166274e-11	2.55959219159858e-07	1.453250978154747e-08	4.5319957783907094e-05	up_in_A
cycling_malignant_candidate	GBM_vs_ndGBM	GBM	ndGBM	EIF5AL1	32	16	4.447011674974975	2.1330953234863355	2.31391635148864	4.176832007039539e-11	1.8272863961989054e-07	1.4741302916007454e-08	3.697453113161945e-05	up_in_A
cycling_malignant_candidate	GBM_vs_ndGBM	GBM	ndGBM	IMPDH2	32	16	7.123484220989706	6.092939991917966	1.0305442290717401	4.810813581852382e-11	1.0070167229885498e-07	1.6321666306280703e-08	2.883487884542308e-05	up_in_A
cycling_malignant_candidate	GBM_vs_ndGBM	GBM	ndGBM	LIMK2	32	16	4.961430660621318	2.769667065082614	2.1917635955387036	4.9472631133955746e-11	8.148151043663076e-07	1.6321666306280703e-08	7.728521264914427e-05	up_in_A
cycling_malignant_candidate	GBM_vs_ndGBM	GBM	ndGBM	ELAC2	32	16	5.432241302350303	4.482649140896848	0.949592161453455	5.963701698816238e-11	1.0070167229885498e-07	1.8855236871090673e-08	2.883487884542308e-05	up_in_A
cycling_malignant_candidate	GBM_vs_ndGBM	GBM	ndGBM	HSF1	32	16	5.935239318905735	4.93683457403967	0.9984047448660647	6.525301282644472e-11	2.953727314685544e-08	2.0209790258247448e-08	1.8807844480993043e-05	up_in_A
cycling_malignant_candidate	GBM_vs_ndGBM	GBM	ndGBM	RNASEH2A	32	16	7.869097765974939	4.8391520452084285	3.02994572076651	6.69134073743145e-11	2.298339360412859e-08	2.030955740625194e-08	1.8807844480993043e-05	up_in_A
cycling_malignant_candidate	GBM_vs_ndGBM	GBM	ndGBM	HLA-G	32	16	2.6756482657609304	0.16588895715530347	2.509759308605627	8.744747200890286e-11	3.7599461681735014e-07	2.6021624219747252e-08	5.539897383320491e-05	up_in_A
cycling_malignant_candidate	GBM_vs_ndGBM	GBM	ndGBM	UQCRC1	32	16	7.802424270691612	6.934084768803917	0.8683395018876947	1.050416222601045e-10	5.186903474434224e-07	2.8983848353079015e-08	6.45216779737818e-05	up_in_A
cycling_malignant_candidate	GBM_vs_ndGBM	GBM	ndGBM	HSPA8	32	16	10.132026714171623	9.377787070888955	0.7542396432826681	1.6017291096452368e-10	2.7159367438366916e-06	4.264533503153704e-08	0.0001579197548830101	up_in_A
cycling_malignant_candidate	GBM_vs_ndGBM	GBM	ndGBM	HSPA1B	32	16	9.977840869005657	7.61196024206528	2.3658806269403776	2.2971540868220058e-10	3.277491484546752e-07	6.010622486484614e-08	5.127753687575414e-05	up_in_A
cycling_malignant_candidate	GBM_vs_ndGBM	GBM	ndGBM	RCC1	32	16	5.893434351077383	4.856361854467609	1.037072496609774	2.5777357232213525e-10	1.4417938015267847e-07	6.630460565357161e-08	3.4708822209474815e-05	up_in_A
cycling_malignant_candidate	GBM_vs_ndGBM	GBM	ndGBM	HNRNPK	32	16	9.679799662975613	8.870684119071143	0.8091155439044702	2.76012828673793e-10	1.2798209346038947e-07	6.981284479922471e-08	3.2919597463641875e-05	up_in_A
cycling_malignant_candidate	GBM_vs_ndGBM	GBM	ndGBM	BEST1	32	16	5.0303166927303735	2.4936074200751666	2.536709272655207	2.8708980649273256e-10	4.1269292552547975e-07	7.142417874317557e-08	5.745897098875854e-05	up_in_A
cycling_malignant_candidate	GBM_vs_ndGBM	GBM	ndGBM	RBM14	32	16	5.798370253236591	4.862659288191799	0.9357109650447919	3.222425161367759e-10	3.678619432343437e-07	7.887665201438244e-08	5.473208676984706e-05	up_in_A
cycling_malignant_candidate	GBM_vs_ndGBM	GBM	ndGBM	ARHGAP19-SLIT1	32	16	2.0443248857585896	0.10864422542574358	1.935680660332846	3.6263016872189067e-10	7.52124189161682e-07	8.687513676113968e-08	7.60949112981179e-05	up_in_A
cycling_malignant_candidate	GBM_vs_ndGBM	GBM	ndGBM	TMEM39B	32	16	4.741770135564072	3.778395353418358	0.9633747821457139	4.88470091444907e-10	1.1355172436990665e-07	1.1404649396566013e-07	3.1332017618867334e-05	up_in_A
cycling_malignant_candidate	GBM_vs_ndGBM	GBM	ndGBM	DCAKD	32	16	5.523459028548632	4.330145087175649	1.193313941372983	6.052708411904273e-10	3.678619432343437e-07	1.3508221008685183e-07	5.473208676984706e-05	up_in_A
cycling_malignant_candidate	GBM_vs_ndGBM	GBM	ndGBM	MAD2L1BP	32	16	5.291411754593423	4.248227263133088	1.0431844914603357	6.605932276787872e-10	1.62351239947787e-07	1.4321661176076105e-07	3.519774882068022e-05	up_in_A
cycling_malignant_candidate	GBM_vs_ndGBM	GBM	ndGBM	ERCC3	32	16	5.082584010311958	4.189432518483898	0.8931514918280605	8.94687206309241e-10	1.418177217156415e-06	1.786549084598558e-07	0.0001081520474752048	up_in_A
cycling_malignant_candidate	GBM_vs_ndGBM	GBM	ndGBM	EIF4A3	32	16	7.505782183662665	6.494949677745837	1.0108325059168273	9.450261704094278e-10	3.277491484546752e-07	1.8386816874530097e-07	5.127753687575414e-05	up_in_A
cycling_malignant_candidate	GBM_vs_ndGBM	GBM	ndGBM	CNOT8	32	16	5.556988488969381	4.744083704966785	0.8129047840025958	1.0235390377864796e-09	1.2705667086905503e-06	1.9161644668210702e-07	0.00010311294316089728	up_in_A
cycling_malignant_candidate	GBM_vs_ndGBM	GBM	ndGBM	RBM42	32	16	7.197781682356776	6.283310175174982	0.9144715071817942	1.155032698537338e-09	7.908929174933278e-08	2.0382297945351908e-07	2.7913002129950562e-05	up_in_A
cycling_malignant_candidate	GBM_vs_ndGBM	GBM	ndGBM	KIF22	32	16	7.42866549876808	6.4846816631670166	0.9439838356010632	1.5853850976652407e-09	2.055683413434567e-07	2.615196113279097e-07	4.05156512756922e-05	up_in_A
cycling_malignant_candidate	GBM_vs_ndGBM	GBM	ndGBM	RALY	32	16	7.9720281370763475	6.99695623779758	0.9750718992787677	1.7768707122716945e-09	2.598073489193409e-07	2.808936450982837e-07	4.5319957783907094e-05	up_in_A
cycling_malignant_candidate	GBM_vs_ndGBM	GBM	ndGBM	PAF1	32	16	6.517826416530973	5.260346372374855	1.257480044156118	1.8601066100709645e-09	3.678619432343437e-07	2.880507950452751e-07	5.473208676984706e-05	up_in_A
cycling_malignant_candidate	GBM_vs_ndGBM	GBM	ndGBM	LRRC37B	32	16	5.004857717207091	3.2681083672176903	1.7367493499894011	1.9676555452146014e-09	3.277491484546752e-07	2.986114055417679e-07	5.127753687575414e-05	up_in_A
cycling_malignant_candidate	GBM_vs_ndGBM	GBM	ndGBM	STRADA	32	16	1.4984147568794437	4.995139763852215	-3.4967250069727713	6.242425817732103e-20	2.8144739733660917e-08	3.15783514033008e-16	1.8807844480993043e-05	up_in_B
cycling_malignant_candidate	GBM_vs_ndGBM	GBM	ndGBM	PLEKHM3	32	16	0.46798507009978796	2.980430706386594	-2.512445636286806	1.0745132538205277e-18	1.3884490684718476e-08	3.866725518043477e-15	1.8807844480993043e-05	up_in_B
cycling_malignant_candidate	GBM_vs_ndGBM	GBM	ndGBM	SEPHS2	32	16	2.4564637188304776	5.501327648240334	-3.0448639294098565	1.2739607004624002e-18	2.298339360412859e-08	3.866725518043477e-15	1.8807844480993043e-05	up_in_B
cycling_malignant_candidate	GBM_vs_ndGBM	GBM	ndGBM	SPTLC1	32	16	3.895338111859777	5.715854553838701	-1.8205164419789241	2.4725225160845425e-18	2.298339360412859e-08	6.253833617349836e-15	1.8807844480993043e-05	up_in_B
cycling_malignant_candidate	GBM_vs_ndGBM	GBM	ndGBM	FTX	32	16	3.337502861477842	6.457257827211322	-3.1197549657334798	1.4295892797747634e-15	2.298339360412859e-08	2.169544690986181e-12	1.8807844480993043e-05	up_in_B
cycling_malignant_candidate	GBM_vs_ndGBM	GBM	ndGBM	LMAN1	32	16	6.208115435650416	7.1745039611712285	-0.9663885255208129	5.306991062621287e-15	2.953727314685544e-08	6.655315129487914e-12	1.8807844480993043e-05	up_in_B
cycling_malignant_candidate	GBM_vs_ndGBM	GBM	ndGBM	PRH1	32	16	2.244672021386025	5.411480493604996	-3.166808472218971	6.244509195043173e-15	2.6061133825508702e-08	6.655315129487914e-12	1.8807844480993043e-05	up_in_B
cycling_malignant_candidate	GBM_vs_ndGBM	GBM	ndGBM	LINC00623	32	16	2.3453691759078548	5.5487252812693955	-3.2033561053615407	1.0675287679932747e-13	4.8513091549414175e-08	8.100408291532969e-11	2.3007333667309672e-05	up_in_B
cycling_malignant_candidate	GBM_vs_ndGBM	GBM	ndGBM	ABHD5	32	16	3.4779842276516506	5.518022044559492	-2.0400378169078417	2.5184034946869995e-13	2.6061133825508702e-08	1.8199662588271382e-10	1.8807844480993043e-05	up_in_B
cycling_malignant_candidate	GBM_vs_ndGBM	GBM	ndGBM	DNAJC21	32	16	4.558008326685936	5.703437156841208	-1.1454288301552715	4.303227855445701e-13	7.004153531462623e-08	2.8393819971410415e-10	2.657375849836919e-05	up_in_B
cycling_malignant_candidate	GBM_vs_ndGBM	GBM	ndGBM	RELL1	32	16	2.034396168727942	5.166246987721628	-3.1318508189936862	1.1596074558091306e-12	3.788947270109741e-08	7.039281099743746e-10	1.916702125706181e-05	up_in_B
cycling_malignant_candidate	GBM_vs_ndGBM	GBM	ndGBM	CLPB	32	16	3.6425672178732866	4.984186725222112	-1.3416195073488253	1.806116879567884e-12	7.283206836343664e-07	1.054216529397008e-09	7.468239658672395e-05	up_in_B
cycling_malignant_candidate	GBM_vs_ndGBM	GBM	ndGBM	KRR1	32	16	5.882856545923576	6.85450714600269	-0.9716506000791139	3.999019213742251e-12	1.0070167229885498e-07	2.0927281237156e-09	2.883487884542308e-05	up_in_B
cycling_malignant_candidate	GBM_vs_ndGBM	GBM	ndGBM	STX2	32	16	4.788244295653399	5.787024661502975	-0.9987803658495755	5.664279897958298e-12	1.8272863961989054e-07	2.710616245426196e-09	3.697453113161945e-05	up_in_B
cycling_malignant_candidate	GBM_vs_ndGBM	GBM	ndGBM	ERC1	32	16	4.050725683619413	5.379269681897559	-1.3285439982781453	5.715585124778484e-12	2.3115563600093527e-07	2.710616245426196e-09	4.385022414937742e-05	up_in_B
cycling_malignant_candidate	GBM_vs_ndGBM	GBM	ndGBM	KANTR	32	16	1.078931432315481	4.215252587479005	-3.1363211551635244	1.0978774612172275e-11	7.387761556970849e-08	4.7244284004829435e-09	2.7345529119168195e-05	up_in_B
cycling_malignant_candidate	GBM_vs_ndGBM	GBM	ndGBM	ARHGAP42	32	16	2.8681914087736704	4.944738657732236	-2.0765472489585655	2.4651678075426195e-11	5.485627712765424e-08	9.392869845856908e-09	2.522723823300851e-05	up_in_B
cycling_malignant_candidate	GBM_vs_ndGBM	GBM	ndGBM	GNL3L	32	16	2.998247600129352	5.206254996526486	-2.2080073963971336	2.4757168808268075e-11	3.346150507293175e-08	9.392869845856908e-09	1.8807844480993043e-05	up_in_B
cycling_malignant_candidate	GBM_vs_ndGBM	GBM	ndGBM	MT-ATP6	32	16	8.81854611669166	12.443093389301389	-3.6245472726097283	4.893543256069345e-11	1.0070167229885498e-07	1.6321666306280703e-08	2.883487884542308e-05	up_in_B
cycling_malignant_candidate	GBM_vs_ndGBM	GBM	ndGBM	KANSL1	32	16	5.073122433494043	6.430179696781473	-1.3570572632874303	5.5211860067687114e-11	1.62351239947787e-07	1.7827557199728076e-08	3.519774882068022e-05	up_in_B
cycling_malignant_candidate	GBM_vs_ndGBM	GBM	ndGBM	AAK1	32	16	5.8055188149532535	6.934583429644782	-1.1290646146915284	9.291697961382687e-11	1.62351239947787e-07	2.711746312729686e-08	3.519774882068022e-05	up_in_B
cycling_malignant_candidate	GBM_vs_ndGBM	GBM	ndGBM	C18orf32	32	16	4.74835402049651	7.626305329577892	-2.877951309081382	9.707518994446164e-11	1.0070167229885498e-07	2.7796473256549996e-08	2.883487884542308e-05	up_in_B
cycling_malignant_candidate	GBM_vs_ndGBM	GBM	ndGBM	PMM2	32	16	2.8046097160364316	4.374759818382753	-1.5701501023463211	9.910045424361744e-11	1.62351239947787e-07	2.7850898029650706e-08	3.519774882068022e-05	up_in_B
cycling_malignant_candidate	GBM_vs_ndGBM	GBM	ndGBM	CEP290	32	16	4.755836075651925	6.095412772410862	-1.3395766967589369	1.25190902580652e-10	4.6277310378530186e-07	3.392673459935669e-08	6.160565458812053e-05	up_in_B
cycling_malignant_candidate	GBM_vs_ndGBM	GBM	ndGBM	GON4L	32	16	5.009559008624067	5.88570889637775	-0.8761498877536829	3.663685261408105e-10	4.1269292552547975e-07	8.687513676113968e-08	5.745897098875854e-05	up_in_B
cycling_malignant_candidate	GBM_vs_ndGBM	GBM	ndGBM	GPS2	32	16	4.1190339461016645	6.260102055238377	-2.1410681091367127	5.557881347108072e-10	2.9187514326484534e-07	1.2779758685410924e-07	4.8675793122937284e-05	up_in_B
cycling_malignant_candidate	GBM_vs_ndGBM	GBM	ndGBM	MT-ND6	32	16	3.981643660340307	7.06637857009116	-3.0847349097508534	5.671587900687793e-10	3.785740545155313e-08	1.284656984788626e-07	1.916702125706181e-05	up_in_B
cycling_malignant_candidate	GBM_vs_ndGBM	GBM	ndGBM	UBE2V1	32	16	3.38164952156575	6.865904655894734	-3.4842551343289836	6.392035965284345e-10	7.004153531462623e-08	1.4058773595529742e-07	2.657375849836919e-05	up_in_B
cycling_malignant_candidate	GBM_vs_ndGBM	GBM	ndGBM	SATL1	32	16	0.260107057796418	2.2857879242184596	-2.0256808664220416	6.929082726403267e-10	1.0469274904868877e-08	1.4623023939570494e-07	1.8807844480993043e-05	up_in_B
cycling_malignant_candidate	GBM_vs_ndGBM	GBM	ndGBM	ERCC6	32	16	1.1093992450855987	2.9391497241721347	-1.829750479086536	6.967468061493168e-10	6.257200219748286e-07	1.4623023939570494e-07	7.155889327400555e-05	up_in_B
cycling_malignant_candidate	GBM_vs_ndGBM	GBM	ndGBM	PAGR1	32	16	2.0415704484333674	5.26163832851709	-3.220067880083722	7.034005980420704e-10	4.5131468529394435e-07	1.4623023939570494e-07	6.160565458812053e-05	up_in_B
cycling_malignant_candidate	GBM_vs_ndGBM	GBM	ndGBM	BTBD8	32	16	0.5966652063473152	2.922107715906317	-2.325442509559002	7.462364509136757e-10	8.47261226428723e-08	1.530389780954857e-07	2.857341416062733e-05	up_in_B
cycling_malignant_candidate	GBM_vs_ndGBM	GBM	ndGBM	ASCC3	32	16	4.863429472753343	6.003996489010122	-1.140567016256779	7.934348968148892e-10	2.598073489193409e-07	1.6054890658750345e-07	4.5319957783907094e-05	up_in_B
cycling_malignant_candidate	GBM_vs_ndGBM	GBM	ndGBM	ARID1B	32	16	5.306208070094171	6.51824180295641	-1.2120337328622393	9.265585741447015e-10	6.2945325169457795e-06	1.826162717041557e-07	0.00026534951521435876	up_in_B
cycling_malignant_candidate	GBM_vs_ndGBM	GBM	ndGBM	OTULIN	32	16	3.885355522548484	4.992451557178308	-1.1070960346298238	9.689059459538006e-10	3.277491484546752e-07	1.8612805868094782e-07	5.127753687575414e-05	up_in_B
cycling_malignant_candidate	GBM_vs_ndGBM	GBM	ndGBM	SRP19	32	16	6.379880974919655	7.189367869353731	-0.8094868944340758	1.0166111650013338e-09	1.9666482425989127e-06	1.9161644668210702e-07	0.00012976458143339607	up_in_B
cycling_malignant_candidate	GBM_vs_ndGBM	GBM	ndGBM	OLMALINC	32	16	2.256452456207519	3.784440234886116	-1.5279877786785967	1.0353550756413267e-09	2.191078613939654e-06	1.9161644668210702e-07	0.00013912890813869535	up_in_B
cycling_malignant_candidate	GBM_vs_ndGBM	GBM	ndGBM	MT-ND5	32	16	7.18583059074227	10.331807244508594	-3.145976653766324	1.113306462722903e-09	6.200002799476861e-08	2.0356070937690092e-07	2.657375849836919e-05	up_in_B
cycling_malignant_candidate	GBM_vs_ndGBM	GBM	ndGBM	CDK12	32	16	4.728862571191408	5.753938008112955	-1.0250754369215471	1.141962791082094e-09	2.598073489193409e-07	2.0382297945351908e-07	4.5319957783907094e-05	up_in_B
cycling_malignant_candidate	GBM_vs_ndGBM	GBM	ndGBM	WRN	32	16	3.6994969145307577	5.144073909326436	-1.4445769947956784	1.1448393640105862e-09	3.788947270109741e-08	2.0382297945351908e-07	1.916702125706181e-05	up_in_B
cycling_malignant_candidate	GBM_vs_ndGBM	GBM	ndGBM	CDK13	32	16	4.776641617283936	5.950973876402426	-1.17433225911849	1.2160731940322837e-09	3.277491484546752e-07	2.1212789416820618e-07	5.127753687575414e-05	up_in_B
cycling_malignant_candidate	GBM_vs_ndGBM	GBM	ndGBM	CPNE3	32	16	6.391550276794236	7.167531661771683	-0.7759813849774471	1.2364689265575997e-09	4.6086270725117275e-06	2.1323468669816062e-07	0.00022203341096012057	up_in_B
cycling_malignant_candidate	GBM_vs_ndGBM	GBM	ndGBM	IRF9	32	16	2.2973148785978648	4.949694680950511	-2.6523798023526464	1.2935836476258962e-09	8.037110170965249e-07	2.205778138918045e-07	7.728521264914427e-05	up_in_B
cycling_malignant_candidate	GBM_vs_ndGBM	GBM	ndGBM	SHPRH	32	16	3.9869782325208787	5.546901361316483	-1.559923128795604	1.464575738169394e-09	4.1269292552547975e-07	2.469600155828747e-07	5.745897098875854e-05	up_in_B
cycling_malignant_candidate	GBM_vs_ndGBM	GBM	ndGBM	AP4E1	32	16	2.5348887927186943	3.809520047993125	-1.2746312552744308	1.4847278054641639e-09	3.0216919160043894e-06	2.476069140189467e-07	0.00016797507881788503	up_in_B
cycling_malignant_candidate	GBM_vs_ndGBM	GBM	ndGBM	GXYLT1	32	16	3.9327032963575395	4.975799320215465	-1.0430960238579257	1.675328994479659e-09	8.92643433021619e-08	2.7338486903465917e-07	2.8822886679864026e-05	up_in_B
cycling_malignant_candidate	GBM_vs_ndGBM	GBM	ndGBM	CTDSPL	32	16	3.418978087603323	4.503292737348412	-1.0843146497450888	1.7025387064255169e-09	1.1597296552144565e-05	2.748694405182303e-07	0.0003826099401637955	up_in_B
cycling_malignant_candidate	GBM_vs_ndGBM	GBM	ndGBM	STAG2	32	16	6.232539345595224	7.24176180449078	-1.0092224588955565	1.7528160946884644e-09	1.4417938015267847e-07	2.800077584525488e-07	3.4708822209474815e-05	up_in_B
cycling_malignant_candidate	GBM_vs_ndGBM	GBM	ndGBM	AHI1	32	16	5.419214899169128	6.49275389467708	-1.0735389955079526	1.857625964377492e-09	5.675872602780931e-06	2.880507950452751e-07	0.00025186269771872345	up_in_B
cycling_malignant_candidate	GBM_vs_ndGBM	GBM	ndGBM	MAP3K4	32	16	3.8486409102363566	5.292316383847736	-1.4436754736113797	1.920927328252029e-09	4.1269292552547975e-07	2.9446457710659384e-07	5.745897098875854e-05	up_in_B
cycling_malignant_candidate	GBM_vs_rGBM	GBM	rGBM	ZNF320	32	14	3.7514557947190723	0.7289944172138779	3.0224613775051945	3.1549747978383447e-19	9.490384461308846e-08	1.196997438299868e-15	4.502567066239595e-05	up_in_A
cycling_malignant_candidate	GBM_vs_rGBM	GBM	rGBM	PTTG2	32	14	4.656920928718674	0.17211064807315615	4.484810280645518	6.191848166537396e-17	9.051699288749857e-08	1.1745935971921441e-13	4.502567066239595e-05	up_in_A
cycling_malignant_candidate	GBM_vs_rGBM	GBM	rGBM	ECE2	32	14	3.266242735442739	0.3886017678630958	2.877640967579643	2.1741522770600862e-16	9.353484714283191e-08	2.999539541514897e-13	4.502567066239595e-05	up_in_A
cycling_malignant_candidate	GBM_vs_rGBM	GBM	rGBM	UQCRHL	32	14	6.600438342855568	2.351609969917917	4.248828372937652	2.9047820384688347e-15	9.524879304546879e-08	3.1487837297002167e-12	4.502567066239595e-05	up_in_A
cycling_malignant_candidate	GBM_vs_rGBM	GBM	rGBM	NACA2	32	14	5.285504284797138	0.23184459873307858	5.0536596860640595	4.864832405070658e-15	9.051699288749857e-08	4.342864504667782e-12	4.502567066239595e-05	up_in_A
cycling_malignant_candidate	GBM_vs_rGBM	GBM	rGBM	MIF-AS1	32	14	3.6535095842473346	0.6386460277282012	3.0148635565191335	6.052176412301165e-15	9.524879304546879e-08	5.102657179615693e-12	4.502567066239595e-05	up_in_A
cycling_malignant_candidate	GBM_vs_rGBM	GBM	rGBM	DIABLO	32	14	3.2233544772335696	0.2958569733118693	2.9274975039217	1.5425889543728537e-14	4.999910348060687e-07	1.0178404335461925e-11	5.915870769659288e-05	up_in_A
cycling_malignant_candidate	GBM_vs_rGBM	GBM	rGBM	FKBP1C	32	14	4.739973590077725	0.2255307566892981	4.5144428333884274	2.4044800983492923e-14	1.0524216948730166e-07	1.351495924909217e-11	4.502567066239595e-05	up_in_A
cycling_malignant_candidate	GBM_vs_rGBM	GBM	rGBM	ZC3H11A	32	14	5.990502001853958	1.9187286339736207	4.071773367880337	7.509188321871982e-14	9.516245430188558e-08	3.276827592647649e-11	4.502567066239595e-05	up_in_A
cycling_malignant_candidate	GBM_vs_rGBM	GBM	rGBM	BEST1	32	14	5.0303166927303735	1.7977542360790106	3.2325624566513627	2.893747915243142e-13	2.076829827601289e-07	1.0456075800411885e-10	4.502567066239595e-05	up_in_A
cycling_malignant_candidate	GBM_vs_rGBM	GBM	rGBM	HNRNPA1L2	32	14	6.256287797641723	3.200756859098004	3.055530938543719	1.2995621513023892e-12	1.6051440596731074e-07	4.0249296343193997e-10	4.502567066239595e-05	up_in_A
cycling_malignant_candidate	GBM_vs_rGBM	GBM	rGBM	PTPRS	32	14	7.427672176728735	4.191382460890461	3.236289715838274	2.7436226145005875e-12	9.524879304546879e-08	6.825773245518183e-10	4.502567066239595e-05	up_in_A
cycling_malignant_candidate	GBM_vs_rGBM	GBM	rGBM	MAP1LC3B2	32	14	3.272441942301903	0.7273502565287944	2.5450916857731087	3.1030746931150966e-12	3.0439119999673797e-07	7.474962149637255e-10	4.811917553281766e-05	up_in_A
cycling_malignant_candidate	GBM_vs_rGBM	GBM	rGBM	MRPL48	32	14	5.787425028326266	4.648836238238757	1.1385887900875087	4.513002085798685e-12	3.0439119999673797e-07	1.053681840832013e-09	4.811917553281766e-05	up_in_A
cycling_malignant_candidate	GBM_vs_rGBM	GBM	rGBM	DNAJB11	32	14	7.778408018097933	6.311786499262195	1.4666215188357379	6.280322347002738e-12	2.6811936119642356e-07	1.4016201755604935e-09	4.811917553281766e-05	up_in_A
cycling_malignant_candidate	GBM_vs_rGBM	GBM	rGBM	RBM14	32	14	5.798370253236591	4.83903664214558	0.9593336110910107	9.213176224353578e-12	3.9167044096517215e-07	1.8894481402809448e-09	5.214026852708292e-05	up_in_A
cycling_malignant_candidate	GBM_vs_rGBM	GBM	rGBM	USP6	32	14	2.697005873480119	0.3463619502584091	2.35064392322171	1.18283434190149e-11	5.202242861255501e-07	2.361933417460133e-09	6.073018281724114e-05	up_in_A
cycling_malignant_candidate	GBM_vs_rGBM	GBM	rGBM	ALDOA	32	14	9.63714433540953	5.057614452659808	4.579529882749722	1.2795155906186795e-11	9.524879304546879e-08	2.4894780260550103e-09	4.502567066239595e-05	up_in_A
cycling_malignant_candidate	GBM_vs_rGBM	GBM	rGBM	RNASEH2A	32	14	7.869097765974939	4.913537134930597	2.9555606310443414	2.2525333147088335e-11	9.524879304546879e-08	4.168834827319666e-09	4.502567066239595e-05	up_in_A
cycling_malignant_candidate	GBM_vs_rGBM	GBM	rGBM	ACTB	32	14	12.592018522131923	11.561619981912035	1.0303985402198883	4.140247504745445e-11	1.3365894762721864e-06	7.059819790114255e-09	9.136973825183198e-05	up_in_A
cycling_malignant_candidate	GBM_vs_rGBM	GBM	rGBM	CUTA	32	14	8.224444568477873	7.590835642332011	0.633608926145862	8.046276610272219e-11	2.1504754803552947e-06	1.2460234065050123e-08	0.00011739430176212933	up_in_A
cycling_malignant_candidate	GBM_vs_rGBM	GBM	rGBM	HNRNPK	32	14	9.679799662975613	9.03668269468929	0.6431169682863231	1.0058887061776306e-10	3.4537927972596813e-07	1.4820744665001671e-08	4.991881856305993e-05	up_in_A
cycling_malignant_candidate	GBM_vs_rGBM	GBM	rGBM	ATP6V1B1	32	14	2.187727123565345	0.6263188724064197	1.5614082511589251	1.2703249280320674e-10	1.9054325628545766e-06	1.818721802624024e-08	0.00010902704623956971	up_in_A
cycling_malignant_candidate	GBM_vs_rGBM	GBM	rGBM	EIF5AL1	32	14	4.447011674974975	1.7733238007275829	2.6736878742473924	1.3268002909010728e-10	3.0439119999673797e-07	1.8472955242857506e-08	4.811917553281766e-05	up_in_A
cycling_malignant_candidate	GBM_vs_rGBM	GBM	rGBM	HLA-G	32	14	2.6756482657609304	0.21902324541986148	2.456625020341069	1.581150282132875e-10	2.7180158033410188e-06	2.0679771543078576e-08	0.00013140082355959446	up_in_A
cycling_malignant_candidate	GBM_vs_rGBM	GBM	rGBM	PTENP1-AS	32	14	1.9484790930899725	0.10673386405838145	1.841745229031591	1.6061906530217345e-10	8.343675614411079e-06	2.0679771543078576e-08	0.0002558454113905588	up_in_A
cycling_malignant_candidate	GBM_vs_rGBM	GBM	rGBM	HNRNPC	32	14	9.060354930856242	8.47798307039533	0.5823718604609116	2.738174371086544e-10	6.442039961082654e-07	3.1721018515732364e-08	6.47446347346956e-05	up_in_A
cycling_malignant_candidate	GBM_vs_rGBM	GBM	rGBM	DCAKD	32	14	5.523459028548632	4.564812121046109	0.9586469075025228	3.779342718978601e-10	3.4296693017827574e-06	4.126280942677644e-08	0.0001517453682911228	up_in_A
cycling_malignant_candidate	GBM_vs_rGBM	GBM	rGBM	PPP1R11	32	14	5.73652901759306	5.0526071608713305	0.6839218567217298	4.125504312139935e-10	1.9109906628706866e-06	4.3343355318132006e-08	0.00010902704623956971	up_in_A
cycling_malignant_candidate	GBM_vs_rGBM	GBM	rGBM	CSNK2B	32	14	7.995604144506094	7.37637343181068	0.6192307126954146	9.500078901193252e-10	6.442039961082654e-07	8.581737940744571e-08	6.47446347346956e-05	up_in_A
cycling_malignant_candidate	GBM_vs_rGBM	GBM	rGBM	HSF1	32	14	5.935239318905735	5.011776277068876	0.9234630418368592	1.1267034245548787e-09	9.524879304546879e-08	9.847149986920649e-08	4.502567066239595e-05	up_in_A
cycling_malignant_candidate	GBM_vs_rGBM	GBM	rGBM	HSPA14	32	14	4.979212405655897	3.008924692336596	1.9702877133193009	1.2662078376428721e-09	1.6051440596731074e-07	1.091816485458422e-07	4.502567066239595e-05	up_in_A
cycling_malignant_candidate	GBM_vs_rGBM	GBM	rGBM	RANGRF	32	14	5.976058596539339	4.475318557925548	1.5007400386137908	1.3861221979460332e-09	2.076829827601289e-07	1.1621983688413813e-07	4.502567066239595e-05	up_in_A
cycling_malignant_candidate	GBM_vs_rGBM	GBM	rGBM	PREB	32	14	5.646593227680849	4.652286521586618	0.994306706094231	1.6332256435423166e-09	7.285351695454244e-07	1.3254455810908126e-07	6.824845514210716e-05	up_in_A
cycling_malignant_candidate	GBM_vs_rGBM	GBM	rGBM	GABPB1	32	14	5.840071190844627	4.569431895819059	1.2706392950255685	1.744190679356949e-09	1.0502588956638496e-06	1.3959571743435842e-07	8.388804737155043e-05	up_in_A
cycling_malignant_candidate	GBM_vs_rGBM	GBM	rGBM	C14orf93	32	14	3.1556229895947383	2.3171333141060257	0.8384896754887126	1.806185805961174e-09	3.8488905612138145e-06	1.4351139157731294e-07	0.0001604691295521452	up_in_A
cycling_malignant_candidate	GBM_vs_rGBM	GBM	rGBM	ACOT7	32	14	6.334024755638124	4.57880597387492	1.7552187817632037	2.9151167542894364e-09	1.6972424787901318e-06	2.1900896961928952e-07	0.00010180771485422545	up_in_A
cycling_malignant_candidate	GBM_vs_rGBM	GBM	rGBM	POLDIP2	32	14	6.486482764720691	5.461618199892357	1.0248645648283334	3.289497734002132e-09	2.076829827601289e-07	2.4000681543854017e-07	4.502567066239595e-05	up_in_A
cycling_malignant_candidate	GBM_vs_rGBM	GBM	rGBM	LCMT1-AS1	32	14	1.2306650787970457	0.11354137987275101	1.1171236989242948	4.003279196306403e-09	1.372359193517959e-05	2.8522894405232853e-07	0.0003554082443827397	up_in_A
cycling_malignant_candidate	GBM_vs_rGBM	GBM	rGBM	LIMK2	32	14	4.961430660621318	3.1918388208737936	1.769591839747524	4.2591896763350355e-09	8.496711079391253e-06	3.006393605956302e-07	0.0002558454113905588	up_in_A
cycling_malignant_candidate	GBM_vs_rGBM	GBM	rGBM	NUP93	32	14	5.697160580883905	4.541633269063246	1.1555273118206584	6.3598161936384654e-09	1.3365894762721864e-06	4.1070881087088235e-07	9.136973825183198e-05	up_in_A
cycling_malignant_candidate	GBM_vs_rGBM	GBM	rGBM	LINC00339	32	14	3.8640181188270715	0.5597605919314937	3.3042575268955776	9.08243007599663e-09	1.714346874322542e-07	5.448022088273709e-07	4.502567066239595e-05	up_in_A
cycling_malignant_candidate	GBM_vs_rGBM	GBM	rGBM	MATR3	32	14	1.3296357003434296	0.3073040309653983	1.0223316693780313	1.085796350477962e-08	2.188357056340399e-05	6.243598981195816e-07	0.00048810924083483994	up_in_A
cycling_malignant_candidate	GBM_vs_rGBM	GBM	rGBM	PFDN4	32	14	7.352336483967074	6.1348135321492405	1.2175229518178332	1.091007439016941e-08	7.285351695454244e-07	6.243598981195816e-07	6.824845514210716e-05	up_in_A
cycling_malignant_candidate	GBM_vs_rGBM	GBM	rGBM	RAD51	32	14	5.233693303130298	2.1768711487042816	3.056822154426017	1.1670208534355582e-08	1.4099722329519595e-07	6.608473310350011e-07	4.502567066239595e-05	up_in_A
cycling_malignant_candidate	GBM_vs_rGBM	GBM	rGBM	MAT2B	32	14	5.57059898381075	4.623768465264196	0.9468305185465535	1.2912748269558255e-08	7.600356415328256e-06	7.15137027110995e-07	0.00024130336602305776	up_in_A
cycling_malignant_candidate	GBM_vs_rGBM	GBM	rGBM	PABPC3	32	14	3.8470373442167585	0.6612830641170842	3.1857542800996743	1.5160194817804382e-08	6.277237153071854e-06	8.072670756315765e-07	0.00021700079962418782	up_in_A
cycling_malignant_candidate	GBM_vs_rGBM	GBM	rGBM	RAB1A	32	14	7.392852818721455	6.282126363443379	1.1107264552780753	1.892626694590606e-08	1.237847155664622e-07	9.76955874731532e-07	4.502567066239595e-05	up_in_A
cycling_malignant_candidate	GBM_vs_rGBM	GBM	rGBM	HLA-DRB5	32	14	2.9777601467086625	0.15582878119793606	2.8219313655107263	1.9266610460578855e-08	4.690129456093203e-05	9.844783850159756e-07	0.0008246927597643026	up_in_A
cycling_malignant_candidate	GBM_vs_rGBM	GBM	rGBM	DNAJC27-AS1	32	14	3.387611703862394	1.835755228929773	1.551856474932621	2.2218228944354995e-08	3.054432670093662e-06	1.1091573765116164e-06	0.00014266960679012268	up_in_A
cycling_malignant_candidate	GBM_vs_rGBM	GBM	rGBM	PRH1	32	14	2.244672021386025	5.367321266252198	-3.1226492448661727	1.0996945859369296e-22	9.524879304546879e-08	1.6688965036178843e-18	4.502567066239595e-05	up_in_B
cycling_malignant_candidate	GBM_vs_rGBM	GBM	rGBM	SPTLC1	32	14	3.895338111859777	6.024601891693952	-2.129263779834175	1.558472586718405e-20	9.524879304546879e-08	1.1825689988019255e-16	4.502567066239595e-05	up_in_B
cycling_malignant_candidate	GBM_vs_rGBM	GBM	rGBM	SEPHS2	32	14	2.4564637188304776	5.886116495229929	-3.4296527763994518	1.1447720274995705e-19	9.524879304546879e-08	5.791020096444494e-16	4.502567066239595e-05	up_in_B
cycling_malignant_candidate	GBM_vs_rGBM	GBM	rGBM	PLEKHM3	32	14	0.46798507009978796	3.236356768200679	-2.768371698100891	3.248233602940481e-18	5.630540914415131e-08	9.859038631644948e-15	4.502567066239595e-05	up_in_B
cycling_malignant_candidate	GBM_vs_rGBM	GBM	rGBM	MIA3	32	14	4.880540749527837	6.3168801997352775	-1.4363394502074405	5.153100766616588e-18	9.524879304546879e-08	1.3033909539028889e-14	4.502567066239595e-05	up_in_B
cycling_malignant_candidate	GBM_vs_rGBM	GBM	rGBM	MIER1	32	14	4.973344771137318	6.263381730911113	-1.2900369597737944	2.8980545009290075e-17	9.524879304546879e-08	6.282982158014088e-14	4.502567066239595e-05	up_in_B
cycling_malignant_candidate	GBM_vs_rGBM	GBM	rGBM	ZNF644	32	14	5.760958200367672	6.86530106924465	-1.1043428688769774	7.016565657361366e-17	9.524879304546879e-08	1.1831488935124013e-13	4.502567066239595e-05	up_in_B
cycling_malignant_candidate	GBM_vs_rGBM	GBM	rGBM	ABHD5	32	14	3.4779842276516506	6.0075006836652936	-2.529516456013643	1.0853118088478144e-16	9.524879304546879e-08	1.6470692011074432e-13	4.502567066239595e-05	up_in_B
cycling_malignant_candidate	GBM_vs_rGBM	GBM	rGBM	CDK13	32	14	4.776641617283936	6.555457077370278	-1.7788154600863422	7.984138403509371e-16	1.237847155664622e-07	1.0097273700971518e-12	4.502567066239595e-05	up_in_B
cycling_malignant_candidate	GBM_vs_rGBM	GBM	rGBM	RAP1B	32	14	5.545429220942418	7.060197796616329	-1.5147685756739113	1.7168425085459521e-15	9.524879304546879e-08	2.0042155315148745e-12	4.502567066239595e-05	up_in_B
cycling_malignant_candidate	GBM_vs_rGBM	GBM	rGBM	PKN2	32	14	5.561083750789516	6.886715778406027	-1.3256320276165114	3.7068377444658786e-15	1.4099722329519595e-07	3.750331307334278e-12	4.502567066239595e-05	up_in_B
cycling_malignant_candidate	GBM_vs_rGBM	GBM	rGBM	LMAN1	32	14	6.208115435650416	7.303945091585571	-1.0958296559351552	4.051410680012058e-15	9.524879304546879e-08	3.842763029991437e-12	4.502567066239595e-05	up_in_B
cycling_malignant_candidate	GBM_vs_rGBM	GBM	rGBM	KANTR	32	14	1.078931432315481	3.812328325436451	-2.73339689312097	6.500066569467634e-15	2.836133332570775e-07	5.191842645170569e-12	4.811917553281766e-05	up_in_B
cycling_malignant_candidate	GBM_vs_rGBM	GBM	rGBM	SMC5	32	14	5.362457905128103	7.004050804877131	-1.6415928997490274	8.610984205110719e-15	9.524879304546879e-08	6.4039917319261705e-12	4.502567066239595e-05	up_in_B
cycling_malignant_candidate	GBM_vs_rGBM	GBM	rGBM	ERC1	32	14	4.050725683619413	5.361138333858527	-1.3104126502391136	8.861612175174591e-15	5.028646081220666e-07	6.4039917319261705e-12	5.915870769659288e-05	up_in_B
cycling_malignant_candidate	GBM_vs_rGBM	GBM	rGBM	ZMYM4	32	14	4.866989315906077	6.177575719875023	-1.310586403968946	1.4676040345499102e-14	1.0861338493573062e-07	1.0123799467422471e-11	4.502567066239595e-05	up_in_B
cycling_malignant_candidate	GBM_vs_rGBM	GBM	rGBM	ESCO1	32	14	4.056525599735748	5.7365620019338595	-1.6800364021981116	1.7415311948828775e-14	9.524879304546879e-08	1.1012282255642729e-11	4.502567066239595e-05	up_in_B
cycling_malignant_candidate	GBM_vs_rGBM	GBM	rGBM	ASH1L	32	14	5.8677232988848	7.274997197299467	-1.407273898414667	1.912868911244414e-14	9.524879304546879e-08	1.1478387813381532e-11	4.502567066239595e-05	up_in_B
cycling_malignant_candidate	GBM_vs_rGBM	GBM	rGBM	ATXN2	32	14	5.291655603715334	6.547386488205939	-1.255730884490605	1.9665134630200304e-14	1.0861338493573062e-07	1.1478387813381532e-11	4.502567066239595e-05	up_in_B
cycling_malignant_candidate	GBM_vs_rGBM	GBM	rGBM	GCC2	32	14	4.648931176448777	6.149480073889123	-1.5005488974403463	3.208080980754188e-14	1.6051440596731074e-07	1.73877989156877e-11	4.502567066239595e-05	up_in_B
cycling_malignant_candidate	GBM_vs_rGBM	GBM	rGBM	STRADA	32	14	1.4984147568794437	4.5035952605377405	-3.0051805036582966	5.287054769831397e-14	1.9788302401216536e-07	2.723687316502186e-11	4.502567066239595e-05	up_in_B
cycling_malignant_candidate	GBM_vs_rGBM	GBM	rGBM	CLINT1	32	14	5.5759429685280955	6.491232530757948	-0.9152895622298525	5.4471746670160173e-14	1.8263224072426398e-07	2.723687316502186e-11	4.502567066239595e-05	up_in_B
cycling_malignant_candidate	GBM_vs_rGBM	GBM	rGBM	GOLGB1	32	14	5.263121283979065	7.096772596748997	-1.8336513127699323	5.5636733534243387e-14	3.0439119999673797e-07	2.723687316502186e-11	4.811917553281766e-05	up_in_B
cycling_malignant_candidate	GBM_vs_rGBM	GBM	rGBM	OTULIN	32	14	3.885355522548484	5.150993112856221	-1.2656375903077368	6.666806987523207e-14	1.8263224072426398e-07	3.13440288687564e-11	4.502567066239595e-05	up_in_B
cycling_malignant_candidate	GBM_vs_rGBM	GBM	rGBM	ERCC6	32	14	1.1093992450855987	3.2397089248016857	-2.130309679716087	6.815715291703752e-14	6.161393127474408e-07	3.13440288687564e-11	6.47446347346956e-05	up_in_B
cycling_malignant_candidate	GBM_vs_rGBM	GBM	rGBM	SETX	32	14	4.637849322017399	6.0999514416833405	-1.4621021196659418	7.557259208135722e-14	6.442039961082654e-07	3.276827592647649e-11	6.47446347346956e-05	up_in_B
cycling_malignant_candidate	GBM_vs_rGBM	GBM	rGBM	GOLGA4	32	14	5.876696654816616	7.391346634410147	-1.514649979593531	7.838243987837842e-14	1.8263224072426398e-07	3.3042552988729745e-11	4.502567066239595e-05	up_in_B
cycling_malignant_candidate	GBM_vs_rGBM	GBM	rGBM	RAB3GAP2	32	14	4.7606795724497175	6.139732593498239	-1.379053021048522	1.0408696811427818e-13	4.439210169242897e-07	4.2692535894656365e-11	5.56772343210167e-05	up_in_B
cycling_malignant_candidate	GBM_vs_rGBM	GBM	rGBM	CENPC	32	14	4.8146500109631996	6.081591651838363	-1.2669416408751637	1.446379296901332e-13	2.076829827601289e-07	5.7763821604670034e-11	4.502567066239595e-05	up_in_B
cycling_malignant_candidate	GBM_vs_rGBM	GBM	rGBM	FTX	32	14	3.337502861477842	5.927829926509239	-2.590327065031397	1.958936693836408e-13	9.524879304546879e-08	7.622775196323417e-11	4.502567066239595e-05	up_in_B
cycling_malignant_candidate	GBM_vs_rGBM	GBM	rGBM	TMF1	32	14	5.026378720554174	6.440225198017134	-1.4138464774629602	2.165579058162719e-13	1.6051440596731074e-07	8.216206946669356e-11	4.502567066239595e-05	up_in_B
cycling_malignant_candidate	GBM_vs_rGBM	GBM	rGBM	APC	32	14	5.504970703951456	7.1475083847433	-1.6425376807918433	2.5772988951358444e-13	1.6051440596731074e-07	9.539777568922334e-11	4.502567066239595e-05	up_in_B
cycling_malignant_candidate	GBM_vs_rGBM	GBM	rGBM	LINC00623	32	14	2.3453691759078548	5.1246474706938	-2.779278294785945	3.532854769167591e-13	2.360393821048283e-07	1.2468512552764503e-10	4.811917553281766e-05	up_in_B
cycling_malignant_candidate	GBM_vs_rGBM	GBM	rGBM	ZNF484	32	14	1.744177488023765	3.548105833305693	-1.803928345281928	7.411424153287442e-13	1.0851578393860634e-07	2.5062842811393404e-10	4.502567066239595e-05	up_in_B
cycling_malignant_candidate	GBM_vs_rGBM	GBM	rGBM	ZNF660	32	14	3.4472901605321864	4.994209366381997	-1.546919205849811	7.431654760890242e-13	2.360393821048283e-07	2.5062842811393404e-10	4.811917553281766e-05	up_in_B
cycling_malignant_candidate	GBM_vs_rGBM	GBM	rGBM	ZBTB7A	32	14	4.8206948703772206	6.157873550652255	-1.3371786802750343	8.541821510048379e-13	5.693206705986634e-07	2.8180583312281347e-10	6.260877171742982e-05	up_in_B
cycling_malignant_candidate	GBM_vs_rGBM	GBM	rGBM	ZNF658	32	14	1.6869964105997344	3.649818047449554	-1.9628216368498195	9.929099123802872e-13	3.396873967905477e-07	3.206042729847498e-10	4.991881856305993e-05	up_in_B
cycling_malignant_candidate	GBM_vs_rGBM	GBM	rGBM	GON4L	32	14	5.009559008624067	6.241016567493963	-1.231457558869896	1.1162700737990544e-12	1.4099722329519595e-07	3.5292738833280103e-10	4.502567066239595e-05	up_in_B
cycling_malignant_candidate	GBM_vs_rGBM	GBM	rGBM	RPAP2	32	14	4.919933376467817	6.184540621810129	-1.2646072453423116	1.3753822728665122e-12	6.442039961082654e-07	4.1172808950004424e-10	6.47446347346956e-05	up_in_B
cycling_malignant_candidate	GBM_vs_rGBM	GBM	rGBM	ZNF805	32	14	1.2291670935372938	3.5108493528781466	-2.281682259340853	1.383640785747381e-12	1.4049977715729445e-07	4.1172808950004424e-10	4.502567066239595e-05	up_in_B
cycling_malignant_candidate	GBM_vs_rGBM	GBM	rGBM	VPS13C	32	14	4.7951452249551405	6.076507576823281	-1.2813623518681405	1.463140617600391e-12	1.6972424787901318e-06	4.2701196178276023e-10	0.00010180771485422545	up_in_B
cycling_malignant_candidate	GBM_vs_rGBM	GBM	rGBM	RBAK	32	14	3.354931674618542	4.802429804824426	-1.4474981302058838	1.5710212258090047e-12	3.0439119999673797e-07	4.49845624959952e-10	4.811917553281766e-05	up_in_B
cycling_malignant_candidate	GBM_vs_rGBM	GBM	rGBM	DOCK7	32	14	4.513745690767621	5.942779538950014	-1.4290338481823932	1.6366306933721389e-12	4.439210169242897e-07	4.599538407891774e-10	5.56772343210167e-05	up_in_B
cycling_malignant_candidate	GBM_vs_rGBM	GBM	rGBM	CEP350	32	14	5.541515280356631	6.722715608802233	-1.1812003284456019	1.7847487376771763e-12	3.4296693017827574e-06	4.924608516907059e-10	0.0001517453682911228	up_in_B
cycling_malignant_candidate	GBM_vs_rGBM	GBM	rGBM	DNAJC21	32	14	4.558008326685936	5.806420441703198	-1.2484121150172616	1.9219057220952262e-12	3.0439119999673797e-07	5.208364506878063e-10	4.811917553281766e-05	up_in_B
cycling_malignant_candidate	GBM_vs_rGBM	GBM	rGBM	MAN1A2	32	14	5.59892426159735	6.513949974114177	-0.9150257125168269	2.0009358231568237e-12	3.0439119999673797e-07	5.327403868811923e-10	4.811917553281766e-05	up_in_B
cycling_malignant_candidate	GBM_vs_rGBM	GBM	rGBM	LTN1	32	14	4.541333198298195	6.076954272328	-1.5356210740298053	2.4077642246620756e-12	1.0861338493573062e-07	6.300039633357182e-10	4.502567066239595e-05	up_in_B
cycling_malignant_candidate	GBM_vs_rGBM	GBM	rGBM	CENPF	32	14	8.938978944880837	10.055921712055465	-1.1169427671746277	2.464735309501092e-12	5.693206705986634e-07	6.339800518133656e-10	6.260877171742982e-05	up_in_B
cycling_malignant_candidate	GBM_vs_rGBM	GBM	rGBM	NIPBL	32	14	5.716064691660259	6.7531250285847815	-1.0370603369245224	2.70363207753501e-12	5.693206705986634e-07	6.825773245518183e-10	6.260877171742982e-05	up_in_B
cycling_malignant_candidate	GBM_vs_rGBM	GBM	rGBM	WDR73	32	14	4.728320262687509	5.694332748971131	-0.9660124862836215	2.8768033035523808e-12	3.4537927972596813e-07	7.041672086243698e-10	4.991881856305993e-05	up_in_B
cycling_malignant_candidate	LGG_vs_ndGBM	LGG	ndGBM	PRKCE	4	16	5.1172401341059155	3.183651096418484	1.9335890376874314	1.8350281085840594e-11	0.000412796697626419	2.1421835827593606e-08	0.008488621521922132	up_in_A
cycling_malignant_candidate	LGG_vs_ndGBM	LGG	ndGBM	MT-CO3	4	16	14.25665674180581	12.369485224382755	1.8871715174230541	2.612154492999484e-10	0.000412796697626419	1.7206183620573992e-07	0.008488621521922132	up_in_A
cycling_malignant_candidate	LGG_vs_ndGBM	LGG	ndGBM	BMP2	4	16	6.3021125692907525	2.544461330160874	3.7576512391298786	2.7175520488381994e-10	0.000412796697626419	1.7206183620573992e-07	0.008488621521922132	up_in_A
cycling_malignant_candidate	LGG_vs_ndGBM	LGG	ndGBM	AKAP6	4	16	6.267994738379113	4.073730843271065	2.1942638951080484	3.038602107272512e-10	0.000412796697626419	1.8445530231987053e-07	0.008488621521922132	up_in_A
cycling_malignant_candidate	LGG_vs_ndGBM	LGG	ndGBM	VPS51	4	16	6.655360638213265	5.131123079882922	1.5242375583303431	4.533088465750977e-10	0.000412796697626419	2.5479315020828457e-07	0.008488621521922132	up_in_A
cycling_malignant_candidate	LGG_vs_ndGBM	LGG	ndGBM	MXI1	4	16	6.800224138591082	4.50745282069197	2.2927713178991116	5.227883514874111e-10	0.000412796697626419	2.735805524887224e-07	0.008488621521922132	up_in_A
cycling_malignant_candidate	LGG_vs_ndGBM	LGG	ndGBM	SH3GL3	4	16	4.5425179296469365	0.7279257276848685	3.8145922019620677	7.188549665521703e-10	0.002557747930926229	3.6364476574652457e-07	0.02134421227245434	up_in_A
cycling_malignant_candidate	LGG_vs_ndGBM	LGG	ndGBM	RICTOR	4	16	7.078655484636846	4.9090166043138055	2.16963888032304	1.0034643980209507e-09	0.000412796697626419	4.758929907614359e-07	0.008488621521922132	up_in_A
cycling_malignant_candidate	LGG_vs_ndGBM	LGG	ndGBM	PTPRT	4	16	4.907739080127157	1.7278214694715561	3.1799176106556004	1.2945889035128696e-09	0.0029052449473878934	5.530297080529744e-07	0.02134421227245434	up_in_A
cycling_malignant_candidate	LGG_vs_ndGBM	LGG	ndGBM	EFHD1	4	16	3.7977379891816274	1.662346084301908	2.1353919048797194	1.753735524292536e-09	0.000412796697626419	6.824279568375263e-07	0.008488621521922132	up_in_A
cycling_malignant_candidate	LGG_vs_ndGBM	LGG	ndGBM	CLSTN2	4	16	6.171541315385101	1.8531592839990183	4.318382031386083	2.2596626003722983e-09	0.000412796697626419	8.164914196011905e-07	0.008488621521922132	up_in_A
cycling_malignant_candidate	LGG_vs_ndGBM	LGG	ndGBM	EVL	4	16	7.357881492052599	5.574589979885969	1.7832915121666293	4.082313144618591e-09	0.000412796697626419	1.2643506996475862e-06	0.008488621521922132	up_in_A
cycling_malignant_candidate	LGG_vs_ndGBM	LGG	ndGBM	TFDP2	4	16	8.144664449951689	5.812419057320278	2.3322453926314113	4.714594217114725e-09	0.000412796697626419	1.3249755896098716e-06	0.008488621521922132	up_in_A
cycling_malignant_candidate	LGG_vs_ndGBM	LGG	ndGBM	CRTAC1	4	16	5.094955288648354	0.9818367004024676	4.113118588245886	5.550208998081824e-09	0.002810637421479716	1.5041066384801744e-06	0.02134421227245434	up_in_A
cycling_malignant_candidate	LGG_vs_ndGBM	LGG	ndGBM	SH3GL2	4	16	4.993440571301261	1.4102982488728681	3.583142322428393	5.735932333402978e-09	0.000412796697626419	1.5271668261705894e-06	0.008488621521922132	up_in_A
cycling_malignant_candidate	LGG_vs_ndGBM	LGG	ndGBM	ZHX2	4	16	5.254664590232018	2.9317973694389874	2.3228672207930305	5.912600120363377e-09	0.000412796697626419	1.5300507757243563e-06	0.008488621521922132	up_in_A
cycling_malignant_candidate	LGG_vs_ndGBM	LGG	ndGBM	SMOC1	4	16	8.708963632920462	2.1192129927667267	6.589750640153735	8.082069836340139e-09	0.002810637421479716	1.939890839225898e-06	0.02134421227245434	up_in_A
cycling_malignant_candidate	LGG_vs_ndGBM	LGG	ndGBM	RAP2A	4	16	8.047248009116734	5.470532397670569	2.576715611446165	1.0376163232988827e-08	0.000412796697626419	2.275574176173309e-06	0.008488621521922132	up_in_A
cycling_malignant_candidate	LGG_vs_ndGBM	LGG	ndGBM	TAPT1	4	16	6.518605112513473	4.295411488611786	2.223193623901687	1.0496190849507884e-08	0.000412796697626419	2.275574176173309e-06	0.008488621521922132	up_in_A
cycling_malignant_candidate	LGG_vs_ndGBM	LGG	ndGBM	KAT8	4	16	5.84939204401024	4.716036688351885	1.133355355658355	1.2834421066494551e-08	0.000412796697626419	2.6681530699331686e-06	0.008488621521922132	up_in_A
cycling_malignant_candidate	LGG_vs_ndGBM	LGG	ndGBM	RANBP17	4	16	5.5733580165025085	0.8397689129495679	4.733589103552941	1.4115660587139055e-08	0.001121565345389381	2.8755830343131707e-06	0.01534794921697858	up_in_A
cycling_malignant_candidate	LGG_vs_ndGBM	LGG	ndGBM	GALNT13	4	16	7.516224150213642	2.2901520434501617	5.22607210676348	1.4638918636670784e-08	0.002810637421479716	2.8755830343131707e-06	0.02134421227245434	up_in_A
cycling_malignant_candidate	LGG_vs_ndGBM	LGG	ndGBM	BCL11B	4	16	5.922032994399716	1.8994402808486164	4.0225927135510995	1.4674143013479215e-08	0.000412796697626419	2.8755830343131707e-06	0.008488621521922132	up_in_A
cycling_malignant_candidate	LGG_vs_ndGBM	LGG	ndGBM	NFIX	4	16	8.69559166650484	7.189676581696096	1.505915084808743	1.484135997359999e-08	0.000412796697626419	2.8755830343131707e-06	0.008488621521922132	up_in_A
cycling_malignant_candidate	LGG_vs_ndGBM	LGG	ndGBM	FAM13C	4	16	6.452300063006461	3.1462224277995183	3.3060776352069423	1.4969099875510048e-08	0.000412796697626419	2.8755830343131707e-06	0.008488621521922132	up_in_A
cycling_malignant_candidate	LGG_vs_ndGBM	LGG	ndGBM	FRAT2	4	16	5.148639000581117	2.486812579448147	2.66182642113297	1.618386509075896e-08	0.000412796697626419	2.9591124893657586e-06	0.008488621521922132	up_in_A
cycling_malignant_candidate	LGG_vs_ndGBM	LGG	ndGBM	MT-ND4	4	16	13.045432171713532	12.139412757445026	0.9060194142685063	1.660827453058905e-08	0.000412796697626419	3.0005615985264216e-06	0.008488621521922132	up_in_A
cycling_malignant_candidate	LGG_vs_ndGBM	LGG	ndGBM	NEGR1	4	16	5.124843944589303	1.3227774226454028	3.8020665219439005	1.7958242766800238e-08	0.002707737015158942	3.169003398011168e-06	0.02134421227245434	up_in_A
cycling_malignant_candidate	LGG_vs_ndGBM	LGG	ndGBM	ZBTB16	4	16	9.09904219670698	5.66017352001071	3.43886867669627	1.8268279106575963e-08	0.000412796697626419	3.186659812889619e-06	0.008488621521922132	up_in_A
cycling_malignant_candidate	LGG_vs_ndGBM	LGG	ndGBM	ARPP21	4	16	7.212107785825645	3.4119138330135175	3.8001939528121276	1.933571270338588e-08	0.000412796697626419	3.334531545302092e-06	0.008488621521922132	up_in_A
cycling_malignant_candidate	LGG_vs_ndGBM	LGG	ndGBM	KCNH1	4	16	4.816448636273467	1.0151029847072812	3.801345651566186	2.1495033129696023e-08	0.0023565003905981112	3.6245402530696316e-06	0.02134421227245434	up_in_A
cycling_malignant_candidate	LGG_vs_ndGBM	LGG	ndGBM	MAML2	4	16	8.276286235306468	6.4575892082757465	1.818697027030722	2.4886117312407998e-08	0.000412796697626419	4.0177842163096145e-06	0.008488621521922132	up_in_A
cycling_malignant_candidate	LGG_vs_ndGBM	LGG	ndGBM	IP6K1	4	16	5.393640963456072	4.666493879505821	0.7271470839502507	2.8287675980927605e-08	0.000412796697626419	4.471810111318306e-06	0.008488621521922132	up_in_A
cycling_malignant_candidate	LGG_vs_ndGBM	LGG	ndGBM	PHYHIPL	4	16	8.579711108971182	5.406284197837666	3.1734269111335163	2.9732058655973608e-08	0.000412796697626419	4.651687857351088e-06	0.008488621521922132	up_in_A
cycling_malignant_candidate	LGG_vs_ndGBM	LGG	ndGBM	ZFYVE16	4	16	7.482061889323734	5.984732340383174	1.4973295489405594	3.1275267532332496e-08	0.000412796697626419	4.6864579570921375e-06	0.008488621521922132	up_in_A
cycling_malignant_candidate	LGG_vs_ndGBM	LGG	ndGBM	RNF150	4	16	5.661253764739227	2.518994750077063	3.142259014662164	3.149833365994979e-08	0.000412796697626419	4.6864579570921375e-06	0.008488621521922132	up_in_A
cycling_malignant_candidate	LGG_vs_ndGBM	LGG	ndGBM	VCAN	4	16	9.799198579143596	7.5741733661664705	2.2250252129771253	3.273595746283433e-08	0.000412796697626419	4.7769316389997485e-06	0.008488621521922132	up_in_A
cycling_malignant_candidate	LGG_vs_ndGBM	LGG	ndGBM	CD24	4	16	8.168159234158892	3.9787803615000774	4.189378872658815	3.620664858058104e-08	0.000412796697626419	5.135253260363532e-06	0.008488621521922132	up_in_A
cycling_malignant_candidate	LGG_vs_ndGBM	LGG	ndGBM	SOX2	4	16	10.413620313447709	9.418640882945105	0.9949794305026032	4.1176133750033524e-08	0.000412796697626419	5.786009312875082e-06	0.008488621521922132	up_in_A
cycling_malignant_candidate	LGG_vs_ndGBM	LGG	ndGBM	TRIM8	4	16	6.521761333260444	4.8544780859875365	1.6672832472729073	4.588848676895655e-08	0.000412796697626419	6.217889957193612e-06	0.008488621521922132	up_in_A
cycling_malignant_candidate	LGG_vs_ndGBM	LGG	ndGBM	FRAT1	4	16	4.722792187190478	1.7727274282997716	2.950064758890707	4.879812448170127e-08	0.000412796697626419	6.496143308195601e-06	0.008488621521922132	up_in_A
cycling_malignant_candidate	LGG_vs_ndGBM	LGG	ndGBM	HRK	4	16	4.84993668427818	2.113918831462126	2.7360178528160546	5.103833374545486e-08	0.000412796697626419	6.735284808008894e-06	0.008488621521922132	up_in_A
cycling_malignant_candidate	LGG_vs_ndGBM	LGG	ndGBM	ZNF91	4	16	6.989106018809501	5.788026819845555	1.2010791989639458	5.5668355535071537e-08	0.000412796697626419	7.282956582760739e-06	0.008488621521922132	up_in_A
cycling_malignant_candidate	LGG_vs_ndGBM	LGG	ndGBM	CEP57	4	16	7.278874783143757	6.308183779718524	0.970691003425233	6.243413426803774e-08	0.000412796697626419	8.035145249578043e-06	0.008488621521922132	up_in_A
cycling_malignant_candidate	LGG_vs_ndGBM	LGG	ndGBM	GLCCI1	4	16	8.224475596786508	6.009251071733046	2.215224525053462	6.247674877768906e-08	0.000412796697626419	8.035145249578043e-06	0.008488621521922132	up_in_A
cycling_malignant_candidate	LGG_vs_ndGBM	LGG	ndGBM	FBXW4	4	16	5.118790271041178	3.096807715245001	2.0219825557961766	7.109208329562069e-08	0.000412796697626419	8.77149151296211e-06	0.008488621521922132	up_in_A
cycling_malignant_candidate	LGG_vs_ndGBM	LGG	ndGBM	HES6	4	16	10.721904778607307	7.5845085897698015	3.1373961888375055	7.824698501324954e-08	0.000412796697626419	9.42441463937361e-06	0.008488621521922132	up_in_A
cycling_malignant_candidate	LGG_vs_ndGBM	LGG	ndGBM	ZNF804A	4	16	5.666708007103612	1.8792652672606107	3.787442739843001	8.070908579365501e-08	0.0029052449473878934	9.522893148397124e-06	0.02134421227245434	up_in_A
cycling_malignant_candidate	LGG_vs_ndGBM	LGG	ndGBM	CCSER2	4	16	7.538817488334663	5.437821820108967	2.1009956682256963	8.157459866180984e-08	0.000412796697626419	9.522893148397124e-06	0.008488621521922132	up_in_A
cycling_malignant_candidate	LGG_vs_ndGBM	LGG	ndGBM	DOK6	4	16	5.08252184432262	0.8149037631730048	4.267618081149615	9.606882007950326e-08	0.002810637421479716	1.0946626948511872e-05	0.02134421227245434	up_in_A
cycling_malignant_candidate	LGG_vs_ndGBM	LGG	ndGBM	TIMP1	4	16	0.12875437452385866	9.835644175711028	-9.70688980118717	2.910043736803505e-17	0.002873498494126655	4.416282374972999e-13	0.02134421227245434	up_in_B
cycling_malignant_candidate	LGG_vs_ndGBM	LGG	ndGBM	FBXO17	4	16	0.0	5.27226055778071	-5.27226055778071	7.000250854791246e-17	0.002810637421479716	5.311790348615597e-13	0.02134421227245434	up_in_B
cycling_malignant_candidate	LGG_vs_ndGBM	LGG	ndGBM	C5orf63	4	16	0.0	3.596818111545302	-3.596818111545302	1.2638662709559943e-15	0.002810637421479716	6.3934781760093895e-12	0.02134421227245434	up_in_B
cycling_malignant_candidate	LGG_vs_ndGBM	LGG	ndGBM	MYL12A	4	16	1.7124604677820892	7.017907713332866	-5.305447245550777	7.200545433601693e-15	0.000412796697626419	2.731886937508482e-11	0.008488621521922132	up_in_B
cycling_malignant_candidate	LGG_vs_ndGBM	LGG	ndGBM	IGF2BP3	4	16	0.12875437452385866	5.838026927913323	-5.709272553389464	4.8357871630036535e-14	0.002873498494126655	1.467758119714869e-10	0.02134421227245434	up_in_B
cycling_malignant_candidate	LGG_vs_ndGBM	LGG	ndGBM	MIR4458HG	4	16	0.12875437452385866	5.785931535141767	-5.657177160617908	9.227740739707308e-14	0.002873498494126655	2.3340032244299684e-10	0.02134421227245434	up_in_B
cycling_malignant_candidate	LGG_vs_ndGBM	LGG	ndGBM	SH2D4A	4	16	0.0	4.049873259406246	-4.049873259406246	2.7041653175271345e-13	0.002810637421479716	5.862630408398828e-10	0.02134421227245434	up_in_B
cycling_malignant_candidate	LGG_vs_ndGBM	LGG	ndGBM	CLDN10	4	16	0.0	4.764090224377284	-4.764090224377284	1.2639063699753412e-12	0.002810637421479716	2.3976303838432223e-09	0.02134421227245434	up_in_B
cycling_malignant_candidate	LGG_vs_ndGBM	LGG	ndGBM	TNFRSF1A	4	16	1.5312908528726632	6.090961684390086	-4.559670831517423	1.5690629932727712e-12	0.000412796697626419	2.645788887323064e-09	0.008488621521922132	up_in_B
cycling_malignant_candidate	LGG_vs_ndGBM	LGG	ndGBM	MIR4435-2HG	4	16	0.0	5.198080093254838	-5.198080093254838	1.8351613058899456e-12	0.002810637421479716	2.6600704988689224e-09	0.02134421227245434	up_in_B
cycling_malignant_candidate	LGG_vs_ndGBM	LGG	ndGBM	LOXL1	4	16	0.0	3.4407480850690955	-3.4407480850690955	1.9280953800446854e-12	0.002810637421479716	2.6600704988689224e-09	0.02134421227245434	up_in_B
cycling_malignant_candidate	LGG_vs_ndGBM	LGG	ndGBM	HLA-A	4	16	6.579967466982402	10.132409029968429	-3.5524415629860266	2.114882784085989e-12	0.000412796697626419	2.6746217609407475e-09	0.008488621521922132	up_in_B
cycling_malignant_candidate	LGG_vs_ndGBM	LGG	ndGBM	XKR8	4	16	0.0	2.7952495646491897	-2.7952495646491897	2.2022801024950456e-11	0.002810637421479716	2.3872716311046294e-08	0.02134421227245434	up_in_B
cycling_malignant_candidate	LGG_vs_ndGBM	LGG	ndGBM	SLC25A24	4	16	0.12875437452385866	3.980545981898712	-3.851791607374853	3.644475886611926e-11	0.002873498494126655	3.6872377370148394e-08	0.02134421227245434	up_in_B
cycling_malignant_candidate	LGG_vs_ndGBM	LGG	ndGBM	RAB34	4	16	0.32845010639177363	5.958391799674879	-5.629941693283105	4.668258485814896e-11	0.0029052449473878934	4.427843173795429e-08	0.02134421227245434	up_in_B
cycling_malignant_candidate	LGG_vs_ndGBM	LGG	ndGBM	FUT4	4	16	0.0	1.8973278974704657	-1.8973278974704657	7.507861860200388e-11	0.002810637421479716	6.702312446494181e-08	0.02134421227245434	up_in_B
cycling_malignant_candidate	LGG_vs_ndGBM	LGG	ndGBM	ISG20	4	16	0.12875437452385866	3.732030327982082	-3.603275953458223	1.0832652050977863e-10	0.002873498494126655	9.133129306980002e-08	0.02134421227245434	up_in_B
cycling_malignant_candidate	LGG_vs_ndGBM	LGG	ndGBM	SMIM10	4	16	0.0	4.243149407529994	-4.243149407529994	1.219660377531867e-10	0.002810637421479716	9.741876783907164e-08	0.02134421227245434	up_in_B
cycling_malignant_candidate	LGG_vs_ndGBM	LGG	ndGBM	PLAT	4	16	0.19969573186791495	6.298377135051467	-6.098681403183552	1.6165241235568007e-10	0.002873498494126655	1.2266185049549003e-07	0.02134421227245434	up_in_B
cycling_malignant_candidate	LGG_vs_ndGBM	LGG	ndGBM	TNFAIP6	4	16	0.0	5.449317203763812	-5.449317203763812	2.6080923415648795e-10	0.002810637421479716	1.7206183620573992e-07	0.02134421227245434	up_in_B
cycling_malignant_candidate	LGG_vs_ndGBM	LGG	ndGBM	HLA-B	4	16	5.868528481774995	9.76938140648291	-3.900852924707915	2.72106224890469e-10	0.000412796697626419	1.7206183620573992e-07	0.008488621521922132	up_in_B
cycling_malignant_candidate	LGG_vs_ndGBM	LGG	ndGBM	SCG5	4	16	0.32845010639177363	5.967907562778432	-5.639457456386658	4.257750874829767e-10	0.0029052449473878934	2.4852164337083286e-07	0.02134421227245434	up_in_B
cycling_malignant_candidate	LGG_vs_ndGBM	LGG	ndGBM	LINC01579	4	16	0.0	3.885496361404824	-3.885496361404824	5.049000610506635e-10	0.002810637421479716	2.735805524887224e-07	0.02134421227245434	up_in_B
cycling_malignant_candidate	LGG_vs_ndGBM	LGG	ndGBM	FAM3C	4	16	6.2138620778663185	7.608879122160085	-1.3950170442937662	9.379247613994921e-10	0.000412796697626419	4.5915955416124814e-07	0.008488621521922132	up_in_B
cycling_malignant_candidate	LGG_vs_ndGBM	LGG	ndGBM	CASP4	4	16	0.0	3.880818242098157	-3.880818242098157	1.2468638836244373e-09	0.002810637421479716	5.530297080529744e-07	0.02134421227245434	up_in_B
cycling_malignant_candidate	LGG_vs_ndGBM	LGG	ndGBM	RBP1	4	16	0.4980652507658982	8.461897834091442	-7.9638325833255434	1.2636976516578953e-09	0.0029052449473878934	5.530297080529744e-07	0.02134421227245434	up_in_B
cycling_malignant_candidate	LGG_vs_ndGBM	LGG	ndGBM	WDR45B	4	16	6.25587127562253	7.064847540640164	-0.808976265017634	1.3118785905315683e-09	0.000412796697626419	5.530297080529744e-07	0.008488621521922132	up_in_B
cycling_malignant_candidate	LGG_vs_ndGBM	LGG	ndGBM	CCDC122	4	16	0.0	2.990718325838911	-2.990718325838911	1.5235211629188736e-09	0.002810637421479716	6.248907342826169e-07	0.02134421227245434	up_in_B
cycling_malignant_candidate	LGG_vs_ndGBM	LGG	ndGBM	CPPED1	4	16	0.0	3.026325505443957	-3.026325505443957	1.7396363861312645e-09	0.002810637421479716	6.824279568375263e-07	0.02134421227245434	up_in_B
cycling_malignant_candidate	LGG_vs_ndGBM	LGG	ndGBM	HOTAIRM1	4	16	0.0	4.713487734295679	-4.713487734295679	1.9084672018696028e-09	0.002810637421479716	7.240724563893273e-07	0.02134421227245434	up_in_B
cycling_malignant_candidate	LGG_vs_ndGBM	LGG	ndGBM	IGF2BP2	4	16	0.32845010639177363	4.802225371412907	-4.473775265021133	2.2074514422334067e-09	0.0029052449473878934	8.164914196011905e-07	0.02134421227245434	up_in_B
cycling_malignant_candidate	LGG_vs_ndGBM	LGG	ndGBM	HOXA7	4	16	0.0	4.721838381464121	-4.721838381464121	2.596829585823257e-09	0.0049744150226221405	9.164996696384593e-07	0.029305792850665216	up_in_B
cycling_malignant_candidate	LGG_vs_ndGBM	LGG	ndGBM	SNUPN	4	16	3.3510397194408834	4.960495875118646	-1.6094561556777625	3.1258976299365157e-09	0.000412796697626419	1.0615200063106318e-06	0.008488621521922132	up_in_B
cycling_malignant_candidate	LGG_vs_ndGBM	LGG	ndGBM	EMILIN2	4	16	0.0	4.241458057806346	-4.241458057806346	3.154552442392989e-09	0.002810637421479716	1.0615200063106318e-06	0.02134421227245434	up_in_B
cycling_malignant_candidate	LGG_vs_ndGBM	LGG	ndGBM	PROM1	4	16	0.12875437452385866	3.1819803402546016	-3.053225965730743	3.2182175274872673e-09	0.002873498494126655	1.0615200063106318e-06	0.02134421227245434	up_in_B
cycling_malignant_candidate	LGG_vs_ndGBM	LGG	ndGBM	LINC01515	4	16	0.0	2.872689892939189	-2.872689892939189	3.2875224233394632e-09	0.0049744150226221405	1.0615200063106318e-06	0.029305792850665216	up_in_B
cycling_malignant_candidate	LGG_vs_ndGBM	LGG	ndGBM	SNHG18	4	16	0.12875437452385866	4.17838257676085	-4.049628202236991	3.796108380260455e-09	0.002873498494126655	1.2002029328923473e-06	0.02134421227245434	up_in_B
cycling_malignant_candidate	LGG_vs_ndGBM	LGG	ndGBM	PLA2G4A	4	16	0.12875437452385866	2.9069971331992686	-2.7782427586754097	4.562344612113087e-09	0.002873498494126655	1.3249755896098716e-06	0.02134421227245434	up_in_B
cycling_malignant_candidate	LGG_vs_ndGBM	LGG	ndGBM	TAGLN2	4	16	2.117038523327636	7.333878812885509	-5.216840289557872	4.58547623462744e-09	0.000412796697626419	1.3249755896098716e-06	0.008488621521922132	up_in_B
cycling_malignant_candidate	LGG_vs_ndGBM	LGG	ndGBM	S100A2	4	16	0.12875437452385866	2.9217567124427744	-2.7930023379189155	4.5979076504830896e-09	0.002873498494126655	1.3249755896098716e-06	0.02134421227245434	up_in_B
cycling_malignant_candidate	LGG_vs_ndGBM	LGG	ndGBM	DEF8	4	16	4.625830560876206	6.030310552027917	-1.4044799911517112	4.687796562609991e-09	0.000412796697626419	1.3249755896098716e-06	0.008488621521922132	up_in_B
cycling_malignant_candidate	LGG_vs_ndGBM	LGG	ndGBM	CD63	4	16	8.34511591296416	10.613543464504968	-2.2684275515408086	5.005370606648746e-09	0.000412796697626419	1.381118260481843e-06	0.008488621521922132	up_in_B
cycling_malignant_candidate	LGG_vs_ndGBM	LGG	ndGBM	TMSB10	4	16	8.67642923398358	11.512188478302019	-2.8357592443184387	5.948405098032224e-09	0.000412796697626419	1.5300507757243563e-06	0.008488621521922132	up_in_B
cycling_malignant_candidate	LGG_vs_ndGBM	LGG	ndGBM	COX5A	4	16	6.84546000887029	8.11684874509263	-1.27138873622234	6.585819780857464e-09	0.000412796697626419	1.6657733499048813e-06	0.008488621521922132	up_in_B
cycling_malignant_candidate	LGG_vs_ndGBM	LGG	ndGBM	PSMB3	4	16	7.266814188083512	8.150053252619486	-0.8832390645359736	6.88281035400646e-09	0.000412796697626419	1.7123529497115087e-06	0.008488621521922132	up_in_B
cycling_malignant_candidate	LGG_vs_ndGBM	LGG	ndGBM	ANXA5	4	16	6.368360662511721	8.893607742339192	-2.525247079827471	7.0137413198520115e-09	0.000412796697626419	1.716782875323776e-06	0.008488621521922132	up_in_B
cycling_malignant_candidate	LGG_vs_ndGBM	LGG	ndGBM	RINL	4	16	0.12875437452385866	3.0759422064249584	-2.9471878319010996	8.180878605064408e-09	0.002873498494126655	1.939890839225898e-06	0.02134421227245434	up_in_B
cycling_malignant_candidate	LGG_vs_ndGBM	LGG	ndGBM	TMEM154	4	16	0.0	3.047064262557811	-3.047064262557811	8.392540248632403e-09	0.002810637421479716	1.9594644740499285e-06	0.02134421227245434	up_in_B
cycling_malignant_candidate	LGG_vs_ndGBM	LGG	ndGBM	RAB36	4	16	0.0	2.0673333500384032	-2.0673333500384032	9.094791727888152e-09	0.002810637421479716	2.0713015691240866e-06	0.02134421227245434	up_in_B
cycling_malignant_candidate	LGG_vs_ndGBM	LGG	ndGBM	CABP4	4	16	0.0	1.711053196245548	-1.711053196245548	9.144517997582616e-09	0.0049744150226221405	2.0713015691240866e-06	0.029305792850665216	up_in_B
cycling_malignant_candidate	LGG_vs_rGBM	LGG	rGBM	PTPRT	4	14	4.907739080127157	0.5753779039282032	4.332361176198954	3.0704310822457234e-12	0.0029328974493612577	7.766143684026849e-09	0.02318211025599294	up_in_A
cycling_malignant_candidate	LGG_vs_rGBM	LGG	rGBM	CD24	4	14	8.168159234158892	3.0977748914083656	5.070384342750527	1.0580870040943828e-11	0.00065359477124183	1.7841698193484836e-08	0.008739166738648468	up_in_A
cycling_malignant_candidate	LGG_vs_rGBM	LGG	rGBM	BMP2	4	14	6.3021125692907525	2.9208667474041063	3.381245821886646	1.8387948706982098e-11	0.00065359477124183	2.7905550957716034e-08	0.008739166738648468	up_in_A
cycling_malignant_candidate	LGG_vs_rGBM	LGG	rGBM	CSMD3	4	14	5.815298683265587	0.44511150501506364	5.370187178250523	2.3041660976233748e-11	0.002623673521081084	3.178911336139303e-08	0.020989388168648673	up_in_A
cycling_malignant_candidate	LGG_vs_rGBM	LGG	rGBM	SH3GL3	4	14	4.5425179296469365	0.7848122950628402	3.757705634584096	7.691091812187852e-11	0.00065359477124183	7.781333956117522e-08	0.008739166738648468	up_in_A
cycling_malignant_candidate	LGG_vs_rGBM	LGG	rGBM	LINC00632	4	14	9.469455286369078	1.2922463687831431	8.177208917585935	8.817268241483551e-11	0.0034278312187042688	7.87122722545614e-08	0.023294277853510927	up_in_A
cycling_malignant_candidate	LGG_vs_rGBM	LGG	rGBM	RANBP17	4	14	5.5733580165025085	0.3628458476832509	5.210512168819258	4.0809896043284256e-10	0.00134515112113078	2.5805457598036746e-07	0.013377466195465738	up_in_A
cycling_malignant_candidate	LGG_vs_rGBM	LGG	rGBM	SOX3	4	14	4.706404804932866	1.3236239213979089	3.3827808835349575	5.915147073930128e-10	0.0033284375451296073	3.2083280247807926e-07	0.023294277853510927	up_in_A
cycling_malignant_candidate	LGG_vs_rGBM	LGG	rGBM	VPS51	4	14	6.655360638213265	4.999908552563683	1.655452085649582	9.149512713097708e-10	0.00065359477124183	4.207666816180934e-07	0.008739166738648468	up_in_A
cycling_malignant_candidate	LGG_vs_rGBM	LGG	rGBM	ZSCAN1	4	14	4.049821942268665	0.2825827880132545	3.767239154255411	1.0750922548365262e-09	0.0008943877294556566	4.6962254913497727e-07	0.011761896171766937	up_in_A
cycling_malignant_candidate	LGG_vs_rGBM	LGG	rGBM	CRB1	4	14	6.376250780087746	4.3385429394239035	2.0377078406638427	1.0830778347208885e-09	0.00065359477124183	4.6962254913497727e-07	0.008739166738648468	up_in_A
cycling_malignant_candidate	LGG_vs_rGBM	LGG	rGBM	ARPP21	4	14	7.212107785825645	3.1211272324258728	4.090980553399772	1.1857174374388998e-09	0.00065359477124183	4.863364278533174e-07	0.008739166738648468	up_in_A
cycling_malignant_candidate	LGG_vs_rGBM	LGG	rGBM	VIPR2	4	14	5.645909977571622	1.009220121914047	4.6366898556575755	1.4193347126877187e-09	0.0029328974493612577	5.218408581295228e-07	0.02318211025599294	up_in_A
cycling_malignant_candidate	LGG_vs_rGBM	LGG	rGBM	EDC4	4	14	4.6029720176436975	1.9788781952649277	2.6240938223787698	1.9323249081743507e-09	0.00065359477124183	6.51665840143421e-07	0.008739166738648468	up_in_A
cycling_malignant_candidate	LGG_vs_rGBM	LGG	rGBM	FAM13C	4	14	6.452300063006461	2.6428221704946893	3.8094778925117714	2.969357099739376e-09	0.00065359477124183	9.796296379487995e-07	0.008739166738648468	up_in_A
cycling_malignant_candidate	LGG_vs_rGBM	LGG	rGBM	RICTOR	4	14	7.078655484636846	4.7508243778831325	2.327831106753713	5.197194032246424e-09	0.00065359477124183	1.6096452374157497e-06	0.008739166738648468	up_in_A
cycling_malignant_candidate	LGG_vs_rGBM	LGG	rGBM	RAP2A	4	14	8.047248009116734	5.373295305306793	2.673952703809941	1.0116514748167933e-08	0.00065359477124183	2.5588037969699423e-06	0.008739166738648468	up_in_A
cycling_malignant_candidate	LGG_vs_rGBM	LGG	rGBM	ERCC5	4	14	6.09097010740561	2.613800046403131	3.477170061002479	1.418726040075523e-08	0.00065359477124183	3.1662627035567844e-06	0.008739166738648468	up_in_A
cycling_malignant_candidate	LGG_vs_rGBM	LGG	rGBM	NET1	4	14	4.809987454973087	3.1164957276853253	1.6934917272877619	1.4434322476708009e-08	0.00130718954248366	3.174714172558272e-06	0.013077065587825988	up_in_A
cycling_malignant_candidate	LGG_vs_rGBM	LGG	rGBM	PHACTR3	4	14	6.301295473004291	1.8371085986618862	4.464186874342405	1.5945697572673492e-08	0.0034278312187042688	3.457027233755613e-06	0.023294277853510927	up_in_A
cycling_malignant_candidate	LGG_vs_rGBM	LGG	rGBM	AKAP6	4	14	6.267994738379113	3.927508295364331	2.340486443014782	1.66718212646779e-08	0.00065359477124183	3.563543091728899e-06	0.008739166738648468	up_in_A
cycling_malignant_candidate	LGG_vs_rGBM	LGG	rGBM	FAM27C	4	14	5.378786866742551	2.8472407242414244	2.531546142501127	1.6979976152429458e-08	0.00065359477124183	3.579001640128742e-06	0.008739166738648468	up_in_A
cycling_malignant_candidate	LGG_vs_rGBM	LGG	rGBM	GABARAP	4	14	9.683228837088446	6.087170399987562	3.5960584371008846	1.763198160895833e-08	0.00065359477124183	3.5970077717090885e-06	0.008739166738648468	up_in_A
cycling_malignant_candidate	LGG_vs_rGBM	LGG	rGBM	BCAS1	4	14	6.544484177193466	2.462279077120917	4.082205100072549	1.7776461707840117e-08	0.00065359477124183	3.5970077717090885e-06	0.008739166738648468	up_in_A
cycling_malignant_candidate	LGG_vs_rGBM	LGG	rGBM	TUSC3	4	14	5.980271652206066	0.5472310944262782	5.433040557779788	2.437312639745639e-08	0.0032316255122726437	4.623582077597478e-06	0.023294277853510927	up_in_A
cycling_malignant_candidate	LGG_vs_rGBM	LGG	rGBM	TPT1-AS1	4	14	5.177598627291396	0.7472653264812209	4.430333300810175	2.4699010443135624e-08	0.0008943877294556566	4.627557808457114e-06	0.011761896171766937	up_in_A
cycling_malignant_candidate	LGG_vs_rGBM	LGG	rGBM	CRTAC1	4	14	5.094955288648354	1.0521730196082208	4.042782269040133	3.0833672909757317e-08	0.0033284375451296073	5.516613278510432e-06	0.023294277853510927	up_in_A
cycling_malignant_candidate	LGG_vs_rGBM	LGG	rGBM	BIVM	4	14	5.393576573945297	3.802391811977621	1.5911847619676758	3.2238764878591634e-08	0.00065359477124183	5.689017392994263e-06	0.008739166738648468	up_in_A
cycling_malignant_candidate	LGG_vs_rGBM	LGG	rGBM	MT-CO3	4	14	14.25665674180581	12.503391258884921	1.753265482920888	3.797240089727172e-08	0.00065359477124183	6.332628088098853e-06	0.008739166738648468	up_in_A
cycling_malignant_candidate	LGG_vs_rGBM	LGG	rGBM	MIPOL1	4	14	4.034279102253857	0.6848914107416276	3.349387691512229	4.143012841710913e-08	0.002623673521081084	6.688762009128172e-06	0.020989388168648673	up_in_A
cycling_malignant_candidate	LGG_vs_rGBM	LGG	rGBM	FAM106A	4	14	4.032281389998539	0.5709872429653429	3.461294147033196	4.443382179862852e-08	0.0008943877294556566	6.951831748618417e-06	0.011761896171766937	up_in_A
cycling_malignant_candidate	LGG_vs_rGBM	LGG	rGBM	WASF1	4	14	6.678454947687643	4.377748721188582	2.300706226499061	4.8771098870540234e-08	0.00065359477124183	7.401501964593186e-06	0.008739166738648468	up_in_A
cycling_malignant_candidate	LGG_vs_rGBM	LGG	rGBM	FAM107B	4	14	7.303261480875017	5.259121686928241	2.0441397939467763	5.968990743129321e-08	0.00065359477124183	8.630698135854474e-06	0.008739166738648468	up_in_A
cycling_malignant_candidate	LGG_vs_rGBM	LGG	rGBM	CUEDC2	4	14	7.431591828880663	6.26304463646653	1.1685471924141329	6.595950359604658e-08	0.00261437908496732	9.26853172753336e-06	0.020989388168648673	up_in_A
cycling_malignant_candidate	LGG_vs_rGBM	LGG	rGBM	FBXW4	4	14	5.118790271041178	3.227229748346108	1.8915605226950696	9.56347699780165e-08	0.00065359477124183	1.2511666113675675e-05	0.008739166738648468	up_in_A
cycling_malignant_candidate	LGG_vs_rGBM	LGG	rGBM	TUG1	4	14	7.533353001563402	1.1778457413191965	6.355507260244205	9.703936334662632e-08	0.0008943877294556566	1.2543178899107683e-05	0.011761896171766937	up_in_A
cycling_malignant_candidate	LGG_vs_rGBM	LGG	rGBM	ZBTB16	4	14	9.09904219670698	5.010142897292129	4.088899299414852	1.034912823548224e-07	0.00065359477124183	1.2980030586915577e-05	0.008739166738648468	up_in_A
cycling_malignant_candidate	LGG_vs_rGBM	LGG	rGBM	SLC1A6	4	14	4.5968134936008065	0.6199135449991883	3.976899948601618	1.0724847743371018e-07	0.002641987345207471	1.3274958366791376e-05	0.021058193251506607	up_in_A
cycling_malignant_candidate	LGG_vs_rGBM	LGG	rGBM	DNM3	4	14	7.371417527707012	5.094762268702551	2.2766552590044613	1.078337169135863e-07	0.00065359477124183	1.3274958366791376e-05	0.008739166738648468	up_in_A
cycling_malignant_candidate	LGG_vs_rGBM	LGG	rGBM	HES6	4	14	10.721904778607307	7.840976817430083	2.880927961177224	1.0934171032214826e-07	0.00065359477124183	1.3274958366791376e-05	0.008739166738648468	up_in_A
cycling_malignant_candidate	LGG_vs_rGBM	LGG	rGBM	ZNF804A	4	14	5.666708007103612	1.148786504872793	4.517921502230819	1.1660635364954075e-07	0.0031666278044139027	1.4044587484011352e-05	0.023294277853510927	up_in_A
cycling_malignant_candidate	LGG_vs_rGBM	LGG	rGBM	SH3GL2	4	14	4.993440571301261	1.5148474681354769	3.4785931031657844	1.3153835435742822e-07	0.00065359477124183	1.5714583496659433e-05	0.008739166738648468	up_in_A
cycling_malignant_candidate	LGG_vs_rGBM	LGG	rGBM	ZNF709	4	14	3.7168587768029497	1.737950950838771	1.9789078259641788	1.4032732803748447e-07	0.00065359477124183	1.601208669396139e-05	0.008739166738648468	up_in_A
cycling_malignant_candidate	LGG_vs_rGBM	LGG	rGBM	ZFYVE16	4	14	7.482061889323734	6.219527275612298	1.262534613711436	1.4519561952308762e-07	0.00065359477124183	1.6274450861064913e-05	0.008739166738648468	up_in_A
cycling_malignant_candidate	LGG_vs_rGBM	LGG	rGBM	ZNF25	4	14	5.174705777974918	3.3874445049985513	1.7872612729763664	1.462585819466462e-07	0.00065359477124183	1.6274450861064913e-05	0.008739166738648468	up_in_A
cycling_malignant_candidate	LGG_vs_rGBM	LGG	rGBM	MDGA2	4	14	5.5248813381455895	2.052219244228294	3.4726620939172954	1.4798854894748011e-07	0.0034278312187042688	1.6274450861064913e-05	0.023294277853510927	up_in_A
cycling_malignant_candidate	LGG_vs_rGBM	LGG	rGBM	UBE2E2	4	14	6.395844134546981	4.707629627839986	1.688214506706995	1.5172789868647115e-07	0.00065359477124183	1.656563014723659e-05	0.008739166738648468	up_in_A
cycling_malignant_candidate	LGG_vs_rGBM	LGG	rGBM	SOX1	4	14	4.288635520096461	1.1504367498142372	3.138198770282224	1.6137611860124202e-07	0.0029328974493612577	1.6904817401834335e-05	0.02318211025599294	up_in_A
cycling_malignant_candidate	LGG_vs_rGBM	LGG	rGBM	GRIA4	4	14	8.699552659258288	3.4060279638558364	5.293524695402452	1.839915849148275e-07	0.0034781782825550715	1.8866596572077178e-05	0.023294277853510927	up_in_A
cycling_malignant_candidate	LGG_vs_rGBM	LGG	rGBM	MAPT	4	14	8.442038551607647	5.488665150589712	2.9533734010179344	1.9802403622853671e-07	0.00065359477124183	1.990207134969717e-05	0.008739166738648468	up_in_A
cycling_malignant_candidate	LGG_vs_rGBM	LGG	rGBM	FBXO17	4	14	0.0	5.6712587996633275	-5.6712587996633275	1.6741461899254896e-13	0.0033284375451296073	2.540684257830923e-09	0.023294277853510927	up_in_B
cycling_malignant_candidate	LGG_vs_rGBM	LGG	rGBM	IGF2BP3	4	14	0.12875437452385866	5.672746698075708	-5.54399232355185	5.635533932164483e-13	0.0034278312187042688	3.959133968903882e-09	0.023294277853510927	up_in_B
cycling_malignant_candidate	LGG_vs_rGBM	LGG	rGBM	KLHL26	4	14	0.0	2.9578950432290605	-2.9578950432290605	7.826437735049845e-13	0.0033284375451296073	3.959133968903882e-09	0.023294277853510927	up_in_B
cycling_malignant_candidate	LGG_vs_rGBM	LGG	rGBM	MIR4435-2HG	4	14	0.0	5.449684169449979	-5.449684169449979	2.9383772165851383e-12	0.0033284375451296073	7.766143684026849e-09	0.023294277853510927	up_in_B
cycling_malignant_candidate	LGG_vs_rGBM	LGG	rGBM	C5orf63	4	14	0.0	3.3220547912382243	-3.3220547912382243	3.01900581857825e-12	0.0033284375451296073	7.766143684026849e-09	0.023294277853510927	up_in_B
cycling_malignant_candidate	LGG_vs_rGBM	LGG	rGBM	DLC1	4	14	0.0	4.617258800472949	-4.617258800472949	4.016076866344454e-12	0.0033284375451296073	8.706854646234775e-09	0.023294277853510927	up_in_B
cycling_malignant_candidate	LGG_vs_rGBM	LGG	rGBM	TNFRSF1A	4	14	1.5312908528726632	6.436959668462628	-4.905668815589965	4.633291486492412e-12	0.00065359477124183	8.789353949876105e-09	0.008739166738648468	up_in_B
cycling_malignant_candidate	LGG_vs_rGBM	LGG	rGBM	TSTD1	4	14	0.32845010639177363	6.778928028727671	-6.450477922335898	3.3298955937706575e-11	0.0034781782825550715	4.029048645351337e-08	0.023294277853510927	up_in_B
cycling_malignant_candidate	LGG_vs_rGBM	LGG	rGBM	TNFAIP6	4	14	0.0	6.0362023840864865	-6.0362023840864865	3.451346361990471e-11	0.0033284375451296073	4.029048645351337e-08	0.023294277853510927	up_in_B
cycling_malignant_candidate	LGG_vs_rGBM	LGG	rGBM	CLDN10	4	14	0.0	5.120154444292509	-5.120154444292509	4.5261797116302063e-11	0.0033284375451296073	4.906378807407143e-08	0.023294277853510927	up_in_B
cycling_malignant_candidate	LGG_vs_rGBM	LGG	rGBM	FUT4	4	14	0.0	1.9735261347818336	-1.9735261347818336	8.511860201451915e-11	0.0033284375451296073	7.87122722545614e-08	0.023294277853510927	up_in_B
cycling_malignant_candidate	LGG_vs_rGBM	LGG	rGBM	CA3	4	14	0.0	3.702323369786923	-3.702323369786923	9.815599065476987e-11	0.0033284375451296073	8.275640634315487e-08	0.023294277853510927	up_in_B
cycling_malignant_candidate	LGG_vs_rGBM	LGG	rGBM	SH2D4A	4	14	0.0	4.572235780630722	-4.572235780630722	1.0502276945893418e-10	0.0033284375451296073	8.388555522677817e-08	0.023294277853510927	up_in_B
cycling_malignant_candidate	LGG_vs_rGBM	LGG	rGBM	PLAT	4	14	0.19969573186791495	6.358677464672453	-6.158981732804538	1.411969621882665e-10	0.0034278312187042688	1.0714025490845661e-07	0.023294277853510927	up_in_B
cycling_malignant_candidate	LGG_vs_rGBM	LGG	rGBM	SNUPN	4	14	3.3510397194408834	5.464849162467634	-2.1138094430267507	1.8895001817403299e-10	0.00065359477124183	1.365478798004345e-07	0.008739166738648468	up_in_B
cycling_malignant_candidate	LGG_vs_rGBM	LGG	rGBM	COX5A	4	14	6.84546000887029	8.275977681539961	-1.4305176726696711	2.2426039178102433e-10	0.00065359477124183	1.5469889571221933e-07	0.008739166738648468	up_in_B
cycling_malignant_candidate	LGG_vs_rGBM	LGG	rGBM	SLC25A24	4	14	0.12875437452385866	4.079285444757548	-3.950531070233689	3.903026310214411e-10	0.0034278312187042688	2.5753185775571265e-07	0.023294277853510927	up_in_B
cycling_malignant_candidate	LGG_vs_rGBM	LGG	rGBM	HLA-A	4	14	6.579967466982402	9.182764846919094	-2.6027973799366917	5.114669297107904e-10	0.00065359477124183	3.104808850116382e-07	0.008739166738648468	up_in_B
cycling_malignant_candidate	LGG_vs_rGBM	LGG	rGBM	ISG20	4	14	0.12875437452385866	3.4605446997469325	-3.3317903252230736	5.829291494182625e-10	0.0034278312187042688	3.2083280247807926e-07	0.023294277853510927	up_in_B
cycling_malignant_candidate	LGG_vs_rGBM	LGG	rGBM	TIMP1	4	14	0.12875437452385866	8.988096350076026	-8.859341975552168	5.919424399964562e-10	0.0034278312187042688	3.2083280247807926e-07	0.023294277853510927	up_in_B
cycling_malignant_candidate	LGG_vs_rGBM	LGG	rGBM	PARVB	4	14	0.0	3.6319496667320896	-3.6319496667320896	6.168195975475756e-10	0.0033284375451296073	3.227880762890347e-07	0.023294277853510927	up_in_B
cycling_malignant_candidate	LGG_vs_rGBM	LGG	rGBM	RAB36	4	14	0.0	2.2692249700971856	-2.2692249700971856	7.502265004365085e-10	0.0033284375451296073	3.7951457902081507e-07	0.023294277853510927	up_in_B
cycling_malignant_candidate	LGG_vs_rGBM	LGG	rGBM	S100A13	4	14	3.5595531113151484	7.605375916567991	-4.045822805252842	7.867249603355652e-10	0.00065359477124183	3.851399354210496e-07	0.008739166738648468	up_in_B
cycling_malignant_candidate	LGG_vs_rGBM	LGG	rGBM	CD63	4	14	8.34511591296416	10.752685682621165	-2.4075697696570053	9.043021357977626e-10	0.00065359477124183	4.207666816180934e-07	0.008739166738648468	up_in_B
cycling_malignant_candidate	LGG_vs_rGBM	LGG	rGBM	TMEM154	4	14	0.0	3.1289650299298652	-3.1289650299298652	1.1281158226256754e-09	0.0033284375451296073	4.7556349233797914e-07	0.023294277853510927	up_in_B
cycling_malignant_candidate	LGG_vs_rGBM	LGG	rGBM	MMP14	4	14	0.0	4.2778639266096325	-4.2778639266096325	1.23247667483499e-09	0.0033284375451296073	4.922122636130475e-07	0.023294277853510927	up_in_B
cycling_malignant_candidate	LGG_vs_rGBM	LGG	rGBM	ULK4	4	14	1.4783962341115044	3.3338980607177553	-1.8555018266062508	1.2735610212133899e-09	0.00065359477124183	4.955785143060104e-07	0.008739166738648468	up_in_B
cycling_malignant_candidate	LGG_vs_rGBM	LGG	rGBM	FKBP10	4	14	0.32845010639177363	6.01713245887983	-5.6886823524880565	1.3973794599406434e-09	0.0034781782825550715	5.218408581295228e-07	0.023294277853510927	up_in_B
cycling_malignant_candidate	LGG_vs_rGBM	LGG	rGBM	SMIM10	4	14	0.0	4.209465792040158	-4.209465792040158	1.4665566810874284e-09	0.0033284375451296073	5.218408581295228e-07	0.023294277853510927	up_in_B
cycling_malignant_candidate	LGG_vs_rGBM	LGG	rGBM	S100A2	4	14	0.12875437452385866	3.225117044962612	-3.096362670438753	1.4785949459389484e-09	0.0034278312187042688	5.218408581295228e-07	0.023294277853510927	up_in_B
cycling_malignant_candidate	LGG_vs_rGBM	LGG	rGBM	TBC1D22B	4	14	1.6254544108319178	2.755878275108853	-1.1304238642769353	1.875343534416985e-09	0.00065359477124183	6.468230335980037e-07	0.008739166738648468	up_in_B
cycling_malignant_candidate	LGG_vs_rGBM	LGG	rGBM	HSPG2	4	14	0.12875437452385866	2.995037637747373	-2.8662832632235142	3.829991875256372e-09	0.0034278312187042688	1.2366799297636318e-06	0.023294277853510927	up_in_B
cycling_malignant_candidate	LGG_vs_rGBM	LGG	rGBM	DMRTA2	4	14	0.32845010639177363	5.406484354470549	-5.078034248078775	4.004335793936027e-09	0.0034781782825550715	1.2660375001827737e-06	0.023294277853510927	up_in_B
cycling_malignant_candidate	LGG_vs_rGBM	LGG	rGBM	GPR157	4	14	0.0	1.9190652041192118	-1.9190652041192118	5.4399086479927735e-09	0.0033284375451296073	1.6511210728387667e-06	0.023294277853510927	up_in_B
cycling_malignant_candidate	LGG_vs_rGBM	LGG	rGBM	ANXA5	4	14	6.368360662511721	8.929696216286176	-2.5613355537744553	6.015995992240771e-09	0.00065359477124183	1.790171670161685e-06	0.008739166738648468	up_in_B
cycling_malignant_candidate	LGG_vs_rGBM	LGG	rGBM	LAMTOR2	4	14	5.757892085079831	7.594754606342126	-1.8368625212622947	6.841287214290958e-09	0.00065359477124183	1.9966033608476843e-06	0.008739166738648468	up_in_B
cycling_malignant_candidate	LGG_vs_rGBM	LGG	rGBM	FAM3C	4	14	6.2138620778663185	7.569074511360468	-1.3552124334941498	7.296220371370885e-09	0.00065359477124183	2.089196987847633e-06	0.008739166738648468	up_in_B
cycling_malignant_candidate	LGG_vs_rGBM	LGG	rGBM	EBNA1BP2	4	14	5.434577561102531	6.841249077968099	-1.4066715168655683	8.258995765167385e-09	0.00065359477124183	2.245499055273901e-06	0.008739166738648468	up_in_B
cycling_malignant_candidate	LGG_vs_rGBM	LGG	rGBM	SNHG18	4	14	0.12875437452385866	3.4871683315802997	-3.358413957056441	8.272377015042148e-09	0.0034278312187042688	2.245499055273901e-06	0.023294277853510927	up_in_B
cycling_malignant_candidate	LGG_vs_rGBM	LGG	rGBM	EVA1C	4	14	1.6471593412513976	4.517812991883011	-2.870653650631614	8.28597437370443e-09	0.00065359477124183	2.245499055273901e-06	0.008739166738648468	up_in_B
cycling_malignant_candidate	LGG_vs_rGBM	LGG	rGBM	EMILIN2	4	14	0.0	4.268166946041118	-4.268166946041118	8.652483326159283e-09	0.0033284375451296073	2.3036857361016363e-06	0.023294277853510927	up_in_B
cycling_malignant_candidate	LGG_vs_rGBM	LGG	rGBM	UBL5	4	14	8.520036438319126	9.546359009214877	-1.0263225708957506	9.269304965749478e-09	0.00065359477124183	2.4253615889692082e-06	0.008739166738648468	up_in_B
cycling_malignant_candidate	LGG_vs_rGBM	LGG	rGBM	SLC12A7	4	14	0.12875437452385866	3.020064409809193	-2.891310035285334	9.762826491194828e-09	0.0034278312187042688	2.5111975394978426e-06	0.023294277853510927	up_in_B
cycling_malignant_candidate	LGG_vs_rGBM	LGG	rGBM	ARSJ	4	14	0.0	4.533284989786914	-4.533284989786914	1.0598190227972053e-08	0.0033284375451296073	2.6366907360607195e-06	0.023294277853510927	up_in_B
cycling_malignant_candidate	LGG_vs_rGBM	LGG	rGBM	LATS2	4	14	0.12875437452385866	2.8800258711259845	-2.7512714966021257	1.0813727801701439e-08	0.0034278312187042688	2.6469215019132425e-06	0.023294277853510927	up_in_B
cycling_malignant_candidate	LGG_vs_rGBM	LGG	rGBM	PPIC	4	14	0.2234420791865524	5.165279717510393	-4.9418376383238405	1.1216624002930854e-08	0.0034278312187042688	2.7019600931504548e-06	0.023294277853510927	up_in_B
cycling_malignant_candidate	LGG_vs_rGBM	LGG	rGBM	TEAD3	4	14	0.0	2.334135400914404	-2.334135400914404	1.3247703231574222e-08	0.0033284375451296073	3.093648403916283e-06	0.023294277853510927	up_in_B
cycling_malignant_candidate	LGG_vs_rGBM	LGG	rGBM	CAPN12	4	14	0.0	1.143220708455403	-1.143220708455403	1.3250339104807484e-08	0.0033284375451296073	3.093648403916283e-06	0.023294277853510927	up_in_B
cycling_malignant_candidate	LGG_vs_rGBM	LGG	rGBM	ARPC5L	4	14	6.4753623232997395	7.515451100438397	-1.0400887771386573	1.3835547106510097e-08	0.00065359477124183	3.159778655955563e-06	0.008739166738648468	up_in_B
cycling_malignant_candidate	LGG_vs_rGBM	LGG	rGBM	HLA-B	4	14	5.868528481774995	8.247592283696122	-2.3790638019211263	1.3949998019835444e-08	0.00065359477124183	3.159778655955563e-06	0.008739166738648468	up_in_B
cycling_malignant_candidate	ndGBM_vs_rGBM	ndGBM	rGBM	TRAPPC2L	16	14	6.849393105870954	6.018568519643604	0.83082458622735	3.274830468691212e-07	2.0353122787256538e-05	0.0007099832456122547	0.01327583573535904	up_in_A
cycling_malignant_candidate	ndGBM_vs_rGBM	ndGBM	rGBM	RWDD1	16	14	7.728405990926596	7.084325031415418	0.6440809595111787	5.4496114158277205e-06	0.00012041690009483778	0.0027419001378584354	0.019471350660489856	up_in_A
cycling_malignant_candidate	ndGBM_vs_rGBM	ndGBM	rGBM	MCPH1-AS1	16	14	2.5689450194366326	1.273029617142646	1.2959154022939865	5.498910577426956e-06	2.444321594747217e-05	0.0027419001378584354	0.01327583573535904	up_in_A
cycling_malignant_candidate	ndGBM_vs_rGBM	ndGBM	rGBM	RPL23A	16	14	10.868557601266104	9.930375088980258	0.9381825122858469	6.305673849367051e-06	3.5299729612505404e-05	0.0027419001378584354	0.014880797127760612	up_in_A
cycling_malignant_candidate	ndGBM_vs_rGBM	ndGBM	rGBM	SMARCE1	16	14	6.950372961734343	5.8975532441174865	1.052819717616856	7.807429748252514e-06	0.00023415610209646777	0.0031596906078442135	0.023849349029637548	up_in_A
cycling_malignant_candidate	ndGBM_vs_rGBM	ndGBM	rGBM	EIF4A1	16	14	9.018447807856377	7.945669780372583	1.0727780274837944	8.823116833845778e-06	0.0006045376994551482	0.0031880862159629412	0.03324081205409902	up_in_A
cycling_malignant_candidate	ndGBM_vs_rGBM	ndGBM	rGBM	TMTC1	16	14	3.442803795290171	1.3872215497738998	2.0555822455162716	9.155191086158623e-06	6.0319342584541704e-05	0.003231143719152169	0.015515361746830592	up_in_A
cycling_malignant_candidate	ndGBM_vs_rGBM	ndGBM	rGBM	SGCE	16	14	6.666159788366693	3.7335841832614065	2.9325756051052867	1.402124279062459e-05	2.4494161873356166e-05	0.0039627404846934175	0.01327583573535904	up_in_A
cycling_malignant_candidate	ndGBM_vs_rGBM	ndGBM	rGBM	CPB2-AS1	16	14	3.4177825525194283	2.0747910431098386	1.3429915094095897	1.5252645057163579e-05	0.00014254775432027522	0.003990933472198525	0.0204085350902311	up_in_A
cycling_malignant_candidate	ndGBM_vs_rGBM	ndGBM	rGBM	ME1	16	14	3.161486185902234	0.6924453160004248	2.4690408699018094	2.1990245675275602e-05	0.00023042122533953758	0.004980954751760933	0.023849349029637548	up_in_A
cycling_malignant_candidate	ndGBM_vs_rGBM	ndGBM	rGBM	ZSCAN1	16	14	3.0113148313438223	0.2825827880132545	2.728732043330568	2.5073249573555058e-05	0.0004516215623871377	0.005351979740840957	0.030597360851728577	up_in_A
cycling_malignant_candidate	ndGBM_vs_rGBM	ndGBM	rGBM	RGS16	16	14	6.0572843785228105	3.995013093221613	2.0622712853011977	2.789665955907972e-05	0.0003233309175558991	0.005644796072914585	0.02726038891571291	up_in_A
cycling_malignant_candidate	ndGBM_vs_rGBM	ndGBM	rGBM	DHTKD1	16	14	4.726915975168725	4.207560142052452	0.5193558331162729	2.846879138762543e-05	0.00012041690009483778	0.005667667931703497	0.019471350660489856	up_in_A
cycling_malignant_candidate	ndGBM_vs_rGBM	ndGBM	rGBM	DEF8	16	14	6.030310552027917	4.903133126038882	1.1271774259890348	3.2248617056696355e-05	7.187640476931582e-05	0.006117562655655299	0.017593489012566722	up_in_A
cycling_malignant_candidate	ndGBM_vs_rGBM	ndGBM	rGBM	DNAH10OS	16	14	1.8317078454360032	0.9456884286165054	0.8860194168194978	3.657401171412469e-05	0.0002337806381262091	0.0066873156840187515	0.023849349029637548	up_in_A
cycling_malignant_candidate	ndGBM_vs_rGBM	ndGBM	rGBM	NBAT1	16	14	1.4454477808417265	0.37488490483009335	1.0705628760116332	3.731356801330298e-05	0.00019234107630907726	0.0067413179544034045	0.023384946052447637	up_in_A
cycling_malignant_candidate	ndGBM_vs_rGBM	ndGBM	rGBM	HEY2	16	14	4.226587106834511	2.459336347253223	1.7672507595812883	4.038157517320137e-05	6.0319342584541704e-05	0.006856820668574401	0.015515361746830592	up_in_A
cycling_malignant_candidate	ndGBM_vs_rGBM	ndGBM	rGBM	LINC01546	16	14	3.7407147255915008	1.2185093948504362	2.5222053307410643	4.247108215906654e-05	0.0006516221927578165	0.006856820668574401	0.03503134114451775	up_in_A
cycling_malignant_candidate	ndGBM_vs_rGBM	ndGBM	rGBM	DYNC1I2	16	14	7.662070036534507	7.045030166127327	0.6170398704071802	4.6119355286448506e-05	0.00019877820511107966	0.007172993006751274	0.023384946052447637	up_in_A
cycling_malignant_candidate	ndGBM_vs_rGBM	ndGBM	rGBM	AKAP7	16	14	5.811186482818107	4.726440999825569	1.0847454829925374	4.8967195603860976e-05	0.00044355890999928343	0.007431261604841942	0.030185874520848095	up_in_A
cycling_malignant_candidate	ndGBM_vs_rGBM	ndGBM	rGBM	RNF182	16	14	3.7628377406828273	2.3180227130426014	1.4448150276402258	4.9813288745367133e-05	0.00023415610209646777	0.0074848165346504125	0.023849349029637548	up_in_A
cycling_malignant_candidate	ndGBM_vs_rGBM	ndGBM	rGBM	PCSK2	16	14	2.325184555163463	0.20202487647253253	2.1231596786909304	5.391660730166207e-05	0.00017794172598906445	0.008021945415784543	0.023080714817179847	up_in_A
cycling_malignant_candidate	ndGBM_vs_rGBM	ndGBM	rGBM	PTENP1-AS	16	14	2.1608721906520607	0.10673386405838145	2.0541383265936792	5.634273482681397e-05	0.0002164704282686166	0.0082217052281897	0.023849349029637548	up_in_A
cycling_malignant_candidate	ndGBM_vs_rGBM	ndGBM	rGBM	HMGA2	16	14	2.4610702981159376	0.25895723261045983	2.2021130655054777	6.0601385312761926e-05	4.778561647801565e-05	0.008437491958775	0.015515361746830592	up_in_A
cycling_malignant_candidate	ndGBM_vs_rGBM	ndGBM	rGBM	MIR503HG	16	14	3.5360249353563384	2.0116166856316875	1.524408249724651	6.58479761550413e-05	0.0002753793769141583	0.008614731776973335	0.025797268049686833	up_in_A
cycling_malignant_candidate	ndGBM_vs_rGBM	ndGBM	rGBM	DNAJB11	16	14	7.045711558141344	6.311786499262195	0.7339250588791488	6.771325352709734e-05	0.00010155497147036094	0.00870861301294262	0.018568653578725274	up_in_A
cycling_malignant_candidate	ndGBM_vs_rGBM	ndGBM	rGBM	RARB	16	14	2.445954550547061	1.227849618127171	1.2181049324198898	6.981598043154481e-05	0.0005182519931612157	0.008756424124207638	0.03223357478776479	up_in_A
cycling_malignant_candidate	ndGBM_vs_rGBM	ndGBM	rGBM	NEFL	16	14	3.5733344951142403	0.04463729171974218	3.528697203394498	7.585359983272993e-05	1.4317888169936525e-05	0.009115020120220361	0.01327583573535904	up_in_A
cycling_malignant_candidate	ndGBM_vs_rGBM	ndGBM	rGBM	HOXA2	16	14	2.6170672009269196	0.3240875358254793	2.2929796651014405	7.765540426505615e-05	0.0036453998689309985	0.009115020120220361	0.06816509122399422	up_in_A
cycling_malignant_candidate	ndGBM_vs_rGBM	ndGBM	rGBM	KCNIP4	16	14	2.925161347930989	0.4410891704033576	2.4840721775276315	7.858780444667241e-05	5.4189252462091494e-05	0.009115020120220361	0.015515361746830592	up_in_A
cycling_malignant_candidate	ndGBM_vs_rGBM	ndGBM	rGBM	PIGS	16	14	5.064686885211428	4.306964200880396	0.7577226843310321	7.868131495445884e-05	0.000379012585993533	0.009115020120220361	0.0294968974617326	up_in_A
cycling_malignant_candidate	ndGBM_vs_rGBM	ndGBM	rGBM	TUBB3	16	14	6.245139889664284	2.8331589771999934	3.41198091246429	8.011818139455737e-05	0.001274246621474766	0.009141906171757915	0.04295709113669059	up_in_A
cycling_malignant_candidate	ndGBM_vs_rGBM	ndGBM	rGBM	ADCY2	16	14	2.3627466465372495	0.814608958306408	1.5481376882308415	0.00010214841157515898	0.0001984526344125249	0.01092820819347487	0.023384946052447637	up_in_A
cycling_malignant_candidate	ndGBM_vs_rGBM	ndGBM	rGBM	SNRNP27	16	14	7.204872889122132	6.64481517250334	0.5600577166187923	0.00010585977905516564	0.001274246621474766	0.010977236136634391	0.04295709113669059	up_in_A
cycling_malignant_candidate	ndGBM_vs_rGBM	ndGBM	rGBM	BTN2A2	16	14	3.8719066506466735	3.1971106205076594	0.6747960301390141	0.00010744224851588848	0.0003233309175558991	0.010977236136634391	0.02726038891571291	up_in_A
cycling_malignant_candidate	ndGBM_vs_rGBM	ndGBM	rGBM	PEG10	16	14	7.770791325345084	4.597261247901588	3.1735300774434965	0.00011547457313778989	0.0003233309175558991	0.011061715411467523	0.02726038891571291	up_in_A
cycling_malignant_candidate	ndGBM_vs_rGBM	ndGBM	rGBM	HLA-B	16	14	9.76938140648291	8.247592283696122	1.5217891227867888	0.00013800846548020672	0.000379012585993533	0.012213482579340818	0.0294968974617326	up_in_A
cycling_malignant_candidate	ndGBM_vs_rGBM	ndGBM	rGBM	BCL11A	16	14	3.771506534834262	2.141203274839913	1.6303032599943488	0.00017789151269793753	0.0006045376994551482	0.01425773974522073	0.03324081205409902	up_in_A
cycling_malignant_candidate	ndGBM_vs_rGBM	ndGBM	rGBM	B3GALNT1	16	14	5.6414071815942926	5.100449753001785	0.5409574285925078	0.0001884304117341511	0.0007040431634869475	0.01466471758193578	0.03503134114451775	up_in_A
cycling_malignant_candidate	ndGBM_vs_rGBM	ndGBM	rGBM	NMT2	16	14	4.348849602706322	3.3926686847542813	0.9561809179520404	0.00019577437482852568	0.00044355890999928343	0.015005413698978311	0.030185874520848095	up_in_A
cycling_malignant_candidate	ndGBM_vs_rGBM	ndGBM	rGBM	RAD51	16	14	3.8564981487542944	2.1768711487042816	1.6796270000500129	0.0002069619073934711	0.0014720033505238484	0.015548781715858006	0.045590046627652904	up_in_A
cycling_malignant_candidate	ndGBM_vs_rGBM	ndGBM	rGBM	ABHD16A	16	14	4.289342609046299	2.3642140241258707	1.9251285849204285	0.00021805764455855623	0.0005182519931612157	0.015758299113431663	0.03223357478776479	up_in_A
cycling_malignant_candidate	ndGBM_vs_rGBM	ndGBM	rGBM	SF3B5	16	14	7.845251538499868	7.267162513748004	0.578089024751864	0.00022047004543128523	0.0007040431634869475	0.015857125163342107	0.03503134114451775	up_in_A
cycling_malignant_candidate	ndGBM_vs_rGBM	ndGBM	rGBM	SC5D	16	14	5.0721531111029	4.44882489851567	0.6233282125872304	0.00022181350244132868	0.0005182519931612157	0.015878498646460397	0.03223357478776479	up_in_A
cycling_malignant_candidate	ndGBM_vs_rGBM	ndGBM	rGBM	MTG1	16	14	4.550277762827111	3.4634168728479673	1.0868608899791439	0.00022891091561336773	0.003862808279693927	0.016107617258389946	0.06816509122399422	up_in_A
cycling_malignant_candidate	ndGBM_vs_rGBM	ndGBM	rGBM	LINC00863	16	14	2.1796504990381336	0.4029705442474194	1.7766799547907142	0.000233439678732605	0.0010922489358484023	0.016176623581945267	0.04136868143916536	up_in_A
cycling_malignant_candidate	ndGBM_vs_rGBM	ndGBM	rGBM	LARP1B	16	14	5.54675537754467	5.102113577925091	0.4446417996195793	0.00023618247832892026	0.0006045376994551482	0.016188950390172322	0.03324081205409902	up_in_A
cycling_malignant_candidate	ndGBM_vs_rGBM	ndGBM	rGBM	PROX1-AS1	16	14	1.2509717455279024	0.040105496637507655	1.2108662488903947	0.0002489430881338393	0.0005141174524488315	0.016497643255542118	0.03223357478776479	up_in_A
cycling_malignant_candidate	ndGBM_vs_rGBM	ndGBM	rGBM	HLA-A	16	14	10.132409029968429	9.182764846919094	0.949644183049335	0.00025243743287483157	0.0006045376994551482	0.016656480353514976	0.03324081205409902	up_in_A
cycling_malignant_candidate	ndGBM_vs_rGBM	ndGBM	rGBM	ZNF749	16	14	3.998681142067147	2.5666554596680364	1.4320256823991104	0.000266860805005539	0.0016977061446372325	0.017091958269146407	0.04780034963082493	up_in_A
cycling_malignant_candidate	ndGBM_vs_rGBM	ndGBM	rGBM	RAB26	16	14	1.6071141876998578	2.991842295638578	-1.3847281079387204	4.197501535968855e-09	3.567368795444174e-06	6.370128330986334e-05	0.01327583573535904	up_in_B
cycling_malignant_candidate	ndGBM_vs_rGBM	ndGBM	rGBM	NUP210	16	14	4.050134253273117	5.067241579623861	-1.017107326350744	4.302369348372784e-08	9.543610297606719e-06	0.0003264637861545268	0.01327583573535904	up_in_B
cycling_malignant_candidate	ndGBM_vs_rGBM	ndGBM	rGBM	YTHDF2	16	14	6.744488532332509	7.3839847738102105	-0.6394962414777012	1.2397323847776188e-07	1.3983351274070578e-05	0.0005401430203894888	0.01327583573535904	up_in_B
cycling_malignant_candidate	ndGBM_vs_rGBM	ndGBM	rGBM	ERCC3	16	14	4.189432518483898	4.845084981005333	-0.6556524625214353	1.4236769119385578e-07	7.864710144036777e-06	0.0005401430203894888	0.01327583573535904	up_in_B
cycling_malignant_candidate	ndGBM_vs_rGBM	ndGBM	rGBM	SETMAR	16	14	3.282891543035271	3.9752718879588236	-0.6923803449235524	2.4261404611473155e-07	2.0353122787256538e-05	0.0006521549521815835	0.01327583573535904	up_in_B
cycling_malignant_candidate	ndGBM_vs_rGBM	ndGBM	rGBM	FBXW2	16	14	5.2982234675160225	5.905986980231868	-0.6077635127158452	2.5783669696161715e-07	1.688421113226081e-05	0.0006521549521815835	0.01327583573535904	up_in_B
cycling_malignant_candidate	ndGBM_vs_rGBM	ndGBM	rGBM	ZNF181	16	14	4.227922439941679	5.1261825536300805	-0.8982601136884014	4.2826872748625535e-07	2.4494161873356166e-05	0.0008124257760414264	0.01327583573535904	up_in_B
cycling_malignant_candidate	ndGBM_vs_rGBM	ndGBM	rGBM	MOGS	16	14	3.850262016136843	4.454671806751952	-0.6044097906151089	5.172701284480984e-07	2.4494161873356166e-05	0.0008722323854809268	0.01327583573535904	up_in_B
cycling_malignant_candidate	ndGBM_vs_rGBM	ndGBM	rGBM	FBLN7	16	14	3.4803167977734994	4.932811330549884	-1.452494532776385	6.387743769998427e-07	9.543610297606719e-06	0.0009694039945349613	0.01327583573535904	up_in_B
cycling_malignant_candidate	ndGBM_vs_rGBM	ndGBM	rGBM	TOE1	16	14	4.313467537695596	4.908982114439158	-0.5955145767435619	7.981703761815711e-07	2.4494161873356166e-05	0.0011011848753574112	0.01327583573535904	up_in_B
cycling_malignant_candidate	ndGBM_vs_rGBM	ndGBM	rGBM	KLHL26	16	14	1.6074055047512954	2.9578950432290605	-1.350489538477765	1.0218660960373029e-06	1.1561709742810221e-05	0.0012923199894551757	0.01327583573535904	up_in_B
cycling_malignant_candidate	ndGBM_vs_rGBM	ndGBM	rGBM	NOL8	16	14	5.341808874283979	5.996088267217323	-0.6542793929333444	1.2381164851575348e-06	9.543610297606719e-06	0.0014453581368269806	0.01327583573535904	up_in_B
cycling_malignant_candidate	ndGBM_vs_rGBM	ndGBM	rGBM	TOR1A	16	14	5.297288629912681	6.051017003628885	-0.7537283737162035	1.4927106380287146e-06	6.470408390199818e-06	0.0016096750768243224	0.01327583573535904	up_in_B
cycling_malignant_candidate	ndGBM_vs_rGBM	ndGBM	rGBM	FAM210B	16	14	5.234703611686841	6.4298966681709855	-1.1951930564841442	1.5910072583266233e-06	8.550687169798237e-05	0.0016096750768243224	0.018276792744909585	up_in_B
cycling_malignant_candidate	ndGBM_vs_rGBM	ndGBM	rGBM	RNF4	16	14	5.439980502646659	5.876515892021019	-0.4365353893743604	1.8202632700259416e-06	3.5299729612505404e-05	0.0017265197116196056	0.014880797127760612	up_in_B
cycling_malignant_candidate	ndGBM_vs_rGBM	ndGBM	rGBM	KCNJ14	16	14	1.9717823401964065	2.7856258612421176	-0.8138435210457111	2.1383520609900395e-06	2.9429023946780603e-05	0.0018949204245712124	0.013956714606760701	up_in_B
cycling_malignant_candidate	ndGBM_vs_rGBM	ndGBM	rGBM	TOR3A	16	14	5.073910999554782	5.852559607131918	-0.7786486075771366	2.2667999426286306e-06	6.0319342584541704e-05	0.0018949204245712124	0.015515361746830592	up_in_B
cycling_malignant_candidate	ndGBM_vs_rGBM	ndGBM	rGBM	GAPVD1	16	14	5.3204326394888	5.956555174776812	-0.6361225352880124	2.372396419797907e-06	5.0537205023132275e-05	0.0018949204245712124	0.015515361746830592	up_in_B
cycling_malignant_candidate	ndGBM_vs_rGBM	ndGBM	rGBM	FBXL12	16	14	3.991587843183156	4.736088456925484	-0.7445006137423276	2.9376340562270424e-06	4.2271694549398953e-05	0.00222907672186508	0.015515361746830592	up_in_B
cycling_malignant_candidate	ndGBM_vs_rGBM	ndGBM	rGBM	MRPL34	16	14	6.4013676283950565	7.009037589454336	-0.6076699610592797	3.9338967073396015e-06	3.5299729612505404e-05	0.0027419001378584354	0.014880797127760612	up_in_B
cycling_malignant_candidate	ndGBM_vs_rGBM	ndGBM	rGBM	PIDD1	16	14	3.7012656340900505	4.549147225207471	-0.8478815911174205	4.065798919748463e-06	1.688421113226081e-05	0.0027419001378584354	0.01327583573535904	up_in_B
cycling_malignant_candidate	ndGBM_vs_rGBM	ndGBM	rGBM	DPH2	16	14	3.7739975107053674	4.323591185103081	-0.5495936743977134	4.2229997695044305e-06	1.1561709742810221e-05	0.0027419001378584354	0.01327583573535904	up_in_B
cycling_malignant_candidate	ndGBM_vs_rGBM	ndGBM	rGBM	CWC22	16	14	5.010217351715071	5.479882091925928	-0.4696647402108569	4.685187269229844e-06	6.0319342584541704e-05	0.0027419001378584354	0.015515361746830592	up_in_B
cycling_malignant_candidate	ndGBM_vs_rGBM	ndGBM	rGBM	SCAF4	16	14	4.627153417944541	5.23143012071075	-0.6042767027662093	4.699491187844822e-06	0.00012041690009483778	0.0027419001378584354	0.019471350660489856	up_in_B
cycling_malignant_candidate	ndGBM_vs_rGBM	ndGBM	rGBM	SETD4	16	14	4.5170420772628015	5.127391301429634	-0.6103492241668329	4.700420781487928e-06	2.9429023946780603e-05	0.0027419001378584354	0.013956714606760701	up_in_B
cycling_malignant_candidate	ndGBM_vs_rGBM	ndGBM	rGBM	MED18	16	14	2.6446896487686176	3.5365901576180336	-0.8919005088494161	5.010845409511336e-06	6.0319342584541704e-05	0.0027419001378584354	0.015515361746830592	up_in_B
cycling_malignant_candidate	ndGBM_vs_rGBM	ndGBM	rGBM	TMEM38A	16	14	1.9230467829954296	3.465524455126804	-1.5424776721313744	5.063052565398626e-06	0.00012041690009483778	0.0027419001378584354	0.019471350660489856	up_in_B
cycling_malignant_candidate	ndGBM_vs_rGBM	ndGBM	rGBM	ARPC5L	16	14	6.86059993409981	7.515451100438397	-0.6548511663385872	5.601557372142659e-06	1.1561709742810221e-05	0.0027419001378584354	0.01327583573535904	up_in_B
cycling_malignant_candidate	ndGBM_vs_rGBM	ndGBM	rGBM	UVSSA	16	14	3.188063275832298	4.099784217341378	-0.9117209415090803	5.790193975414473e-06	8.550687169798237e-05	0.0027419001378584354	0.018276792744909585	up_in_B
cycling_malignant_candidate	ndGBM_vs_rGBM	ndGBM	rGBM	NAA15	16	14	5.818325883566062	6.177947423671582	-0.35962154010552005	6.004722666982594e-06	0.00014254775432027522	0.0027419001378584354	0.0204085350902311	up_in_B
cycling_malignant_candidate	ndGBM_vs_rGBM	ndGBM	rGBM	TRUB2	16	14	4.925987497797944	5.601324632910012	-0.675337135112068	6.3235704286403025e-06	5.0537205023132275e-05	0.0027419001378584354	0.015515361746830592	up_in_B
cycling_malignant_candidate	ndGBM_vs_rGBM	ndGBM	rGBM	KTI12	16	14	3.4215710263213297	4.316903355964197	-0.895332329642867	7.622268580797449e-06	6.0319342584541704e-05	0.0031596906078442135	0.015515361746830592	up_in_B
cycling_malignant_candidate	ndGBM_vs_rGBM	ndGBM	rGBM	ZNF768	16	14	3.8227043244122973	4.500269924456346	-0.6775656000440491	7.911718707042706e-06	6.0319342584541704e-05	0.0031596906078442135	0.015515361746830592	up_in_B
cycling_malignant_candidate	ndGBM_vs_rGBM	ndGBM	rGBM	GGA2	16	14	4.254741931451018	4.829980936419531	-0.5752390049685134	8.41941253899781e-06	0.00010155497147036094	0.0031880862159629412	0.018568653578725274	up_in_B
cycling_malignant_candidate	ndGBM_vs_rGBM	ndGBM	rGBM	HMCES	16	14	4.2557263986127865	4.82741254930418	-0.5716861506913933	8.601253888302047e-06	8.550687169798237e-05	0.0031880862159629412	0.018276792744909585	up_in_B
cycling_malignant_candidate	ndGBM_vs_rGBM	ndGBM	rGBM	GMPS	16	14	5.790953467990277	6.868312726424839	-1.0773592584345622	8.68828691355773e-06	2.0353122787256538e-05	0.0031880862159629412	0.01327583573535904	up_in_B
cycling_malignant_candidate	ndGBM_vs_rGBM	ndGBM	rGBM	KIF7	16	14	2.030961945253945	2.933156727931298	-0.9021947826773529	9.877375342483186e-06	2.4494161873356166e-05	0.0034067965499437465	0.01327583573535904	up_in_B
cycling_malignant_candidate	ndGBM_vs_rGBM	ndGBM	rGBM	ZBTB20	16	14	7.752000961169752	9.082384445329318	-1.330383484159566	1.0889178622553132e-05	0.00012041690009483778	0.0036723149950192513	0.019471350660489856	up_in_B
cycling_malignant_candidate	ndGBM_vs_rGBM	ndGBM	rGBM	ABHD8	16	14	2.971973148504538	4.635644928853482	-1.663671780348944	1.2657423348582514e-05	4.3577745291451605e-06	0.0039627404846934175	0.01327583573535904	up_in_B
cycling_malignant_candidate	ndGBM_vs_rGBM	ndGBM	rGBM	NFIX	16	14	7.189676581696096	7.981172222849935	-0.7914956411538387	1.2727739867651252e-05	6.0319342584541704e-05	0.0039627404846934175	0.015515361746830592	up_in_B
cycling_malignant_candidate	ndGBM_vs_rGBM	ndGBM	rGBM	IMP3	16	14	6.2156423605930105	6.772687354452992	-0.5570449938599813	1.2751920100864504e-05	0.00014254775432027522	0.0039627404846934175	0.0204085350902311	up_in_B
cycling_malignant_candidate	ndGBM_vs_rGBM	ndGBM	rGBM	PIH1D1	16	14	5.873387713835228	6.631224484947369	-0.7578367711121405	1.2948537388162505e-05	0.00012041690009483778	0.0039627404846934175	0.019471350660489856	up_in_B
cycling_malignant_candidate	ndGBM_vs_rGBM	ndGBM	rGBM	RHBDL1	16	14	1.4551741174541823	2.717401055958299	-1.2622269385041167	1.3743229472068025e-05	2.4494161873356166e-05	0.0039627404846934175	0.01327583573535904	up_in_B
cycling_malignant_candidate	ndGBM_vs_rGBM	ndGBM	rGBM	ZBTB11	16	14	4.321127047888138	5.360136048952349	-1.039009001064211	1.3854463892091434e-05	0.00019877820511107966	0.0039627404846934175	0.023384946052447637	up_in_B
cycling_malignant_candidate	ndGBM_vs_rGBM	ndGBM	rGBM	PTGR1	16	14	5.261976249110608	6.256584973352687	-0.9946087242420782	1.4239477812784e-05	0.0002753793769141583	0.0039627404846934175	0.025797268049686833	up_in_B
cycling_malignant_candidate	ndGBM_vs_rGBM	ndGBM	rGBM	THRAP3	16	14	7.188365215114834	7.665428600505499	-0.4770633853906654	1.4376342055902927e-05	0.00010155497147036094	0.0039627404846934175	0.018568653578725274	up_in_B
cycling_malignant_candidate	ndGBM_vs_rGBM	ndGBM	rGBM	THUMPD1	16	14	5.851654726037418	6.368521303183149	-0.5168665771457315	1.4711092013703367e-05	0.00010155497147036094	0.0039627404846934175	0.018568653578725274	up_in_B
cycling_malignant_candidate	ndGBM_vs_rGBM	ndGBM	rGBM	KIAA1958	16	14	4.726503754703405	5.473295432009084	-0.7467916773056791	1.472563725872026e-05	0.00014254775432027522	0.0039627404846934175	0.0204085350902311	up_in_B
cycling_malignant_candidate	ndGBM_vs_rGBM	ndGBM	rGBM	DECR2	16	14	3.3023679667711368	3.9099543332908024	-0.6075863665196657	1.4883777518946021e-05	7.187640476931582e-05	0.0039627404846934175	0.017593489012566722	up_in_B
cycling_malignant_candidate	ndGBM_vs_rGBM	ndGBM	rGBM	ISG20L2	16	14	5.110778720162718	5.686205249634274	-0.5754265294715566	1.7273326547946458e-05	4.2271694549398953e-05	0.004417271920360422	0.015515361746830592	up_in_B
hypoxia_stress_malignant	GBM_vs_ndGBM	GBM	ndGBM	MKKS	31	15	6.582343014174503	4.767630573973046	1.8147124402014576	4.4128670528641195e-16	5.439914762453549e-08	1.674241759856647e-12	7.240614894231438e-05	up_in_A
hypoxia_stress_malignant	GBM_vs_ndGBM	GBM	ndGBM	ALDOA	31	15	10.758212256338249	5.946080709694541	4.812131546643708	8.369807223971927e-16	5.439914762453549e-08	2.540403888619959e-12	7.240614894231438e-05	up_in_A
hypoxia_stress_malignant	GBM_vs_ndGBM	GBM	ndGBM	ZNF320	31	15	3.7494644691703454	0.688934643403531	3.0605298257668143	1.315088276700138e-15	5.338442270039821e-08	3.3262966145335494e-12	7.240614894231438e-05	up_in_A
hypoxia_stress_malignant	GBM_vs_ndGBM	GBM	ndGBM	NACA2	31	15	5.490458513016183	0.5700624987401491	4.920396014276034	2.086939162076683e-13	2.847441199100989e-07	3.519043191519527e-10	0.00010280633584959635	up_in_A
hypoxia_stress_malignant	GBM_vs_ndGBM	GBM	ndGBM	FKBP1C	31	15	4.3779512909361324	0.19065467135012887	4.187296619586004	3.184467265410414e-12	4.650790626553261e-08	4.027289601655704e-09	7.240614894231438e-05	up_in_A
hypoxia_stress_malignant	GBM_vs_ndGBM	GBM	ndGBM	ECE2	31	15	3.39279119591252	0.3961120639515684	2.9966791319609514	4.491026641401158e-12	2.1354015634965957e-06	5.2427554084541515e-09	0.0002394212288138945	up_in_A
hypoxia_stress_malignant	GBM_vs_ndGBM	GBM	ndGBM	BEST1	31	15	5.95328188170407	3.1617372498179477	2.7915446318861226	5.776184771964597e-12	6.20242446132108e-08	6.261384292809624e-09	7.240614894231438e-05	up_in_A
hypoxia_stress_malignant	GBM_vs_ndGBM	GBM	ndGBM	HNRNPA1L2	31	15	5.020539547536339	2.489354527029775	2.5311850205065642	8.157599216260984e-12	2.2362689787469018e-07	8.253315047065113e-09	9.696462291846566e-05	up_in_A
hypoxia_stress_malignant	GBM_vs_ndGBM	GBM	ndGBM	PTPRS	31	15	6.542432854065203	2.950422875308658	3.592009978756545	1.7636815641208768e-11	5.439914762453549e-08	1.4869795231721349e-08	7.240614894231438e-05	up_in_A
hypoxia_stress_malignant	GBM_vs_ndGBM	GBM	ndGBM	MIF-AS1	31	15	4.121743340734272	0.9444968352385866	3.1772465054956855	3.7927649326585025e-11	1.3286873220591505e-06	2.5545016445424382e-08	0.0001894475978260734	up_in_A
hypoxia_stress_malignant	GBM_vs_ndGBM	GBM	ndGBM	GABPB1	31	15	5.473181006620753	3.9530264347146025	1.5201545719061507	4.286881076434379e-11	9.713572156080102e-07	2.710737800665339e-08	0.0001675149670916723	up_in_A
hypoxia_stress_malignant	GBM_vs_ndGBM	GBM	ndGBM	RBM42	31	15	6.811948506545834	5.799905958506647	1.0120425480391866	9.024279102003155e-11	9.163893941424692e-08	4.722498608689651e-08	7.726180803058952e-05	up_in_A
hypoxia_stress_malignant	GBM_vs_ndGBM	GBM	ndGBM	RNASEH2A	31	15	4.893483795159218	2.6202159780048038	2.2732678171544145	1.1173725937576691e-10	5.439914762453549e-08	5.299139525895746e-08	7.240614894231438e-05	up_in_A
hypoxia_stress_malignant	GBM_vs_ndGBM	GBM	ndGBM	KLC2	31	15	4.538309938850323	3.3596055477987035	1.1787043910516193	1.6727558026664182e-10	1.0940433756144474e-06	7.692649109474413e-08	0.00017321975123071786	up_in_A
hypoxia_stress_malignant	GBM_vs_ndGBM	GBM	ndGBM	EDARADD	31	15	3.751845623606845	0.4322956695612726	3.3195499540455726	3.527033425500556e-10	5.179074219616305e-06	1.4900973241902965e-07	0.0003778732228696974	up_in_A
hypoxia_stress_malignant	GBM_vs_ndGBM	GBM	ndGBM	AAMP	31	15	6.808015650613062	5.830837846010853	0.977177804602209	3.534759071616412e-10	4.7054931734955493e-07	1.4900973241902965e-07	0.00013017015662289728	up_in_A
hypoxia_stress_malignant	GBM_vs_ndGBM	GBM	ndGBM	UQCRHL	31	15	6.161987032166109	2.58449661131827	3.577490420847839	5.722847125606846e-10	5.316722564059852e-07	2.067855428052607e-07	0.00013017015662289728	up_in_A
hypoxia_stress_malignant	GBM_vs_ndGBM	GBM	ndGBM	HNRNPH1	31	15	8.57263042470196	7.335607739840678	1.237022684861281	7.855916094043733e-10	3.4908656747909286e-06	2.5917691878958194e-07	0.00029596300268506777	up_in_A
hypoxia_stress_malignant	GBM_vs_ndGBM	GBM	ndGBM	ZC3H11A	31	15	5.965296479176356	1.862831660636911	4.102464818539445	8.353244508058119e-10	5.434801539600782e-08	2.69720933307e-07	7.240614894231438e-05	up_in_A
hypoxia_stress_malignant	GBM_vs_ndGBM	GBM	ndGBM	ST6GALNAC2	31	15	2.492022992105166	0.029711004849461715	2.4623119872557044	8.90623465232793e-10	1.3442358871683807e-06	2.8158545225776805e-07	0.0001894475978260734	up_in_A
hypoxia_stress_malignant	GBM_vs_ndGBM	GBM	ndGBM	HSF1	31	15	6.087045401362383	5.122332194882307	0.9647132064800763	1.347982382389541e-09	1.4577438148767908e-05	4.011172673557583e-07	0.0006637866975388884	up_in_A
hypoxia_stress_malignant	GBM_vs_ndGBM	GBM	ndGBM	MEA1	31	15	7.203996603622499	6.333067508980594	0.8709290946419044	1.9205984135748135e-09	8.619717034884447e-07	5.299454822620249e-07	0.00015952783624561753	up_in_A
hypoxia_stress_malignant	GBM_vs_ndGBM	GBM	ndGBM	DCAKD	31	15	5.067027501822752	3.7814022393020505	1.2856252625207012	2.973013464657171e-09	1.5581868909947536e-06	7.161659101529718e-07	0.00020385382980807223	up_in_A
hypoxia_stress_malignant	GBM_vs_ndGBM	GBM	ndGBM	TRAPPC3	31	15	6.565011352697755	5.865804899434492	0.6992064532632627	5.904723987429557e-09	9.713572156080102e-07	1.2445846004615412e-06	0.0001675149670916723	up_in_A
hypoxia_stress_malignant	GBM_vs_ndGBM	GBM	ndGBM	WDR83OS	31	15	8.534862904891678	7.8914515882406056	0.6434113166510729	6.1789578027544064e-09	8.619717034884447e-07	1.2502915148613449e-06	0.00015952783624561753	up_in_A
hypoxia_stress_malignant	GBM_vs_ndGBM	GBM	ndGBM	ASNS	31	15	6.718379507092297	3.676673373011212	3.0417061340810845	7.045573040096795e-09	2.2362689787469018e-07	1.3708155955962686e-06	9.696462291846566e-05	up_in_A
hypoxia_stress_malignant	GBM_vs_ndGBM	GBM	ndGBM	NOP16	31	15	5.786686942480394	4.786323542531547	1.0003633999488466	7.325869928872784e-09	1.3856538849956607e-06	1.3897175255071673e-06	0.0001894475978260734	up_in_A
hypoxia_stress_malignant	GBM_vs_ndGBM	GBM	ndGBM	UROD	31	15	6.715829305397741	5.436700646552845	1.279128658844896	1.0093675918123661e-08	3.115859353433421e-06	1.8021367733346434e-06	0.0002883309850469854	up_in_A
hypoxia_stress_malignant	GBM_vs_ndGBM	GBM	ndGBM	NDUFB9	31	15	8.34486890192679	7.626189698215465	0.7186792037113241	1.0474493178444036e-08	4.893520577587332e-06	1.8125198440037096e-06	0.00036050518585177354	up_in_A
hypoxia_stress_malignant	GBM_vs_ndGBM	GBM	ndGBM	NDUFB6	31	15	7.707823875682508	6.827131188104853	0.8806926875776551	1.2369299442680094e-08	1.3101030000650282e-05	2.0283088883451305e-06	0.0006291811116767996	up_in_A
hypoxia_stress_malignant	GBM_vs_ndGBM	GBM	ndGBM	HSPA1B	31	15	10.216698556680251	8.273182428140744	1.9435161285395068	1.2485763920914503e-08	6.1131681866527615e-06	2.0283088883451305e-06	0.00041303964210865057	up_in_A
hypoxia_stress_malignant	GBM_vs_ndGBM	GBM	ndGBM	MAP1LC3B2	31	15	4.1376481568777015	1.6754292069139534	2.462218949963748	1.2664547542195723e-08	3.9062590602617225e-06	2.0283088883451305e-06	0.0003138732440488809	up_in_A
hypoxia_stress_malignant	GBM_vs_ndGBM	GBM	ndGBM	RAB1A	31	15	7.869235041069525	7.05609783740096	0.8131372036685649	1.4556593240975512e-08	8.619717034884447e-07	2.2774315363406636e-06	0.00015952783624561753	up_in_A
hypoxia_stress_malignant	GBM_vs_ndGBM	GBM	ndGBM	TIMM50	31	15	6.137439477174214	5.317476886926291	0.8199625902479228	1.6103505415242365e-08	6.8272350203629486e-06	2.4937428385889603e-06	0.00043170882778761715	up_in_A
hypoxia_stress_malignant	GBM_vs_ndGBM	GBM	ndGBM	DECR2	31	15	4.646738802352959	3.255427076163165	1.391311726189794	1.7226749907405034e-08	4.374766236343082e-06	2.640738955502816e-06	0.0003286705564492209	up_in_A
hypoxia_stress_malignant	GBM_vs_ndGBM	GBM	ndGBM	PREB	31	15	5.823040970504852	4.631946979167197	1.191093991337655	1.974450717978024e-08	3.4908656747909286e-06	2.9341373065414667e-06	0.00029596300268506777	up_in_A
hypoxia_stress_malignant	GBM_vs_ndGBM	GBM	ndGBM	HLA-G	31	15	3.029129404576171	0.44819004231170145	2.5809393622644694	1.991408424972134e-08	7.489902113022013e-06	2.9341373065414667e-06	0.0004589347451392694	up_in_A
hypoxia_stress_malignant	GBM_vs_ndGBM	GBM	ndGBM	OTUB1	31	15	6.389921492780456	5.611009214462241	0.7789122783182147	2.0411306453108574e-08	4.374766236343082e-06	2.9784806416574584e-06	0.0003286705564492209	up_in_A
hypoxia_stress_malignant	GBM_vs_ndGBM	GBM	ndGBM	PABPC3	31	15	3.335846127803108	0.1800532041025676	3.1557929237005404	2.2107937865710684e-08	3.3979969924242225e-06	3.1579266540925593e-06	0.00029596300268506777	up_in_A
hypoxia_stress_malignant	GBM_vs_ndGBM	GBM	ndGBM	AMZ2	31	15	6.558926896006458	5.5161429062586125	1.0427839897478455	2.4602649282781333e-08	2.4784378554058046e-06	3.4254110597751332e-06	0.00025243471740696977	up_in_A
hypoxia_stress_malignant	GBM_vs_ndGBM	GBM	ndGBM	ITGB6	31	15	1.8247709461839945	0.012401632734568135	1.8123693134494263	2.880003982679416e-08	6.7938280679468485e-06	3.867870835499364e-06	0.00043170882778761715	up_in_A
hypoxia_stress_malignant	GBM_vs_ndGBM	GBM	ndGBM	C4orf36	31	15	2.72848579987657	0.8315627341829076	1.8969230656936622	3.075415707351407e-08	4.211032731720333e-06	4.094079717084645e-06	0.0003286705564492209	up_in_A
hypoxia_stress_malignant	GBM_vs_ndGBM	GBM	ndGBM	ACTB	31	15	12.384957794179469	11.390165745435505	0.9947920487439639	4.028704878239497e-08	1.3856538849956607e-06	4.930614938077629e-06	0.0001894475978260734	up_in_A
hypoxia_stress_malignant	GBM_vs_ndGBM	GBM	ndGBM	C1orf43	31	15	8.186757668844892	6.969814339194228	1.2169433296506647	4.1645615093366815e-08	3.908938002453775e-06	5.056110837255479e-06	0.0003138732440488809	up_in_A
hypoxia_stress_malignant	GBM_vs_ndGBM	GBM	ndGBM	IMPDH2	31	15	7.119238918292007	6.149259611737533	0.9699793065544737	4.76616841687014e-08	1.9672465117099316e-06	5.4796493859410035e-06	0.000236943913188174	up_in_A
hypoxia_stress_malignant	GBM_vs_ndGBM	GBM	ndGBM	NDUFV1	31	15	7.147421672524311	6.133869421009643	1.0135522515146684	5.7267936706840385e-08	4.893520577587332e-06	6.343782536226348e-06	0.00036050518585177354	up_in_A
hypoxia_stress_malignant	GBM_vs_ndGBM	GBM	ndGBM	SNRPC	31	15	7.566024959557141	6.544722777504317	1.0213021820528239	5.7753894746723244e-08	7.620687649914067e-06	6.351254396204869e-06	0.0004589347451392694	up_in_A
hypoxia_stress_malignant	GBM_vs_ndGBM	GBM	ndGBM	BLCAP	31	15	6.335195642859668	4.932574773698638	1.40262086916103	6.404145465711276e-08	6.1131681866527615e-06	6.749257749141272e-06	0.00041303964210865057	up_in_A
hypoxia_stress_malignant	GBM_vs_ndGBM	GBM	ndGBM	CSNK2A3	31	15	2.433076583531031	0.4003962203418828	2.032680363189148	6.770872628953693e-08	7.043943341699288e-05	7.037997466917894e-06	0.0017996445143708486	up_in_A
hypoxia_stress_malignant	GBM_vs_ndGBM	GBM	ndGBM	EIF5AL1	31	15	3.871481222121475	1.7301106517500975	2.141370570371378	6.835763759387088e-08	2.338155953279044e-06	7.0571123001672415e-06	0.00024813884438435504	up_in_A
hypoxia_stress_malignant	GBM_vs_ndGBM	GBM	ndGBM	STRADA	31	15	1.3176641375495453	4.5957003306849655	-3.2780361931354203	2.1338111453365286e-19	5.024723107075386e-08	3.2382717941627158e-15	7.240614894231438e-05	up_in_B
hypoxia_stress_malignant	GBM_vs_ndGBM	GBM	ndGBM	PLEKHM3	31	15	0.6487581620779703	3.3399778581959327	-2.6912196961179626	3.1480758865957275e-16	5.241744121054156e-08	1.674241759856647e-12	7.240614894231438e-05	up_in_B
hypoxia_stress_malignant	GBM_vs_ndGBM	GBM	ndGBM	PRH1	31	15	1.857476280168912	5.122531997433483	-3.2650557172645707	4.3605133488118183e-16	5.263423548878292e-08	1.674241759856647e-12	7.240614894231438e-05	up_in_B
hypoxia_stress_malignant	GBM_vs_ndGBM	GBM	ndGBM	SEPHS2	31	15	3.0610723758174294	5.800440595152135	-2.7393682193347053	4.556845542883414e-14	9.163893941424692e-08	9.879241136971242e-11	7.726180803058952e-05	up_in_B
hypoxia_stress_malignant	GBM_vs_ndGBM	GBM	ndGBM	FTX	31	15	3.38585332529885	7.0590291963406715	-3.6731758710418214	6.188179277424816e-14	6.179327461233696e-08	1.1738976089274878e-10	7.240614894231438e-05	up_in_B
hypoxia_stress_malignant	GBM_vs_ndGBM	GBM	ndGBM	KANSL1	31	15	4.8342733797552455	6.612136458225974	-1.7778630784707286	2.045840425539706e-12	1.3474582073187764e-07	3.1047674297990573e-09	7.865009905488365e-05	up_in_B
hypoxia_stress_malignant	GBM_vs_ndGBM	GBM	ndGBM	KRR1	31	15	5.750726854921458	6.685097668830727	-0.9343708139092683	2.7480947469350347e-12	1.7377292111444461e-07	3.791371443589645e-09	8.790592836109371e-05	up_in_B
hypoxia_stress_malignant	GBM_vs_ndGBM	GBM	ndGBM	OSBPL8	31	15	5.935791152604844	7.193311371148618	-1.2575202185437737	8.733465449577277e-12	2.2362689787469018e-07	8.283691978924048e-09	9.696462291846566e-05	up_in_B
hypoxia_stress_malignant	GBM_vs_ndGBM	GBM	ndGBM	PKN2	31	15	5.332262827470773	6.429473862319284	-1.0972110348485113	1.0712253402960007e-11	1.3474582073187764e-07	9.56289162607771e-09	7.865009905488365e-05	up_in_B
hypoxia_stress_malignant	GBM_vs_ndGBM	GBM	ndGBM	MT-ATP6	31	15	8.430251816471063	12.06617129476784	-3.635919478296776	2.0630156638763923e-11	5.439914762453549e-08	1.5968440507399886e-08	7.240614894231438e-05	up_in_B
hypoxia_stress_malignant	GBM_vs_ndGBM	GBM	ndGBM	KDM5A	31	15	5.383319198424227	6.670276697775525	-1.2869574993512982	2.104433382630454e-11	1.5306092637524025e-07	1.5968440507399886e-08	8.009836616105675e-05	up_in_B
hypoxia_stress_malignant	GBM_vs_ndGBM	GBM	ndGBM	LINC00623	31	15	2.9425443406925176	5.414043583302219	-2.4714992426097018	3.412183692321883e-11	3.240824997549445e-07	2.465871414984614e-08	0.00010280633584959635	up_in_B
hypoxia_stress_malignant	GBM_vs_ndGBM	GBM	ndGBM	CENPC	31	15	3.848725702676872	5.204771730679125	-1.356046028002253	3.871477189277548e-11	1.3474582073187764e-07	2.5545016445424382e-08	7.865009905488365e-05	up_in_B
hypoxia_stress_malignant	GBM_vs_ndGBM	GBM	ndGBM	TTC4	31	15	2.0181993444531643	4.380259789558426	-2.362060445105262	5.021516844990261e-11	6.670559471102171e-07	3.048261585582888e-08	0.00014096128324804686	up_in_B
hypoxia_stress_malignant	GBM_vs_ndGBM	GBM	ndGBM	UBE2V1	31	15	3.2210565833804887	6.754197022595079	-3.5331404392145904	6.101824751001623e-11	2.513401477964479e-07	3.561588170046178e-08	0.00010123298535017643	up_in_B
hypoxia_stress_malignant	GBM_vs_ndGBM	GBM	ndGBM	MSH3	31	15	3.754253977404784	4.990837546246127	-1.2365835688413434	8.369268006084786e-11	1.5581868909947536e-06	4.617383956287318e-08	0.00020385382980807223	up_in_B
hypoxia_stress_malignant	GBM_vs_ndGBM	GBM	ndGBM	DDX39B	31	15	3.989132282555187	6.535540245599878	-2.5464079630446914	8.51915859093601e-11	1.1845319692626351e-07	4.617383956287318e-08	7.865009905488365e-05	up_in_B
hypoxia_stress_malignant	GBM_vs_ndGBM	GBM	ndGBM	CDK12	31	15	4.646144115693241	5.9915679063971385	-1.3454237907038973	9.56390146724315e-11	7.068043922465361e-08	4.838058955562735e-08	7.661759611952451e-05	up_in_B
hypoxia_stress_malignant	GBM_vs_ndGBM	GBM	ndGBM	SPTLC1	31	15	4.153857217520687	5.704359340503057	-1.55050212298237	1.1042394603897278e-10	3.251650053229194e-07	5.299139525895746e-08	0.00010280633584959635	up_in_B
hypoxia_stress_malignant	GBM_vs_ndGBM	GBM	ndGBM	RELL1	31	15	1.2752283925438053	4.3970446552987665	-3.1218162627549613	3.2566917951898805e-10	4.4439974613487683e-07	1.4536339612882832e-07	0.000129696356679671	up_in_B
hypoxia_stress_malignant	GBM_vs_ndGBM	GBM	ndGBM	ASH1L	31	15	5.748026332405252	6.963221602894938	-1.2151952704896862	3.909380584311477e-10	8.050176694341676e-08	1.6034799931759722e-07	7.726180803058952e-05	up_in_B
hypoxia_stress_malignant	GBM_vs_ndGBM	GBM	ndGBM	SHPRH	31	15	3.236180814339751	5.578014263156523	-2.341833448816772	4.35078945406136e-10	1.0332516032737853e-07	1.7178192122208852e-07	7.865009905488365e-05	up_in_B
hypoxia_stress_malignant	GBM_vs_ndGBM	GBM	ndGBM	C18orf32	31	15	4.839731585829352	7.719650476935806	-2.8799188911064544	4.4145327673045943e-10	1.5306092637524025e-07	1.7178192122208852e-07	8.009836616105675e-05	up_in_B
hypoxia_stress_malignant	GBM_vs_ndGBM	GBM	ndGBM	ZNF827	31	15	4.1055728521946095	5.459094983994447	-1.3535221317998376	5.195101430074662e-10	1.2315719350801464e-06	1.9477126217943362e-07	0.00018505282858194357	up_in_B
hypoxia_stress_malignant	GBM_vs_ndGBM	GBM	ndGBM	SOX5	31	15	3.406917456675384	5.097534193726525	-1.690616737051141	5.262006951342105e-10	5.316722564059852e-07	1.9477126217943362e-07	0.00013017015662289728	up_in_B
hypoxia_stress_malignant	GBM_vs_ndGBM	GBM	ndGBM	ABHD5	31	15	3.6889609777273735	5.713757350450214	-2.0247963727228404	5.885302437880262e-10	1.3474582073187764e-07	2.0771011580760665e-07	7.865009905488365e-05	up_in_B
hypoxia_stress_malignant	GBM_vs_ndGBM	GBM	ndGBM	PAK2	31	15	6.465540668961926	7.523376321438894	-1.0578356524769683	6.281007852468827e-10	1.0940433756144474e-06	2.1663767083878844e-07	0.00017321975123071786	up_in_B
hypoxia_stress_malignant	GBM_vs_ndGBM	GBM	ndGBM	LCOR	31	15	3.0398638959928572	5.028666839021456	-1.988802943028599	6.626533519206037e-10	3.240824997549445e-07	2.2347616152771295e-07	0.00010280633584959635	up_in_B
hypoxia_stress_malignant	GBM_vs_ndGBM	GBM	ndGBM	MANEA	31	15	3.517037345192475	5.078564239996031	-1.5615268948035563	1.1939268415213322e-09	6.004158515816295e-07	3.697761989168926e-07	0.00013017015662289728	up_in_B
hypoxia_stress_malignant	GBM_vs_ndGBM	GBM	ndGBM	MT-ND3	31	15	8.163632338618644	11.523647208730006	-3.360014870111362	1.25468778074444e-09	3.251650053229194e-07	3.808228352115524e-07	0.00010280633584959635	up_in_B
hypoxia_stress_malignant	GBM_vs_ndGBM	GBM	ndGBM	ERC1	31	15	4.077546776825288	5.517205752108051	-1.4396589752827627	1.5507098497766561e-09	8.619717034884447e-07	4.5256870538866413e-07	0.00015952783624561753	up_in_B
hypoxia_stress_malignant	GBM_vs_ndGBM	GBM	ndGBM	SMCHD1	31	15	4.963052069246194	6.251359215720742	-1.2883071464745477	1.580805523171744e-09	2.2362689787469018e-07	4.5264725697461106e-07	9.696462291846566e-05	up_in_B
hypoxia_stress_malignant	GBM_vs_ndGBM	GBM	ndGBM	MRPL38	31	15	1.6400659495584418	5.041778652293897	-3.4017127027354555	1.729837319385307e-09	8.852141885818072e-07	4.861483547961373e-07	0.0001618555485050302	up_in_B
hypoxia_stress_malignant	GBM_vs_ndGBM	GBM	ndGBM	MT-ND6	31	15	3.9901391036760274	7.025849519456628	-3.0357104157806005	2.220323555253814e-09	1.1813593413884026e-07	6.017076834737836e-07	7.865009905488365e-05	up_in_B
hypoxia_stress_malignant	GBM_vs_ndGBM	GBM	ndGBM	PAGR1	31	15	1.337637957400285	4.744849676109945	-3.40721171870966	2.2600659989578707e-09	6.780557246380747e-07	6.017326596523622e-07	0.00014096128324804686	up_in_B
hypoxia_stress_malignant	GBM_vs_ndGBM	GBM	ndGBM	ARGLU1	31	15	7.075094065773873	8.144991415818955	-1.0698973500450828	2.51546012006343e-09	3.251650053229194e-07	6.486345795457431e-07	0.00010280633584959635	up_in_B
hypoxia_stress_malignant	GBM_vs_ndGBM	GBM	ndGBM	BDP1	31	15	5.167281587177145	6.540608590367634	-1.3733270031904885	2.5217079726672933e-09	5.316722564059852e-07	6.486345795457431e-07	0.00013017015662289728	up_in_B
hypoxia_stress_malignant	GBM_vs_ndGBM	GBM	ndGBM	L3MBTL1	31	15	2.078907774855044	4.1333235448297545	-2.0544157699747103	2.8142199748453447e-09	2.153649174548334e-06	7.102125270204328e-07	0.0002394212288138945	up_in_B
hypoxia_stress_malignant	GBM_vs_ndGBM	GBM	ndGBM	RBM27	31	15	3.4756150561435444	5.767151536887213	-2.2915364807436687	2.854702434649868e-09	5.999375462396775e-07	7.102125270204328e-07	0.00013017015662289728	up_in_B
hypoxia_stress_malignant	GBM_vs_ndGBM	GBM	ndGBM	SGK3	31	15	3.0070385808083406	4.9672425098122375	-1.9602039290038968	2.913093004334837e-09	9.713572156080102e-07	7.130499908675079e-07	0.0001675149670916723	up_in_B
hypoxia_stress_malignant	GBM_vs_ndGBM	GBM	ndGBM	KANTR	31	15	0.8477329762142278	4.04444729283823	-3.196714316624002	3.201071876942736e-09	3.7157035880221645e-07	7.492744418740617e-07	0.00011277903530364874	up_in_B
hypoxia_stress_malignant	GBM_vs_ndGBM	GBM	ndGBM	CEP290	31	15	4.67572645601994	6.08610772686988	-1.41038127084994	3.209201286360965e-09	2.779667406666461e-06	7.492744418740617e-07	0.00026698881369348234	up_in_B
hypoxia_stress_malignant	GBM_vs_ndGBM	GBM	ndGBM	MALAT1	31	15	14.237075816183646	16.222730835234383	-1.9856550190507374	3.850344058471765e-09	8.619717034884447e-07	8.85345779263144e-07	0.00015952783624561753	up_in_B
hypoxia_stress_malignant	GBM_vs_ndGBM	GBM	ndGBM	ARID1B	31	15	4.872948824027358	6.3771327177910955	-1.504183893763737	4.1799173086179714e-09	5.470897248451298e-06	9.467824638147214e-07	0.0003791156924314927	up_in_B
hypoxia_stress_malignant	GBM_vs_ndGBM	GBM	ndGBM	ZFYVE16	31	15	4.680158176796625	5.898177507040571	-1.218019330243946	4.371595657124728e-09	6.1131681866527615e-06	9.654272424414393e-07	0.00041303964210865057	up_in_B
hypoxia_stress_malignant	GBM_vs_ndGBM	GBM	ndGBM	JPX	31	15	5.594271580055242	7.007533995049623	-1.4132624149943807	4.389462291016033e-09	7.644984220977568e-07	9.654272424414393e-07	0.00015265826386520468	up_in_B
hypoxia_stress_malignant	GBM_vs_ndGBM	GBM	ndGBM	STAG2	31	15	5.731172050065315	6.934643991904996	-1.2034719418396804	5.229619200517259e-09	9.713572156080102e-07	1.1337814426721417e-06	0.0001675149670916723	up_in_B
hypoxia_stress_malignant	GBM_vs_ndGBM	GBM	ndGBM	RNASE4	31	15	1.2883350969524825	4.453537797298239	-3.1652027003457563	5.320818251496134e-09	1.1020987558057552e-06	1.137306165981765e-06	0.00017321975123071786	up_in_B
hypoxia_stress_malignant	GBM_vs_ndGBM	GBM	ndGBM	AMACR	31	15	0.880165592785998	2.783646594433288	-1.90348100164729	6.073829747170037e-09	2.0142458387660026e-06	1.2502915148613449e-06	0.0002394212288138945	up_in_B
hypoxia_stress_malignant	GBM_vs_ndGBM	GBM	ndGBM	WRN	31	15	3.604376269505827	5.035468823731717	-1.4310925542258905	6.123497031735093e-09	6.004158515816295e-07	1.2502915148613449e-06	0.00013017015662289728	up_in_B
hypoxia_stress_malignant	GBM_vs_rGBM	GBM	rGBM	NACA2	31	12	5.490458513016183	0.1980115485061673	5.292446964510015	4.4855889255744325e-14	1.2350739616774048e-06	5.945333984746028e-11	0.0002793708830108936	up_in_A
hypoxia_stress_malignant	GBM_vs_rGBM	GBM	rGBM	DIABLO	31	12	3.3248711124924473	0.28697000554886537	3.0379011069435817	1.1447227112356878e-13	1.2350739616774048e-06	1.1581541243808532e-10	0.0002793708830108936	up_in_A
hypoxia_stress_malignant	GBM_vs_rGBM	GBM	rGBM	ZNF320	31	12	3.7494644691703454	0.8354743023222954	2.91399016684805	2.1943249582008656e-13	5.0951662228297e-07	1.7526881876661229e-10	0.00025580770514079887	up_in_A
hypoxia_stress_malignant	GBM_vs_rGBM	GBM	rGBM	ALDOA	31	12	10.758212256338249	6.309026321865452	4.449185934472797	6.194844185981022e-13	5.0951662228297e-07	3.76051821465792e-10	0.00025580770514079887	up_in_A
hypoxia_stress_malignant	GBM_vs_rGBM	GBM	rGBM	BEST1	31	12	5.95328188170407	2.536595909383806	3.416685972320264	9.704939343510877e-13	7.753791800525006e-07	5.078695154383485e-10	0.00025580770514079887	up_in_A
hypoxia_stress_malignant	GBM_vs_rGBM	GBM	rGBM	MAP1LC3B2	31	12	4.1376481568777015	1.1642211010207573	2.973427055856944	1.2422467885235349e-12	3.901789501519226e-06	6.08139911697844e-10	0.0003677860712736383	up_in_A
hypoxia_stress_malignant	GBM_vs_rGBM	GBM	rGBM	MIF-AS1	31	12	4.121743340734272	0.7994799619772687	3.3222633787570035	1.4766762064345695e-12	9.481026437205987e-06	7.003136909015945e-10	0.0005311488470856402	up_in_A
hypoxia_stress_malignant	GBM_vs_rGBM	GBM	rGBM	FKBP1C	31	12	4.3779512909361324	0.07809781998369542	4.299853470952437	1.8706225754857003e-12	4.320240730444972e-07	8.111019487305997e-10	0.00025580770514079887	up_in_A
hypoxia_stress_malignant	GBM_vs_rGBM	GBM	rGBM	ECE2	31	12	3.39279119591252	0.28618749794358944	3.1066036979689304	3.649358544325187e-12	1.0354455213622134e-05	1.5057953086764119e-09	0.0005570554792157621	up_in_A
hypoxia_stress_malignant	GBM_vs_rGBM	GBM	rGBM	CUTA	31	12	8.367590322270887	7.54591211595731	0.8216782063135772	7.677939000935138e-12	2.6300979784925764e-06	2.7742952923378967e-09	0.0003167806898539948	up_in_A
hypoxia_stress_malignant	GBM_vs_rGBM	GBM	rGBM	AKR1B1	31	12	6.999774461364923	5.848031137801335	1.1517433235635872	6.320051757685096e-11	4.443732596492192e-06	1.5723459913873613e-08	0.00039669462284920885	up_in_A
hypoxia_stress_malignant	GBM_vs_rGBM	GBM	rGBM	HLA-B	31	12	10.372544289298146	8.506218206076388	1.8663260832217574	1.984340285320976e-10	3.901789501519226e-06	4.003637109924489e-08	0.0003677860712736383	up_in_A
hypoxia_stress_malignant	GBM_vs_rGBM	GBM	rGBM	DNAJB11	31	12	7.4906057629983085	5.901936768975747	1.5886689940225613	5.424439410526599e-10	2.302825534731064e-06	8.575134634807465e-08	0.0003167806898539948	up_in_A
hypoxia_stress_malignant	GBM_vs_rGBM	GBM	rGBM	HLA-A	31	12	10.61261270828667	9.127362477971646	1.4852502303150246	9.052073887916177e-10	4.443732596492192e-06	1.3083264126001515e-07	0.00039669462284920885	up_in_A
hypoxia_stress_malignant	GBM_vs_rGBM	GBM	rGBM	PTPRS	31	12	6.542432854065203	3.6113127339599482	2.931120120105255	1.0593942596190632e-09	5.0951662228297e-07	1.4354792217838307e-07	0.00025580770514079887	up_in_A
hypoxia_stress_malignant	GBM_vs_rGBM	GBM	rGBM	ST6GALNAC2	31	12	2.492022992105166	0.07489666165423427	2.4171263304509316	1.225300599999374e-09	1.6164135832732797e-05	1.6311545531219734e-07	0.0006890643971841374	up_in_A
hypoxia_stress_malignant	GBM_vs_rGBM	GBM	rGBM	RNASEH2A	31	12	4.893483795159218	2.6564732480504345	2.2370105471087838	2.7202217874229096e-09	5.0951662228297e-07	3.01329093765913e-07	0.00025580770514079887	up_in_A
hypoxia_stress_malignant	GBM_vs_rGBM	GBM	rGBM	UQCRHL	31	12	6.161987032166109	2.88398832899064	3.2779987031754687	5.57000844525383e-09	5.057379862262072e-06	5.350028364884312e-07	0.00041263869241768385	up_in_A
hypoxia_stress_malignant	GBM_vs_rGBM	GBM	rGBM	ZC3H11A	31	12	5.965296479176356	2.185200444895808	3.780096034280548	6.353952762247184e-09	5.090136165478423e-07	5.915802890789158e-07	0.00025580770514079887	up_in_A
hypoxia_stress_malignant	GBM_vs_rGBM	GBM	rGBM	PREB	31	12	5.823040970504852	4.458929398111134	1.3641115723937185	6.4046750144427215e-09	5.751709240635522e-06	5.926667562145288e-07	0.00043426835540241135	up_in_A
hypoxia_stress_malignant	GBM_vs_rGBM	GBM	rGBM	MKKS	31	12	6.582343014174503	5.2783026218652065	1.3040403923092967	6.885767125785332e-09	1.761644316301543e-06	6.22014297029275e-07	0.0003003900465639575	up_in_A
hypoxia_stress_malignant	GBM_vs_rGBM	GBM	rGBM	GABPB1	31	12	5.473181006620753	4.261210701585564	1.211970305035189	7.630646290677308e-09	1.387808877171896e-05	6.693797000423053e-07	0.0006305804646694818	up_in_A
hypoxia_stress_malignant	GBM_vs_rGBM	GBM	rGBM	EDARADD	31	12	3.751845623606845	0.696799086937848	3.055046536668997	1.1652631560574355e-08	8.449016204982207e-05	9.162711739029866e-07	0.001891183922224336	up_in_A
hypoxia_stress_malignant	GBM_vs_rGBM	GBM	rGBM	PABPC3	31	12	3.335846127803108	0.12240286629917675	3.2134432615039312	1.5380730668842488e-08	1.3464460958697121e-05	1.111514136335017e-06	0.0006305804646694818	up_in_A
hypoxia_stress_malignant	GBM_vs_rGBM	GBM	rGBM	MVD	31	12	4.872315075090237	3.684657209056226	1.1876578660340105	1.621888623476456e-08	1.5694766229935267e-05	1.1555766079755255e-06	0.0006709402036774581	up_in_A
hypoxia_stress_malignant	GBM_vs_rGBM	GBM	rGBM	PRAF2	31	12	6.747096541843164	5.61607551459316	1.1310210272500045	1.810241376988832e-08	7.423712754084043e-06	1.2777778203340705e-06	0.0004694261031499143	up_in_A
hypoxia_stress_malignant	GBM_vs_rGBM	GBM	rGBM	CSNK2B	31	12	7.723371883523023	7.11992622235926	0.6034456611637626	1.8639184260573988e-08	1.387808877171896e-05	1.297560827240692e-06	0.0006305804646694818	up_in_A
hypoxia_stress_malignant	GBM_vs_rGBM	GBM	rGBM	ITGB6	31	12	1.8247709461839945	0.0	1.8247709461839945	2.5330525208346657e-08	2.6145298324781712e-05	1.6569657351804693e-06	0.0009079657834711378	up_in_A
hypoxia_stress_malignant	GBM_vs_rGBM	GBM	rGBM	MRPL48	31	12	5.113444981821397	4.138523089304392	0.9749218925170053	2.8737591293108744e-08	1.082837153193528e-05	1.8479732434924505e-06	0.0005570554792157621	up_in_A
hypoxia_stress_malignant	GBM_vs_rGBM	GBM	rGBM	COX7A2	31	12	9.676444217149752	8.946291309544469	0.7301529076052837	3.5507292820326953e-08	2.2604750426273865e-05	2.2084371960708273e-06	0.000832644884633816	up_in_A
hypoxia_stress_malignant	GBM_vs_rGBM	GBM	rGBM	TVP23B	31	12	5.7949504628154775	4.458558180144166	1.3363922826713113	3.6249436631948064e-08	1.773678232518625e-05	2.2453936748018114e-06	0.0007216445269893471	up_in_A
hypoxia_stress_malignant	GBM_vs_rGBM	GBM	rGBM	CITED2	31	12	7.1029226461654895	5.4064705493714635	1.696452096794026	4.182189999037881e-08	1.761644316301543e-06	2.5387566170159554e-06	0.0003003900465639575	up_in_A
hypoxia_stress_malignant	GBM_vs_rGBM	GBM	rGBM	ATF4	31	12	8.527235668828304	7.358832586437877	1.1684030823904266	4.7003068551047775e-08	2.003040575368698e-05	2.8083408201996106e-06	0.000771526491669933	up_in_A
hypoxia_stress_malignant	GBM_vs_rGBM	GBM	rGBM	PFDN4	31	12	7.052994473568105	6.193165796894416	0.8598286766736889	7.213765585188788e-08	0.00030067801813949183	3.912924498934096e-06	0.004478007461516122	up_in_A
hypoxia_stress_malignant	GBM_vs_rGBM	GBM	rGBM	MRPL33	31	12	8.026244978835706	7.168265703601565	0.8579792752341406	7.696976004825519e-08	2.2604750426273865e-05	4.127537379831522e-06	0.000832644884633816	up_in_A
hypoxia_stress_malignant	GBM_vs_rGBM	GBM	rGBM	IFITM10	31	12	3.5595551053871843	1.3896423123898678	2.1699127929973168	1.0229158709079542e-07	0.00013457435718396246	5.157399088670802e-06	0.0026488981123525476	up_in_A
hypoxia_stress_malignant	GBM_vs_rGBM	GBM	rGBM	HLA-C	31	12	9.708212821143734	8.207557923216871	1.5006548979268626	1.0301453883044862e-07	5.167050852505394e-05	5.176651130102279e-06	0.0013358630960412583	up_in_A
hypoxia_stress_malignant	GBM_vs_rGBM	GBM	rGBM	MROH8	31	12	4.436732507576876	1.4287956374148936	3.0079368701619824	1.0443873263221837e-07	9.547401244606307e-06	5.196597398119823e-06	0.0005311488470856402	up_in_A
hypoxia_stress_malignant	GBM_vs_rGBM	GBM	rGBM	TMEM256	31	12	6.665001430195905	5.618943276402896	1.046058153793009	1.0577450367179183e-07	5.057379862262072e-06	5.228774813430335e-06	0.00041263869241768385	up_in_A
hypoxia_stress_malignant	GBM_vs_rGBM	GBM	rGBM	NDUFV1	31	12	7.147421672524311	6.207812980716764	0.939608691807547	1.1097986371296325e-07	1.387808877171896e-05	5.433001328090097e-06	0.0006305804646694818	up_in_A
hypoxia_stress_malignant	GBM_vs_rGBM	GBM	rGBM	MFAP4	31	12	3.676536631077375	1.189707811795963	2.4868288192814116	1.1251729958532339e-07	2.8648221370921154e-05	5.490554786195716e-06	0.0009539958646325075	up_in_A
hypoxia_stress_malignant	GBM_vs_rGBM	GBM	rGBM	BLVRA	31	12	6.5377583739636105	5.592597908170553	0.9451604657930579	1.3961105459310846e-07	2.549205694746202e-05	6.560287646359286e-06	0.000889350474102721	up_in_A
hypoxia_stress_malignant	GBM_vs_rGBM	GBM	rGBM	TMEM14A	31	12	6.260255274355888	5.125783093909265	1.1344721804466236	1.436163743454996e-07	5.751709240635522e-06	6.6317238952709535e-06	0.00043426835540241135	up_in_A
hypoxia_stress_malignant	GBM_vs_rGBM	GBM	rGBM	HLA-DRB5	31	12	3.3380419585646113	0.37853893117639115	2.9595030273882204	1.5350186769321927e-07	0.00045861308418561797	7.016699831663541e-06	0.005908244622751221	up_in_A
hypoxia_stress_malignant	GBM_vs_rGBM	GBM	rGBM	EIF5AL1	31	12	3.871481222121475	1.4177418182398034	2.4537394038816718	1.6062170688704764e-07	5.733068659023228e-06	7.233219654949065e-06	0.00043426835540241135	up_in_A
hypoxia_stress_malignant	GBM_vs_rGBM	GBM	rGBM	ATG9A	31	12	4.445428191513594	2.0222468675551792	2.423181323958415	1.9791116288268209e-07	6.53675306435771e-06	8.655619042961336e-06	0.0004542510501993522	up_in_A
hypoxia_stress_malignant	GBM_vs_rGBM	GBM	rGBM	CHMP4B	31	12	7.190929506433916	6.431411729569651	0.7595177768642651	2.0504180088616341e-07	3.235201522226016e-05	8.840097642751181e-06	0.0010123179031196292	up_in_A
hypoxia_stress_malignant	GBM_vs_rGBM	GBM	rGBM	PTOV1	31	12	7.328970243994333	6.249955679489157	1.0790145645051759	2.31750043855158e-07	3.4235227474298196e-06	9.68881175081509e-06	0.00035104987307429014	up_in_A
hypoxia_stress_malignant	GBM_vs_rGBM	GBM	rGBM	MEA1	31	12	7.203996603622499	6.461045745634512	0.7429508579879869	2.496995764703065e-07	6.502644461087333e-05	1.0297393403568944e-05	0.0015492014496304766	up_in_A
hypoxia_stress_malignant	GBM_vs_rGBM	GBM	rGBM	HNRNPA1L2	31	12	5.020539547536339	2.5563198881288405	2.4642196594074988	2.5872528204957856e-07	1.761644316301543e-06	1.0611932109147038e-05	0.0003003900465639575	up_in_A
hypoxia_stress_malignant	GBM_vs_rGBM	GBM	rGBM	RIF1	31	12	5.2890667198303065	6.767378851675727	-1.4783121318454207	1.1574205293647895e-17	5.0951662228297e-07	1.1870026471379037e-13	0.00025580770514079887	up_in_B
hypoxia_stress_malignant	GBM_vs_rGBM	GBM	rGBM	PRH1	31	12	1.857476280168912	5.174593127161983	-3.3171168469930707	1.564315560276626e-17	4.921606401922563e-07	1.1870026471379037e-13	0.00025580770514079887	up_in_B
hypoxia_stress_malignant	GBM_vs_rGBM	GBM	rGBM	PLEKHM3	31	12	0.6487581620779703	3.5336743825496058	-2.884916220471635	8.692776077816075e-17	3.701395593121921e-07	4.397385658564558e-13	0.00025580770514079887	up_in_B
hypoxia_stress_malignant	GBM_vs_rGBM	GBM	rGBM	SEPHS2	31	12	3.0610723758174294	6.422027002636784	-3.3609546268193546	1.2501403542997467e-16	5.0951662228297e-07	4.743032504213239e-13	0.00025580770514079887	up_in_B
hypoxia_stress_malignant	GBM_vs_rGBM	GBM	rGBM	CEP350	31	12	4.997982330260846	6.5027441254376726	-1.5047617951768268	3.160344062670471e-15	6.745851633338688e-07	8.357815343229239e-12	0.00025580770514079887	up_in_B
hypoxia_stress_malignant	GBM_vs_rGBM	GBM	rGBM	SPTLC1	31	12	4.153857217520687	6.052288100726524	-1.8984308832058367	3.304355038177084e-15	5.864777725219119e-07	8.357815343229239e-12	0.00025580770514079887	up_in_B
hypoxia_stress_malignant	GBM_vs_rGBM	GBM	rGBM	PKN2	31	12	5.332262827470773	6.822126056920461	-1.4898632294496883	4.19687939694607e-15	5.0951662228297e-07	9.098834532579081e-12	0.00025580770514079887	up_in_B
hypoxia_stress_malignant	GBM_vs_rGBM	GBM	rGBM	MBD4	31	12	5.004923156204846	6.200881522648462	-1.195958366443616	8.171000545154668e-15	5.864777725219119e-07	1.512136161025647e-11	0.00025580770514079887	up_in_B
hypoxia_stress_malignant	GBM_vs_rGBM	GBM	rGBM	PCM1	31	12	6.1167872826010825	7.639519236100934	-1.5227319534998518	8.96759715948262e-15	7.753791800525006e-07	1.512136161025647e-11	0.00025580770514079887	up_in_B
hypoxia_stress_malignant	GBM_vs_rGBM	GBM	rGBM	ZNF644	31	12	5.659209777170032	7.007106869698178	-1.3478970925281457	1.429121713315509e-14	5.0951662228297e-07	2.1688351121276164e-11	0.00025580770514079887	up_in_B
hypoxia_stress_malignant	GBM_vs_rGBM	GBM	rGBM	SCAF11	31	12	6.411213779708515	7.498295460278892	-1.0870816805703774	4.701107526156585e-14	5.0951662228297e-07	5.945333984746028e-11	0.00025580770514079887	up_in_B
hypoxia_stress_malignant	GBM_vs_rGBM	GBM	rGBM	ERCC6	31	12	1.1799075230662994	3.373068995021169	-2.1931614719548698	7.345629467987515e-14	2.444020388422031e-06	8.575174831244502e-11	0.0003167806898539948	up_in_B
hypoxia_stress_malignant	GBM_vs_rGBM	GBM	rGBM	POU5F2	31	12	0.8812436250164892	3.034871529395064	-2.153627904378575	9.972828298952965e-14	3.833656654405858e-07	1.0810545876065014e-10	0.00025580770514079887	up_in_B
hypoxia_stress_malignant	GBM_vs_rGBM	GBM	rGBM	ZNF805	31	12	1.182756089572038	4.0789933235866025	-2.8962372340145643	1.3068070350196563e-13	4.981337133654874e-07	1.239506472716144e-10	0.00025580770514079887	up_in_B
hypoxia_stress_malignant	GBM_vs_rGBM	GBM	rGBM	KDM5A	31	12	5.383319198424227	6.903422415503493	-1.5201032170792663	1.4942794283843255e-13	5.0951662228297e-07	1.3339520355976778e-10	0.00025580770514079887	up_in_B
hypoxia_stress_malignant	GBM_vs_rGBM	GBM	rGBM	SRFBP1	31	12	4.417364505341548	6.117220814851348	-1.6998563095097996	1.7507736510658517e-13	1.5391682578719583e-06	1.4760967182541868e-10	0.0003003900465639575	up_in_B
hypoxia_stress_malignant	GBM_vs_rGBM	GBM	rGBM	BDP1	31	12	5.167281587177145	6.535648338935836	-1.3683667517586908	2.3142838225583893e-13	5.864777725219119e-07	1.756078564557306e-10	0.00025580770514079887	up_in_B
hypoxia_stress_malignant	GBM_vs_rGBM	GBM	rGBM	PHF6	31	12	4.563776987479579	5.938007500973215	-1.374230513493636	3.8604078442298454e-13	6.745851633338688e-07	2.7897880687634347e-10	0.00025580770514079887	up_in_B
hypoxia_stress_malignant	GBM_vs_rGBM	GBM	rGBM	SPIN3	31	12	1.5862420646856445	4.120486973335633	-2.5342449086499883	4.603747724287682e-13	4.520897536399685e-07	3.1757488847177207e-10	0.00025580770514079887	up_in_B
hypoxia_stress_malignant	GBM_vs_rGBM	GBM	rGBM	TMF1	31	12	5.541541438149509	6.925219158678925	-1.3836777205294162	4.874243825672996e-13	2.6300979784925764e-06	3.2161532303658e-10	0.0003167806898539948	up_in_B
hypoxia_stress_malignant	GBM_vs_rGBM	GBM	rGBM	SETX	31	12	4.647849503479217	6.395241344495113	-1.7473918410158955	5.180725316013902e-13	8.906020760138751e-07	3.275945308159457e-10	0.00027031554211173135	up_in_B
hypoxia_stress_malignant	GBM_vs_rGBM	GBM	rGBM	ASH1L	31	12	5.748026332405252	7.4023103022448495	-1.6542839698395975	7.245422674278749e-13	5.0951662228297e-07	4.2290974809559346e-10	0.00025580770514079887	up_in_B
hypoxia_stress_malignant	GBM_vs_rGBM	GBM	rGBM	FTX	31	12	3.38585332529885	6.660756936944305	-3.2749036116454553	8.118208934744536e-13	7.72415800098158e-07	4.5630347701364106e-10	0.00025580770514079887	up_in_B
hypoxia_stress_malignant	GBM_vs_rGBM	GBM	rGBM	ATRX	31	12	6.512140459047255	7.707937732923173	-1.1957972738759182	9.50373345650651e-13	1.761644316301543e-06	5.078695154383485e-10	0.0003003900465639575	up_in_B
hypoxia_stress_malignant	GBM_vs_rGBM	GBM	rGBM	ESCO1	31	12	4.260498513433583	6.0801805016905766	-1.8196819882569937	1.0683185124718116e-12	1.1724649761191125e-06	5.404267248424071e-10	0.0002737435150397485	up_in_B
hypoxia_stress_malignant	GBM_vs_rGBM	GBM	rGBM	TRIM73	31	12	1.5232724345291264	4.991655536380854	-3.4683831018517277	1.6365366731779478e-12	5.433695992800436e-07	7.526085015802587e-10	0.00025580770514079887	up_in_B
hypoxia_stress_malignant	GBM_vs_rGBM	GBM	rGBM	ABHD5	31	12	3.6889609777273735	6.271917028670846	-2.582956050943473	1.7477141112632054e-12	6.745851633338688e-07	7.800973338979531e-10	0.00025580770514079887	up_in_B
hypoxia_stress_malignant	GBM_vs_rGBM	GBM	rGBM	CDK13	31	12	5.0444499842645065	6.9390623437319805	-1.894612359467474	3.671219453151505e-12	5.864777725219119e-07	1.5057953086764119e-09	0.00025580770514079887	up_in_B
hypoxia_stress_malignant	GBM_vs_rGBM	GBM	rGBM	ZNF112	31	12	2.37616289789168	4.217424210132633	-1.8412613122409534	4.519592068073911e-12	5.0951662228297e-07	1.8049823480286756e-09	0.00025580770514079887	up_in_B
hypoxia_stress_malignant	GBM_vs_rGBM	GBM	rGBM	APPL1	31	12	5.945158035313708	7.009614208541854	-1.0644561732281463	4.772246129035969e-12	1.5391682578719583e-06	1.8570155706217912e-09	0.0003003900465639575	up_in_B
hypoxia_stress_malignant	GBM_vs_rGBM	GBM	rGBM	IFNAR1	31	12	5.662968876058928	6.937007860476484	-1.2740389844175564	4.896093682356856e-12	5.864777725219119e-07	1.857577943086191e-09	0.00025580770514079887	up_in_B
hypoxia_stress_malignant	GBM_vs_rGBM	GBM	rGBM	GCC2	31	12	5.281952448385248	6.598847149213046	-1.316894700827798	6.258469371965584e-12	1.0222228505108034e-06	2.3165495411938953e-09	0.00027216235051494655	up_in_B
hypoxia_stress_malignant	GBM_vs_rGBM	GBM	rGBM	ARID4B	31	12	6.184750248084798	7.252826575433937	-1.0680763273491385	9.663795384970765e-12	1.761644316301543e-06	3.37124547716414e-09	0.0003003900465639575	up_in_B
hypoxia_stress_malignant	GBM_vs_rGBM	GBM	rGBM	COPS2	31	12	5.609962244062338	6.654043075842772	-1.044080831780434	9.77430159430826e-12	2.6300979784925764e-06	3.37124547716414e-09	0.0003167806898539948	up_in_B
hypoxia_stress_malignant	GBM_vs_rGBM	GBM	rGBM	MIER1	31	12	5.006655964010557	6.260552650187125	-1.2538966861765681	1.1509626394270802e-11	1.1724649761191125e-06	3.87810758684518e-09	0.0002737435150397485	up_in_B
hypoxia_stress_malignant	GBM_vs_rGBM	GBM	rGBM	DNAJB14	31	12	5.248872509898827	6.5463666665492	-1.297494156650373	1.1754938652799043e-11	5.864777725219119e-07	3.87810758684518e-09	0.00025580770514079887	up_in_B
hypoxia_stress_malignant	GBM_vs_rGBM	GBM	rGBM	TSC2	31	12	3.964282604981413	5.129675761477916	-1.1653931564965032	1.804559657667603e-11	7.423712754084043e-06	5.82680794994969e-09	0.0004694261031499143	up_in_B
hypoxia_stress_malignant	GBM_vs_rGBM	GBM	rGBM	NOL8	31	12	4.956948847235544	6.114473079580104	-1.15752423234456	1.9528891184581944e-11	3.901789501519226e-06	6.174384429525325e-09	0.0003677860712736383	up_in_B
hypoxia_stress_malignant	GBM_vs_rGBM	GBM	rGBM	ZNF268	31	12	4.028214181236841	5.373527505611228	-1.3453133243743869	2.0589613389105605e-11	8.906020760138751e-07	6.376897403940136e-09	0.00027031554211173135	up_in_B
hypoxia_stress_malignant	GBM_vs_rGBM	GBM	rGBM	RAP1B	31	12	5.62243150374572	7.126204864319548	-1.5037733605738275	2.279288058087873e-11	1.0222228505108034e-06	6.9180951139083124e-09	0.00027216235051494655	up_in_B
hypoxia_stress_malignant	GBM_vs_rGBM	GBM	rGBM	NFXL1	31	12	3.4814636387633984	4.495273213152526	-1.0138095743891276	2.611637796402388e-11	7.753791800525006e-07	7.637954852111926e-09	0.00025580770514079887	up_in_B
hypoxia_stress_malignant	GBM_vs_rGBM	GBM	rGBM	ATXN2	31	12	5.263413560048739	6.482835973022763	-1.2194224129740245	2.6171168444242234e-11	2.014852096437449e-06	7.637954852111926e-09	0.00031201423893402783	up_in_B
hypoxia_stress_malignant	GBM_vs_rGBM	GBM	rGBM	CTDSPL2	31	12	4.672632442176468	5.931559139196455	-1.2589266970199873	3.0375612718187866e-11	5.864777725219119e-07	8.697741483230547e-09	0.00025580770514079887	up_in_B
hypoxia_stress_malignant	GBM_vs_rGBM	GBM	rGBM	ZBTB41	31	12	4.049579436333355	5.492579383843449	-1.4429999475100939	3.275450367316786e-11	1.5694766229935267e-05	9.072730815490684e-09	0.0006709402036774581	up_in_B
hypoxia_stress_malignant	GBM_vs_rGBM	GBM	rGBM	MIS18BP1	31	12	2.404680226053065	4.608697151631348	-2.2040169255782827	3.2880877362413523e-11	5.751082459505783e-07	9.072730815490684e-09	0.00025580770514079887	up_in_B
hypoxia_stress_malignant	GBM_vs_rGBM	GBM	rGBM	KMT2A	31	12	5.6833773891287755	6.8019950340255235	-1.118617644896748	3.350677043213344e-11	6.53675306435771e-06	9.080334787108162e-09	0.0004542510501993522	up_in_B
hypoxia_stress_malignant	GBM_vs_rGBM	GBM	rGBM	KIF2A	31	12	5.024209845885158	6.383343590489807	-1.359133744604649	3.813965515031056e-11	3.901789501519226e-06	1.0154515904580931e-08	0.0003677860712736383	up_in_B
hypoxia_stress_malignant	GBM_vs_rGBM	GBM	rGBM	KRAS	31	12	5.216593514630124	6.464026487234951	-1.2474329726048268	4.3835618820904216e-11	5.864777725219119e-07	1.1469816400449006e-08	0.00025580770514079887	up_in_B
hypoxia_stress_malignant	GBM_vs_rGBM	GBM	rGBM	PTAR1	31	12	5.170926490627666	6.502645397405939	-1.3317189067782724	4.791158800274687e-11	2.014852096437449e-06	1.2323834907282821e-08	0.00031201423893402783	up_in_B
hypoxia_stress_malignant	GBM_vs_rGBM	GBM	rGBM	SRSF10	31	12	6.686025470630667	7.71967373879959	-1.033648268168923	5.809759456102776e-11	5.751709240635522e-06	1.4694818250969288e-08	0.00043426835540241135	up_in_B
hypoxia_stress_malignant	ndGBM_vs_rGBM	ndGBM	rGBM	WSB1	15	12	9.254250853576753	7.906717293355096	1.347533560221657	6.626771612888836e-10	1.2587665380600578e-05	8.968519331771814e-06	0.019998698544235277	up_in_A
hypoxia_stress_malignant	ndGBM_vs_rGBM	ndGBM	rGBM	PTPRN	15	12	4.6366671550108975	1.3361686371780255	3.300498517832872	6.063036687148517e-07	1.9528496253068437e-05	0.000912209573650059	0.019998698544235277	up_in_A
hypoxia_stress_malignant	ndGBM_vs_rGBM	ndGBM	rGBM	HLA-B	15	12	9.809568713898598	8.506218206076388	1.3033505078222092	9.199425674853566e-07	1.9585648274006914e-05	0.000912209573650059	0.019998698544235277	up_in_A
hypoxia_stress_malignant	ndGBM_vs_rGBM	ndGBM	rGBM	ADCY2	15	12	3.0084042988384736	0.8626448220863997	2.145759476752074	4.393878304351829e-06	0.0001037828956905336	0.002151016036994947	0.020926777747719883	up_in_A
hypoxia_stress_malignant	ndGBM_vs_rGBM	ndGBM	rGBM	TMTC1	15	12	4.165229542389649	2.097372436487244	2.0678571059024047	6.66249680876979e-06	0.00010479936141451709	0.0025203324685230096	0.020926777747719883	up_in_A
hypoxia_stress_malignant	ndGBM_vs_rGBM	ndGBM	rGBM	PEG10	15	12	7.620139594448266	3.874774560104583	3.7453650343436826	8.184271815776767e-06	8.565599666416006e-05	0.0027008706049629324	0.019998698544235277	up_in_A
hypoxia_stress_malignant	ndGBM_vs_rGBM	ndGBM	rGBM	TGM2	15	12	3.386307273635	0.6980269954205985	2.6882802782144015	8.186613589107465e-06	0.00038745243041211105	0.0027008706049629324	0.028365314879012775	up_in_A
hypoxia_stress_malignant	ndGBM_vs_rGBM	ndGBM	rGBM	KCNE4	15	12	6.000099565467812	4.064879989964894	1.9352195755029173	8.720883142181035e-06	6.985097836444677e-05	0.002700982093178355	0.019998698544235277	up_in_A
hypoxia_stress_malignant	ndGBM_vs_rGBM	ndGBM	rGBM	HLA-A	15	12	10.092928416314379	9.127362477971646	0.9655659383427331	1.1465685417274515e-05	0.0001279310701853596	0.003283080035708642	0.02189497729116325	up_in_A
hypoxia_stress_malignant	ndGBM_vs_rGBM	ndGBM	rGBM	SGCE	15	12	6.42377552630484	3.2543477856571292	3.1694277406477105	1.7212786828567965e-05	1.2587665380600578e-05	0.003828225611879177	0.019998698544235277	up_in_A
hypoxia_stress_malignant	ndGBM_vs_rGBM	ndGBM	rGBM	LINC00511	15	12	5.8711047404047045	4.665175394413848	1.2059293459908567	1.7959180822465283e-05	8.565599666416006e-05	0.0038387116642497627	0.019998698544235277	up_in_A
hypoxia_stress_malignant	ndGBM_vs_rGBM	ndGBM	rGBM	AP1S3	15	12	2.3927111146902407	1.3126909910777398	1.0800201236125009	1.965047145875779e-05	2.4347161017966466e-05	0.00393419683536768	0.019998698544235277	up_in_A
hypoxia_stress_malignant	ndGBM_vs_rGBM	ndGBM	rGBM	FRY	15	12	3.3447220654297833	2.1527668121531875	1.1919552532765958	2.012732013262429e-05	0.00015581560012161512	0.00393419683536768	0.02189497729116325	up_in_A
hypoxia_stress_malignant	ndGBM_vs_rGBM	ndGBM	rGBM	PDLIM1	15	12	4.011272058851546	1.758471082712964	2.252800976138582	2.5097586693225977e-05	6.967293875549282e-05	0.004253605274973664	0.019998698544235277	up_in_A
hypoxia_stress_malignant	ndGBM_vs_rGBM	ndGBM	rGBM	LINC00632	15	12	5.095890772734374	1.0881357167871604	4.0077550559472135	4.407273400640529e-05	0.0005209526835690361	0.006062565922749155	0.03040760740709112	up_in_A
hypoxia_stress_malignant	ndGBM_vs_rGBM	ndGBM	rGBM	ZNRF3-AS1	15	12	2.426268092235412	1.3427810043161772	1.0834870879192349	4.474218393172808e-05	0.0008303999577830732	0.006062565922749155	0.03307650855463496	up_in_A
hypoxia_stress_malignant	ndGBM_vs_rGBM	ndGBM	rGBM	MCPH1-AS1	15	12	2.85452216900549	1.5800505681082087	1.2744716008972812	5.025459114112585e-05	0.00022958171420233683	0.006365067243554453	0.023227547298231094	up_in_A
hypoxia_stress_malignant	ndGBM_vs_rGBM	ndGBM	rGBM	EBF1	15	12	2.2313296997161802	0.05280329604272132	2.178526403673459	5.032999929009847e-05	7.51851407380688e-05	0.006365067243554453	0.019998698544235277	up_in_A
hypoxia_stress_malignant	ndGBM_vs_rGBM	ndGBM	rGBM	SOCS3	15	12	7.008601284244639	5.690848737342442	1.317752546902197	5.3328771021209153e-05	0.0004037235117202662	0.006593143937012779	0.028365314879012775	up_in_A
hypoxia_stress_malignant	ndGBM_vs_rGBM	ndGBM	rGBM	DNAJB11	15	12	6.496192260309738	5.901936768975747	0.5942554913339908	5.407986788116347e-05	0.0008303999577830732	0.006618678023907555	0.03307650855463496	up_in_A
hypoxia_stress_malignant	ndGBM_vs_rGBM	ndGBM	rGBM	ZSCAN1	15	12	2.412869702495987	0.0	2.412869702495987	6.186876473359594e-05	0.000330239781044568	0.007199879089682258	0.026360039154889447	up_in_A
hypoxia_stress_malignant	ndGBM_vs_rGBM	ndGBM	rGBM	DDX19B	15	12	4.708557044074378	4.132341507568309	0.5762155365060684	6.214972066080495e-05	0.0002777351395131898	0.007199879089682258	0.02539101492320583	up_in_A
hypoxia_stress_malignant	ndGBM_vs_rGBM	ndGBM	rGBM	LINC01122	15	12	1.9864946313517102	0.6041787660093846	1.3823158653423255	6.967664358609649e-05	0.00046605909290014293	0.007499381156472343	0.028425200063364887	up_in_A
hypoxia_stress_malignant	ndGBM_vs_rGBM	ndGBM	rGBM	LINC01426	15	12	1.913041865941961	0.27369199578252035	1.6393498701594407	7.085149476070366e-05	0.0006606484521048347	0.007543877330412067	0.03142421428850505	up_in_A
hypoxia_stress_malignant	ndGBM_vs_rGBM	ndGBM	rGBM	IFITM10	15	12	2.874621176054988	1.3896423123898678	1.48497886366512	7.525811643227128e-05	0.00033523244312688873	0.0077583091515877525	0.026360039154889447	up_in_A
hypoxia_stress_malignant	ndGBM_vs_rGBM	ndGBM	rGBM	TMEM256	15	12	6.426651414638212	5.618943276402896	0.8077081382353164	7.858680058064707e-05	0.0004037235117202662	0.007852135388518791	0.028365314879012775	up_in_A
hypoxia_stress_malignant	ndGBM_vs_rGBM	ndGBM	rGBM	PTENP1-AS	15	12	1.473175719105793	0.0	1.473175719105793	9.422755624628527e-05	0.000330239781044568	0.008784846005773964	0.026360039154889447	up_in_A
hypoxia_stress_malignant	ndGBM_vs_rGBM	ndGBM	rGBM	ME1	15	12	3.5785885052327226	0.6302620029730669	2.948326502259656	9.661736866719878e-05	0.002566360591641193	0.008784846005773964	0.054761636069973925	up_in_A
hypoxia_stress_malignant	ndGBM_vs_rGBM	ndGBM	rGBM	SLC26A2	15	12	6.233284763367357	4.847707251733785	1.3855775116335725	9.938824985685526e-05	0.0006957390617381193	0.008820561870337048	0.03142421428850505	up_in_A
hypoxia_stress_malignant	ndGBM_vs_rGBM	ndGBM	rGBM	LUCAT1	15	12	5.6704291077691815	3.106836203802327	2.5635929039668546	0.00010576270157464564	0.0004851164217456184	0.009224452638487484	0.028425200063364887	up_in_A
hypoxia_stress_malignant	ndGBM_vs_rGBM	ndGBM	rGBM	COL6A3	15	12	3.298225928020831	0.5443658842848793	2.7538600437359513	0.0001216923921745305	0.000180922870300267	0.009743296403474133	0.02227573053064375	up_in_A
hypoxia_stress_malignant	ndGBM_vs_rGBM	ndGBM	rGBM	SLAMF9	15	12	2.3677017885235414	0.6058980283813478	1.7618037601421936	0.00012262583111910644	0.0003419973581278135	0.009743296403474133	0.026753360345091223	up_in_A
hypoxia_stress_malignant	ndGBM_vs_rGBM	ndGBM	rGBM	PAX8	15	12	1.8331954828920989	0.41803050848302	1.4151649744090788	0.000126945079194287	0.0016953268353904673	0.0099060928424276	0.04561751782603853	up_in_A
hypoxia_stress_malignant	ndGBM_vs_rGBM	ndGBM	rGBM	BTN3A2	15	12	4.9754505646617115	3.4723347029124962	1.5031158617492153	0.00013669789044301448	0.0009889107422899515	0.010321030772951182	0.03547921849879977	up_in_A
hypoxia_stress_malignant	ndGBM_vs_rGBM	ndGBM	rGBM	DIABLO	15	12	1.7181683202519182	0.28697000554886537	1.431198314703053	0.00014014261165541404	0.0006492544576153532	0.010413592016882654	0.03142421428850505	up_in_A
hypoxia_stress_malignant	ndGBM_vs_rGBM	ndGBM	rGBM	OPTN	15	12	5.454568763577781	4.498462416345734	0.9561063472320468	0.00014406205400169296	0.0006957390617381193	0.010460697280046375	0.03142421428850505	up_in_A
hypoxia_stress_malignant	ndGBM_vs_rGBM	ndGBM	rGBM	SLFN13	15	12	1.2094832784573275	0.04109719724708778	1.1683860812102398	0.00015890361942017447	9.325749626245815e-05	0.011157531402975266	0.020926777747719883	up_in_A
hypoxia_stress_malignant	ndGBM_vs_rGBM	ndGBM	rGBM	EGFL8	15	12	2.683463195785663	1.1861781293863234	1.4972850663993396	0.00018090992080077128	0.0009048068340808753	0.011885233584729458	0.03547921849879977	up_in_A
hypoxia_stress_malignant	ndGBM_vs_rGBM	ndGBM	rGBM	B3GAT2	15	12	4.087900446529846	2.513088148928541	1.5748122976013055	0.00021192246147199023	0.0008303999577830732	0.012933929651360842	0.03307650855463496	up_in_A
hypoxia_stress_malignant	ndGBM_vs_rGBM	ndGBM	rGBM	TTTY14	15	12	4.05493105340827	1.308119619657769	2.7468114337505005	0.0002130655253584746	0.0005912765226989667	0.012933929651360842	0.030835781816080824	up_in_A
hypoxia_stress_malignant	ndGBM_vs_rGBM	ndGBM	rGBM	HMGA2	15	12	4.246376760057109	1.1459551606092608	3.1004215994478486	0.0002154642019220747	0.0018836801874498048	0.013027429196690858	0.048155776525850326	up_in_A
hypoxia_stress_malignant	ndGBM_vs_rGBM	ndGBM	rGBM	INPP5F	15	12	4.305823687470151	3.4025736051341933	0.9032500823359579	0.00021668999930080844	0.0001279310701853596	0.013030922783170664	0.02189497729116325	up_in_A
hypoxia_stress_malignant	ndGBM_vs_rGBM	ndGBM	rGBM	HLA-C	15	12	9.186791643144241	8.207557923216871	0.97923371992737	0.00021841823472787896	0.00018934958081530336	0.013030922783170664	0.02227573053064375	up_in_A
hypoxia_stress_malignant	ndGBM_vs_rGBM	ndGBM	rGBM	LPP	15	12	7.1800977953397345	6.415559770334986	0.7645380250047484	0.00022399706774961113	0.0006957390617381193	0.013030922783170664	0.03142421428850505	up_in_A
hypoxia_stress_malignant	ndGBM_vs_rGBM	ndGBM	rGBM	TUBB3	15	12	6.094692587670206	2.723802366909091	3.370890220761115	0.0002270679346571286	0.0022907941597880574	0.013052965819532513	0.051427651137490475	up_in_A
hypoxia_stress_malignant	ndGBM_vs_rGBM	ndGBM	rGBM	GRIK2	15	12	3.8798044785315304	1.6497722251097524	2.2300322534217782	0.0002571272338083293	0.0006826838826030622	0.013888757718877704	0.03142421428850505	up_in_A
hypoxia_stress_malignant	ndGBM_vs_rGBM	ndGBM	rGBM	ARL17B	15	12	3.9573572669451553	2.6862871445747136	1.2710701223704417	0.00026123718277126616	0.00058161154835468	0.01391065082714644	0.030436333992519393	up_in_A
hypoxia_stress_malignant	ndGBM_vs_rGBM	ndGBM	rGBM	RGS17	15	12	6.348212084549015	4.74111540412343	1.6070966804255855	0.00027029404197798036	0.0006957390617381193	0.014240917390011341	0.03142421428850505	up_in_A
hypoxia_stress_malignant	ndGBM_vs_rGBM	ndGBM	rGBM	DAPL1	15	12	2.7033003841434846	1.0153078895005658	1.6879924946429188	0.00028020368222626845	0.0009818539965296125	0.014240917390011341	0.03547921849879977	up_in_A
hypoxia_stress_malignant	ndGBM_vs_rGBM	ndGBM	rGBM	SVBP	15	12	5.5361809847613275	4.839920596517473	0.6962603882438545	0.00028364992480763734	0.0013931198616120239	0.014340658621039917	0.04178258304313058	up_in_A
hypoxia_stress_malignant	ndGBM_vs_rGBM	ndGBM	rGBM	YTHDF2	15	12	6.626346490773151	7.460772995550105	-0.8344265047769541	1.1819345455682412e-09	1.2587665380600578e-05	8.968519331771814e-06	0.019998698544235277	up_in_B
hypoxia_stress_malignant	ndGBM_vs_rGBM	ndGBM	rGBM	MRPS23	15	12	5.8022747076166725	6.599616608655155	-0.7973419010384823	9.848836602566093e-09	1.2587665380600578e-05	4.982198142684767e-05	0.019998698544235277	up_in_B
hypoxia_stress_malignant	ndGBM_vs_rGBM	ndGBM	rGBM	FBXW2	15	12	4.937589149061732	5.709677976967495	-0.7720888279057627	4.804529455727254e-08	1.5719443332605906e-05	0.000182283847550292	0.019998698544235277	up_in_B
hypoxia_stress_malignant	ndGBM_vs_rGBM	ndGBM	rGBM	MAZ	15	12	5.6965576192905205	6.74773258313477	-1.0511749638442494	1.286361026666949e-07	2.4347161017966466e-05	0.00036007520040209803	0.019998698544235277	up_in_B
hypoxia_stress_malignant	ndGBM_vs_rGBM	ndGBM	rGBM	PMPCA	15	12	5.292487855508742	6.191216877412871	-0.8987290219041295	1.4235972604194705e-07	2.4347161017966466e-05	0.00036007520040209803	0.019998698544235277	up_in_B
hypoxia_stress_malignant	ndGBM_vs_rGBM	ndGBM	rGBM	GTF2A2	15	12	7.012265098348541	7.5870265731798225	-0.5747614748312815	3.896188132699454e-07	3.0197367581280215e-05	0.0006775472167053309	0.019998698544235277	up_in_B
hypoxia_stress_malignant	ndGBM_vs_rGBM	ndGBM	rGBM	POGLUT1	15	12	4.1343316885187456	5.232598422693253	-1.0982667341745076	3.986022443570182e-07	3.0197367581280215e-05	0.0006775472167053309	0.019998698544235277	up_in_B
hypoxia_stress_malignant	ndGBM_vs_rGBM	ndGBM	rGBM	NUP214	15	12	4.792532938179482	5.531763745114604	-0.7392308069351214	4.0181371575830116e-07	2.4347161017966466e-05	0.0006775472167053309	0.019998698544235277	up_in_B
hypoxia_stress_malignant	ndGBM_vs_rGBM	ndGBM	rGBM	TSSC4	15	12	5.515467911899991	6.496842455883311	-0.9813745439833195	7.659672268428655e-07	6.985097836444677e-05	0.000912209573650059	0.019998698544235277	up_in_B
hypoxia_stress_malignant	ndGBM_vs_rGBM	ndGBM	rGBM	SNRPA1	15	12	6.160630305470916	6.798816675016009	-0.6381863695450924	7.676563435774305e-07	4.613653921783764e-05	0.000912209573650059	0.019998698544235277	up_in_B
hypoxia_stress_malignant	ndGBM_vs_rGBM	ndGBM	rGBM	IMP4	15	12	5.731897048098622	6.333387096841221	-0.6014900487425994	8.478687395699788e-07	3.736810171545693e-05	0.000912209573650059	0.019998698544235277	up_in_B
hypoxia_stress_malignant	ndGBM_vs_rGBM	ndGBM	rGBM	KTI12	15	12	3.6319026034950714	4.507099852974189	-0.8751972494791178	9.511947154231217e-07	5.683316915964545e-05	0.000912209573650059	0.019998698544235277	up_in_B
hypoxia_stress_malignant	ndGBM_vs_rGBM	ndGBM	rGBM	IMP3	15	12	6.120624472805959	6.950205974312344	-0.829581501506385	9.971991101077408e-07	2.4347161017966466e-05	0.000912209573650059	0.019998698544235277	up_in_B
hypoxia_stress_malignant	ndGBM_vs_rGBM	ndGBM	rGBM	TUFM	15	12	6.988178062910804	7.579181043673962	-0.5910029807631583	1.0694897421762277e-06	0.00018934958081530336	0.000912209573650059	0.02227573053064375	up_in_B
hypoxia_stress_malignant	ndGBM_vs_rGBM	ndGBM	rGBM	HSPA2	15	12	4.002431648099795	5.979325798822113	-1.9768941507223179	1.0857446338470286e-06	2.4347161017966466e-05	0.000912209573650059	0.019998698544235277	up_in_B
hypoxia_stress_malignant	ndGBM_vs_rGBM	ndGBM	rGBM	REPIN1	15	12	5.420403708883243	6.159495510263054	-0.7390918013798107	1.1420652279488088e-06	6.985097836444677e-05	0.000912209573650059	0.019998698544235277	up_in_B
hypoxia_stress_malignant	ndGBM_vs_rGBM	ndGBM	rGBM	CNIH1	15	12	6.157706031967853	6.646885088773618	-0.48917905680576457	1.292502784964492e-06	6.985097836444677e-05	0.0009807511132310565	0.019998698544235277	up_in_B
hypoxia_stress_malignant	ndGBM_vs_rGBM	ndGBM	rGBM	ZNF181	15	12	4.240818812827426	5.468859116794206	-1.2280403039667807	1.573980406992842e-06	8.565599666416006e-05	0.0010586613546605347	0.019998698544235277	up_in_B
hypoxia_stress_malignant	ndGBM_vs_rGBM	ndGBM	rGBM	NDUFA12	15	12	7.088455267599057	7.641936895618678	-0.5534816280196209	1.5781423499565007e-06	5.683316915964545e-05	0.0010586613546605347	0.019998698544235277	up_in_B
hypoxia_stress_malignant	ndGBM_vs_rGBM	ndGBM	rGBM	TOR3A	15	12	4.167506473865414	5.199891854844103	-1.0323853809786891	1.604455136873504e-06	5.683316915964545e-05	0.0010586613546605347	0.019998698544235277	up_in_B
hypoxia_stress_malignant	ndGBM_vs_rGBM	ndGBM	rGBM	ZNF234	15	12	3.7311821566773635	4.485698885829765	-0.7545167291524018	3.130757781310431e-06	8.565599666416006e-05	0.00195303286432712	0.019998698544235277	up_in_B
hypoxia_stress_malignant	ndGBM_vs_rGBM	ndGBM	rGBM	TUSC2	15	12	5.674389391016182	6.478782725264664	-0.8043933342484824	3.217305061160912e-06	8.565599666416006e-05	0.00195303286432712	0.019998698544235277	up_in_B
hypoxia_stress_malignant	ndGBM_vs_rGBM	ndGBM	rGBM	SETD4	15	12	4.318458779925451	5.068457177839171	-0.7499983979137204	3.378349310493325e-06	8.565599666416006e-05	0.001971916505232565	0.019998698544235277	up_in_B
hypoxia_stress_malignant	ndGBM_vs_rGBM	ndGBM	rGBM	MRPS18C	15	12	6.617126332660504	7.197451986550781	-0.5803256538902763	4.060071782499502e-06	0.00010479936141451709	0.002151016036994947	0.020926777747719883	up_in_B
hypoxia_stress_malignant	ndGBM_vs_rGBM	ndGBM	rGBM	ERH	15	12	7.918280493071838	8.557125453992752	-0.6388449609209141	4.103994077356219e-06	6.985097836444677e-05	0.002151016036994947	0.019998698544235277	up_in_B
hypoxia_stress_malignant	ndGBM_vs_rGBM	ndGBM	rGBM	LAMTOR2	15	12	6.8321359886743505	7.378772672628898	-0.5466366839545476	4.213966794618963e-06	8.565599666416006e-05	0.002151016036994947	0.019998698544235277	up_in_B
hypoxia_stress_malignant	ndGBM_vs_rGBM	ndGBM	rGBM	SET	15	12	8.205381217516946	8.875353762708636	-0.6699725451916905	4.3608695066329125e-06	0.0002777351395131898	0.002151016036994947	0.02539101492320583	up_in_B
hypoxia_stress_malignant	ndGBM_vs_rGBM	ndGBM	rGBM	SF3B4	15	12	5.233861924666433	5.9546974435543225	-0.7208355188878892	4.688703525925268e-06	0.00015581560012161512	0.002223617647170058	0.02189497729116325	up_in_B
hypoxia_stress_malignant	ndGBM_vs_rGBM	ndGBM	rGBM	NUDC	15	12	7.146410541342897	7.862536371466386	-0.716125830123489	4.930959841395478e-06	0.00015581560012161512	0.0022676438349399325	0.02189497729116325	up_in_B
hypoxia_stress_malignant	ndGBM_vs_rGBM	ndGBM	rGBM	WDR83OS	15	12	7.8914515882406056	8.57155882958038	-0.6801072413397753	5.08123092405601e-06	0.0001279310701853596	0.0022680223677492353	0.02189497729116325	up_in_B
hypoxia_stress_malignant	ndGBM_vs_rGBM	ndGBM	rGBM	TBRG4	15	12	5.006191429706591	6.035188530449029	-1.0289971007424388	5.519250143492214e-06	0.00015581560012161512	0.0023906971795278893	0.02189497729116325	up_in_B
hypoxia_stress_malignant	ndGBM_vs_rGBM	ndGBM	rGBM	HSD17B12	15	12	6.205524132759501	7.061841625856272	-0.8563174930967712	5.671131949328151e-06	6.985097836444677e-05	0.0023906971795278893	0.019998698544235277	up_in_B
hypoxia_stress_malignant	ndGBM_vs_rGBM	ndGBM	rGBM	APH1A	15	12	6.300911151892817	6.880734493808727	-0.57982334191591	6.080498221296866e-06	0.00015581560012161512	0.002493990297470304	0.02189497729116325	up_in_B
hypoxia_stress_malignant	ndGBM_vs_rGBM	ndGBM	rGBM	MFAP1	15	12	5.6060306856930175	6.371990908923872	-0.7659602232308549	6.435524423564764e-06	0.0002777351395131898	0.0025203324685230096	0.02539101492320583	up_in_B
hypoxia_stress_malignant	ndGBM_vs_rGBM	ndGBM	rGBM	UBA2	15	12	6.2113416083576976	6.917133896128271	-0.7057922877705733	6.699599639038315e-06	5.683316915964545e-05	0.0025203324685230096	0.019998698544235277	up_in_B
hypoxia_stress_malignant	ndGBM_vs_rGBM	ndGBM	rGBM	EEF2KMT	15	12	3.8124626126789307	4.622484713838415	-0.8100221011594844	6.809016289499432e-06	0.00022958171420233683	0.0025203324685230096	0.023227547298231094	up_in_B
hypoxia_stress_malignant	ndGBM_vs_rGBM	ndGBM	rGBM	SNAPC4	15	12	2.8754037600257933	3.662525576943858	-0.7871218169180647	7.620741720498785e-06	0.00010479936141451709	0.0027008706049629324	0.020926777747719883	up_in_B
hypoxia_stress_malignant	ndGBM_vs_rGBM	ndGBM	rGBM	METTL2A	15	12	4.589428648076906	5.380020084649883	-0.7905914365729769	7.800863664350108e-06	0.00033523244312688873	0.0027008706049629324	0.026360039154889447	up_in_B
hypoxia_stress_malignant	ndGBM_vs_rGBM	ndGBM	rGBM	ZNF629	15	12	3.8455813767615012	4.613402643978371	-0.7678212672168696	8.051567097912385e-06	0.00018934958081530336	0.0027008706049629324	0.02227573053064375	up_in_B
hypoxia_stress_malignant	ndGBM_vs_rGBM	ndGBM	rGBM	CTDSPL	15	12	3.9105162402853875	4.897307443215889	-0.9867912029305019	8.375500228238347e-06	3.736810171545693e-05	0.002700982093178355	0.019998698544235277	up_in_B
hypoxia_stress_malignant	ndGBM_vs_rGBM	ndGBM	rGBM	FAM32A	15	12	6.478802619357187	7.076157240740365	-0.597354621383178	8.552846936049701e-06	0.00010479936141451709	0.002700982093178355	0.020926777747719883	up_in_B
hypoxia_stress_malignant	ndGBM_vs_rGBM	ndGBM	rGBM	NR1H2	15	12	5.266567546313957	6.078697639993215	-0.8121300936792579	9.402368366610833e-06	3.0197367581280215e-05	0.0028538068466337197	0.019998698544235277	up_in_B
hypoxia_stress_malignant	ndGBM_vs_rGBM	ndGBM	rGBM	TMEM222	15	12	5.334260339060339	5.859055317001445	-0.5247949779411059	1.0005421571550457e-05	0.00015581560012161512	0.002977299564114701	0.02189497729116325	up_in_B
hypoxia_stress_malignant	ndGBM_vs_rGBM	ndGBM	rGBM	NR2C2AP	15	12	4.327598554229946	5.136140470160331	-0.8085419159303848	1.1134701676188358e-05	0.0001279310701853596	0.0032496198584198947	0.02189497729116325	up_in_B
hypoxia_stress_malignant	ndGBM_vs_rGBM	ndGBM	rGBM	ALAS1	15	12	4.027009313845075	4.785857742932421	-0.7588484290873465	1.178690680243496e-05	6.985097836444677e-05	0.0033125573635880176	0.019998698544235277	up_in_B
hypoxia_stress_malignant	ndGBM_vs_rGBM	ndGBM	rGBM	ZNF557	15	12	3.9903981936874624	4.742642975021342	-0.7522447813338795	1.3037827568413797e-05	6.985097836444677e-05	0.0034730181169218065	0.019998698544235277	up_in_B
hypoxia_stress_malignant	ndGBM_vs_rGBM	ndGBM	rGBM	RPA2	15	12	5.579313603848913	6.408158012679128	-0.8288444088302152	1.3040169426043435e-05	0.0001279310701853596	0.0034730181169218065	0.02189497729116325	up_in_B
hypoxia_stress_malignant	ndGBM_vs_rGBM	ndGBM	rGBM	IFRD2	15	12	4.884829115998318	5.496657232201035	-0.6118281162027168	1.3044414382218171e-05	0.00033523244312688873	0.0034730181169218065	0.026360039154889447	up_in_B
hypoxia_stress_malignant	ndGBM_vs_rGBM	ndGBM	rGBM	THUMPD1	15	12	5.709492469508959	6.370908028445117	-0.6614155589361586	1.467492450884816e-05	0.00018934958081530336	0.003828225611879177	0.02227573053064375	up_in_B
hypoxia_stress_malignant	ndGBM_vs_rGBM	ndGBM	rGBM	WDR73	15	12	5.310797976684441	5.9476132385149185	-0.6368152618304777	1.5325872128414713e-05	0.00015581560012161512	0.003828225611879177	0.02189497729116325	up_in_B
