batch_id	batch_num	batch_dir	n_cells_exported	n_target_cells	n_reference_anchor_cells	n_genes	mtx_gz	mtx	genes	barcodes	metadata	r_script	expected_prediction
copykat_microbatch_0001	1	G:\Repository\glioma-cnv-single-cell-atlas\data\interim\integrated\CNV_inputs\CopyKAT_HVG8000_r0_6\batchwise_micro_all_cells\copykat_microbatch_0001	3000	2000	1000	15163	G:\Repository\glioma-cnv-single-cell-atlas\data\interim\integrated\CNV_inputs\CopyKAT_HVG8000_r0_6\batchwise_micro_all_cells\copykat_microbatch_0001\copykat_raw_counts_genes_by_cells.mtx.gz	G:\Repository\glioma-cnv-single-cell-atlas\data\interim\integrated\CNV_inputs\CopyKAT_HVG8000_r0_6\batchwise_micro_all_cells\copykat_microbatch_0001\copykat_raw_counts_genes_by_cells.mtx	G:\Repository\glioma-cnv-single-cell-atlas\data\interim\integrated\CNV_inputs\CopyKAT_HVG8000_r0_6\batchwise_micro_all_cells\copykat_microbatch_0001\copykat_genes.tsv	G:\Repository\glioma-cnv-single-cell-atlas\data\interim\integrated\CNV_inputs\CopyKAT_HVG8000_r0_6\batchwise_micro_all_cells\copykat_microbatch_0001\copykat_barcodes.tsv	G:\Repository\glioma-cnv-single-cell-atlas\data\interim\integrated\CNV_inputs\CopyKAT_HVG8000_r0_6\batchwise_micro_all_cells\copykat_microbatch_0001\copykat_cell_metadata.tsv	G:\Repository\glioma-cnv-single-cell-atlas\data\interim\integrated\CNV_inputs\CopyKAT_HVG8000_r0_6\batchwise_micro_all_cells\copykat_microbatch_0001\run_copykat_microbatch_0001.R	G:\Repository\glioma-cnv-single-cell-atlas\data\interim\integrated\CNV_inputs\CopyKAT_HVG8000_r0_6\batchwise_micro_all_cells\copykat_microbatch_0001\copykat_microbatch_0001_prediction.tsv
copykat_microbatch_0002	2	G:\Repository\glioma-cnv-single-cell-atlas\data\interim\integrated\CNV_inputs\CopyKAT_HVG8000_r0_6\batchwise_micro_all_cells\copykat_microbatch_0002	3000	2000	1000	15163	G:\Repository\glioma-cnv-single-cell-atlas\data\interim\integrated\CNV_inputs\CopyKAT_HVG8000_r0_6\batchwise_micro_all_cells\copykat_microbatch_0002\copykat_raw_counts_genes_by_cells.mtx.gz	G:\Repository\glioma-cnv-single-cell-atlas\data\interim\integrated\CNV_inputs\CopyKAT_HVG8000_r0_6\batchwise_micro_all_cells\copykat_microbatch_0002\copykat_raw_counts_genes_by_cells.mtx	G:\Repository\glioma-cnv-single-cell-atlas\data\interim\integrated\CNV_inputs\CopyKAT_HVG8000_r0_6\batchwise_micro_all_cells\copykat_microbatch_0002\copykat_genes.tsv	G:\Repository\glioma-cnv-single-cell-atlas\data\interim\integrated\CNV_inputs\CopyKAT_HVG8000_r0_6\batchwise_micro_all_cells\copykat_microbatch_0002\copykat_barcodes.tsv	G:\Repository\glioma-cnv-single-cell-atlas\data\interim\integrated\CNV_inputs\CopyKAT_HVG8000_r0_6\batchwise_micro_all_cells\copykat_microbatch_0002\copykat_cell_metadata.tsv	G:\Repository\glioma-cnv-single-cell-atlas\data\interim\integrated\CNV_inputs\CopyKAT_HVG8000_r0_6\batchwise_micro_all_cells\copykat_microbatch_0002\run_copykat_microbatch_0002.R	G:\Repository\glioma-cnv-single-cell-atlas\data\interim\integrated\CNV_inputs\CopyKAT_HVG8000_r0_6\batchwise_micro_all_cells\copykat_microbatch_0002\copykat_microbatch_0002_prediction.tsv
copykat_microbatch_0003	3	G:\Repository\glioma-cnv-single-cell-atlas\data\interim\integrated\CNV_inputs\CopyKAT_HVG8000_r0_6\batchwise_micro_all_cells\copykat_microbatch_0003	2997	2000	1000	15163	G:\Repository\glioma-cnv-single-cell-atlas\data\interim\integrated\CNV_inputs\CopyKAT_HVG8000_r0_6\batchwise_micro_all_cells\copykat_microbatch_0003\copykat_raw_counts_genes_by_cells.mtx.gz	G:\Repository\glioma-cnv-single-cell-atlas\data\interim\integrated\CNV_inputs\CopyKAT_HVG8000_r0_6\batchwise_micro_all_cells\copykat_microbatch_0003\copykat_raw_counts_genes_by_cells.mtx	G:\Repository\glioma-cnv-single-cell-atlas\data\interim\integrated\CNV_inputs\CopyKAT_HVG8000_r0_6\batchwise_micro_all_cells\copykat_microbatch_0003\copykat_genes.tsv	G:\Repository\glioma-cnv-single-cell-atlas\data\interim\integrated\CNV_inputs\CopyKAT_HVG8000_r0_6\batchwise_micro_all_cells\copykat_microbatch_0003\copykat_barcodes.tsv	G:\Repository\glioma-cnv-single-cell-atlas\data\interim\integrated\CNV_inputs\CopyKAT_HVG8000_r0_6\batchwise_micro_all_cells\copykat_microbatch_0003\copykat_cell_metadata.tsv	G:\Repository\glioma-cnv-single-cell-atlas\data\interim\integrated\CNV_inputs\CopyKAT_HVG8000_r0_6\batchwise_micro_all_cells\copykat_microbatch_0003\run_copykat_microbatch_0003.R	G:\Repository\glioma-cnv-single-cell-atlas\data\interim\integrated\CNV_inputs\CopyKAT_HVG8000_r0_6\batchwise_micro_all_cells\copykat_microbatch_0003\copykat_microbatch_0003_prediction.tsv
copykat_microbatch_0004	4	G:\Repository\glioma-cnv-single-cell-atlas\data\interim\integrated\CNV_inputs\CopyKAT_HVG8000_r0_6\batchwise_micro_all_cells\copykat_microbatch_0004	2996	2000	1000	15163	G:\Repository\glioma-cnv-single-cell-atlas\data\interim\integrated\CNV_inputs\CopyKAT_HVG8000_r0_6\batchwise_micro_all_cells\copykat_microbatch_0004\copykat_raw_counts_genes_by_cells.mtx.gz	G:\Repository\glioma-cnv-single-cell-atlas\data\interim\integrated\CNV_inputs\CopyKAT_HVG8000_r0_6\batchwise_micro_all_cells\copykat_microbatch_0004\copykat_raw_counts_genes_by_cells.mtx	G:\Repository\glioma-cnv-single-cell-atlas\data\interim\integrated\CNV_inputs\CopyKAT_HVG8000_r0_6\batchwise_micro_all_cells\copykat_microbatch_0004\copykat_genes.tsv	G:\Repository\glioma-cnv-single-cell-atlas\data\interim\integrated\CNV_inputs\CopyKAT_HVG8000_r0_6\batchwise_micro_all_cells\copykat_microbatch_0004\copykat_barcodes.tsv	G:\Repository\glioma-cnv-single-cell-atlas\data\interim\integrated\CNV_inputs\CopyKAT_HVG8000_r0_6\batchwise_micro_all_cells\copykat_microbatch_0004\copykat_cell_metadata.tsv	G:\Repository\glioma-cnv-single-cell-atlas\data\interim\integrated\CNV_inputs\CopyKAT_HVG8000_r0_6\batchwise_micro_all_cells\copykat_microbatch_0004\run_copykat_microbatch_0004.R	G:\Repository\glioma-cnv-single-cell-atlas\data\interim\integrated\CNV_inputs\CopyKAT_HVG8000_r0_6\batchwise_micro_all_cells\copykat_microbatch_0004\copykat_microbatch_0004_prediction.tsv
copykat_microbatch_0005	5	G:\Repository\glioma-cnv-single-cell-atlas\data\interim\integrated\CNV_inputs\CopyKAT_HVG8000_r0_6\batchwise_micro_all_cells\copykat_microbatch_0005	2999	2000	1000	15163	G:\Repository\glioma-cnv-single-cell-atlas\data\interim\integrated\CNV_inputs\CopyKAT_HVG8000_r0_6\batchwise_micro_all_cells\copykat_microbatch_0005\copykat_raw_counts_genes_by_cells.mtx.gz	G:\Repository\glioma-cnv-single-cell-atlas\data\interim\integrated\CNV_inputs\CopyKAT_HVG8000_r0_6\batchwise_micro_all_cells\copykat_microbatch_0005\copykat_raw_counts_genes_by_cells.mtx	G:\Repository\glioma-cnv-single-cell-atlas\data\interim\integrated\CNV_inputs\CopyKAT_HVG8000_r0_6\batchwise_micro_all_cells\copykat_microbatch_0005\copykat_genes.tsv	G:\Repository\glioma-cnv-single-cell-atlas\data\interim\integrated\CNV_inputs\CopyKAT_HVG8000_r0_6\batchwise_micro_all_cells\copykat_microbatch_0005\copykat_barcodes.tsv	G:\Repository\glioma-cnv-single-cell-atlas\data\interim\integrated\CNV_inputs\CopyKAT_HVG8000_r0_6\batchwise_micro_all_cells\copykat_microbatch_0005\copykat_cell_metadata.tsv	G:\Repository\glioma-cnv-single-cell-atlas\data\interim\integrated\CNV_inputs\CopyKAT_HVG8000_r0_6\batchwise_micro_all_cells\copykat_microbatch_0005\run_copykat_microbatch_0005.R	G:\Repository\glioma-cnv-single-cell-atlas\data\interim\integrated\CNV_inputs\CopyKAT_HVG8000_r0_6\batchwise_micro_all_cells\copykat_microbatch_0005\copykat_microbatch_0005_prediction.tsv
copykat_microbatch_0006	6	G:\Repository\glioma-cnv-single-cell-atlas\data\interim\integrated\CNV_inputs\CopyKAT_HVG8000_r0_6\batchwise_micro_all_cells\copykat_microbatch_0006	2996	2000	1000	15163	G:\Repository\glioma-cnv-single-cell-atlas\data\interim\integrated\CNV_inputs\CopyKAT_HVG8000_r0_6\batchwise_micro_all_cells\copykat_microbatch_0006\copykat_raw_counts_genes_by_cells.mtx.gz	G:\Repository\glioma-cnv-single-cell-atlas\data\interim\integrated\CNV_inputs\CopyKAT_HVG8000_r0_6\batchwise_micro_all_cells\copykat_microbatch_0006\copykat_raw_counts_genes_by_cells.mtx	G:\Repository\glioma-cnv-single-cell-atlas\data\interim\integrated\CNV_inputs\CopyKAT_HVG8000_r0_6\batchwise_micro_all_cells\copykat_microbatch_0006\copykat_genes.tsv	G:\Repository\glioma-cnv-single-cell-atlas\data\interim\integrated\CNV_inputs\CopyKAT_HVG8000_r0_6\batchwise_micro_all_cells\copykat_microbatch_0006\copykat_barcodes.tsv	G:\Repository\glioma-cnv-single-cell-atlas\data\interim\integrated\CNV_inputs\CopyKAT_HVG8000_r0_6\batchwise_micro_all_cells\copykat_microbatch_0006\copykat_cell_metadata.tsv	G:\Repository\glioma-cnv-single-cell-atlas\data\interim\integrated\CNV_inputs\CopyKAT_HVG8000_r0_6\batchwise_micro_all_cells\copykat_microbatch_0006\run_copykat_microbatch_0006.R	G:\Repository\glioma-cnv-single-cell-atlas\data\interim\integrated\CNV_inputs\CopyKAT_HVG8000_r0_6\batchwise_micro_all_cells\copykat_microbatch_0006\copykat_microbatch_0006_prediction.tsv
copykat_microbatch_0007	7	G:\Repository\glioma-cnv-single-cell-atlas\data\interim\integrated\CNV_inputs\CopyKAT_HVG8000_r0_6\batchwise_micro_all_cells\copykat_microbatch_0007	2988	2000	1000	15163	G:\Repository\glioma-cnv-single-cell-atlas\data\interim\integrated\CNV_inputs\CopyKAT_HVG8000_r0_6\batchwise_micro_all_cells\copykat_microbatch_0007\copykat_raw_counts_genes_by_cells.mtx.gz	G:\Repository\glioma-cnv-single-cell-atlas\data\interim\integrated\CNV_inputs\CopyKAT_HVG8000_r0_6\batchwise_micro_all_cells\copykat_microbatch_0007\copykat_raw_counts_genes_by_cells.mtx	G:\Repository\glioma-cnv-single-cell-atlas\data\interim\integrated\CNV_inputs\CopyKAT_HVG8000_r0_6\batchwise_micro_all_cells\copykat_microbatch_0007\copykat_genes.tsv	G:\Repository\glioma-cnv-single-cell-atlas\data\interim\integrated\CNV_inputs\CopyKAT_HVG8000_r0_6\batchwise_micro_all_cells\copykat_microbatch_0007\copykat_barcodes.tsv	G:\Repository\glioma-cnv-single-cell-atlas\data\interim\integrated\CNV_inputs\CopyKAT_HVG8000_r0_6\batchwise_micro_all_cells\copykat_microbatch_0007\copykat_cell_metadata.tsv	G:\Repository\glioma-cnv-single-cell-atlas\data\interim\integrated\CNV_inputs\CopyKAT_HVG8000_r0_6\batchwise_micro_all_cells\copykat_microbatch_0007\run_copykat_microbatch_0007.R	G:\Repository\glioma-cnv-single-cell-atlas\data\interim\integrated\CNV_inputs\CopyKAT_HVG8000_r0_6\batchwise_micro_all_cells\copykat_microbatch_0007\copykat_microbatch_0007_prediction.tsv
copykat_microbatch_0008	8	G:\Repository\glioma-cnv-single-cell-atlas\data\interim\integrated\CNV_inputs\CopyKAT_HVG8000_r0_6\batchwise_micro_all_cells\copykat_microbatch_0008	2996	2000	1000	15163	G:\Repository\glioma-cnv-single-cell-atlas\data\interim\integrated\CNV_inputs\CopyKAT_HVG8000_r0_6\batchwise_micro_all_cells\copykat_microbatch_0008\copykat_raw_counts_genes_by_cells.mtx.gz	G:\Repository\glioma-cnv-single-cell-atlas\data\interim\integrated\CNV_inputs\CopyKAT_HVG8000_r0_6\batchwise_micro_all_cells\copykat_microbatch_0008\copykat_raw_counts_genes_by_cells.mtx	G:\Repository\glioma-cnv-single-cell-atlas\data\interim\integrated\CNV_inputs\CopyKAT_HVG8000_r0_6\batchwise_micro_all_cells\copykat_microbatch_0008\copykat_genes.tsv	G:\Repository\glioma-cnv-single-cell-atlas\data\interim\integrated\CNV_inputs\CopyKAT_HVG8000_r0_6\batchwise_micro_all_cells\copykat_microbatch_0008\copykat_barcodes.tsv	G:\Repository\glioma-cnv-single-cell-atlas\data\interim\integrated\CNV_inputs\CopyKAT_HVG8000_r0_6\batchwise_micro_all_cells\copykat_microbatch_0008\copykat_cell_metadata.tsv	G:\Repository\glioma-cnv-single-cell-atlas\data\interim\integrated\CNV_inputs\CopyKAT_HVG8000_r0_6\batchwise_micro_all_cells\copykat_microbatch_0008\run_copykat_microbatch_0008.R	G:\Repository\glioma-cnv-single-cell-atlas\data\interim\integrated\CNV_inputs\CopyKAT_HVG8000_r0_6\batchwise_micro_all_cells\copykat_microbatch_0008\copykat_microbatch_0008_prediction.tsv
copykat_microbatch_0009	9	G:\Repository\glioma-cnv-single-cell-atlas\data\interim\integrated\CNV_inputs\CopyKAT_HVG8000_r0_6\batchwise_micro_all_cells\copykat_microbatch_0009	2999	2000	1000	15163	G:\Repository\glioma-cnv-single-cell-atlas\data\interim\integrated\CNV_inputs\CopyKAT_HVG8000_r0_6\batchwise_micro_all_cells\copykat_microbatch_0009\copykat_raw_counts_genes_by_cells.mtx.gz	G:\Repository\glioma-cnv-single-cell-atlas\data\interim\integrated\CNV_inputs\CopyKAT_HVG8000_r0_6\batchwise_micro_all_cells\copykat_microbatch_0009\copykat_raw_counts_genes_by_cells.mtx	G:\Repository\glioma-cnv-single-cell-atlas\data\interim\integrated\CNV_inputs\CopyKAT_HVG8000_r0_6\batchwise_micro_all_cells\copykat_microbatch_0009\copykat_genes.tsv	G:\Repository\glioma-cnv-single-cell-atlas\data\interim\integrated\CNV_inputs\CopyKAT_HVG8000_r0_6\batchwise_micro_all_cells\copykat_microbatch_0009\copykat_barcodes.tsv	G:\Repository\glioma-cnv-single-cell-atlas\data\interim\integrated\CNV_inputs\CopyKAT_HVG8000_r0_6\batchwise_micro_all_cells\copykat_microbatch_0009\copykat_cell_metadata.tsv	G:\Repository\glioma-cnv-single-cell-atlas\data\interim\integrated\CNV_inputs\CopyKAT_HVG8000_r0_6\batchwise_micro_all_cells\copykat_microbatch_0009\run_copykat_microbatch_0009.R	G:\Repository\glioma-cnv-single-cell-atlas\data\interim\integrated\CNV_inputs\CopyKAT_HVG8000_r0_6\batchwise_micro_all_cells\copykat_microbatch_0009\copykat_microbatch_0009_prediction.tsv
copykat_microbatch_0010	10	G:\Repository\glioma-cnv-single-cell-atlas\data\interim\integrated\CNV_inputs\CopyKAT_HVG8000_r0_6\batchwise_micro_all_cells\copykat_microbatch_0010	2998	2000	1000	15163	G:\Repository\glioma-cnv-single-cell-atlas\data\interim\integrated\CNV_inputs\CopyKAT_HVG8000_r0_6\batchwise_micro_all_cells\copykat_microbatch_0010\copykat_raw_counts_genes_by_cells.mtx.gz	G:\Repository\glioma-cnv-single-cell-atlas\data\interim\integrated\CNV_inputs\CopyKAT_HVG8000_r0_6\batchwise_micro_all_cells\copykat_microbatch_0010\copykat_raw_counts_genes_by_cells.mtx	G:\Repository\glioma-cnv-single-cell-atlas\data\interim\integrated\CNV_inputs\CopyKAT_HVG8000_r0_6\batchwise_micro_all_cells\copykat_microbatch_0010\copykat_genes.tsv	G:\Repository\glioma-cnv-single-cell-atlas\data\interim\integrated\CNV_inputs\CopyKAT_HVG8000_r0_6\batchwise_micro_all_cells\copykat_microbatch_0010\copykat_barcodes.tsv	G:\Repository\glioma-cnv-single-cell-atlas\data\interim\integrated\CNV_inputs\CopyKAT_HVG8000_r0_6\batchwise_micro_all_cells\copykat_microbatch_0010\copykat_cell_metadata.tsv	G:\Repository\glioma-cnv-single-cell-atlas\data\interim\integrated\CNV_inputs\CopyKAT_HVG8000_r0_6\batchwise_micro_all_cells\copykat_microbatch_0010\run_copykat_microbatch_0010.R	G:\Repository\glioma-cnv-single-cell-atlas\data\interim\integrated\CNV_inputs\CopyKAT_HVG8000_r0_6\batchwise_micro_all_cells\copykat_microbatch_0010\copykat_microbatch_0010_prediction.tsv
copykat_microbatch_0011	11	G:\Repository\glioma-cnv-single-cell-atlas\data\interim\integrated\CNV_inputs\CopyKAT_HVG8000_r0_6\batchwise_micro_all_cells\copykat_microbatch_0011	2998	2000	1000	15163	G:\Repository\glioma-cnv-single-cell-atlas\data\interim\integrated\CNV_inputs\CopyKAT_HVG8000_r0_6\batchwise_micro_all_cells\copykat_microbatch_0011\copykat_raw_counts_genes_by_cells.mtx.gz	G:\Repository\glioma-cnv-single-cell-atlas\data\interim\integrated\CNV_inputs\CopyKAT_HVG8000_r0_6\batchwise_micro_all_cells\copykat_microbatch_0011\copykat_raw_counts_genes_by_cells.mtx	G:\Repository\glioma-cnv-single-cell-atlas\data\interim\integrated\CNV_inputs\CopyKAT_HVG8000_r0_6\batchwise_micro_all_cells\copykat_microbatch_0011\copykat_genes.tsv	G:\Repository\glioma-cnv-single-cell-atlas\data\interim\integrated\CNV_inputs\CopyKAT_HVG8000_r0_6\batchwise_micro_all_cells\copykat_microbatch_0011\copykat_barcodes.tsv	G:\Repository\glioma-cnv-single-cell-atlas\data\interim\integrated\CNV_inputs\CopyKAT_HVG8000_r0_6\batchwise_micro_all_cells\copykat_microbatch_0011\copykat_cell_metadata.tsv	G:\Repository\glioma-cnv-single-cell-atlas\data\interim\integrated\CNV_inputs\CopyKAT_HVG8000_r0_6\batchwise_micro_all_cells\copykat_microbatch_0011\run_copykat_microbatch_0011.R	G:\Repository\glioma-cnv-single-cell-atlas\data\interim\integrated\CNV_inputs\CopyKAT_HVG8000_r0_6\batchwise_micro_all_cells\copykat_microbatch_0011\copykat_microbatch_0011_prediction.tsv
copykat_microbatch_0012	12	G:\Repository\glioma-cnv-single-cell-atlas\data\interim\integrated\CNV_inputs\CopyKAT_HVG8000_r0_6\batchwise_micro_all_cells\copykat_microbatch_0012	2999	2000	1000	15163	G:\Repository\glioma-cnv-single-cell-atlas\data\interim\integrated\CNV_inputs\CopyKAT_HVG8000_r0_6\batchwise_micro_all_cells\copykat_microbatch_0012\copykat_raw_counts_genes_by_cells.mtx.gz	G:\Repository\glioma-cnv-single-cell-atlas\data\interim\integrated\CNV_inputs\CopyKAT_HVG8000_r0_6\batchwise_micro_all_cells\copykat_microbatch_0012\copykat_raw_counts_genes_by_cells.mtx	G:\Repository\glioma-cnv-single-cell-atlas\data\interim\integrated\CNV_inputs\CopyKAT_HVG8000_r0_6\batchwise_micro_all_cells\copykat_microbatch_0012\copykat_genes.tsv	G:\Repository\glioma-cnv-single-cell-atlas\data\interim\integrated\CNV_inputs\CopyKAT_HVG8000_r0_6\batchwise_micro_all_cells\copykat_microbatch_0012\copykat_barcodes.tsv	G:\Repository\glioma-cnv-single-cell-atlas\data\interim\integrated\CNV_inputs\CopyKAT_HVG8000_r0_6\batchwise_micro_all_cells\copykat_microbatch_0012\copykat_cell_metadata.tsv	G:\Repository\glioma-cnv-single-cell-atlas\data\interim\integrated\CNV_inputs\CopyKAT_HVG8000_r0_6\batchwise_micro_all_cells\copykat_microbatch_0012\run_copykat_microbatch_0012.R	G:\Repository\glioma-cnv-single-cell-atlas\data\interim\integrated\CNV_inputs\CopyKAT_HVG8000_r0_6\batchwise_micro_all_cells\copykat_microbatch_0012\copykat_microbatch_0012_prediction.tsv
copykat_microbatch_0013	13	G:\Repository\glioma-cnv-single-cell-atlas\data\interim\integrated\CNV_inputs\CopyKAT_HVG8000_r0_6\batchwise_micro_all_cells\copykat_microbatch_0013	2994	2000	1000	15163	G:\Repository\glioma-cnv-single-cell-atlas\data\interim\integrated\CNV_inputs\CopyKAT_HVG8000_r0_6\batchwise_micro_all_cells\copykat_microbatch_0013\copykat_raw_counts_genes_by_cells.mtx.gz	G:\Repository\glioma-cnv-single-cell-atlas\data\interim\integrated\CNV_inputs\CopyKAT_HVG8000_r0_6\batchwise_micro_all_cells\copykat_microbatch_0013\copykat_raw_counts_genes_by_cells.mtx	G:\Repository\glioma-cnv-single-cell-atlas\data\interim\integrated\CNV_inputs\CopyKAT_HVG8000_r0_6\batchwise_micro_all_cells\copykat_microbatch_0013\copykat_genes.tsv	G:\Repository\glioma-cnv-single-cell-atlas\data\interim\integrated\CNV_inputs\CopyKAT_HVG8000_r0_6\batchwise_micro_all_cells\copykat_microbatch_0013\copykat_barcodes.tsv	G:\Repository\glioma-cnv-single-cell-atlas\data\interim\integrated\CNV_inputs\CopyKAT_HVG8000_r0_6\batchwise_micro_all_cells\copykat_microbatch_0013\copykat_cell_metadata.tsv	G:\Repository\glioma-cnv-single-cell-atlas\data\interim\integrated\CNV_inputs\CopyKAT_HVG8000_r0_6\batchwise_micro_all_cells\copykat_microbatch_0013\run_copykat_microbatch_0013.R	G:\Repository\glioma-cnv-single-cell-atlas\data\interim\integrated\CNV_inputs\CopyKAT_HVG8000_r0_6\batchwise_micro_all_cells\copykat_microbatch_0013\copykat_microbatch_0013_prediction.tsv
copykat_microbatch_0014	14	G:\Repository\glioma-cnv-single-cell-atlas\data\interim\integrated\CNV_inputs\CopyKAT_HVG8000_r0_6\batchwise_micro_all_cells\copykat_microbatch_0014	2991	2000	1000	15163	G:\Repository\glioma-cnv-single-cell-atlas\data\interim\integrated\CNV_inputs\CopyKAT_HVG8000_r0_6\batchwise_micro_all_cells\copykat_microbatch_0014\copykat_raw_counts_genes_by_cells.mtx.gz	G:\Repository\glioma-cnv-single-cell-atlas\data\interim\integrated\CNV_inputs\CopyKAT_HVG8000_r0_6\batchwise_micro_all_cells\copykat_microbatch_0014\copykat_raw_counts_genes_by_cells.mtx	G:\Repository\glioma-cnv-single-cell-atlas\data\interim\integrated\CNV_inputs\CopyKAT_HVG8000_r0_6\batchwise_micro_all_cells\copykat_microbatch_0014\copykat_genes.tsv	G:\Repository\glioma-cnv-single-cell-atlas\data\interim\integrated\CNV_inputs\CopyKAT_HVG8000_r0_6\batchwise_micro_all_cells\copykat_microbatch_0014\copykat_barcodes.tsv	G:\Repository\glioma-cnv-single-cell-atlas\data\interim\integrated\CNV_inputs\CopyKAT_HVG8000_r0_6\batchwise_micro_all_cells\copykat_microbatch_0014\copykat_cell_metadata.tsv	G:\Repository\glioma-cnv-single-cell-atlas\data\interim\integrated\CNV_inputs\CopyKAT_HVG8000_r0_6\batchwise_micro_all_cells\copykat_microbatch_0014\run_copykat_microbatch_0014.R	G:\Repository\glioma-cnv-single-cell-atlas\data\interim\integrated\CNV_inputs\CopyKAT_HVG8000_r0_6\batchwise_micro_all_cells\copykat_microbatch_0014\copykat_microbatch_0014_prediction.tsv
copykat_microbatch_0015	15	G:\Repository\glioma-cnv-single-cell-atlas\data\interim\integrated\CNV_inputs\CopyKAT_HVG8000_r0_6\batchwise_micro_all_cells\copykat_microbatch_0015	2999	2000	1000	15163	G:\Repository\glioma-cnv-single-cell-atlas\data\interim\integrated\CNV_inputs\CopyKAT_HVG8000_r0_6\batchwise_micro_all_cells\copykat_microbatch_0015\copykat_raw_counts_genes_by_cells.mtx.gz	G:\Repository\glioma-cnv-single-cell-atlas\data\interim\integrated\CNV_inputs\CopyKAT_HVG8000_r0_6\batchwise_micro_all_cells\copykat_microbatch_0015\copykat_raw_counts_genes_by_cells.mtx	G:\Repository\glioma-cnv-single-cell-atlas\data\interim\integrated\CNV_inputs\CopyKAT_HVG8000_r0_6\batchwise_micro_all_cells\copykat_microbatch_0015\copykat_genes.tsv	G:\Repository\glioma-cnv-single-cell-atlas\data\interim\integrated\CNV_inputs\CopyKAT_HVG8000_r0_6\batchwise_micro_all_cells\copykat_microbatch_0015\copykat_barcodes.tsv	G:\Repository\glioma-cnv-single-cell-atlas\data\interim\integrated\CNV_inputs\CopyKAT_HVG8000_r0_6\batchwise_micro_all_cells\copykat_microbatch_0015\copykat_cell_metadata.tsv	G:\Repository\glioma-cnv-single-cell-atlas\data\interim\integrated\CNV_inputs\CopyKAT_HVG8000_r0_6\batchwise_micro_all_cells\copykat_microbatch_0015\run_copykat_microbatch_0015.R	G:\Repository\glioma-cnv-single-cell-atlas\data\interim\integrated\CNV_inputs\CopyKAT_HVG8000_r0_6\batchwise_micro_all_cells\copykat_microbatch_0015\copykat_microbatch_0015_prediction.tsv
copykat_microbatch_0016	16	G:\Repository\glioma-cnv-single-cell-atlas\data\interim\integrated\CNV_inputs\CopyKAT_HVG8000_r0_6\batchwise_micro_all_cells\copykat_microbatch_0016	2999	2000	1000	15163	G:\Repository\glioma-cnv-single-cell-atlas\data\interim\integrated\CNV_inputs\CopyKAT_HVG8000_r0_6\batchwise_micro_all_cells\copykat_microbatch_0016\copykat_raw_counts_genes_by_cells.mtx.gz	G:\Repository\glioma-cnv-single-cell-atlas\data\interim\integrated\CNV_inputs\CopyKAT_HVG8000_r0_6\batchwise_micro_all_cells\copykat_microbatch_0016\copykat_raw_counts_genes_by_cells.mtx	G:\Repository\glioma-cnv-single-cell-atlas\data\interim\integrated\CNV_inputs\CopyKAT_HVG8000_r0_6\batchwise_micro_all_cells\copykat_microbatch_0016\copykat_genes.tsv	G:\Repository\glioma-cnv-single-cell-atlas\data\interim\integrated\CNV_inputs\CopyKAT_HVG8000_r0_6\batchwise_micro_all_cells\copykat_microbatch_0016\copykat_barcodes.tsv	G:\Repository\glioma-cnv-single-cell-atlas\data\interim\integrated\CNV_inputs\CopyKAT_HVG8000_r0_6\batchwise_micro_all_cells\copykat_microbatch_0016\copykat_cell_metadata.tsv	G:\Repository\glioma-cnv-single-cell-atlas\data\interim\integrated\CNV_inputs\CopyKAT_HVG8000_r0_6\batchwise_micro_all_cells\copykat_microbatch_0016\run_copykat_microbatch_0016.R	G:\Repository\glioma-cnv-single-cell-atlas\data\interim\integrated\CNV_inputs\CopyKAT_HVG8000_r0_6\batchwise_micro_all_cells\copykat_microbatch_0016\copykat_microbatch_0016_prediction.tsv
copykat_microbatch_0017	17	G:\Repository\glioma-cnv-single-cell-atlas\data\interim\integrated\CNV_inputs\CopyKAT_HVG8000_r0_6\batchwise_micro_all_cells\copykat_microbatch_0017	3000	2000	1000	15163	G:\Repository\glioma-cnv-single-cell-atlas\data\interim\integrated\CNV_inputs\CopyKAT_HVG8000_r0_6\batchwise_micro_all_cells\copykat_microbatch_0017\copykat_raw_counts_genes_by_cells.mtx.gz	G:\Repository\glioma-cnv-single-cell-atlas\data\interim\integrated\CNV_inputs\CopyKAT_HVG8000_r0_6\batchwise_micro_all_cells\copykat_microbatch_0017\copykat_raw_counts_genes_by_cells.mtx	G:\Repository\glioma-cnv-single-cell-atlas\data\interim\integrated\CNV_inputs\CopyKAT_HVG8000_r0_6\batchwise_micro_all_cells\copykat_microbatch_0017\copykat_genes.tsv	G:\Repository\glioma-cnv-single-cell-atlas\data\interim\integrated\CNV_inputs\CopyKAT_HVG8000_r0_6\batchwise_micro_all_cells\copykat_microbatch_0017\copykat_barcodes.tsv	G:\Repository\glioma-cnv-single-cell-atlas\data\interim\integrated\CNV_inputs\CopyKAT_HVG8000_r0_6\batchwise_micro_all_cells\copykat_microbatch_0017\copykat_cell_metadata.tsv	G:\Repository\glioma-cnv-single-cell-atlas\data\interim\integrated\CNV_inputs\CopyKAT_HVG8000_r0_6\batchwise_micro_all_cells\copykat_microbatch_0017\run_copykat_microbatch_0017.R	G:\Repository\glioma-cnv-single-cell-atlas\data\interim\integrated\CNV_inputs\CopyKAT_HVG8000_r0_6\batchwise_micro_all_cells\copykat_microbatch_0017\copykat_microbatch_0017_prediction.tsv
copykat_microbatch_0018	18	G:\Repository\glioma-cnv-single-cell-atlas\data\interim\integrated\CNV_inputs\CopyKAT_HVG8000_r0_6\batchwise_micro_all_cells\copykat_microbatch_0018	2993	2000	1000	15163	G:\Repository\glioma-cnv-single-cell-atlas\data\interim\integrated\CNV_inputs\CopyKAT_HVG8000_r0_6\batchwise_micro_all_cells\copykat_microbatch_0018\copykat_raw_counts_genes_by_cells.mtx.gz	G:\Repository\glioma-cnv-single-cell-atlas\data\interim\integrated\CNV_inputs\CopyKAT_HVG8000_r0_6\batchwise_micro_all_cells\copykat_microbatch_0018\copykat_raw_counts_genes_by_cells.mtx	G:\Repository\glioma-cnv-single-cell-atlas\data\interim\integrated\CNV_inputs\CopyKAT_HVG8000_r0_6\batchwise_micro_all_cells\copykat_microbatch_0018\copykat_genes.tsv	G:\Repository\glioma-cnv-single-cell-atlas\data\interim\integrated\CNV_inputs\CopyKAT_HVG8000_r0_6\batchwise_micro_all_cells\copykat_microbatch_0018\copykat_barcodes.tsv	G:\Repository\glioma-cnv-single-cell-atlas\data\interim\integrated\CNV_inputs\CopyKAT_HVG8000_r0_6\batchwise_micro_all_cells\copykat_microbatch_0018\copykat_cell_metadata.tsv	G:\Repository\glioma-cnv-single-cell-atlas\data\interim\integrated\CNV_inputs\CopyKAT_HVG8000_r0_6\batchwise_micro_all_cells\copykat_microbatch_0018\run_copykat_microbatch_0018.R	G:\Repository\glioma-cnv-single-cell-atlas\data\interim\integrated\CNV_inputs\CopyKAT_HVG8000_r0_6\batchwise_micro_all_cells\copykat_microbatch_0018\copykat_microbatch_0018_prediction.tsv
copykat_microbatch_0019	19	G:\Repository\glioma-cnv-single-cell-atlas\data\interim\integrated\CNV_inputs\CopyKAT_HVG8000_r0_6\batchwise_micro_all_cells\copykat_microbatch_0019	2999	2000	1000	15163	G:\Repository\glioma-cnv-single-cell-atlas\data\interim\integrated\CNV_inputs\CopyKAT_HVG8000_r0_6\batchwise_micro_all_cells\copykat_microbatch_0019\copykat_raw_counts_genes_by_cells.mtx.gz	G:\Repository\glioma-cnv-single-cell-atlas\data\interim\integrated\CNV_inputs\CopyKAT_HVG8000_r0_6\batchwise_micro_all_cells\copykat_microbatch_0019\copykat_raw_counts_genes_by_cells.mtx	G:\Repository\glioma-cnv-single-cell-atlas\data\interim\integrated\CNV_inputs\CopyKAT_HVG8000_r0_6\batchwise_micro_all_cells\copykat_microbatch_0019\copykat_genes.tsv	G:\Repository\glioma-cnv-single-cell-atlas\data\interim\integrated\CNV_inputs\CopyKAT_HVG8000_r0_6\batchwise_micro_all_cells\copykat_microbatch_0019\copykat_barcodes.tsv	G:\Repository\glioma-cnv-single-cell-atlas\data\interim\integrated\CNV_inputs\CopyKAT_HVG8000_r0_6\batchwise_micro_all_cells\copykat_microbatch_0019\copykat_cell_metadata.tsv	G:\Repository\glioma-cnv-single-cell-atlas\data\interim\integrated\CNV_inputs\CopyKAT_HVG8000_r0_6\batchwise_micro_all_cells\copykat_microbatch_0019\run_copykat_microbatch_0019.R	G:\Repository\glioma-cnv-single-cell-atlas\data\interim\integrated\CNV_inputs\CopyKAT_HVG8000_r0_6\batchwise_micro_all_cells\copykat_microbatch_0019\copykat_microbatch_0019_prediction.tsv
copykat_microbatch_0020	20	G:\Repository\glioma-cnv-single-cell-atlas\data\interim\integrated\CNV_inputs\CopyKAT_HVG8000_r0_6\batchwise_micro_all_cells\copykat_microbatch_0020	2999	2000	1000	15163	G:\Repository\glioma-cnv-single-cell-atlas\data\interim\integrated\CNV_inputs\CopyKAT_HVG8000_r0_6\batchwise_micro_all_cells\copykat_microbatch_0020\copykat_raw_counts_genes_by_cells.mtx.gz	G:\Repository\glioma-cnv-single-cell-atlas\data\interim\integrated\CNV_inputs\CopyKAT_HVG8000_r0_6\batchwise_micro_all_cells\copykat_microbatch_0020\copykat_raw_counts_genes_by_cells.mtx	G:\Repository\glioma-cnv-single-cell-atlas\data\interim\integrated\CNV_inputs\CopyKAT_HVG8000_r0_6\batchwise_micro_all_cells\copykat_microbatch_0020\copykat_genes.tsv	G:\Repository\glioma-cnv-single-cell-atlas\data\interim\integrated\CNV_inputs\CopyKAT_HVG8000_r0_6\batchwise_micro_all_cells\copykat_microbatch_0020\copykat_barcodes.tsv	G:\Repository\glioma-cnv-single-cell-atlas\data\interim\integrated\CNV_inputs\CopyKAT_HVG8000_r0_6\batchwise_micro_all_cells\copykat_microbatch_0020\copykat_cell_metadata.tsv	G:\Repository\glioma-cnv-single-cell-atlas\data\interim\integrated\CNV_inputs\CopyKAT_HVG8000_r0_6\batchwise_micro_all_cells\copykat_microbatch_0020\run_copykat_microbatch_0020.R	G:\Repository\glioma-cnv-single-cell-atlas\data\interim\integrated\CNV_inputs\CopyKAT_HVG8000_r0_6\batchwise_micro_all_cells\copykat_microbatch_0020\copykat_microbatch_0020_prediction.tsv
copykat_microbatch_0021	21	G:\Repository\glioma-cnv-single-cell-atlas\data\interim\integrated\CNV_inputs\CopyKAT_HVG8000_r0_6\batchwise_micro_all_cells\copykat_microbatch_0021	2998	2000	1000	15163	G:\Repository\glioma-cnv-single-cell-atlas\data\interim\integrated\CNV_inputs\CopyKAT_HVG8000_r0_6\batchwise_micro_all_cells\copykat_microbatch_0021\copykat_raw_counts_genes_by_cells.mtx.gz	G:\Repository\glioma-cnv-single-cell-atlas\data\interim\integrated\CNV_inputs\CopyKAT_HVG8000_r0_6\batchwise_micro_all_cells\copykat_microbatch_0021\copykat_raw_counts_genes_by_cells.mtx	G:\Repository\glioma-cnv-single-cell-atlas\data\interim\integrated\CNV_inputs\CopyKAT_HVG8000_r0_6\batchwise_micro_all_cells\copykat_microbatch_0021\copykat_genes.tsv	G:\Repository\glioma-cnv-single-cell-atlas\data\interim\integrated\CNV_inputs\CopyKAT_HVG8000_r0_6\batchwise_micro_all_cells\copykat_microbatch_0021\copykat_barcodes.tsv	G:\Repository\glioma-cnv-single-cell-atlas\data\interim\integrated\CNV_inputs\CopyKAT_HVG8000_r0_6\batchwise_micro_all_cells\copykat_microbatch_0021\copykat_cell_metadata.tsv	G:\Repository\glioma-cnv-single-cell-atlas\data\interim\integrated\CNV_inputs\CopyKAT_HVG8000_r0_6\batchwise_micro_all_cells\copykat_microbatch_0021\run_copykat_microbatch_0021.R	G:\Repository\glioma-cnv-single-cell-atlas\data\interim\integrated\CNV_inputs\CopyKAT_HVG8000_r0_6\batchwise_micro_all_cells\copykat_microbatch_0021\copykat_microbatch_0021_prediction.tsv
copykat_microbatch_0022	22	G:\Repository\glioma-cnv-single-cell-atlas\data\interim\integrated\CNV_inputs\CopyKAT_HVG8000_r0_6\batchwise_micro_all_cells\copykat_microbatch_0022	2979	2000	1000	15163	G:\Repository\glioma-cnv-single-cell-atlas\data\interim\integrated\CNV_inputs\CopyKAT_HVG8000_r0_6\batchwise_micro_all_cells\copykat_microbatch_0022\copykat_raw_counts_genes_by_cells.mtx.gz	G:\Repository\glioma-cnv-single-cell-atlas\data\interim\integrated\CNV_inputs\CopyKAT_HVG8000_r0_6\batchwise_micro_all_cells\copykat_microbatch_0022\copykat_raw_counts_genes_by_cells.mtx	G:\Repository\glioma-cnv-single-cell-atlas\data\interim\integrated\CNV_inputs\CopyKAT_HVG8000_r0_6\batchwise_micro_all_cells\copykat_microbatch_0022\copykat_genes.tsv	G:\Repository\glioma-cnv-single-cell-atlas\data\interim\integrated\CNV_inputs\CopyKAT_HVG8000_r0_6\batchwise_micro_all_cells\copykat_microbatch_0022\copykat_barcodes.tsv	G:\Repository\glioma-cnv-single-cell-atlas\data\interim\integrated\CNV_inputs\CopyKAT_HVG8000_r0_6\batchwise_micro_all_cells\copykat_microbatch_0022\copykat_cell_metadata.tsv	G:\Repository\glioma-cnv-single-cell-atlas\data\interim\integrated\CNV_inputs\CopyKAT_HVG8000_r0_6\batchwise_micro_all_cells\copykat_microbatch_0022\run_copykat_microbatch_0022.R	G:\Repository\glioma-cnv-single-cell-atlas\data\interim\integrated\CNV_inputs\CopyKAT_HVG8000_r0_6\batchwise_micro_all_cells\copykat_microbatch_0022\copykat_microbatch_0022_prediction.tsv
copykat_microbatch_0023	23	G:\Repository\glioma-cnv-single-cell-atlas\data\interim\integrated\CNV_inputs\CopyKAT_HVG8000_r0_6\batchwise_micro_all_cells\copykat_microbatch_0023	2990	2000	1000	15163	G:\Repository\glioma-cnv-single-cell-atlas\data\interim\integrated\CNV_inputs\CopyKAT_HVG8000_r0_6\batchwise_micro_all_cells\copykat_microbatch_0023\copykat_raw_counts_genes_by_cells.mtx.gz	G:\Repository\glioma-cnv-single-cell-atlas\data\interim\integrated\CNV_inputs\CopyKAT_HVG8000_r0_6\batchwise_micro_all_cells\copykat_microbatch_0023\copykat_raw_counts_genes_by_cells.mtx	G:\Repository\glioma-cnv-single-cell-atlas\data\interim\integrated\CNV_inputs\CopyKAT_HVG8000_r0_6\batchwise_micro_all_cells\copykat_microbatch_0023\copykat_genes.tsv	G:\Repository\glioma-cnv-single-cell-atlas\data\interim\integrated\CNV_inputs\CopyKAT_HVG8000_r0_6\batchwise_micro_all_cells\copykat_microbatch_0023\copykat_barcodes.tsv	G:\Repository\glioma-cnv-single-cell-atlas\data\interim\integrated\CNV_inputs\CopyKAT_HVG8000_r0_6\batchwise_micro_all_cells\copykat_microbatch_0023\copykat_cell_metadata.tsv	G:\Repository\glioma-cnv-single-cell-atlas\data\interim\integrated\CNV_inputs\CopyKAT_HVG8000_r0_6\batchwise_micro_all_cells\copykat_microbatch_0023\run_copykat_microbatch_0023.R	G:\Repository\glioma-cnv-single-cell-atlas\data\interim\integrated\CNV_inputs\CopyKAT_HVG8000_r0_6\batchwise_micro_all_cells\copykat_microbatch_0023\copykat_microbatch_0023_prediction.tsv
copykat_microbatch_0024	24	G:\Repository\glioma-cnv-single-cell-atlas\data\interim\integrated\CNV_inputs\CopyKAT_HVG8000_r0_6\batchwise_micro_all_cells\copykat_microbatch_0024	2998	2000	1000	15163	G:\Repository\glioma-cnv-single-cell-atlas\data\interim\integrated\CNV_inputs\CopyKAT_HVG8000_r0_6\batchwise_micro_all_cells\copykat_microbatch_0024\copykat_raw_counts_genes_by_cells.mtx.gz	G:\Repository\glioma-cnv-single-cell-atlas\data\interim\integrated\CNV_inputs\CopyKAT_HVG8000_r0_6\batchwise_micro_all_cells\copykat_microbatch_0024\copykat_raw_counts_genes_by_cells.mtx	G:\Repository\glioma-cnv-single-cell-atlas\data\interim\integrated\CNV_inputs\CopyKAT_HVG8000_r0_6\batchwise_micro_all_cells\copykat_microbatch_0024\copykat_genes.tsv	G:\Repository\glioma-cnv-single-cell-atlas\data\interim\integrated\CNV_inputs\CopyKAT_HVG8000_r0_6\batchwise_micro_all_cells\copykat_microbatch_0024\copykat_barcodes.tsv	G:\Repository\glioma-cnv-single-cell-atlas\data\interim\integrated\CNV_inputs\CopyKAT_HVG8000_r0_6\batchwise_micro_all_cells\copykat_microbatch_0024\copykat_cell_metadata.tsv	G:\Repository\glioma-cnv-single-cell-atlas\data\interim\integrated\CNV_inputs\CopyKAT_HVG8000_r0_6\batchwise_micro_all_cells\copykat_microbatch_0024\run_copykat_microbatch_0024.R	G:\Repository\glioma-cnv-single-cell-atlas\data\interim\integrated\CNV_inputs\CopyKAT_HVG8000_r0_6\batchwise_micro_all_cells\copykat_microbatch_0024\copykat_microbatch_0024_prediction.tsv
copykat_microbatch_0025	25	G:\Repository\glioma-cnv-single-cell-atlas\data\interim\integrated\CNV_inputs\CopyKAT_HVG8000_r0_6\batchwise_micro_all_cells\copykat_microbatch_0025	2998	2000	1000	15163	G:\Repository\glioma-cnv-single-cell-atlas\data\interim\integrated\CNV_inputs\CopyKAT_HVG8000_r0_6\batchwise_micro_all_cells\copykat_microbatch_0025\copykat_raw_counts_genes_by_cells.mtx.gz	G:\Repository\glioma-cnv-single-cell-atlas\data\interim\integrated\CNV_inputs\CopyKAT_HVG8000_r0_6\batchwise_micro_all_cells\copykat_microbatch_0025\copykat_raw_counts_genes_by_cells.mtx	G:\Repository\glioma-cnv-single-cell-atlas\data\interim\integrated\CNV_inputs\CopyKAT_HVG8000_r0_6\batchwise_micro_all_cells\copykat_microbatch_0025\copykat_genes.tsv	G:\Repository\glioma-cnv-single-cell-atlas\data\interim\integrated\CNV_inputs\CopyKAT_HVG8000_r0_6\batchwise_micro_all_cells\copykat_microbatch_0025\copykat_barcodes.tsv	G:\Repository\glioma-cnv-single-cell-atlas\data\interim\integrated\CNV_inputs\CopyKAT_HVG8000_r0_6\batchwise_micro_all_cells\copykat_microbatch_0025\copykat_cell_metadata.tsv	G:\Repository\glioma-cnv-single-cell-atlas\data\interim\integrated\CNV_inputs\CopyKAT_HVG8000_r0_6\batchwise_micro_all_cells\copykat_microbatch_0025\run_copykat_microbatch_0025.R	G:\Repository\glioma-cnv-single-cell-atlas\data\interim\integrated\CNV_inputs\CopyKAT_HVG8000_r0_6\batchwise_micro_all_cells\copykat_microbatch_0025\copykat_microbatch_0025_prediction.tsv
copykat_microbatch_0026	26	G:\Repository\glioma-cnv-single-cell-atlas\data\interim\integrated\CNV_inputs\CopyKAT_HVG8000_r0_6\batchwise_micro_all_cells\copykat_microbatch_0026	2999	2000	1000	15163	G:\Repository\glioma-cnv-single-cell-atlas\data\interim\integrated\CNV_inputs\CopyKAT_HVG8000_r0_6\batchwise_micro_all_cells\copykat_microbatch_0026\copykat_raw_counts_genes_by_cells.mtx.gz	G:\Repository\glioma-cnv-single-cell-atlas\data\interim\integrated\CNV_inputs\CopyKAT_HVG8000_r0_6\batchwise_micro_all_cells\copykat_microbatch_0026\copykat_raw_counts_genes_by_cells.mtx	G:\Repository\glioma-cnv-single-cell-atlas\data\interim\integrated\CNV_inputs\CopyKAT_HVG8000_r0_6\batchwise_micro_all_cells\copykat_microbatch_0026\copykat_genes.tsv	G:\Repository\glioma-cnv-single-cell-atlas\data\interim\integrated\CNV_inputs\CopyKAT_HVG8000_r0_6\batchwise_micro_all_cells\copykat_microbatch_0026\copykat_barcodes.tsv	G:\Repository\glioma-cnv-single-cell-atlas\data\interim\integrated\CNV_inputs\CopyKAT_HVG8000_r0_6\batchwise_micro_all_cells\copykat_microbatch_0026\copykat_cell_metadata.tsv	G:\Repository\glioma-cnv-single-cell-atlas\data\interim\integrated\CNV_inputs\CopyKAT_HVG8000_r0_6\batchwise_micro_all_cells\copykat_microbatch_0026\run_copykat_microbatch_0026.R	G:\Repository\glioma-cnv-single-cell-atlas\data\interim\integrated\CNV_inputs\CopyKAT_HVG8000_r0_6\batchwise_micro_all_cells\copykat_microbatch_0026\copykat_microbatch_0026_prediction.tsv
copykat_microbatch_0027	27	G:\Repository\glioma-cnv-single-cell-atlas\data\interim\integrated\CNV_inputs\CopyKAT_HVG8000_r0_6\batchwise_micro_all_cells\copykat_microbatch_0027	2996	2000	1000	15163	G:\Repository\glioma-cnv-single-cell-atlas\data\interim\integrated\CNV_inputs\CopyKAT_HVG8000_r0_6\batchwise_micro_all_cells\copykat_microbatch_0027\copykat_raw_counts_genes_by_cells.mtx.gz	G:\Repository\glioma-cnv-single-cell-atlas\data\interim\integrated\CNV_inputs\CopyKAT_HVG8000_r0_6\batchwise_micro_all_cells\copykat_microbatch_0027\copykat_raw_counts_genes_by_cells.mtx	G:\Repository\glioma-cnv-single-cell-atlas\data\interim\integrated\CNV_inputs\CopyKAT_HVG8000_r0_6\batchwise_micro_all_cells\copykat_microbatch_0027\copykat_genes.tsv	G:\Repository\glioma-cnv-single-cell-atlas\data\interim\integrated\CNV_inputs\CopyKAT_HVG8000_r0_6\batchwise_micro_all_cells\copykat_microbatch_0027\copykat_barcodes.tsv	G:\Repository\glioma-cnv-single-cell-atlas\data\interim\integrated\CNV_inputs\CopyKAT_HVG8000_r0_6\batchwise_micro_all_cells\copykat_microbatch_0027\copykat_cell_metadata.tsv	G:\Repository\glioma-cnv-single-cell-atlas\data\interim\integrated\CNV_inputs\CopyKAT_HVG8000_r0_6\batchwise_micro_all_cells\copykat_microbatch_0027\run_copykat_microbatch_0027.R	G:\Repository\glioma-cnv-single-cell-atlas\data\interim\integrated\CNV_inputs\CopyKAT_HVG8000_r0_6\batchwise_micro_all_cells\copykat_microbatch_0027\copykat_microbatch_0027_prediction.tsv
copykat_microbatch_0028	28	G:\Repository\glioma-cnv-single-cell-atlas\data\interim\integrated\CNV_inputs\CopyKAT_HVG8000_r0_6\batchwise_micro_all_cells\copykat_microbatch_0028	2999	2000	1000	15163	G:\Repository\glioma-cnv-single-cell-atlas\data\interim\integrated\CNV_inputs\CopyKAT_HVG8000_r0_6\batchwise_micro_all_cells\copykat_microbatch_0028\copykat_raw_counts_genes_by_cells.mtx.gz	G:\Repository\glioma-cnv-single-cell-atlas\data\interim\integrated\CNV_inputs\CopyKAT_HVG8000_r0_6\batchwise_micro_all_cells\copykat_microbatch_0028\copykat_raw_counts_genes_by_cells.mtx	G:\Repository\glioma-cnv-single-cell-atlas\data\interim\integrated\CNV_inputs\CopyKAT_HVG8000_r0_6\batchwise_micro_all_cells\copykat_microbatch_0028\copykat_genes.tsv	G:\Repository\glioma-cnv-single-cell-atlas\data\interim\integrated\CNV_inputs\CopyKAT_HVG8000_r0_6\batchwise_micro_all_cells\copykat_microbatch_0028\copykat_barcodes.tsv	G:\Repository\glioma-cnv-single-cell-atlas\data\interim\integrated\CNV_inputs\CopyKAT_HVG8000_r0_6\batchwise_micro_all_cells\copykat_microbatch_0028\copykat_cell_metadata.tsv	G:\Repository\glioma-cnv-single-cell-atlas\data\interim\integrated\CNV_inputs\CopyKAT_HVG8000_r0_6\batchwise_micro_all_cells\copykat_microbatch_0028\run_copykat_microbatch_0028.R	G:\Repository\glioma-cnv-single-cell-atlas\data\interim\integrated\CNV_inputs\CopyKAT_HVG8000_r0_6\batchwise_micro_all_cells\copykat_microbatch_0028\copykat_microbatch_0028_prediction.tsv
copykat_microbatch_0029	29	G:\Repository\glioma-cnv-single-cell-atlas\data\interim\integrated\CNV_inputs\CopyKAT_HVG8000_r0_6\batchwise_micro_all_cells\copykat_microbatch_0029	2999	2000	1000	15163	G:\Repository\glioma-cnv-single-cell-atlas\data\interim\integrated\CNV_inputs\CopyKAT_HVG8000_r0_6\batchwise_micro_all_cells\copykat_microbatch_0029\copykat_raw_counts_genes_by_cells.mtx.gz	G:\Repository\glioma-cnv-single-cell-atlas\data\interim\integrated\CNV_inputs\CopyKAT_HVG8000_r0_6\batchwise_micro_all_cells\copykat_microbatch_0029\copykat_raw_counts_genes_by_cells.mtx	G:\Repository\glioma-cnv-single-cell-atlas\data\interim\integrated\CNV_inputs\CopyKAT_HVG8000_r0_6\batchwise_micro_all_cells\copykat_microbatch_0029\copykat_genes.tsv	G:\Repository\glioma-cnv-single-cell-atlas\data\interim\integrated\CNV_inputs\CopyKAT_HVG8000_r0_6\batchwise_micro_all_cells\copykat_microbatch_0029\copykat_barcodes.tsv	G:\Repository\glioma-cnv-single-cell-atlas\data\interim\integrated\CNV_inputs\CopyKAT_HVG8000_r0_6\batchwise_micro_all_cells\copykat_microbatch_0029\copykat_cell_metadata.tsv	G:\Repository\glioma-cnv-single-cell-atlas\data\interim\integrated\CNV_inputs\CopyKAT_HVG8000_r0_6\batchwise_micro_all_cells\copykat_microbatch_0029\run_copykat_microbatch_0029.R	G:\Repository\glioma-cnv-single-cell-atlas\data\interim\integrated\CNV_inputs\CopyKAT_HVG8000_r0_6\batchwise_micro_all_cells\copykat_microbatch_0029\copykat_microbatch_0029_prediction.tsv
copykat_microbatch_0030	30	G:\Repository\glioma-cnv-single-cell-atlas\data\interim\integrated\CNV_inputs\CopyKAT_HVG8000_r0_6\batchwise_micro_all_cells\copykat_microbatch_0030	2996	2000	1000	15163	G:\Repository\glioma-cnv-single-cell-atlas\data\interim\integrated\CNV_inputs\CopyKAT_HVG8000_r0_6\batchwise_micro_all_cells\copykat_microbatch_0030\copykat_raw_counts_genes_by_cells.mtx.gz	G:\Repository\glioma-cnv-single-cell-atlas\data\interim\integrated\CNV_inputs\CopyKAT_HVG8000_r0_6\batchwise_micro_all_cells\copykat_microbatch_0030\copykat_raw_counts_genes_by_cells.mtx	G:\Repository\glioma-cnv-single-cell-atlas\data\interim\integrated\CNV_inputs\CopyKAT_HVG8000_r0_6\batchwise_micro_all_cells\copykat_microbatch_0030\copykat_genes.tsv	G:\Repository\glioma-cnv-single-cell-atlas\data\interim\integrated\CNV_inputs\CopyKAT_HVG8000_r0_6\batchwise_micro_all_cells\copykat_microbatch_0030\copykat_barcodes.tsv	G:\Repository\glioma-cnv-single-cell-atlas\data\interim\integrated\CNV_inputs\CopyKAT_HVG8000_r0_6\batchwise_micro_all_cells\copykat_microbatch_0030\copykat_cell_metadata.tsv	G:\Repository\glioma-cnv-single-cell-atlas\data\interim\integrated\CNV_inputs\CopyKAT_HVG8000_r0_6\batchwise_micro_all_cells\copykat_microbatch_0030\run_copykat_microbatch_0030.R	G:\Repository\glioma-cnv-single-cell-atlas\data\interim\integrated\CNV_inputs\CopyKAT_HVG8000_r0_6\batchwise_micro_all_cells\copykat_microbatch_0030\copykat_microbatch_0030_prediction.tsv
copykat_microbatch_0031	31	G:\Repository\glioma-cnv-single-cell-atlas\data\interim\integrated\CNV_inputs\CopyKAT_HVG8000_r0_6\batchwise_micro_all_cells\copykat_microbatch_0031	2995	2000	1000	15163	G:\Repository\glioma-cnv-single-cell-atlas\data\interim\integrated\CNV_inputs\CopyKAT_HVG8000_r0_6\batchwise_micro_all_cells\copykat_microbatch_0031\copykat_raw_counts_genes_by_cells.mtx.gz	G:\Repository\glioma-cnv-single-cell-atlas\data\interim\integrated\CNV_inputs\CopyKAT_HVG8000_r0_6\batchwise_micro_all_cells\copykat_microbatch_0031\copykat_raw_counts_genes_by_cells.mtx	G:\Repository\glioma-cnv-single-cell-atlas\data\interim\integrated\CNV_inputs\CopyKAT_HVG8000_r0_6\batchwise_micro_all_cells\copykat_microbatch_0031\copykat_genes.tsv	G:\Repository\glioma-cnv-single-cell-atlas\data\interim\integrated\CNV_inputs\CopyKAT_HVG8000_r0_6\batchwise_micro_all_cells\copykat_microbatch_0031\copykat_barcodes.tsv	G:\Repository\glioma-cnv-single-cell-atlas\data\interim\integrated\CNV_inputs\CopyKAT_HVG8000_r0_6\batchwise_micro_all_cells\copykat_microbatch_0031\copykat_cell_metadata.tsv	G:\Repository\glioma-cnv-single-cell-atlas\data\interim\integrated\CNV_inputs\CopyKAT_HVG8000_r0_6\batchwise_micro_all_cells\copykat_microbatch_0031\run_copykat_microbatch_0031.R	G:\Repository\glioma-cnv-single-cell-atlas\data\interim\integrated\CNV_inputs\CopyKAT_HVG8000_r0_6\batchwise_micro_all_cells\copykat_microbatch_0031\copykat_microbatch_0031_prediction.tsv
copykat_microbatch_0032	32	G:\Repository\glioma-cnv-single-cell-atlas\data\interim\integrated\CNV_inputs\CopyKAT_HVG8000_r0_6\batchwise_micro_all_cells\copykat_microbatch_0032	2996	2000	1000	15163	G:\Repository\glioma-cnv-single-cell-atlas\data\interim\integrated\CNV_inputs\CopyKAT_HVG8000_r0_6\batchwise_micro_all_cells\copykat_microbatch_0032\copykat_raw_counts_genes_by_cells.mtx.gz	G:\Repository\glioma-cnv-single-cell-atlas\data\interim\integrated\CNV_inputs\CopyKAT_HVG8000_r0_6\batchwise_micro_all_cells\copykat_microbatch_0032\copykat_raw_counts_genes_by_cells.mtx	G:\Repository\glioma-cnv-single-cell-atlas\data\interim\integrated\CNV_inputs\CopyKAT_HVG8000_r0_6\batchwise_micro_all_cells\copykat_microbatch_0032\copykat_genes.tsv	G:\Repository\glioma-cnv-single-cell-atlas\data\interim\integrated\CNV_inputs\CopyKAT_HVG8000_r0_6\batchwise_micro_all_cells\copykat_microbatch_0032\copykat_barcodes.tsv	G:\Repository\glioma-cnv-single-cell-atlas\data\interim\integrated\CNV_inputs\CopyKAT_HVG8000_r0_6\batchwise_micro_all_cells\copykat_microbatch_0032\copykat_cell_metadata.tsv	G:\Repository\glioma-cnv-single-cell-atlas\data\interim\integrated\CNV_inputs\CopyKAT_HVG8000_r0_6\batchwise_micro_all_cells\copykat_microbatch_0032\run_copykat_microbatch_0032.R	G:\Repository\glioma-cnv-single-cell-atlas\data\interim\integrated\CNV_inputs\CopyKAT_HVG8000_r0_6\batchwise_micro_all_cells\copykat_microbatch_0032\copykat_microbatch_0032_prediction.tsv
copykat_microbatch_0033	33	G:\Repository\glioma-cnv-single-cell-atlas\data\interim\integrated\CNV_inputs\CopyKAT_HVG8000_r0_6\batchwise_micro_all_cells\copykat_microbatch_0033	2996	2000	1000	15163	G:\Repository\glioma-cnv-single-cell-atlas\data\interim\integrated\CNV_inputs\CopyKAT_HVG8000_r0_6\batchwise_micro_all_cells\copykat_microbatch_0033\copykat_raw_counts_genes_by_cells.mtx.gz	G:\Repository\glioma-cnv-single-cell-atlas\data\interim\integrated\CNV_inputs\CopyKAT_HVG8000_r0_6\batchwise_micro_all_cells\copykat_microbatch_0033\copykat_raw_counts_genes_by_cells.mtx	G:\Repository\glioma-cnv-single-cell-atlas\data\interim\integrated\CNV_inputs\CopyKAT_HVG8000_r0_6\batchwise_micro_all_cells\copykat_microbatch_0033\copykat_genes.tsv	G:\Repository\glioma-cnv-single-cell-atlas\data\interim\integrated\CNV_inputs\CopyKAT_HVG8000_r0_6\batchwise_micro_all_cells\copykat_microbatch_0033\copykat_barcodes.tsv	G:\Repository\glioma-cnv-single-cell-atlas\data\interim\integrated\CNV_inputs\CopyKAT_HVG8000_r0_6\batchwise_micro_all_cells\copykat_microbatch_0033\copykat_cell_metadata.tsv	G:\Repository\glioma-cnv-single-cell-atlas\data\interim\integrated\CNV_inputs\CopyKAT_HVG8000_r0_6\batchwise_micro_all_cells\copykat_microbatch_0033\run_copykat_microbatch_0033.R	G:\Repository\glioma-cnv-single-cell-atlas\data\interim\integrated\CNV_inputs\CopyKAT_HVG8000_r0_6\batchwise_micro_all_cells\copykat_microbatch_0033\copykat_microbatch_0033_prediction.tsv
copykat_microbatch_0034	34	G:\Repository\glioma-cnv-single-cell-atlas\data\interim\integrated\CNV_inputs\CopyKAT_HVG8000_r0_6\batchwise_micro_all_cells\copykat_microbatch_0034	2992	2000	1000	15163	G:\Repository\glioma-cnv-single-cell-atlas\data\interim\integrated\CNV_inputs\CopyKAT_HVG8000_r0_6\batchwise_micro_all_cells\copykat_microbatch_0034\copykat_raw_counts_genes_by_cells.mtx.gz	G:\Repository\glioma-cnv-single-cell-atlas\data\interim\integrated\CNV_inputs\CopyKAT_HVG8000_r0_6\batchwise_micro_all_cells\copykat_microbatch_0034\copykat_raw_counts_genes_by_cells.mtx	G:\Repository\glioma-cnv-single-cell-atlas\data\interim\integrated\CNV_inputs\CopyKAT_HVG8000_r0_6\batchwise_micro_all_cells\copykat_microbatch_0034\copykat_genes.tsv	G:\Repository\glioma-cnv-single-cell-atlas\data\interim\integrated\CNV_inputs\CopyKAT_HVG8000_r0_6\batchwise_micro_all_cells\copykat_microbatch_0034\copykat_barcodes.tsv	G:\Repository\glioma-cnv-single-cell-atlas\data\interim\integrated\CNV_inputs\CopyKAT_HVG8000_r0_6\batchwise_micro_all_cells\copykat_microbatch_0034\copykat_cell_metadata.tsv	G:\Repository\glioma-cnv-single-cell-atlas\data\interim\integrated\CNV_inputs\CopyKAT_HVG8000_r0_6\batchwise_micro_all_cells\copykat_microbatch_0034\run_copykat_microbatch_0034.R	G:\Repository\glioma-cnv-single-cell-atlas\data\interim\integrated\CNV_inputs\CopyKAT_HVG8000_r0_6\batchwise_micro_all_cells\copykat_microbatch_0034\copykat_microbatch_0034_prediction.tsv
copykat_microbatch_0035	35	G:\Repository\glioma-cnv-single-cell-atlas\data\interim\integrated\CNV_inputs\CopyKAT_HVG8000_r0_6\batchwise_micro_all_cells\copykat_microbatch_0035	2990	2000	1000	15163	G:\Repository\glioma-cnv-single-cell-atlas\data\interim\integrated\CNV_inputs\CopyKAT_HVG8000_r0_6\batchwise_micro_all_cells\copykat_microbatch_0035\copykat_raw_counts_genes_by_cells.mtx.gz	G:\Repository\glioma-cnv-single-cell-atlas\data\interim\integrated\CNV_inputs\CopyKAT_HVG8000_r0_6\batchwise_micro_all_cells\copykat_microbatch_0035\copykat_raw_counts_genes_by_cells.mtx	G:\Repository\glioma-cnv-single-cell-atlas\data\interim\integrated\CNV_inputs\CopyKAT_HVG8000_r0_6\batchwise_micro_all_cells\copykat_microbatch_0035\copykat_genes.tsv	G:\Repository\glioma-cnv-single-cell-atlas\data\interim\integrated\CNV_inputs\CopyKAT_HVG8000_r0_6\batchwise_micro_all_cells\copykat_microbatch_0035\copykat_barcodes.tsv	G:\Repository\glioma-cnv-single-cell-atlas\data\interim\integrated\CNV_inputs\CopyKAT_HVG8000_r0_6\batchwise_micro_all_cells\copykat_microbatch_0035\copykat_cell_metadata.tsv	G:\Repository\glioma-cnv-single-cell-atlas\data\interim\integrated\CNV_inputs\CopyKAT_HVG8000_r0_6\batchwise_micro_all_cells\copykat_microbatch_0035\run_copykat_microbatch_0035.R	G:\Repository\glioma-cnv-single-cell-atlas\data\interim\integrated\CNV_inputs\CopyKAT_HVG8000_r0_6\batchwise_micro_all_cells\copykat_microbatch_0035\copykat_microbatch_0035_prediction.tsv
copykat_microbatch_0036	36	G:\Repository\glioma-cnv-single-cell-atlas\data\interim\integrated\CNV_inputs\CopyKAT_HVG8000_r0_6\batchwise_micro_all_cells\copykat_microbatch_0036	2987	2000	1000	15163	G:\Repository\glioma-cnv-single-cell-atlas\data\interim\integrated\CNV_inputs\CopyKAT_HVG8000_r0_6\batchwise_micro_all_cells\copykat_microbatch_0036\copykat_raw_counts_genes_by_cells.mtx.gz	G:\Repository\glioma-cnv-single-cell-atlas\data\interim\integrated\CNV_inputs\CopyKAT_HVG8000_r0_6\batchwise_micro_all_cells\copykat_microbatch_0036\copykat_raw_counts_genes_by_cells.mtx	G:\Repository\glioma-cnv-single-cell-atlas\data\interim\integrated\CNV_inputs\CopyKAT_HVG8000_r0_6\batchwise_micro_all_cells\copykat_microbatch_0036\copykat_genes.tsv	G:\Repository\glioma-cnv-single-cell-atlas\data\interim\integrated\CNV_inputs\CopyKAT_HVG8000_r0_6\batchwise_micro_all_cells\copykat_microbatch_0036\copykat_barcodes.tsv	G:\Repository\glioma-cnv-single-cell-atlas\data\interim\integrated\CNV_inputs\CopyKAT_HVG8000_r0_6\batchwise_micro_all_cells\copykat_microbatch_0036\copykat_cell_metadata.tsv	G:\Repository\glioma-cnv-single-cell-atlas\data\interim\integrated\CNV_inputs\CopyKAT_HVG8000_r0_6\batchwise_micro_all_cells\copykat_microbatch_0036\run_copykat_microbatch_0036.R	G:\Repository\glioma-cnv-single-cell-atlas\data\interim\integrated\CNV_inputs\CopyKAT_HVG8000_r0_6\batchwise_micro_all_cells\copykat_microbatch_0036\copykat_microbatch_0036_prediction.tsv
copykat_microbatch_0037	37	G:\Repository\glioma-cnv-single-cell-atlas\data\interim\integrated\CNV_inputs\CopyKAT_HVG8000_r0_6\batchwise_micro_all_cells\copykat_microbatch_0037	2999	2000	1000	15163	G:\Repository\glioma-cnv-single-cell-atlas\data\interim\integrated\CNV_inputs\CopyKAT_HVG8000_r0_6\batchwise_micro_all_cells\copykat_microbatch_0037\copykat_raw_counts_genes_by_cells.mtx.gz	G:\Repository\glioma-cnv-single-cell-atlas\data\interim\integrated\CNV_inputs\CopyKAT_HVG8000_r0_6\batchwise_micro_all_cells\copykat_microbatch_0037\copykat_raw_counts_genes_by_cells.mtx	G:\Repository\glioma-cnv-single-cell-atlas\data\interim\integrated\CNV_inputs\CopyKAT_HVG8000_r0_6\batchwise_micro_all_cells\copykat_microbatch_0037\copykat_genes.tsv	G:\Repository\glioma-cnv-single-cell-atlas\data\interim\integrated\CNV_inputs\CopyKAT_HVG8000_r0_6\batchwise_micro_all_cells\copykat_microbatch_0037\copykat_barcodes.tsv	G:\Repository\glioma-cnv-single-cell-atlas\data\interim\integrated\CNV_inputs\CopyKAT_HVG8000_r0_6\batchwise_micro_all_cells\copykat_microbatch_0037\copykat_cell_metadata.tsv	G:\Repository\glioma-cnv-single-cell-atlas\data\interim\integrated\CNV_inputs\CopyKAT_HVG8000_r0_6\batchwise_micro_all_cells\copykat_microbatch_0037\run_copykat_microbatch_0037.R	G:\Repository\glioma-cnv-single-cell-atlas\data\interim\integrated\CNV_inputs\CopyKAT_HVG8000_r0_6\batchwise_micro_all_cells\copykat_microbatch_0037\copykat_microbatch_0037_prediction.tsv
copykat_microbatch_0038	38	G:\Repository\glioma-cnv-single-cell-atlas\data\interim\integrated\CNV_inputs\CopyKAT_HVG8000_r0_6\batchwise_micro_all_cells\copykat_microbatch_0038	2999	2000	1000	15163	G:\Repository\glioma-cnv-single-cell-atlas\data\interim\integrated\CNV_inputs\CopyKAT_HVG8000_r0_6\batchwise_micro_all_cells\copykat_microbatch_0038\copykat_raw_counts_genes_by_cells.mtx.gz	G:\Repository\glioma-cnv-single-cell-atlas\data\interim\integrated\CNV_inputs\CopyKAT_HVG8000_r0_6\batchwise_micro_all_cells\copykat_microbatch_0038\copykat_raw_counts_genes_by_cells.mtx	G:\Repository\glioma-cnv-single-cell-atlas\data\interim\integrated\CNV_inputs\CopyKAT_HVG8000_r0_6\batchwise_micro_all_cells\copykat_microbatch_0038\copykat_genes.tsv	G:\Repository\glioma-cnv-single-cell-atlas\data\interim\integrated\CNV_inputs\CopyKAT_HVG8000_r0_6\batchwise_micro_all_cells\copykat_microbatch_0038\copykat_barcodes.tsv	G:\Repository\glioma-cnv-single-cell-atlas\data\interim\integrated\CNV_inputs\CopyKAT_HVG8000_r0_6\batchwise_micro_all_cells\copykat_microbatch_0038\copykat_cell_metadata.tsv	G:\Repository\glioma-cnv-single-cell-atlas\data\interim\integrated\CNV_inputs\CopyKAT_HVG8000_r0_6\batchwise_micro_all_cells\copykat_microbatch_0038\run_copykat_microbatch_0038.R	G:\Repository\glioma-cnv-single-cell-atlas\data\interim\integrated\CNV_inputs\CopyKAT_HVG8000_r0_6\batchwise_micro_all_cells\copykat_microbatch_0038\copykat_microbatch_0038_prediction.tsv
copykat_microbatch_0039	39	G:\Repository\glioma-cnv-single-cell-atlas\data\interim\integrated\CNV_inputs\CopyKAT_HVG8000_r0_6\batchwise_micro_all_cells\copykat_microbatch_0039	3000	2000	1000	15163	G:\Repository\glioma-cnv-single-cell-atlas\data\interim\integrated\CNV_inputs\CopyKAT_HVG8000_r0_6\batchwise_micro_all_cells\copykat_microbatch_0039\copykat_raw_counts_genes_by_cells.mtx.gz	G:\Repository\glioma-cnv-single-cell-atlas\data\interim\integrated\CNV_inputs\CopyKAT_HVG8000_r0_6\batchwise_micro_all_cells\copykat_microbatch_0039\copykat_raw_counts_genes_by_cells.mtx	G:\Repository\glioma-cnv-single-cell-atlas\data\interim\integrated\CNV_inputs\CopyKAT_HVG8000_r0_6\batchwise_micro_all_cells\copykat_microbatch_0039\copykat_genes.tsv	G:\Repository\glioma-cnv-single-cell-atlas\data\interim\integrated\CNV_inputs\CopyKAT_HVG8000_r0_6\batchwise_micro_all_cells\copykat_microbatch_0039\copykat_barcodes.tsv	G:\Repository\glioma-cnv-single-cell-atlas\data\interim\integrated\CNV_inputs\CopyKAT_HVG8000_r0_6\batchwise_micro_all_cells\copykat_microbatch_0039\copykat_cell_metadata.tsv	G:\Repository\glioma-cnv-single-cell-atlas\data\interim\integrated\CNV_inputs\CopyKAT_HVG8000_r0_6\batchwise_micro_all_cells\copykat_microbatch_0039\run_copykat_microbatch_0039.R	G:\Repository\glioma-cnv-single-cell-atlas\data\interim\integrated\CNV_inputs\CopyKAT_HVG8000_r0_6\batchwise_micro_all_cells\copykat_microbatch_0039\copykat_microbatch_0039_prediction.tsv
copykat_microbatch_0040	40	G:\Repository\glioma-cnv-single-cell-atlas\data\interim\integrated\CNV_inputs\CopyKAT_HVG8000_r0_6\batchwise_micro_all_cells\copykat_microbatch_0040	3000	2000	1000	15163	G:\Repository\glioma-cnv-single-cell-atlas\data\interim\integrated\CNV_inputs\CopyKAT_HVG8000_r0_6\batchwise_micro_all_cells\copykat_microbatch_0040\copykat_raw_counts_genes_by_cells.mtx.gz	G:\Repository\glioma-cnv-single-cell-atlas\data\interim\integrated\CNV_inputs\CopyKAT_HVG8000_r0_6\batchwise_micro_all_cells\copykat_microbatch_0040\copykat_raw_counts_genes_by_cells.mtx	G:\Repository\glioma-cnv-single-cell-atlas\data\interim\integrated\CNV_inputs\CopyKAT_HVG8000_r0_6\batchwise_micro_all_cells\copykat_microbatch_0040\copykat_genes.tsv	G:\Repository\glioma-cnv-single-cell-atlas\data\interim\integrated\CNV_inputs\CopyKAT_HVG8000_r0_6\batchwise_micro_all_cells\copykat_microbatch_0040\copykat_barcodes.tsv	G:\Repository\glioma-cnv-single-cell-atlas\data\interim\integrated\CNV_inputs\CopyKAT_HVG8000_r0_6\batchwise_micro_all_cells\copykat_microbatch_0040\copykat_cell_metadata.tsv	G:\Repository\glioma-cnv-single-cell-atlas\data\interim\integrated\CNV_inputs\CopyKAT_HVG8000_r0_6\batchwise_micro_all_cells\copykat_microbatch_0040\run_copykat_microbatch_0040.R	G:\Repository\glioma-cnv-single-cell-atlas\data\interim\integrated\CNV_inputs\CopyKAT_HVG8000_r0_6\batchwise_micro_all_cells\copykat_microbatch_0040\copykat_microbatch_0040_prediction.tsv
copykat_microbatch_0041	41	G:\Repository\glioma-cnv-single-cell-atlas\data\interim\integrated\CNV_inputs\CopyKAT_HVG8000_r0_6\batchwise_micro_all_cells\copykat_microbatch_0041	3000	2000	1000	15163	G:\Repository\glioma-cnv-single-cell-atlas\data\interim\integrated\CNV_inputs\CopyKAT_HVG8000_r0_6\batchwise_micro_all_cells\copykat_microbatch_0041\copykat_raw_counts_genes_by_cells.mtx.gz	G:\Repository\glioma-cnv-single-cell-atlas\data\interim\integrated\CNV_inputs\CopyKAT_HVG8000_r0_6\batchwise_micro_all_cells\copykat_microbatch_0041\copykat_raw_counts_genes_by_cells.mtx	G:\Repository\glioma-cnv-single-cell-atlas\data\interim\integrated\CNV_inputs\CopyKAT_HVG8000_r0_6\batchwise_micro_all_cells\copykat_microbatch_0041\copykat_genes.tsv	G:\Repository\glioma-cnv-single-cell-atlas\data\interim\integrated\CNV_inputs\CopyKAT_HVG8000_r0_6\batchwise_micro_all_cells\copykat_microbatch_0041\copykat_barcodes.tsv	G:\Repository\glioma-cnv-single-cell-atlas\data\interim\integrated\CNV_inputs\CopyKAT_HVG8000_r0_6\batchwise_micro_all_cells\copykat_microbatch_0041\copykat_cell_metadata.tsv	G:\Repository\glioma-cnv-single-cell-atlas\data\interim\integrated\CNV_inputs\CopyKAT_HVG8000_r0_6\batchwise_micro_all_cells\copykat_microbatch_0041\run_copykat_microbatch_0041.R	G:\Repository\glioma-cnv-single-cell-atlas\data\interim\integrated\CNV_inputs\CopyKAT_HVG8000_r0_6\batchwise_micro_all_cells\copykat_microbatch_0041\copykat_microbatch_0041_prediction.tsv
copykat_microbatch_0042	42	G:\Repository\glioma-cnv-single-cell-atlas\data\interim\integrated\CNV_inputs\CopyKAT_HVG8000_r0_6\batchwise_micro_all_cells\copykat_microbatch_0042	3000	2000	1000	15163	G:\Repository\glioma-cnv-single-cell-atlas\data\interim\integrated\CNV_inputs\CopyKAT_HVG8000_r0_6\batchwise_micro_all_cells\copykat_microbatch_0042\copykat_raw_counts_genes_by_cells.mtx.gz	G:\Repository\glioma-cnv-single-cell-atlas\data\interim\integrated\CNV_inputs\CopyKAT_HVG8000_r0_6\batchwise_micro_all_cells\copykat_microbatch_0042\copykat_raw_counts_genes_by_cells.mtx	G:\Repository\glioma-cnv-single-cell-atlas\data\interim\integrated\CNV_inputs\CopyKAT_HVG8000_r0_6\batchwise_micro_all_cells\copykat_microbatch_0042\copykat_genes.tsv	G:\Repository\glioma-cnv-single-cell-atlas\data\interim\integrated\CNV_inputs\CopyKAT_HVG8000_r0_6\batchwise_micro_all_cells\copykat_microbatch_0042\copykat_barcodes.tsv	G:\Repository\glioma-cnv-single-cell-atlas\data\interim\integrated\CNV_inputs\CopyKAT_HVG8000_r0_6\batchwise_micro_all_cells\copykat_microbatch_0042\copykat_cell_metadata.tsv	G:\Repository\glioma-cnv-single-cell-atlas\data\interim\integrated\CNV_inputs\CopyKAT_HVG8000_r0_6\batchwise_micro_all_cells\copykat_microbatch_0042\run_copykat_microbatch_0042.R	G:\Repository\glioma-cnv-single-cell-atlas\data\interim\integrated\CNV_inputs\CopyKAT_HVG8000_r0_6\batchwise_micro_all_cells\copykat_microbatch_0042\copykat_microbatch_0042_prediction.tsv
copykat_microbatch_0043	43	G:\Repository\glioma-cnv-single-cell-atlas\data\interim\integrated\CNV_inputs\CopyKAT_HVG8000_r0_6\batchwise_micro_all_cells\copykat_microbatch_0043	2999	2000	1000	15163	G:\Repository\glioma-cnv-single-cell-atlas\data\interim\integrated\CNV_inputs\CopyKAT_HVG8000_r0_6\batchwise_micro_all_cells\copykat_microbatch_0043\copykat_raw_counts_genes_by_cells.mtx.gz	G:\Repository\glioma-cnv-single-cell-atlas\data\interim\integrated\CNV_inputs\CopyKAT_HVG8000_r0_6\batchwise_micro_all_cells\copykat_microbatch_0043\copykat_raw_counts_genes_by_cells.mtx	G:\Repository\glioma-cnv-single-cell-atlas\data\interim\integrated\CNV_inputs\CopyKAT_HVG8000_r0_6\batchwise_micro_all_cells\copykat_microbatch_0043\copykat_genes.tsv	G:\Repository\glioma-cnv-single-cell-atlas\data\interim\integrated\CNV_inputs\CopyKAT_HVG8000_r0_6\batchwise_micro_all_cells\copykat_microbatch_0043\copykat_barcodes.tsv	G:\Repository\glioma-cnv-single-cell-atlas\data\interim\integrated\CNV_inputs\CopyKAT_HVG8000_r0_6\batchwise_micro_all_cells\copykat_microbatch_0043\copykat_cell_metadata.tsv	G:\Repository\glioma-cnv-single-cell-atlas\data\interim\integrated\CNV_inputs\CopyKAT_HVG8000_r0_6\batchwise_micro_all_cells\copykat_microbatch_0043\run_copykat_microbatch_0043.R	G:\Repository\glioma-cnv-single-cell-atlas\data\interim\integrated\CNV_inputs\CopyKAT_HVG8000_r0_6\batchwise_micro_all_cells\copykat_microbatch_0043\copykat_microbatch_0043_prediction.tsv
copykat_microbatch_0044	44	G:\Repository\glioma-cnv-single-cell-atlas\data\interim\integrated\CNV_inputs\CopyKAT_HVG8000_r0_6\batchwise_micro_all_cells\copykat_microbatch_0044	2999	2000	1000	15163	G:\Repository\glioma-cnv-single-cell-atlas\data\interim\integrated\CNV_inputs\CopyKAT_HVG8000_r0_6\batchwise_micro_all_cells\copykat_microbatch_0044\copykat_raw_counts_genes_by_cells.mtx.gz	G:\Repository\glioma-cnv-single-cell-atlas\data\interim\integrated\CNV_inputs\CopyKAT_HVG8000_r0_6\batchwise_micro_all_cells\copykat_microbatch_0044\copykat_raw_counts_genes_by_cells.mtx	G:\Repository\glioma-cnv-single-cell-atlas\data\interim\integrated\CNV_inputs\CopyKAT_HVG8000_r0_6\batchwise_micro_all_cells\copykat_microbatch_0044\copykat_genes.tsv	G:\Repository\glioma-cnv-single-cell-atlas\data\interim\integrated\CNV_inputs\CopyKAT_HVG8000_r0_6\batchwise_micro_all_cells\copykat_microbatch_0044\copykat_barcodes.tsv	G:\Repository\glioma-cnv-single-cell-atlas\data\interim\integrated\CNV_inputs\CopyKAT_HVG8000_r0_6\batchwise_micro_all_cells\copykat_microbatch_0044\copykat_cell_metadata.tsv	G:\Repository\glioma-cnv-single-cell-atlas\data\interim\integrated\CNV_inputs\CopyKAT_HVG8000_r0_6\batchwise_micro_all_cells\copykat_microbatch_0044\run_copykat_microbatch_0044.R	G:\Repository\glioma-cnv-single-cell-atlas\data\interim\integrated\CNV_inputs\CopyKAT_HVG8000_r0_6\batchwise_micro_all_cells\copykat_microbatch_0044\copykat_microbatch_0044_prediction.tsv
copykat_microbatch_0045	45	G:\Repository\glioma-cnv-single-cell-atlas\data\interim\integrated\CNV_inputs\CopyKAT_HVG8000_r0_6\batchwise_micro_all_cells\copykat_microbatch_0045	3000	2000	1000	15163	G:\Repository\glioma-cnv-single-cell-atlas\data\interim\integrated\CNV_inputs\CopyKAT_HVG8000_r0_6\batchwise_micro_all_cells\copykat_microbatch_0045\copykat_raw_counts_genes_by_cells.mtx.gz	G:\Repository\glioma-cnv-single-cell-atlas\data\interim\integrated\CNV_inputs\CopyKAT_HVG8000_r0_6\batchwise_micro_all_cells\copykat_microbatch_0045\copykat_raw_counts_genes_by_cells.mtx	G:\Repository\glioma-cnv-single-cell-atlas\data\interim\integrated\CNV_inputs\CopyKAT_HVG8000_r0_6\batchwise_micro_all_cells\copykat_microbatch_0045\copykat_genes.tsv	G:\Repository\glioma-cnv-single-cell-atlas\data\interim\integrated\CNV_inputs\CopyKAT_HVG8000_r0_6\batchwise_micro_all_cells\copykat_microbatch_0045\copykat_barcodes.tsv	G:\Repository\glioma-cnv-single-cell-atlas\data\interim\integrated\CNV_inputs\CopyKAT_HVG8000_r0_6\batchwise_micro_all_cells\copykat_microbatch_0045\copykat_cell_metadata.tsv	G:\Repository\glioma-cnv-single-cell-atlas\data\interim\integrated\CNV_inputs\CopyKAT_HVG8000_r0_6\batchwise_micro_all_cells\copykat_microbatch_0045\run_copykat_microbatch_0045.R	G:\Repository\glioma-cnv-single-cell-atlas\data\interim\integrated\CNV_inputs\CopyKAT_HVG8000_r0_6\batchwise_micro_all_cells\copykat_microbatch_0045\copykat_microbatch_0045_prediction.tsv
copykat_microbatch_0046	46	G:\Repository\glioma-cnv-single-cell-atlas\data\interim\integrated\CNV_inputs\CopyKAT_HVG8000_r0_6\batchwise_micro_all_cells\copykat_microbatch_0046	3000	2000	1000	15163	G:\Repository\glioma-cnv-single-cell-atlas\data\interim\integrated\CNV_inputs\CopyKAT_HVG8000_r0_6\batchwise_micro_all_cells\copykat_microbatch_0046\copykat_raw_counts_genes_by_cells.mtx.gz	G:\Repository\glioma-cnv-single-cell-atlas\data\interim\integrated\CNV_inputs\CopyKAT_HVG8000_r0_6\batchwise_micro_all_cells\copykat_microbatch_0046\copykat_raw_counts_genes_by_cells.mtx	G:\Repository\glioma-cnv-single-cell-atlas\data\interim\integrated\CNV_inputs\CopyKAT_HVG8000_r0_6\batchwise_micro_all_cells\copykat_microbatch_0046\copykat_genes.tsv	G:\Repository\glioma-cnv-single-cell-atlas\data\interim\integrated\CNV_inputs\CopyKAT_HVG8000_r0_6\batchwise_micro_all_cells\copykat_microbatch_0046\copykat_barcodes.tsv	G:\Repository\glioma-cnv-single-cell-atlas\data\interim\integrated\CNV_inputs\CopyKAT_HVG8000_r0_6\batchwise_micro_all_cells\copykat_microbatch_0046\copykat_cell_metadata.tsv	G:\Repository\glioma-cnv-single-cell-atlas\data\interim\integrated\CNV_inputs\CopyKAT_HVG8000_r0_6\batchwise_micro_all_cells\copykat_microbatch_0046\run_copykat_microbatch_0046.R	G:\Repository\glioma-cnv-single-cell-atlas\data\interim\integrated\CNV_inputs\CopyKAT_HVG8000_r0_6\batchwise_micro_all_cells\copykat_microbatch_0046\copykat_microbatch_0046_prediction.tsv
copykat_microbatch_0047	47	G:\Repository\glioma-cnv-single-cell-atlas\data\interim\integrated\CNV_inputs\CopyKAT_HVG8000_r0_6\batchwise_micro_all_cells\copykat_microbatch_0047	2998	2000	1000	15163	G:\Repository\glioma-cnv-single-cell-atlas\data\interim\integrated\CNV_inputs\CopyKAT_HVG8000_r0_6\batchwise_micro_all_cells\copykat_microbatch_0047\copykat_raw_counts_genes_by_cells.mtx.gz	G:\Repository\glioma-cnv-single-cell-atlas\data\interim\integrated\CNV_inputs\CopyKAT_HVG8000_r0_6\batchwise_micro_all_cells\copykat_microbatch_0047\copykat_raw_counts_genes_by_cells.mtx	G:\Repository\glioma-cnv-single-cell-atlas\data\interim\integrated\CNV_inputs\CopyKAT_HVG8000_r0_6\batchwise_micro_all_cells\copykat_microbatch_0047\copykat_genes.tsv	G:\Repository\glioma-cnv-single-cell-atlas\data\interim\integrated\CNV_inputs\CopyKAT_HVG8000_r0_6\batchwise_micro_all_cells\copykat_microbatch_0047\copykat_barcodes.tsv	G:\Repository\glioma-cnv-single-cell-atlas\data\interim\integrated\CNV_inputs\CopyKAT_HVG8000_r0_6\batchwise_micro_all_cells\copykat_microbatch_0047\copykat_cell_metadata.tsv	G:\Repository\glioma-cnv-single-cell-atlas\data\interim\integrated\CNV_inputs\CopyKAT_HVG8000_r0_6\batchwise_micro_all_cells\copykat_microbatch_0047\run_copykat_microbatch_0047.R	G:\Repository\glioma-cnv-single-cell-atlas\data\interim\integrated\CNV_inputs\CopyKAT_HVG8000_r0_6\batchwise_micro_all_cells\copykat_microbatch_0047\copykat_microbatch_0047_prediction.tsv
copykat_microbatch_0048	48	G:\Repository\glioma-cnv-single-cell-atlas\data\interim\integrated\CNV_inputs\CopyKAT_HVG8000_r0_6\batchwise_micro_all_cells\copykat_microbatch_0048	2991	2000	1000	15163	G:\Repository\glioma-cnv-single-cell-atlas\data\interim\integrated\CNV_inputs\CopyKAT_HVG8000_r0_6\batchwise_micro_all_cells\copykat_microbatch_0048\copykat_raw_counts_genes_by_cells.mtx.gz	G:\Repository\glioma-cnv-single-cell-atlas\data\interim\integrated\CNV_inputs\CopyKAT_HVG8000_r0_6\batchwise_micro_all_cells\copykat_microbatch_0048\copykat_raw_counts_genes_by_cells.mtx	G:\Repository\glioma-cnv-single-cell-atlas\data\interim\integrated\CNV_inputs\CopyKAT_HVG8000_r0_6\batchwise_micro_all_cells\copykat_microbatch_0048\copykat_genes.tsv	G:\Repository\glioma-cnv-single-cell-atlas\data\interim\integrated\CNV_inputs\CopyKAT_HVG8000_r0_6\batchwise_micro_all_cells\copykat_microbatch_0048\copykat_barcodes.tsv	G:\Repository\glioma-cnv-single-cell-atlas\data\interim\integrated\CNV_inputs\CopyKAT_HVG8000_r0_6\batchwise_micro_all_cells\copykat_microbatch_0048\copykat_cell_metadata.tsv	G:\Repository\glioma-cnv-single-cell-atlas\data\interim\integrated\CNV_inputs\CopyKAT_HVG8000_r0_6\batchwise_micro_all_cells\copykat_microbatch_0048\run_copykat_microbatch_0048.R	G:\Repository\glioma-cnv-single-cell-atlas\data\interim\integrated\CNV_inputs\CopyKAT_HVG8000_r0_6\batchwise_micro_all_cells\copykat_microbatch_0048\copykat_microbatch_0048_prediction.tsv
copykat_microbatch_0049	49	G:\Repository\glioma-cnv-single-cell-atlas\data\interim\integrated\CNV_inputs\CopyKAT_HVG8000_r0_6\batchwise_micro_all_cells\copykat_microbatch_0049	2987	2000	1000	15163	G:\Repository\glioma-cnv-single-cell-atlas\data\interim\integrated\CNV_inputs\CopyKAT_HVG8000_r0_6\batchwise_micro_all_cells\copykat_microbatch_0049\copykat_raw_counts_genes_by_cells.mtx.gz	G:\Repository\glioma-cnv-single-cell-atlas\data\interim\integrated\CNV_inputs\CopyKAT_HVG8000_r0_6\batchwise_micro_all_cells\copykat_microbatch_0049\copykat_raw_counts_genes_by_cells.mtx	G:\Repository\glioma-cnv-single-cell-atlas\data\interim\integrated\CNV_inputs\CopyKAT_HVG8000_r0_6\batchwise_micro_all_cells\copykat_microbatch_0049\copykat_genes.tsv	G:\Repository\glioma-cnv-single-cell-atlas\data\interim\integrated\CNV_inputs\CopyKAT_HVG8000_r0_6\batchwise_micro_all_cells\copykat_microbatch_0049\copykat_barcodes.tsv	G:\Repository\glioma-cnv-single-cell-atlas\data\interim\integrated\CNV_inputs\CopyKAT_HVG8000_r0_6\batchwise_micro_all_cells\copykat_microbatch_0049\copykat_cell_metadata.tsv	G:\Repository\glioma-cnv-single-cell-atlas\data\interim\integrated\CNV_inputs\CopyKAT_HVG8000_r0_6\batchwise_micro_all_cells\copykat_microbatch_0049\run_copykat_microbatch_0049.R	G:\Repository\glioma-cnv-single-cell-atlas\data\interim\integrated\CNV_inputs\CopyKAT_HVG8000_r0_6\batchwise_micro_all_cells\copykat_microbatch_0049\copykat_microbatch_0049_prediction.tsv
copykat_microbatch_0050	50	G:\Repository\glioma-cnv-single-cell-atlas\data\interim\integrated\CNV_inputs\CopyKAT_HVG8000_r0_6\batchwise_micro_all_cells\copykat_microbatch_0050	2994	2000	1000	15163	G:\Repository\glioma-cnv-single-cell-atlas\data\interim\integrated\CNV_inputs\CopyKAT_HVG8000_r0_6\batchwise_micro_all_cells\copykat_microbatch_0050\copykat_raw_counts_genes_by_cells.mtx.gz	G:\Repository\glioma-cnv-single-cell-atlas\data\interim\integrated\CNV_inputs\CopyKAT_HVG8000_r0_6\batchwise_micro_all_cells\copykat_microbatch_0050\copykat_raw_counts_genes_by_cells.mtx	G:\Repository\glioma-cnv-single-cell-atlas\data\interim\integrated\CNV_inputs\CopyKAT_HVG8000_r0_6\batchwise_micro_all_cells\copykat_microbatch_0050\copykat_genes.tsv	G:\Repository\glioma-cnv-single-cell-atlas\data\interim\integrated\CNV_inputs\CopyKAT_HVG8000_r0_6\batchwise_micro_all_cells\copykat_microbatch_0050\copykat_barcodes.tsv	G:\Repository\glioma-cnv-single-cell-atlas\data\interim\integrated\CNV_inputs\CopyKAT_HVG8000_r0_6\batchwise_micro_all_cells\copykat_microbatch_0050\copykat_cell_metadata.tsv	G:\Repository\glioma-cnv-single-cell-atlas\data\interim\integrated\CNV_inputs\CopyKAT_HVG8000_r0_6\batchwise_micro_all_cells\copykat_microbatch_0050\run_copykat_microbatch_0050.R	G:\Repository\glioma-cnv-single-cell-atlas\data\interim\integrated\CNV_inputs\CopyKAT_HVG8000_r0_6\batchwise_micro_all_cells\copykat_microbatch_0050\copykat_microbatch_0050_prediction.tsv
copykat_microbatch_0051	51	G:\Repository\glioma-cnv-single-cell-atlas\data\interim\integrated\CNV_inputs\CopyKAT_HVG8000_r0_6\batchwise_micro_all_cells\copykat_microbatch_0051	2998	2000	1000	15163	G:\Repository\glioma-cnv-single-cell-atlas\data\interim\integrated\CNV_inputs\CopyKAT_HVG8000_r0_6\batchwise_micro_all_cells\copykat_microbatch_0051\copykat_raw_counts_genes_by_cells.mtx.gz	G:\Repository\glioma-cnv-single-cell-atlas\data\interim\integrated\CNV_inputs\CopyKAT_HVG8000_r0_6\batchwise_micro_all_cells\copykat_microbatch_0051\copykat_raw_counts_genes_by_cells.mtx	G:\Repository\glioma-cnv-single-cell-atlas\data\interim\integrated\CNV_inputs\CopyKAT_HVG8000_r0_6\batchwise_micro_all_cells\copykat_microbatch_0051\copykat_genes.tsv	G:\Repository\glioma-cnv-single-cell-atlas\data\interim\integrated\CNV_inputs\CopyKAT_HVG8000_r0_6\batchwise_micro_all_cells\copykat_microbatch_0051\copykat_barcodes.tsv	G:\Repository\glioma-cnv-single-cell-atlas\data\interim\integrated\CNV_inputs\CopyKAT_HVG8000_r0_6\batchwise_micro_all_cells\copykat_microbatch_0051\copykat_cell_metadata.tsv	G:\Repository\glioma-cnv-single-cell-atlas\data\interim\integrated\CNV_inputs\CopyKAT_HVG8000_r0_6\batchwise_micro_all_cells\copykat_microbatch_0051\run_copykat_microbatch_0051.R	G:\Repository\glioma-cnv-single-cell-atlas\data\interim\integrated\CNV_inputs\CopyKAT_HVG8000_r0_6\batchwise_micro_all_cells\copykat_microbatch_0051\copykat_microbatch_0051_prediction.tsv
copykat_microbatch_0052	52	G:\Repository\glioma-cnv-single-cell-atlas\data\interim\integrated\CNV_inputs\CopyKAT_HVG8000_r0_6\batchwise_micro_all_cells\copykat_microbatch_0052	2999	2000	1000	15163	G:\Repository\glioma-cnv-single-cell-atlas\data\interim\integrated\CNV_inputs\CopyKAT_HVG8000_r0_6\batchwise_micro_all_cells\copykat_microbatch_0052\copykat_raw_counts_genes_by_cells.mtx.gz	G:\Repository\glioma-cnv-single-cell-atlas\data\interim\integrated\CNV_inputs\CopyKAT_HVG8000_r0_6\batchwise_micro_all_cells\copykat_microbatch_0052\copykat_raw_counts_genes_by_cells.mtx	G:\Repository\glioma-cnv-single-cell-atlas\data\interim\integrated\CNV_inputs\CopyKAT_HVG8000_r0_6\batchwise_micro_all_cells\copykat_microbatch_0052\copykat_genes.tsv	G:\Repository\glioma-cnv-single-cell-atlas\data\interim\integrated\CNV_inputs\CopyKAT_HVG8000_r0_6\batchwise_micro_all_cells\copykat_microbatch_0052\copykat_barcodes.tsv	G:\Repository\glioma-cnv-single-cell-atlas\data\interim\integrated\CNV_inputs\CopyKAT_HVG8000_r0_6\batchwise_micro_all_cells\copykat_microbatch_0052\copykat_cell_metadata.tsv	G:\Repository\glioma-cnv-single-cell-atlas\data\interim\integrated\CNV_inputs\CopyKAT_HVG8000_r0_6\batchwise_micro_all_cells\copykat_microbatch_0052\run_copykat_microbatch_0052.R	G:\Repository\glioma-cnv-single-cell-atlas\data\interim\integrated\CNV_inputs\CopyKAT_HVG8000_r0_6\batchwise_micro_all_cells\copykat_microbatch_0052\copykat_microbatch_0052_prediction.tsv
copykat_microbatch_0053	53	G:\Repository\glioma-cnv-single-cell-atlas\data\interim\integrated\CNV_inputs\CopyKAT_HVG8000_r0_6\batchwise_micro_all_cells\copykat_microbatch_0053	3000	2000	1000	15163	G:\Repository\glioma-cnv-single-cell-atlas\data\interim\integrated\CNV_inputs\CopyKAT_HVG8000_r0_6\batchwise_micro_all_cells\copykat_microbatch_0053\copykat_raw_counts_genes_by_cells.mtx.gz	G:\Repository\glioma-cnv-single-cell-atlas\data\interim\integrated\CNV_inputs\CopyKAT_HVG8000_r0_6\batchwise_micro_all_cells\copykat_microbatch_0053\copykat_raw_counts_genes_by_cells.mtx	G:\Repository\glioma-cnv-single-cell-atlas\data\interim\integrated\CNV_inputs\CopyKAT_HVG8000_r0_6\batchwise_micro_all_cells\copykat_microbatch_0053\copykat_genes.tsv	G:\Repository\glioma-cnv-single-cell-atlas\data\interim\integrated\CNV_inputs\CopyKAT_HVG8000_r0_6\batchwise_micro_all_cells\copykat_microbatch_0053\copykat_barcodes.tsv	G:\Repository\glioma-cnv-single-cell-atlas\data\interim\integrated\CNV_inputs\CopyKAT_HVG8000_r0_6\batchwise_micro_all_cells\copykat_microbatch_0053\copykat_cell_metadata.tsv	G:\Repository\glioma-cnv-single-cell-atlas\data\interim\integrated\CNV_inputs\CopyKAT_HVG8000_r0_6\batchwise_micro_all_cells\copykat_microbatch_0053\run_copykat_microbatch_0053.R	G:\Repository\glioma-cnv-single-cell-atlas\data\interim\integrated\CNV_inputs\CopyKAT_HVG8000_r0_6\batchwise_micro_all_cells\copykat_microbatch_0053\copykat_microbatch_0053_prediction.tsv
copykat_microbatch_0054	54	G:\Repository\glioma-cnv-single-cell-atlas\data\interim\integrated\CNV_inputs\CopyKAT_HVG8000_r0_6\batchwise_micro_all_cells\copykat_microbatch_0054	3000	2000	1000	15163	G:\Repository\glioma-cnv-single-cell-atlas\data\interim\integrated\CNV_inputs\CopyKAT_HVG8000_r0_6\batchwise_micro_all_cells\copykat_microbatch_0054\copykat_raw_counts_genes_by_cells.mtx.gz	G:\Repository\glioma-cnv-single-cell-atlas\data\interim\integrated\CNV_inputs\CopyKAT_HVG8000_r0_6\batchwise_micro_all_cells\copykat_microbatch_0054\copykat_raw_counts_genes_by_cells.mtx	G:\Repository\glioma-cnv-single-cell-atlas\data\interim\integrated\CNV_inputs\CopyKAT_HVG8000_r0_6\batchwise_micro_all_cells\copykat_microbatch_0054\copykat_genes.tsv	G:\Repository\glioma-cnv-single-cell-atlas\data\interim\integrated\CNV_inputs\CopyKAT_HVG8000_r0_6\batchwise_micro_all_cells\copykat_microbatch_0054\copykat_barcodes.tsv	G:\Repository\glioma-cnv-single-cell-atlas\data\interim\integrated\CNV_inputs\CopyKAT_HVG8000_r0_6\batchwise_micro_all_cells\copykat_microbatch_0054\copykat_cell_metadata.tsv	G:\Repository\glioma-cnv-single-cell-atlas\data\interim\integrated\CNV_inputs\CopyKAT_HVG8000_r0_6\batchwise_micro_all_cells\copykat_microbatch_0054\run_copykat_microbatch_0054.R	G:\Repository\glioma-cnv-single-cell-atlas\data\interim\integrated\CNV_inputs\CopyKAT_HVG8000_r0_6\batchwise_micro_all_cells\copykat_microbatch_0054\copykat_microbatch_0054_prediction.tsv
copykat_microbatch_0055	55	G:\Repository\glioma-cnv-single-cell-atlas\data\interim\integrated\CNV_inputs\CopyKAT_HVG8000_r0_6\batchwise_micro_all_cells\copykat_microbatch_0055	2998	2000	1000	15163	G:\Repository\glioma-cnv-single-cell-atlas\data\interim\integrated\CNV_inputs\CopyKAT_HVG8000_r0_6\batchwise_micro_all_cells\copykat_microbatch_0055\copykat_raw_counts_genes_by_cells.mtx.gz	G:\Repository\glioma-cnv-single-cell-atlas\data\interim\integrated\CNV_inputs\CopyKAT_HVG8000_r0_6\batchwise_micro_all_cells\copykat_microbatch_0055\copykat_raw_counts_genes_by_cells.mtx	G:\Repository\glioma-cnv-single-cell-atlas\data\interim\integrated\CNV_inputs\CopyKAT_HVG8000_r0_6\batchwise_micro_all_cells\copykat_microbatch_0055\copykat_genes.tsv	G:\Repository\glioma-cnv-single-cell-atlas\data\interim\integrated\CNV_inputs\CopyKAT_HVG8000_r0_6\batchwise_micro_all_cells\copykat_microbatch_0055\copykat_barcodes.tsv	G:\Repository\glioma-cnv-single-cell-atlas\data\interim\integrated\CNV_inputs\CopyKAT_HVG8000_r0_6\batchwise_micro_all_cells\copykat_microbatch_0055\copykat_cell_metadata.tsv	G:\Repository\glioma-cnv-single-cell-atlas\data\interim\integrated\CNV_inputs\CopyKAT_HVG8000_r0_6\batchwise_micro_all_cells\copykat_microbatch_0055\run_copykat_microbatch_0055.R	G:\Repository\glioma-cnv-single-cell-atlas\data\interim\integrated\CNV_inputs\CopyKAT_HVG8000_r0_6\batchwise_micro_all_cells\copykat_microbatch_0055\copykat_microbatch_0055_prediction.tsv
copykat_microbatch_0056	56	G:\Repository\glioma-cnv-single-cell-atlas\data\interim\integrated\CNV_inputs\CopyKAT_HVG8000_r0_6\batchwise_micro_all_cells\copykat_microbatch_0056	2996	2000	1000	15163	G:\Repository\glioma-cnv-single-cell-atlas\data\interim\integrated\CNV_inputs\CopyKAT_HVG8000_r0_6\batchwise_micro_all_cells\copykat_microbatch_0056\copykat_raw_counts_genes_by_cells.mtx.gz	G:\Repository\glioma-cnv-single-cell-atlas\data\interim\integrated\CNV_inputs\CopyKAT_HVG8000_r0_6\batchwise_micro_all_cells\copykat_microbatch_0056\copykat_raw_counts_genes_by_cells.mtx	G:\Repository\glioma-cnv-single-cell-atlas\data\interim\integrated\CNV_inputs\CopyKAT_HVG8000_r0_6\batchwise_micro_all_cells\copykat_microbatch_0056\copykat_genes.tsv	G:\Repository\glioma-cnv-single-cell-atlas\data\interim\integrated\CNV_inputs\CopyKAT_HVG8000_r0_6\batchwise_micro_all_cells\copykat_microbatch_0056\copykat_barcodes.tsv	G:\Repository\glioma-cnv-single-cell-atlas\data\interim\integrated\CNV_inputs\CopyKAT_HVG8000_r0_6\batchwise_micro_all_cells\copykat_microbatch_0056\copykat_cell_metadata.tsv	G:\Repository\glioma-cnv-single-cell-atlas\data\interim\integrated\CNV_inputs\CopyKAT_HVG8000_r0_6\batchwise_micro_all_cells\copykat_microbatch_0056\run_copykat_microbatch_0056.R	G:\Repository\glioma-cnv-single-cell-atlas\data\interim\integrated\CNV_inputs\CopyKAT_HVG8000_r0_6\batchwise_micro_all_cells\copykat_microbatch_0056\copykat_microbatch_0056_prediction.tsv
copykat_microbatch_0057	57	G:\Repository\glioma-cnv-single-cell-atlas\data\interim\integrated\CNV_inputs\CopyKAT_HVG8000_r0_6\batchwise_micro_all_cells\copykat_microbatch_0057	3000	2000	1000	15163	G:\Repository\glioma-cnv-single-cell-atlas\data\interim\integrated\CNV_inputs\CopyKAT_HVG8000_r0_6\batchwise_micro_all_cells\copykat_microbatch_0057\copykat_raw_counts_genes_by_cells.mtx.gz	G:\Repository\glioma-cnv-single-cell-atlas\data\interim\integrated\CNV_inputs\CopyKAT_HVG8000_r0_6\batchwise_micro_all_cells\copykat_microbatch_0057\copykat_raw_counts_genes_by_cells.mtx	G:\Repository\glioma-cnv-single-cell-atlas\data\interim\integrated\CNV_inputs\CopyKAT_HVG8000_r0_6\batchwise_micro_all_cells\copykat_microbatch_0057\copykat_genes.tsv	G:\Repository\glioma-cnv-single-cell-atlas\data\interim\integrated\CNV_inputs\CopyKAT_HVG8000_r0_6\batchwise_micro_all_cells\copykat_microbatch_0057\copykat_barcodes.tsv	G:\Repository\glioma-cnv-single-cell-atlas\data\interim\integrated\CNV_inputs\CopyKAT_HVG8000_r0_6\batchwise_micro_all_cells\copykat_microbatch_0057\copykat_cell_metadata.tsv	G:\Repository\glioma-cnv-single-cell-atlas\data\interim\integrated\CNV_inputs\CopyKAT_HVG8000_r0_6\batchwise_micro_all_cells\copykat_microbatch_0057\run_copykat_microbatch_0057.R	G:\Repository\glioma-cnv-single-cell-atlas\data\interim\integrated\CNV_inputs\CopyKAT_HVG8000_r0_6\batchwise_micro_all_cells\copykat_microbatch_0057\copykat_microbatch_0057_prediction.tsv
copykat_microbatch_0058	58	G:\Repository\glioma-cnv-single-cell-atlas\data\interim\integrated\CNV_inputs\CopyKAT_HVG8000_r0_6\batchwise_micro_all_cells\copykat_microbatch_0058	2998	2000	1000	15163	G:\Repository\glioma-cnv-single-cell-atlas\data\interim\integrated\CNV_inputs\CopyKAT_HVG8000_r0_6\batchwise_micro_all_cells\copykat_microbatch_0058\copykat_raw_counts_genes_by_cells.mtx.gz	G:\Repository\glioma-cnv-single-cell-atlas\data\interim\integrated\CNV_inputs\CopyKAT_HVG8000_r0_6\batchwise_micro_all_cells\copykat_microbatch_0058\copykat_raw_counts_genes_by_cells.mtx	G:\Repository\glioma-cnv-single-cell-atlas\data\interim\integrated\CNV_inputs\CopyKAT_HVG8000_r0_6\batchwise_micro_all_cells\copykat_microbatch_0058\copykat_genes.tsv	G:\Repository\glioma-cnv-single-cell-atlas\data\interim\integrated\CNV_inputs\CopyKAT_HVG8000_r0_6\batchwise_micro_all_cells\copykat_microbatch_0058\copykat_barcodes.tsv	G:\Repository\glioma-cnv-single-cell-atlas\data\interim\integrated\CNV_inputs\CopyKAT_HVG8000_r0_6\batchwise_micro_all_cells\copykat_microbatch_0058\copykat_cell_metadata.tsv	G:\Repository\glioma-cnv-single-cell-atlas\data\interim\integrated\CNV_inputs\CopyKAT_HVG8000_r0_6\batchwise_micro_all_cells\copykat_microbatch_0058\run_copykat_microbatch_0058.R	G:\Repository\glioma-cnv-single-cell-atlas\data\interim\integrated\CNV_inputs\CopyKAT_HVG8000_r0_6\batchwise_micro_all_cells\copykat_microbatch_0058\copykat_microbatch_0058_prediction.tsv
copykat_microbatch_0059	59	G:\Repository\glioma-cnv-single-cell-atlas\data\interim\integrated\CNV_inputs\CopyKAT_HVG8000_r0_6\batchwise_micro_all_cells\copykat_microbatch_0059	2997	2000	1000	15163	G:\Repository\glioma-cnv-single-cell-atlas\data\interim\integrated\CNV_inputs\CopyKAT_HVG8000_r0_6\batchwise_micro_all_cells\copykat_microbatch_0059\copykat_raw_counts_genes_by_cells.mtx.gz	G:\Repository\glioma-cnv-single-cell-atlas\data\interim\integrated\CNV_inputs\CopyKAT_HVG8000_r0_6\batchwise_micro_all_cells\copykat_microbatch_0059\copykat_raw_counts_genes_by_cells.mtx	G:\Repository\glioma-cnv-single-cell-atlas\data\interim\integrated\CNV_inputs\CopyKAT_HVG8000_r0_6\batchwise_micro_all_cells\copykat_microbatch_0059\copykat_genes.tsv	G:\Repository\glioma-cnv-single-cell-atlas\data\interim\integrated\CNV_inputs\CopyKAT_HVG8000_r0_6\batchwise_micro_all_cells\copykat_microbatch_0059\copykat_barcodes.tsv	G:\Repository\glioma-cnv-single-cell-atlas\data\interim\integrated\CNV_inputs\CopyKAT_HVG8000_r0_6\batchwise_micro_all_cells\copykat_microbatch_0059\copykat_cell_metadata.tsv	G:\Repository\glioma-cnv-single-cell-atlas\data\interim\integrated\CNV_inputs\CopyKAT_HVG8000_r0_6\batchwise_micro_all_cells\copykat_microbatch_0059\run_copykat_microbatch_0059.R	G:\Repository\glioma-cnv-single-cell-atlas\data\interim\integrated\CNV_inputs\CopyKAT_HVG8000_r0_6\batchwise_micro_all_cells\copykat_microbatch_0059\copykat_microbatch_0059_prediction.tsv
copykat_microbatch_0060	60	G:\Repository\glioma-cnv-single-cell-atlas\data\interim\integrated\CNV_inputs\CopyKAT_HVG8000_r0_6\batchwise_micro_all_cells\copykat_microbatch_0060	3000	2000	1000	15163	G:\Repository\glioma-cnv-single-cell-atlas\data\interim\integrated\CNV_inputs\CopyKAT_HVG8000_r0_6\batchwise_micro_all_cells\copykat_microbatch_0060\copykat_raw_counts_genes_by_cells.mtx.gz	G:\Repository\glioma-cnv-single-cell-atlas\data\interim\integrated\CNV_inputs\CopyKAT_HVG8000_r0_6\batchwise_micro_all_cells\copykat_microbatch_0060\copykat_raw_counts_genes_by_cells.mtx	G:\Repository\glioma-cnv-single-cell-atlas\data\interim\integrated\CNV_inputs\CopyKAT_HVG8000_r0_6\batchwise_micro_all_cells\copykat_microbatch_0060\copykat_genes.tsv	G:\Repository\glioma-cnv-single-cell-atlas\data\interim\integrated\CNV_inputs\CopyKAT_HVG8000_r0_6\batchwise_micro_all_cells\copykat_microbatch_0060\copykat_barcodes.tsv	G:\Repository\glioma-cnv-single-cell-atlas\data\interim\integrated\CNV_inputs\CopyKAT_HVG8000_r0_6\batchwise_micro_all_cells\copykat_microbatch_0060\copykat_cell_metadata.tsv	G:\Repository\glioma-cnv-single-cell-atlas\data\interim\integrated\CNV_inputs\CopyKAT_HVG8000_r0_6\batchwise_micro_all_cells\copykat_microbatch_0060\run_copykat_microbatch_0060.R	G:\Repository\glioma-cnv-single-cell-atlas\data\interim\integrated\CNV_inputs\CopyKAT_HVG8000_r0_6\batchwise_micro_all_cells\copykat_microbatch_0060\copykat_microbatch_0060_prediction.tsv
copykat_microbatch_0061	61	G:\Repository\glioma-cnv-single-cell-atlas\data\interim\integrated\CNV_inputs\CopyKAT_HVG8000_r0_6\batchwise_micro_all_cells\copykat_microbatch_0061	2998	2000	1000	15163	G:\Repository\glioma-cnv-single-cell-atlas\data\interim\integrated\CNV_inputs\CopyKAT_HVG8000_r0_6\batchwise_micro_all_cells\copykat_microbatch_0061\copykat_raw_counts_genes_by_cells.mtx.gz	G:\Repository\glioma-cnv-single-cell-atlas\data\interim\integrated\CNV_inputs\CopyKAT_HVG8000_r0_6\batchwise_micro_all_cells\copykat_microbatch_0061\copykat_raw_counts_genes_by_cells.mtx	G:\Repository\glioma-cnv-single-cell-atlas\data\interim\integrated\CNV_inputs\CopyKAT_HVG8000_r0_6\batchwise_micro_all_cells\copykat_microbatch_0061\copykat_genes.tsv	G:\Repository\glioma-cnv-single-cell-atlas\data\interim\integrated\CNV_inputs\CopyKAT_HVG8000_r0_6\batchwise_micro_all_cells\copykat_microbatch_0061\copykat_barcodes.tsv	G:\Repository\glioma-cnv-single-cell-atlas\data\interim\integrated\CNV_inputs\CopyKAT_HVG8000_r0_6\batchwise_micro_all_cells\copykat_microbatch_0061\copykat_cell_metadata.tsv	G:\Repository\glioma-cnv-single-cell-atlas\data\interim\integrated\CNV_inputs\CopyKAT_HVG8000_r0_6\batchwise_micro_all_cells\copykat_microbatch_0061\run_copykat_microbatch_0061.R	G:\Repository\glioma-cnv-single-cell-atlas\data\interim\integrated\CNV_inputs\CopyKAT_HVG8000_r0_6\batchwise_micro_all_cells\copykat_microbatch_0061\copykat_microbatch_0061_prediction.tsv
copykat_microbatch_0062	62	G:\Repository\glioma-cnv-single-cell-atlas\data\interim\integrated\CNV_inputs\CopyKAT_HVG8000_r0_6\batchwise_micro_all_cells\copykat_microbatch_0062	2998	2000	1000	15163	G:\Repository\glioma-cnv-single-cell-atlas\data\interim\integrated\CNV_inputs\CopyKAT_HVG8000_r0_6\batchwise_micro_all_cells\copykat_microbatch_0062\copykat_raw_counts_genes_by_cells.mtx.gz	G:\Repository\glioma-cnv-single-cell-atlas\data\interim\integrated\CNV_inputs\CopyKAT_HVG8000_r0_6\batchwise_micro_all_cells\copykat_microbatch_0062\copykat_raw_counts_genes_by_cells.mtx	G:\Repository\glioma-cnv-single-cell-atlas\data\interim\integrated\CNV_inputs\CopyKAT_HVG8000_r0_6\batchwise_micro_all_cells\copykat_microbatch_0062\copykat_genes.tsv	G:\Repository\glioma-cnv-single-cell-atlas\data\interim\integrated\CNV_inputs\CopyKAT_HVG8000_r0_6\batchwise_micro_all_cells\copykat_microbatch_0062\copykat_barcodes.tsv	G:\Repository\glioma-cnv-single-cell-atlas\data\interim\integrated\CNV_inputs\CopyKAT_HVG8000_r0_6\batchwise_micro_all_cells\copykat_microbatch_0062\copykat_cell_metadata.tsv	G:\Repository\glioma-cnv-single-cell-atlas\data\interim\integrated\CNV_inputs\CopyKAT_HVG8000_r0_6\batchwise_micro_all_cells\copykat_microbatch_0062\run_copykat_microbatch_0062.R	G:\Repository\glioma-cnv-single-cell-atlas\data\interim\integrated\CNV_inputs\CopyKAT_HVG8000_r0_6\batchwise_micro_all_cells\copykat_microbatch_0062\copykat_microbatch_0062_prediction.tsv
copykat_microbatch_0063	63	G:\Repository\glioma-cnv-single-cell-atlas\data\interim\integrated\CNV_inputs\CopyKAT_HVG8000_r0_6\batchwise_micro_all_cells\copykat_microbatch_0063	2996	2000	1000	15163	G:\Repository\glioma-cnv-single-cell-atlas\data\interim\integrated\CNV_inputs\CopyKAT_HVG8000_r0_6\batchwise_micro_all_cells\copykat_microbatch_0063\copykat_raw_counts_genes_by_cells.mtx.gz	G:\Repository\glioma-cnv-single-cell-atlas\data\interim\integrated\CNV_inputs\CopyKAT_HVG8000_r0_6\batchwise_micro_all_cells\copykat_microbatch_0063\copykat_raw_counts_genes_by_cells.mtx	G:\Repository\glioma-cnv-single-cell-atlas\data\interim\integrated\CNV_inputs\CopyKAT_HVG8000_r0_6\batchwise_micro_all_cells\copykat_microbatch_0063\copykat_genes.tsv	G:\Repository\glioma-cnv-single-cell-atlas\data\interim\integrated\CNV_inputs\CopyKAT_HVG8000_r0_6\batchwise_micro_all_cells\copykat_microbatch_0063\copykat_barcodes.tsv	G:\Repository\glioma-cnv-single-cell-atlas\data\interim\integrated\CNV_inputs\CopyKAT_HVG8000_r0_6\batchwise_micro_all_cells\copykat_microbatch_0063\copykat_cell_metadata.tsv	G:\Repository\glioma-cnv-single-cell-atlas\data\interim\integrated\CNV_inputs\CopyKAT_HVG8000_r0_6\batchwise_micro_all_cells\copykat_microbatch_0063\run_copykat_microbatch_0063.R	G:\Repository\glioma-cnv-single-cell-atlas\data\interim\integrated\CNV_inputs\CopyKAT_HVG8000_r0_6\batchwise_micro_all_cells\copykat_microbatch_0063\copykat_microbatch_0063_prediction.tsv
copykat_microbatch_0064	64	G:\Repository\glioma-cnv-single-cell-atlas\data\interim\integrated\CNV_inputs\CopyKAT_HVG8000_r0_6\batchwise_micro_all_cells\copykat_microbatch_0064	3000	2000	1000	15163	G:\Repository\glioma-cnv-single-cell-atlas\data\interim\integrated\CNV_inputs\CopyKAT_HVG8000_r0_6\batchwise_micro_all_cells\copykat_microbatch_0064\copykat_raw_counts_genes_by_cells.mtx.gz	G:\Repository\glioma-cnv-single-cell-atlas\data\interim\integrated\CNV_inputs\CopyKAT_HVG8000_r0_6\batchwise_micro_all_cells\copykat_microbatch_0064\copykat_raw_counts_genes_by_cells.mtx	G:\Repository\glioma-cnv-single-cell-atlas\data\interim\integrated\CNV_inputs\CopyKAT_HVG8000_r0_6\batchwise_micro_all_cells\copykat_microbatch_0064\copykat_genes.tsv	G:\Repository\glioma-cnv-single-cell-atlas\data\interim\integrated\CNV_inputs\CopyKAT_HVG8000_r0_6\batchwise_micro_all_cells\copykat_microbatch_0064\copykat_barcodes.tsv	G:\Repository\glioma-cnv-single-cell-atlas\data\interim\integrated\CNV_inputs\CopyKAT_HVG8000_r0_6\batchwise_micro_all_cells\copykat_microbatch_0064\copykat_cell_metadata.tsv	G:\Repository\glioma-cnv-single-cell-atlas\data\interim\integrated\CNV_inputs\CopyKAT_HVG8000_r0_6\batchwise_micro_all_cells\copykat_microbatch_0064\run_copykat_microbatch_0064.R	G:\Repository\glioma-cnv-single-cell-atlas\data\interim\integrated\CNV_inputs\CopyKAT_HVG8000_r0_6\batchwise_micro_all_cells\copykat_microbatch_0064\copykat_microbatch_0064_prediction.tsv
copykat_microbatch_0065	65	G:\Repository\glioma-cnv-single-cell-atlas\data\interim\integrated\CNV_inputs\CopyKAT_HVG8000_r0_6\batchwise_micro_all_cells\copykat_microbatch_0065	2996	2000	1000	15163	G:\Repository\glioma-cnv-single-cell-atlas\data\interim\integrated\CNV_inputs\CopyKAT_HVG8000_r0_6\batchwise_micro_all_cells\copykat_microbatch_0065\copykat_raw_counts_genes_by_cells.mtx.gz	G:\Repository\glioma-cnv-single-cell-atlas\data\interim\integrated\CNV_inputs\CopyKAT_HVG8000_r0_6\batchwise_micro_all_cells\copykat_microbatch_0065\copykat_raw_counts_genes_by_cells.mtx	G:\Repository\glioma-cnv-single-cell-atlas\data\interim\integrated\CNV_inputs\CopyKAT_HVG8000_r0_6\batchwise_micro_all_cells\copykat_microbatch_0065\copykat_genes.tsv	G:\Repository\glioma-cnv-single-cell-atlas\data\interim\integrated\CNV_inputs\CopyKAT_HVG8000_r0_6\batchwise_micro_all_cells\copykat_microbatch_0065\copykat_barcodes.tsv	G:\Repository\glioma-cnv-single-cell-atlas\data\interim\integrated\CNV_inputs\CopyKAT_HVG8000_r0_6\batchwise_micro_all_cells\copykat_microbatch_0065\copykat_cell_metadata.tsv	G:\Repository\glioma-cnv-single-cell-atlas\data\interim\integrated\CNV_inputs\CopyKAT_HVG8000_r0_6\batchwise_micro_all_cells\copykat_microbatch_0065\run_copykat_microbatch_0065.R	G:\Repository\glioma-cnv-single-cell-atlas\data\interim\integrated\CNV_inputs\CopyKAT_HVG8000_r0_6\batchwise_micro_all_cells\copykat_microbatch_0065\copykat_microbatch_0065_prediction.tsv
copykat_microbatch_0066	66	G:\Repository\glioma-cnv-single-cell-atlas\data\interim\integrated\CNV_inputs\CopyKAT_HVG8000_r0_6\batchwise_micro_all_cells\copykat_microbatch_0066	2999	2000	1000	15163	G:\Repository\glioma-cnv-single-cell-atlas\data\interim\integrated\CNV_inputs\CopyKAT_HVG8000_r0_6\batchwise_micro_all_cells\copykat_microbatch_0066\copykat_raw_counts_genes_by_cells.mtx.gz	G:\Repository\glioma-cnv-single-cell-atlas\data\interim\integrated\CNV_inputs\CopyKAT_HVG8000_r0_6\batchwise_micro_all_cells\copykat_microbatch_0066\copykat_raw_counts_genes_by_cells.mtx	G:\Repository\glioma-cnv-single-cell-atlas\data\interim\integrated\CNV_inputs\CopyKAT_HVG8000_r0_6\batchwise_micro_all_cells\copykat_microbatch_0066\copykat_genes.tsv	G:\Repository\glioma-cnv-single-cell-atlas\data\interim\integrated\CNV_inputs\CopyKAT_HVG8000_r0_6\batchwise_micro_all_cells\copykat_microbatch_0066\copykat_barcodes.tsv	G:\Repository\glioma-cnv-single-cell-atlas\data\interim\integrated\CNV_inputs\CopyKAT_HVG8000_r0_6\batchwise_micro_all_cells\copykat_microbatch_0066\copykat_cell_metadata.tsv	G:\Repository\glioma-cnv-single-cell-atlas\data\interim\integrated\CNV_inputs\CopyKAT_HVG8000_r0_6\batchwise_micro_all_cells\copykat_microbatch_0066\run_copykat_microbatch_0066.R	G:\Repository\glioma-cnv-single-cell-atlas\data\interim\integrated\CNV_inputs\CopyKAT_HVG8000_r0_6\batchwise_micro_all_cells\copykat_microbatch_0066\copykat_microbatch_0066_prediction.tsv
copykat_microbatch_0067	67	G:\Repository\glioma-cnv-single-cell-atlas\data\interim\integrated\CNV_inputs\CopyKAT_HVG8000_r0_6\batchwise_micro_all_cells\copykat_microbatch_0067	3000	2000	1000	15163	G:\Repository\glioma-cnv-single-cell-atlas\data\interim\integrated\CNV_inputs\CopyKAT_HVG8000_r0_6\batchwise_micro_all_cells\copykat_microbatch_0067\copykat_raw_counts_genes_by_cells.mtx.gz	G:\Repository\glioma-cnv-single-cell-atlas\data\interim\integrated\CNV_inputs\CopyKAT_HVG8000_r0_6\batchwise_micro_all_cells\copykat_microbatch_0067\copykat_raw_counts_genes_by_cells.mtx	G:\Repository\glioma-cnv-single-cell-atlas\data\interim\integrated\CNV_inputs\CopyKAT_HVG8000_r0_6\batchwise_micro_all_cells\copykat_microbatch_0067\copykat_genes.tsv	G:\Repository\glioma-cnv-single-cell-atlas\data\interim\integrated\CNV_inputs\CopyKAT_HVG8000_r0_6\batchwise_micro_all_cells\copykat_microbatch_0067\copykat_barcodes.tsv	G:\Repository\glioma-cnv-single-cell-atlas\data\interim\integrated\CNV_inputs\CopyKAT_HVG8000_r0_6\batchwise_micro_all_cells\copykat_microbatch_0067\copykat_cell_metadata.tsv	G:\Repository\glioma-cnv-single-cell-atlas\data\interim\integrated\CNV_inputs\CopyKAT_HVG8000_r0_6\batchwise_micro_all_cells\copykat_microbatch_0067\run_copykat_microbatch_0067.R	G:\Repository\glioma-cnv-single-cell-atlas\data\interim\integrated\CNV_inputs\CopyKAT_HVG8000_r0_6\batchwise_micro_all_cells\copykat_microbatch_0067\copykat_microbatch_0067_prediction.tsv
copykat_microbatch_0068	68	G:\Repository\glioma-cnv-single-cell-atlas\data\interim\integrated\CNV_inputs\CopyKAT_HVG8000_r0_6\batchwise_micro_all_cells\copykat_microbatch_0068	3000	2000	1000	15163	G:\Repository\glioma-cnv-single-cell-atlas\data\interim\integrated\CNV_inputs\CopyKAT_HVG8000_r0_6\batchwise_micro_all_cells\copykat_microbatch_0068\copykat_raw_counts_genes_by_cells.mtx.gz	G:\Repository\glioma-cnv-single-cell-atlas\data\interim\integrated\CNV_inputs\CopyKAT_HVG8000_r0_6\batchwise_micro_all_cells\copykat_microbatch_0068\copykat_raw_counts_genes_by_cells.mtx	G:\Repository\glioma-cnv-single-cell-atlas\data\interim\integrated\CNV_inputs\CopyKAT_HVG8000_r0_6\batchwise_micro_all_cells\copykat_microbatch_0068\copykat_genes.tsv	G:\Repository\glioma-cnv-single-cell-atlas\data\interim\integrated\CNV_inputs\CopyKAT_HVG8000_r0_6\batchwise_micro_all_cells\copykat_microbatch_0068\copykat_barcodes.tsv	G:\Repository\glioma-cnv-single-cell-atlas\data\interim\integrated\CNV_inputs\CopyKAT_HVG8000_r0_6\batchwise_micro_all_cells\copykat_microbatch_0068\copykat_cell_metadata.tsv	G:\Repository\glioma-cnv-single-cell-atlas\data\interim\integrated\CNV_inputs\CopyKAT_HVG8000_r0_6\batchwise_micro_all_cells\copykat_microbatch_0068\run_copykat_microbatch_0068.R	G:\Repository\glioma-cnv-single-cell-atlas\data\interim\integrated\CNV_inputs\CopyKAT_HVG8000_r0_6\batchwise_micro_all_cells\copykat_microbatch_0068\copykat_microbatch_0068_prediction.tsv
copykat_microbatch_0069	69	G:\Repository\glioma-cnv-single-cell-atlas\data\interim\integrated\CNV_inputs\CopyKAT_HVG8000_r0_6\batchwise_micro_all_cells\copykat_microbatch_0069	3000	2000	1000	15163	G:\Repository\glioma-cnv-single-cell-atlas\data\interim\integrated\CNV_inputs\CopyKAT_HVG8000_r0_6\batchwise_micro_all_cells\copykat_microbatch_0069\copykat_raw_counts_genes_by_cells.mtx.gz	G:\Repository\glioma-cnv-single-cell-atlas\data\interim\integrated\CNV_inputs\CopyKAT_HVG8000_r0_6\batchwise_micro_all_cells\copykat_microbatch_0069\copykat_raw_counts_genes_by_cells.mtx	G:\Repository\glioma-cnv-single-cell-atlas\data\interim\integrated\CNV_inputs\CopyKAT_HVG8000_r0_6\batchwise_micro_all_cells\copykat_microbatch_0069\copykat_genes.tsv	G:\Repository\glioma-cnv-single-cell-atlas\data\interim\integrated\CNV_inputs\CopyKAT_HVG8000_r0_6\batchwise_micro_all_cells\copykat_microbatch_0069\copykat_barcodes.tsv	G:\Repository\glioma-cnv-single-cell-atlas\data\interim\integrated\CNV_inputs\CopyKAT_HVG8000_r0_6\batchwise_micro_all_cells\copykat_microbatch_0069\copykat_cell_metadata.tsv	G:\Repository\glioma-cnv-single-cell-atlas\data\interim\integrated\CNV_inputs\CopyKAT_HVG8000_r0_6\batchwise_micro_all_cells\copykat_microbatch_0069\run_copykat_microbatch_0069.R	G:\Repository\glioma-cnv-single-cell-atlas\data\interim\integrated\CNV_inputs\CopyKAT_HVG8000_r0_6\batchwise_micro_all_cells\copykat_microbatch_0069\copykat_microbatch_0069_prediction.tsv
copykat_microbatch_0070	70	G:\Repository\glioma-cnv-single-cell-atlas\data\interim\integrated\CNV_inputs\CopyKAT_HVG8000_r0_6\batchwise_micro_all_cells\copykat_microbatch_0070	3000	2000	1000	15163	G:\Repository\glioma-cnv-single-cell-atlas\data\interim\integrated\CNV_inputs\CopyKAT_HVG8000_r0_6\batchwise_micro_all_cells\copykat_microbatch_0070\copykat_raw_counts_genes_by_cells.mtx.gz	G:\Repository\glioma-cnv-single-cell-atlas\data\interim\integrated\CNV_inputs\CopyKAT_HVG8000_r0_6\batchwise_micro_all_cells\copykat_microbatch_0070\copykat_raw_counts_genes_by_cells.mtx	G:\Repository\glioma-cnv-single-cell-atlas\data\interim\integrated\CNV_inputs\CopyKAT_HVG8000_r0_6\batchwise_micro_all_cells\copykat_microbatch_0070\copykat_genes.tsv	G:\Repository\glioma-cnv-single-cell-atlas\data\interim\integrated\CNV_inputs\CopyKAT_HVG8000_r0_6\batchwise_micro_all_cells\copykat_microbatch_0070\copykat_barcodes.tsv	G:\Repository\glioma-cnv-single-cell-atlas\data\interim\integrated\CNV_inputs\CopyKAT_HVG8000_r0_6\batchwise_micro_all_cells\copykat_microbatch_0070\copykat_cell_metadata.tsv	G:\Repository\glioma-cnv-single-cell-atlas\data\interim\integrated\CNV_inputs\CopyKAT_HVG8000_r0_6\batchwise_micro_all_cells\copykat_microbatch_0070\run_copykat_microbatch_0070.R	G:\Repository\glioma-cnv-single-cell-atlas\data\interim\integrated\CNV_inputs\CopyKAT_HVG8000_r0_6\batchwise_micro_all_cells\copykat_microbatch_0070\copykat_microbatch_0070_prediction.tsv
copykat_microbatch_0071	71	G:\Repository\glioma-cnv-single-cell-atlas\data\interim\integrated\CNV_inputs\CopyKAT_HVG8000_r0_6\batchwise_micro_all_cells\copykat_microbatch_0071	2999	2000	1000	15163	G:\Repository\glioma-cnv-single-cell-atlas\data\interim\integrated\CNV_inputs\CopyKAT_HVG8000_r0_6\batchwise_micro_all_cells\copykat_microbatch_0071\copykat_raw_counts_genes_by_cells.mtx.gz	G:\Repository\glioma-cnv-single-cell-atlas\data\interim\integrated\CNV_inputs\CopyKAT_HVG8000_r0_6\batchwise_micro_all_cells\copykat_microbatch_0071\copykat_raw_counts_genes_by_cells.mtx	G:\Repository\glioma-cnv-single-cell-atlas\data\interim\integrated\CNV_inputs\CopyKAT_HVG8000_r0_6\batchwise_micro_all_cells\copykat_microbatch_0071\copykat_genes.tsv	G:\Repository\glioma-cnv-single-cell-atlas\data\interim\integrated\CNV_inputs\CopyKAT_HVG8000_r0_6\batchwise_micro_all_cells\copykat_microbatch_0071\copykat_barcodes.tsv	G:\Repository\glioma-cnv-single-cell-atlas\data\interim\integrated\CNV_inputs\CopyKAT_HVG8000_r0_6\batchwise_micro_all_cells\copykat_microbatch_0071\copykat_cell_metadata.tsv	G:\Repository\glioma-cnv-single-cell-atlas\data\interim\integrated\CNV_inputs\CopyKAT_HVG8000_r0_6\batchwise_micro_all_cells\copykat_microbatch_0071\run_copykat_microbatch_0071.R	G:\Repository\glioma-cnv-single-cell-atlas\data\interim\integrated\CNV_inputs\CopyKAT_HVG8000_r0_6\batchwise_micro_all_cells\copykat_microbatch_0071\copykat_microbatch_0071_prediction.tsv
copykat_microbatch_0072	72	G:\Repository\glioma-cnv-single-cell-atlas\data\interim\integrated\CNV_inputs\CopyKAT_HVG8000_r0_6\batchwise_micro_all_cells\copykat_microbatch_0072	2999	2000	1000	15163	G:\Repository\glioma-cnv-single-cell-atlas\data\interim\integrated\CNV_inputs\CopyKAT_HVG8000_r0_6\batchwise_micro_all_cells\copykat_microbatch_0072\copykat_raw_counts_genes_by_cells.mtx.gz	G:\Repository\glioma-cnv-single-cell-atlas\data\interim\integrated\CNV_inputs\CopyKAT_HVG8000_r0_6\batchwise_micro_all_cells\copykat_microbatch_0072\copykat_raw_counts_genes_by_cells.mtx	G:\Repository\glioma-cnv-single-cell-atlas\data\interim\integrated\CNV_inputs\CopyKAT_HVG8000_r0_6\batchwise_micro_all_cells\copykat_microbatch_0072\copykat_genes.tsv	G:\Repository\glioma-cnv-single-cell-atlas\data\interim\integrated\CNV_inputs\CopyKAT_HVG8000_r0_6\batchwise_micro_all_cells\copykat_microbatch_0072\copykat_barcodes.tsv	G:\Repository\glioma-cnv-single-cell-atlas\data\interim\integrated\CNV_inputs\CopyKAT_HVG8000_r0_6\batchwise_micro_all_cells\copykat_microbatch_0072\copykat_cell_metadata.tsv	G:\Repository\glioma-cnv-single-cell-atlas\data\interim\integrated\CNV_inputs\CopyKAT_HVG8000_r0_6\batchwise_micro_all_cells\copykat_microbatch_0072\run_copykat_microbatch_0072.R	G:\Repository\glioma-cnv-single-cell-atlas\data\interim\integrated\CNV_inputs\CopyKAT_HVG8000_r0_6\batchwise_micro_all_cells\copykat_microbatch_0072\copykat_microbatch_0072_prediction.tsv
copykat_microbatch_0073	73	G:\Repository\glioma-cnv-single-cell-atlas\data\interim\integrated\CNV_inputs\CopyKAT_HVG8000_r0_6\batchwise_micro_all_cells\copykat_microbatch_0073	2998	2000	1000	15163	G:\Repository\glioma-cnv-single-cell-atlas\data\interim\integrated\CNV_inputs\CopyKAT_HVG8000_r0_6\batchwise_micro_all_cells\copykat_microbatch_0073\copykat_raw_counts_genes_by_cells.mtx.gz	G:\Repository\glioma-cnv-single-cell-atlas\data\interim\integrated\CNV_inputs\CopyKAT_HVG8000_r0_6\batchwise_micro_all_cells\copykat_microbatch_0073\copykat_raw_counts_genes_by_cells.mtx	G:\Repository\glioma-cnv-single-cell-atlas\data\interim\integrated\CNV_inputs\CopyKAT_HVG8000_r0_6\batchwise_micro_all_cells\copykat_microbatch_0073\copykat_genes.tsv	G:\Repository\glioma-cnv-single-cell-atlas\data\interim\integrated\CNV_inputs\CopyKAT_HVG8000_r0_6\batchwise_micro_all_cells\copykat_microbatch_0073\copykat_barcodes.tsv	G:\Repository\glioma-cnv-single-cell-atlas\data\interim\integrated\CNV_inputs\CopyKAT_HVG8000_r0_6\batchwise_micro_all_cells\copykat_microbatch_0073\copykat_cell_metadata.tsv	G:\Repository\glioma-cnv-single-cell-atlas\data\interim\integrated\CNV_inputs\CopyKAT_HVG8000_r0_6\batchwise_micro_all_cells\copykat_microbatch_0073\run_copykat_microbatch_0073.R	G:\Repository\glioma-cnv-single-cell-atlas\data\interim\integrated\CNV_inputs\CopyKAT_HVG8000_r0_6\batchwise_micro_all_cells\copykat_microbatch_0073\copykat_microbatch_0073_prediction.tsv
copykat_microbatch_0074	74	G:\Repository\glioma-cnv-single-cell-atlas\data\interim\integrated\CNV_inputs\CopyKAT_HVG8000_r0_6\batchwise_micro_all_cells\copykat_microbatch_0074	3000	2000	1000	15163	G:\Repository\glioma-cnv-single-cell-atlas\data\interim\integrated\CNV_inputs\CopyKAT_HVG8000_r0_6\batchwise_micro_all_cells\copykat_microbatch_0074\copykat_raw_counts_genes_by_cells.mtx.gz	G:\Repository\glioma-cnv-single-cell-atlas\data\interim\integrated\CNV_inputs\CopyKAT_HVG8000_r0_6\batchwise_micro_all_cells\copykat_microbatch_0074\copykat_raw_counts_genes_by_cells.mtx	G:\Repository\glioma-cnv-single-cell-atlas\data\interim\integrated\CNV_inputs\CopyKAT_HVG8000_r0_6\batchwise_micro_all_cells\copykat_microbatch_0074\copykat_genes.tsv	G:\Repository\glioma-cnv-single-cell-atlas\data\interim\integrated\CNV_inputs\CopyKAT_HVG8000_r0_6\batchwise_micro_all_cells\copykat_microbatch_0074\copykat_barcodes.tsv	G:\Repository\glioma-cnv-single-cell-atlas\data\interim\integrated\CNV_inputs\CopyKAT_HVG8000_r0_6\batchwise_micro_all_cells\copykat_microbatch_0074\copykat_cell_metadata.tsv	G:\Repository\glioma-cnv-single-cell-atlas\data\interim\integrated\CNV_inputs\CopyKAT_HVG8000_r0_6\batchwise_micro_all_cells\copykat_microbatch_0074\run_copykat_microbatch_0074.R	G:\Repository\glioma-cnv-single-cell-atlas\data\interim\integrated\CNV_inputs\CopyKAT_HVG8000_r0_6\batchwise_micro_all_cells\copykat_microbatch_0074\copykat_microbatch_0074_prediction.tsv
copykat_microbatch_0075	75	G:\Repository\glioma-cnv-single-cell-atlas\data\interim\integrated\CNV_inputs\CopyKAT_HVG8000_r0_6\batchwise_micro_all_cells\copykat_microbatch_0075	2999	2000	1000	15163	G:\Repository\glioma-cnv-single-cell-atlas\data\interim\integrated\CNV_inputs\CopyKAT_HVG8000_r0_6\batchwise_micro_all_cells\copykat_microbatch_0075\copykat_raw_counts_genes_by_cells.mtx.gz	G:\Repository\glioma-cnv-single-cell-atlas\data\interim\integrated\CNV_inputs\CopyKAT_HVG8000_r0_6\batchwise_micro_all_cells\copykat_microbatch_0075\copykat_raw_counts_genes_by_cells.mtx	G:\Repository\glioma-cnv-single-cell-atlas\data\interim\integrated\CNV_inputs\CopyKAT_HVG8000_r0_6\batchwise_micro_all_cells\copykat_microbatch_0075\copykat_genes.tsv	G:\Repository\glioma-cnv-single-cell-atlas\data\interim\integrated\CNV_inputs\CopyKAT_HVG8000_r0_6\batchwise_micro_all_cells\copykat_microbatch_0075\copykat_barcodes.tsv	G:\Repository\glioma-cnv-single-cell-atlas\data\interim\integrated\CNV_inputs\CopyKAT_HVG8000_r0_6\batchwise_micro_all_cells\copykat_microbatch_0075\copykat_cell_metadata.tsv	G:\Repository\glioma-cnv-single-cell-atlas\data\interim\integrated\CNV_inputs\CopyKAT_HVG8000_r0_6\batchwise_micro_all_cells\copykat_microbatch_0075\run_copykat_microbatch_0075.R	G:\Repository\glioma-cnv-single-cell-atlas\data\interim\integrated\CNV_inputs\CopyKAT_HVG8000_r0_6\batchwise_micro_all_cells\copykat_microbatch_0075\copykat_microbatch_0075_prediction.tsv
copykat_microbatch_0076	76	G:\Repository\glioma-cnv-single-cell-atlas\data\interim\integrated\CNV_inputs\CopyKAT_HVG8000_r0_6\batchwise_micro_all_cells\copykat_microbatch_0076	2998	2000	1000	15163	G:\Repository\glioma-cnv-single-cell-atlas\data\interim\integrated\CNV_inputs\CopyKAT_HVG8000_r0_6\batchwise_micro_all_cells\copykat_microbatch_0076\copykat_raw_counts_genes_by_cells.mtx.gz	G:\Repository\glioma-cnv-single-cell-atlas\data\interim\integrated\CNV_inputs\CopyKAT_HVG8000_r0_6\batchwise_micro_all_cells\copykat_microbatch_0076\copykat_raw_counts_genes_by_cells.mtx	G:\Repository\glioma-cnv-single-cell-atlas\data\interim\integrated\CNV_inputs\CopyKAT_HVG8000_r0_6\batchwise_micro_all_cells\copykat_microbatch_0076\copykat_genes.tsv	G:\Repository\glioma-cnv-single-cell-atlas\data\interim\integrated\CNV_inputs\CopyKAT_HVG8000_r0_6\batchwise_micro_all_cells\copykat_microbatch_0076\copykat_barcodes.tsv	G:\Repository\glioma-cnv-single-cell-atlas\data\interim\integrated\CNV_inputs\CopyKAT_HVG8000_r0_6\batchwise_micro_all_cells\copykat_microbatch_0076\copykat_cell_metadata.tsv	G:\Repository\glioma-cnv-single-cell-atlas\data\interim\integrated\CNV_inputs\CopyKAT_HVG8000_r0_6\batchwise_micro_all_cells\copykat_microbatch_0076\run_copykat_microbatch_0076.R	G:\Repository\glioma-cnv-single-cell-atlas\data\interim\integrated\CNV_inputs\CopyKAT_HVG8000_r0_6\batchwise_micro_all_cells\copykat_microbatch_0076\copykat_microbatch_0076_prediction.tsv
copykat_microbatch_0077	77	G:\Repository\glioma-cnv-single-cell-atlas\data\interim\integrated\CNV_inputs\CopyKAT_HVG8000_r0_6\batchwise_micro_all_cells\copykat_microbatch_0077	2992	2000	1000	15163	G:\Repository\glioma-cnv-single-cell-atlas\data\interim\integrated\CNV_inputs\CopyKAT_HVG8000_r0_6\batchwise_micro_all_cells\copykat_microbatch_0077\copykat_raw_counts_genes_by_cells.mtx.gz	G:\Repository\glioma-cnv-single-cell-atlas\data\interim\integrated\CNV_inputs\CopyKAT_HVG8000_r0_6\batchwise_micro_all_cells\copykat_microbatch_0077\copykat_raw_counts_genes_by_cells.mtx	G:\Repository\glioma-cnv-single-cell-atlas\data\interim\integrated\CNV_inputs\CopyKAT_HVG8000_r0_6\batchwise_micro_all_cells\copykat_microbatch_0077\copykat_genes.tsv	G:\Repository\glioma-cnv-single-cell-atlas\data\interim\integrated\CNV_inputs\CopyKAT_HVG8000_r0_6\batchwise_micro_all_cells\copykat_microbatch_0077\copykat_barcodes.tsv	G:\Repository\glioma-cnv-single-cell-atlas\data\interim\integrated\CNV_inputs\CopyKAT_HVG8000_r0_6\batchwise_micro_all_cells\copykat_microbatch_0077\copykat_cell_metadata.tsv	G:\Repository\glioma-cnv-single-cell-atlas\data\interim\integrated\CNV_inputs\CopyKAT_HVG8000_r0_6\batchwise_micro_all_cells\copykat_microbatch_0077\run_copykat_microbatch_0077.R	G:\Repository\glioma-cnv-single-cell-atlas\data\interim\integrated\CNV_inputs\CopyKAT_HVG8000_r0_6\batchwise_micro_all_cells\copykat_microbatch_0077\copykat_microbatch_0077_prediction.tsv
copykat_microbatch_0078	78	G:\Repository\glioma-cnv-single-cell-atlas\data\interim\integrated\CNV_inputs\CopyKAT_HVG8000_r0_6\batchwise_micro_all_cells\copykat_microbatch_0078	2994	2000	1000	15163	G:\Repository\glioma-cnv-single-cell-atlas\data\interim\integrated\CNV_inputs\CopyKAT_HVG8000_r0_6\batchwise_micro_all_cells\copykat_microbatch_0078\copykat_raw_counts_genes_by_cells.mtx.gz	G:\Repository\glioma-cnv-single-cell-atlas\data\interim\integrated\CNV_inputs\CopyKAT_HVG8000_r0_6\batchwise_micro_all_cells\copykat_microbatch_0078\copykat_raw_counts_genes_by_cells.mtx	G:\Repository\glioma-cnv-single-cell-atlas\data\interim\integrated\CNV_inputs\CopyKAT_HVG8000_r0_6\batchwise_micro_all_cells\copykat_microbatch_0078\copykat_genes.tsv	G:\Repository\glioma-cnv-single-cell-atlas\data\interim\integrated\CNV_inputs\CopyKAT_HVG8000_r0_6\batchwise_micro_all_cells\copykat_microbatch_0078\copykat_barcodes.tsv	G:\Repository\glioma-cnv-single-cell-atlas\data\interim\integrated\CNV_inputs\CopyKAT_HVG8000_r0_6\batchwise_micro_all_cells\copykat_microbatch_0078\copykat_cell_metadata.tsv	G:\Repository\glioma-cnv-single-cell-atlas\data\interim\integrated\CNV_inputs\CopyKAT_HVG8000_r0_6\batchwise_micro_all_cells\copykat_microbatch_0078\run_copykat_microbatch_0078.R	G:\Repository\glioma-cnv-single-cell-atlas\data\interim\integrated\CNV_inputs\CopyKAT_HVG8000_r0_6\batchwise_micro_all_cells\copykat_microbatch_0078\copykat_microbatch_0078_prediction.tsv
copykat_microbatch_0079	79	G:\Repository\glioma-cnv-single-cell-atlas\data\interim\integrated\CNV_inputs\CopyKAT_HVG8000_r0_6\batchwise_micro_all_cells\copykat_microbatch_0079	2998	2000	1000	15163	G:\Repository\glioma-cnv-single-cell-atlas\data\interim\integrated\CNV_inputs\CopyKAT_HVG8000_r0_6\batchwise_micro_all_cells\copykat_microbatch_0079\copykat_raw_counts_genes_by_cells.mtx.gz	G:\Repository\glioma-cnv-single-cell-atlas\data\interim\integrated\CNV_inputs\CopyKAT_HVG8000_r0_6\batchwise_micro_all_cells\copykat_microbatch_0079\copykat_raw_counts_genes_by_cells.mtx	G:\Repository\glioma-cnv-single-cell-atlas\data\interim\integrated\CNV_inputs\CopyKAT_HVG8000_r0_6\batchwise_micro_all_cells\copykat_microbatch_0079\copykat_genes.tsv	G:\Repository\glioma-cnv-single-cell-atlas\data\interim\integrated\CNV_inputs\CopyKAT_HVG8000_r0_6\batchwise_micro_all_cells\copykat_microbatch_0079\copykat_barcodes.tsv	G:\Repository\glioma-cnv-single-cell-atlas\data\interim\integrated\CNV_inputs\CopyKAT_HVG8000_r0_6\batchwise_micro_all_cells\copykat_microbatch_0079\copykat_cell_metadata.tsv	G:\Repository\glioma-cnv-single-cell-atlas\data\interim\integrated\CNV_inputs\CopyKAT_HVG8000_r0_6\batchwise_micro_all_cells\copykat_microbatch_0079\run_copykat_microbatch_0079.R	G:\Repository\glioma-cnv-single-cell-atlas\data\interim\integrated\CNV_inputs\CopyKAT_HVG8000_r0_6\batchwise_micro_all_cells\copykat_microbatch_0079\copykat_microbatch_0079_prediction.tsv
copykat_microbatch_0080	80	G:\Repository\glioma-cnv-single-cell-atlas\data\interim\integrated\CNV_inputs\CopyKAT_HVG8000_r0_6\batchwise_micro_all_cells\copykat_microbatch_0080	2992	2000	1000	15163	G:\Repository\glioma-cnv-single-cell-atlas\data\interim\integrated\CNV_inputs\CopyKAT_HVG8000_r0_6\batchwise_micro_all_cells\copykat_microbatch_0080\copykat_raw_counts_genes_by_cells.mtx.gz	G:\Repository\glioma-cnv-single-cell-atlas\data\interim\integrated\CNV_inputs\CopyKAT_HVG8000_r0_6\batchwise_micro_all_cells\copykat_microbatch_0080\copykat_raw_counts_genes_by_cells.mtx	G:\Repository\glioma-cnv-single-cell-atlas\data\interim\integrated\CNV_inputs\CopyKAT_HVG8000_r0_6\batchwise_micro_all_cells\copykat_microbatch_0080\copykat_genes.tsv	G:\Repository\glioma-cnv-single-cell-atlas\data\interim\integrated\CNV_inputs\CopyKAT_HVG8000_r0_6\batchwise_micro_all_cells\copykat_microbatch_0080\copykat_barcodes.tsv	G:\Repository\glioma-cnv-single-cell-atlas\data\interim\integrated\CNV_inputs\CopyKAT_HVG8000_r0_6\batchwise_micro_all_cells\copykat_microbatch_0080\copykat_cell_metadata.tsv	G:\Repository\glioma-cnv-single-cell-atlas\data\interim\integrated\CNV_inputs\CopyKAT_HVG8000_r0_6\batchwise_micro_all_cells\copykat_microbatch_0080\run_copykat_microbatch_0080.R	G:\Repository\glioma-cnv-single-cell-atlas\data\interim\integrated\CNV_inputs\CopyKAT_HVG8000_r0_6\batchwise_micro_all_cells\copykat_microbatch_0080\copykat_microbatch_0080_prediction.tsv
copykat_microbatch_0081	81	G:\Repository\glioma-cnv-single-cell-atlas\data\interim\integrated\CNV_inputs\CopyKAT_HVG8000_r0_6\batchwise_micro_all_cells\copykat_microbatch_0081	2991	2000	1000	15163	G:\Repository\glioma-cnv-single-cell-atlas\data\interim\integrated\CNV_inputs\CopyKAT_HVG8000_r0_6\batchwise_micro_all_cells\copykat_microbatch_0081\copykat_raw_counts_genes_by_cells.mtx.gz	G:\Repository\glioma-cnv-single-cell-atlas\data\interim\integrated\CNV_inputs\CopyKAT_HVG8000_r0_6\batchwise_micro_all_cells\copykat_microbatch_0081\copykat_raw_counts_genes_by_cells.mtx	G:\Repository\glioma-cnv-single-cell-atlas\data\interim\integrated\CNV_inputs\CopyKAT_HVG8000_r0_6\batchwise_micro_all_cells\copykat_microbatch_0081\copykat_genes.tsv	G:\Repository\glioma-cnv-single-cell-atlas\data\interim\integrated\CNV_inputs\CopyKAT_HVG8000_r0_6\batchwise_micro_all_cells\copykat_microbatch_0081\copykat_barcodes.tsv	G:\Repository\glioma-cnv-single-cell-atlas\data\interim\integrated\CNV_inputs\CopyKAT_HVG8000_r0_6\batchwise_micro_all_cells\copykat_microbatch_0081\copykat_cell_metadata.tsv	G:\Repository\glioma-cnv-single-cell-atlas\data\interim\integrated\CNV_inputs\CopyKAT_HVG8000_r0_6\batchwise_micro_all_cells\copykat_microbatch_0081\run_copykat_microbatch_0081.R	G:\Repository\glioma-cnv-single-cell-atlas\data\interim\integrated\CNV_inputs\CopyKAT_HVG8000_r0_6\batchwise_micro_all_cells\copykat_microbatch_0081\copykat_microbatch_0081_prediction.tsv
copykat_microbatch_0082	82	G:\Repository\glioma-cnv-single-cell-atlas\data\interim\integrated\CNV_inputs\CopyKAT_HVG8000_r0_6\batchwise_micro_all_cells\copykat_microbatch_0082	2984	2000	1000	15163	G:\Repository\glioma-cnv-single-cell-atlas\data\interim\integrated\CNV_inputs\CopyKAT_HVG8000_r0_6\batchwise_micro_all_cells\copykat_microbatch_0082\copykat_raw_counts_genes_by_cells.mtx.gz	G:\Repository\glioma-cnv-single-cell-atlas\data\interim\integrated\CNV_inputs\CopyKAT_HVG8000_r0_6\batchwise_micro_all_cells\copykat_microbatch_0082\copykat_raw_counts_genes_by_cells.mtx	G:\Repository\glioma-cnv-single-cell-atlas\data\interim\integrated\CNV_inputs\CopyKAT_HVG8000_r0_6\batchwise_micro_all_cells\copykat_microbatch_0082\copykat_genes.tsv	G:\Repository\glioma-cnv-single-cell-atlas\data\interim\integrated\CNV_inputs\CopyKAT_HVG8000_r0_6\batchwise_micro_all_cells\copykat_microbatch_0082\copykat_barcodes.tsv	G:\Repository\glioma-cnv-single-cell-atlas\data\interim\integrated\CNV_inputs\CopyKAT_HVG8000_r0_6\batchwise_micro_all_cells\copykat_microbatch_0082\copykat_cell_metadata.tsv	G:\Repository\glioma-cnv-single-cell-atlas\data\interim\integrated\CNV_inputs\CopyKAT_HVG8000_r0_6\batchwise_micro_all_cells\copykat_microbatch_0082\run_copykat_microbatch_0082.R	G:\Repository\glioma-cnv-single-cell-atlas\data\interim\integrated\CNV_inputs\CopyKAT_HVG8000_r0_6\batchwise_micro_all_cells\copykat_microbatch_0082\copykat_microbatch_0082_prediction.tsv
copykat_microbatch_0083	83	G:\Repository\glioma-cnv-single-cell-atlas\data\interim\integrated\CNV_inputs\CopyKAT_HVG8000_r0_6\batchwise_micro_all_cells\copykat_microbatch_0083	2983	2000	1000	15163	G:\Repository\glioma-cnv-single-cell-atlas\data\interim\integrated\CNV_inputs\CopyKAT_HVG8000_r0_6\batchwise_micro_all_cells\copykat_microbatch_0083\copykat_raw_counts_genes_by_cells.mtx.gz	G:\Repository\glioma-cnv-single-cell-atlas\data\interim\integrated\CNV_inputs\CopyKAT_HVG8000_r0_6\batchwise_micro_all_cells\copykat_microbatch_0083\copykat_raw_counts_genes_by_cells.mtx	G:\Repository\glioma-cnv-single-cell-atlas\data\interim\integrated\CNV_inputs\CopyKAT_HVG8000_r0_6\batchwise_micro_all_cells\copykat_microbatch_0083\copykat_genes.tsv	G:\Repository\glioma-cnv-single-cell-atlas\data\interim\integrated\CNV_inputs\CopyKAT_HVG8000_r0_6\batchwise_micro_all_cells\copykat_microbatch_0083\copykat_barcodes.tsv	G:\Repository\glioma-cnv-single-cell-atlas\data\interim\integrated\CNV_inputs\CopyKAT_HVG8000_r0_6\batchwise_micro_all_cells\copykat_microbatch_0083\copykat_cell_metadata.tsv	G:\Repository\glioma-cnv-single-cell-atlas\data\interim\integrated\CNV_inputs\CopyKAT_HVG8000_r0_6\batchwise_micro_all_cells\copykat_microbatch_0083\run_copykat_microbatch_0083.R	G:\Repository\glioma-cnv-single-cell-atlas\data\interim\integrated\CNV_inputs\CopyKAT_HVG8000_r0_6\batchwise_micro_all_cells\copykat_microbatch_0083\copykat_microbatch_0083_prediction.tsv
copykat_microbatch_0084	84	G:\Repository\glioma-cnv-single-cell-atlas\data\interim\integrated\CNV_inputs\CopyKAT_HVG8000_r0_6\batchwise_micro_all_cells\copykat_microbatch_0084	2993	2000	1000	15163	G:\Repository\glioma-cnv-single-cell-atlas\data\interim\integrated\CNV_inputs\CopyKAT_HVG8000_r0_6\batchwise_micro_all_cells\copykat_microbatch_0084\copykat_raw_counts_genes_by_cells.mtx.gz	G:\Repository\glioma-cnv-single-cell-atlas\data\interim\integrated\CNV_inputs\CopyKAT_HVG8000_r0_6\batchwise_micro_all_cells\copykat_microbatch_0084\copykat_raw_counts_genes_by_cells.mtx	G:\Repository\glioma-cnv-single-cell-atlas\data\interim\integrated\CNV_inputs\CopyKAT_HVG8000_r0_6\batchwise_micro_all_cells\copykat_microbatch_0084\copykat_genes.tsv	G:\Repository\glioma-cnv-single-cell-atlas\data\interim\integrated\CNV_inputs\CopyKAT_HVG8000_r0_6\batchwise_micro_all_cells\copykat_microbatch_0084\copykat_barcodes.tsv	G:\Repository\glioma-cnv-single-cell-atlas\data\interim\integrated\CNV_inputs\CopyKAT_HVG8000_r0_6\batchwise_micro_all_cells\copykat_microbatch_0084\copykat_cell_metadata.tsv	G:\Repository\glioma-cnv-single-cell-atlas\data\interim\integrated\CNV_inputs\CopyKAT_HVG8000_r0_6\batchwise_micro_all_cells\copykat_microbatch_0084\run_copykat_microbatch_0084.R	G:\Repository\glioma-cnv-single-cell-atlas\data\interim\integrated\CNV_inputs\CopyKAT_HVG8000_r0_6\batchwise_micro_all_cells\copykat_microbatch_0084\copykat_microbatch_0084_prediction.tsv
copykat_microbatch_0085	85	G:\Repository\glioma-cnv-single-cell-atlas\data\interim\integrated\CNV_inputs\CopyKAT_HVG8000_r0_6\batchwise_micro_all_cells\copykat_microbatch_0085	2990	2000	1000	15163	G:\Repository\glioma-cnv-single-cell-atlas\data\interim\integrated\CNV_inputs\CopyKAT_HVG8000_r0_6\batchwise_micro_all_cells\copykat_microbatch_0085\copykat_raw_counts_genes_by_cells.mtx.gz	G:\Repository\glioma-cnv-single-cell-atlas\data\interim\integrated\CNV_inputs\CopyKAT_HVG8000_r0_6\batchwise_micro_all_cells\copykat_microbatch_0085\copykat_raw_counts_genes_by_cells.mtx	G:\Repository\glioma-cnv-single-cell-atlas\data\interim\integrated\CNV_inputs\CopyKAT_HVG8000_r0_6\batchwise_micro_all_cells\copykat_microbatch_0085\copykat_genes.tsv	G:\Repository\glioma-cnv-single-cell-atlas\data\interim\integrated\CNV_inputs\CopyKAT_HVG8000_r0_6\batchwise_micro_all_cells\copykat_microbatch_0085\copykat_barcodes.tsv	G:\Repository\glioma-cnv-single-cell-atlas\data\interim\integrated\CNV_inputs\CopyKAT_HVG8000_r0_6\batchwise_micro_all_cells\copykat_microbatch_0085\copykat_cell_metadata.tsv	G:\Repository\glioma-cnv-single-cell-atlas\data\interim\integrated\CNV_inputs\CopyKAT_HVG8000_r0_6\batchwise_micro_all_cells\copykat_microbatch_0085\run_copykat_microbatch_0085.R	G:\Repository\glioma-cnv-single-cell-atlas\data\interim\integrated\CNV_inputs\CopyKAT_HVG8000_r0_6\batchwise_micro_all_cells\copykat_microbatch_0085\copykat_microbatch_0085_prediction.tsv
copykat_microbatch_0086	86	G:\Repository\glioma-cnv-single-cell-atlas\data\interim\integrated\CNV_inputs\CopyKAT_HVG8000_r0_6\batchwise_micro_all_cells\copykat_microbatch_0086	2992	2000	1000	15163	G:\Repository\glioma-cnv-single-cell-atlas\data\interim\integrated\CNV_inputs\CopyKAT_HVG8000_r0_6\batchwise_micro_all_cells\copykat_microbatch_0086\copykat_raw_counts_genes_by_cells.mtx.gz	G:\Repository\glioma-cnv-single-cell-atlas\data\interim\integrated\CNV_inputs\CopyKAT_HVG8000_r0_6\batchwise_micro_all_cells\copykat_microbatch_0086\copykat_raw_counts_genes_by_cells.mtx	G:\Repository\glioma-cnv-single-cell-atlas\data\interim\integrated\CNV_inputs\CopyKAT_HVG8000_r0_6\batchwise_micro_all_cells\copykat_microbatch_0086\copykat_genes.tsv	G:\Repository\glioma-cnv-single-cell-atlas\data\interim\integrated\CNV_inputs\CopyKAT_HVG8000_r0_6\batchwise_micro_all_cells\copykat_microbatch_0086\copykat_barcodes.tsv	G:\Repository\glioma-cnv-single-cell-atlas\data\interim\integrated\CNV_inputs\CopyKAT_HVG8000_r0_6\batchwise_micro_all_cells\copykat_microbatch_0086\copykat_cell_metadata.tsv	G:\Repository\glioma-cnv-single-cell-atlas\data\interim\integrated\CNV_inputs\CopyKAT_HVG8000_r0_6\batchwise_micro_all_cells\copykat_microbatch_0086\run_copykat_microbatch_0086.R	G:\Repository\glioma-cnv-single-cell-atlas\data\interim\integrated\CNV_inputs\CopyKAT_HVG8000_r0_6\batchwise_micro_all_cells\copykat_microbatch_0086\copykat_microbatch_0086_prediction.tsv
copykat_microbatch_0087	87	G:\Repository\glioma-cnv-single-cell-atlas\data\interim\integrated\CNV_inputs\CopyKAT_HVG8000_r0_6\batchwise_micro_all_cells\copykat_microbatch_0087	2990	2000	1000	15163	G:\Repository\glioma-cnv-single-cell-atlas\data\interim\integrated\CNV_inputs\CopyKAT_HVG8000_r0_6\batchwise_micro_all_cells\copykat_microbatch_0087\copykat_raw_counts_genes_by_cells.mtx.gz	G:\Repository\glioma-cnv-single-cell-atlas\data\interim\integrated\CNV_inputs\CopyKAT_HVG8000_r0_6\batchwise_micro_all_cells\copykat_microbatch_0087\copykat_raw_counts_genes_by_cells.mtx	G:\Repository\glioma-cnv-single-cell-atlas\data\interim\integrated\CNV_inputs\CopyKAT_HVG8000_r0_6\batchwise_micro_all_cells\copykat_microbatch_0087\copykat_genes.tsv	G:\Repository\glioma-cnv-single-cell-atlas\data\interim\integrated\CNV_inputs\CopyKAT_HVG8000_r0_6\batchwise_micro_all_cells\copykat_microbatch_0087\copykat_barcodes.tsv	G:\Repository\glioma-cnv-single-cell-atlas\data\interim\integrated\CNV_inputs\CopyKAT_HVG8000_r0_6\batchwise_micro_all_cells\copykat_microbatch_0087\copykat_cell_metadata.tsv	G:\Repository\glioma-cnv-single-cell-atlas\data\interim\integrated\CNV_inputs\CopyKAT_HVG8000_r0_6\batchwise_micro_all_cells\copykat_microbatch_0087\run_copykat_microbatch_0087.R	G:\Repository\glioma-cnv-single-cell-atlas\data\interim\integrated\CNV_inputs\CopyKAT_HVG8000_r0_6\batchwise_micro_all_cells\copykat_microbatch_0087\copykat_microbatch_0087_prediction.tsv
copykat_microbatch_0088	88	G:\Repository\glioma-cnv-single-cell-atlas\data\interim\integrated\CNV_inputs\CopyKAT_HVG8000_r0_6\batchwise_micro_all_cells\copykat_microbatch_0088	2990	2000	1000	15163	G:\Repository\glioma-cnv-single-cell-atlas\data\interim\integrated\CNV_inputs\CopyKAT_HVG8000_r0_6\batchwise_micro_all_cells\copykat_microbatch_0088\copykat_raw_counts_genes_by_cells.mtx.gz	G:\Repository\glioma-cnv-single-cell-atlas\data\interim\integrated\CNV_inputs\CopyKAT_HVG8000_r0_6\batchwise_micro_all_cells\copykat_microbatch_0088\copykat_raw_counts_genes_by_cells.mtx	G:\Repository\glioma-cnv-single-cell-atlas\data\interim\integrated\CNV_inputs\CopyKAT_HVG8000_r0_6\batchwise_micro_all_cells\copykat_microbatch_0088\copykat_genes.tsv	G:\Repository\glioma-cnv-single-cell-atlas\data\interim\integrated\CNV_inputs\CopyKAT_HVG8000_r0_6\batchwise_micro_all_cells\copykat_microbatch_0088\copykat_barcodes.tsv	G:\Repository\glioma-cnv-single-cell-atlas\data\interim\integrated\CNV_inputs\CopyKAT_HVG8000_r0_6\batchwise_micro_all_cells\copykat_microbatch_0088\copykat_cell_metadata.tsv	G:\Repository\glioma-cnv-single-cell-atlas\data\interim\integrated\CNV_inputs\CopyKAT_HVG8000_r0_6\batchwise_micro_all_cells\copykat_microbatch_0088\run_copykat_microbatch_0088.R	G:\Repository\glioma-cnv-single-cell-atlas\data\interim\integrated\CNV_inputs\CopyKAT_HVG8000_r0_6\batchwise_micro_all_cells\copykat_microbatch_0088\copykat_microbatch_0088_prediction.tsv
copykat_microbatch_0089	89	G:\Repository\glioma-cnv-single-cell-atlas\data\interim\integrated\CNV_inputs\CopyKAT_HVG8000_r0_6\batchwise_micro_all_cells\copykat_microbatch_0089	2993	2000	1000	15163	G:\Repository\glioma-cnv-single-cell-atlas\data\interim\integrated\CNV_inputs\CopyKAT_HVG8000_r0_6\batchwise_micro_all_cells\copykat_microbatch_0089\copykat_raw_counts_genes_by_cells.mtx.gz	G:\Repository\glioma-cnv-single-cell-atlas\data\interim\integrated\CNV_inputs\CopyKAT_HVG8000_r0_6\batchwise_micro_all_cells\copykat_microbatch_0089\copykat_raw_counts_genes_by_cells.mtx	G:\Repository\glioma-cnv-single-cell-atlas\data\interim\integrated\CNV_inputs\CopyKAT_HVG8000_r0_6\batchwise_micro_all_cells\copykat_microbatch_0089\copykat_genes.tsv	G:\Repository\glioma-cnv-single-cell-atlas\data\interim\integrated\CNV_inputs\CopyKAT_HVG8000_r0_6\batchwise_micro_all_cells\copykat_microbatch_0089\copykat_barcodes.tsv	G:\Repository\glioma-cnv-single-cell-atlas\data\interim\integrated\CNV_inputs\CopyKAT_HVG8000_r0_6\batchwise_micro_all_cells\copykat_microbatch_0089\copykat_cell_metadata.tsv	G:\Repository\glioma-cnv-single-cell-atlas\data\interim\integrated\CNV_inputs\CopyKAT_HVG8000_r0_6\batchwise_micro_all_cells\copykat_microbatch_0089\run_copykat_microbatch_0089.R	G:\Repository\glioma-cnv-single-cell-atlas\data\interim\integrated\CNV_inputs\CopyKAT_HVG8000_r0_6\batchwise_micro_all_cells\copykat_microbatch_0089\copykat_microbatch_0089_prediction.tsv
copykat_microbatch_0090	90	G:\Repository\glioma-cnv-single-cell-atlas\data\interim\integrated\CNV_inputs\CopyKAT_HVG8000_r0_6\batchwise_micro_all_cells\copykat_microbatch_0090	2993	2000	1000	15163	G:\Repository\glioma-cnv-single-cell-atlas\data\interim\integrated\CNV_inputs\CopyKAT_HVG8000_r0_6\batchwise_micro_all_cells\copykat_microbatch_0090\copykat_raw_counts_genes_by_cells.mtx.gz	G:\Repository\glioma-cnv-single-cell-atlas\data\interim\integrated\CNV_inputs\CopyKAT_HVG8000_r0_6\batchwise_micro_all_cells\copykat_microbatch_0090\copykat_raw_counts_genes_by_cells.mtx	G:\Repository\glioma-cnv-single-cell-atlas\data\interim\integrated\CNV_inputs\CopyKAT_HVG8000_r0_6\batchwise_micro_all_cells\copykat_microbatch_0090\copykat_genes.tsv	G:\Repository\glioma-cnv-single-cell-atlas\data\interim\integrated\CNV_inputs\CopyKAT_HVG8000_r0_6\batchwise_micro_all_cells\copykat_microbatch_0090\copykat_barcodes.tsv	G:\Repository\glioma-cnv-single-cell-atlas\data\interim\integrated\CNV_inputs\CopyKAT_HVG8000_r0_6\batchwise_micro_all_cells\copykat_microbatch_0090\copykat_cell_metadata.tsv	G:\Repository\glioma-cnv-single-cell-atlas\data\interim\integrated\CNV_inputs\CopyKAT_HVG8000_r0_6\batchwise_micro_all_cells\copykat_microbatch_0090\run_copykat_microbatch_0090.R	G:\Repository\glioma-cnv-single-cell-atlas\data\interim\integrated\CNV_inputs\CopyKAT_HVG8000_r0_6\batchwise_micro_all_cells\copykat_microbatch_0090\copykat_microbatch_0090_prediction.tsv
copykat_microbatch_0091	91	G:\Repository\glioma-cnv-single-cell-atlas\data\interim\integrated\CNV_inputs\CopyKAT_HVG8000_r0_6\batchwise_micro_all_cells\copykat_microbatch_0091	2995	2000	1000	15163	G:\Repository\glioma-cnv-single-cell-atlas\data\interim\integrated\CNV_inputs\CopyKAT_HVG8000_r0_6\batchwise_micro_all_cells\copykat_microbatch_0091\copykat_raw_counts_genes_by_cells.mtx.gz	G:\Repository\glioma-cnv-single-cell-atlas\data\interim\integrated\CNV_inputs\CopyKAT_HVG8000_r0_6\batchwise_micro_all_cells\copykat_microbatch_0091\copykat_raw_counts_genes_by_cells.mtx	G:\Repository\glioma-cnv-single-cell-atlas\data\interim\integrated\CNV_inputs\CopyKAT_HVG8000_r0_6\batchwise_micro_all_cells\copykat_microbatch_0091\copykat_genes.tsv	G:\Repository\glioma-cnv-single-cell-atlas\data\interim\integrated\CNV_inputs\CopyKAT_HVG8000_r0_6\batchwise_micro_all_cells\copykat_microbatch_0091\copykat_barcodes.tsv	G:\Repository\glioma-cnv-single-cell-atlas\data\interim\integrated\CNV_inputs\CopyKAT_HVG8000_r0_6\batchwise_micro_all_cells\copykat_microbatch_0091\copykat_cell_metadata.tsv	G:\Repository\glioma-cnv-single-cell-atlas\data\interim\integrated\CNV_inputs\CopyKAT_HVG8000_r0_6\batchwise_micro_all_cells\copykat_microbatch_0091\run_copykat_microbatch_0091.R	G:\Repository\glioma-cnv-single-cell-atlas\data\interim\integrated\CNV_inputs\CopyKAT_HVG8000_r0_6\batchwise_micro_all_cells\copykat_microbatch_0091\copykat_microbatch_0091_prediction.tsv
copykat_microbatch_0092	92	G:\Repository\glioma-cnv-single-cell-atlas\data\interim\integrated\CNV_inputs\CopyKAT_HVG8000_r0_6\batchwise_micro_all_cells\copykat_microbatch_0092	2993	2000	1000	15163	G:\Repository\glioma-cnv-single-cell-atlas\data\interim\integrated\CNV_inputs\CopyKAT_HVG8000_r0_6\batchwise_micro_all_cells\copykat_microbatch_0092\copykat_raw_counts_genes_by_cells.mtx.gz	G:\Repository\glioma-cnv-single-cell-atlas\data\interim\integrated\CNV_inputs\CopyKAT_HVG8000_r0_6\batchwise_micro_all_cells\copykat_microbatch_0092\copykat_raw_counts_genes_by_cells.mtx	G:\Repository\glioma-cnv-single-cell-atlas\data\interim\integrated\CNV_inputs\CopyKAT_HVG8000_r0_6\batchwise_micro_all_cells\copykat_microbatch_0092\copykat_genes.tsv	G:\Repository\glioma-cnv-single-cell-atlas\data\interim\integrated\CNV_inputs\CopyKAT_HVG8000_r0_6\batchwise_micro_all_cells\copykat_microbatch_0092\copykat_barcodes.tsv	G:\Repository\glioma-cnv-single-cell-atlas\data\interim\integrated\CNV_inputs\CopyKAT_HVG8000_r0_6\batchwise_micro_all_cells\copykat_microbatch_0092\copykat_cell_metadata.tsv	G:\Repository\glioma-cnv-single-cell-atlas\data\interim\integrated\CNV_inputs\CopyKAT_HVG8000_r0_6\batchwise_micro_all_cells\copykat_microbatch_0092\run_copykat_microbatch_0092.R	G:\Repository\glioma-cnv-single-cell-atlas\data\interim\integrated\CNV_inputs\CopyKAT_HVG8000_r0_6\batchwise_micro_all_cells\copykat_microbatch_0092\copykat_microbatch_0092_prediction.tsv
copykat_microbatch_0093	93	G:\Repository\glioma-cnv-single-cell-atlas\data\interim\integrated\CNV_inputs\CopyKAT_HVG8000_r0_6\batchwise_micro_all_cells\copykat_microbatch_0093	2995	2000	1000	15163	G:\Repository\glioma-cnv-single-cell-atlas\data\interim\integrated\CNV_inputs\CopyKAT_HVG8000_r0_6\batchwise_micro_all_cells\copykat_microbatch_0093\copykat_raw_counts_genes_by_cells.mtx.gz	G:\Repository\glioma-cnv-single-cell-atlas\data\interim\integrated\CNV_inputs\CopyKAT_HVG8000_r0_6\batchwise_micro_all_cells\copykat_microbatch_0093\copykat_raw_counts_genes_by_cells.mtx	G:\Repository\glioma-cnv-single-cell-atlas\data\interim\integrated\CNV_inputs\CopyKAT_HVG8000_r0_6\batchwise_micro_all_cells\copykat_microbatch_0093\copykat_genes.tsv	G:\Repository\glioma-cnv-single-cell-atlas\data\interim\integrated\CNV_inputs\CopyKAT_HVG8000_r0_6\batchwise_micro_all_cells\copykat_microbatch_0093\copykat_barcodes.tsv	G:\Repository\glioma-cnv-single-cell-atlas\data\interim\integrated\CNV_inputs\CopyKAT_HVG8000_r0_6\batchwise_micro_all_cells\copykat_microbatch_0093\copykat_cell_metadata.tsv	G:\Repository\glioma-cnv-single-cell-atlas\data\interim\integrated\CNV_inputs\CopyKAT_HVG8000_r0_6\batchwise_micro_all_cells\copykat_microbatch_0093\run_copykat_microbatch_0093.R	G:\Repository\glioma-cnv-single-cell-atlas\data\interim\integrated\CNV_inputs\CopyKAT_HVG8000_r0_6\batchwise_micro_all_cells\copykat_microbatch_0093\copykat_microbatch_0093_prediction.tsv
copykat_microbatch_0094	94	G:\Repository\glioma-cnv-single-cell-atlas\data\interim\integrated\CNV_inputs\CopyKAT_HVG8000_r0_6\batchwise_micro_all_cells\copykat_microbatch_0094	3000	2000	1000	15163	G:\Repository\glioma-cnv-single-cell-atlas\data\interim\integrated\CNV_inputs\CopyKAT_HVG8000_r0_6\batchwise_micro_all_cells\copykat_microbatch_0094\copykat_raw_counts_genes_by_cells.mtx.gz	G:\Repository\glioma-cnv-single-cell-atlas\data\interim\integrated\CNV_inputs\CopyKAT_HVG8000_r0_6\batchwise_micro_all_cells\copykat_microbatch_0094\copykat_raw_counts_genes_by_cells.mtx	G:\Repository\glioma-cnv-single-cell-atlas\data\interim\integrated\CNV_inputs\CopyKAT_HVG8000_r0_6\batchwise_micro_all_cells\copykat_microbatch_0094\copykat_genes.tsv	G:\Repository\glioma-cnv-single-cell-atlas\data\interim\integrated\CNV_inputs\CopyKAT_HVG8000_r0_6\batchwise_micro_all_cells\copykat_microbatch_0094\copykat_barcodes.tsv	G:\Repository\glioma-cnv-single-cell-atlas\data\interim\integrated\CNV_inputs\CopyKAT_HVG8000_r0_6\batchwise_micro_all_cells\copykat_microbatch_0094\copykat_cell_metadata.tsv	G:\Repository\glioma-cnv-single-cell-atlas\data\interim\integrated\CNV_inputs\CopyKAT_HVG8000_r0_6\batchwise_micro_all_cells\copykat_microbatch_0094\run_copykat_microbatch_0094.R	G:\Repository\glioma-cnv-single-cell-atlas\data\interim\integrated\CNV_inputs\CopyKAT_HVG8000_r0_6\batchwise_micro_all_cells\copykat_microbatch_0094\copykat_microbatch_0094_prediction.tsv
copykat_microbatch_0095	95	G:\Repository\glioma-cnv-single-cell-atlas\data\interim\integrated\CNV_inputs\CopyKAT_HVG8000_r0_6\batchwise_micro_all_cells\copykat_microbatch_0095	3000	2000	1000	15163	G:\Repository\glioma-cnv-single-cell-atlas\data\interim\integrated\CNV_inputs\CopyKAT_HVG8000_r0_6\batchwise_micro_all_cells\copykat_microbatch_0095\copykat_raw_counts_genes_by_cells.mtx.gz	G:\Repository\glioma-cnv-single-cell-atlas\data\interim\integrated\CNV_inputs\CopyKAT_HVG8000_r0_6\batchwise_micro_all_cells\copykat_microbatch_0095\copykat_raw_counts_genes_by_cells.mtx	G:\Repository\glioma-cnv-single-cell-atlas\data\interim\integrated\CNV_inputs\CopyKAT_HVG8000_r0_6\batchwise_micro_all_cells\copykat_microbatch_0095\copykat_genes.tsv	G:\Repository\glioma-cnv-single-cell-atlas\data\interim\integrated\CNV_inputs\CopyKAT_HVG8000_r0_6\batchwise_micro_all_cells\copykat_microbatch_0095\copykat_barcodes.tsv	G:\Repository\glioma-cnv-single-cell-atlas\data\interim\integrated\CNV_inputs\CopyKAT_HVG8000_r0_6\batchwise_micro_all_cells\copykat_microbatch_0095\copykat_cell_metadata.tsv	G:\Repository\glioma-cnv-single-cell-atlas\data\interim\integrated\CNV_inputs\CopyKAT_HVG8000_r0_6\batchwise_micro_all_cells\copykat_microbatch_0095\run_copykat_microbatch_0095.R	G:\Repository\glioma-cnv-single-cell-atlas\data\interim\integrated\CNV_inputs\CopyKAT_HVG8000_r0_6\batchwise_micro_all_cells\copykat_microbatch_0095\copykat_microbatch_0095_prediction.tsv
copykat_microbatch_0096	96	G:\Repository\glioma-cnv-single-cell-atlas\data\interim\integrated\CNV_inputs\CopyKAT_HVG8000_r0_6\batchwise_micro_all_cells\copykat_microbatch_0096	3000	2000	1000	15163	G:\Repository\glioma-cnv-single-cell-atlas\data\interim\integrated\CNV_inputs\CopyKAT_HVG8000_r0_6\batchwise_micro_all_cells\copykat_microbatch_0096\copykat_raw_counts_genes_by_cells.mtx.gz	G:\Repository\glioma-cnv-single-cell-atlas\data\interim\integrated\CNV_inputs\CopyKAT_HVG8000_r0_6\batchwise_micro_all_cells\copykat_microbatch_0096\copykat_raw_counts_genes_by_cells.mtx	G:\Repository\glioma-cnv-single-cell-atlas\data\interim\integrated\CNV_inputs\CopyKAT_HVG8000_r0_6\batchwise_micro_all_cells\copykat_microbatch_0096\copykat_genes.tsv	G:\Repository\glioma-cnv-single-cell-atlas\data\interim\integrated\CNV_inputs\CopyKAT_HVG8000_r0_6\batchwise_micro_all_cells\copykat_microbatch_0096\copykat_barcodes.tsv	G:\Repository\glioma-cnv-single-cell-atlas\data\interim\integrated\CNV_inputs\CopyKAT_HVG8000_r0_6\batchwise_micro_all_cells\copykat_microbatch_0096\copykat_cell_metadata.tsv	G:\Repository\glioma-cnv-single-cell-atlas\data\interim\integrated\CNV_inputs\CopyKAT_HVG8000_r0_6\batchwise_micro_all_cells\copykat_microbatch_0096\run_copykat_microbatch_0096.R	G:\Repository\glioma-cnv-single-cell-atlas\data\interim\integrated\CNV_inputs\CopyKAT_HVG8000_r0_6\batchwise_micro_all_cells\copykat_microbatch_0096\copykat_microbatch_0096_prediction.tsv
copykat_microbatch_0097	97	G:\Repository\glioma-cnv-single-cell-atlas\data\interim\integrated\CNV_inputs\CopyKAT_HVG8000_r0_6\batchwise_micro_all_cells\copykat_microbatch_0097	2999	2000	1000	15163	G:\Repository\glioma-cnv-single-cell-atlas\data\interim\integrated\CNV_inputs\CopyKAT_HVG8000_r0_6\batchwise_micro_all_cells\copykat_microbatch_0097\copykat_raw_counts_genes_by_cells.mtx.gz	G:\Repository\glioma-cnv-single-cell-atlas\data\interim\integrated\CNV_inputs\CopyKAT_HVG8000_r0_6\batchwise_micro_all_cells\copykat_microbatch_0097\copykat_raw_counts_genes_by_cells.mtx	G:\Repository\glioma-cnv-single-cell-atlas\data\interim\integrated\CNV_inputs\CopyKAT_HVG8000_r0_6\batchwise_micro_all_cells\copykat_microbatch_0097\copykat_genes.tsv	G:\Repository\glioma-cnv-single-cell-atlas\data\interim\integrated\CNV_inputs\CopyKAT_HVG8000_r0_6\batchwise_micro_all_cells\copykat_microbatch_0097\copykat_barcodes.tsv	G:\Repository\glioma-cnv-single-cell-atlas\data\interim\integrated\CNV_inputs\CopyKAT_HVG8000_r0_6\batchwise_micro_all_cells\copykat_microbatch_0097\copykat_cell_metadata.tsv	G:\Repository\glioma-cnv-single-cell-atlas\data\interim\integrated\CNV_inputs\CopyKAT_HVG8000_r0_6\batchwise_micro_all_cells\copykat_microbatch_0097\run_copykat_microbatch_0097.R	G:\Repository\glioma-cnv-single-cell-atlas\data\interim\integrated\CNV_inputs\CopyKAT_HVG8000_r0_6\batchwise_micro_all_cells\copykat_microbatch_0097\copykat_microbatch_0097_prediction.tsv
copykat_microbatch_0098	98	G:\Repository\glioma-cnv-single-cell-atlas\data\interim\integrated\CNV_inputs\CopyKAT_HVG8000_r0_6\batchwise_micro_all_cells\copykat_microbatch_0098	3000	2000	1000	15163	G:\Repository\glioma-cnv-single-cell-atlas\data\interim\integrated\CNV_inputs\CopyKAT_HVG8000_r0_6\batchwise_micro_all_cells\copykat_microbatch_0098\copykat_raw_counts_genes_by_cells.mtx.gz	G:\Repository\glioma-cnv-single-cell-atlas\data\interim\integrated\CNV_inputs\CopyKAT_HVG8000_r0_6\batchwise_micro_all_cells\copykat_microbatch_0098\copykat_raw_counts_genes_by_cells.mtx	G:\Repository\glioma-cnv-single-cell-atlas\data\interim\integrated\CNV_inputs\CopyKAT_HVG8000_r0_6\batchwise_micro_all_cells\copykat_microbatch_0098\copykat_genes.tsv	G:\Repository\glioma-cnv-single-cell-atlas\data\interim\integrated\CNV_inputs\CopyKAT_HVG8000_r0_6\batchwise_micro_all_cells\copykat_microbatch_0098\copykat_barcodes.tsv	G:\Repository\glioma-cnv-single-cell-atlas\data\interim\integrated\CNV_inputs\CopyKAT_HVG8000_r0_6\batchwise_micro_all_cells\copykat_microbatch_0098\copykat_cell_metadata.tsv	G:\Repository\glioma-cnv-single-cell-atlas\data\interim\integrated\CNV_inputs\CopyKAT_HVG8000_r0_6\batchwise_micro_all_cells\copykat_microbatch_0098\run_copykat_microbatch_0098.R	G:\Repository\glioma-cnv-single-cell-atlas\data\interim\integrated\CNV_inputs\CopyKAT_HVG8000_r0_6\batchwise_micro_all_cells\copykat_microbatch_0098\copykat_microbatch_0098_prediction.tsv
copykat_microbatch_0099	99	G:\Repository\glioma-cnv-single-cell-atlas\data\interim\integrated\CNV_inputs\CopyKAT_HVG8000_r0_6\batchwise_micro_all_cells\copykat_microbatch_0099	2999	2000	1000	15163	G:\Repository\glioma-cnv-single-cell-atlas\data\interim\integrated\CNV_inputs\CopyKAT_HVG8000_r0_6\batchwise_micro_all_cells\copykat_microbatch_0099\copykat_raw_counts_genes_by_cells.mtx.gz	G:\Repository\glioma-cnv-single-cell-atlas\data\interim\integrated\CNV_inputs\CopyKAT_HVG8000_r0_6\batchwise_micro_all_cells\copykat_microbatch_0099\copykat_raw_counts_genes_by_cells.mtx	G:\Repository\glioma-cnv-single-cell-atlas\data\interim\integrated\CNV_inputs\CopyKAT_HVG8000_r0_6\batchwise_micro_all_cells\copykat_microbatch_0099\copykat_genes.tsv	G:\Repository\glioma-cnv-single-cell-atlas\data\interim\integrated\CNV_inputs\CopyKAT_HVG8000_r0_6\batchwise_micro_all_cells\copykat_microbatch_0099\copykat_barcodes.tsv	G:\Repository\glioma-cnv-single-cell-atlas\data\interim\integrated\CNV_inputs\CopyKAT_HVG8000_r0_6\batchwise_micro_all_cells\copykat_microbatch_0099\copykat_cell_metadata.tsv	G:\Repository\glioma-cnv-single-cell-atlas\data\interim\integrated\CNV_inputs\CopyKAT_HVG8000_r0_6\batchwise_micro_all_cells\copykat_microbatch_0099\run_copykat_microbatch_0099.R	G:\Repository\glioma-cnv-single-cell-atlas\data\interim\integrated\CNV_inputs\CopyKAT_HVG8000_r0_6\batchwise_micro_all_cells\copykat_microbatch_0099\copykat_microbatch_0099_prediction.tsv
copykat_microbatch_0100	100	G:\Repository\glioma-cnv-single-cell-atlas\data\interim\integrated\CNV_inputs\CopyKAT_HVG8000_r0_6\batchwise_micro_all_cells\copykat_microbatch_0100	3000	2000	1000	15163	G:\Repository\glioma-cnv-single-cell-atlas\data\interim\integrated\CNV_inputs\CopyKAT_HVG8000_r0_6\batchwise_micro_all_cells\copykat_microbatch_0100\copykat_raw_counts_genes_by_cells.mtx.gz	G:\Repository\glioma-cnv-single-cell-atlas\data\interim\integrated\CNV_inputs\CopyKAT_HVG8000_r0_6\batchwise_micro_all_cells\copykat_microbatch_0100\copykat_raw_counts_genes_by_cells.mtx	G:\Repository\glioma-cnv-single-cell-atlas\data\interim\integrated\CNV_inputs\CopyKAT_HVG8000_r0_6\batchwise_micro_all_cells\copykat_microbatch_0100\copykat_genes.tsv	G:\Repository\glioma-cnv-single-cell-atlas\data\interim\integrated\CNV_inputs\CopyKAT_HVG8000_r0_6\batchwise_micro_all_cells\copykat_microbatch_0100\copykat_barcodes.tsv	G:\Repository\glioma-cnv-single-cell-atlas\data\interim\integrated\CNV_inputs\CopyKAT_HVG8000_r0_6\batchwise_micro_all_cells\copykat_microbatch_0100\copykat_cell_metadata.tsv	G:\Repository\glioma-cnv-single-cell-atlas\data\interim\integrated\CNV_inputs\CopyKAT_HVG8000_r0_6\batchwise_micro_all_cells\copykat_microbatch_0100\run_copykat_microbatch_0100.R	G:\Repository\glioma-cnv-single-cell-atlas\data\interim\integrated\CNV_inputs\CopyKAT_HVG8000_r0_6\batchwise_micro_all_cells\copykat_microbatch_0100\copykat_microbatch_0100_prediction.tsv
copykat_microbatch_0101	101	G:\Repository\glioma-cnv-single-cell-atlas\data\interim\integrated\CNV_inputs\CopyKAT_HVG8000_r0_6\batchwise_micro_all_cells\copykat_microbatch_0101	3000	2000	1000	15163	G:\Repository\glioma-cnv-single-cell-atlas\data\interim\integrated\CNV_inputs\CopyKAT_HVG8000_r0_6\batchwise_micro_all_cells\copykat_microbatch_0101\copykat_raw_counts_genes_by_cells.mtx.gz	G:\Repository\glioma-cnv-single-cell-atlas\data\interim\integrated\CNV_inputs\CopyKAT_HVG8000_r0_6\batchwise_micro_all_cells\copykat_microbatch_0101\copykat_raw_counts_genes_by_cells.mtx	G:\Repository\glioma-cnv-single-cell-atlas\data\interim\integrated\CNV_inputs\CopyKAT_HVG8000_r0_6\batchwise_micro_all_cells\copykat_microbatch_0101\copykat_genes.tsv	G:\Repository\glioma-cnv-single-cell-atlas\data\interim\integrated\CNV_inputs\CopyKAT_HVG8000_r0_6\batchwise_micro_all_cells\copykat_microbatch_0101\copykat_barcodes.tsv	G:\Repository\glioma-cnv-single-cell-atlas\data\interim\integrated\CNV_inputs\CopyKAT_HVG8000_r0_6\batchwise_micro_all_cells\copykat_microbatch_0101\copykat_cell_metadata.tsv	G:\Repository\glioma-cnv-single-cell-atlas\data\interim\integrated\CNV_inputs\CopyKAT_HVG8000_r0_6\batchwise_micro_all_cells\copykat_microbatch_0101\run_copykat_microbatch_0101.R	G:\Repository\glioma-cnv-single-cell-atlas\data\interim\integrated\CNV_inputs\CopyKAT_HVG8000_r0_6\batchwise_micro_all_cells\copykat_microbatch_0101\copykat_microbatch_0101_prediction.tsv
copykat_microbatch_0102	102	G:\Repository\glioma-cnv-single-cell-atlas\data\interim\integrated\CNV_inputs\CopyKAT_HVG8000_r0_6\batchwise_micro_all_cells\copykat_microbatch_0102	2999	2000	1000	15163	G:\Repository\glioma-cnv-single-cell-atlas\data\interim\integrated\CNV_inputs\CopyKAT_HVG8000_r0_6\batchwise_micro_all_cells\copykat_microbatch_0102\copykat_raw_counts_genes_by_cells.mtx.gz	G:\Repository\glioma-cnv-single-cell-atlas\data\interim\integrated\CNV_inputs\CopyKAT_HVG8000_r0_6\batchwise_micro_all_cells\copykat_microbatch_0102\copykat_raw_counts_genes_by_cells.mtx	G:\Repository\glioma-cnv-single-cell-atlas\data\interim\integrated\CNV_inputs\CopyKAT_HVG8000_r0_6\batchwise_micro_all_cells\copykat_microbatch_0102\copykat_genes.tsv	G:\Repository\glioma-cnv-single-cell-atlas\data\interim\integrated\CNV_inputs\CopyKAT_HVG8000_r0_6\batchwise_micro_all_cells\copykat_microbatch_0102\copykat_barcodes.tsv	G:\Repository\glioma-cnv-single-cell-atlas\data\interim\integrated\CNV_inputs\CopyKAT_HVG8000_r0_6\batchwise_micro_all_cells\copykat_microbatch_0102\copykat_cell_metadata.tsv	G:\Repository\glioma-cnv-single-cell-atlas\data\interim\integrated\CNV_inputs\CopyKAT_HVG8000_r0_6\batchwise_micro_all_cells\copykat_microbatch_0102\run_copykat_microbatch_0102.R	G:\Repository\glioma-cnv-single-cell-atlas\data\interim\integrated\CNV_inputs\CopyKAT_HVG8000_r0_6\batchwise_micro_all_cells\copykat_microbatch_0102\copykat_microbatch_0102_prediction.tsv
copykat_microbatch_0103	103	G:\Repository\glioma-cnv-single-cell-atlas\data\interim\integrated\CNV_inputs\CopyKAT_HVG8000_r0_6\batchwise_micro_all_cells\copykat_microbatch_0103	3000	2000	1000	15163	G:\Repository\glioma-cnv-single-cell-atlas\data\interim\integrated\CNV_inputs\CopyKAT_HVG8000_r0_6\batchwise_micro_all_cells\copykat_microbatch_0103\copykat_raw_counts_genes_by_cells.mtx.gz	G:\Repository\glioma-cnv-single-cell-atlas\data\interim\integrated\CNV_inputs\CopyKAT_HVG8000_r0_6\batchwise_micro_all_cells\copykat_microbatch_0103\copykat_raw_counts_genes_by_cells.mtx	G:\Repository\glioma-cnv-single-cell-atlas\data\interim\integrated\CNV_inputs\CopyKAT_HVG8000_r0_6\batchwise_micro_all_cells\copykat_microbatch_0103\copykat_genes.tsv	G:\Repository\glioma-cnv-single-cell-atlas\data\interim\integrated\CNV_inputs\CopyKAT_HVG8000_r0_6\batchwise_micro_all_cells\copykat_microbatch_0103\copykat_barcodes.tsv	G:\Repository\glioma-cnv-single-cell-atlas\data\interim\integrated\CNV_inputs\CopyKAT_HVG8000_r0_6\batchwise_micro_all_cells\copykat_microbatch_0103\copykat_cell_metadata.tsv	G:\Repository\glioma-cnv-single-cell-atlas\data\interim\integrated\CNV_inputs\CopyKAT_HVG8000_r0_6\batchwise_micro_all_cells\copykat_microbatch_0103\run_copykat_microbatch_0103.R	G:\Repository\glioma-cnv-single-cell-atlas\data\interim\integrated\CNV_inputs\CopyKAT_HVG8000_r0_6\batchwise_micro_all_cells\copykat_microbatch_0103\copykat_microbatch_0103_prediction.tsv
copykat_microbatch_0104	104	G:\Repository\glioma-cnv-single-cell-atlas\data\interim\integrated\CNV_inputs\CopyKAT_HVG8000_r0_6\batchwise_micro_all_cells\copykat_microbatch_0104	3000	2000	1000	15163	G:\Repository\glioma-cnv-single-cell-atlas\data\interim\integrated\CNV_inputs\CopyKAT_HVG8000_r0_6\batchwise_micro_all_cells\copykat_microbatch_0104\copykat_raw_counts_genes_by_cells.mtx.gz	G:\Repository\glioma-cnv-single-cell-atlas\data\interim\integrated\CNV_inputs\CopyKAT_HVG8000_r0_6\batchwise_micro_all_cells\copykat_microbatch_0104\copykat_raw_counts_genes_by_cells.mtx	G:\Repository\glioma-cnv-single-cell-atlas\data\interim\integrated\CNV_inputs\CopyKAT_HVG8000_r0_6\batchwise_micro_all_cells\copykat_microbatch_0104\copykat_genes.tsv	G:\Repository\glioma-cnv-single-cell-atlas\data\interim\integrated\CNV_inputs\CopyKAT_HVG8000_r0_6\batchwise_micro_all_cells\copykat_microbatch_0104\copykat_barcodes.tsv	G:\Repository\glioma-cnv-single-cell-atlas\data\interim\integrated\CNV_inputs\CopyKAT_HVG8000_r0_6\batchwise_micro_all_cells\copykat_microbatch_0104\copykat_cell_metadata.tsv	G:\Repository\glioma-cnv-single-cell-atlas\data\interim\integrated\CNV_inputs\CopyKAT_HVG8000_r0_6\batchwise_micro_all_cells\copykat_microbatch_0104\run_copykat_microbatch_0104.R	G:\Repository\glioma-cnv-single-cell-atlas\data\interim\integrated\CNV_inputs\CopyKAT_HVG8000_r0_6\batchwise_micro_all_cells\copykat_microbatch_0104\copykat_microbatch_0104_prediction.tsv
copykat_microbatch_0105	105	G:\Repository\glioma-cnv-single-cell-atlas\data\interim\integrated\CNV_inputs\CopyKAT_HVG8000_r0_6\batchwise_micro_all_cells\copykat_microbatch_0105	3000	2000	1000	15163	G:\Repository\glioma-cnv-single-cell-atlas\data\interim\integrated\CNV_inputs\CopyKAT_HVG8000_r0_6\batchwise_micro_all_cells\copykat_microbatch_0105\copykat_raw_counts_genes_by_cells.mtx.gz	G:\Repository\glioma-cnv-single-cell-atlas\data\interim\integrated\CNV_inputs\CopyKAT_HVG8000_r0_6\batchwise_micro_all_cells\copykat_microbatch_0105\copykat_raw_counts_genes_by_cells.mtx	G:\Repository\glioma-cnv-single-cell-atlas\data\interim\integrated\CNV_inputs\CopyKAT_HVG8000_r0_6\batchwise_micro_all_cells\copykat_microbatch_0105\copykat_genes.tsv	G:\Repository\glioma-cnv-single-cell-atlas\data\interim\integrated\CNV_inputs\CopyKAT_HVG8000_r0_6\batchwise_micro_all_cells\copykat_microbatch_0105\copykat_barcodes.tsv	G:\Repository\glioma-cnv-single-cell-atlas\data\interim\integrated\CNV_inputs\CopyKAT_HVG8000_r0_6\batchwise_micro_all_cells\copykat_microbatch_0105\copykat_cell_metadata.tsv	G:\Repository\glioma-cnv-single-cell-atlas\data\interim\integrated\CNV_inputs\CopyKAT_HVG8000_r0_6\batchwise_micro_all_cells\copykat_microbatch_0105\run_copykat_microbatch_0105.R	G:\Repository\glioma-cnv-single-cell-atlas\data\interim\integrated\CNV_inputs\CopyKAT_HVG8000_r0_6\batchwise_micro_all_cells\copykat_microbatch_0105\copykat_microbatch_0105_prediction.tsv
copykat_microbatch_0106	106	G:\Repository\glioma-cnv-single-cell-atlas\data\interim\integrated\CNV_inputs\CopyKAT_HVG8000_r0_6\batchwise_micro_all_cells\copykat_microbatch_0106	3000	2000	1000	15163	G:\Repository\glioma-cnv-single-cell-atlas\data\interim\integrated\CNV_inputs\CopyKAT_HVG8000_r0_6\batchwise_micro_all_cells\copykat_microbatch_0106\copykat_raw_counts_genes_by_cells.mtx.gz	G:\Repository\glioma-cnv-single-cell-atlas\data\interim\integrated\CNV_inputs\CopyKAT_HVG8000_r0_6\batchwise_micro_all_cells\copykat_microbatch_0106\copykat_raw_counts_genes_by_cells.mtx	G:\Repository\glioma-cnv-single-cell-atlas\data\interim\integrated\CNV_inputs\CopyKAT_HVG8000_r0_6\batchwise_micro_all_cells\copykat_microbatch_0106\copykat_genes.tsv	G:\Repository\glioma-cnv-single-cell-atlas\data\interim\integrated\CNV_inputs\CopyKAT_HVG8000_r0_6\batchwise_micro_all_cells\copykat_microbatch_0106\copykat_barcodes.tsv	G:\Repository\glioma-cnv-single-cell-atlas\data\interim\integrated\CNV_inputs\CopyKAT_HVG8000_r0_6\batchwise_micro_all_cells\copykat_microbatch_0106\copykat_cell_metadata.tsv	G:\Repository\glioma-cnv-single-cell-atlas\data\interim\integrated\CNV_inputs\CopyKAT_HVG8000_r0_6\batchwise_micro_all_cells\copykat_microbatch_0106\run_copykat_microbatch_0106.R	G:\Repository\glioma-cnv-single-cell-atlas\data\interim\integrated\CNV_inputs\CopyKAT_HVG8000_r0_6\batchwise_micro_all_cells\copykat_microbatch_0106\copykat_microbatch_0106_prediction.tsv
copykat_microbatch_0107	107	G:\Repository\glioma-cnv-single-cell-atlas\data\interim\integrated\CNV_inputs\CopyKAT_HVG8000_r0_6\batchwise_micro_all_cells\copykat_microbatch_0107	2999	2000	1000	15163	G:\Repository\glioma-cnv-single-cell-atlas\data\interim\integrated\CNV_inputs\CopyKAT_HVG8000_r0_6\batchwise_micro_all_cells\copykat_microbatch_0107\copykat_raw_counts_genes_by_cells.mtx.gz	G:\Repository\glioma-cnv-single-cell-atlas\data\interim\integrated\CNV_inputs\CopyKAT_HVG8000_r0_6\batchwise_micro_all_cells\copykat_microbatch_0107\copykat_raw_counts_genes_by_cells.mtx	G:\Repository\glioma-cnv-single-cell-atlas\data\interim\integrated\CNV_inputs\CopyKAT_HVG8000_r0_6\batchwise_micro_all_cells\copykat_microbatch_0107\copykat_genes.tsv	G:\Repository\glioma-cnv-single-cell-atlas\data\interim\integrated\CNV_inputs\CopyKAT_HVG8000_r0_6\batchwise_micro_all_cells\copykat_microbatch_0107\copykat_barcodes.tsv	G:\Repository\glioma-cnv-single-cell-atlas\data\interim\integrated\CNV_inputs\CopyKAT_HVG8000_r0_6\batchwise_micro_all_cells\copykat_microbatch_0107\copykat_cell_metadata.tsv	G:\Repository\glioma-cnv-single-cell-atlas\data\interim\integrated\CNV_inputs\CopyKAT_HVG8000_r0_6\batchwise_micro_all_cells\copykat_microbatch_0107\run_copykat_microbatch_0107.R	G:\Repository\glioma-cnv-single-cell-atlas\data\interim\integrated\CNV_inputs\CopyKAT_HVG8000_r0_6\batchwise_micro_all_cells\copykat_microbatch_0107\copykat_microbatch_0107_prediction.tsv
copykat_microbatch_0108	108	G:\Repository\glioma-cnv-single-cell-atlas\data\interim\integrated\CNV_inputs\CopyKAT_HVG8000_r0_6\batchwise_micro_all_cells\copykat_microbatch_0108	2998	2000	1000	15163	G:\Repository\glioma-cnv-single-cell-atlas\data\interim\integrated\CNV_inputs\CopyKAT_HVG8000_r0_6\batchwise_micro_all_cells\copykat_microbatch_0108\copykat_raw_counts_genes_by_cells.mtx.gz	G:\Repository\glioma-cnv-single-cell-atlas\data\interim\integrated\CNV_inputs\CopyKAT_HVG8000_r0_6\batchwise_micro_all_cells\copykat_microbatch_0108\copykat_raw_counts_genes_by_cells.mtx	G:\Repository\glioma-cnv-single-cell-atlas\data\interim\integrated\CNV_inputs\CopyKAT_HVG8000_r0_6\batchwise_micro_all_cells\copykat_microbatch_0108\copykat_genes.tsv	G:\Repository\glioma-cnv-single-cell-atlas\data\interim\integrated\CNV_inputs\CopyKAT_HVG8000_r0_6\batchwise_micro_all_cells\copykat_microbatch_0108\copykat_barcodes.tsv	G:\Repository\glioma-cnv-single-cell-atlas\data\interim\integrated\CNV_inputs\CopyKAT_HVG8000_r0_6\batchwise_micro_all_cells\copykat_microbatch_0108\copykat_cell_metadata.tsv	G:\Repository\glioma-cnv-single-cell-atlas\data\interim\integrated\CNV_inputs\CopyKAT_HVG8000_r0_6\batchwise_micro_all_cells\copykat_microbatch_0108\run_copykat_microbatch_0108.R	G:\Repository\glioma-cnv-single-cell-atlas\data\interim\integrated\CNV_inputs\CopyKAT_HVG8000_r0_6\batchwise_micro_all_cells\copykat_microbatch_0108\copykat_microbatch_0108_prediction.tsv
copykat_microbatch_0109	109	G:\Repository\glioma-cnv-single-cell-atlas\data\interim\integrated\CNV_inputs\CopyKAT_HVG8000_r0_6\batchwise_micro_all_cells\copykat_microbatch_0109	2995	2000	1000	15163	G:\Repository\glioma-cnv-single-cell-atlas\data\interim\integrated\CNV_inputs\CopyKAT_HVG8000_r0_6\batchwise_micro_all_cells\copykat_microbatch_0109\copykat_raw_counts_genes_by_cells.mtx.gz	G:\Repository\glioma-cnv-single-cell-atlas\data\interim\integrated\CNV_inputs\CopyKAT_HVG8000_r0_6\batchwise_micro_all_cells\copykat_microbatch_0109\copykat_raw_counts_genes_by_cells.mtx	G:\Repository\glioma-cnv-single-cell-atlas\data\interim\integrated\CNV_inputs\CopyKAT_HVG8000_r0_6\batchwise_micro_all_cells\copykat_microbatch_0109\copykat_genes.tsv	G:\Repository\glioma-cnv-single-cell-atlas\data\interim\integrated\CNV_inputs\CopyKAT_HVG8000_r0_6\batchwise_micro_all_cells\copykat_microbatch_0109\copykat_barcodes.tsv	G:\Repository\glioma-cnv-single-cell-atlas\data\interim\integrated\CNV_inputs\CopyKAT_HVG8000_r0_6\batchwise_micro_all_cells\copykat_microbatch_0109\copykat_cell_metadata.tsv	G:\Repository\glioma-cnv-single-cell-atlas\data\interim\integrated\CNV_inputs\CopyKAT_HVG8000_r0_6\batchwise_micro_all_cells\copykat_microbatch_0109\run_copykat_microbatch_0109.R	G:\Repository\glioma-cnv-single-cell-atlas\data\interim\integrated\CNV_inputs\CopyKAT_HVG8000_r0_6\batchwise_micro_all_cells\copykat_microbatch_0109\copykat_microbatch_0109_prediction.tsv
copykat_microbatch_0110	110	G:\Repository\glioma-cnv-single-cell-atlas\data\interim\integrated\CNV_inputs\CopyKAT_HVG8000_r0_6\batchwise_micro_all_cells\copykat_microbatch_0110	2998	2000	1000	15163	G:\Repository\glioma-cnv-single-cell-atlas\data\interim\integrated\CNV_inputs\CopyKAT_HVG8000_r0_6\batchwise_micro_all_cells\copykat_microbatch_0110\copykat_raw_counts_genes_by_cells.mtx.gz	G:\Repository\glioma-cnv-single-cell-atlas\data\interim\integrated\CNV_inputs\CopyKAT_HVG8000_r0_6\batchwise_micro_all_cells\copykat_microbatch_0110\copykat_raw_counts_genes_by_cells.mtx	G:\Repository\glioma-cnv-single-cell-atlas\data\interim\integrated\CNV_inputs\CopyKAT_HVG8000_r0_6\batchwise_micro_all_cells\copykat_microbatch_0110\copykat_genes.tsv	G:\Repository\glioma-cnv-single-cell-atlas\data\interim\integrated\CNV_inputs\CopyKAT_HVG8000_r0_6\batchwise_micro_all_cells\copykat_microbatch_0110\copykat_barcodes.tsv	G:\Repository\glioma-cnv-single-cell-atlas\data\interim\integrated\CNV_inputs\CopyKAT_HVG8000_r0_6\batchwise_micro_all_cells\copykat_microbatch_0110\copykat_cell_metadata.tsv	G:\Repository\glioma-cnv-single-cell-atlas\data\interim\integrated\CNV_inputs\CopyKAT_HVG8000_r0_6\batchwise_micro_all_cells\copykat_microbatch_0110\run_copykat_microbatch_0110.R	G:\Repository\glioma-cnv-single-cell-atlas\data\interim\integrated\CNV_inputs\CopyKAT_HVG8000_r0_6\batchwise_micro_all_cells\copykat_microbatch_0110\copykat_microbatch_0110_prediction.tsv
copykat_microbatch_0111	111	G:\Repository\glioma-cnv-single-cell-atlas\data\interim\integrated\CNV_inputs\CopyKAT_HVG8000_r0_6\batchwise_micro_all_cells\copykat_microbatch_0111	3000	2000	1000	15163	G:\Repository\glioma-cnv-single-cell-atlas\data\interim\integrated\CNV_inputs\CopyKAT_HVG8000_r0_6\batchwise_micro_all_cells\copykat_microbatch_0111\copykat_raw_counts_genes_by_cells.mtx.gz	G:\Repository\glioma-cnv-single-cell-atlas\data\interim\integrated\CNV_inputs\CopyKAT_HVG8000_r0_6\batchwise_micro_all_cells\copykat_microbatch_0111\copykat_raw_counts_genes_by_cells.mtx	G:\Repository\glioma-cnv-single-cell-atlas\data\interim\integrated\CNV_inputs\CopyKAT_HVG8000_r0_6\batchwise_micro_all_cells\copykat_microbatch_0111\copykat_genes.tsv	G:\Repository\glioma-cnv-single-cell-atlas\data\interim\integrated\CNV_inputs\CopyKAT_HVG8000_r0_6\batchwise_micro_all_cells\copykat_microbatch_0111\copykat_barcodes.tsv	G:\Repository\glioma-cnv-single-cell-atlas\data\interim\integrated\CNV_inputs\CopyKAT_HVG8000_r0_6\batchwise_micro_all_cells\copykat_microbatch_0111\copykat_cell_metadata.tsv	G:\Repository\glioma-cnv-single-cell-atlas\data\interim\integrated\CNV_inputs\CopyKAT_HVG8000_r0_6\batchwise_micro_all_cells\copykat_microbatch_0111\run_copykat_microbatch_0111.R	G:\Repository\glioma-cnv-single-cell-atlas\data\interim\integrated\CNV_inputs\CopyKAT_HVG8000_r0_6\batchwise_micro_all_cells\copykat_microbatch_0111\copykat_microbatch_0111_prediction.tsv
copykat_microbatch_0112	112	G:\Repository\glioma-cnv-single-cell-atlas\data\interim\integrated\CNV_inputs\CopyKAT_HVG8000_r0_6\batchwise_micro_all_cells\copykat_microbatch_0112	2999	2000	1000	15163	G:\Repository\glioma-cnv-single-cell-atlas\data\interim\integrated\CNV_inputs\CopyKAT_HVG8000_r0_6\batchwise_micro_all_cells\copykat_microbatch_0112\copykat_raw_counts_genes_by_cells.mtx.gz	G:\Repository\glioma-cnv-single-cell-atlas\data\interim\integrated\CNV_inputs\CopyKAT_HVG8000_r0_6\batchwise_micro_all_cells\copykat_microbatch_0112\copykat_raw_counts_genes_by_cells.mtx	G:\Repository\glioma-cnv-single-cell-atlas\data\interim\integrated\CNV_inputs\CopyKAT_HVG8000_r0_6\batchwise_micro_all_cells\copykat_microbatch_0112\copykat_genes.tsv	G:\Repository\glioma-cnv-single-cell-atlas\data\interim\integrated\CNV_inputs\CopyKAT_HVG8000_r0_6\batchwise_micro_all_cells\copykat_microbatch_0112\copykat_barcodes.tsv	G:\Repository\glioma-cnv-single-cell-atlas\data\interim\integrated\CNV_inputs\CopyKAT_HVG8000_r0_6\batchwise_micro_all_cells\copykat_microbatch_0112\copykat_cell_metadata.tsv	G:\Repository\glioma-cnv-single-cell-atlas\data\interim\integrated\CNV_inputs\CopyKAT_HVG8000_r0_6\batchwise_micro_all_cells\copykat_microbatch_0112\run_copykat_microbatch_0112.R	G:\Repository\glioma-cnv-single-cell-atlas\data\interim\integrated\CNV_inputs\CopyKAT_HVG8000_r0_6\batchwise_micro_all_cells\copykat_microbatch_0112\copykat_microbatch_0112_prediction.tsv
copykat_microbatch_0113	113	G:\Repository\glioma-cnv-single-cell-atlas\data\interim\integrated\CNV_inputs\CopyKAT_HVG8000_r0_6\batchwise_micro_all_cells\copykat_microbatch_0113	2997	2000	1000	15163	G:\Repository\glioma-cnv-single-cell-atlas\data\interim\integrated\CNV_inputs\CopyKAT_HVG8000_r0_6\batchwise_micro_all_cells\copykat_microbatch_0113\copykat_raw_counts_genes_by_cells.mtx.gz	G:\Repository\glioma-cnv-single-cell-atlas\data\interim\integrated\CNV_inputs\CopyKAT_HVG8000_r0_6\batchwise_micro_all_cells\copykat_microbatch_0113\copykat_raw_counts_genes_by_cells.mtx	G:\Repository\glioma-cnv-single-cell-atlas\data\interim\integrated\CNV_inputs\CopyKAT_HVG8000_r0_6\batchwise_micro_all_cells\copykat_microbatch_0113\copykat_genes.tsv	G:\Repository\glioma-cnv-single-cell-atlas\data\interim\integrated\CNV_inputs\CopyKAT_HVG8000_r0_6\batchwise_micro_all_cells\copykat_microbatch_0113\copykat_barcodes.tsv	G:\Repository\glioma-cnv-single-cell-atlas\data\interim\integrated\CNV_inputs\CopyKAT_HVG8000_r0_6\batchwise_micro_all_cells\copykat_microbatch_0113\copykat_cell_metadata.tsv	G:\Repository\glioma-cnv-single-cell-atlas\data\interim\integrated\CNV_inputs\CopyKAT_HVG8000_r0_6\batchwise_micro_all_cells\copykat_microbatch_0113\run_copykat_microbatch_0113.R	G:\Repository\glioma-cnv-single-cell-atlas\data\interim\integrated\CNV_inputs\CopyKAT_HVG8000_r0_6\batchwise_micro_all_cells\copykat_microbatch_0113\copykat_microbatch_0113_prediction.tsv
copykat_microbatch_0114	114	G:\Repository\glioma-cnv-single-cell-atlas\data\interim\integrated\CNV_inputs\CopyKAT_HVG8000_r0_6\batchwise_micro_all_cells\copykat_microbatch_0114	2997	2000	1000	15163	G:\Repository\glioma-cnv-single-cell-atlas\data\interim\integrated\CNV_inputs\CopyKAT_HVG8000_r0_6\batchwise_micro_all_cells\copykat_microbatch_0114\copykat_raw_counts_genes_by_cells.mtx.gz	G:\Repository\glioma-cnv-single-cell-atlas\data\interim\integrated\CNV_inputs\CopyKAT_HVG8000_r0_6\batchwise_micro_all_cells\copykat_microbatch_0114\copykat_raw_counts_genes_by_cells.mtx	G:\Repository\glioma-cnv-single-cell-atlas\data\interim\integrated\CNV_inputs\CopyKAT_HVG8000_r0_6\batchwise_micro_all_cells\copykat_microbatch_0114\copykat_genes.tsv	G:\Repository\glioma-cnv-single-cell-atlas\data\interim\integrated\CNV_inputs\CopyKAT_HVG8000_r0_6\batchwise_micro_all_cells\copykat_microbatch_0114\copykat_barcodes.tsv	G:\Repository\glioma-cnv-single-cell-atlas\data\interim\integrated\CNV_inputs\CopyKAT_HVG8000_r0_6\batchwise_micro_all_cells\copykat_microbatch_0114\copykat_cell_metadata.tsv	G:\Repository\glioma-cnv-single-cell-atlas\data\interim\integrated\CNV_inputs\CopyKAT_HVG8000_r0_6\batchwise_micro_all_cells\copykat_microbatch_0114\run_copykat_microbatch_0114.R	G:\Repository\glioma-cnv-single-cell-atlas\data\interim\integrated\CNV_inputs\CopyKAT_HVG8000_r0_6\batchwise_micro_all_cells\copykat_microbatch_0114\copykat_microbatch_0114_prediction.tsv
copykat_microbatch_0115	115	G:\Repository\glioma-cnv-single-cell-atlas\data\interim\integrated\CNV_inputs\CopyKAT_HVG8000_r0_6\batchwise_micro_all_cells\copykat_microbatch_0115	2989	2000	1000	15163	G:\Repository\glioma-cnv-single-cell-atlas\data\interim\integrated\CNV_inputs\CopyKAT_HVG8000_r0_6\batchwise_micro_all_cells\copykat_microbatch_0115\copykat_raw_counts_genes_by_cells.mtx.gz	G:\Repository\glioma-cnv-single-cell-atlas\data\interim\integrated\CNV_inputs\CopyKAT_HVG8000_r0_6\batchwise_micro_all_cells\copykat_microbatch_0115\copykat_raw_counts_genes_by_cells.mtx	G:\Repository\glioma-cnv-single-cell-atlas\data\interim\integrated\CNV_inputs\CopyKAT_HVG8000_r0_6\batchwise_micro_all_cells\copykat_microbatch_0115\copykat_genes.tsv	G:\Repository\glioma-cnv-single-cell-atlas\data\interim\integrated\CNV_inputs\CopyKAT_HVG8000_r0_6\batchwise_micro_all_cells\copykat_microbatch_0115\copykat_barcodes.tsv	G:\Repository\glioma-cnv-single-cell-atlas\data\interim\integrated\CNV_inputs\CopyKAT_HVG8000_r0_6\batchwise_micro_all_cells\copykat_microbatch_0115\copykat_cell_metadata.tsv	G:\Repository\glioma-cnv-single-cell-atlas\data\interim\integrated\CNV_inputs\CopyKAT_HVG8000_r0_6\batchwise_micro_all_cells\copykat_microbatch_0115\run_copykat_microbatch_0115.R	G:\Repository\glioma-cnv-single-cell-atlas\data\interim\integrated\CNV_inputs\CopyKAT_HVG8000_r0_6\batchwise_micro_all_cells\copykat_microbatch_0115\copykat_microbatch_0115_prediction.tsv
copykat_microbatch_0116	116	G:\Repository\glioma-cnv-single-cell-atlas\data\interim\integrated\CNV_inputs\CopyKAT_HVG8000_r0_6\batchwise_micro_all_cells\copykat_microbatch_0116	2993	2000	1000	15163	G:\Repository\glioma-cnv-single-cell-atlas\data\interim\integrated\CNV_inputs\CopyKAT_HVG8000_r0_6\batchwise_micro_all_cells\copykat_microbatch_0116\copykat_raw_counts_genes_by_cells.mtx.gz	G:\Repository\glioma-cnv-single-cell-atlas\data\interim\integrated\CNV_inputs\CopyKAT_HVG8000_r0_6\batchwise_micro_all_cells\copykat_microbatch_0116\copykat_raw_counts_genes_by_cells.mtx	G:\Repository\glioma-cnv-single-cell-atlas\data\interim\integrated\CNV_inputs\CopyKAT_HVG8000_r0_6\batchwise_micro_all_cells\copykat_microbatch_0116\copykat_genes.tsv	G:\Repository\glioma-cnv-single-cell-atlas\data\interim\integrated\CNV_inputs\CopyKAT_HVG8000_r0_6\batchwise_micro_all_cells\copykat_microbatch_0116\copykat_barcodes.tsv	G:\Repository\glioma-cnv-single-cell-atlas\data\interim\integrated\CNV_inputs\CopyKAT_HVG8000_r0_6\batchwise_micro_all_cells\copykat_microbatch_0116\copykat_cell_metadata.tsv	G:\Repository\glioma-cnv-single-cell-atlas\data\interim\integrated\CNV_inputs\CopyKAT_HVG8000_r0_6\batchwise_micro_all_cells\copykat_microbatch_0116\run_copykat_microbatch_0116.R	G:\Repository\glioma-cnv-single-cell-atlas\data\interim\integrated\CNV_inputs\CopyKAT_HVG8000_r0_6\batchwise_micro_all_cells\copykat_microbatch_0116\copykat_microbatch_0116_prediction.tsv
copykat_microbatch_0117	117	G:\Repository\glioma-cnv-single-cell-atlas\data\interim\integrated\CNV_inputs\CopyKAT_HVG8000_r0_6\batchwise_micro_all_cells\copykat_microbatch_0117	2991	2000	1000	15163	G:\Repository\glioma-cnv-single-cell-atlas\data\interim\integrated\CNV_inputs\CopyKAT_HVG8000_r0_6\batchwise_micro_all_cells\copykat_microbatch_0117\copykat_raw_counts_genes_by_cells.mtx.gz	G:\Repository\glioma-cnv-single-cell-atlas\data\interim\integrated\CNV_inputs\CopyKAT_HVG8000_r0_6\batchwise_micro_all_cells\copykat_microbatch_0117\copykat_raw_counts_genes_by_cells.mtx	G:\Repository\glioma-cnv-single-cell-atlas\data\interim\integrated\CNV_inputs\CopyKAT_HVG8000_r0_6\batchwise_micro_all_cells\copykat_microbatch_0117\copykat_genes.tsv	G:\Repository\glioma-cnv-single-cell-atlas\data\interim\integrated\CNV_inputs\CopyKAT_HVG8000_r0_6\batchwise_micro_all_cells\copykat_microbatch_0117\copykat_barcodes.tsv	G:\Repository\glioma-cnv-single-cell-atlas\data\interim\integrated\CNV_inputs\CopyKAT_HVG8000_r0_6\batchwise_micro_all_cells\copykat_microbatch_0117\copykat_cell_metadata.tsv	G:\Repository\glioma-cnv-single-cell-atlas\data\interim\integrated\CNV_inputs\CopyKAT_HVG8000_r0_6\batchwise_micro_all_cells\copykat_microbatch_0117\run_copykat_microbatch_0117.R	G:\Repository\glioma-cnv-single-cell-atlas\data\interim\integrated\CNV_inputs\CopyKAT_HVG8000_r0_6\batchwise_micro_all_cells\copykat_microbatch_0117\copykat_microbatch_0117_prediction.tsv
copykat_microbatch_0118	118	G:\Repository\glioma-cnv-single-cell-atlas\data\interim\integrated\CNV_inputs\CopyKAT_HVG8000_r0_6\batchwise_micro_all_cells\copykat_microbatch_0118	2994	2000	1000	15163	G:\Repository\glioma-cnv-single-cell-atlas\data\interim\integrated\CNV_inputs\CopyKAT_HVG8000_r0_6\batchwise_micro_all_cells\copykat_microbatch_0118\copykat_raw_counts_genes_by_cells.mtx.gz	G:\Repository\glioma-cnv-single-cell-atlas\data\interim\integrated\CNV_inputs\CopyKAT_HVG8000_r0_6\batchwise_micro_all_cells\copykat_microbatch_0118\copykat_raw_counts_genes_by_cells.mtx	G:\Repository\glioma-cnv-single-cell-atlas\data\interim\integrated\CNV_inputs\CopyKAT_HVG8000_r0_6\batchwise_micro_all_cells\copykat_microbatch_0118\copykat_genes.tsv	G:\Repository\glioma-cnv-single-cell-atlas\data\interim\integrated\CNV_inputs\CopyKAT_HVG8000_r0_6\batchwise_micro_all_cells\copykat_microbatch_0118\copykat_barcodes.tsv	G:\Repository\glioma-cnv-single-cell-atlas\data\interim\integrated\CNV_inputs\CopyKAT_HVG8000_r0_6\batchwise_micro_all_cells\copykat_microbatch_0118\copykat_cell_metadata.tsv	G:\Repository\glioma-cnv-single-cell-atlas\data\interim\integrated\CNV_inputs\CopyKAT_HVG8000_r0_6\batchwise_micro_all_cells\copykat_microbatch_0118\run_copykat_microbatch_0118.R	G:\Repository\glioma-cnv-single-cell-atlas\data\interim\integrated\CNV_inputs\CopyKAT_HVG8000_r0_6\batchwise_micro_all_cells\copykat_microbatch_0118\copykat_microbatch_0118_prediction.tsv
copykat_microbatch_0119	119	G:\Repository\glioma-cnv-single-cell-atlas\data\interim\integrated\CNV_inputs\CopyKAT_HVG8000_r0_6\batchwise_micro_all_cells\copykat_microbatch_0119	2992	2000	1000	15163	G:\Repository\glioma-cnv-single-cell-atlas\data\interim\integrated\CNV_inputs\CopyKAT_HVG8000_r0_6\batchwise_micro_all_cells\copykat_microbatch_0119\copykat_raw_counts_genes_by_cells.mtx.gz	G:\Repository\glioma-cnv-single-cell-atlas\data\interim\integrated\CNV_inputs\CopyKAT_HVG8000_r0_6\batchwise_micro_all_cells\copykat_microbatch_0119\copykat_raw_counts_genes_by_cells.mtx	G:\Repository\glioma-cnv-single-cell-atlas\data\interim\integrated\CNV_inputs\CopyKAT_HVG8000_r0_6\batchwise_micro_all_cells\copykat_microbatch_0119\copykat_genes.tsv	G:\Repository\glioma-cnv-single-cell-atlas\data\interim\integrated\CNV_inputs\CopyKAT_HVG8000_r0_6\batchwise_micro_all_cells\copykat_microbatch_0119\copykat_barcodes.tsv	G:\Repository\glioma-cnv-single-cell-atlas\data\interim\integrated\CNV_inputs\CopyKAT_HVG8000_r0_6\batchwise_micro_all_cells\copykat_microbatch_0119\copykat_cell_metadata.tsv	G:\Repository\glioma-cnv-single-cell-atlas\data\interim\integrated\CNV_inputs\CopyKAT_HVG8000_r0_6\batchwise_micro_all_cells\copykat_microbatch_0119\run_copykat_microbatch_0119.R	G:\Repository\glioma-cnv-single-cell-atlas\data\interim\integrated\CNV_inputs\CopyKAT_HVG8000_r0_6\batchwise_micro_all_cells\copykat_microbatch_0119\copykat_microbatch_0119_prediction.tsv
copykat_microbatch_0120	120	G:\Repository\glioma-cnv-single-cell-atlas\data\interim\integrated\CNV_inputs\CopyKAT_HVG8000_r0_6\batchwise_micro_all_cells\copykat_microbatch_0120	2997	2000	1000	15163	G:\Repository\glioma-cnv-single-cell-atlas\data\interim\integrated\CNV_inputs\CopyKAT_HVG8000_r0_6\batchwise_micro_all_cells\copykat_microbatch_0120\copykat_raw_counts_genes_by_cells.mtx.gz	G:\Repository\glioma-cnv-single-cell-atlas\data\interim\integrated\CNV_inputs\CopyKAT_HVG8000_r0_6\batchwise_micro_all_cells\copykat_microbatch_0120\copykat_raw_counts_genes_by_cells.mtx	G:\Repository\glioma-cnv-single-cell-atlas\data\interim\integrated\CNV_inputs\CopyKAT_HVG8000_r0_6\batchwise_micro_all_cells\copykat_microbatch_0120\copykat_genes.tsv	G:\Repository\glioma-cnv-single-cell-atlas\data\interim\integrated\CNV_inputs\CopyKAT_HVG8000_r0_6\batchwise_micro_all_cells\copykat_microbatch_0120\copykat_barcodes.tsv	G:\Repository\glioma-cnv-single-cell-atlas\data\interim\integrated\CNV_inputs\CopyKAT_HVG8000_r0_6\batchwise_micro_all_cells\copykat_microbatch_0120\copykat_cell_metadata.tsv	G:\Repository\glioma-cnv-single-cell-atlas\data\interim\integrated\CNV_inputs\CopyKAT_HVG8000_r0_6\batchwise_micro_all_cells\copykat_microbatch_0120\run_copykat_microbatch_0120.R	G:\Repository\glioma-cnv-single-cell-atlas\data\interim\integrated\CNV_inputs\CopyKAT_HVG8000_r0_6\batchwise_micro_all_cells\copykat_microbatch_0120\copykat_microbatch_0120_prediction.tsv
copykat_microbatch_0121	121	G:\Repository\glioma-cnv-single-cell-atlas\data\interim\integrated\CNV_inputs\CopyKAT_HVG8000_r0_6\batchwise_micro_all_cells\copykat_microbatch_0121	2995	2000	1000	15163	G:\Repository\glioma-cnv-single-cell-atlas\data\interim\integrated\CNV_inputs\CopyKAT_HVG8000_r0_6\batchwise_micro_all_cells\copykat_microbatch_0121\copykat_raw_counts_genes_by_cells.mtx.gz	G:\Repository\glioma-cnv-single-cell-atlas\data\interim\integrated\CNV_inputs\CopyKAT_HVG8000_r0_6\batchwise_micro_all_cells\copykat_microbatch_0121\copykat_raw_counts_genes_by_cells.mtx	G:\Repository\glioma-cnv-single-cell-atlas\data\interim\integrated\CNV_inputs\CopyKAT_HVG8000_r0_6\batchwise_micro_all_cells\copykat_microbatch_0121\copykat_genes.tsv	G:\Repository\glioma-cnv-single-cell-atlas\data\interim\integrated\CNV_inputs\CopyKAT_HVG8000_r0_6\batchwise_micro_all_cells\copykat_microbatch_0121\copykat_barcodes.tsv	G:\Repository\glioma-cnv-single-cell-atlas\data\interim\integrated\CNV_inputs\CopyKAT_HVG8000_r0_6\batchwise_micro_all_cells\copykat_microbatch_0121\copykat_cell_metadata.tsv	G:\Repository\glioma-cnv-single-cell-atlas\data\interim\integrated\CNV_inputs\CopyKAT_HVG8000_r0_6\batchwise_micro_all_cells\copykat_microbatch_0121\run_copykat_microbatch_0121.R	G:\Repository\glioma-cnv-single-cell-atlas\data\interim\integrated\CNV_inputs\CopyKAT_HVG8000_r0_6\batchwise_micro_all_cells\copykat_microbatch_0121\copykat_microbatch_0121_prediction.tsv
copykat_microbatch_0122	122	G:\Repository\glioma-cnv-single-cell-atlas\data\interim\integrated\CNV_inputs\CopyKAT_HVG8000_r0_6\batchwise_micro_all_cells\copykat_microbatch_0122	2997	2000	1000	15163	G:\Repository\glioma-cnv-single-cell-atlas\data\interim\integrated\CNV_inputs\CopyKAT_HVG8000_r0_6\batchwise_micro_all_cells\copykat_microbatch_0122\copykat_raw_counts_genes_by_cells.mtx.gz	G:\Repository\glioma-cnv-single-cell-atlas\data\interim\integrated\CNV_inputs\CopyKAT_HVG8000_r0_6\batchwise_micro_all_cells\copykat_microbatch_0122\copykat_raw_counts_genes_by_cells.mtx	G:\Repository\glioma-cnv-single-cell-atlas\data\interim\integrated\CNV_inputs\CopyKAT_HVG8000_r0_6\batchwise_micro_all_cells\copykat_microbatch_0122\copykat_genes.tsv	G:\Repository\glioma-cnv-single-cell-atlas\data\interim\integrated\CNV_inputs\CopyKAT_HVG8000_r0_6\batchwise_micro_all_cells\copykat_microbatch_0122\copykat_barcodes.tsv	G:\Repository\glioma-cnv-single-cell-atlas\data\interim\integrated\CNV_inputs\CopyKAT_HVG8000_r0_6\batchwise_micro_all_cells\copykat_microbatch_0122\copykat_cell_metadata.tsv	G:\Repository\glioma-cnv-single-cell-atlas\data\interim\integrated\CNV_inputs\CopyKAT_HVG8000_r0_6\batchwise_micro_all_cells\copykat_microbatch_0122\run_copykat_microbatch_0122.R	G:\Repository\glioma-cnv-single-cell-atlas\data\interim\integrated\CNV_inputs\CopyKAT_HVG8000_r0_6\batchwise_micro_all_cells\copykat_microbatch_0122\copykat_microbatch_0122_prediction.tsv
copykat_microbatch_0123	123	G:\Repository\glioma-cnv-single-cell-atlas\data\interim\integrated\CNV_inputs\CopyKAT_HVG8000_r0_6\batchwise_micro_all_cells\copykat_microbatch_0123	2994	2000	1000	15163	G:\Repository\glioma-cnv-single-cell-atlas\data\interim\integrated\CNV_inputs\CopyKAT_HVG8000_r0_6\batchwise_micro_all_cells\copykat_microbatch_0123\copykat_raw_counts_genes_by_cells.mtx.gz	G:\Repository\glioma-cnv-single-cell-atlas\data\interim\integrated\CNV_inputs\CopyKAT_HVG8000_r0_6\batchwise_micro_all_cells\copykat_microbatch_0123\copykat_raw_counts_genes_by_cells.mtx	G:\Repository\glioma-cnv-single-cell-atlas\data\interim\integrated\CNV_inputs\CopyKAT_HVG8000_r0_6\batchwise_micro_all_cells\copykat_microbatch_0123\copykat_genes.tsv	G:\Repository\glioma-cnv-single-cell-atlas\data\interim\integrated\CNV_inputs\CopyKAT_HVG8000_r0_6\batchwise_micro_all_cells\copykat_microbatch_0123\copykat_barcodes.tsv	G:\Repository\glioma-cnv-single-cell-atlas\data\interim\integrated\CNV_inputs\CopyKAT_HVG8000_r0_6\batchwise_micro_all_cells\copykat_microbatch_0123\copykat_cell_metadata.tsv	G:\Repository\glioma-cnv-single-cell-atlas\data\interim\integrated\CNV_inputs\CopyKAT_HVG8000_r0_6\batchwise_micro_all_cells\copykat_microbatch_0123\run_copykat_microbatch_0123.R	G:\Repository\glioma-cnv-single-cell-atlas\data\interim\integrated\CNV_inputs\CopyKAT_HVG8000_r0_6\batchwise_micro_all_cells\copykat_microbatch_0123\copykat_microbatch_0123_prediction.tsv
copykat_microbatch_0124	124	G:\Repository\glioma-cnv-single-cell-atlas\data\interim\integrated\CNV_inputs\CopyKAT_HVG8000_r0_6\batchwise_micro_all_cells\copykat_microbatch_0124	2996	2000	1000	15163	G:\Repository\glioma-cnv-single-cell-atlas\data\interim\integrated\CNV_inputs\CopyKAT_HVG8000_r0_6\batchwise_micro_all_cells\copykat_microbatch_0124\copykat_raw_counts_genes_by_cells.mtx.gz	G:\Repository\glioma-cnv-single-cell-atlas\data\interim\integrated\CNV_inputs\CopyKAT_HVG8000_r0_6\batchwise_micro_all_cells\copykat_microbatch_0124\copykat_raw_counts_genes_by_cells.mtx	G:\Repository\glioma-cnv-single-cell-atlas\data\interim\integrated\CNV_inputs\CopyKAT_HVG8000_r0_6\batchwise_micro_all_cells\copykat_microbatch_0124\copykat_genes.tsv	G:\Repository\glioma-cnv-single-cell-atlas\data\interim\integrated\CNV_inputs\CopyKAT_HVG8000_r0_6\batchwise_micro_all_cells\copykat_microbatch_0124\copykat_barcodes.tsv	G:\Repository\glioma-cnv-single-cell-atlas\data\interim\integrated\CNV_inputs\CopyKAT_HVG8000_r0_6\batchwise_micro_all_cells\copykat_microbatch_0124\copykat_cell_metadata.tsv	G:\Repository\glioma-cnv-single-cell-atlas\data\interim\integrated\CNV_inputs\CopyKAT_HVG8000_r0_6\batchwise_micro_all_cells\copykat_microbatch_0124\run_copykat_microbatch_0124.R	G:\Repository\glioma-cnv-single-cell-atlas\data\interim\integrated\CNV_inputs\CopyKAT_HVG8000_r0_6\batchwise_micro_all_cells\copykat_microbatch_0124\copykat_microbatch_0124_prediction.tsv
copykat_microbatch_0125	125	G:\Repository\glioma-cnv-single-cell-atlas\data\interim\integrated\CNV_inputs\CopyKAT_HVG8000_r0_6\batchwise_micro_all_cells\copykat_microbatch_0125	2993	2000	1000	15163	G:\Repository\glioma-cnv-single-cell-atlas\data\interim\integrated\CNV_inputs\CopyKAT_HVG8000_r0_6\batchwise_micro_all_cells\copykat_microbatch_0125\copykat_raw_counts_genes_by_cells.mtx.gz	G:\Repository\glioma-cnv-single-cell-atlas\data\interim\integrated\CNV_inputs\CopyKAT_HVG8000_r0_6\batchwise_micro_all_cells\copykat_microbatch_0125\copykat_raw_counts_genes_by_cells.mtx	G:\Repository\glioma-cnv-single-cell-atlas\data\interim\integrated\CNV_inputs\CopyKAT_HVG8000_r0_6\batchwise_micro_all_cells\copykat_microbatch_0125\copykat_genes.tsv	G:\Repository\glioma-cnv-single-cell-atlas\data\interim\integrated\CNV_inputs\CopyKAT_HVG8000_r0_6\batchwise_micro_all_cells\copykat_microbatch_0125\copykat_barcodes.tsv	G:\Repository\glioma-cnv-single-cell-atlas\data\interim\integrated\CNV_inputs\CopyKAT_HVG8000_r0_6\batchwise_micro_all_cells\copykat_microbatch_0125\copykat_cell_metadata.tsv	G:\Repository\glioma-cnv-single-cell-atlas\data\interim\integrated\CNV_inputs\CopyKAT_HVG8000_r0_6\batchwise_micro_all_cells\copykat_microbatch_0125\run_copykat_microbatch_0125.R	G:\Repository\glioma-cnv-single-cell-atlas\data\interim\integrated\CNV_inputs\CopyKAT_HVG8000_r0_6\batchwise_micro_all_cells\copykat_microbatch_0125\copykat_microbatch_0125_prediction.tsv
copykat_microbatch_0126	126	G:\Repository\glioma-cnv-single-cell-atlas\data\interim\integrated\CNV_inputs\CopyKAT_HVG8000_r0_6\batchwise_micro_all_cells\copykat_microbatch_0126	2990	2000	1000	15163	G:\Repository\glioma-cnv-single-cell-atlas\data\interim\integrated\CNV_inputs\CopyKAT_HVG8000_r0_6\batchwise_micro_all_cells\copykat_microbatch_0126\copykat_raw_counts_genes_by_cells.mtx.gz	G:\Repository\glioma-cnv-single-cell-atlas\data\interim\integrated\CNV_inputs\CopyKAT_HVG8000_r0_6\batchwise_micro_all_cells\copykat_microbatch_0126\copykat_raw_counts_genes_by_cells.mtx	G:\Repository\glioma-cnv-single-cell-atlas\data\interim\integrated\CNV_inputs\CopyKAT_HVG8000_r0_6\batchwise_micro_all_cells\copykat_microbatch_0126\copykat_genes.tsv	G:\Repository\glioma-cnv-single-cell-atlas\data\interim\integrated\CNV_inputs\CopyKAT_HVG8000_r0_6\batchwise_micro_all_cells\copykat_microbatch_0126\copykat_barcodes.tsv	G:\Repository\glioma-cnv-single-cell-atlas\data\interim\integrated\CNV_inputs\CopyKAT_HVG8000_r0_6\batchwise_micro_all_cells\copykat_microbatch_0126\copykat_cell_metadata.tsv	G:\Repository\glioma-cnv-single-cell-atlas\data\interim\integrated\CNV_inputs\CopyKAT_HVG8000_r0_6\batchwise_micro_all_cells\copykat_microbatch_0126\run_copykat_microbatch_0126.R	G:\Repository\glioma-cnv-single-cell-atlas\data\interim\integrated\CNV_inputs\CopyKAT_HVG8000_r0_6\batchwise_micro_all_cells\copykat_microbatch_0126\copykat_microbatch_0126_prediction.tsv
copykat_microbatch_0127	127	G:\Repository\glioma-cnv-single-cell-atlas\data\interim\integrated\CNV_inputs\CopyKAT_HVG8000_r0_6\batchwise_micro_all_cells\copykat_microbatch_0127	2984	2000	1000	15163	G:\Repository\glioma-cnv-single-cell-atlas\data\interim\integrated\CNV_inputs\CopyKAT_HVG8000_r0_6\batchwise_micro_all_cells\copykat_microbatch_0127\copykat_raw_counts_genes_by_cells.mtx.gz	G:\Repository\glioma-cnv-single-cell-atlas\data\interim\integrated\CNV_inputs\CopyKAT_HVG8000_r0_6\batchwise_micro_all_cells\copykat_microbatch_0127\copykat_raw_counts_genes_by_cells.mtx	G:\Repository\glioma-cnv-single-cell-atlas\data\interim\integrated\CNV_inputs\CopyKAT_HVG8000_r0_6\batchwise_micro_all_cells\copykat_microbatch_0127\copykat_genes.tsv	G:\Repository\glioma-cnv-single-cell-atlas\data\interim\integrated\CNV_inputs\CopyKAT_HVG8000_r0_6\batchwise_micro_all_cells\copykat_microbatch_0127\copykat_barcodes.tsv	G:\Repository\glioma-cnv-single-cell-atlas\data\interim\integrated\CNV_inputs\CopyKAT_HVG8000_r0_6\batchwise_micro_all_cells\copykat_microbatch_0127\copykat_cell_metadata.tsv	G:\Repository\glioma-cnv-single-cell-atlas\data\interim\integrated\CNV_inputs\CopyKAT_HVG8000_r0_6\batchwise_micro_all_cells\copykat_microbatch_0127\run_copykat_microbatch_0127.R	G:\Repository\glioma-cnv-single-cell-atlas\data\interim\integrated\CNV_inputs\CopyKAT_HVG8000_r0_6\batchwise_micro_all_cells\copykat_microbatch_0127\copykat_microbatch_0127_prediction.tsv
copykat_microbatch_0128	128	G:\Repository\glioma-cnv-single-cell-atlas\data\interim\integrated\CNV_inputs\CopyKAT_HVG8000_r0_6\batchwise_micro_all_cells\copykat_microbatch_0128	2978	2000	1000	15163	G:\Repository\glioma-cnv-single-cell-atlas\data\interim\integrated\CNV_inputs\CopyKAT_HVG8000_r0_6\batchwise_micro_all_cells\copykat_microbatch_0128\copykat_raw_counts_genes_by_cells.mtx.gz	G:\Repository\glioma-cnv-single-cell-atlas\data\interim\integrated\CNV_inputs\CopyKAT_HVG8000_r0_6\batchwise_micro_all_cells\copykat_microbatch_0128\copykat_raw_counts_genes_by_cells.mtx	G:\Repository\glioma-cnv-single-cell-atlas\data\interim\integrated\CNV_inputs\CopyKAT_HVG8000_r0_6\batchwise_micro_all_cells\copykat_microbatch_0128\copykat_genes.tsv	G:\Repository\glioma-cnv-single-cell-atlas\data\interim\integrated\CNV_inputs\CopyKAT_HVG8000_r0_6\batchwise_micro_all_cells\copykat_microbatch_0128\copykat_barcodes.tsv	G:\Repository\glioma-cnv-single-cell-atlas\data\interim\integrated\CNV_inputs\CopyKAT_HVG8000_r0_6\batchwise_micro_all_cells\copykat_microbatch_0128\copykat_cell_metadata.tsv	G:\Repository\glioma-cnv-single-cell-atlas\data\interim\integrated\CNV_inputs\CopyKAT_HVG8000_r0_6\batchwise_micro_all_cells\copykat_microbatch_0128\run_copykat_microbatch_0128.R	G:\Repository\glioma-cnv-single-cell-atlas\data\interim\integrated\CNV_inputs\CopyKAT_HVG8000_r0_6\batchwise_micro_all_cells\copykat_microbatch_0128\copykat_microbatch_0128_prediction.tsv
copykat_microbatch_0129	129	G:\Repository\glioma-cnv-single-cell-atlas\data\interim\integrated\CNV_inputs\CopyKAT_HVG8000_r0_6\batchwise_micro_all_cells\copykat_microbatch_0129	2980	2000	1000	15163	G:\Repository\glioma-cnv-single-cell-atlas\data\interim\integrated\CNV_inputs\CopyKAT_HVG8000_r0_6\batchwise_micro_all_cells\copykat_microbatch_0129\copykat_raw_counts_genes_by_cells.mtx.gz	G:\Repository\glioma-cnv-single-cell-atlas\data\interim\integrated\CNV_inputs\CopyKAT_HVG8000_r0_6\batchwise_micro_all_cells\copykat_microbatch_0129\copykat_raw_counts_genes_by_cells.mtx	G:\Repository\glioma-cnv-single-cell-atlas\data\interim\integrated\CNV_inputs\CopyKAT_HVG8000_r0_6\batchwise_micro_all_cells\copykat_microbatch_0129\copykat_genes.tsv	G:\Repository\glioma-cnv-single-cell-atlas\data\interim\integrated\CNV_inputs\CopyKAT_HVG8000_r0_6\batchwise_micro_all_cells\copykat_microbatch_0129\copykat_barcodes.tsv	G:\Repository\glioma-cnv-single-cell-atlas\data\interim\integrated\CNV_inputs\CopyKAT_HVG8000_r0_6\batchwise_micro_all_cells\copykat_microbatch_0129\copykat_cell_metadata.tsv	G:\Repository\glioma-cnv-single-cell-atlas\data\interim\integrated\CNV_inputs\CopyKAT_HVG8000_r0_6\batchwise_micro_all_cells\copykat_microbatch_0129\run_copykat_microbatch_0129.R	G:\Repository\glioma-cnv-single-cell-atlas\data\interim\integrated\CNV_inputs\CopyKAT_HVG8000_r0_6\batchwise_micro_all_cells\copykat_microbatch_0129\copykat_microbatch_0129_prediction.tsv
copykat_microbatch_0130	130	G:\Repository\glioma-cnv-single-cell-atlas\data\interim\integrated\CNV_inputs\CopyKAT_HVG8000_r0_6\batchwise_micro_all_cells\copykat_microbatch_0130	2999	2000	1000	15163	G:\Repository\glioma-cnv-single-cell-atlas\data\interim\integrated\CNV_inputs\CopyKAT_HVG8000_r0_6\batchwise_micro_all_cells\copykat_microbatch_0130\copykat_raw_counts_genes_by_cells.mtx.gz	G:\Repository\glioma-cnv-single-cell-atlas\data\interim\integrated\CNV_inputs\CopyKAT_HVG8000_r0_6\batchwise_micro_all_cells\copykat_microbatch_0130\copykat_raw_counts_genes_by_cells.mtx	G:\Repository\glioma-cnv-single-cell-atlas\data\interim\integrated\CNV_inputs\CopyKAT_HVG8000_r0_6\batchwise_micro_all_cells\copykat_microbatch_0130\copykat_genes.tsv	G:\Repository\glioma-cnv-single-cell-atlas\data\interim\integrated\CNV_inputs\CopyKAT_HVG8000_r0_6\batchwise_micro_all_cells\copykat_microbatch_0130\copykat_barcodes.tsv	G:\Repository\glioma-cnv-single-cell-atlas\data\interim\integrated\CNV_inputs\CopyKAT_HVG8000_r0_6\batchwise_micro_all_cells\copykat_microbatch_0130\copykat_cell_metadata.tsv	G:\Repository\glioma-cnv-single-cell-atlas\data\interim\integrated\CNV_inputs\CopyKAT_HVG8000_r0_6\batchwise_micro_all_cells\copykat_microbatch_0130\run_copykat_microbatch_0130.R	G:\Repository\glioma-cnv-single-cell-atlas\data\interim\integrated\CNV_inputs\CopyKAT_HVG8000_r0_6\batchwise_micro_all_cells\copykat_microbatch_0130\copykat_microbatch_0130_prediction.tsv
copykat_microbatch_0131	131	G:\Repository\glioma-cnv-single-cell-atlas\data\interim\integrated\CNV_inputs\CopyKAT_HVG8000_r0_6\batchwise_micro_all_cells\copykat_microbatch_0131	2999	2000	1000	15163	G:\Repository\glioma-cnv-single-cell-atlas\data\interim\integrated\CNV_inputs\CopyKAT_HVG8000_r0_6\batchwise_micro_all_cells\copykat_microbatch_0131\copykat_raw_counts_genes_by_cells.mtx.gz	G:\Repository\glioma-cnv-single-cell-atlas\data\interim\integrated\CNV_inputs\CopyKAT_HVG8000_r0_6\batchwise_micro_all_cells\copykat_microbatch_0131\copykat_raw_counts_genes_by_cells.mtx	G:\Repository\glioma-cnv-single-cell-atlas\data\interim\integrated\CNV_inputs\CopyKAT_HVG8000_r0_6\batchwise_micro_all_cells\copykat_microbatch_0131\copykat_genes.tsv	G:\Repository\glioma-cnv-single-cell-atlas\data\interim\integrated\CNV_inputs\CopyKAT_HVG8000_r0_6\batchwise_micro_all_cells\copykat_microbatch_0131\copykat_barcodes.tsv	G:\Repository\glioma-cnv-single-cell-atlas\data\interim\integrated\CNV_inputs\CopyKAT_HVG8000_r0_6\batchwise_micro_all_cells\copykat_microbatch_0131\copykat_cell_metadata.tsv	G:\Repository\glioma-cnv-single-cell-atlas\data\interim\integrated\CNV_inputs\CopyKAT_HVG8000_r0_6\batchwise_micro_all_cells\copykat_microbatch_0131\run_copykat_microbatch_0131.R	G:\Repository\glioma-cnv-single-cell-atlas\data\interim\integrated\CNV_inputs\CopyKAT_HVG8000_r0_6\batchwise_micro_all_cells\copykat_microbatch_0131\copykat_microbatch_0131_prediction.tsv
copykat_microbatch_0132	132	G:\Repository\glioma-cnv-single-cell-atlas\data\interim\integrated\CNV_inputs\CopyKAT_HVG8000_r0_6\batchwise_micro_all_cells\copykat_microbatch_0132	3000	2000	1000	15163	G:\Repository\glioma-cnv-single-cell-atlas\data\interim\integrated\CNV_inputs\CopyKAT_HVG8000_r0_6\batchwise_micro_all_cells\copykat_microbatch_0132\copykat_raw_counts_genes_by_cells.mtx.gz	G:\Repository\glioma-cnv-single-cell-atlas\data\interim\integrated\CNV_inputs\CopyKAT_HVG8000_r0_6\batchwise_micro_all_cells\copykat_microbatch_0132\copykat_raw_counts_genes_by_cells.mtx	G:\Repository\glioma-cnv-single-cell-atlas\data\interim\integrated\CNV_inputs\CopyKAT_HVG8000_r0_6\batchwise_micro_all_cells\copykat_microbatch_0132\copykat_genes.tsv	G:\Repository\glioma-cnv-single-cell-atlas\data\interim\integrated\CNV_inputs\CopyKAT_HVG8000_r0_6\batchwise_micro_all_cells\copykat_microbatch_0132\copykat_barcodes.tsv	G:\Repository\glioma-cnv-single-cell-atlas\data\interim\integrated\CNV_inputs\CopyKAT_HVG8000_r0_6\batchwise_micro_all_cells\copykat_microbatch_0132\copykat_cell_metadata.tsv	G:\Repository\glioma-cnv-single-cell-atlas\data\interim\integrated\CNV_inputs\CopyKAT_HVG8000_r0_6\batchwise_micro_all_cells\copykat_microbatch_0132\run_copykat_microbatch_0132.R	G:\Repository\glioma-cnv-single-cell-atlas\data\interim\integrated\CNV_inputs\CopyKAT_HVG8000_r0_6\batchwise_micro_all_cells\copykat_microbatch_0132\copykat_microbatch_0132_prediction.tsv
copykat_microbatch_0133	133	G:\Repository\glioma-cnv-single-cell-atlas\data\interim\integrated\CNV_inputs\CopyKAT_HVG8000_r0_6\batchwise_micro_all_cells\copykat_microbatch_0133	3000	2000	1000	15163	G:\Repository\glioma-cnv-single-cell-atlas\data\interim\integrated\CNV_inputs\CopyKAT_HVG8000_r0_6\batchwise_micro_all_cells\copykat_microbatch_0133\copykat_raw_counts_genes_by_cells.mtx.gz	G:\Repository\glioma-cnv-single-cell-atlas\data\interim\integrated\CNV_inputs\CopyKAT_HVG8000_r0_6\batchwise_micro_all_cells\copykat_microbatch_0133\copykat_raw_counts_genes_by_cells.mtx	G:\Repository\glioma-cnv-single-cell-atlas\data\interim\integrated\CNV_inputs\CopyKAT_HVG8000_r0_6\batchwise_micro_all_cells\copykat_microbatch_0133\copykat_genes.tsv	G:\Repository\glioma-cnv-single-cell-atlas\data\interim\integrated\CNV_inputs\CopyKAT_HVG8000_r0_6\batchwise_micro_all_cells\copykat_microbatch_0133\copykat_barcodes.tsv	G:\Repository\glioma-cnv-single-cell-atlas\data\interim\integrated\CNV_inputs\CopyKAT_HVG8000_r0_6\batchwise_micro_all_cells\copykat_microbatch_0133\copykat_cell_metadata.tsv	G:\Repository\glioma-cnv-single-cell-atlas\data\interim\integrated\CNV_inputs\CopyKAT_HVG8000_r0_6\batchwise_micro_all_cells\copykat_microbatch_0133\run_copykat_microbatch_0133.R	G:\Repository\glioma-cnv-single-cell-atlas\data\interim\integrated\CNV_inputs\CopyKAT_HVG8000_r0_6\batchwise_micro_all_cells\copykat_microbatch_0133\copykat_microbatch_0133_prediction.tsv
copykat_microbatch_0134	134	G:\Repository\glioma-cnv-single-cell-atlas\data\interim\integrated\CNV_inputs\CopyKAT_HVG8000_r0_6\batchwise_micro_all_cells\copykat_microbatch_0134	3000	2000	1000	15163	G:\Repository\glioma-cnv-single-cell-atlas\data\interim\integrated\CNV_inputs\CopyKAT_HVG8000_r0_6\batchwise_micro_all_cells\copykat_microbatch_0134\copykat_raw_counts_genes_by_cells.mtx.gz	G:\Repository\glioma-cnv-single-cell-atlas\data\interim\integrated\CNV_inputs\CopyKAT_HVG8000_r0_6\batchwise_micro_all_cells\copykat_microbatch_0134\copykat_raw_counts_genes_by_cells.mtx	G:\Repository\glioma-cnv-single-cell-atlas\data\interim\integrated\CNV_inputs\CopyKAT_HVG8000_r0_6\batchwise_micro_all_cells\copykat_microbatch_0134\copykat_genes.tsv	G:\Repository\glioma-cnv-single-cell-atlas\data\interim\integrated\CNV_inputs\CopyKAT_HVG8000_r0_6\batchwise_micro_all_cells\copykat_microbatch_0134\copykat_barcodes.tsv	G:\Repository\glioma-cnv-single-cell-atlas\data\interim\integrated\CNV_inputs\CopyKAT_HVG8000_r0_6\batchwise_micro_all_cells\copykat_microbatch_0134\copykat_cell_metadata.tsv	G:\Repository\glioma-cnv-single-cell-atlas\data\interim\integrated\CNV_inputs\CopyKAT_HVG8000_r0_6\batchwise_micro_all_cells\copykat_microbatch_0134\run_copykat_microbatch_0134.R	G:\Repository\glioma-cnv-single-cell-atlas\data\interim\integrated\CNV_inputs\CopyKAT_HVG8000_r0_6\batchwise_micro_all_cells\copykat_microbatch_0134\copykat_microbatch_0134_prediction.tsv
copykat_microbatch_0135	135	G:\Repository\glioma-cnv-single-cell-atlas\data\interim\integrated\CNV_inputs\CopyKAT_HVG8000_r0_6\batchwise_micro_all_cells\copykat_microbatch_0135	3000	2000	1000	15163	G:\Repository\glioma-cnv-single-cell-atlas\data\interim\integrated\CNV_inputs\CopyKAT_HVG8000_r0_6\batchwise_micro_all_cells\copykat_microbatch_0135\copykat_raw_counts_genes_by_cells.mtx.gz	G:\Repository\glioma-cnv-single-cell-atlas\data\interim\integrated\CNV_inputs\CopyKAT_HVG8000_r0_6\batchwise_micro_all_cells\copykat_microbatch_0135\copykat_raw_counts_genes_by_cells.mtx	G:\Repository\glioma-cnv-single-cell-atlas\data\interim\integrated\CNV_inputs\CopyKAT_HVG8000_r0_6\batchwise_micro_all_cells\copykat_microbatch_0135\copykat_genes.tsv	G:\Repository\glioma-cnv-single-cell-atlas\data\interim\integrated\CNV_inputs\CopyKAT_HVG8000_r0_6\batchwise_micro_all_cells\copykat_microbatch_0135\copykat_barcodes.tsv	G:\Repository\glioma-cnv-single-cell-atlas\data\interim\integrated\CNV_inputs\CopyKAT_HVG8000_r0_6\batchwise_micro_all_cells\copykat_microbatch_0135\copykat_cell_metadata.tsv	G:\Repository\glioma-cnv-single-cell-atlas\data\interim\integrated\CNV_inputs\CopyKAT_HVG8000_r0_6\batchwise_micro_all_cells\copykat_microbatch_0135\run_copykat_microbatch_0135.R	G:\Repository\glioma-cnv-single-cell-atlas\data\interim\integrated\CNV_inputs\CopyKAT_HVG8000_r0_6\batchwise_micro_all_cells\copykat_microbatch_0135\copykat_microbatch_0135_prediction.tsv
copykat_microbatch_0136	136	G:\Repository\glioma-cnv-single-cell-atlas\data\interim\integrated\CNV_inputs\CopyKAT_HVG8000_r0_6\batchwise_micro_all_cells\copykat_microbatch_0136	2998	2000	1000	15163	G:\Repository\glioma-cnv-single-cell-atlas\data\interim\integrated\CNV_inputs\CopyKAT_HVG8000_r0_6\batchwise_micro_all_cells\copykat_microbatch_0136\copykat_raw_counts_genes_by_cells.mtx.gz	G:\Repository\glioma-cnv-single-cell-atlas\data\interim\integrated\CNV_inputs\CopyKAT_HVG8000_r0_6\batchwise_micro_all_cells\copykat_microbatch_0136\copykat_raw_counts_genes_by_cells.mtx	G:\Repository\glioma-cnv-single-cell-atlas\data\interim\integrated\CNV_inputs\CopyKAT_HVG8000_r0_6\batchwise_micro_all_cells\copykat_microbatch_0136\copykat_genes.tsv	G:\Repository\glioma-cnv-single-cell-atlas\data\interim\integrated\CNV_inputs\CopyKAT_HVG8000_r0_6\batchwise_micro_all_cells\copykat_microbatch_0136\copykat_barcodes.tsv	G:\Repository\glioma-cnv-single-cell-atlas\data\interim\integrated\CNV_inputs\CopyKAT_HVG8000_r0_6\batchwise_micro_all_cells\copykat_microbatch_0136\copykat_cell_metadata.tsv	G:\Repository\glioma-cnv-single-cell-atlas\data\interim\integrated\CNV_inputs\CopyKAT_HVG8000_r0_6\batchwise_micro_all_cells\copykat_microbatch_0136\run_copykat_microbatch_0136.R	G:\Repository\glioma-cnv-single-cell-atlas\data\interim\integrated\CNV_inputs\CopyKAT_HVG8000_r0_6\batchwise_micro_all_cells\copykat_microbatch_0136\copykat_microbatch_0136_prediction.tsv
copykat_microbatch_0137	137	G:\Repository\glioma-cnv-single-cell-atlas\data\interim\integrated\CNV_inputs\CopyKAT_HVG8000_r0_6\batchwise_micro_all_cells\copykat_microbatch_0137	2999	2000	1000	15163	G:\Repository\glioma-cnv-single-cell-atlas\data\interim\integrated\CNV_inputs\CopyKAT_HVG8000_r0_6\batchwise_micro_all_cells\copykat_microbatch_0137\copykat_raw_counts_genes_by_cells.mtx.gz	G:\Repository\glioma-cnv-single-cell-atlas\data\interim\integrated\CNV_inputs\CopyKAT_HVG8000_r0_6\batchwise_micro_all_cells\copykat_microbatch_0137\copykat_raw_counts_genes_by_cells.mtx	G:\Repository\glioma-cnv-single-cell-atlas\data\interim\integrated\CNV_inputs\CopyKAT_HVG8000_r0_6\batchwise_micro_all_cells\copykat_microbatch_0137\copykat_genes.tsv	G:\Repository\glioma-cnv-single-cell-atlas\data\interim\integrated\CNV_inputs\CopyKAT_HVG8000_r0_6\batchwise_micro_all_cells\copykat_microbatch_0137\copykat_barcodes.tsv	G:\Repository\glioma-cnv-single-cell-atlas\data\interim\integrated\CNV_inputs\CopyKAT_HVG8000_r0_6\batchwise_micro_all_cells\copykat_microbatch_0137\copykat_cell_metadata.tsv	G:\Repository\glioma-cnv-single-cell-atlas\data\interim\integrated\CNV_inputs\CopyKAT_HVG8000_r0_6\batchwise_micro_all_cells\copykat_microbatch_0137\run_copykat_microbatch_0137.R	G:\Repository\glioma-cnv-single-cell-atlas\data\interim\integrated\CNV_inputs\CopyKAT_HVG8000_r0_6\batchwise_micro_all_cells\copykat_microbatch_0137\copykat_microbatch_0137_prediction.tsv
copykat_microbatch_0138	138	G:\Repository\glioma-cnv-single-cell-atlas\data\interim\integrated\CNV_inputs\CopyKAT_HVG8000_r0_6\batchwise_micro_all_cells\copykat_microbatch_0138	2999	2000	1000	15163	G:\Repository\glioma-cnv-single-cell-atlas\data\interim\integrated\CNV_inputs\CopyKAT_HVG8000_r0_6\batchwise_micro_all_cells\copykat_microbatch_0138\copykat_raw_counts_genes_by_cells.mtx.gz	G:\Repository\glioma-cnv-single-cell-atlas\data\interim\integrated\CNV_inputs\CopyKAT_HVG8000_r0_6\batchwise_micro_all_cells\copykat_microbatch_0138\copykat_raw_counts_genes_by_cells.mtx	G:\Repository\glioma-cnv-single-cell-atlas\data\interim\integrated\CNV_inputs\CopyKAT_HVG8000_r0_6\batchwise_micro_all_cells\copykat_microbatch_0138\copykat_genes.tsv	G:\Repository\glioma-cnv-single-cell-atlas\data\interim\integrated\CNV_inputs\CopyKAT_HVG8000_r0_6\batchwise_micro_all_cells\copykat_microbatch_0138\copykat_barcodes.tsv	G:\Repository\glioma-cnv-single-cell-atlas\data\interim\integrated\CNV_inputs\CopyKAT_HVG8000_r0_6\batchwise_micro_all_cells\copykat_microbatch_0138\copykat_cell_metadata.tsv	G:\Repository\glioma-cnv-single-cell-atlas\data\interim\integrated\CNV_inputs\CopyKAT_HVG8000_r0_6\batchwise_micro_all_cells\copykat_microbatch_0138\run_copykat_microbatch_0138.R	G:\Repository\glioma-cnv-single-cell-atlas\data\interim\integrated\CNV_inputs\CopyKAT_HVG8000_r0_6\batchwise_micro_all_cells\copykat_microbatch_0138\copykat_microbatch_0138_prediction.tsv
copykat_microbatch_0139	139	G:\Repository\glioma-cnv-single-cell-atlas\data\interim\integrated\CNV_inputs\CopyKAT_HVG8000_r0_6\batchwise_micro_all_cells\copykat_microbatch_0139	2998	2000	1000	15163	G:\Repository\glioma-cnv-single-cell-atlas\data\interim\integrated\CNV_inputs\CopyKAT_HVG8000_r0_6\batchwise_micro_all_cells\copykat_microbatch_0139\copykat_raw_counts_genes_by_cells.mtx.gz	G:\Repository\glioma-cnv-single-cell-atlas\data\interim\integrated\CNV_inputs\CopyKAT_HVG8000_r0_6\batchwise_micro_all_cells\copykat_microbatch_0139\copykat_raw_counts_genes_by_cells.mtx	G:\Repository\glioma-cnv-single-cell-atlas\data\interim\integrated\CNV_inputs\CopyKAT_HVG8000_r0_6\batchwise_micro_all_cells\copykat_microbatch_0139\copykat_genes.tsv	G:\Repository\glioma-cnv-single-cell-atlas\data\interim\integrated\CNV_inputs\CopyKAT_HVG8000_r0_6\batchwise_micro_all_cells\copykat_microbatch_0139\copykat_barcodes.tsv	G:\Repository\glioma-cnv-single-cell-atlas\data\interim\integrated\CNV_inputs\CopyKAT_HVG8000_r0_6\batchwise_micro_all_cells\copykat_microbatch_0139\copykat_cell_metadata.tsv	G:\Repository\glioma-cnv-single-cell-atlas\data\interim\integrated\CNV_inputs\CopyKAT_HVG8000_r0_6\batchwise_micro_all_cells\copykat_microbatch_0139\run_copykat_microbatch_0139.R	G:\Repository\glioma-cnv-single-cell-atlas\data\interim\integrated\CNV_inputs\CopyKAT_HVG8000_r0_6\batchwise_micro_all_cells\copykat_microbatch_0139\copykat_microbatch_0139_prediction.tsv
copykat_microbatch_0140	140	G:\Repository\glioma-cnv-single-cell-atlas\data\interim\integrated\CNV_inputs\CopyKAT_HVG8000_r0_6\batchwise_micro_all_cells\copykat_microbatch_0140	2988	2000	1000	15163	G:\Repository\glioma-cnv-single-cell-atlas\data\interim\integrated\CNV_inputs\CopyKAT_HVG8000_r0_6\batchwise_micro_all_cells\copykat_microbatch_0140\copykat_raw_counts_genes_by_cells.mtx.gz	G:\Repository\glioma-cnv-single-cell-atlas\data\interim\integrated\CNV_inputs\CopyKAT_HVG8000_r0_6\batchwise_micro_all_cells\copykat_microbatch_0140\copykat_raw_counts_genes_by_cells.mtx	G:\Repository\glioma-cnv-single-cell-atlas\data\interim\integrated\CNV_inputs\CopyKAT_HVG8000_r0_6\batchwise_micro_all_cells\copykat_microbatch_0140\copykat_genes.tsv	G:\Repository\glioma-cnv-single-cell-atlas\data\interim\integrated\CNV_inputs\CopyKAT_HVG8000_r0_6\batchwise_micro_all_cells\copykat_microbatch_0140\copykat_barcodes.tsv	G:\Repository\glioma-cnv-single-cell-atlas\data\interim\integrated\CNV_inputs\CopyKAT_HVG8000_r0_6\batchwise_micro_all_cells\copykat_microbatch_0140\copykat_cell_metadata.tsv	G:\Repository\glioma-cnv-single-cell-atlas\data\interim\integrated\CNV_inputs\CopyKAT_HVG8000_r0_6\batchwise_micro_all_cells\copykat_microbatch_0140\run_copykat_microbatch_0140.R	G:\Repository\glioma-cnv-single-cell-atlas\data\interim\integrated\CNV_inputs\CopyKAT_HVG8000_r0_6\batchwise_micro_all_cells\copykat_microbatch_0140\copykat_microbatch_0140_prediction.tsv
copykat_microbatch_0141	141	G:\Repository\glioma-cnv-single-cell-atlas\data\interim\integrated\CNV_inputs\CopyKAT_HVG8000_r0_6\batchwise_micro_all_cells\copykat_microbatch_0141	3000	2000	1000	15163	G:\Repository\glioma-cnv-single-cell-atlas\data\interim\integrated\CNV_inputs\CopyKAT_HVG8000_r0_6\batchwise_micro_all_cells\copykat_microbatch_0141\copykat_raw_counts_genes_by_cells.mtx.gz	G:\Repository\glioma-cnv-single-cell-atlas\data\interim\integrated\CNV_inputs\CopyKAT_HVG8000_r0_6\batchwise_micro_all_cells\copykat_microbatch_0141\copykat_raw_counts_genes_by_cells.mtx	G:\Repository\glioma-cnv-single-cell-atlas\data\interim\integrated\CNV_inputs\CopyKAT_HVG8000_r0_6\batchwise_micro_all_cells\copykat_microbatch_0141\copykat_genes.tsv	G:\Repository\glioma-cnv-single-cell-atlas\data\interim\integrated\CNV_inputs\CopyKAT_HVG8000_r0_6\batchwise_micro_all_cells\copykat_microbatch_0141\copykat_barcodes.tsv	G:\Repository\glioma-cnv-single-cell-atlas\data\interim\integrated\CNV_inputs\CopyKAT_HVG8000_r0_6\batchwise_micro_all_cells\copykat_microbatch_0141\copykat_cell_metadata.tsv	G:\Repository\glioma-cnv-single-cell-atlas\data\interim\integrated\CNV_inputs\CopyKAT_HVG8000_r0_6\batchwise_micro_all_cells\copykat_microbatch_0141\run_copykat_microbatch_0141.R	G:\Repository\glioma-cnv-single-cell-atlas\data\interim\integrated\CNV_inputs\CopyKAT_HVG8000_r0_6\batchwise_micro_all_cells\copykat_microbatch_0141\copykat_microbatch_0141_prediction.tsv
copykat_microbatch_0142	142	G:\Repository\glioma-cnv-single-cell-atlas\data\interim\integrated\CNV_inputs\CopyKAT_HVG8000_r0_6\batchwise_micro_all_cells\copykat_microbatch_0142	3000	2000	1000	15163	G:\Repository\glioma-cnv-single-cell-atlas\data\interim\integrated\CNV_inputs\CopyKAT_HVG8000_r0_6\batchwise_micro_all_cells\copykat_microbatch_0142\copykat_raw_counts_genes_by_cells.mtx.gz	G:\Repository\glioma-cnv-single-cell-atlas\data\interim\integrated\CNV_inputs\CopyKAT_HVG8000_r0_6\batchwise_micro_all_cells\copykat_microbatch_0142\copykat_raw_counts_genes_by_cells.mtx	G:\Repository\glioma-cnv-single-cell-atlas\data\interim\integrated\CNV_inputs\CopyKAT_HVG8000_r0_6\batchwise_micro_all_cells\copykat_microbatch_0142\copykat_genes.tsv	G:\Repository\glioma-cnv-single-cell-atlas\data\interim\integrated\CNV_inputs\CopyKAT_HVG8000_r0_6\batchwise_micro_all_cells\copykat_microbatch_0142\copykat_barcodes.tsv	G:\Repository\glioma-cnv-single-cell-atlas\data\interim\integrated\CNV_inputs\CopyKAT_HVG8000_r0_6\batchwise_micro_all_cells\copykat_microbatch_0142\copykat_cell_metadata.tsv	G:\Repository\glioma-cnv-single-cell-atlas\data\interim\integrated\CNV_inputs\CopyKAT_HVG8000_r0_6\batchwise_micro_all_cells\copykat_microbatch_0142\run_copykat_microbatch_0142.R	G:\Repository\glioma-cnv-single-cell-atlas\data\interim\integrated\CNV_inputs\CopyKAT_HVG8000_r0_6\batchwise_micro_all_cells\copykat_microbatch_0142\copykat_microbatch_0142_prediction.tsv
copykat_microbatch_0143	143	G:\Repository\glioma-cnv-single-cell-atlas\data\interim\integrated\CNV_inputs\CopyKAT_HVG8000_r0_6\batchwise_micro_all_cells\copykat_microbatch_0143	2988	2000	1000	15163	G:\Repository\glioma-cnv-single-cell-atlas\data\interim\integrated\CNV_inputs\CopyKAT_HVG8000_r0_6\batchwise_micro_all_cells\copykat_microbatch_0143\copykat_raw_counts_genes_by_cells.mtx.gz	G:\Repository\glioma-cnv-single-cell-atlas\data\interim\integrated\CNV_inputs\CopyKAT_HVG8000_r0_6\batchwise_micro_all_cells\copykat_microbatch_0143\copykat_raw_counts_genes_by_cells.mtx	G:\Repository\glioma-cnv-single-cell-atlas\data\interim\integrated\CNV_inputs\CopyKAT_HVG8000_r0_6\batchwise_micro_all_cells\copykat_microbatch_0143\copykat_genes.tsv	G:\Repository\glioma-cnv-single-cell-atlas\data\interim\integrated\CNV_inputs\CopyKAT_HVG8000_r0_6\batchwise_micro_all_cells\copykat_microbatch_0143\copykat_barcodes.tsv	G:\Repository\glioma-cnv-single-cell-atlas\data\interim\integrated\CNV_inputs\CopyKAT_HVG8000_r0_6\batchwise_micro_all_cells\copykat_microbatch_0143\copykat_cell_metadata.tsv	G:\Repository\glioma-cnv-single-cell-atlas\data\interim\integrated\CNV_inputs\CopyKAT_HVG8000_r0_6\batchwise_micro_all_cells\copykat_microbatch_0143\run_copykat_microbatch_0143.R	G:\Repository\glioma-cnv-single-cell-atlas\data\interim\integrated\CNV_inputs\CopyKAT_HVG8000_r0_6\batchwise_micro_all_cells\copykat_microbatch_0143\copykat_microbatch_0143_prediction.tsv
copykat_microbatch_0144	144	G:\Repository\glioma-cnv-single-cell-atlas\data\interim\integrated\CNV_inputs\CopyKAT_HVG8000_r0_6\batchwise_micro_all_cells\copykat_microbatch_0144	2999	2000	1000	15163	G:\Repository\glioma-cnv-single-cell-atlas\data\interim\integrated\CNV_inputs\CopyKAT_HVG8000_r0_6\batchwise_micro_all_cells\copykat_microbatch_0144\copykat_raw_counts_genes_by_cells.mtx.gz	G:\Repository\glioma-cnv-single-cell-atlas\data\interim\integrated\CNV_inputs\CopyKAT_HVG8000_r0_6\batchwise_micro_all_cells\copykat_microbatch_0144\copykat_raw_counts_genes_by_cells.mtx	G:\Repository\glioma-cnv-single-cell-atlas\data\interim\integrated\CNV_inputs\CopyKAT_HVG8000_r0_6\batchwise_micro_all_cells\copykat_microbatch_0144\copykat_genes.tsv	G:\Repository\glioma-cnv-single-cell-atlas\data\interim\integrated\CNV_inputs\CopyKAT_HVG8000_r0_6\batchwise_micro_all_cells\copykat_microbatch_0144\copykat_barcodes.tsv	G:\Repository\glioma-cnv-single-cell-atlas\data\interim\integrated\CNV_inputs\CopyKAT_HVG8000_r0_6\batchwise_micro_all_cells\copykat_microbatch_0144\copykat_cell_metadata.tsv	G:\Repository\glioma-cnv-single-cell-atlas\data\interim\integrated\CNV_inputs\CopyKAT_HVG8000_r0_6\batchwise_micro_all_cells\copykat_microbatch_0144\run_copykat_microbatch_0144.R	G:\Repository\glioma-cnv-single-cell-atlas\data\interim\integrated\CNV_inputs\CopyKAT_HVG8000_r0_6\batchwise_micro_all_cells\copykat_microbatch_0144\copykat_microbatch_0144_prediction.tsv
copykat_microbatch_0145	145	G:\Repository\glioma-cnv-single-cell-atlas\data\interim\integrated\CNV_inputs\CopyKAT_HVG8000_r0_6\batchwise_micro_all_cells\copykat_microbatch_0145	2992	2000	1000	15163	G:\Repository\glioma-cnv-single-cell-atlas\data\interim\integrated\CNV_inputs\CopyKAT_HVG8000_r0_6\batchwise_micro_all_cells\copykat_microbatch_0145\copykat_raw_counts_genes_by_cells.mtx.gz	G:\Repository\glioma-cnv-single-cell-atlas\data\interim\integrated\CNV_inputs\CopyKAT_HVG8000_r0_6\batchwise_micro_all_cells\copykat_microbatch_0145\copykat_raw_counts_genes_by_cells.mtx	G:\Repository\glioma-cnv-single-cell-atlas\data\interim\integrated\CNV_inputs\CopyKAT_HVG8000_r0_6\batchwise_micro_all_cells\copykat_microbatch_0145\copykat_genes.tsv	G:\Repository\glioma-cnv-single-cell-atlas\data\interim\integrated\CNV_inputs\CopyKAT_HVG8000_r0_6\batchwise_micro_all_cells\copykat_microbatch_0145\copykat_barcodes.tsv	G:\Repository\glioma-cnv-single-cell-atlas\data\interim\integrated\CNV_inputs\CopyKAT_HVG8000_r0_6\batchwise_micro_all_cells\copykat_microbatch_0145\copykat_cell_metadata.tsv	G:\Repository\glioma-cnv-single-cell-atlas\data\interim\integrated\CNV_inputs\CopyKAT_HVG8000_r0_6\batchwise_micro_all_cells\copykat_microbatch_0145\run_copykat_microbatch_0145.R	G:\Repository\glioma-cnv-single-cell-atlas\data\interim\integrated\CNV_inputs\CopyKAT_HVG8000_r0_6\batchwise_micro_all_cells\copykat_microbatch_0145\copykat_microbatch_0145_prediction.tsv
copykat_microbatch_0146	146	G:\Repository\glioma-cnv-single-cell-atlas\data\interim\integrated\CNV_inputs\CopyKAT_HVG8000_r0_6\batchwise_micro_all_cells\copykat_microbatch_0146	2999	2000	1000	15163	G:\Repository\glioma-cnv-single-cell-atlas\data\interim\integrated\CNV_inputs\CopyKAT_HVG8000_r0_6\batchwise_micro_all_cells\copykat_microbatch_0146\copykat_raw_counts_genes_by_cells.mtx.gz	G:\Repository\glioma-cnv-single-cell-atlas\data\interim\integrated\CNV_inputs\CopyKAT_HVG8000_r0_6\batchwise_micro_all_cells\copykat_microbatch_0146\copykat_raw_counts_genes_by_cells.mtx	G:\Repository\glioma-cnv-single-cell-atlas\data\interim\integrated\CNV_inputs\CopyKAT_HVG8000_r0_6\batchwise_micro_all_cells\copykat_microbatch_0146\copykat_genes.tsv	G:\Repository\glioma-cnv-single-cell-atlas\data\interim\integrated\CNV_inputs\CopyKAT_HVG8000_r0_6\batchwise_micro_all_cells\copykat_microbatch_0146\copykat_barcodes.tsv	G:\Repository\glioma-cnv-single-cell-atlas\data\interim\integrated\CNV_inputs\CopyKAT_HVG8000_r0_6\batchwise_micro_all_cells\copykat_microbatch_0146\copykat_cell_metadata.tsv	G:\Repository\glioma-cnv-single-cell-atlas\data\interim\integrated\CNV_inputs\CopyKAT_HVG8000_r0_6\batchwise_micro_all_cells\copykat_microbatch_0146\run_copykat_microbatch_0146.R	G:\Repository\glioma-cnv-single-cell-atlas\data\interim\integrated\CNV_inputs\CopyKAT_HVG8000_r0_6\batchwise_micro_all_cells\copykat_microbatch_0146\copykat_microbatch_0146_prediction.tsv
copykat_microbatch_0147	147	G:\Repository\glioma-cnv-single-cell-atlas\data\interim\integrated\CNV_inputs\CopyKAT_HVG8000_r0_6\batchwise_micro_all_cells\copykat_microbatch_0147	2999	2000	1000	15163	G:\Repository\glioma-cnv-single-cell-atlas\data\interim\integrated\CNV_inputs\CopyKAT_HVG8000_r0_6\batchwise_micro_all_cells\copykat_microbatch_0147\copykat_raw_counts_genes_by_cells.mtx.gz	G:\Repository\glioma-cnv-single-cell-atlas\data\interim\integrated\CNV_inputs\CopyKAT_HVG8000_r0_6\batchwise_micro_all_cells\copykat_microbatch_0147\copykat_raw_counts_genes_by_cells.mtx	G:\Repository\glioma-cnv-single-cell-atlas\data\interim\integrated\CNV_inputs\CopyKAT_HVG8000_r0_6\batchwise_micro_all_cells\copykat_microbatch_0147\copykat_genes.tsv	G:\Repository\glioma-cnv-single-cell-atlas\data\interim\integrated\CNV_inputs\CopyKAT_HVG8000_r0_6\batchwise_micro_all_cells\copykat_microbatch_0147\copykat_barcodes.tsv	G:\Repository\glioma-cnv-single-cell-atlas\data\interim\integrated\CNV_inputs\CopyKAT_HVG8000_r0_6\batchwise_micro_all_cells\copykat_microbatch_0147\copykat_cell_metadata.tsv	G:\Repository\glioma-cnv-single-cell-atlas\data\interim\integrated\CNV_inputs\CopyKAT_HVG8000_r0_6\batchwise_micro_all_cells\copykat_microbatch_0147\run_copykat_microbatch_0147.R	G:\Repository\glioma-cnv-single-cell-atlas\data\interim\integrated\CNV_inputs\CopyKAT_HVG8000_r0_6\batchwise_micro_all_cells\copykat_microbatch_0147\copykat_microbatch_0147_prediction.tsv
copykat_microbatch_0148	148	G:\Repository\glioma-cnv-single-cell-atlas\data\interim\integrated\CNV_inputs\CopyKAT_HVG8000_r0_6\batchwise_micro_all_cells\copykat_microbatch_0148	2999	2000	1000	15163	G:\Repository\glioma-cnv-single-cell-atlas\data\interim\integrated\CNV_inputs\CopyKAT_HVG8000_r0_6\batchwise_micro_all_cells\copykat_microbatch_0148\copykat_raw_counts_genes_by_cells.mtx.gz	G:\Repository\glioma-cnv-single-cell-atlas\data\interim\integrated\CNV_inputs\CopyKAT_HVG8000_r0_6\batchwise_micro_all_cells\copykat_microbatch_0148\copykat_raw_counts_genes_by_cells.mtx	G:\Repository\glioma-cnv-single-cell-atlas\data\interim\integrated\CNV_inputs\CopyKAT_HVG8000_r0_6\batchwise_micro_all_cells\copykat_microbatch_0148\copykat_genes.tsv	G:\Repository\glioma-cnv-single-cell-atlas\data\interim\integrated\CNV_inputs\CopyKAT_HVG8000_r0_6\batchwise_micro_all_cells\copykat_microbatch_0148\copykat_barcodes.tsv	G:\Repository\glioma-cnv-single-cell-atlas\data\interim\integrated\CNV_inputs\CopyKAT_HVG8000_r0_6\batchwise_micro_all_cells\copykat_microbatch_0148\copykat_cell_metadata.tsv	G:\Repository\glioma-cnv-single-cell-atlas\data\interim\integrated\CNV_inputs\CopyKAT_HVG8000_r0_6\batchwise_micro_all_cells\copykat_microbatch_0148\run_copykat_microbatch_0148.R	G:\Repository\glioma-cnv-single-cell-atlas\data\interim\integrated\CNV_inputs\CopyKAT_HVG8000_r0_6\batchwise_micro_all_cells\copykat_microbatch_0148\copykat_microbatch_0148_prediction.tsv
copykat_microbatch_0149	149	G:\Repository\glioma-cnv-single-cell-atlas\data\interim\integrated\CNV_inputs\CopyKAT_HVG8000_r0_6\batchwise_micro_all_cells\copykat_microbatch_0149	2991	2000	1000	15163	G:\Repository\glioma-cnv-single-cell-atlas\data\interim\integrated\CNV_inputs\CopyKAT_HVG8000_r0_6\batchwise_micro_all_cells\copykat_microbatch_0149\copykat_raw_counts_genes_by_cells.mtx.gz	G:\Repository\glioma-cnv-single-cell-atlas\data\interim\integrated\CNV_inputs\CopyKAT_HVG8000_r0_6\batchwise_micro_all_cells\copykat_microbatch_0149\copykat_raw_counts_genes_by_cells.mtx	G:\Repository\glioma-cnv-single-cell-atlas\data\interim\integrated\CNV_inputs\CopyKAT_HVG8000_r0_6\batchwise_micro_all_cells\copykat_microbatch_0149\copykat_genes.tsv	G:\Repository\glioma-cnv-single-cell-atlas\data\interim\integrated\CNV_inputs\CopyKAT_HVG8000_r0_6\batchwise_micro_all_cells\copykat_microbatch_0149\copykat_barcodes.tsv	G:\Repository\glioma-cnv-single-cell-atlas\data\interim\integrated\CNV_inputs\CopyKAT_HVG8000_r0_6\batchwise_micro_all_cells\copykat_microbatch_0149\copykat_cell_metadata.tsv	G:\Repository\glioma-cnv-single-cell-atlas\data\interim\integrated\CNV_inputs\CopyKAT_HVG8000_r0_6\batchwise_micro_all_cells\copykat_microbatch_0149\run_copykat_microbatch_0149.R	G:\Repository\glioma-cnv-single-cell-atlas\data\interim\integrated\CNV_inputs\CopyKAT_HVG8000_r0_6\batchwise_micro_all_cells\copykat_microbatch_0149\copykat_microbatch_0149_prediction.tsv
copykat_microbatch_0150	150	G:\Repository\glioma-cnv-single-cell-atlas\data\interim\integrated\CNV_inputs\CopyKAT_HVG8000_r0_6\batchwise_micro_all_cells\copykat_microbatch_0150	2990	2000	1000	15163	G:\Repository\glioma-cnv-single-cell-atlas\data\interim\integrated\CNV_inputs\CopyKAT_HVG8000_r0_6\batchwise_micro_all_cells\copykat_microbatch_0150\copykat_raw_counts_genes_by_cells.mtx.gz	G:\Repository\glioma-cnv-single-cell-atlas\data\interim\integrated\CNV_inputs\CopyKAT_HVG8000_r0_6\batchwise_micro_all_cells\copykat_microbatch_0150\copykat_raw_counts_genes_by_cells.mtx	G:\Repository\glioma-cnv-single-cell-atlas\data\interim\integrated\CNV_inputs\CopyKAT_HVG8000_r0_6\batchwise_micro_all_cells\copykat_microbatch_0150\copykat_genes.tsv	G:\Repository\glioma-cnv-single-cell-atlas\data\interim\integrated\CNV_inputs\CopyKAT_HVG8000_r0_6\batchwise_micro_all_cells\copykat_microbatch_0150\copykat_barcodes.tsv	G:\Repository\glioma-cnv-single-cell-atlas\data\interim\integrated\CNV_inputs\CopyKAT_HVG8000_r0_6\batchwise_micro_all_cells\copykat_microbatch_0150\copykat_cell_metadata.tsv	G:\Repository\glioma-cnv-single-cell-atlas\data\interim\integrated\CNV_inputs\CopyKAT_HVG8000_r0_6\batchwise_micro_all_cells\copykat_microbatch_0150\run_copykat_microbatch_0150.R	G:\Repository\glioma-cnv-single-cell-atlas\data\interim\integrated\CNV_inputs\CopyKAT_HVG8000_r0_6\batchwise_micro_all_cells\copykat_microbatch_0150\copykat_microbatch_0150_prediction.tsv
copykat_microbatch_0151	151	G:\Repository\glioma-cnv-single-cell-atlas\data\interim\integrated\CNV_inputs\CopyKAT_HVG8000_r0_6\batchwise_micro_all_cells\copykat_microbatch_0151	2999	2000	1000	15163	G:\Repository\glioma-cnv-single-cell-atlas\data\interim\integrated\CNV_inputs\CopyKAT_HVG8000_r0_6\batchwise_micro_all_cells\copykat_microbatch_0151\copykat_raw_counts_genes_by_cells.mtx.gz	G:\Repository\glioma-cnv-single-cell-atlas\data\interim\integrated\CNV_inputs\CopyKAT_HVG8000_r0_6\batchwise_micro_all_cells\copykat_microbatch_0151\copykat_raw_counts_genes_by_cells.mtx	G:\Repository\glioma-cnv-single-cell-atlas\data\interim\integrated\CNV_inputs\CopyKAT_HVG8000_r0_6\batchwise_micro_all_cells\copykat_microbatch_0151\copykat_genes.tsv	G:\Repository\glioma-cnv-single-cell-atlas\data\interim\integrated\CNV_inputs\CopyKAT_HVG8000_r0_6\batchwise_micro_all_cells\copykat_microbatch_0151\copykat_barcodes.tsv	G:\Repository\glioma-cnv-single-cell-atlas\data\interim\integrated\CNV_inputs\CopyKAT_HVG8000_r0_6\batchwise_micro_all_cells\copykat_microbatch_0151\copykat_cell_metadata.tsv	G:\Repository\glioma-cnv-single-cell-atlas\data\interim\integrated\CNV_inputs\CopyKAT_HVG8000_r0_6\batchwise_micro_all_cells\copykat_microbatch_0151\run_copykat_microbatch_0151.R	G:\Repository\glioma-cnv-single-cell-atlas\data\interim\integrated\CNV_inputs\CopyKAT_HVG8000_r0_6\batchwise_micro_all_cells\copykat_microbatch_0151\copykat_microbatch_0151_prediction.tsv
copykat_microbatch_0152	152	G:\Repository\glioma-cnv-single-cell-atlas\data\interim\integrated\CNV_inputs\CopyKAT_HVG8000_r0_6\batchwise_micro_all_cells\copykat_microbatch_0152	2998	2000	1000	15163	G:\Repository\glioma-cnv-single-cell-atlas\data\interim\integrated\CNV_inputs\CopyKAT_HVG8000_r0_6\batchwise_micro_all_cells\copykat_microbatch_0152\copykat_raw_counts_genes_by_cells.mtx.gz	G:\Repository\glioma-cnv-single-cell-atlas\data\interim\integrated\CNV_inputs\CopyKAT_HVG8000_r0_6\batchwise_micro_all_cells\copykat_microbatch_0152\copykat_raw_counts_genes_by_cells.mtx	G:\Repository\glioma-cnv-single-cell-atlas\data\interim\integrated\CNV_inputs\CopyKAT_HVG8000_r0_6\batchwise_micro_all_cells\copykat_microbatch_0152\copykat_genes.tsv	G:\Repository\glioma-cnv-single-cell-atlas\data\interim\integrated\CNV_inputs\CopyKAT_HVG8000_r0_6\batchwise_micro_all_cells\copykat_microbatch_0152\copykat_barcodes.tsv	G:\Repository\glioma-cnv-single-cell-atlas\data\interim\integrated\CNV_inputs\CopyKAT_HVG8000_r0_6\batchwise_micro_all_cells\copykat_microbatch_0152\copykat_cell_metadata.tsv	G:\Repository\glioma-cnv-single-cell-atlas\data\interim\integrated\CNV_inputs\CopyKAT_HVG8000_r0_6\batchwise_micro_all_cells\copykat_microbatch_0152\run_copykat_microbatch_0152.R	G:\Repository\glioma-cnv-single-cell-atlas\data\interim\integrated\CNV_inputs\CopyKAT_HVG8000_r0_6\batchwise_micro_all_cells\copykat_microbatch_0152\copykat_microbatch_0152_prediction.tsv
copykat_microbatch_0153	153	G:\Repository\glioma-cnv-single-cell-atlas\data\interim\integrated\CNV_inputs\CopyKAT_HVG8000_r0_6\batchwise_micro_all_cells\copykat_microbatch_0153	2997	2000	1000	15163	G:\Repository\glioma-cnv-single-cell-atlas\data\interim\integrated\CNV_inputs\CopyKAT_HVG8000_r0_6\batchwise_micro_all_cells\copykat_microbatch_0153\copykat_raw_counts_genes_by_cells.mtx.gz	G:\Repository\glioma-cnv-single-cell-atlas\data\interim\integrated\CNV_inputs\CopyKAT_HVG8000_r0_6\batchwise_micro_all_cells\copykat_microbatch_0153\copykat_raw_counts_genes_by_cells.mtx	G:\Repository\glioma-cnv-single-cell-atlas\data\interim\integrated\CNV_inputs\CopyKAT_HVG8000_r0_6\batchwise_micro_all_cells\copykat_microbatch_0153\copykat_genes.tsv	G:\Repository\glioma-cnv-single-cell-atlas\data\interim\integrated\CNV_inputs\CopyKAT_HVG8000_r0_6\batchwise_micro_all_cells\copykat_microbatch_0153\copykat_barcodes.tsv	G:\Repository\glioma-cnv-single-cell-atlas\data\interim\integrated\CNV_inputs\CopyKAT_HVG8000_r0_6\batchwise_micro_all_cells\copykat_microbatch_0153\copykat_cell_metadata.tsv	G:\Repository\glioma-cnv-single-cell-atlas\data\interim\integrated\CNV_inputs\CopyKAT_HVG8000_r0_6\batchwise_micro_all_cells\copykat_microbatch_0153\run_copykat_microbatch_0153.R	G:\Repository\glioma-cnv-single-cell-atlas\data\interim\integrated\CNV_inputs\CopyKAT_HVG8000_r0_6\batchwise_micro_all_cells\copykat_microbatch_0153\copykat_microbatch_0153_prediction.tsv
copykat_microbatch_0154	154	G:\Repository\glioma-cnv-single-cell-atlas\data\interim\integrated\CNV_inputs\CopyKAT_HVG8000_r0_6\batchwise_micro_all_cells\copykat_microbatch_0154	2999	2000	1000	15163	G:\Repository\glioma-cnv-single-cell-atlas\data\interim\integrated\CNV_inputs\CopyKAT_HVG8000_r0_6\batchwise_micro_all_cells\copykat_microbatch_0154\copykat_raw_counts_genes_by_cells.mtx.gz	G:\Repository\glioma-cnv-single-cell-atlas\data\interim\integrated\CNV_inputs\CopyKAT_HVG8000_r0_6\batchwise_micro_all_cells\copykat_microbatch_0154\copykat_raw_counts_genes_by_cells.mtx	G:\Repository\glioma-cnv-single-cell-atlas\data\interim\integrated\CNV_inputs\CopyKAT_HVG8000_r0_6\batchwise_micro_all_cells\copykat_microbatch_0154\copykat_genes.tsv	G:\Repository\glioma-cnv-single-cell-atlas\data\interim\integrated\CNV_inputs\CopyKAT_HVG8000_r0_6\batchwise_micro_all_cells\copykat_microbatch_0154\copykat_barcodes.tsv	G:\Repository\glioma-cnv-single-cell-atlas\data\interim\integrated\CNV_inputs\CopyKAT_HVG8000_r0_6\batchwise_micro_all_cells\copykat_microbatch_0154\copykat_cell_metadata.tsv	G:\Repository\glioma-cnv-single-cell-atlas\data\interim\integrated\CNV_inputs\CopyKAT_HVG8000_r0_6\batchwise_micro_all_cells\copykat_microbatch_0154\run_copykat_microbatch_0154.R	G:\Repository\glioma-cnv-single-cell-atlas\data\interim\integrated\CNV_inputs\CopyKAT_HVG8000_r0_6\batchwise_micro_all_cells\copykat_microbatch_0154\copykat_microbatch_0154_prediction.tsv
copykat_microbatch_0155	155	G:\Repository\glioma-cnv-single-cell-atlas\data\interim\integrated\CNV_inputs\CopyKAT_HVG8000_r0_6\batchwise_micro_all_cells\copykat_microbatch_0155	2947	2000	1000	15163	G:\Repository\glioma-cnv-single-cell-atlas\data\interim\integrated\CNV_inputs\CopyKAT_HVG8000_r0_6\batchwise_micro_all_cells\copykat_microbatch_0155\copykat_raw_counts_genes_by_cells.mtx.gz	G:\Repository\glioma-cnv-single-cell-atlas\data\interim\integrated\CNV_inputs\CopyKAT_HVG8000_r0_6\batchwise_micro_all_cells\copykat_microbatch_0155\copykat_raw_counts_genes_by_cells.mtx	G:\Repository\glioma-cnv-single-cell-atlas\data\interim\integrated\CNV_inputs\CopyKAT_HVG8000_r0_6\batchwise_micro_all_cells\copykat_microbatch_0155\copykat_genes.tsv	G:\Repository\glioma-cnv-single-cell-atlas\data\interim\integrated\CNV_inputs\CopyKAT_HVG8000_r0_6\batchwise_micro_all_cells\copykat_microbatch_0155\copykat_barcodes.tsv	G:\Repository\glioma-cnv-single-cell-atlas\data\interim\integrated\CNV_inputs\CopyKAT_HVG8000_r0_6\batchwise_micro_all_cells\copykat_microbatch_0155\copykat_cell_metadata.tsv	G:\Repository\glioma-cnv-single-cell-atlas\data\interim\integrated\CNV_inputs\CopyKAT_HVG8000_r0_6\batchwise_micro_all_cells\copykat_microbatch_0155\run_copykat_microbatch_0155.R	G:\Repository\glioma-cnv-single-cell-atlas\data\interim\integrated\CNV_inputs\CopyKAT_HVG8000_r0_6\batchwise_micro_all_cells\copykat_microbatch_0155\copykat_microbatch_0155_prediction.tsv
copykat_microbatch_0156	156	G:\Repository\glioma-cnv-single-cell-atlas\data\interim\integrated\CNV_inputs\CopyKAT_HVG8000_r0_6\batchwise_micro_all_cells\copykat_microbatch_0156	2975	2000	1000	15163	G:\Repository\glioma-cnv-single-cell-atlas\data\interim\integrated\CNV_inputs\CopyKAT_HVG8000_r0_6\batchwise_micro_all_cells\copykat_microbatch_0156\copykat_raw_counts_genes_by_cells.mtx.gz	G:\Repository\glioma-cnv-single-cell-atlas\data\interim\integrated\CNV_inputs\CopyKAT_HVG8000_r0_6\batchwise_micro_all_cells\copykat_microbatch_0156\copykat_raw_counts_genes_by_cells.mtx	G:\Repository\glioma-cnv-single-cell-atlas\data\interim\integrated\CNV_inputs\CopyKAT_HVG8000_r0_6\batchwise_micro_all_cells\copykat_microbatch_0156\copykat_genes.tsv	G:\Repository\glioma-cnv-single-cell-atlas\data\interim\integrated\CNV_inputs\CopyKAT_HVG8000_r0_6\batchwise_micro_all_cells\copykat_microbatch_0156\copykat_barcodes.tsv	G:\Repository\glioma-cnv-single-cell-atlas\data\interim\integrated\CNV_inputs\CopyKAT_HVG8000_r0_6\batchwise_micro_all_cells\copykat_microbatch_0156\copykat_cell_metadata.tsv	G:\Repository\glioma-cnv-single-cell-atlas\data\interim\integrated\CNV_inputs\CopyKAT_HVG8000_r0_6\batchwise_micro_all_cells\copykat_microbatch_0156\run_copykat_microbatch_0156.R	G:\Repository\glioma-cnv-single-cell-atlas\data\interim\integrated\CNV_inputs\CopyKAT_HVG8000_r0_6\batchwise_micro_all_cells\copykat_microbatch_0156\copykat_microbatch_0156_prediction.tsv
copykat_microbatch_0157	157	G:\Repository\glioma-cnv-single-cell-atlas\data\interim\integrated\CNV_inputs\CopyKAT_HVG8000_r0_6\batchwise_micro_all_cells\copykat_microbatch_0157	3000	2000	1000	15163	G:\Repository\glioma-cnv-single-cell-atlas\data\interim\integrated\CNV_inputs\CopyKAT_HVG8000_r0_6\batchwise_micro_all_cells\copykat_microbatch_0157\copykat_raw_counts_genes_by_cells.mtx.gz	G:\Repository\glioma-cnv-single-cell-atlas\data\interim\integrated\CNV_inputs\CopyKAT_HVG8000_r0_6\batchwise_micro_all_cells\copykat_microbatch_0157\copykat_raw_counts_genes_by_cells.mtx	G:\Repository\glioma-cnv-single-cell-atlas\data\interim\integrated\CNV_inputs\CopyKAT_HVG8000_r0_6\batchwise_micro_all_cells\copykat_microbatch_0157\copykat_genes.tsv	G:\Repository\glioma-cnv-single-cell-atlas\data\interim\integrated\CNV_inputs\CopyKAT_HVG8000_r0_6\batchwise_micro_all_cells\copykat_microbatch_0157\copykat_barcodes.tsv	G:\Repository\glioma-cnv-single-cell-atlas\data\interim\integrated\CNV_inputs\CopyKAT_HVG8000_r0_6\batchwise_micro_all_cells\copykat_microbatch_0157\copykat_cell_metadata.tsv	G:\Repository\glioma-cnv-single-cell-atlas\data\interim\integrated\CNV_inputs\CopyKAT_HVG8000_r0_6\batchwise_micro_all_cells\copykat_microbatch_0157\run_copykat_microbatch_0157.R	G:\Repository\glioma-cnv-single-cell-atlas\data\interim\integrated\CNV_inputs\CopyKAT_HVG8000_r0_6\batchwise_micro_all_cells\copykat_microbatch_0157\copykat_microbatch_0157_prediction.tsv
copykat_microbatch_0158	158	G:\Repository\glioma-cnv-single-cell-atlas\data\interim\integrated\CNV_inputs\CopyKAT_HVG8000_r0_6\batchwise_micro_all_cells\copykat_microbatch_0158	2995	2000	1000	15163	G:\Repository\glioma-cnv-single-cell-atlas\data\interim\integrated\CNV_inputs\CopyKAT_HVG8000_r0_6\batchwise_micro_all_cells\copykat_microbatch_0158\copykat_raw_counts_genes_by_cells.mtx.gz	G:\Repository\glioma-cnv-single-cell-atlas\data\interim\integrated\CNV_inputs\CopyKAT_HVG8000_r0_6\batchwise_micro_all_cells\copykat_microbatch_0158\copykat_raw_counts_genes_by_cells.mtx	G:\Repository\glioma-cnv-single-cell-atlas\data\interim\integrated\CNV_inputs\CopyKAT_HVG8000_r0_6\batchwise_micro_all_cells\copykat_microbatch_0158\copykat_genes.tsv	G:\Repository\glioma-cnv-single-cell-atlas\data\interim\integrated\CNV_inputs\CopyKAT_HVG8000_r0_6\batchwise_micro_all_cells\copykat_microbatch_0158\copykat_barcodes.tsv	G:\Repository\glioma-cnv-single-cell-atlas\data\interim\integrated\CNV_inputs\CopyKAT_HVG8000_r0_6\batchwise_micro_all_cells\copykat_microbatch_0158\copykat_cell_metadata.tsv	G:\Repository\glioma-cnv-single-cell-atlas\data\interim\integrated\CNV_inputs\CopyKAT_HVG8000_r0_6\batchwise_micro_all_cells\copykat_microbatch_0158\run_copykat_microbatch_0158.R	G:\Repository\glioma-cnv-single-cell-atlas\data\interim\integrated\CNV_inputs\CopyKAT_HVG8000_r0_6\batchwise_micro_all_cells\copykat_microbatch_0158\copykat_microbatch_0158_prediction.tsv
copykat_microbatch_0159	159	G:\Repository\glioma-cnv-single-cell-atlas\data\interim\integrated\CNV_inputs\CopyKAT_HVG8000_r0_6\batchwise_micro_all_cells\copykat_microbatch_0159	2959	2000	1000	15163	G:\Repository\glioma-cnv-single-cell-atlas\data\interim\integrated\CNV_inputs\CopyKAT_HVG8000_r0_6\batchwise_micro_all_cells\copykat_microbatch_0159\copykat_raw_counts_genes_by_cells.mtx.gz	G:\Repository\glioma-cnv-single-cell-atlas\data\interim\integrated\CNV_inputs\CopyKAT_HVG8000_r0_6\batchwise_micro_all_cells\copykat_microbatch_0159\copykat_raw_counts_genes_by_cells.mtx	G:\Repository\glioma-cnv-single-cell-atlas\data\interim\integrated\CNV_inputs\CopyKAT_HVG8000_r0_6\batchwise_micro_all_cells\copykat_microbatch_0159\copykat_genes.tsv	G:\Repository\glioma-cnv-single-cell-atlas\data\interim\integrated\CNV_inputs\CopyKAT_HVG8000_r0_6\batchwise_micro_all_cells\copykat_microbatch_0159\copykat_barcodes.tsv	G:\Repository\glioma-cnv-single-cell-atlas\data\interim\integrated\CNV_inputs\CopyKAT_HVG8000_r0_6\batchwise_micro_all_cells\copykat_microbatch_0159\copykat_cell_metadata.tsv	G:\Repository\glioma-cnv-single-cell-atlas\data\interim\integrated\CNV_inputs\CopyKAT_HVG8000_r0_6\batchwise_micro_all_cells\copykat_microbatch_0159\run_copykat_microbatch_0159.R	G:\Repository\glioma-cnv-single-cell-atlas\data\interim\integrated\CNV_inputs\CopyKAT_HVG8000_r0_6\batchwise_micro_all_cells\copykat_microbatch_0159\copykat_microbatch_0159_prediction.tsv
copykat_microbatch_0160	160	G:\Repository\glioma-cnv-single-cell-atlas\data\interim\integrated\CNV_inputs\CopyKAT_HVG8000_r0_6\batchwise_micro_all_cells\copykat_microbatch_0160	2977	2000	1000	15163	G:\Repository\glioma-cnv-single-cell-atlas\data\interim\integrated\CNV_inputs\CopyKAT_HVG8000_r0_6\batchwise_micro_all_cells\copykat_microbatch_0160\copykat_raw_counts_genes_by_cells.mtx.gz	G:\Repository\glioma-cnv-single-cell-atlas\data\interim\integrated\CNV_inputs\CopyKAT_HVG8000_r0_6\batchwise_micro_all_cells\copykat_microbatch_0160\copykat_raw_counts_genes_by_cells.mtx	G:\Repository\glioma-cnv-single-cell-atlas\data\interim\integrated\CNV_inputs\CopyKAT_HVG8000_r0_6\batchwise_micro_all_cells\copykat_microbatch_0160\copykat_genes.tsv	G:\Repository\glioma-cnv-single-cell-atlas\data\interim\integrated\CNV_inputs\CopyKAT_HVG8000_r0_6\batchwise_micro_all_cells\copykat_microbatch_0160\copykat_barcodes.tsv	G:\Repository\glioma-cnv-single-cell-atlas\data\interim\integrated\CNV_inputs\CopyKAT_HVG8000_r0_6\batchwise_micro_all_cells\copykat_microbatch_0160\copykat_cell_metadata.tsv	G:\Repository\glioma-cnv-single-cell-atlas\data\interim\integrated\CNV_inputs\CopyKAT_HVG8000_r0_6\batchwise_micro_all_cells\copykat_microbatch_0160\run_copykat_microbatch_0160.R	G:\Repository\glioma-cnv-single-cell-atlas\data\interim\integrated\CNV_inputs\CopyKAT_HVG8000_r0_6\batchwise_micro_all_cells\copykat_microbatch_0160\copykat_microbatch_0160_prediction.tsv
copykat_microbatch_0161	161	G:\Repository\glioma-cnv-single-cell-atlas\data\interim\integrated\CNV_inputs\CopyKAT_HVG8000_r0_6\batchwise_micro_all_cells\copykat_microbatch_0161	2910	2000	1000	15163	G:\Repository\glioma-cnv-single-cell-atlas\data\interim\integrated\CNV_inputs\CopyKAT_HVG8000_r0_6\batchwise_micro_all_cells\copykat_microbatch_0161\copykat_raw_counts_genes_by_cells.mtx.gz	G:\Repository\glioma-cnv-single-cell-atlas\data\interim\integrated\CNV_inputs\CopyKAT_HVG8000_r0_6\batchwise_micro_all_cells\copykat_microbatch_0161\copykat_raw_counts_genes_by_cells.mtx	G:\Repository\glioma-cnv-single-cell-atlas\data\interim\integrated\CNV_inputs\CopyKAT_HVG8000_r0_6\batchwise_micro_all_cells\copykat_microbatch_0161\copykat_genes.tsv	G:\Repository\glioma-cnv-single-cell-atlas\data\interim\integrated\CNV_inputs\CopyKAT_HVG8000_r0_6\batchwise_micro_all_cells\copykat_microbatch_0161\copykat_barcodes.tsv	G:\Repository\glioma-cnv-single-cell-atlas\data\interim\integrated\CNV_inputs\CopyKAT_HVG8000_r0_6\batchwise_micro_all_cells\copykat_microbatch_0161\copykat_cell_metadata.tsv	G:\Repository\glioma-cnv-single-cell-atlas\data\interim\integrated\CNV_inputs\CopyKAT_HVG8000_r0_6\batchwise_micro_all_cells\copykat_microbatch_0161\run_copykat_microbatch_0161.R	G:\Repository\glioma-cnv-single-cell-atlas\data\interim\integrated\CNV_inputs\CopyKAT_HVG8000_r0_6\batchwise_micro_all_cells\copykat_microbatch_0161\copykat_microbatch_0161_prediction.tsv
copykat_microbatch_0162	162	G:\Repository\glioma-cnv-single-cell-atlas\data\interim\integrated\CNV_inputs\CopyKAT_HVG8000_r0_6\batchwise_micro_all_cells\copykat_microbatch_0162	3000	2000	1000	15163	G:\Repository\glioma-cnv-single-cell-atlas\data\interim\integrated\CNV_inputs\CopyKAT_HVG8000_r0_6\batchwise_micro_all_cells\copykat_microbatch_0162\copykat_raw_counts_genes_by_cells.mtx.gz	G:\Repository\glioma-cnv-single-cell-atlas\data\interim\integrated\CNV_inputs\CopyKAT_HVG8000_r0_6\batchwise_micro_all_cells\copykat_microbatch_0162\copykat_raw_counts_genes_by_cells.mtx	G:\Repository\glioma-cnv-single-cell-atlas\data\interim\integrated\CNV_inputs\CopyKAT_HVG8000_r0_6\batchwise_micro_all_cells\copykat_microbatch_0162\copykat_genes.tsv	G:\Repository\glioma-cnv-single-cell-atlas\data\interim\integrated\CNV_inputs\CopyKAT_HVG8000_r0_6\batchwise_micro_all_cells\copykat_microbatch_0162\copykat_barcodes.tsv	G:\Repository\glioma-cnv-single-cell-atlas\data\interim\integrated\CNV_inputs\CopyKAT_HVG8000_r0_6\batchwise_micro_all_cells\copykat_microbatch_0162\copykat_cell_metadata.tsv	G:\Repository\glioma-cnv-single-cell-atlas\data\interim\integrated\CNV_inputs\CopyKAT_HVG8000_r0_6\batchwise_micro_all_cells\copykat_microbatch_0162\run_copykat_microbatch_0162.R	G:\Repository\glioma-cnv-single-cell-atlas\data\interim\integrated\CNV_inputs\CopyKAT_HVG8000_r0_6\batchwise_micro_all_cells\copykat_microbatch_0162\copykat_microbatch_0162_prediction.tsv
copykat_microbatch_0163	163	G:\Repository\glioma-cnv-single-cell-atlas\data\interim\integrated\CNV_inputs\CopyKAT_HVG8000_r0_6\batchwise_micro_all_cells\copykat_microbatch_0163	2999	2000	1000	15163	G:\Repository\glioma-cnv-single-cell-atlas\data\interim\integrated\CNV_inputs\CopyKAT_HVG8000_r0_6\batchwise_micro_all_cells\copykat_microbatch_0163\copykat_raw_counts_genes_by_cells.mtx.gz	G:\Repository\glioma-cnv-single-cell-atlas\data\interim\integrated\CNV_inputs\CopyKAT_HVG8000_r0_6\batchwise_micro_all_cells\copykat_microbatch_0163\copykat_raw_counts_genes_by_cells.mtx	G:\Repository\glioma-cnv-single-cell-atlas\data\interim\integrated\CNV_inputs\CopyKAT_HVG8000_r0_6\batchwise_micro_all_cells\copykat_microbatch_0163\copykat_genes.tsv	G:\Repository\glioma-cnv-single-cell-atlas\data\interim\integrated\CNV_inputs\CopyKAT_HVG8000_r0_6\batchwise_micro_all_cells\copykat_microbatch_0163\copykat_barcodes.tsv	G:\Repository\glioma-cnv-single-cell-atlas\data\interim\integrated\CNV_inputs\CopyKAT_HVG8000_r0_6\batchwise_micro_all_cells\copykat_microbatch_0163\copykat_cell_metadata.tsv	G:\Repository\glioma-cnv-single-cell-atlas\data\interim\integrated\CNV_inputs\CopyKAT_HVG8000_r0_6\batchwise_micro_all_cells\copykat_microbatch_0163\run_copykat_microbatch_0163.R	G:\Repository\glioma-cnv-single-cell-atlas\data\interim\integrated\CNV_inputs\CopyKAT_HVG8000_r0_6\batchwise_micro_all_cells\copykat_microbatch_0163\copykat_microbatch_0163_prediction.tsv
copykat_microbatch_0164	164	G:\Repository\glioma-cnv-single-cell-atlas\data\interim\integrated\CNV_inputs\CopyKAT_HVG8000_r0_6\batchwise_micro_all_cells\copykat_microbatch_0164	3000	2000	1000	15163	G:\Repository\glioma-cnv-single-cell-atlas\data\interim\integrated\CNV_inputs\CopyKAT_HVG8000_r0_6\batchwise_micro_all_cells\copykat_microbatch_0164\copykat_raw_counts_genes_by_cells.mtx.gz	G:\Repository\glioma-cnv-single-cell-atlas\data\interim\integrated\CNV_inputs\CopyKAT_HVG8000_r0_6\batchwise_micro_all_cells\copykat_microbatch_0164\copykat_raw_counts_genes_by_cells.mtx	G:\Repository\glioma-cnv-single-cell-atlas\data\interim\integrated\CNV_inputs\CopyKAT_HVG8000_r0_6\batchwise_micro_all_cells\copykat_microbatch_0164\copykat_genes.tsv	G:\Repository\glioma-cnv-single-cell-atlas\data\interim\integrated\CNV_inputs\CopyKAT_HVG8000_r0_6\batchwise_micro_all_cells\copykat_microbatch_0164\copykat_barcodes.tsv	G:\Repository\glioma-cnv-single-cell-atlas\data\interim\integrated\CNV_inputs\CopyKAT_HVG8000_r0_6\batchwise_micro_all_cells\copykat_microbatch_0164\copykat_cell_metadata.tsv	G:\Repository\glioma-cnv-single-cell-atlas\data\interim\integrated\CNV_inputs\CopyKAT_HVG8000_r0_6\batchwise_micro_all_cells\copykat_microbatch_0164\run_copykat_microbatch_0164.R	G:\Repository\glioma-cnv-single-cell-atlas\data\interim\integrated\CNV_inputs\CopyKAT_HVG8000_r0_6\batchwise_micro_all_cells\copykat_microbatch_0164\copykat_microbatch_0164_prediction.tsv
copykat_microbatch_0165	165	G:\Repository\glioma-cnv-single-cell-atlas\data\interim\integrated\CNV_inputs\CopyKAT_HVG8000_r0_6\batchwise_micro_all_cells\copykat_microbatch_0165	3000	2000	1000	15163	G:\Repository\glioma-cnv-single-cell-atlas\data\interim\integrated\CNV_inputs\CopyKAT_HVG8000_r0_6\batchwise_micro_all_cells\copykat_microbatch_0165\copykat_raw_counts_genes_by_cells.mtx.gz	G:\Repository\glioma-cnv-single-cell-atlas\data\interim\integrated\CNV_inputs\CopyKAT_HVG8000_r0_6\batchwise_micro_all_cells\copykat_microbatch_0165\copykat_raw_counts_genes_by_cells.mtx	G:\Repository\glioma-cnv-single-cell-atlas\data\interim\integrated\CNV_inputs\CopyKAT_HVG8000_r0_6\batchwise_micro_all_cells\copykat_microbatch_0165\copykat_genes.tsv	G:\Repository\glioma-cnv-single-cell-atlas\data\interim\integrated\CNV_inputs\CopyKAT_HVG8000_r0_6\batchwise_micro_all_cells\copykat_microbatch_0165\copykat_barcodes.tsv	G:\Repository\glioma-cnv-single-cell-atlas\data\interim\integrated\CNV_inputs\CopyKAT_HVG8000_r0_6\batchwise_micro_all_cells\copykat_microbatch_0165\copykat_cell_metadata.tsv	G:\Repository\glioma-cnv-single-cell-atlas\data\interim\integrated\CNV_inputs\CopyKAT_HVG8000_r0_6\batchwise_micro_all_cells\copykat_microbatch_0165\run_copykat_microbatch_0165.R	G:\Repository\glioma-cnv-single-cell-atlas\data\interim\integrated\CNV_inputs\CopyKAT_HVG8000_r0_6\batchwise_micro_all_cells\copykat_microbatch_0165\copykat_microbatch_0165_prediction.tsv
copykat_microbatch_0166	166	G:\Repository\glioma-cnv-single-cell-atlas\data\interim\integrated\CNV_inputs\CopyKAT_HVG8000_r0_6\batchwise_micro_all_cells\copykat_microbatch_0166	3000	2000	1000	15163	G:\Repository\glioma-cnv-single-cell-atlas\data\interim\integrated\CNV_inputs\CopyKAT_HVG8000_r0_6\batchwise_micro_all_cells\copykat_microbatch_0166\copykat_raw_counts_genes_by_cells.mtx.gz	G:\Repository\glioma-cnv-single-cell-atlas\data\interim\integrated\CNV_inputs\CopyKAT_HVG8000_r0_6\batchwise_micro_all_cells\copykat_microbatch_0166\copykat_raw_counts_genes_by_cells.mtx	G:\Repository\glioma-cnv-single-cell-atlas\data\interim\integrated\CNV_inputs\CopyKAT_HVG8000_r0_6\batchwise_micro_all_cells\copykat_microbatch_0166\copykat_genes.tsv	G:\Repository\glioma-cnv-single-cell-atlas\data\interim\integrated\CNV_inputs\CopyKAT_HVG8000_r0_6\batchwise_micro_all_cells\copykat_microbatch_0166\copykat_barcodes.tsv	G:\Repository\glioma-cnv-single-cell-atlas\data\interim\integrated\CNV_inputs\CopyKAT_HVG8000_r0_6\batchwise_micro_all_cells\copykat_microbatch_0166\copykat_cell_metadata.tsv	G:\Repository\glioma-cnv-single-cell-atlas\data\interim\integrated\CNV_inputs\CopyKAT_HVG8000_r0_6\batchwise_micro_all_cells\copykat_microbatch_0166\run_copykat_microbatch_0166.R	G:\Repository\glioma-cnv-single-cell-atlas\data\interim\integrated\CNV_inputs\CopyKAT_HVG8000_r0_6\batchwise_micro_all_cells\copykat_microbatch_0166\copykat_microbatch_0166_prediction.tsv
copykat_microbatch_0167	167	G:\Repository\glioma-cnv-single-cell-atlas\data\interim\integrated\CNV_inputs\CopyKAT_HVG8000_r0_6\batchwise_micro_all_cells\copykat_microbatch_0167	2999	2000	1000	15163	G:\Repository\glioma-cnv-single-cell-atlas\data\interim\integrated\CNV_inputs\CopyKAT_HVG8000_r0_6\batchwise_micro_all_cells\copykat_microbatch_0167\copykat_raw_counts_genes_by_cells.mtx.gz	G:\Repository\glioma-cnv-single-cell-atlas\data\interim\integrated\CNV_inputs\CopyKAT_HVG8000_r0_6\batchwise_micro_all_cells\copykat_microbatch_0167\copykat_raw_counts_genes_by_cells.mtx	G:\Repository\glioma-cnv-single-cell-atlas\data\interim\integrated\CNV_inputs\CopyKAT_HVG8000_r0_6\batchwise_micro_all_cells\copykat_microbatch_0167\copykat_genes.tsv	G:\Repository\glioma-cnv-single-cell-atlas\data\interim\integrated\CNV_inputs\CopyKAT_HVG8000_r0_6\batchwise_micro_all_cells\copykat_microbatch_0167\copykat_barcodes.tsv	G:\Repository\glioma-cnv-single-cell-atlas\data\interim\integrated\CNV_inputs\CopyKAT_HVG8000_r0_6\batchwise_micro_all_cells\copykat_microbatch_0167\copykat_cell_metadata.tsv	G:\Repository\glioma-cnv-single-cell-atlas\data\interim\integrated\CNV_inputs\CopyKAT_HVG8000_r0_6\batchwise_micro_all_cells\copykat_microbatch_0167\run_copykat_microbatch_0167.R	G:\Repository\glioma-cnv-single-cell-atlas\data\interim\integrated\CNV_inputs\CopyKAT_HVG8000_r0_6\batchwise_micro_all_cells\copykat_microbatch_0167\copykat_microbatch_0167_prediction.tsv
copykat_microbatch_0168	168	G:\Repository\glioma-cnv-single-cell-atlas\data\interim\integrated\CNV_inputs\CopyKAT_HVG8000_r0_6\batchwise_micro_all_cells\copykat_microbatch_0168	3000	2000	1000	15163	G:\Repository\glioma-cnv-single-cell-atlas\data\interim\integrated\CNV_inputs\CopyKAT_HVG8000_r0_6\batchwise_micro_all_cells\copykat_microbatch_0168\copykat_raw_counts_genes_by_cells.mtx.gz	G:\Repository\glioma-cnv-single-cell-atlas\data\interim\integrated\CNV_inputs\CopyKAT_HVG8000_r0_6\batchwise_micro_all_cells\copykat_microbatch_0168\copykat_raw_counts_genes_by_cells.mtx	G:\Repository\glioma-cnv-single-cell-atlas\data\interim\integrated\CNV_inputs\CopyKAT_HVG8000_r0_6\batchwise_micro_all_cells\copykat_microbatch_0168\copykat_genes.tsv	G:\Repository\glioma-cnv-single-cell-atlas\data\interim\integrated\CNV_inputs\CopyKAT_HVG8000_r0_6\batchwise_micro_all_cells\copykat_microbatch_0168\copykat_barcodes.tsv	G:\Repository\glioma-cnv-single-cell-atlas\data\interim\integrated\CNV_inputs\CopyKAT_HVG8000_r0_6\batchwise_micro_all_cells\copykat_microbatch_0168\copykat_cell_metadata.tsv	G:\Repository\glioma-cnv-single-cell-atlas\data\interim\integrated\CNV_inputs\CopyKAT_HVG8000_r0_6\batchwise_micro_all_cells\copykat_microbatch_0168\run_copykat_microbatch_0168.R	G:\Repository\glioma-cnv-single-cell-atlas\data\interim\integrated\CNV_inputs\CopyKAT_HVG8000_r0_6\batchwise_micro_all_cells\copykat_microbatch_0168\copykat_microbatch_0168_prediction.tsv
copykat_microbatch_0169	169	G:\Repository\glioma-cnv-single-cell-atlas\data\interim\integrated\CNV_inputs\CopyKAT_HVG8000_r0_6\batchwise_micro_all_cells\copykat_microbatch_0169	2988	2000	1000	15163	G:\Repository\glioma-cnv-single-cell-atlas\data\interim\integrated\CNV_inputs\CopyKAT_HVG8000_r0_6\batchwise_micro_all_cells\copykat_microbatch_0169\copykat_raw_counts_genes_by_cells.mtx.gz	G:\Repository\glioma-cnv-single-cell-atlas\data\interim\integrated\CNV_inputs\CopyKAT_HVG8000_r0_6\batchwise_micro_all_cells\copykat_microbatch_0169\copykat_raw_counts_genes_by_cells.mtx	G:\Repository\glioma-cnv-single-cell-atlas\data\interim\integrated\CNV_inputs\CopyKAT_HVG8000_r0_6\batchwise_micro_all_cells\copykat_microbatch_0169\copykat_genes.tsv	G:\Repository\glioma-cnv-single-cell-atlas\data\interim\integrated\CNV_inputs\CopyKAT_HVG8000_r0_6\batchwise_micro_all_cells\copykat_microbatch_0169\copykat_barcodes.tsv	G:\Repository\glioma-cnv-single-cell-atlas\data\interim\integrated\CNV_inputs\CopyKAT_HVG8000_r0_6\batchwise_micro_all_cells\copykat_microbatch_0169\copykat_cell_metadata.tsv	G:\Repository\glioma-cnv-single-cell-atlas\data\interim\integrated\CNV_inputs\CopyKAT_HVG8000_r0_6\batchwise_micro_all_cells\copykat_microbatch_0169\run_copykat_microbatch_0169.R	G:\Repository\glioma-cnv-single-cell-atlas\data\interim\integrated\CNV_inputs\CopyKAT_HVG8000_r0_6\batchwise_micro_all_cells\copykat_microbatch_0169\copykat_microbatch_0169_prediction.tsv
copykat_microbatch_0170	170	G:\Repository\glioma-cnv-single-cell-atlas\data\interim\integrated\CNV_inputs\CopyKAT_HVG8000_r0_6\batchwise_micro_all_cells\copykat_microbatch_0170	2978	2000	1000	15163	G:\Repository\glioma-cnv-single-cell-atlas\data\interim\integrated\CNV_inputs\CopyKAT_HVG8000_r0_6\batchwise_micro_all_cells\copykat_microbatch_0170\copykat_raw_counts_genes_by_cells.mtx.gz	G:\Repository\glioma-cnv-single-cell-atlas\data\interim\integrated\CNV_inputs\CopyKAT_HVG8000_r0_6\batchwise_micro_all_cells\copykat_microbatch_0170\copykat_raw_counts_genes_by_cells.mtx	G:\Repository\glioma-cnv-single-cell-atlas\data\interim\integrated\CNV_inputs\CopyKAT_HVG8000_r0_6\batchwise_micro_all_cells\copykat_microbatch_0170\copykat_genes.tsv	G:\Repository\glioma-cnv-single-cell-atlas\data\interim\integrated\CNV_inputs\CopyKAT_HVG8000_r0_6\batchwise_micro_all_cells\copykat_microbatch_0170\copykat_barcodes.tsv	G:\Repository\glioma-cnv-single-cell-atlas\data\interim\integrated\CNV_inputs\CopyKAT_HVG8000_r0_6\batchwise_micro_all_cells\copykat_microbatch_0170\copykat_cell_metadata.tsv	G:\Repository\glioma-cnv-single-cell-atlas\data\interim\integrated\CNV_inputs\CopyKAT_HVG8000_r0_6\batchwise_micro_all_cells\copykat_microbatch_0170\run_copykat_microbatch_0170.R	G:\Repository\glioma-cnv-single-cell-atlas\data\interim\integrated\CNV_inputs\CopyKAT_HVG8000_r0_6\batchwise_micro_all_cells\copykat_microbatch_0170\copykat_microbatch_0170_prediction.tsv
copykat_microbatch_0171	171	G:\Repository\glioma-cnv-single-cell-atlas\data\interim\integrated\CNV_inputs\CopyKAT_HVG8000_r0_6\batchwise_micro_all_cells\copykat_microbatch_0171	2993	2000	1000	15163	G:\Repository\glioma-cnv-single-cell-atlas\data\interim\integrated\CNV_inputs\CopyKAT_HVG8000_r0_6\batchwise_micro_all_cells\copykat_microbatch_0171\copykat_raw_counts_genes_by_cells.mtx.gz	G:\Repository\glioma-cnv-single-cell-atlas\data\interim\integrated\CNV_inputs\CopyKAT_HVG8000_r0_6\batchwise_micro_all_cells\copykat_microbatch_0171\copykat_raw_counts_genes_by_cells.mtx	G:\Repository\glioma-cnv-single-cell-atlas\data\interim\integrated\CNV_inputs\CopyKAT_HVG8000_r0_6\batchwise_micro_all_cells\copykat_microbatch_0171\copykat_genes.tsv	G:\Repository\glioma-cnv-single-cell-atlas\data\interim\integrated\CNV_inputs\CopyKAT_HVG8000_r0_6\batchwise_micro_all_cells\copykat_microbatch_0171\copykat_barcodes.tsv	G:\Repository\glioma-cnv-single-cell-atlas\data\interim\integrated\CNV_inputs\CopyKAT_HVG8000_r0_6\batchwise_micro_all_cells\copykat_microbatch_0171\copykat_cell_metadata.tsv	G:\Repository\glioma-cnv-single-cell-atlas\data\interim\integrated\CNV_inputs\CopyKAT_HVG8000_r0_6\batchwise_micro_all_cells\copykat_microbatch_0171\run_copykat_microbatch_0171.R	G:\Repository\glioma-cnv-single-cell-atlas\data\interim\integrated\CNV_inputs\CopyKAT_HVG8000_r0_6\batchwise_micro_all_cells\copykat_microbatch_0171\copykat_microbatch_0171_prediction.tsv
copykat_microbatch_0172	172	G:\Repository\glioma-cnv-single-cell-atlas\data\interim\integrated\CNV_inputs\CopyKAT_HVG8000_r0_6\batchwise_micro_all_cells\copykat_microbatch_0172	2997	2000	1000	15163	G:\Repository\glioma-cnv-single-cell-atlas\data\interim\integrated\CNV_inputs\CopyKAT_HVG8000_r0_6\batchwise_micro_all_cells\copykat_microbatch_0172\copykat_raw_counts_genes_by_cells.mtx.gz	G:\Repository\glioma-cnv-single-cell-atlas\data\interim\integrated\CNV_inputs\CopyKAT_HVG8000_r0_6\batchwise_micro_all_cells\copykat_microbatch_0172\copykat_raw_counts_genes_by_cells.mtx	G:\Repository\glioma-cnv-single-cell-atlas\data\interim\integrated\CNV_inputs\CopyKAT_HVG8000_r0_6\batchwise_micro_all_cells\copykat_microbatch_0172\copykat_genes.tsv	G:\Repository\glioma-cnv-single-cell-atlas\data\interim\integrated\CNV_inputs\CopyKAT_HVG8000_r0_6\batchwise_micro_all_cells\copykat_microbatch_0172\copykat_barcodes.tsv	G:\Repository\glioma-cnv-single-cell-atlas\data\interim\integrated\CNV_inputs\CopyKAT_HVG8000_r0_6\batchwise_micro_all_cells\copykat_microbatch_0172\copykat_cell_metadata.tsv	G:\Repository\glioma-cnv-single-cell-atlas\data\interim\integrated\CNV_inputs\CopyKAT_HVG8000_r0_6\batchwise_micro_all_cells\copykat_microbatch_0172\run_copykat_microbatch_0172.R	G:\Repository\glioma-cnv-single-cell-atlas\data\interim\integrated\CNV_inputs\CopyKAT_HVG8000_r0_6\batchwise_micro_all_cells\copykat_microbatch_0172\copykat_microbatch_0172_prediction.tsv
copykat_microbatch_0173	173	G:\Repository\glioma-cnv-single-cell-atlas\data\interim\integrated\CNV_inputs\CopyKAT_HVG8000_r0_6\batchwise_micro_all_cells\copykat_microbatch_0173	2906	2000	1000	15163	G:\Repository\glioma-cnv-single-cell-atlas\data\interim\integrated\CNV_inputs\CopyKAT_HVG8000_r0_6\batchwise_micro_all_cells\copykat_microbatch_0173\copykat_raw_counts_genes_by_cells.mtx.gz	G:\Repository\glioma-cnv-single-cell-atlas\data\interim\integrated\CNV_inputs\CopyKAT_HVG8000_r0_6\batchwise_micro_all_cells\copykat_microbatch_0173\copykat_raw_counts_genes_by_cells.mtx	G:\Repository\glioma-cnv-single-cell-atlas\data\interim\integrated\CNV_inputs\CopyKAT_HVG8000_r0_6\batchwise_micro_all_cells\copykat_microbatch_0173\copykat_genes.tsv	G:\Repository\glioma-cnv-single-cell-atlas\data\interim\integrated\CNV_inputs\CopyKAT_HVG8000_r0_6\batchwise_micro_all_cells\copykat_microbatch_0173\copykat_barcodes.tsv	G:\Repository\glioma-cnv-single-cell-atlas\data\interim\integrated\CNV_inputs\CopyKAT_HVG8000_r0_6\batchwise_micro_all_cells\copykat_microbatch_0173\copykat_cell_metadata.tsv	G:\Repository\glioma-cnv-single-cell-atlas\data\interim\integrated\CNV_inputs\CopyKAT_HVG8000_r0_6\batchwise_micro_all_cells\copykat_microbatch_0173\run_copykat_microbatch_0173.R	G:\Repository\glioma-cnv-single-cell-atlas\data\interim\integrated\CNV_inputs\CopyKAT_HVG8000_r0_6\batchwise_micro_all_cells\copykat_microbatch_0173\copykat_microbatch_0173_prediction.tsv
copykat_microbatch_0174	174	G:\Repository\glioma-cnv-single-cell-atlas\data\interim\integrated\CNV_inputs\CopyKAT_HVG8000_r0_6\batchwise_micro_all_cells\copykat_microbatch_0174	3000	2000	1000	15163	G:\Repository\glioma-cnv-single-cell-atlas\data\interim\integrated\CNV_inputs\CopyKAT_HVG8000_r0_6\batchwise_micro_all_cells\copykat_microbatch_0174\copykat_raw_counts_genes_by_cells.mtx.gz	G:\Repository\glioma-cnv-single-cell-atlas\data\interim\integrated\CNV_inputs\CopyKAT_HVG8000_r0_6\batchwise_micro_all_cells\copykat_microbatch_0174\copykat_raw_counts_genes_by_cells.mtx	G:\Repository\glioma-cnv-single-cell-atlas\data\interim\integrated\CNV_inputs\CopyKAT_HVG8000_r0_6\batchwise_micro_all_cells\copykat_microbatch_0174\copykat_genes.tsv	G:\Repository\glioma-cnv-single-cell-atlas\data\interim\integrated\CNV_inputs\CopyKAT_HVG8000_r0_6\batchwise_micro_all_cells\copykat_microbatch_0174\copykat_barcodes.tsv	G:\Repository\glioma-cnv-single-cell-atlas\data\interim\integrated\CNV_inputs\CopyKAT_HVG8000_r0_6\batchwise_micro_all_cells\copykat_microbatch_0174\copykat_cell_metadata.tsv	G:\Repository\glioma-cnv-single-cell-atlas\data\interim\integrated\CNV_inputs\CopyKAT_HVG8000_r0_6\batchwise_micro_all_cells\copykat_microbatch_0174\run_copykat_microbatch_0174.R	G:\Repository\glioma-cnv-single-cell-atlas\data\interim\integrated\CNV_inputs\CopyKAT_HVG8000_r0_6\batchwise_micro_all_cells\copykat_microbatch_0174\copykat_microbatch_0174_prediction.tsv
copykat_microbatch_0175	175	G:\Repository\glioma-cnv-single-cell-atlas\data\interim\integrated\CNV_inputs\CopyKAT_HVG8000_r0_6\batchwise_micro_all_cells\copykat_microbatch_0175	3000	2000	1000	15163	G:\Repository\glioma-cnv-single-cell-atlas\data\interim\integrated\CNV_inputs\CopyKAT_HVG8000_r0_6\batchwise_micro_all_cells\copykat_microbatch_0175\copykat_raw_counts_genes_by_cells.mtx.gz	G:\Repository\glioma-cnv-single-cell-atlas\data\interim\integrated\CNV_inputs\CopyKAT_HVG8000_r0_6\batchwise_micro_all_cells\copykat_microbatch_0175\copykat_raw_counts_genes_by_cells.mtx	G:\Repository\glioma-cnv-single-cell-atlas\data\interim\integrated\CNV_inputs\CopyKAT_HVG8000_r0_6\batchwise_micro_all_cells\copykat_microbatch_0175\copykat_genes.tsv	G:\Repository\glioma-cnv-single-cell-atlas\data\interim\integrated\CNV_inputs\CopyKAT_HVG8000_r0_6\batchwise_micro_all_cells\copykat_microbatch_0175\copykat_barcodes.tsv	G:\Repository\glioma-cnv-single-cell-atlas\data\interim\integrated\CNV_inputs\CopyKAT_HVG8000_r0_6\batchwise_micro_all_cells\copykat_microbatch_0175\copykat_cell_metadata.tsv	G:\Repository\glioma-cnv-single-cell-atlas\data\interim\integrated\CNV_inputs\CopyKAT_HVG8000_r0_6\batchwise_micro_all_cells\copykat_microbatch_0175\run_copykat_microbatch_0175.R	G:\Repository\glioma-cnv-single-cell-atlas\data\interim\integrated\CNV_inputs\CopyKAT_HVG8000_r0_6\batchwise_micro_all_cells\copykat_microbatch_0175\copykat_microbatch_0175_prediction.tsv
copykat_microbatch_0176	176	G:\Repository\glioma-cnv-single-cell-atlas\data\interim\integrated\CNV_inputs\CopyKAT_HVG8000_r0_6\batchwise_micro_all_cells\copykat_microbatch_0176	2393	1427	1000	15163	G:\Repository\glioma-cnv-single-cell-atlas\data\interim\integrated\CNV_inputs\CopyKAT_HVG8000_r0_6\batchwise_micro_all_cells\copykat_microbatch_0176\copykat_raw_counts_genes_by_cells.mtx.gz	G:\Repository\glioma-cnv-single-cell-atlas\data\interim\integrated\CNV_inputs\CopyKAT_HVG8000_r0_6\batchwise_micro_all_cells\copykat_microbatch_0176\copykat_raw_counts_genes_by_cells.mtx	G:\Repository\glioma-cnv-single-cell-atlas\data\interim\integrated\CNV_inputs\CopyKAT_HVG8000_r0_6\batchwise_micro_all_cells\copykat_microbatch_0176\copykat_genes.tsv	G:\Repository\glioma-cnv-single-cell-atlas\data\interim\integrated\CNV_inputs\CopyKAT_HVG8000_r0_6\batchwise_micro_all_cells\copykat_microbatch_0176\copykat_barcodes.tsv	G:\Repository\glioma-cnv-single-cell-atlas\data\interim\integrated\CNV_inputs\CopyKAT_HVG8000_r0_6\batchwise_micro_all_cells\copykat_microbatch_0176\copykat_cell_metadata.tsv	G:\Repository\glioma-cnv-single-cell-atlas\data\interim\integrated\CNV_inputs\CopyKAT_HVG8000_r0_6\batchwise_micro_all_cells\copykat_microbatch_0176\run_copykat_microbatch_0176.R	G:\Repository\glioma-cnv-single-cell-atlas\data\interim\integrated\CNV_inputs\CopyKAT_HVG8000_r0_6\batchwise_micro_all_cells\copykat_microbatch_0176\copykat_microbatch_0176_prediction.tsv
