batch_id	batch_num	target_start_index	target_end_index_exclusive	n_target_cells	n_reference_anchor_cells_requested	n_cells_exported_unique	batch_dir	r_script	expected_prediction
copykat_microbatch_0001	1	0	2000	2000	1000	3000	G:\Repository\glioma-cnv-single-cell-atlas\data\interim\integrated\CNV_inputs\CopyKAT_HVG8000_r0_6\batchwise_micro_all_cells\copykat_microbatch_0001	G:\Repository\glioma-cnv-single-cell-atlas\data\interim\integrated\CNV_inputs\CopyKAT_HVG8000_r0_6\batchwise_micro_all_cells\copykat_microbatch_0001\run_copykat_microbatch_0001.R	G:\Repository\glioma-cnv-single-cell-atlas\data\interim\integrated\CNV_inputs\CopyKAT_HVG8000_r0_6\batchwise_micro_all_cells\copykat_microbatch_0001\copykat_microbatch_0001_prediction.tsv
copykat_microbatch_0002	2	2000	4000	2000	1000	3000	G:\Repository\glioma-cnv-single-cell-atlas\data\interim\integrated\CNV_inputs\CopyKAT_HVG8000_r0_6\batchwise_micro_all_cells\copykat_microbatch_0002	G:\Repository\glioma-cnv-single-cell-atlas\data\interim\integrated\CNV_inputs\CopyKAT_HVG8000_r0_6\batchwise_micro_all_cells\copykat_microbatch_0002\run_copykat_microbatch_0002.R	G:\Repository\glioma-cnv-single-cell-atlas\data\interim\integrated\CNV_inputs\CopyKAT_HVG8000_r0_6\batchwise_micro_all_cells\copykat_microbatch_0002\copykat_microbatch_0002_prediction.tsv
copykat_microbatch_0003	3	4000	6000	2000	1000	2997	G:\Repository\glioma-cnv-single-cell-atlas\data\interim\integrated\CNV_inputs\CopyKAT_HVG8000_r0_6\batchwise_micro_all_cells\copykat_microbatch_0003	G:\Repository\glioma-cnv-single-cell-atlas\data\interim\integrated\CNV_inputs\CopyKAT_HVG8000_r0_6\batchwise_micro_all_cells\copykat_microbatch_0003\run_copykat_microbatch_0003.R	G:\Repository\glioma-cnv-single-cell-atlas\data\interim\integrated\CNV_inputs\CopyKAT_HVG8000_r0_6\batchwise_micro_all_cells\copykat_microbatch_0003\copykat_microbatch_0003_prediction.tsv
copykat_microbatch_0004	4	6000	8000	2000	1000	2996	G:\Repository\glioma-cnv-single-cell-atlas\data\interim\integrated\CNV_inputs\CopyKAT_HVG8000_r0_6\batchwise_micro_all_cells\copykat_microbatch_0004	G:\Repository\glioma-cnv-single-cell-atlas\data\interim\integrated\CNV_inputs\CopyKAT_HVG8000_r0_6\batchwise_micro_all_cells\copykat_microbatch_0004\run_copykat_microbatch_0004.R	G:\Repository\glioma-cnv-single-cell-atlas\data\interim\integrated\CNV_inputs\CopyKAT_HVG8000_r0_6\batchwise_micro_all_cells\copykat_microbatch_0004\copykat_microbatch_0004_prediction.tsv
copykat_microbatch_0005	5	8000	10000	2000	1000	2999	G:\Repository\glioma-cnv-single-cell-atlas\data\interim\integrated\CNV_inputs\CopyKAT_HVG8000_r0_6\batchwise_micro_all_cells\copykat_microbatch_0005	G:\Repository\glioma-cnv-single-cell-atlas\data\interim\integrated\CNV_inputs\CopyKAT_HVG8000_r0_6\batchwise_micro_all_cells\copykat_microbatch_0005\run_copykat_microbatch_0005.R	G:\Repository\glioma-cnv-single-cell-atlas\data\interim\integrated\CNV_inputs\CopyKAT_HVG8000_r0_6\batchwise_micro_all_cells\copykat_microbatch_0005\copykat_microbatch_0005_prediction.tsv
copykat_microbatch_0006	6	10000	12000	2000	1000	2996	G:\Repository\glioma-cnv-single-cell-atlas\data\interim\integrated\CNV_inputs\CopyKAT_HVG8000_r0_6\batchwise_micro_all_cells\copykat_microbatch_0006	G:\Repository\glioma-cnv-single-cell-atlas\data\interim\integrated\CNV_inputs\CopyKAT_HVG8000_r0_6\batchwise_micro_all_cells\copykat_microbatch_0006\run_copykat_microbatch_0006.R	G:\Repository\glioma-cnv-single-cell-atlas\data\interim\integrated\CNV_inputs\CopyKAT_HVG8000_r0_6\batchwise_micro_all_cells\copykat_microbatch_0006\copykat_microbatch_0006_prediction.tsv
copykat_microbatch_0007	7	12000	14000	2000	1000	2988	G:\Repository\glioma-cnv-single-cell-atlas\data\interim\integrated\CNV_inputs\CopyKAT_HVG8000_r0_6\batchwise_micro_all_cells\copykat_microbatch_0007	G:\Repository\glioma-cnv-single-cell-atlas\data\interim\integrated\CNV_inputs\CopyKAT_HVG8000_r0_6\batchwise_micro_all_cells\copykat_microbatch_0007\run_copykat_microbatch_0007.R	G:\Repository\glioma-cnv-single-cell-atlas\data\interim\integrated\CNV_inputs\CopyKAT_HVG8000_r0_6\batchwise_micro_all_cells\copykat_microbatch_0007\copykat_microbatch_0007_prediction.tsv
copykat_microbatch_0008	8	14000	16000	2000	1000	2996	G:\Repository\glioma-cnv-single-cell-atlas\data\interim\integrated\CNV_inputs\CopyKAT_HVG8000_r0_6\batchwise_micro_all_cells\copykat_microbatch_0008	G:\Repository\glioma-cnv-single-cell-atlas\data\interim\integrated\CNV_inputs\CopyKAT_HVG8000_r0_6\batchwise_micro_all_cells\copykat_microbatch_0008\run_copykat_microbatch_0008.R	G:\Repository\glioma-cnv-single-cell-atlas\data\interim\integrated\CNV_inputs\CopyKAT_HVG8000_r0_6\batchwise_micro_all_cells\copykat_microbatch_0008\copykat_microbatch_0008_prediction.tsv
copykat_microbatch_0009	9	16000	18000	2000	1000	2999	G:\Repository\glioma-cnv-single-cell-atlas\data\interim\integrated\CNV_inputs\CopyKAT_HVG8000_r0_6\batchwise_micro_all_cells\copykat_microbatch_0009	G:\Repository\glioma-cnv-single-cell-atlas\data\interim\integrated\CNV_inputs\CopyKAT_HVG8000_r0_6\batchwise_micro_all_cells\copykat_microbatch_0009\run_copykat_microbatch_0009.R	G:\Repository\glioma-cnv-single-cell-atlas\data\interim\integrated\CNV_inputs\CopyKAT_HVG8000_r0_6\batchwise_micro_all_cells\copykat_microbatch_0009\copykat_microbatch_0009_prediction.tsv
copykat_microbatch_0010	10	18000	20000	2000	1000	2998	G:\Repository\glioma-cnv-single-cell-atlas\data\interim\integrated\CNV_inputs\CopyKAT_HVG8000_r0_6\batchwise_micro_all_cells\copykat_microbatch_0010	G:\Repository\glioma-cnv-single-cell-atlas\data\interim\integrated\CNV_inputs\CopyKAT_HVG8000_r0_6\batchwise_micro_all_cells\copykat_microbatch_0010\run_copykat_microbatch_0010.R	G:\Repository\glioma-cnv-single-cell-atlas\data\interim\integrated\CNV_inputs\CopyKAT_HVG8000_r0_6\batchwise_micro_all_cells\copykat_microbatch_0010\copykat_microbatch_0010_prediction.tsv
copykat_microbatch_0011	11	20000	22000	2000	1000	2998	G:\Repository\glioma-cnv-single-cell-atlas\data\interim\integrated\CNV_inputs\CopyKAT_HVG8000_r0_6\batchwise_micro_all_cells\copykat_microbatch_0011	G:\Repository\glioma-cnv-single-cell-atlas\data\interim\integrated\CNV_inputs\CopyKAT_HVG8000_r0_6\batchwise_micro_all_cells\copykat_microbatch_0011\run_copykat_microbatch_0011.R	G:\Repository\glioma-cnv-single-cell-atlas\data\interim\integrated\CNV_inputs\CopyKAT_HVG8000_r0_6\batchwise_micro_all_cells\copykat_microbatch_0011\copykat_microbatch_0011_prediction.tsv
copykat_microbatch_0012	12	22000	24000	2000	1000	2999	G:\Repository\glioma-cnv-single-cell-atlas\data\interim\integrated\CNV_inputs\CopyKAT_HVG8000_r0_6\batchwise_micro_all_cells\copykat_microbatch_0012	G:\Repository\glioma-cnv-single-cell-atlas\data\interim\integrated\CNV_inputs\CopyKAT_HVG8000_r0_6\batchwise_micro_all_cells\copykat_microbatch_0012\run_copykat_microbatch_0012.R	G:\Repository\glioma-cnv-single-cell-atlas\data\interim\integrated\CNV_inputs\CopyKAT_HVG8000_r0_6\batchwise_micro_all_cells\copykat_microbatch_0012\copykat_microbatch_0012_prediction.tsv
copykat_microbatch_0013	13	24000	26000	2000	1000	2994	G:\Repository\glioma-cnv-single-cell-atlas\data\interim\integrated\CNV_inputs\CopyKAT_HVG8000_r0_6\batchwise_micro_all_cells\copykat_microbatch_0013	G:\Repository\glioma-cnv-single-cell-atlas\data\interim\integrated\CNV_inputs\CopyKAT_HVG8000_r0_6\batchwise_micro_all_cells\copykat_microbatch_0013\run_copykat_microbatch_0013.R	G:\Repository\glioma-cnv-single-cell-atlas\data\interim\integrated\CNV_inputs\CopyKAT_HVG8000_r0_6\batchwise_micro_all_cells\copykat_microbatch_0013\copykat_microbatch_0013_prediction.tsv
copykat_microbatch_0014	14	26000	28000	2000	1000	2991	G:\Repository\glioma-cnv-single-cell-atlas\data\interim\integrated\CNV_inputs\CopyKAT_HVG8000_r0_6\batchwise_micro_all_cells\copykat_microbatch_0014	G:\Repository\glioma-cnv-single-cell-atlas\data\interim\integrated\CNV_inputs\CopyKAT_HVG8000_r0_6\batchwise_micro_all_cells\copykat_microbatch_0014\run_copykat_microbatch_0014.R	G:\Repository\glioma-cnv-single-cell-atlas\data\interim\integrated\CNV_inputs\CopyKAT_HVG8000_r0_6\batchwise_micro_all_cells\copykat_microbatch_0014\copykat_microbatch_0014_prediction.tsv
copykat_microbatch_0015	15	28000	30000	2000	1000	2999	G:\Repository\glioma-cnv-single-cell-atlas\data\interim\integrated\CNV_inputs\CopyKAT_HVG8000_r0_6\batchwise_micro_all_cells\copykat_microbatch_0015	G:\Repository\glioma-cnv-single-cell-atlas\data\interim\integrated\CNV_inputs\CopyKAT_HVG8000_r0_6\batchwise_micro_all_cells\copykat_microbatch_0015\run_copykat_microbatch_0015.R	G:\Repository\glioma-cnv-single-cell-atlas\data\interim\integrated\CNV_inputs\CopyKAT_HVG8000_r0_6\batchwise_micro_all_cells\copykat_microbatch_0015\copykat_microbatch_0015_prediction.tsv
copykat_microbatch_0016	16	30000	32000	2000	1000	2999	G:\Repository\glioma-cnv-single-cell-atlas\data\interim\integrated\CNV_inputs\CopyKAT_HVG8000_r0_6\batchwise_micro_all_cells\copykat_microbatch_0016	G:\Repository\glioma-cnv-single-cell-atlas\data\interim\integrated\CNV_inputs\CopyKAT_HVG8000_r0_6\batchwise_micro_all_cells\copykat_microbatch_0016\run_copykat_microbatch_0016.R	G:\Repository\glioma-cnv-single-cell-atlas\data\interim\integrated\CNV_inputs\CopyKAT_HVG8000_r0_6\batchwise_micro_all_cells\copykat_microbatch_0016\copykat_microbatch_0016_prediction.tsv
copykat_microbatch_0017	17	32000	34000	2000	1000	3000	G:\Repository\glioma-cnv-single-cell-atlas\data\interim\integrated\CNV_inputs\CopyKAT_HVG8000_r0_6\batchwise_micro_all_cells\copykat_microbatch_0017	G:\Repository\glioma-cnv-single-cell-atlas\data\interim\integrated\CNV_inputs\CopyKAT_HVG8000_r0_6\batchwise_micro_all_cells\copykat_microbatch_0017\run_copykat_microbatch_0017.R	G:\Repository\glioma-cnv-single-cell-atlas\data\interim\integrated\CNV_inputs\CopyKAT_HVG8000_r0_6\batchwise_micro_all_cells\copykat_microbatch_0017\copykat_microbatch_0017_prediction.tsv
copykat_microbatch_0018	18	34000	36000	2000	1000	2993	G:\Repository\glioma-cnv-single-cell-atlas\data\interim\integrated\CNV_inputs\CopyKAT_HVG8000_r0_6\batchwise_micro_all_cells\copykat_microbatch_0018	G:\Repository\glioma-cnv-single-cell-atlas\data\interim\integrated\CNV_inputs\CopyKAT_HVG8000_r0_6\batchwise_micro_all_cells\copykat_microbatch_0018\run_copykat_microbatch_0018.R	G:\Repository\glioma-cnv-single-cell-atlas\data\interim\integrated\CNV_inputs\CopyKAT_HVG8000_r0_6\batchwise_micro_all_cells\copykat_microbatch_0018\copykat_microbatch_0018_prediction.tsv
copykat_microbatch_0019	19	36000	38000	2000	1000	2999	G:\Repository\glioma-cnv-single-cell-atlas\data\interim\integrated\CNV_inputs\CopyKAT_HVG8000_r0_6\batchwise_micro_all_cells\copykat_microbatch_0019	G:\Repository\glioma-cnv-single-cell-atlas\data\interim\integrated\CNV_inputs\CopyKAT_HVG8000_r0_6\batchwise_micro_all_cells\copykat_microbatch_0019\run_copykat_microbatch_0019.R	G:\Repository\glioma-cnv-single-cell-atlas\data\interim\integrated\CNV_inputs\CopyKAT_HVG8000_r0_6\batchwise_micro_all_cells\copykat_microbatch_0019\copykat_microbatch_0019_prediction.tsv
copykat_microbatch_0020	20	38000	40000	2000	1000	2999	G:\Repository\glioma-cnv-single-cell-atlas\data\interim\integrated\CNV_inputs\CopyKAT_HVG8000_r0_6\batchwise_micro_all_cells\copykat_microbatch_0020	G:\Repository\glioma-cnv-single-cell-atlas\data\interim\integrated\CNV_inputs\CopyKAT_HVG8000_r0_6\batchwise_micro_all_cells\copykat_microbatch_0020\run_copykat_microbatch_0020.R	G:\Repository\glioma-cnv-single-cell-atlas\data\interim\integrated\CNV_inputs\CopyKAT_HVG8000_r0_6\batchwise_micro_all_cells\copykat_microbatch_0020\copykat_microbatch_0020_prediction.tsv
copykat_microbatch_0021	21	40000	42000	2000	1000	2998	G:\Repository\glioma-cnv-single-cell-atlas\data\interim\integrated\CNV_inputs\CopyKAT_HVG8000_r0_6\batchwise_micro_all_cells\copykat_microbatch_0021	G:\Repository\glioma-cnv-single-cell-atlas\data\interim\integrated\CNV_inputs\CopyKAT_HVG8000_r0_6\batchwise_micro_all_cells\copykat_microbatch_0021\run_copykat_microbatch_0021.R	G:\Repository\glioma-cnv-single-cell-atlas\data\interim\integrated\CNV_inputs\CopyKAT_HVG8000_r0_6\batchwise_micro_all_cells\copykat_microbatch_0021\copykat_microbatch_0021_prediction.tsv
copykat_microbatch_0022	22	42000	44000	2000	1000	2979	G:\Repository\glioma-cnv-single-cell-atlas\data\interim\integrated\CNV_inputs\CopyKAT_HVG8000_r0_6\batchwise_micro_all_cells\copykat_microbatch_0022	G:\Repository\glioma-cnv-single-cell-atlas\data\interim\integrated\CNV_inputs\CopyKAT_HVG8000_r0_6\batchwise_micro_all_cells\copykat_microbatch_0022\run_copykat_microbatch_0022.R	G:\Repository\glioma-cnv-single-cell-atlas\data\interim\integrated\CNV_inputs\CopyKAT_HVG8000_r0_6\batchwise_micro_all_cells\copykat_microbatch_0022\copykat_microbatch_0022_prediction.tsv
copykat_microbatch_0023	23	44000	46000	2000	1000	2990	G:\Repository\glioma-cnv-single-cell-atlas\data\interim\integrated\CNV_inputs\CopyKAT_HVG8000_r0_6\batchwise_micro_all_cells\copykat_microbatch_0023	G:\Repository\glioma-cnv-single-cell-atlas\data\interim\integrated\CNV_inputs\CopyKAT_HVG8000_r0_6\batchwise_micro_all_cells\copykat_microbatch_0023\run_copykat_microbatch_0023.R	G:\Repository\glioma-cnv-single-cell-atlas\data\interim\integrated\CNV_inputs\CopyKAT_HVG8000_r0_6\batchwise_micro_all_cells\copykat_microbatch_0023\copykat_microbatch_0023_prediction.tsv
copykat_microbatch_0024	24	46000	48000	2000	1000	2998	G:\Repository\glioma-cnv-single-cell-atlas\data\interim\integrated\CNV_inputs\CopyKAT_HVG8000_r0_6\batchwise_micro_all_cells\copykat_microbatch_0024	G:\Repository\glioma-cnv-single-cell-atlas\data\interim\integrated\CNV_inputs\CopyKAT_HVG8000_r0_6\batchwise_micro_all_cells\copykat_microbatch_0024\run_copykat_microbatch_0024.R	G:\Repository\glioma-cnv-single-cell-atlas\data\interim\integrated\CNV_inputs\CopyKAT_HVG8000_r0_6\batchwise_micro_all_cells\copykat_microbatch_0024\copykat_microbatch_0024_prediction.tsv
copykat_microbatch_0025	25	48000	50000	2000	1000	2998	G:\Repository\glioma-cnv-single-cell-atlas\data\interim\integrated\CNV_inputs\CopyKAT_HVG8000_r0_6\batchwise_micro_all_cells\copykat_microbatch_0025	G:\Repository\glioma-cnv-single-cell-atlas\data\interim\integrated\CNV_inputs\CopyKAT_HVG8000_r0_6\batchwise_micro_all_cells\copykat_microbatch_0025\run_copykat_microbatch_0025.R	G:\Repository\glioma-cnv-single-cell-atlas\data\interim\integrated\CNV_inputs\CopyKAT_HVG8000_r0_6\batchwise_micro_all_cells\copykat_microbatch_0025\copykat_microbatch_0025_prediction.tsv
copykat_microbatch_0026	26	50000	52000	2000	1000	2999	G:\Repository\glioma-cnv-single-cell-atlas\data\interim\integrated\CNV_inputs\CopyKAT_HVG8000_r0_6\batchwise_micro_all_cells\copykat_microbatch_0026	G:\Repository\glioma-cnv-single-cell-atlas\data\interim\integrated\CNV_inputs\CopyKAT_HVG8000_r0_6\batchwise_micro_all_cells\copykat_microbatch_0026\run_copykat_microbatch_0026.R	G:\Repository\glioma-cnv-single-cell-atlas\data\interim\integrated\CNV_inputs\CopyKAT_HVG8000_r0_6\batchwise_micro_all_cells\copykat_microbatch_0026\copykat_microbatch_0026_prediction.tsv
copykat_microbatch_0027	27	52000	54000	2000	1000	2996	G:\Repository\glioma-cnv-single-cell-atlas\data\interim\integrated\CNV_inputs\CopyKAT_HVG8000_r0_6\batchwise_micro_all_cells\copykat_microbatch_0027	G:\Repository\glioma-cnv-single-cell-atlas\data\interim\integrated\CNV_inputs\CopyKAT_HVG8000_r0_6\batchwise_micro_all_cells\copykat_microbatch_0027\run_copykat_microbatch_0027.R	G:\Repository\glioma-cnv-single-cell-atlas\data\interim\integrated\CNV_inputs\CopyKAT_HVG8000_r0_6\batchwise_micro_all_cells\copykat_microbatch_0027\copykat_microbatch_0027_prediction.tsv
copykat_microbatch_0028	28	54000	56000	2000	1000	2999	G:\Repository\glioma-cnv-single-cell-atlas\data\interim\integrated\CNV_inputs\CopyKAT_HVG8000_r0_6\batchwise_micro_all_cells\copykat_microbatch_0028	G:\Repository\glioma-cnv-single-cell-atlas\data\interim\integrated\CNV_inputs\CopyKAT_HVG8000_r0_6\batchwise_micro_all_cells\copykat_microbatch_0028\run_copykat_microbatch_0028.R	G:\Repository\glioma-cnv-single-cell-atlas\data\interim\integrated\CNV_inputs\CopyKAT_HVG8000_r0_6\batchwise_micro_all_cells\copykat_microbatch_0028\copykat_microbatch_0028_prediction.tsv
copykat_microbatch_0029	29	56000	58000	2000	1000	2999	G:\Repository\glioma-cnv-single-cell-atlas\data\interim\integrated\CNV_inputs\CopyKAT_HVG8000_r0_6\batchwise_micro_all_cells\copykat_microbatch_0029	G:\Repository\glioma-cnv-single-cell-atlas\data\interim\integrated\CNV_inputs\CopyKAT_HVG8000_r0_6\batchwise_micro_all_cells\copykat_microbatch_0029\run_copykat_microbatch_0029.R	G:\Repository\glioma-cnv-single-cell-atlas\data\interim\integrated\CNV_inputs\CopyKAT_HVG8000_r0_6\batchwise_micro_all_cells\copykat_microbatch_0029\copykat_microbatch_0029_prediction.tsv
copykat_microbatch_0030	30	58000	60000	2000	1000	2996	G:\Repository\glioma-cnv-single-cell-atlas\data\interim\integrated\CNV_inputs\CopyKAT_HVG8000_r0_6\batchwise_micro_all_cells\copykat_microbatch_0030	G:\Repository\glioma-cnv-single-cell-atlas\data\interim\integrated\CNV_inputs\CopyKAT_HVG8000_r0_6\batchwise_micro_all_cells\copykat_microbatch_0030\run_copykat_microbatch_0030.R	G:\Repository\glioma-cnv-single-cell-atlas\data\interim\integrated\CNV_inputs\CopyKAT_HVG8000_r0_6\batchwise_micro_all_cells\copykat_microbatch_0030\copykat_microbatch_0030_prediction.tsv
copykat_microbatch_0031	31	60000	62000	2000	1000	2995	G:\Repository\glioma-cnv-single-cell-atlas\data\interim\integrated\CNV_inputs\CopyKAT_HVG8000_r0_6\batchwise_micro_all_cells\copykat_microbatch_0031	G:\Repository\glioma-cnv-single-cell-atlas\data\interim\integrated\CNV_inputs\CopyKAT_HVG8000_r0_6\batchwise_micro_all_cells\copykat_microbatch_0031\run_copykat_microbatch_0031.R	G:\Repository\glioma-cnv-single-cell-atlas\data\interim\integrated\CNV_inputs\CopyKAT_HVG8000_r0_6\batchwise_micro_all_cells\copykat_microbatch_0031\copykat_microbatch_0031_prediction.tsv
copykat_microbatch_0032	32	62000	64000	2000	1000	2996	G:\Repository\glioma-cnv-single-cell-atlas\data\interim\integrated\CNV_inputs\CopyKAT_HVG8000_r0_6\batchwise_micro_all_cells\copykat_microbatch_0032	G:\Repository\glioma-cnv-single-cell-atlas\data\interim\integrated\CNV_inputs\CopyKAT_HVG8000_r0_6\batchwise_micro_all_cells\copykat_microbatch_0032\run_copykat_microbatch_0032.R	G:\Repository\glioma-cnv-single-cell-atlas\data\interim\integrated\CNV_inputs\CopyKAT_HVG8000_r0_6\batchwise_micro_all_cells\copykat_microbatch_0032\copykat_microbatch_0032_prediction.tsv
copykat_microbatch_0033	33	64000	66000	2000	1000	2996	G:\Repository\glioma-cnv-single-cell-atlas\data\interim\integrated\CNV_inputs\CopyKAT_HVG8000_r0_6\batchwise_micro_all_cells\copykat_microbatch_0033	G:\Repository\glioma-cnv-single-cell-atlas\data\interim\integrated\CNV_inputs\CopyKAT_HVG8000_r0_6\batchwise_micro_all_cells\copykat_microbatch_0033\run_copykat_microbatch_0033.R	G:\Repository\glioma-cnv-single-cell-atlas\data\interim\integrated\CNV_inputs\CopyKAT_HVG8000_r0_6\batchwise_micro_all_cells\copykat_microbatch_0033\copykat_microbatch_0033_prediction.tsv
copykat_microbatch_0034	34	66000	68000	2000	1000	2992	G:\Repository\glioma-cnv-single-cell-atlas\data\interim\integrated\CNV_inputs\CopyKAT_HVG8000_r0_6\batchwise_micro_all_cells\copykat_microbatch_0034	G:\Repository\glioma-cnv-single-cell-atlas\data\interim\integrated\CNV_inputs\CopyKAT_HVG8000_r0_6\batchwise_micro_all_cells\copykat_microbatch_0034\run_copykat_microbatch_0034.R	G:\Repository\glioma-cnv-single-cell-atlas\data\interim\integrated\CNV_inputs\CopyKAT_HVG8000_r0_6\batchwise_micro_all_cells\copykat_microbatch_0034\copykat_microbatch_0034_prediction.tsv
copykat_microbatch_0035	35	68000	70000	2000	1000	2990	G:\Repository\glioma-cnv-single-cell-atlas\data\interim\integrated\CNV_inputs\CopyKAT_HVG8000_r0_6\batchwise_micro_all_cells\copykat_microbatch_0035	G:\Repository\glioma-cnv-single-cell-atlas\data\interim\integrated\CNV_inputs\CopyKAT_HVG8000_r0_6\batchwise_micro_all_cells\copykat_microbatch_0035\run_copykat_microbatch_0035.R	G:\Repository\glioma-cnv-single-cell-atlas\data\interim\integrated\CNV_inputs\CopyKAT_HVG8000_r0_6\batchwise_micro_all_cells\copykat_microbatch_0035\copykat_microbatch_0035_prediction.tsv
copykat_microbatch_0036	36	70000	72000	2000	1000	2987	G:\Repository\glioma-cnv-single-cell-atlas\data\interim\integrated\CNV_inputs\CopyKAT_HVG8000_r0_6\batchwise_micro_all_cells\copykat_microbatch_0036	G:\Repository\glioma-cnv-single-cell-atlas\data\interim\integrated\CNV_inputs\CopyKAT_HVG8000_r0_6\batchwise_micro_all_cells\copykat_microbatch_0036\run_copykat_microbatch_0036.R	G:\Repository\glioma-cnv-single-cell-atlas\data\interim\integrated\CNV_inputs\CopyKAT_HVG8000_r0_6\batchwise_micro_all_cells\copykat_microbatch_0036\copykat_microbatch_0036_prediction.tsv
copykat_microbatch_0037	37	72000	74000	2000	1000	2999	G:\Repository\glioma-cnv-single-cell-atlas\data\interim\integrated\CNV_inputs\CopyKAT_HVG8000_r0_6\batchwise_micro_all_cells\copykat_microbatch_0037	G:\Repository\glioma-cnv-single-cell-atlas\data\interim\integrated\CNV_inputs\CopyKAT_HVG8000_r0_6\batchwise_micro_all_cells\copykat_microbatch_0037\run_copykat_microbatch_0037.R	G:\Repository\glioma-cnv-single-cell-atlas\data\interim\integrated\CNV_inputs\CopyKAT_HVG8000_r0_6\batchwise_micro_all_cells\copykat_microbatch_0037\copykat_microbatch_0037_prediction.tsv
copykat_microbatch_0038	38	74000	76000	2000	1000	2999	G:\Repository\glioma-cnv-single-cell-atlas\data\interim\integrated\CNV_inputs\CopyKAT_HVG8000_r0_6\batchwise_micro_all_cells\copykat_microbatch_0038	G:\Repository\glioma-cnv-single-cell-atlas\data\interim\integrated\CNV_inputs\CopyKAT_HVG8000_r0_6\batchwise_micro_all_cells\copykat_microbatch_0038\run_copykat_microbatch_0038.R	G:\Repository\glioma-cnv-single-cell-atlas\data\interim\integrated\CNV_inputs\CopyKAT_HVG8000_r0_6\batchwise_micro_all_cells\copykat_microbatch_0038\copykat_microbatch_0038_prediction.tsv
copykat_microbatch_0039	39	76000	78000	2000	1000	3000	G:\Repository\glioma-cnv-single-cell-atlas\data\interim\integrated\CNV_inputs\CopyKAT_HVG8000_r0_6\batchwise_micro_all_cells\copykat_microbatch_0039	G:\Repository\glioma-cnv-single-cell-atlas\data\interim\integrated\CNV_inputs\CopyKAT_HVG8000_r0_6\batchwise_micro_all_cells\copykat_microbatch_0039\run_copykat_microbatch_0039.R	G:\Repository\glioma-cnv-single-cell-atlas\data\interim\integrated\CNV_inputs\CopyKAT_HVG8000_r0_6\batchwise_micro_all_cells\copykat_microbatch_0039\copykat_microbatch_0039_prediction.tsv
copykat_microbatch_0040	40	78000	80000	2000	1000	3000	G:\Repository\glioma-cnv-single-cell-atlas\data\interim\integrated\CNV_inputs\CopyKAT_HVG8000_r0_6\batchwise_micro_all_cells\copykat_microbatch_0040	G:\Repository\glioma-cnv-single-cell-atlas\data\interim\integrated\CNV_inputs\CopyKAT_HVG8000_r0_6\batchwise_micro_all_cells\copykat_microbatch_0040\run_copykat_microbatch_0040.R	G:\Repository\glioma-cnv-single-cell-atlas\data\interim\integrated\CNV_inputs\CopyKAT_HVG8000_r0_6\batchwise_micro_all_cells\copykat_microbatch_0040\copykat_microbatch_0040_prediction.tsv
copykat_microbatch_0041	41	80000	82000	2000	1000	3000	G:\Repository\glioma-cnv-single-cell-atlas\data\interim\integrated\CNV_inputs\CopyKAT_HVG8000_r0_6\batchwise_micro_all_cells\copykat_microbatch_0041	G:\Repository\glioma-cnv-single-cell-atlas\data\interim\integrated\CNV_inputs\CopyKAT_HVG8000_r0_6\batchwise_micro_all_cells\copykat_microbatch_0041\run_copykat_microbatch_0041.R	G:\Repository\glioma-cnv-single-cell-atlas\data\interim\integrated\CNV_inputs\CopyKAT_HVG8000_r0_6\batchwise_micro_all_cells\copykat_microbatch_0041\copykat_microbatch_0041_prediction.tsv
copykat_microbatch_0042	42	82000	84000	2000	1000	3000	G:\Repository\glioma-cnv-single-cell-atlas\data\interim\integrated\CNV_inputs\CopyKAT_HVG8000_r0_6\batchwise_micro_all_cells\copykat_microbatch_0042	G:\Repository\glioma-cnv-single-cell-atlas\data\interim\integrated\CNV_inputs\CopyKAT_HVG8000_r0_6\batchwise_micro_all_cells\copykat_microbatch_0042\run_copykat_microbatch_0042.R	G:\Repository\glioma-cnv-single-cell-atlas\data\interim\integrated\CNV_inputs\CopyKAT_HVG8000_r0_6\batchwise_micro_all_cells\copykat_microbatch_0042\copykat_microbatch_0042_prediction.tsv
copykat_microbatch_0043	43	84000	86000	2000	1000	2999	G:\Repository\glioma-cnv-single-cell-atlas\data\interim\integrated\CNV_inputs\CopyKAT_HVG8000_r0_6\batchwise_micro_all_cells\copykat_microbatch_0043	G:\Repository\glioma-cnv-single-cell-atlas\data\interim\integrated\CNV_inputs\CopyKAT_HVG8000_r0_6\batchwise_micro_all_cells\copykat_microbatch_0043\run_copykat_microbatch_0043.R	G:\Repository\glioma-cnv-single-cell-atlas\data\interim\integrated\CNV_inputs\CopyKAT_HVG8000_r0_6\batchwise_micro_all_cells\copykat_microbatch_0043\copykat_microbatch_0043_prediction.tsv
copykat_microbatch_0044	44	86000	88000	2000	1000	2999	G:\Repository\glioma-cnv-single-cell-atlas\data\interim\integrated\CNV_inputs\CopyKAT_HVG8000_r0_6\batchwise_micro_all_cells\copykat_microbatch_0044	G:\Repository\glioma-cnv-single-cell-atlas\data\interim\integrated\CNV_inputs\CopyKAT_HVG8000_r0_6\batchwise_micro_all_cells\copykat_microbatch_0044\run_copykat_microbatch_0044.R	G:\Repository\glioma-cnv-single-cell-atlas\data\interim\integrated\CNV_inputs\CopyKAT_HVG8000_r0_6\batchwise_micro_all_cells\copykat_microbatch_0044\copykat_microbatch_0044_prediction.tsv
copykat_microbatch_0045	45	88000	90000	2000	1000	3000	G:\Repository\glioma-cnv-single-cell-atlas\data\interim\integrated\CNV_inputs\CopyKAT_HVG8000_r0_6\batchwise_micro_all_cells\copykat_microbatch_0045	G:\Repository\glioma-cnv-single-cell-atlas\data\interim\integrated\CNV_inputs\CopyKAT_HVG8000_r0_6\batchwise_micro_all_cells\copykat_microbatch_0045\run_copykat_microbatch_0045.R	G:\Repository\glioma-cnv-single-cell-atlas\data\interim\integrated\CNV_inputs\CopyKAT_HVG8000_r0_6\batchwise_micro_all_cells\copykat_microbatch_0045\copykat_microbatch_0045_prediction.tsv
copykat_microbatch_0046	46	90000	92000	2000	1000	3000	G:\Repository\glioma-cnv-single-cell-atlas\data\interim\integrated\CNV_inputs\CopyKAT_HVG8000_r0_6\batchwise_micro_all_cells\copykat_microbatch_0046	G:\Repository\glioma-cnv-single-cell-atlas\data\interim\integrated\CNV_inputs\CopyKAT_HVG8000_r0_6\batchwise_micro_all_cells\copykat_microbatch_0046\run_copykat_microbatch_0046.R	G:\Repository\glioma-cnv-single-cell-atlas\data\interim\integrated\CNV_inputs\CopyKAT_HVG8000_r0_6\batchwise_micro_all_cells\copykat_microbatch_0046\copykat_microbatch_0046_prediction.tsv
copykat_microbatch_0047	47	92000	94000	2000	1000	2998	G:\Repository\glioma-cnv-single-cell-atlas\data\interim\integrated\CNV_inputs\CopyKAT_HVG8000_r0_6\batchwise_micro_all_cells\copykat_microbatch_0047	G:\Repository\glioma-cnv-single-cell-atlas\data\interim\integrated\CNV_inputs\CopyKAT_HVG8000_r0_6\batchwise_micro_all_cells\copykat_microbatch_0047\run_copykat_microbatch_0047.R	G:\Repository\glioma-cnv-single-cell-atlas\data\interim\integrated\CNV_inputs\CopyKAT_HVG8000_r0_6\batchwise_micro_all_cells\copykat_microbatch_0047\copykat_microbatch_0047_prediction.tsv
copykat_microbatch_0048	48	94000	96000	2000	1000	2991	G:\Repository\glioma-cnv-single-cell-atlas\data\interim\integrated\CNV_inputs\CopyKAT_HVG8000_r0_6\batchwise_micro_all_cells\copykat_microbatch_0048	G:\Repository\glioma-cnv-single-cell-atlas\data\interim\integrated\CNV_inputs\CopyKAT_HVG8000_r0_6\batchwise_micro_all_cells\copykat_microbatch_0048\run_copykat_microbatch_0048.R	G:\Repository\glioma-cnv-single-cell-atlas\data\interim\integrated\CNV_inputs\CopyKAT_HVG8000_r0_6\batchwise_micro_all_cells\copykat_microbatch_0048\copykat_microbatch_0048_prediction.tsv
copykat_microbatch_0049	49	96000	98000	2000	1000	2987	G:\Repository\glioma-cnv-single-cell-atlas\data\interim\integrated\CNV_inputs\CopyKAT_HVG8000_r0_6\batchwise_micro_all_cells\copykat_microbatch_0049	G:\Repository\glioma-cnv-single-cell-atlas\data\interim\integrated\CNV_inputs\CopyKAT_HVG8000_r0_6\batchwise_micro_all_cells\copykat_microbatch_0049\run_copykat_microbatch_0049.R	G:\Repository\glioma-cnv-single-cell-atlas\data\interim\integrated\CNV_inputs\CopyKAT_HVG8000_r0_6\batchwise_micro_all_cells\copykat_microbatch_0049\copykat_microbatch_0049_prediction.tsv
copykat_microbatch_0050	50	98000	100000	2000	1000	2994	G:\Repository\glioma-cnv-single-cell-atlas\data\interim\integrated\CNV_inputs\CopyKAT_HVG8000_r0_6\batchwise_micro_all_cells\copykat_microbatch_0050	G:\Repository\glioma-cnv-single-cell-atlas\data\interim\integrated\CNV_inputs\CopyKAT_HVG8000_r0_6\batchwise_micro_all_cells\copykat_microbatch_0050\run_copykat_microbatch_0050.R	G:\Repository\glioma-cnv-single-cell-atlas\data\interim\integrated\CNV_inputs\CopyKAT_HVG8000_r0_6\batchwise_micro_all_cells\copykat_microbatch_0050\copykat_microbatch_0050_prediction.tsv
copykat_microbatch_0051	51	100000	102000	2000	1000	2998	G:\Repository\glioma-cnv-single-cell-atlas\data\interim\integrated\CNV_inputs\CopyKAT_HVG8000_r0_6\batchwise_micro_all_cells\copykat_microbatch_0051	G:\Repository\glioma-cnv-single-cell-atlas\data\interim\integrated\CNV_inputs\CopyKAT_HVG8000_r0_6\batchwise_micro_all_cells\copykat_microbatch_0051\run_copykat_microbatch_0051.R	G:\Repository\glioma-cnv-single-cell-atlas\data\interim\integrated\CNV_inputs\CopyKAT_HVG8000_r0_6\batchwise_micro_all_cells\copykat_microbatch_0051\copykat_microbatch_0051_prediction.tsv
copykat_microbatch_0052	52	102000	104000	2000	1000	2999	G:\Repository\glioma-cnv-single-cell-atlas\data\interim\integrated\CNV_inputs\CopyKAT_HVG8000_r0_6\batchwise_micro_all_cells\copykat_microbatch_0052	G:\Repository\glioma-cnv-single-cell-atlas\data\interim\integrated\CNV_inputs\CopyKAT_HVG8000_r0_6\batchwise_micro_all_cells\copykat_microbatch_0052\run_copykat_microbatch_0052.R	G:\Repository\glioma-cnv-single-cell-atlas\data\interim\integrated\CNV_inputs\CopyKAT_HVG8000_r0_6\batchwise_micro_all_cells\copykat_microbatch_0052\copykat_microbatch_0052_prediction.tsv
copykat_microbatch_0053	53	104000	106000	2000	1000	3000	G:\Repository\glioma-cnv-single-cell-atlas\data\interim\integrated\CNV_inputs\CopyKAT_HVG8000_r0_6\batchwise_micro_all_cells\copykat_microbatch_0053	G:\Repository\glioma-cnv-single-cell-atlas\data\interim\integrated\CNV_inputs\CopyKAT_HVG8000_r0_6\batchwise_micro_all_cells\copykat_microbatch_0053\run_copykat_microbatch_0053.R	G:\Repository\glioma-cnv-single-cell-atlas\data\interim\integrated\CNV_inputs\CopyKAT_HVG8000_r0_6\batchwise_micro_all_cells\copykat_microbatch_0053\copykat_microbatch_0053_prediction.tsv
copykat_microbatch_0054	54	106000	108000	2000	1000	3000	G:\Repository\glioma-cnv-single-cell-atlas\data\interim\integrated\CNV_inputs\CopyKAT_HVG8000_r0_6\batchwise_micro_all_cells\copykat_microbatch_0054	G:\Repository\glioma-cnv-single-cell-atlas\data\interim\integrated\CNV_inputs\CopyKAT_HVG8000_r0_6\batchwise_micro_all_cells\copykat_microbatch_0054\run_copykat_microbatch_0054.R	G:\Repository\glioma-cnv-single-cell-atlas\data\interim\integrated\CNV_inputs\CopyKAT_HVG8000_r0_6\batchwise_micro_all_cells\copykat_microbatch_0054\copykat_microbatch_0054_prediction.tsv
copykat_microbatch_0055	55	108000	110000	2000	1000	2998	G:\Repository\glioma-cnv-single-cell-atlas\data\interim\integrated\CNV_inputs\CopyKAT_HVG8000_r0_6\batchwise_micro_all_cells\copykat_microbatch_0055	G:\Repository\glioma-cnv-single-cell-atlas\data\interim\integrated\CNV_inputs\CopyKAT_HVG8000_r0_6\batchwise_micro_all_cells\copykat_microbatch_0055\run_copykat_microbatch_0055.R	G:\Repository\glioma-cnv-single-cell-atlas\data\interim\integrated\CNV_inputs\CopyKAT_HVG8000_r0_6\batchwise_micro_all_cells\copykat_microbatch_0055\copykat_microbatch_0055_prediction.tsv
copykat_microbatch_0056	56	110000	112000	2000	1000	2996	G:\Repository\glioma-cnv-single-cell-atlas\data\interim\integrated\CNV_inputs\CopyKAT_HVG8000_r0_6\batchwise_micro_all_cells\copykat_microbatch_0056	G:\Repository\glioma-cnv-single-cell-atlas\data\interim\integrated\CNV_inputs\CopyKAT_HVG8000_r0_6\batchwise_micro_all_cells\copykat_microbatch_0056\run_copykat_microbatch_0056.R	G:\Repository\glioma-cnv-single-cell-atlas\data\interim\integrated\CNV_inputs\CopyKAT_HVG8000_r0_6\batchwise_micro_all_cells\copykat_microbatch_0056\copykat_microbatch_0056_prediction.tsv
copykat_microbatch_0057	57	112000	114000	2000	1000	3000	G:\Repository\glioma-cnv-single-cell-atlas\data\interim\integrated\CNV_inputs\CopyKAT_HVG8000_r0_6\batchwise_micro_all_cells\copykat_microbatch_0057	G:\Repository\glioma-cnv-single-cell-atlas\data\interim\integrated\CNV_inputs\CopyKAT_HVG8000_r0_6\batchwise_micro_all_cells\copykat_microbatch_0057\run_copykat_microbatch_0057.R	G:\Repository\glioma-cnv-single-cell-atlas\data\interim\integrated\CNV_inputs\CopyKAT_HVG8000_r0_6\batchwise_micro_all_cells\copykat_microbatch_0057\copykat_microbatch_0057_prediction.tsv
copykat_microbatch_0058	58	114000	116000	2000	1000	2998	G:\Repository\glioma-cnv-single-cell-atlas\data\interim\integrated\CNV_inputs\CopyKAT_HVG8000_r0_6\batchwise_micro_all_cells\copykat_microbatch_0058	G:\Repository\glioma-cnv-single-cell-atlas\data\interim\integrated\CNV_inputs\CopyKAT_HVG8000_r0_6\batchwise_micro_all_cells\copykat_microbatch_0058\run_copykat_microbatch_0058.R	G:\Repository\glioma-cnv-single-cell-atlas\data\interim\integrated\CNV_inputs\CopyKAT_HVG8000_r0_6\batchwise_micro_all_cells\copykat_microbatch_0058\copykat_microbatch_0058_prediction.tsv
copykat_microbatch_0059	59	116000	118000	2000	1000	2997	G:\Repository\glioma-cnv-single-cell-atlas\data\interim\integrated\CNV_inputs\CopyKAT_HVG8000_r0_6\batchwise_micro_all_cells\copykat_microbatch_0059	G:\Repository\glioma-cnv-single-cell-atlas\data\interim\integrated\CNV_inputs\CopyKAT_HVG8000_r0_6\batchwise_micro_all_cells\copykat_microbatch_0059\run_copykat_microbatch_0059.R	G:\Repository\glioma-cnv-single-cell-atlas\data\interim\integrated\CNV_inputs\CopyKAT_HVG8000_r0_6\batchwise_micro_all_cells\copykat_microbatch_0059\copykat_microbatch_0059_prediction.tsv
copykat_microbatch_0060	60	118000	120000	2000	1000	3000	G:\Repository\glioma-cnv-single-cell-atlas\data\interim\integrated\CNV_inputs\CopyKAT_HVG8000_r0_6\batchwise_micro_all_cells\copykat_microbatch_0060	G:\Repository\glioma-cnv-single-cell-atlas\data\interim\integrated\CNV_inputs\CopyKAT_HVG8000_r0_6\batchwise_micro_all_cells\copykat_microbatch_0060\run_copykat_microbatch_0060.R	G:\Repository\glioma-cnv-single-cell-atlas\data\interim\integrated\CNV_inputs\CopyKAT_HVG8000_r0_6\batchwise_micro_all_cells\copykat_microbatch_0060\copykat_microbatch_0060_prediction.tsv
copykat_microbatch_0061	61	120000	122000	2000	1000	2998	G:\Repository\glioma-cnv-single-cell-atlas\data\interim\integrated\CNV_inputs\CopyKAT_HVG8000_r0_6\batchwise_micro_all_cells\copykat_microbatch_0061	G:\Repository\glioma-cnv-single-cell-atlas\data\interim\integrated\CNV_inputs\CopyKAT_HVG8000_r0_6\batchwise_micro_all_cells\copykat_microbatch_0061\run_copykat_microbatch_0061.R	G:\Repository\glioma-cnv-single-cell-atlas\data\interim\integrated\CNV_inputs\CopyKAT_HVG8000_r0_6\batchwise_micro_all_cells\copykat_microbatch_0061\copykat_microbatch_0061_prediction.tsv
copykat_microbatch_0062	62	122000	124000	2000	1000	2998	G:\Repository\glioma-cnv-single-cell-atlas\data\interim\integrated\CNV_inputs\CopyKAT_HVG8000_r0_6\batchwise_micro_all_cells\copykat_microbatch_0062	G:\Repository\glioma-cnv-single-cell-atlas\data\interim\integrated\CNV_inputs\CopyKAT_HVG8000_r0_6\batchwise_micro_all_cells\copykat_microbatch_0062\run_copykat_microbatch_0062.R	G:\Repository\glioma-cnv-single-cell-atlas\data\interim\integrated\CNV_inputs\CopyKAT_HVG8000_r0_6\batchwise_micro_all_cells\copykat_microbatch_0062\copykat_microbatch_0062_prediction.tsv
copykat_microbatch_0063	63	124000	126000	2000	1000	2996	G:\Repository\glioma-cnv-single-cell-atlas\data\interim\integrated\CNV_inputs\CopyKAT_HVG8000_r0_6\batchwise_micro_all_cells\copykat_microbatch_0063	G:\Repository\glioma-cnv-single-cell-atlas\data\interim\integrated\CNV_inputs\CopyKAT_HVG8000_r0_6\batchwise_micro_all_cells\copykat_microbatch_0063\run_copykat_microbatch_0063.R	G:\Repository\glioma-cnv-single-cell-atlas\data\interim\integrated\CNV_inputs\CopyKAT_HVG8000_r0_6\batchwise_micro_all_cells\copykat_microbatch_0063\copykat_microbatch_0063_prediction.tsv
copykat_microbatch_0064	64	126000	128000	2000	1000	3000	G:\Repository\glioma-cnv-single-cell-atlas\data\interim\integrated\CNV_inputs\CopyKAT_HVG8000_r0_6\batchwise_micro_all_cells\copykat_microbatch_0064	G:\Repository\glioma-cnv-single-cell-atlas\data\interim\integrated\CNV_inputs\CopyKAT_HVG8000_r0_6\batchwise_micro_all_cells\copykat_microbatch_0064\run_copykat_microbatch_0064.R	G:\Repository\glioma-cnv-single-cell-atlas\data\interim\integrated\CNV_inputs\CopyKAT_HVG8000_r0_6\batchwise_micro_all_cells\copykat_microbatch_0064\copykat_microbatch_0064_prediction.tsv
copykat_microbatch_0065	65	128000	130000	2000	1000	2996	G:\Repository\glioma-cnv-single-cell-atlas\data\interim\integrated\CNV_inputs\CopyKAT_HVG8000_r0_6\batchwise_micro_all_cells\copykat_microbatch_0065	G:\Repository\glioma-cnv-single-cell-atlas\data\interim\integrated\CNV_inputs\CopyKAT_HVG8000_r0_6\batchwise_micro_all_cells\copykat_microbatch_0065\run_copykat_microbatch_0065.R	G:\Repository\glioma-cnv-single-cell-atlas\data\interim\integrated\CNV_inputs\CopyKAT_HVG8000_r0_6\batchwise_micro_all_cells\copykat_microbatch_0065\copykat_microbatch_0065_prediction.tsv
copykat_microbatch_0066	66	130000	132000	2000	1000	2999	G:\Repository\glioma-cnv-single-cell-atlas\data\interim\integrated\CNV_inputs\CopyKAT_HVG8000_r0_6\batchwise_micro_all_cells\copykat_microbatch_0066	G:\Repository\glioma-cnv-single-cell-atlas\data\interim\integrated\CNV_inputs\CopyKAT_HVG8000_r0_6\batchwise_micro_all_cells\copykat_microbatch_0066\run_copykat_microbatch_0066.R	G:\Repository\glioma-cnv-single-cell-atlas\data\interim\integrated\CNV_inputs\CopyKAT_HVG8000_r0_6\batchwise_micro_all_cells\copykat_microbatch_0066\copykat_microbatch_0066_prediction.tsv
copykat_microbatch_0067	67	132000	134000	2000	1000	3000	G:\Repository\glioma-cnv-single-cell-atlas\data\interim\integrated\CNV_inputs\CopyKAT_HVG8000_r0_6\batchwise_micro_all_cells\copykat_microbatch_0067	G:\Repository\glioma-cnv-single-cell-atlas\data\interim\integrated\CNV_inputs\CopyKAT_HVG8000_r0_6\batchwise_micro_all_cells\copykat_microbatch_0067\run_copykat_microbatch_0067.R	G:\Repository\glioma-cnv-single-cell-atlas\data\interim\integrated\CNV_inputs\CopyKAT_HVG8000_r0_6\batchwise_micro_all_cells\copykat_microbatch_0067\copykat_microbatch_0067_prediction.tsv
copykat_microbatch_0068	68	134000	136000	2000	1000	3000	G:\Repository\glioma-cnv-single-cell-atlas\data\interim\integrated\CNV_inputs\CopyKAT_HVG8000_r0_6\batchwise_micro_all_cells\copykat_microbatch_0068	G:\Repository\glioma-cnv-single-cell-atlas\data\interim\integrated\CNV_inputs\CopyKAT_HVG8000_r0_6\batchwise_micro_all_cells\copykat_microbatch_0068\run_copykat_microbatch_0068.R	G:\Repository\glioma-cnv-single-cell-atlas\data\interim\integrated\CNV_inputs\CopyKAT_HVG8000_r0_6\batchwise_micro_all_cells\copykat_microbatch_0068\copykat_microbatch_0068_prediction.tsv
copykat_microbatch_0069	69	136000	138000	2000	1000	3000	G:\Repository\glioma-cnv-single-cell-atlas\data\interim\integrated\CNV_inputs\CopyKAT_HVG8000_r0_6\batchwise_micro_all_cells\copykat_microbatch_0069	G:\Repository\glioma-cnv-single-cell-atlas\data\interim\integrated\CNV_inputs\CopyKAT_HVG8000_r0_6\batchwise_micro_all_cells\copykat_microbatch_0069\run_copykat_microbatch_0069.R	G:\Repository\glioma-cnv-single-cell-atlas\data\interim\integrated\CNV_inputs\CopyKAT_HVG8000_r0_6\batchwise_micro_all_cells\copykat_microbatch_0069\copykat_microbatch_0069_prediction.tsv
copykat_microbatch_0070	70	138000	140000	2000	1000	3000	G:\Repository\glioma-cnv-single-cell-atlas\data\interim\integrated\CNV_inputs\CopyKAT_HVG8000_r0_6\batchwise_micro_all_cells\copykat_microbatch_0070	G:\Repository\glioma-cnv-single-cell-atlas\data\interim\integrated\CNV_inputs\CopyKAT_HVG8000_r0_6\batchwise_micro_all_cells\copykat_microbatch_0070\run_copykat_microbatch_0070.R	G:\Repository\glioma-cnv-single-cell-atlas\data\interim\integrated\CNV_inputs\CopyKAT_HVG8000_r0_6\batchwise_micro_all_cells\copykat_microbatch_0070\copykat_microbatch_0070_prediction.tsv
copykat_microbatch_0071	71	140000	142000	2000	1000	2999	G:\Repository\glioma-cnv-single-cell-atlas\data\interim\integrated\CNV_inputs\CopyKAT_HVG8000_r0_6\batchwise_micro_all_cells\copykat_microbatch_0071	G:\Repository\glioma-cnv-single-cell-atlas\data\interim\integrated\CNV_inputs\CopyKAT_HVG8000_r0_6\batchwise_micro_all_cells\copykat_microbatch_0071\run_copykat_microbatch_0071.R	G:\Repository\glioma-cnv-single-cell-atlas\data\interim\integrated\CNV_inputs\CopyKAT_HVG8000_r0_6\batchwise_micro_all_cells\copykat_microbatch_0071\copykat_microbatch_0071_prediction.tsv
copykat_microbatch_0072	72	142000	144000	2000	1000	2999	G:\Repository\glioma-cnv-single-cell-atlas\data\interim\integrated\CNV_inputs\CopyKAT_HVG8000_r0_6\batchwise_micro_all_cells\copykat_microbatch_0072	G:\Repository\glioma-cnv-single-cell-atlas\data\interim\integrated\CNV_inputs\CopyKAT_HVG8000_r0_6\batchwise_micro_all_cells\copykat_microbatch_0072\run_copykat_microbatch_0072.R	G:\Repository\glioma-cnv-single-cell-atlas\data\interim\integrated\CNV_inputs\CopyKAT_HVG8000_r0_6\batchwise_micro_all_cells\copykat_microbatch_0072\copykat_microbatch_0072_prediction.tsv
copykat_microbatch_0073	73	144000	146000	2000	1000	2998	G:\Repository\glioma-cnv-single-cell-atlas\data\interim\integrated\CNV_inputs\CopyKAT_HVG8000_r0_6\batchwise_micro_all_cells\copykat_microbatch_0073	G:\Repository\glioma-cnv-single-cell-atlas\data\interim\integrated\CNV_inputs\CopyKAT_HVG8000_r0_6\batchwise_micro_all_cells\copykat_microbatch_0073\run_copykat_microbatch_0073.R	G:\Repository\glioma-cnv-single-cell-atlas\data\interim\integrated\CNV_inputs\CopyKAT_HVG8000_r0_6\batchwise_micro_all_cells\copykat_microbatch_0073\copykat_microbatch_0073_prediction.tsv
copykat_microbatch_0074	74	146000	148000	2000	1000	3000	G:\Repository\glioma-cnv-single-cell-atlas\data\interim\integrated\CNV_inputs\CopyKAT_HVG8000_r0_6\batchwise_micro_all_cells\copykat_microbatch_0074	G:\Repository\glioma-cnv-single-cell-atlas\data\interim\integrated\CNV_inputs\CopyKAT_HVG8000_r0_6\batchwise_micro_all_cells\copykat_microbatch_0074\run_copykat_microbatch_0074.R	G:\Repository\glioma-cnv-single-cell-atlas\data\interim\integrated\CNV_inputs\CopyKAT_HVG8000_r0_6\batchwise_micro_all_cells\copykat_microbatch_0074\copykat_microbatch_0074_prediction.tsv
copykat_microbatch_0075	75	148000	150000	2000	1000	2999	G:\Repository\glioma-cnv-single-cell-atlas\data\interim\integrated\CNV_inputs\CopyKAT_HVG8000_r0_6\batchwise_micro_all_cells\copykat_microbatch_0075	G:\Repository\glioma-cnv-single-cell-atlas\data\interim\integrated\CNV_inputs\CopyKAT_HVG8000_r0_6\batchwise_micro_all_cells\copykat_microbatch_0075\run_copykat_microbatch_0075.R	G:\Repository\glioma-cnv-single-cell-atlas\data\interim\integrated\CNV_inputs\CopyKAT_HVG8000_r0_6\batchwise_micro_all_cells\copykat_microbatch_0075\copykat_microbatch_0075_prediction.tsv
copykat_microbatch_0076	76	150000	152000	2000	1000	2998	G:\Repository\glioma-cnv-single-cell-atlas\data\interim\integrated\CNV_inputs\CopyKAT_HVG8000_r0_6\batchwise_micro_all_cells\copykat_microbatch_0076	G:\Repository\glioma-cnv-single-cell-atlas\data\interim\integrated\CNV_inputs\CopyKAT_HVG8000_r0_6\batchwise_micro_all_cells\copykat_microbatch_0076\run_copykat_microbatch_0076.R	G:\Repository\glioma-cnv-single-cell-atlas\data\interim\integrated\CNV_inputs\CopyKAT_HVG8000_r0_6\batchwise_micro_all_cells\copykat_microbatch_0076\copykat_microbatch_0076_prediction.tsv
copykat_microbatch_0077	77	152000	154000	2000	1000	2992	G:\Repository\glioma-cnv-single-cell-atlas\data\interim\integrated\CNV_inputs\CopyKAT_HVG8000_r0_6\batchwise_micro_all_cells\copykat_microbatch_0077	G:\Repository\glioma-cnv-single-cell-atlas\data\interim\integrated\CNV_inputs\CopyKAT_HVG8000_r0_6\batchwise_micro_all_cells\copykat_microbatch_0077\run_copykat_microbatch_0077.R	G:\Repository\glioma-cnv-single-cell-atlas\data\interim\integrated\CNV_inputs\CopyKAT_HVG8000_r0_6\batchwise_micro_all_cells\copykat_microbatch_0077\copykat_microbatch_0077_prediction.tsv
copykat_microbatch_0078	78	154000	156000	2000	1000	2994	G:\Repository\glioma-cnv-single-cell-atlas\data\interim\integrated\CNV_inputs\CopyKAT_HVG8000_r0_6\batchwise_micro_all_cells\copykat_microbatch_0078	G:\Repository\glioma-cnv-single-cell-atlas\data\interim\integrated\CNV_inputs\CopyKAT_HVG8000_r0_6\batchwise_micro_all_cells\copykat_microbatch_0078\run_copykat_microbatch_0078.R	G:\Repository\glioma-cnv-single-cell-atlas\data\interim\integrated\CNV_inputs\CopyKAT_HVG8000_r0_6\batchwise_micro_all_cells\copykat_microbatch_0078\copykat_microbatch_0078_prediction.tsv
copykat_microbatch_0079	79	156000	158000	2000	1000	2998	G:\Repository\glioma-cnv-single-cell-atlas\data\interim\integrated\CNV_inputs\CopyKAT_HVG8000_r0_6\batchwise_micro_all_cells\copykat_microbatch_0079	G:\Repository\glioma-cnv-single-cell-atlas\data\interim\integrated\CNV_inputs\CopyKAT_HVG8000_r0_6\batchwise_micro_all_cells\copykat_microbatch_0079\run_copykat_microbatch_0079.R	G:\Repository\glioma-cnv-single-cell-atlas\data\interim\integrated\CNV_inputs\CopyKAT_HVG8000_r0_6\batchwise_micro_all_cells\copykat_microbatch_0079\copykat_microbatch_0079_prediction.tsv
copykat_microbatch_0080	80	158000	160000	2000	1000	2992	G:\Repository\glioma-cnv-single-cell-atlas\data\interim\integrated\CNV_inputs\CopyKAT_HVG8000_r0_6\batchwise_micro_all_cells\copykat_microbatch_0080	G:\Repository\glioma-cnv-single-cell-atlas\data\interim\integrated\CNV_inputs\CopyKAT_HVG8000_r0_6\batchwise_micro_all_cells\copykat_microbatch_0080\run_copykat_microbatch_0080.R	G:\Repository\glioma-cnv-single-cell-atlas\data\interim\integrated\CNV_inputs\CopyKAT_HVG8000_r0_6\batchwise_micro_all_cells\copykat_microbatch_0080\copykat_microbatch_0080_prediction.tsv
copykat_microbatch_0081	81	160000	162000	2000	1000	2991	G:\Repository\glioma-cnv-single-cell-atlas\data\interim\integrated\CNV_inputs\CopyKAT_HVG8000_r0_6\batchwise_micro_all_cells\copykat_microbatch_0081	G:\Repository\glioma-cnv-single-cell-atlas\data\interim\integrated\CNV_inputs\CopyKAT_HVG8000_r0_6\batchwise_micro_all_cells\copykat_microbatch_0081\run_copykat_microbatch_0081.R	G:\Repository\glioma-cnv-single-cell-atlas\data\interim\integrated\CNV_inputs\CopyKAT_HVG8000_r0_6\batchwise_micro_all_cells\copykat_microbatch_0081\copykat_microbatch_0081_prediction.tsv
copykat_microbatch_0082	82	162000	164000	2000	1000	2984	G:\Repository\glioma-cnv-single-cell-atlas\data\interim\integrated\CNV_inputs\CopyKAT_HVG8000_r0_6\batchwise_micro_all_cells\copykat_microbatch_0082	G:\Repository\glioma-cnv-single-cell-atlas\data\interim\integrated\CNV_inputs\CopyKAT_HVG8000_r0_6\batchwise_micro_all_cells\copykat_microbatch_0082\run_copykat_microbatch_0082.R	G:\Repository\glioma-cnv-single-cell-atlas\data\interim\integrated\CNV_inputs\CopyKAT_HVG8000_r0_6\batchwise_micro_all_cells\copykat_microbatch_0082\copykat_microbatch_0082_prediction.tsv
copykat_microbatch_0083	83	164000	166000	2000	1000	2983	G:\Repository\glioma-cnv-single-cell-atlas\data\interim\integrated\CNV_inputs\CopyKAT_HVG8000_r0_6\batchwise_micro_all_cells\copykat_microbatch_0083	G:\Repository\glioma-cnv-single-cell-atlas\data\interim\integrated\CNV_inputs\CopyKAT_HVG8000_r0_6\batchwise_micro_all_cells\copykat_microbatch_0083\run_copykat_microbatch_0083.R	G:\Repository\glioma-cnv-single-cell-atlas\data\interim\integrated\CNV_inputs\CopyKAT_HVG8000_r0_6\batchwise_micro_all_cells\copykat_microbatch_0083\copykat_microbatch_0083_prediction.tsv
copykat_microbatch_0084	84	166000	168000	2000	1000	2993	G:\Repository\glioma-cnv-single-cell-atlas\data\interim\integrated\CNV_inputs\CopyKAT_HVG8000_r0_6\batchwise_micro_all_cells\copykat_microbatch_0084	G:\Repository\glioma-cnv-single-cell-atlas\data\interim\integrated\CNV_inputs\CopyKAT_HVG8000_r0_6\batchwise_micro_all_cells\copykat_microbatch_0084\run_copykat_microbatch_0084.R	G:\Repository\glioma-cnv-single-cell-atlas\data\interim\integrated\CNV_inputs\CopyKAT_HVG8000_r0_6\batchwise_micro_all_cells\copykat_microbatch_0084\copykat_microbatch_0084_prediction.tsv
copykat_microbatch_0085	85	168000	170000	2000	1000	2990	G:\Repository\glioma-cnv-single-cell-atlas\data\interim\integrated\CNV_inputs\CopyKAT_HVG8000_r0_6\batchwise_micro_all_cells\copykat_microbatch_0085	G:\Repository\glioma-cnv-single-cell-atlas\data\interim\integrated\CNV_inputs\CopyKAT_HVG8000_r0_6\batchwise_micro_all_cells\copykat_microbatch_0085\run_copykat_microbatch_0085.R	G:\Repository\glioma-cnv-single-cell-atlas\data\interim\integrated\CNV_inputs\CopyKAT_HVG8000_r0_6\batchwise_micro_all_cells\copykat_microbatch_0085\copykat_microbatch_0085_prediction.tsv
copykat_microbatch_0086	86	170000	172000	2000	1000	2992	G:\Repository\glioma-cnv-single-cell-atlas\data\interim\integrated\CNV_inputs\CopyKAT_HVG8000_r0_6\batchwise_micro_all_cells\copykat_microbatch_0086	G:\Repository\glioma-cnv-single-cell-atlas\data\interim\integrated\CNV_inputs\CopyKAT_HVG8000_r0_6\batchwise_micro_all_cells\copykat_microbatch_0086\run_copykat_microbatch_0086.R	G:\Repository\glioma-cnv-single-cell-atlas\data\interim\integrated\CNV_inputs\CopyKAT_HVG8000_r0_6\batchwise_micro_all_cells\copykat_microbatch_0086\copykat_microbatch_0086_prediction.tsv
copykat_microbatch_0087	87	172000	174000	2000	1000	2990	G:\Repository\glioma-cnv-single-cell-atlas\data\interim\integrated\CNV_inputs\CopyKAT_HVG8000_r0_6\batchwise_micro_all_cells\copykat_microbatch_0087	G:\Repository\glioma-cnv-single-cell-atlas\data\interim\integrated\CNV_inputs\CopyKAT_HVG8000_r0_6\batchwise_micro_all_cells\copykat_microbatch_0087\run_copykat_microbatch_0087.R	G:\Repository\glioma-cnv-single-cell-atlas\data\interim\integrated\CNV_inputs\CopyKAT_HVG8000_r0_6\batchwise_micro_all_cells\copykat_microbatch_0087\copykat_microbatch_0087_prediction.tsv
copykat_microbatch_0088	88	174000	176000	2000	1000	2990	G:\Repository\glioma-cnv-single-cell-atlas\data\interim\integrated\CNV_inputs\CopyKAT_HVG8000_r0_6\batchwise_micro_all_cells\copykat_microbatch_0088	G:\Repository\glioma-cnv-single-cell-atlas\data\interim\integrated\CNV_inputs\CopyKAT_HVG8000_r0_6\batchwise_micro_all_cells\copykat_microbatch_0088\run_copykat_microbatch_0088.R	G:\Repository\glioma-cnv-single-cell-atlas\data\interim\integrated\CNV_inputs\CopyKAT_HVG8000_r0_6\batchwise_micro_all_cells\copykat_microbatch_0088\copykat_microbatch_0088_prediction.tsv
copykat_microbatch_0089	89	176000	178000	2000	1000	2993	G:\Repository\glioma-cnv-single-cell-atlas\data\interim\integrated\CNV_inputs\CopyKAT_HVG8000_r0_6\batchwise_micro_all_cells\copykat_microbatch_0089	G:\Repository\glioma-cnv-single-cell-atlas\data\interim\integrated\CNV_inputs\CopyKAT_HVG8000_r0_6\batchwise_micro_all_cells\copykat_microbatch_0089\run_copykat_microbatch_0089.R	G:\Repository\glioma-cnv-single-cell-atlas\data\interim\integrated\CNV_inputs\CopyKAT_HVG8000_r0_6\batchwise_micro_all_cells\copykat_microbatch_0089\copykat_microbatch_0089_prediction.tsv
copykat_microbatch_0090	90	178000	180000	2000	1000	2993	G:\Repository\glioma-cnv-single-cell-atlas\data\interim\integrated\CNV_inputs\CopyKAT_HVG8000_r0_6\batchwise_micro_all_cells\copykat_microbatch_0090	G:\Repository\glioma-cnv-single-cell-atlas\data\interim\integrated\CNV_inputs\CopyKAT_HVG8000_r0_6\batchwise_micro_all_cells\copykat_microbatch_0090\run_copykat_microbatch_0090.R	G:\Repository\glioma-cnv-single-cell-atlas\data\interim\integrated\CNV_inputs\CopyKAT_HVG8000_r0_6\batchwise_micro_all_cells\copykat_microbatch_0090\copykat_microbatch_0090_prediction.tsv
copykat_microbatch_0091	91	180000	182000	2000	1000	2995	G:\Repository\glioma-cnv-single-cell-atlas\data\interim\integrated\CNV_inputs\CopyKAT_HVG8000_r0_6\batchwise_micro_all_cells\copykat_microbatch_0091	G:\Repository\glioma-cnv-single-cell-atlas\data\interim\integrated\CNV_inputs\CopyKAT_HVG8000_r0_6\batchwise_micro_all_cells\copykat_microbatch_0091\run_copykat_microbatch_0091.R	G:\Repository\glioma-cnv-single-cell-atlas\data\interim\integrated\CNV_inputs\CopyKAT_HVG8000_r0_6\batchwise_micro_all_cells\copykat_microbatch_0091\copykat_microbatch_0091_prediction.tsv
copykat_microbatch_0092	92	182000	184000	2000	1000	2993	G:\Repository\glioma-cnv-single-cell-atlas\data\interim\integrated\CNV_inputs\CopyKAT_HVG8000_r0_6\batchwise_micro_all_cells\copykat_microbatch_0092	G:\Repository\glioma-cnv-single-cell-atlas\data\interim\integrated\CNV_inputs\CopyKAT_HVG8000_r0_6\batchwise_micro_all_cells\copykat_microbatch_0092\run_copykat_microbatch_0092.R	G:\Repository\glioma-cnv-single-cell-atlas\data\interim\integrated\CNV_inputs\CopyKAT_HVG8000_r0_6\batchwise_micro_all_cells\copykat_microbatch_0092\copykat_microbatch_0092_prediction.tsv
copykat_microbatch_0093	93	184000	186000	2000	1000	2995	G:\Repository\glioma-cnv-single-cell-atlas\data\interim\integrated\CNV_inputs\CopyKAT_HVG8000_r0_6\batchwise_micro_all_cells\copykat_microbatch_0093	G:\Repository\glioma-cnv-single-cell-atlas\data\interim\integrated\CNV_inputs\CopyKAT_HVG8000_r0_6\batchwise_micro_all_cells\copykat_microbatch_0093\run_copykat_microbatch_0093.R	G:\Repository\glioma-cnv-single-cell-atlas\data\interim\integrated\CNV_inputs\CopyKAT_HVG8000_r0_6\batchwise_micro_all_cells\copykat_microbatch_0093\copykat_microbatch_0093_prediction.tsv
copykat_microbatch_0094	94	186000	188000	2000	1000	3000	G:\Repository\glioma-cnv-single-cell-atlas\data\interim\integrated\CNV_inputs\CopyKAT_HVG8000_r0_6\batchwise_micro_all_cells\copykat_microbatch_0094	G:\Repository\glioma-cnv-single-cell-atlas\data\interim\integrated\CNV_inputs\CopyKAT_HVG8000_r0_6\batchwise_micro_all_cells\copykat_microbatch_0094\run_copykat_microbatch_0094.R	G:\Repository\glioma-cnv-single-cell-atlas\data\interim\integrated\CNV_inputs\CopyKAT_HVG8000_r0_6\batchwise_micro_all_cells\copykat_microbatch_0094\copykat_microbatch_0094_prediction.tsv
copykat_microbatch_0095	95	188000	190000	2000	1000	3000	G:\Repository\glioma-cnv-single-cell-atlas\data\interim\integrated\CNV_inputs\CopyKAT_HVG8000_r0_6\batchwise_micro_all_cells\copykat_microbatch_0095	G:\Repository\glioma-cnv-single-cell-atlas\data\interim\integrated\CNV_inputs\CopyKAT_HVG8000_r0_6\batchwise_micro_all_cells\copykat_microbatch_0095\run_copykat_microbatch_0095.R	G:\Repository\glioma-cnv-single-cell-atlas\data\interim\integrated\CNV_inputs\CopyKAT_HVG8000_r0_6\batchwise_micro_all_cells\copykat_microbatch_0095\copykat_microbatch_0095_prediction.tsv
copykat_microbatch_0096	96	190000	192000	2000	1000	3000	G:\Repository\glioma-cnv-single-cell-atlas\data\interim\integrated\CNV_inputs\CopyKAT_HVG8000_r0_6\batchwise_micro_all_cells\copykat_microbatch_0096	G:\Repository\glioma-cnv-single-cell-atlas\data\interim\integrated\CNV_inputs\CopyKAT_HVG8000_r0_6\batchwise_micro_all_cells\copykat_microbatch_0096\run_copykat_microbatch_0096.R	G:\Repository\glioma-cnv-single-cell-atlas\data\interim\integrated\CNV_inputs\CopyKAT_HVG8000_r0_6\batchwise_micro_all_cells\copykat_microbatch_0096\copykat_microbatch_0096_prediction.tsv
copykat_microbatch_0097	97	192000	194000	2000	1000	2999	G:\Repository\glioma-cnv-single-cell-atlas\data\interim\integrated\CNV_inputs\CopyKAT_HVG8000_r0_6\batchwise_micro_all_cells\copykat_microbatch_0097	G:\Repository\glioma-cnv-single-cell-atlas\data\interim\integrated\CNV_inputs\CopyKAT_HVG8000_r0_6\batchwise_micro_all_cells\copykat_microbatch_0097\run_copykat_microbatch_0097.R	G:\Repository\glioma-cnv-single-cell-atlas\data\interim\integrated\CNV_inputs\CopyKAT_HVG8000_r0_6\batchwise_micro_all_cells\copykat_microbatch_0097\copykat_microbatch_0097_prediction.tsv
copykat_microbatch_0098	98	194000	196000	2000	1000	3000	G:\Repository\glioma-cnv-single-cell-atlas\data\interim\integrated\CNV_inputs\CopyKAT_HVG8000_r0_6\batchwise_micro_all_cells\copykat_microbatch_0098	G:\Repository\glioma-cnv-single-cell-atlas\data\interim\integrated\CNV_inputs\CopyKAT_HVG8000_r0_6\batchwise_micro_all_cells\copykat_microbatch_0098\run_copykat_microbatch_0098.R	G:\Repository\glioma-cnv-single-cell-atlas\data\interim\integrated\CNV_inputs\CopyKAT_HVG8000_r0_6\batchwise_micro_all_cells\copykat_microbatch_0098\copykat_microbatch_0098_prediction.tsv
copykat_microbatch_0099	99	196000	198000	2000	1000	2999	G:\Repository\glioma-cnv-single-cell-atlas\data\interim\integrated\CNV_inputs\CopyKAT_HVG8000_r0_6\batchwise_micro_all_cells\copykat_microbatch_0099	G:\Repository\glioma-cnv-single-cell-atlas\data\interim\integrated\CNV_inputs\CopyKAT_HVG8000_r0_6\batchwise_micro_all_cells\copykat_microbatch_0099\run_copykat_microbatch_0099.R	G:\Repository\glioma-cnv-single-cell-atlas\data\interim\integrated\CNV_inputs\CopyKAT_HVG8000_r0_6\batchwise_micro_all_cells\copykat_microbatch_0099\copykat_microbatch_0099_prediction.tsv
copykat_microbatch_0100	100	198000	200000	2000	1000	3000	G:\Repository\glioma-cnv-single-cell-atlas\data\interim\integrated\CNV_inputs\CopyKAT_HVG8000_r0_6\batchwise_micro_all_cells\copykat_microbatch_0100	G:\Repository\glioma-cnv-single-cell-atlas\data\interim\integrated\CNV_inputs\CopyKAT_HVG8000_r0_6\batchwise_micro_all_cells\copykat_microbatch_0100\run_copykat_microbatch_0100.R	G:\Repository\glioma-cnv-single-cell-atlas\data\interim\integrated\CNV_inputs\CopyKAT_HVG8000_r0_6\batchwise_micro_all_cells\copykat_microbatch_0100\copykat_microbatch_0100_prediction.tsv
copykat_microbatch_0101	101	200000	202000	2000	1000	3000	G:\Repository\glioma-cnv-single-cell-atlas\data\interim\integrated\CNV_inputs\CopyKAT_HVG8000_r0_6\batchwise_micro_all_cells\copykat_microbatch_0101	G:\Repository\glioma-cnv-single-cell-atlas\data\interim\integrated\CNV_inputs\CopyKAT_HVG8000_r0_6\batchwise_micro_all_cells\copykat_microbatch_0101\run_copykat_microbatch_0101.R	G:\Repository\glioma-cnv-single-cell-atlas\data\interim\integrated\CNV_inputs\CopyKAT_HVG8000_r0_6\batchwise_micro_all_cells\copykat_microbatch_0101\copykat_microbatch_0101_prediction.tsv
copykat_microbatch_0102	102	202000	204000	2000	1000	2999	G:\Repository\glioma-cnv-single-cell-atlas\data\interim\integrated\CNV_inputs\CopyKAT_HVG8000_r0_6\batchwise_micro_all_cells\copykat_microbatch_0102	G:\Repository\glioma-cnv-single-cell-atlas\data\interim\integrated\CNV_inputs\CopyKAT_HVG8000_r0_6\batchwise_micro_all_cells\copykat_microbatch_0102\run_copykat_microbatch_0102.R	G:\Repository\glioma-cnv-single-cell-atlas\data\interim\integrated\CNV_inputs\CopyKAT_HVG8000_r0_6\batchwise_micro_all_cells\copykat_microbatch_0102\copykat_microbatch_0102_prediction.tsv
copykat_microbatch_0103	103	204000	206000	2000	1000	3000	G:\Repository\glioma-cnv-single-cell-atlas\data\interim\integrated\CNV_inputs\CopyKAT_HVG8000_r0_6\batchwise_micro_all_cells\copykat_microbatch_0103	G:\Repository\glioma-cnv-single-cell-atlas\data\interim\integrated\CNV_inputs\CopyKAT_HVG8000_r0_6\batchwise_micro_all_cells\copykat_microbatch_0103\run_copykat_microbatch_0103.R	G:\Repository\glioma-cnv-single-cell-atlas\data\interim\integrated\CNV_inputs\CopyKAT_HVG8000_r0_6\batchwise_micro_all_cells\copykat_microbatch_0103\copykat_microbatch_0103_prediction.tsv
copykat_microbatch_0104	104	206000	208000	2000	1000	3000	G:\Repository\glioma-cnv-single-cell-atlas\data\interim\integrated\CNV_inputs\CopyKAT_HVG8000_r0_6\batchwise_micro_all_cells\copykat_microbatch_0104	G:\Repository\glioma-cnv-single-cell-atlas\data\interim\integrated\CNV_inputs\CopyKAT_HVG8000_r0_6\batchwise_micro_all_cells\copykat_microbatch_0104\run_copykat_microbatch_0104.R	G:\Repository\glioma-cnv-single-cell-atlas\data\interim\integrated\CNV_inputs\CopyKAT_HVG8000_r0_6\batchwise_micro_all_cells\copykat_microbatch_0104\copykat_microbatch_0104_prediction.tsv
copykat_microbatch_0105	105	208000	210000	2000	1000	3000	G:\Repository\glioma-cnv-single-cell-atlas\data\interim\integrated\CNV_inputs\CopyKAT_HVG8000_r0_6\batchwise_micro_all_cells\copykat_microbatch_0105	G:\Repository\glioma-cnv-single-cell-atlas\data\interim\integrated\CNV_inputs\CopyKAT_HVG8000_r0_6\batchwise_micro_all_cells\copykat_microbatch_0105\run_copykat_microbatch_0105.R	G:\Repository\glioma-cnv-single-cell-atlas\data\interim\integrated\CNV_inputs\CopyKAT_HVG8000_r0_6\batchwise_micro_all_cells\copykat_microbatch_0105\copykat_microbatch_0105_prediction.tsv
copykat_microbatch_0106	106	210000	212000	2000	1000	3000	G:\Repository\glioma-cnv-single-cell-atlas\data\interim\integrated\CNV_inputs\CopyKAT_HVG8000_r0_6\batchwise_micro_all_cells\copykat_microbatch_0106	G:\Repository\glioma-cnv-single-cell-atlas\data\interim\integrated\CNV_inputs\CopyKAT_HVG8000_r0_6\batchwise_micro_all_cells\copykat_microbatch_0106\run_copykat_microbatch_0106.R	G:\Repository\glioma-cnv-single-cell-atlas\data\interim\integrated\CNV_inputs\CopyKAT_HVG8000_r0_6\batchwise_micro_all_cells\copykat_microbatch_0106\copykat_microbatch_0106_prediction.tsv
copykat_microbatch_0107	107	212000	214000	2000	1000	2999	G:\Repository\glioma-cnv-single-cell-atlas\data\interim\integrated\CNV_inputs\CopyKAT_HVG8000_r0_6\batchwise_micro_all_cells\copykat_microbatch_0107	G:\Repository\glioma-cnv-single-cell-atlas\data\interim\integrated\CNV_inputs\CopyKAT_HVG8000_r0_6\batchwise_micro_all_cells\copykat_microbatch_0107\run_copykat_microbatch_0107.R	G:\Repository\glioma-cnv-single-cell-atlas\data\interim\integrated\CNV_inputs\CopyKAT_HVG8000_r0_6\batchwise_micro_all_cells\copykat_microbatch_0107\copykat_microbatch_0107_prediction.tsv
copykat_microbatch_0108	108	214000	216000	2000	1000	2998	G:\Repository\glioma-cnv-single-cell-atlas\data\interim\integrated\CNV_inputs\CopyKAT_HVG8000_r0_6\batchwise_micro_all_cells\copykat_microbatch_0108	G:\Repository\glioma-cnv-single-cell-atlas\data\interim\integrated\CNV_inputs\CopyKAT_HVG8000_r0_6\batchwise_micro_all_cells\copykat_microbatch_0108\run_copykat_microbatch_0108.R	G:\Repository\glioma-cnv-single-cell-atlas\data\interim\integrated\CNV_inputs\CopyKAT_HVG8000_r0_6\batchwise_micro_all_cells\copykat_microbatch_0108\copykat_microbatch_0108_prediction.tsv
copykat_microbatch_0109	109	216000	218000	2000	1000	2995	G:\Repository\glioma-cnv-single-cell-atlas\data\interim\integrated\CNV_inputs\CopyKAT_HVG8000_r0_6\batchwise_micro_all_cells\copykat_microbatch_0109	G:\Repository\glioma-cnv-single-cell-atlas\data\interim\integrated\CNV_inputs\CopyKAT_HVG8000_r0_6\batchwise_micro_all_cells\copykat_microbatch_0109\run_copykat_microbatch_0109.R	G:\Repository\glioma-cnv-single-cell-atlas\data\interim\integrated\CNV_inputs\CopyKAT_HVG8000_r0_6\batchwise_micro_all_cells\copykat_microbatch_0109\copykat_microbatch_0109_prediction.tsv
copykat_microbatch_0110	110	218000	220000	2000	1000	2998	G:\Repository\glioma-cnv-single-cell-atlas\data\interim\integrated\CNV_inputs\CopyKAT_HVG8000_r0_6\batchwise_micro_all_cells\copykat_microbatch_0110	G:\Repository\glioma-cnv-single-cell-atlas\data\interim\integrated\CNV_inputs\CopyKAT_HVG8000_r0_6\batchwise_micro_all_cells\copykat_microbatch_0110\run_copykat_microbatch_0110.R	G:\Repository\glioma-cnv-single-cell-atlas\data\interim\integrated\CNV_inputs\CopyKAT_HVG8000_r0_6\batchwise_micro_all_cells\copykat_microbatch_0110\copykat_microbatch_0110_prediction.tsv
copykat_microbatch_0111	111	220000	222000	2000	1000	3000	G:\Repository\glioma-cnv-single-cell-atlas\data\interim\integrated\CNV_inputs\CopyKAT_HVG8000_r0_6\batchwise_micro_all_cells\copykat_microbatch_0111	G:\Repository\glioma-cnv-single-cell-atlas\data\interim\integrated\CNV_inputs\CopyKAT_HVG8000_r0_6\batchwise_micro_all_cells\copykat_microbatch_0111\run_copykat_microbatch_0111.R	G:\Repository\glioma-cnv-single-cell-atlas\data\interim\integrated\CNV_inputs\CopyKAT_HVG8000_r0_6\batchwise_micro_all_cells\copykat_microbatch_0111\copykat_microbatch_0111_prediction.tsv
copykat_microbatch_0112	112	222000	224000	2000	1000	2999	G:\Repository\glioma-cnv-single-cell-atlas\data\interim\integrated\CNV_inputs\CopyKAT_HVG8000_r0_6\batchwise_micro_all_cells\copykat_microbatch_0112	G:\Repository\glioma-cnv-single-cell-atlas\data\interim\integrated\CNV_inputs\CopyKAT_HVG8000_r0_6\batchwise_micro_all_cells\copykat_microbatch_0112\run_copykat_microbatch_0112.R	G:\Repository\glioma-cnv-single-cell-atlas\data\interim\integrated\CNV_inputs\CopyKAT_HVG8000_r0_6\batchwise_micro_all_cells\copykat_microbatch_0112\copykat_microbatch_0112_prediction.tsv
copykat_microbatch_0113	113	224000	226000	2000	1000	2997	G:\Repository\glioma-cnv-single-cell-atlas\data\interim\integrated\CNV_inputs\CopyKAT_HVG8000_r0_6\batchwise_micro_all_cells\copykat_microbatch_0113	G:\Repository\glioma-cnv-single-cell-atlas\data\interim\integrated\CNV_inputs\CopyKAT_HVG8000_r0_6\batchwise_micro_all_cells\copykat_microbatch_0113\run_copykat_microbatch_0113.R	G:\Repository\glioma-cnv-single-cell-atlas\data\interim\integrated\CNV_inputs\CopyKAT_HVG8000_r0_6\batchwise_micro_all_cells\copykat_microbatch_0113\copykat_microbatch_0113_prediction.tsv
copykat_microbatch_0114	114	226000	228000	2000	1000	2997	G:\Repository\glioma-cnv-single-cell-atlas\data\interim\integrated\CNV_inputs\CopyKAT_HVG8000_r0_6\batchwise_micro_all_cells\copykat_microbatch_0114	G:\Repository\glioma-cnv-single-cell-atlas\data\interim\integrated\CNV_inputs\CopyKAT_HVG8000_r0_6\batchwise_micro_all_cells\copykat_microbatch_0114\run_copykat_microbatch_0114.R	G:\Repository\glioma-cnv-single-cell-atlas\data\interim\integrated\CNV_inputs\CopyKAT_HVG8000_r0_6\batchwise_micro_all_cells\copykat_microbatch_0114\copykat_microbatch_0114_prediction.tsv
copykat_microbatch_0115	115	228000	230000	2000	1000	2989	G:\Repository\glioma-cnv-single-cell-atlas\data\interim\integrated\CNV_inputs\CopyKAT_HVG8000_r0_6\batchwise_micro_all_cells\copykat_microbatch_0115	G:\Repository\glioma-cnv-single-cell-atlas\data\interim\integrated\CNV_inputs\CopyKAT_HVG8000_r0_6\batchwise_micro_all_cells\copykat_microbatch_0115\run_copykat_microbatch_0115.R	G:\Repository\glioma-cnv-single-cell-atlas\data\interim\integrated\CNV_inputs\CopyKAT_HVG8000_r0_6\batchwise_micro_all_cells\copykat_microbatch_0115\copykat_microbatch_0115_prediction.tsv
copykat_microbatch_0116	116	230000	232000	2000	1000	2993	G:\Repository\glioma-cnv-single-cell-atlas\data\interim\integrated\CNV_inputs\CopyKAT_HVG8000_r0_6\batchwise_micro_all_cells\copykat_microbatch_0116	G:\Repository\glioma-cnv-single-cell-atlas\data\interim\integrated\CNV_inputs\CopyKAT_HVG8000_r0_6\batchwise_micro_all_cells\copykat_microbatch_0116\run_copykat_microbatch_0116.R	G:\Repository\glioma-cnv-single-cell-atlas\data\interim\integrated\CNV_inputs\CopyKAT_HVG8000_r0_6\batchwise_micro_all_cells\copykat_microbatch_0116\copykat_microbatch_0116_prediction.tsv
copykat_microbatch_0117	117	232000	234000	2000	1000	2991	G:\Repository\glioma-cnv-single-cell-atlas\data\interim\integrated\CNV_inputs\CopyKAT_HVG8000_r0_6\batchwise_micro_all_cells\copykat_microbatch_0117	G:\Repository\glioma-cnv-single-cell-atlas\data\interim\integrated\CNV_inputs\CopyKAT_HVG8000_r0_6\batchwise_micro_all_cells\copykat_microbatch_0117\run_copykat_microbatch_0117.R	G:\Repository\glioma-cnv-single-cell-atlas\data\interim\integrated\CNV_inputs\CopyKAT_HVG8000_r0_6\batchwise_micro_all_cells\copykat_microbatch_0117\copykat_microbatch_0117_prediction.tsv
copykat_microbatch_0118	118	234000	236000	2000	1000	2994	G:\Repository\glioma-cnv-single-cell-atlas\data\interim\integrated\CNV_inputs\CopyKAT_HVG8000_r0_6\batchwise_micro_all_cells\copykat_microbatch_0118	G:\Repository\glioma-cnv-single-cell-atlas\data\interim\integrated\CNV_inputs\CopyKAT_HVG8000_r0_6\batchwise_micro_all_cells\copykat_microbatch_0118\run_copykat_microbatch_0118.R	G:\Repository\glioma-cnv-single-cell-atlas\data\interim\integrated\CNV_inputs\CopyKAT_HVG8000_r0_6\batchwise_micro_all_cells\copykat_microbatch_0118\copykat_microbatch_0118_prediction.tsv
copykat_microbatch_0119	119	236000	238000	2000	1000	2992	G:\Repository\glioma-cnv-single-cell-atlas\data\interim\integrated\CNV_inputs\CopyKAT_HVG8000_r0_6\batchwise_micro_all_cells\copykat_microbatch_0119	G:\Repository\glioma-cnv-single-cell-atlas\data\interim\integrated\CNV_inputs\CopyKAT_HVG8000_r0_6\batchwise_micro_all_cells\copykat_microbatch_0119\run_copykat_microbatch_0119.R	G:\Repository\glioma-cnv-single-cell-atlas\data\interim\integrated\CNV_inputs\CopyKAT_HVG8000_r0_6\batchwise_micro_all_cells\copykat_microbatch_0119\copykat_microbatch_0119_prediction.tsv
copykat_microbatch_0120	120	238000	240000	2000	1000	2997	G:\Repository\glioma-cnv-single-cell-atlas\data\interim\integrated\CNV_inputs\CopyKAT_HVG8000_r0_6\batchwise_micro_all_cells\copykat_microbatch_0120	G:\Repository\glioma-cnv-single-cell-atlas\data\interim\integrated\CNV_inputs\CopyKAT_HVG8000_r0_6\batchwise_micro_all_cells\copykat_microbatch_0120\run_copykat_microbatch_0120.R	G:\Repository\glioma-cnv-single-cell-atlas\data\interim\integrated\CNV_inputs\CopyKAT_HVG8000_r0_6\batchwise_micro_all_cells\copykat_microbatch_0120\copykat_microbatch_0120_prediction.tsv
copykat_microbatch_0121	121	240000	242000	2000	1000	2995	G:\Repository\glioma-cnv-single-cell-atlas\data\interim\integrated\CNV_inputs\CopyKAT_HVG8000_r0_6\batchwise_micro_all_cells\copykat_microbatch_0121	G:\Repository\glioma-cnv-single-cell-atlas\data\interim\integrated\CNV_inputs\CopyKAT_HVG8000_r0_6\batchwise_micro_all_cells\copykat_microbatch_0121\run_copykat_microbatch_0121.R	G:\Repository\glioma-cnv-single-cell-atlas\data\interim\integrated\CNV_inputs\CopyKAT_HVG8000_r0_6\batchwise_micro_all_cells\copykat_microbatch_0121\copykat_microbatch_0121_prediction.tsv
copykat_microbatch_0122	122	242000	244000	2000	1000	2997	G:\Repository\glioma-cnv-single-cell-atlas\data\interim\integrated\CNV_inputs\CopyKAT_HVG8000_r0_6\batchwise_micro_all_cells\copykat_microbatch_0122	G:\Repository\glioma-cnv-single-cell-atlas\data\interim\integrated\CNV_inputs\CopyKAT_HVG8000_r0_6\batchwise_micro_all_cells\copykat_microbatch_0122\run_copykat_microbatch_0122.R	G:\Repository\glioma-cnv-single-cell-atlas\data\interim\integrated\CNV_inputs\CopyKAT_HVG8000_r0_6\batchwise_micro_all_cells\copykat_microbatch_0122\copykat_microbatch_0122_prediction.tsv
copykat_microbatch_0123	123	244000	246000	2000	1000	2994	G:\Repository\glioma-cnv-single-cell-atlas\data\interim\integrated\CNV_inputs\CopyKAT_HVG8000_r0_6\batchwise_micro_all_cells\copykat_microbatch_0123	G:\Repository\glioma-cnv-single-cell-atlas\data\interim\integrated\CNV_inputs\CopyKAT_HVG8000_r0_6\batchwise_micro_all_cells\copykat_microbatch_0123\run_copykat_microbatch_0123.R	G:\Repository\glioma-cnv-single-cell-atlas\data\interim\integrated\CNV_inputs\CopyKAT_HVG8000_r0_6\batchwise_micro_all_cells\copykat_microbatch_0123\copykat_microbatch_0123_prediction.tsv
copykat_microbatch_0124	124	246000	248000	2000	1000	2996	G:\Repository\glioma-cnv-single-cell-atlas\data\interim\integrated\CNV_inputs\CopyKAT_HVG8000_r0_6\batchwise_micro_all_cells\copykat_microbatch_0124	G:\Repository\glioma-cnv-single-cell-atlas\data\interim\integrated\CNV_inputs\CopyKAT_HVG8000_r0_6\batchwise_micro_all_cells\copykat_microbatch_0124\run_copykat_microbatch_0124.R	G:\Repository\glioma-cnv-single-cell-atlas\data\interim\integrated\CNV_inputs\CopyKAT_HVG8000_r0_6\batchwise_micro_all_cells\copykat_microbatch_0124\copykat_microbatch_0124_prediction.tsv
copykat_microbatch_0125	125	248000	250000	2000	1000	2993	G:\Repository\glioma-cnv-single-cell-atlas\data\interim\integrated\CNV_inputs\CopyKAT_HVG8000_r0_6\batchwise_micro_all_cells\copykat_microbatch_0125	G:\Repository\glioma-cnv-single-cell-atlas\data\interim\integrated\CNV_inputs\CopyKAT_HVG8000_r0_6\batchwise_micro_all_cells\copykat_microbatch_0125\run_copykat_microbatch_0125.R	G:\Repository\glioma-cnv-single-cell-atlas\data\interim\integrated\CNV_inputs\CopyKAT_HVG8000_r0_6\batchwise_micro_all_cells\copykat_microbatch_0125\copykat_microbatch_0125_prediction.tsv
copykat_microbatch_0126	126	250000	252000	2000	1000	2990	G:\Repository\glioma-cnv-single-cell-atlas\data\interim\integrated\CNV_inputs\CopyKAT_HVG8000_r0_6\batchwise_micro_all_cells\copykat_microbatch_0126	G:\Repository\glioma-cnv-single-cell-atlas\data\interim\integrated\CNV_inputs\CopyKAT_HVG8000_r0_6\batchwise_micro_all_cells\copykat_microbatch_0126\run_copykat_microbatch_0126.R	G:\Repository\glioma-cnv-single-cell-atlas\data\interim\integrated\CNV_inputs\CopyKAT_HVG8000_r0_6\batchwise_micro_all_cells\copykat_microbatch_0126\copykat_microbatch_0126_prediction.tsv
copykat_microbatch_0127	127	252000	254000	2000	1000	2984	G:\Repository\glioma-cnv-single-cell-atlas\data\interim\integrated\CNV_inputs\CopyKAT_HVG8000_r0_6\batchwise_micro_all_cells\copykat_microbatch_0127	G:\Repository\glioma-cnv-single-cell-atlas\data\interim\integrated\CNV_inputs\CopyKAT_HVG8000_r0_6\batchwise_micro_all_cells\copykat_microbatch_0127\run_copykat_microbatch_0127.R	G:\Repository\glioma-cnv-single-cell-atlas\data\interim\integrated\CNV_inputs\CopyKAT_HVG8000_r0_6\batchwise_micro_all_cells\copykat_microbatch_0127\copykat_microbatch_0127_prediction.tsv
copykat_microbatch_0128	128	254000	256000	2000	1000	2978	G:\Repository\glioma-cnv-single-cell-atlas\data\interim\integrated\CNV_inputs\CopyKAT_HVG8000_r0_6\batchwise_micro_all_cells\copykat_microbatch_0128	G:\Repository\glioma-cnv-single-cell-atlas\data\interim\integrated\CNV_inputs\CopyKAT_HVG8000_r0_6\batchwise_micro_all_cells\copykat_microbatch_0128\run_copykat_microbatch_0128.R	G:\Repository\glioma-cnv-single-cell-atlas\data\interim\integrated\CNV_inputs\CopyKAT_HVG8000_r0_6\batchwise_micro_all_cells\copykat_microbatch_0128\copykat_microbatch_0128_prediction.tsv
copykat_microbatch_0129	129	256000	258000	2000	1000	2980	G:\Repository\glioma-cnv-single-cell-atlas\data\interim\integrated\CNV_inputs\CopyKAT_HVG8000_r0_6\batchwise_micro_all_cells\copykat_microbatch_0129	G:\Repository\glioma-cnv-single-cell-atlas\data\interim\integrated\CNV_inputs\CopyKAT_HVG8000_r0_6\batchwise_micro_all_cells\copykat_microbatch_0129\run_copykat_microbatch_0129.R	G:\Repository\glioma-cnv-single-cell-atlas\data\interim\integrated\CNV_inputs\CopyKAT_HVG8000_r0_6\batchwise_micro_all_cells\copykat_microbatch_0129\copykat_microbatch_0129_prediction.tsv
copykat_microbatch_0130	130	258000	260000	2000	1000	2999	G:\Repository\glioma-cnv-single-cell-atlas\data\interim\integrated\CNV_inputs\CopyKAT_HVG8000_r0_6\batchwise_micro_all_cells\copykat_microbatch_0130	G:\Repository\glioma-cnv-single-cell-atlas\data\interim\integrated\CNV_inputs\CopyKAT_HVG8000_r0_6\batchwise_micro_all_cells\copykat_microbatch_0130\run_copykat_microbatch_0130.R	G:\Repository\glioma-cnv-single-cell-atlas\data\interim\integrated\CNV_inputs\CopyKAT_HVG8000_r0_6\batchwise_micro_all_cells\copykat_microbatch_0130\copykat_microbatch_0130_prediction.tsv
copykat_microbatch_0131	131	260000	262000	2000	1000	2999	G:\Repository\glioma-cnv-single-cell-atlas\data\interim\integrated\CNV_inputs\CopyKAT_HVG8000_r0_6\batchwise_micro_all_cells\copykat_microbatch_0131	G:\Repository\glioma-cnv-single-cell-atlas\data\interim\integrated\CNV_inputs\CopyKAT_HVG8000_r0_6\batchwise_micro_all_cells\copykat_microbatch_0131\run_copykat_microbatch_0131.R	G:\Repository\glioma-cnv-single-cell-atlas\data\interim\integrated\CNV_inputs\CopyKAT_HVG8000_r0_6\batchwise_micro_all_cells\copykat_microbatch_0131\copykat_microbatch_0131_prediction.tsv
copykat_microbatch_0132	132	262000	264000	2000	1000	3000	G:\Repository\glioma-cnv-single-cell-atlas\data\interim\integrated\CNV_inputs\CopyKAT_HVG8000_r0_6\batchwise_micro_all_cells\copykat_microbatch_0132	G:\Repository\glioma-cnv-single-cell-atlas\data\interim\integrated\CNV_inputs\CopyKAT_HVG8000_r0_6\batchwise_micro_all_cells\copykat_microbatch_0132\run_copykat_microbatch_0132.R	G:\Repository\glioma-cnv-single-cell-atlas\data\interim\integrated\CNV_inputs\CopyKAT_HVG8000_r0_6\batchwise_micro_all_cells\copykat_microbatch_0132\copykat_microbatch_0132_prediction.tsv
copykat_microbatch_0133	133	264000	266000	2000	1000	3000	G:\Repository\glioma-cnv-single-cell-atlas\data\interim\integrated\CNV_inputs\CopyKAT_HVG8000_r0_6\batchwise_micro_all_cells\copykat_microbatch_0133	G:\Repository\glioma-cnv-single-cell-atlas\data\interim\integrated\CNV_inputs\CopyKAT_HVG8000_r0_6\batchwise_micro_all_cells\copykat_microbatch_0133\run_copykat_microbatch_0133.R	G:\Repository\glioma-cnv-single-cell-atlas\data\interim\integrated\CNV_inputs\CopyKAT_HVG8000_r0_6\batchwise_micro_all_cells\copykat_microbatch_0133\copykat_microbatch_0133_prediction.tsv
copykat_microbatch_0134	134	266000	268000	2000	1000	3000	G:\Repository\glioma-cnv-single-cell-atlas\data\interim\integrated\CNV_inputs\CopyKAT_HVG8000_r0_6\batchwise_micro_all_cells\copykat_microbatch_0134	G:\Repository\glioma-cnv-single-cell-atlas\data\interim\integrated\CNV_inputs\CopyKAT_HVG8000_r0_6\batchwise_micro_all_cells\copykat_microbatch_0134\run_copykat_microbatch_0134.R	G:\Repository\glioma-cnv-single-cell-atlas\data\interim\integrated\CNV_inputs\CopyKAT_HVG8000_r0_6\batchwise_micro_all_cells\copykat_microbatch_0134\copykat_microbatch_0134_prediction.tsv
copykat_microbatch_0135	135	268000	270000	2000	1000	3000	G:\Repository\glioma-cnv-single-cell-atlas\data\interim\integrated\CNV_inputs\CopyKAT_HVG8000_r0_6\batchwise_micro_all_cells\copykat_microbatch_0135	G:\Repository\glioma-cnv-single-cell-atlas\data\interim\integrated\CNV_inputs\CopyKAT_HVG8000_r0_6\batchwise_micro_all_cells\copykat_microbatch_0135\run_copykat_microbatch_0135.R	G:\Repository\glioma-cnv-single-cell-atlas\data\interim\integrated\CNV_inputs\CopyKAT_HVG8000_r0_6\batchwise_micro_all_cells\copykat_microbatch_0135\copykat_microbatch_0135_prediction.tsv
copykat_microbatch_0136	136	270000	272000	2000	1000	2998	G:\Repository\glioma-cnv-single-cell-atlas\data\interim\integrated\CNV_inputs\CopyKAT_HVG8000_r0_6\batchwise_micro_all_cells\copykat_microbatch_0136	G:\Repository\glioma-cnv-single-cell-atlas\data\interim\integrated\CNV_inputs\CopyKAT_HVG8000_r0_6\batchwise_micro_all_cells\copykat_microbatch_0136\run_copykat_microbatch_0136.R	G:\Repository\glioma-cnv-single-cell-atlas\data\interim\integrated\CNV_inputs\CopyKAT_HVG8000_r0_6\batchwise_micro_all_cells\copykat_microbatch_0136\copykat_microbatch_0136_prediction.tsv
copykat_microbatch_0137	137	272000	274000	2000	1000	2999	G:\Repository\glioma-cnv-single-cell-atlas\data\interim\integrated\CNV_inputs\CopyKAT_HVG8000_r0_6\batchwise_micro_all_cells\copykat_microbatch_0137	G:\Repository\glioma-cnv-single-cell-atlas\data\interim\integrated\CNV_inputs\CopyKAT_HVG8000_r0_6\batchwise_micro_all_cells\copykat_microbatch_0137\run_copykat_microbatch_0137.R	G:\Repository\glioma-cnv-single-cell-atlas\data\interim\integrated\CNV_inputs\CopyKAT_HVG8000_r0_6\batchwise_micro_all_cells\copykat_microbatch_0137\copykat_microbatch_0137_prediction.tsv
copykat_microbatch_0138	138	274000	276000	2000	1000	2999	G:\Repository\glioma-cnv-single-cell-atlas\data\interim\integrated\CNV_inputs\CopyKAT_HVG8000_r0_6\batchwise_micro_all_cells\copykat_microbatch_0138	G:\Repository\glioma-cnv-single-cell-atlas\data\interim\integrated\CNV_inputs\CopyKAT_HVG8000_r0_6\batchwise_micro_all_cells\copykat_microbatch_0138\run_copykat_microbatch_0138.R	G:\Repository\glioma-cnv-single-cell-atlas\data\interim\integrated\CNV_inputs\CopyKAT_HVG8000_r0_6\batchwise_micro_all_cells\copykat_microbatch_0138\copykat_microbatch_0138_prediction.tsv
copykat_microbatch_0139	139	276000	278000	2000	1000	2998	G:\Repository\glioma-cnv-single-cell-atlas\data\interim\integrated\CNV_inputs\CopyKAT_HVG8000_r0_6\batchwise_micro_all_cells\copykat_microbatch_0139	G:\Repository\glioma-cnv-single-cell-atlas\data\interim\integrated\CNV_inputs\CopyKAT_HVG8000_r0_6\batchwise_micro_all_cells\copykat_microbatch_0139\run_copykat_microbatch_0139.R	G:\Repository\glioma-cnv-single-cell-atlas\data\interim\integrated\CNV_inputs\CopyKAT_HVG8000_r0_6\batchwise_micro_all_cells\copykat_microbatch_0139\copykat_microbatch_0139_prediction.tsv
copykat_microbatch_0140	140	278000	280000	2000	1000	2988	G:\Repository\glioma-cnv-single-cell-atlas\data\interim\integrated\CNV_inputs\CopyKAT_HVG8000_r0_6\batchwise_micro_all_cells\copykat_microbatch_0140	G:\Repository\glioma-cnv-single-cell-atlas\data\interim\integrated\CNV_inputs\CopyKAT_HVG8000_r0_6\batchwise_micro_all_cells\copykat_microbatch_0140\run_copykat_microbatch_0140.R	G:\Repository\glioma-cnv-single-cell-atlas\data\interim\integrated\CNV_inputs\CopyKAT_HVG8000_r0_6\batchwise_micro_all_cells\copykat_microbatch_0140\copykat_microbatch_0140_prediction.tsv
copykat_microbatch_0141	141	280000	282000	2000	1000	3000	G:\Repository\glioma-cnv-single-cell-atlas\data\interim\integrated\CNV_inputs\CopyKAT_HVG8000_r0_6\batchwise_micro_all_cells\copykat_microbatch_0141	G:\Repository\glioma-cnv-single-cell-atlas\data\interim\integrated\CNV_inputs\CopyKAT_HVG8000_r0_6\batchwise_micro_all_cells\copykat_microbatch_0141\run_copykat_microbatch_0141.R	G:\Repository\glioma-cnv-single-cell-atlas\data\interim\integrated\CNV_inputs\CopyKAT_HVG8000_r0_6\batchwise_micro_all_cells\copykat_microbatch_0141\copykat_microbatch_0141_prediction.tsv
copykat_microbatch_0142	142	282000	284000	2000	1000	3000	G:\Repository\glioma-cnv-single-cell-atlas\data\interim\integrated\CNV_inputs\CopyKAT_HVG8000_r0_6\batchwise_micro_all_cells\copykat_microbatch_0142	G:\Repository\glioma-cnv-single-cell-atlas\data\interim\integrated\CNV_inputs\CopyKAT_HVG8000_r0_6\batchwise_micro_all_cells\copykat_microbatch_0142\run_copykat_microbatch_0142.R	G:\Repository\glioma-cnv-single-cell-atlas\data\interim\integrated\CNV_inputs\CopyKAT_HVG8000_r0_6\batchwise_micro_all_cells\copykat_microbatch_0142\copykat_microbatch_0142_prediction.tsv
copykat_microbatch_0143	143	284000	286000	2000	1000	2988	G:\Repository\glioma-cnv-single-cell-atlas\data\interim\integrated\CNV_inputs\CopyKAT_HVG8000_r0_6\batchwise_micro_all_cells\copykat_microbatch_0143	G:\Repository\glioma-cnv-single-cell-atlas\data\interim\integrated\CNV_inputs\CopyKAT_HVG8000_r0_6\batchwise_micro_all_cells\copykat_microbatch_0143\run_copykat_microbatch_0143.R	G:\Repository\glioma-cnv-single-cell-atlas\data\interim\integrated\CNV_inputs\CopyKAT_HVG8000_r0_6\batchwise_micro_all_cells\copykat_microbatch_0143\copykat_microbatch_0143_prediction.tsv
copykat_microbatch_0144	144	286000	288000	2000	1000	2999	G:\Repository\glioma-cnv-single-cell-atlas\data\interim\integrated\CNV_inputs\CopyKAT_HVG8000_r0_6\batchwise_micro_all_cells\copykat_microbatch_0144	G:\Repository\glioma-cnv-single-cell-atlas\data\interim\integrated\CNV_inputs\CopyKAT_HVG8000_r0_6\batchwise_micro_all_cells\copykat_microbatch_0144\run_copykat_microbatch_0144.R	G:\Repository\glioma-cnv-single-cell-atlas\data\interim\integrated\CNV_inputs\CopyKAT_HVG8000_r0_6\batchwise_micro_all_cells\copykat_microbatch_0144\copykat_microbatch_0144_prediction.tsv
copykat_microbatch_0145	145	288000	290000	2000	1000	2992	G:\Repository\glioma-cnv-single-cell-atlas\data\interim\integrated\CNV_inputs\CopyKAT_HVG8000_r0_6\batchwise_micro_all_cells\copykat_microbatch_0145	G:\Repository\glioma-cnv-single-cell-atlas\data\interim\integrated\CNV_inputs\CopyKAT_HVG8000_r0_6\batchwise_micro_all_cells\copykat_microbatch_0145\run_copykat_microbatch_0145.R	G:\Repository\glioma-cnv-single-cell-atlas\data\interim\integrated\CNV_inputs\CopyKAT_HVG8000_r0_6\batchwise_micro_all_cells\copykat_microbatch_0145\copykat_microbatch_0145_prediction.tsv
copykat_microbatch_0146	146	290000	292000	2000	1000	2999	G:\Repository\glioma-cnv-single-cell-atlas\data\interim\integrated\CNV_inputs\CopyKAT_HVG8000_r0_6\batchwise_micro_all_cells\copykat_microbatch_0146	G:\Repository\glioma-cnv-single-cell-atlas\data\interim\integrated\CNV_inputs\CopyKAT_HVG8000_r0_6\batchwise_micro_all_cells\copykat_microbatch_0146\run_copykat_microbatch_0146.R	G:\Repository\glioma-cnv-single-cell-atlas\data\interim\integrated\CNV_inputs\CopyKAT_HVG8000_r0_6\batchwise_micro_all_cells\copykat_microbatch_0146\copykat_microbatch_0146_prediction.tsv
copykat_microbatch_0147	147	292000	294000	2000	1000	2999	G:\Repository\glioma-cnv-single-cell-atlas\data\interim\integrated\CNV_inputs\CopyKAT_HVG8000_r0_6\batchwise_micro_all_cells\copykat_microbatch_0147	G:\Repository\glioma-cnv-single-cell-atlas\data\interim\integrated\CNV_inputs\CopyKAT_HVG8000_r0_6\batchwise_micro_all_cells\copykat_microbatch_0147\run_copykat_microbatch_0147.R	G:\Repository\glioma-cnv-single-cell-atlas\data\interim\integrated\CNV_inputs\CopyKAT_HVG8000_r0_6\batchwise_micro_all_cells\copykat_microbatch_0147\copykat_microbatch_0147_prediction.tsv
copykat_microbatch_0148	148	294000	296000	2000	1000	2999	G:\Repository\glioma-cnv-single-cell-atlas\data\interim\integrated\CNV_inputs\CopyKAT_HVG8000_r0_6\batchwise_micro_all_cells\copykat_microbatch_0148	G:\Repository\glioma-cnv-single-cell-atlas\data\interim\integrated\CNV_inputs\CopyKAT_HVG8000_r0_6\batchwise_micro_all_cells\copykat_microbatch_0148\run_copykat_microbatch_0148.R	G:\Repository\glioma-cnv-single-cell-atlas\data\interim\integrated\CNV_inputs\CopyKAT_HVG8000_r0_6\batchwise_micro_all_cells\copykat_microbatch_0148\copykat_microbatch_0148_prediction.tsv
copykat_microbatch_0149	149	296000	298000	2000	1000	2991	G:\Repository\glioma-cnv-single-cell-atlas\data\interim\integrated\CNV_inputs\CopyKAT_HVG8000_r0_6\batchwise_micro_all_cells\copykat_microbatch_0149	G:\Repository\glioma-cnv-single-cell-atlas\data\interim\integrated\CNV_inputs\CopyKAT_HVG8000_r0_6\batchwise_micro_all_cells\copykat_microbatch_0149\run_copykat_microbatch_0149.R	G:\Repository\glioma-cnv-single-cell-atlas\data\interim\integrated\CNV_inputs\CopyKAT_HVG8000_r0_6\batchwise_micro_all_cells\copykat_microbatch_0149\copykat_microbatch_0149_prediction.tsv
copykat_microbatch_0150	150	298000	300000	2000	1000	2990	G:\Repository\glioma-cnv-single-cell-atlas\data\interim\integrated\CNV_inputs\CopyKAT_HVG8000_r0_6\batchwise_micro_all_cells\copykat_microbatch_0150	G:\Repository\glioma-cnv-single-cell-atlas\data\interim\integrated\CNV_inputs\CopyKAT_HVG8000_r0_6\batchwise_micro_all_cells\copykat_microbatch_0150\run_copykat_microbatch_0150.R	G:\Repository\glioma-cnv-single-cell-atlas\data\interim\integrated\CNV_inputs\CopyKAT_HVG8000_r0_6\batchwise_micro_all_cells\copykat_microbatch_0150\copykat_microbatch_0150_prediction.tsv
copykat_microbatch_0151	151	300000	302000	2000	1000	2999	G:\Repository\glioma-cnv-single-cell-atlas\data\interim\integrated\CNV_inputs\CopyKAT_HVG8000_r0_6\batchwise_micro_all_cells\copykat_microbatch_0151	G:\Repository\glioma-cnv-single-cell-atlas\data\interim\integrated\CNV_inputs\CopyKAT_HVG8000_r0_6\batchwise_micro_all_cells\copykat_microbatch_0151\run_copykat_microbatch_0151.R	G:\Repository\glioma-cnv-single-cell-atlas\data\interim\integrated\CNV_inputs\CopyKAT_HVG8000_r0_6\batchwise_micro_all_cells\copykat_microbatch_0151\copykat_microbatch_0151_prediction.tsv
copykat_microbatch_0152	152	302000	304000	2000	1000	2998	G:\Repository\glioma-cnv-single-cell-atlas\data\interim\integrated\CNV_inputs\CopyKAT_HVG8000_r0_6\batchwise_micro_all_cells\copykat_microbatch_0152	G:\Repository\glioma-cnv-single-cell-atlas\data\interim\integrated\CNV_inputs\CopyKAT_HVG8000_r0_6\batchwise_micro_all_cells\copykat_microbatch_0152\run_copykat_microbatch_0152.R	G:\Repository\glioma-cnv-single-cell-atlas\data\interim\integrated\CNV_inputs\CopyKAT_HVG8000_r0_6\batchwise_micro_all_cells\copykat_microbatch_0152\copykat_microbatch_0152_prediction.tsv
copykat_microbatch_0153	153	304000	306000	2000	1000	2997	G:\Repository\glioma-cnv-single-cell-atlas\data\interim\integrated\CNV_inputs\CopyKAT_HVG8000_r0_6\batchwise_micro_all_cells\copykat_microbatch_0153	G:\Repository\glioma-cnv-single-cell-atlas\data\interim\integrated\CNV_inputs\CopyKAT_HVG8000_r0_6\batchwise_micro_all_cells\copykat_microbatch_0153\run_copykat_microbatch_0153.R	G:\Repository\glioma-cnv-single-cell-atlas\data\interim\integrated\CNV_inputs\CopyKAT_HVG8000_r0_6\batchwise_micro_all_cells\copykat_microbatch_0153\copykat_microbatch_0153_prediction.tsv
copykat_microbatch_0154	154	306000	308000	2000	1000	2999	G:\Repository\glioma-cnv-single-cell-atlas\data\interim\integrated\CNV_inputs\CopyKAT_HVG8000_r0_6\batchwise_micro_all_cells\copykat_microbatch_0154	G:\Repository\glioma-cnv-single-cell-atlas\data\interim\integrated\CNV_inputs\CopyKAT_HVG8000_r0_6\batchwise_micro_all_cells\copykat_microbatch_0154\run_copykat_microbatch_0154.R	G:\Repository\glioma-cnv-single-cell-atlas\data\interim\integrated\CNV_inputs\CopyKAT_HVG8000_r0_6\batchwise_micro_all_cells\copykat_microbatch_0154\copykat_microbatch_0154_prediction.tsv
copykat_microbatch_0155	155	308000	310000	2000	1000	2947	G:\Repository\glioma-cnv-single-cell-atlas\data\interim\integrated\CNV_inputs\CopyKAT_HVG8000_r0_6\batchwise_micro_all_cells\copykat_microbatch_0155	G:\Repository\glioma-cnv-single-cell-atlas\data\interim\integrated\CNV_inputs\CopyKAT_HVG8000_r0_6\batchwise_micro_all_cells\copykat_microbatch_0155\run_copykat_microbatch_0155.R	G:\Repository\glioma-cnv-single-cell-atlas\data\interim\integrated\CNV_inputs\CopyKAT_HVG8000_r0_6\batchwise_micro_all_cells\copykat_microbatch_0155\copykat_microbatch_0155_prediction.tsv
copykat_microbatch_0156	156	310000	312000	2000	1000	2975	G:\Repository\glioma-cnv-single-cell-atlas\data\interim\integrated\CNV_inputs\CopyKAT_HVG8000_r0_6\batchwise_micro_all_cells\copykat_microbatch_0156	G:\Repository\glioma-cnv-single-cell-atlas\data\interim\integrated\CNV_inputs\CopyKAT_HVG8000_r0_6\batchwise_micro_all_cells\copykat_microbatch_0156\run_copykat_microbatch_0156.R	G:\Repository\glioma-cnv-single-cell-atlas\data\interim\integrated\CNV_inputs\CopyKAT_HVG8000_r0_6\batchwise_micro_all_cells\copykat_microbatch_0156\copykat_microbatch_0156_prediction.tsv
copykat_microbatch_0157	157	312000	314000	2000	1000	3000	G:\Repository\glioma-cnv-single-cell-atlas\data\interim\integrated\CNV_inputs\CopyKAT_HVG8000_r0_6\batchwise_micro_all_cells\copykat_microbatch_0157	G:\Repository\glioma-cnv-single-cell-atlas\data\interim\integrated\CNV_inputs\CopyKAT_HVG8000_r0_6\batchwise_micro_all_cells\copykat_microbatch_0157\run_copykat_microbatch_0157.R	G:\Repository\glioma-cnv-single-cell-atlas\data\interim\integrated\CNV_inputs\CopyKAT_HVG8000_r0_6\batchwise_micro_all_cells\copykat_microbatch_0157\copykat_microbatch_0157_prediction.tsv
copykat_microbatch_0158	158	314000	316000	2000	1000	2995	G:\Repository\glioma-cnv-single-cell-atlas\data\interim\integrated\CNV_inputs\CopyKAT_HVG8000_r0_6\batchwise_micro_all_cells\copykat_microbatch_0158	G:\Repository\glioma-cnv-single-cell-atlas\data\interim\integrated\CNV_inputs\CopyKAT_HVG8000_r0_6\batchwise_micro_all_cells\copykat_microbatch_0158\run_copykat_microbatch_0158.R	G:\Repository\glioma-cnv-single-cell-atlas\data\interim\integrated\CNV_inputs\CopyKAT_HVG8000_r0_6\batchwise_micro_all_cells\copykat_microbatch_0158\copykat_microbatch_0158_prediction.tsv
copykat_microbatch_0159	159	316000	318000	2000	1000	2959	G:\Repository\glioma-cnv-single-cell-atlas\data\interim\integrated\CNV_inputs\CopyKAT_HVG8000_r0_6\batchwise_micro_all_cells\copykat_microbatch_0159	G:\Repository\glioma-cnv-single-cell-atlas\data\interim\integrated\CNV_inputs\CopyKAT_HVG8000_r0_6\batchwise_micro_all_cells\copykat_microbatch_0159\run_copykat_microbatch_0159.R	G:\Repository\glioma-cnv-single-cell-atlas\data\interim\integrated\CNV_inputs\CopyKAT_HVG8000_r0_6\batchwise_micro_all_cells\copykat_microbatch_0159\copykat_microbatch_0159_prediction.tsv
copykat_microbatch_0160	160	318000	320000	2000	1000	2977	G:\Repository\glioma-cnv-single-cell-atlas\data\interim\integrated\CNV_inputs\CopyKAT_HVG8000_r0_6\batchwise_micro_all_cells\copykat_microbatch_0160	G:\Repository\glioma-cnv-single-cell-atlas\data\interim\integrated\CNV_inputs\CopyKAT_HVG8000_r0_6\batchwise_micro_all_cells\copykat_microbatch_0160\run_copykat_microbatch_0160.R	G:\Repository\glioma-cnv-single-cell-atlas\data\interim\integrated\CNV_inputs\CopyKAT_HVG8000_r0_6\batchwise_micro_all_cells\copykat_microbatch_0160\copykat_microbatch_0160_prediction.tsv
copykat_microbatch_0161	161	320000	322000	2000	1000	2910	G:\Repository\glioma-cnv-single-cell-atlas\data\interim\integrated\CNV_inputs\CopyKAT_HVG8000_r0_6\batchwise_micro_all_cells\copykat_microbatch_0161	G:\Repository\glioma-cnv-single-cell-atlas\data\interim\integrated\CNV_inputs\CopyKAT_HVG8000_r0_6\batchwise_micro_all_cells\copykat_microbatch_0161\run_copykat_microbatch_0161.R	G:\Repository\glioma-cnv-single-cell-atlas\data\interim\integrated\CNV_inputs\CopyKAT_HVG8000_r0_6\batchwise_micro_all_cells\copykat_microbatch_0161\copykat_microbatch_0161_prediction.tsv
copykat_microbatch_0162	162	322000	324000	2000	1000	3000	G:\Repository\glioma-cnv-single-cell-atlas\data\interim\integrated\CNV_inputs\CopyKAT_HVG8000_r0_6\batchwise_micro_all_cells\copykat_microbatch_0162	G:\Repository\glioma-cnv-single-cell-atlas\data\interim\integrated\CNV_inputs\CopyKAT_HVG8000_r0_6\batchwise_micro_all_cells\copykat_microbatch_0162\run_copykat_microbatch_0162.R	G:\Repository\glioma-cnv-single-cell-atlas\data\interim\integrated\CNV_inputs\CopyKAT_HVG8000_r0_6\batchwise_micro_all_cells\copykat_microbatch_0162\copykat_microbatch_0162_prediction.tsv
copykat_microbatch_0163	163	324000	326000	2000	1000	2999	G:\Repository\glioma-cnv-single-cell-atlas\data\interim\integrated\CNV_inputs\CopyKAT_HVG8000_r0_6\batchwise_micro_all_cells\copykat_microbatch_0163	G:\Repository\glioma-cnv-single-cell-atlas\data\interim\integrated\CNV_inputs\CopyKAT_HVG8000_r0_6\batchwise_micro_all_cells\copykat_microbatch_0163\run_copykat_microbatch_0163.R	G:\Repository\glioma-cnv-single-cell-atlas\data\interim\integrated\CNV_inputs\CopyKAT_HVG8000_r0_6\batchwise_micro_all_cells\copykat_microbatch_0163\copykat_microbatch_0163_prediction.tsv
copykat_microbatch_0164	164	326000	328000	2000	1000	3000	G:\Repository\glioma-cnv-single-cell-atlas\data\interim\integrated\CNV_inputs\CopyKAT_HVG8000_r0_6\batchwise_micro_all_cells\copykat_microbatch_0164	G:\Repository\glioma-cnv-single-cell-atlas\data\interim\integrated\CNV_inputs\CopyKAT_HVG8000_r0_6\batchwise_micro_all_cells\copykat_microbatch_0164\run_copykat_microbatch_0164.R	G:\Repository\glioma-cnv-single-cell-atlas\data\interim\integrated\CNV_inputs\CopyKAT_HVG8000_r0_6\batchwise_micro_all_cells\copykat_microbatch_0164\copykat_microbatch_0164_prediction.tsv
copykat_microbatch_0165	165	328000	330000	2000	1000	3000	G:\Repository\glioma-cnv-single-cell-atlas\data\interim\integrated\CNV_inputs\CopyKAT_HVG8000_r0_6\batchwise_micro_all_cells\copykat_microbatch_0165	G:\Repository\glioma-cnv-single-cell-atlas\data\interim\integrated\CNV_inputs\CopyKAT_HVG8000_r0_6\batchwise_micro_all_cells\copykat_microbatch_0165\run_copykat_microbatch_0165.R	G:\Repository\glioma-cnv-single-cell-atlas\data\interim\integrated\CNV_inputs\CopyKAT_HVG8000_r0_6\batchwise_micro_all_cells\copykat_microbatch_0165\copykat_microbatch_0165_prediction.tsv
copykat_microbatch_0166	166	330000	332000	2000	1000	3000	G:\Repository\glioma-cnv-single-cell-atlas\data\interim\integrated\CNV_inputs\CopyKAT_HVG8000_r0_6\batchwise_micro_all_cells\copykat_microbatch_0166	G:\Repository\glioma-cnv-single-cell-atlas\data\interim\integrated\CNV_inputs\CopyKAT_HVG8000_r0_6\batchwise_micro_all_cells\copykat_microbatch_0166\run_copykat_microbatch_0166.R	G:\Repository\glioma-cnv-single-cell-atlas\data\interim\integrated\CNV_inputs\CopyKAT_HVG8000_r0_6\batchwise_micro_all_cells\copykat_microbatch_0166\copykat_microbatch_0166_prediction.tsv
copykat_microbatch_0167	167	332000	334000	2000	1000	2999	G:\Repository\glioma-cnv-single-cell-atlas\data\interim\integrated\CNV_inputs\CopyKAT_HVG8000_r0_6\batchwise_micro_all_cells\copykat_microbatch_0167	G:\Repository\glioma-cnv-single-cell-atlas\data\interim\integrated\CNV_inputs\CopyKAT_HVG8000_r0_6\batchwise_micro_all_cells\copykat_microbatch_0167\run_copykat_microbatch_0167.R	G:\Repository\glioma-cnv-single-cell-atlas\data\interim\integrated\CNV_inputs\CopyKAT_HVG8000_r0_6\batchwise_micro_all_cells\copykat_microbatch_0167\copykat_microbatch_0167_prediction.tsv
copykat_microbatch_0168	168	334000	336000	2000	1000	3000	G:\Repository\glioma-cnv-single-cell-atlas\data\interim\integrated\CNV_inputs\CopyKAT_HVG8000_r0_6\batchwise_micro_all_cells\copykat_microbatch_0168	G:\Repository\glioma-cnv-single-cell-atlas\data\interim\integrated\CNV_inputs\CopyKAT_HVG8000_r0_6\batchwise_micro_all_cells\copykat_microbatch_0168\run_copykat_microbatch_0168.R	G:\Repository\glioma-cnv-single-cell-atlas\data\interim\integrated\CNV_inputs\CopyKAT_HVG8000_r0_6\batchwise_micro_all_cells\copykat_microbatch_0168\copykat_microbatch_0168_prediction.tsv
copykat_microbatch_0169	169	336000	338000	2000	1000	2988	G:\Repository\glioma-cnv-single-cell-atlas\data\interim\integrated\CNV_inputs\CopyKAT_HVG8000_r0_6\batchwise_micro_all_cells\copykat_microbatch_0169	G:\Repository\glioma-cnv-single-cell-atlas\data\interim\integrated\CNV_inputs\CopyKAT_HVG8000_r0_6\batchwise_micro_all_cells\copykat_microbatch_0169\run_copykat_microbatch_0169.R	G:\Repository\glioma-cnv-single-cell-atlas\data\interim\integrated\CNV_inputs\CopyKAT_HVG8000_r0_6\batchwise_micro_all_cells\copykat_microbatch_0169\copykat_microbatch_0169_prediction.tsv
copykat_microbatch_0170	170	338000	340000	2000	1000	2978	G:\Repository\glioma-cnv-single-cell-atlas\data\interim\integrated\CNV_inputs\CopyKAT_HVG8000_r0_6\batchwise_micro_all_cells\copykat_microbatch_0170	G:\Repository\glioma-cnv-single-cell-atlas\data\interim\integrated\CNV_inputs\CopyKAT_HVG8000_r0_6\batchwise_micro_all_cells\copykat_microbatch_0170\run_copykat_microbatch_0170.R	G:\Repository\glioma-cnv-single-cell-atlas\data\interim\integrated\CNV_inputs\CopyKAT_HVG8000_r0_6\batchwise_micro_all_cells\copykat_microbatch_0170\copykat_microbatch_0170_prediction.tsv
copykat_microbatch_0171	171	340000	342000	2000	1000	2993	G:\Repository\glioma-cnv-single-cell-atlas\data\interim\integrated\CNV_inputs\CopyKAT_HVG8000_r0_6\batchwise_micro_all_cells\copykat_microbatch_0171	G:\Repository\glioma-cnv-single-cell-atlas\data\interim\integrated\CNV_inputs\CopyKAT_HVG8000_r0_6\batchwise_micro_all_cells\copykat_microbatch_0171\run_copykat_microbatch_0171.R	G:\Repository\glioma-cnv-single-cell-atlas\data\interim\integrated\CNV_inputs\CopyKAT_HVG8000_r0_6\batchwise_micro_all_cells\copykat_microbatch_0171\copykat_microbatch_0171_prediction.tsv
copykat_microbatch_0172	172	342000	344000	2000	1000	2997	G:\Repository\glioma-cnv-single-cell-atlas\data\interim\integrated\CNV_inputs\CopyKAT_HVG8000_r0_6\batchwise_micro_all_cells\copykat_microbatch_0172	G:\Repository\glioma-cnv-single-cell-atlas\data\interim\integrated\CNV_inputs\CopyKAT_HVG8000_r0_6\batchwise_micro_all_cells\copykat_microbatch_0172\run_copykat_microbatch_0172.R	G:\Repository\glioma-cnv-single-cell-atlas\data\interim\integrated\CNV_inputs\CopyKAT_HVG8000_r0_6\batchwise_micro_all_cells\copykat_microbatch_0172\copykat_microbatch_0172_prediction.tsv
copykat_microbatch_0173	173	344000	346000	2000	1000	2906	G:\Repository\glioma-cnv-single-cell-atlas\data\interim\integrated\CNV_inputs\CopyKAT_HVG8000_r0_6\batchwise_micro_all_cells\copykat_microbatch_0173	G:\Repository\glioma-cnv-single-cell-atlas\data\interim\integrated\CNV_inputs\CopyKAT_HVG8000_r0_6\batchwise_micro_all_cells\copykat_microbatch_0173\run_copykat_microbatch_0173.R	G:\Repository\glioma-cnv-single-cell-atlas\data\interim\integrated\CNV_inputs\CopyKAT_HVG8000_r0_6\batchwise_micro_all_cells\copykat_microbatch_0173\copykat_microbatch_0173_prediction.tsv
copykat_microbatch_0174	174	346000	348000	2000	1000	3000	G:\Repository\glioma-cnv-single-cell-atlas\data\interim\integrated\CNV_inputs\CopyKAT_HVG8000_r0_6\batchwise_micro_all_cells\copykat_microbatch_0174	G:\Repository\glioma-cnv-single-cell-atlas\data\interim\integrated\CNV_inputs\CopyKAT_HVG8000_r0_6\batchwise_micro_all_cells\copykat_microbatch_0174\run_copykat_microbatch_0174.R	G:\Repository\glioma-cnv-single-cell-atlas\data\interim\integrated\CNV_inputs\CopyKAT_HVG8000_r0_6\batchwise_micro_all_cells\copykat_microbatch_0174\copykat_microbatch_0174_prediction.tsv
copykat_microbatch_0175	175	348000	350000	2000	1000	3000	G:\Repository\glioma-cnv-single-cell-atlas\data\interim\integrated\CNV_inputs\CopyKAT_HVG8000_r0_6\batchwise_micro_all_cells\copykat_microbatch_0175	G:\Repository\glioma-cnv-single-cell-atlas\data\interim\integrated\CNV_inputs\CopyKAT_HVG8000_r0_6\batchwise_micro_all_cells\copykat_microbatch_0175\run_copykat_microbatch_0175.R	G:\Repository\glioma-cnv-single-cell-atlas\data\interim\integrated\CNV_inputs\CopyKAT_HVG8000_r0_6\batchwise_micro_all_cells\copykat_microbatch_0175\copykat_microbatch_0175_prediction.tsv
copykat_microbatch_0176	176	350000	351427	1427	1000	2393	G:\Repository\glioma-cnv-single-cell-atlas\data\interim\integrated\CNV_inputs\CopyKAT_HVG8000_r0_6\batchwise_micro_all_cells\copykat_microbatch_0176	G:\Repository\glioma-cnv-single-cell-atlas\data\interim\integrated\CNV_inputs\CopyKAT_HVG8000_r0_6\batchwise_micro_all_cells\copykat_microbatch_0176\run_copykat_microbatch_0176.R	G:\Repository\glioma-cnv-single-cell-atlas\data\interim\integrated\CNV_inputs\CopyKAT_HVG8000_r0_6\batchwise_micro_all_cells\copykat_microbatch_0176\copykat_microbatch_0176_prediction.tsv
