unit_id	feature	n_cells_feature	n_cells_total	condition	dataset	patient	proportion	unit_type	feature_type
01	cycling_malignant_like_candidate_CNV_supported	5195	54762	ndGBM	DS3_GSE182109	01	0.0948650524086045	patient_id	final_annotation_refined
01	malignant_AC_like_reactive_CNV_supported	950	54762	ndGBM	DS3_GSE182109	01	0.017347795916876668	patient_id	final_annotation_refined
01	malignant_NPC_neuronal_like_CNV_supported	381	54762	ndGBM	DS3_GSE182109	01	0.006957379204557905	patient_id	final_annotation_refined
01	malignant_OPC_NPC_like_CNV_supported	9701	54762	ndGBM	DS3_GSE182109	01	0.17714838756802162	patient_id	final_annotation_refined
01	malignant_hypoxia_stress_CNV_supported	4992	54762	ndGBM	DS3_GSE182109	01	0.09115810233373507	patient_id	final_annotation_refined
01	non_malignant_B_plasma_like	89	54762	ndGBM	DS3_GSE182109	01	0.001625214564844235	patient_id	final_annotation_refined
01	non_malignant_endothelial_reference_like	32	54762	ndGBM	DS3_GSE182109	01	0.000584346809831635	patient_id	final_annotation_refined
01	non_malignant_mural_pericyte_fibroblast_like	56	54762	ndGBM	DS3_GSE182109	01	0.0010226069172053615	patient_id	final_annotation_refined
01	non_malignant_oligodendrocyte_myelinating_reference_like	1181	54762	ndGBM	DS3_GSE182109	01	0.021566049450348783	patient_id	final_annotation_refined
01	non_malignant_rare_mast_cell_like_low_count	2	54762	ndGBM	DS3_GSE182109	01	3.652167561447719e-05	patient_id	final_annotation_refined
01	review_MES_ECM_stromal_like_ambiguous_CNV_high	469	54762	ndGBM	DS3_GSE182109	01	0.008564332931594901	patient_id	final_annotation_refined
01	review_T_NK_cells_dataset_biased_mixed_CNV	2604	54762	ndGBM	DS3_GSE182109	01	0.047551221650049304	patient_id	final_annotation_refined
01	review_ambiguous_mixed_Hb_T_NK_HLA	1001	54762	ndGBM	DS3_GSE182109	01	0.018279098645045833	patient_id	final_annotation_refined
01	review_erythroid_Hb_high_or_ambient_RBC	1	54762	ndGBM	DS3_GSE182109	01	1.8260837807238595e-05	patient_id	final_annotation_refined
01	review_myeloid_APC_HLA_CD163_TAM_mixed_CNV	2359	54762	ndGBM	DS3_GSE182109	01	0.04307731638727585	patient_id	final_annotation_refined
01	review_myeloid_C1Q_TREM2_APOE_TAM_mixed_CNV	8881	54762	ndGBM	DS3_GSE182109	01	0.16217450056608598	patient_id	final_annotation_refined
01	review_myeloid_FCN1_inflammatory_monocyte_CNV_discordant	247	54762	ndGBM	DS3_GSE182109	01	0.004510426938387933	patient_id	final_annotation_refined
01	review_myeloid_inflammatory_MES_associated_mixed_CNV	16621	54762	ndGBM	DS3_GSE182109	01	0.3035133851941127	patient_id	final_annotation_refined
02	cycling_malignant_like_candidate_CNV_supported	1736	46750	ndGBM	DS3_GSE182109	02	0.037133689839572194	patient_id	final_annotation_refined
02	malignant_AC_like_reactive_CNV_supported	1349	46750	ndGBM	DS3_GSE182109	02	0.02885561497326203	patient_id	final_annotation_refined
02	malignant_NPC_neuronal_like_CNV_supported	270	46750	ndGBM	DS3_GSE182109	02	0.005775401069518717	patient_id	final_annotation_refined
02	malignant_OPC_NPC_like_CNV_supported	4555	46750	ndGBM	DS3_GSE182109	02	0.0974331550802139	patient_id	final_annotation_refined
02	malignant_hypoxia_stress_CNV_supported	2736	46750	ndGBM	DS3_GSE182109	02	0.05852406417112299	patient_id	final_annotation_refined
02	non_malignant_B_plasma_like	443	46750	ndGBM	DS3_GSE182109	02	0.009475935828877005	patient_id	final_annotation_refined
02	non_malignant_endothelial_reference_like	638	46750	ndGBM	DS3_GSE182109	02	0.013647058823529411	patient_id	final_annotation_refined
02	non_malignant_mural_pericyte_fibroblast_like	2234	46750	ndGBM	DS3_GSE182109	02	0.04778609625668449	patient_id	final_annotation_refined
02	non_malignant_oligodendrocyte_myelinating_reference_like	173	46750	ndGBM	DS3_GSE182109	02	0.0037005347593582886	patient_id	final_annotation_refined
02	non_malignant_rare_mast_cell_like_low_count	50	46750	ndGBM	DS3_GSE182109	02	0.0010695187165775401	patient_id	final_annotation_refined
02	review_MES_ECM_stromal_like_ambiguous_CNV_high	546	46750	ndGBM	DS3_GSE182109	02	0.011679144385026739	patient_id	final_annotation_refined
02	review_T_NK_cells_dataset_biased_mixed_CNV	13327	46750	ndGBM	DS3_GSE182109	02	0.28506951871657754	patient_id	final_annotation_refined
02	review_ambiguous_mixed_Hb_T_NK_HLA	749	46750	ndGBM	DS3_GSE182109	02	0.016021390374331552	patient_id	final_annotation_refined
02	review_erythroid_Hb_high_or_ambient_RBC	41	46750	ndGBM	DS3_GSE182109	02	0.0008770053475935829	patient_id	final_annotation_refined
02	review_myeloid_APC_HLA_CD163_TAM_mixed_CNV	3608	46750	ndGBM	DS3_GSE182109	02	0.07717647058823529	patient_id	final_annotation_refined
02	review_myeloid_C1Q_TREM2_APOE_TAM_mixed_CNV	5379	46750	ndGBM	DS3_GSE182109	02	0.11505882352941177	patient_id	final_annotation_refined
02	review_myeloid_FCN1_inflammatory_monocyte_CNV_discordant	5163	46750	ndGBM	DS3_GSE182109	02	0.11043850267379679	patient_id	final_annotation_refined
02	review_myeloid_inflammatory_MES_associated_mixed_CNV	3753	46750	ndGBM	DS3_GSE182109	02	0.08027807486631017	patient_id	final_annotation_refined
03	cycling_malignant_like_candidate_CNV_supported	2432	24702	ndGBM	DS3_GSE182109	03	0.09845356651283296	patient_id	final_annotation_refined
03	malignant_AC_like_reactive_CNV_supported	1607	24702	ndGBM	DS3_GSE182109	03	0.0650554610962675	patient_id	final_annotation_refined
03	malignant_NPC_neuronal_like_CNV_supported	34	24702	ndGBM	DS3_GSE182109	03	0.0013764067686826977	patient_id	final_annotation_refined
03	malignant_OPC_NPC_like_CNV_supported	4938	24702	ndGBM	DS3_GSE182109	03	0.1999028418751518	patient_id	final_annotation_refined
03	malignant_hypoxia_stress_CNV_supported	1342	24702	ndGBM	DS3_GSE182109	03	0.05432758481094648	patient_id	final_annotation_refined
03	non_malignant_B_plasma_like	50	24702	ndGBM	DS3_GSE182109	03	0.002024127601003967	patient_id	final_annotation_refined
03	non_malignant_endothelial_reference_like	183	24702	ndGBM	DS3_GSE182109	03	0.00740830701967452	patient_id	final_annotation_refined
03	non_malignant_mural_pericyte_fibroblast_like	35	24702	ndGBM	DS3_GSE182109	03	0.001416889320702777	patient_id	final_annotation_refined
03	non_malignant_oligodendrocyte_myelinating_reference_like	1191	24702	ndGBM	DS3_GSE182109	03	0.048214719455914504	patient_id	final_annotation_refined
03	non_malignant_rare_mast_cell_like_low_count	3	24702	ndGBM	DS3_GSE182109	03	0.00012144765606023804	patient_id	final_annotation_refined
03	review_MES_ECM_stromal_like_ambiguous_CNV_high	704	24702	ndGBM	DS3_GSE182109	03	0.028499716622135858	patient_id	final_annotation_refined
03	review_T_NK_cells_dataset_biased_mixed_CNV	1254	24702	ndGBM	DS3_GSE182109	03	0.0507651202331795	patient_id	final_annotation_refined
03	review_ambiguous_mixed_Hb_T_NK_HLA	364	24702	ndGBM	DS3_GSE182109	03	0.014735648935308881	patient_id	final_annotation_refined
03	review_erythroid_Hb_high_or_ambient_RBC	4	24702	ndGBM	DS3_GSE182109	03	0.00016193020808031737	patient_id	final_annotation_refined
03	review_myeloid_APC_HLA_CD163_TAM_mixed_CNV	848	24702	ndGBM	DS3_GSE182109	03	0.034329204113027284	patient_id	final_annotation_refined
03	review_myeloid_C1Q_TREM2_APOE_TAM_mixed_CNV	8795	24702	ndGBM	DS3_GSE182109	03	0.35604404501659787	patient_id	final_annotation_refined
03	review_myeloid_FCN1_inflammatory_monocyte_CNV_discordant	99	24702	ndGBM	DS3_GSE182109	03	0.004007772649987855	patient_id	final_annotation_refined
03	review_myeloid_inflammatory_MES_associated_mixed_CNV	819	24702	ndGBM	DS3_GSE182109	03	0.033155210104444985	patient_id	final_annotation_refined
04	cycling_malignant_like_candidate_CNV_supported	9286	40706	rGBM	DS3_GSE182109	04	0.22812361813983198	patient_id	final_annotation_refined
04	malignant_AC_like_reactive_CNV_supported	2729	40706	rGBM	DS3_GSE182109	04	0.06704171375227239	patient_id	final_annotation_refined
04	malignant_NPC_neuronal_like_CNV_supported	385	40706	rGBM	DS3_GSE182109	04	0.009458065150100722	patient_id	final_annotation_refined
04	malignant_OPC_NPC_like_CNV_supported	11437	40706	rGBM	DS3_GSE182109	04	0.2809659509654596	patient_id	final_annotation_refined
04	malignant_hypoxia_stress_CNV_supported	1458	40706	rGBM	DS3_GSE182109	04	0.03581781555544637	patient_id	final_annotation_refined
04	non_malignant_B_plasma_like	15	40706	rGBM	DS3_GSE182109	04	0.00036849604480911904	patient_id	final_annotation_refined
04	non_malignant_endothelial_reference_like	95	40706	rGBM	DS3_GSE182109	04	0.002333808283791087	patient_id	final_annotation_refined
04	non_malignant_mural_pericyte_fibroblast_like	29	40706	rGBM	DS3_GSE182109	04	0.0007124256866309635	patient_id	final_annotation_refined
04	non_malignant_oligodendrocyte_myelinating_reference_like	2658	40706	rGBM	DS3_GSE182109	04	0.0652974991401759	patient_id	final_annotation_refined
04	non_malignant_rare_mast_cell_like_low_count	2	40706	rGBM	DS3_GSE182109	04	4.913280597454921e-05	patient_id	final_annotation_refined
04	review_MES_ECM_stromal_like_ambiguous_CNV_high	514	40706	rGBM	DS3_GSE182109	04	0.012627131135459145	patient_id	final_annotation_refined
04	review_T_NK_cells_dataset_biased_mixed_CNV	1251	40706	rGBM	DS3_GSE182109	04	0.030732570137080528	patient_id	final_annotation_refined
04	review_ambiguous_mixed_Hb_T_NK_HLA	790	40706	rGBM	DS3_GSE182109	04	0.019407458359946936	patient_id	final_annotation_refined
04	review_erythroid_Hb_high_or_ambient_RBC	24	40706	rGBM	DS3_GSE182109	04	0.0005895936716945905	patient_id	final_annotation_refined
04	review_myeloid_APC_HLA_CD163_TAM_mixed_CNV	2719	40706	rGBM	DS3_GSE182109	04	0.06679604972239965	patient_id	final_annotation_refined
04	review_myeloid_C1Q_TREM2_APOE_TAM_mixed_CNV	6106	40706	rGBM	DS3_GSE182109	04	0.15000245664029874	patient_id	final_annotation_refined
04	review_myeloid_FCN1_inflammatory_monocyte_CNV_discordant	125	40706	rGBM	DS3_GSE182109	04	0.0030708003734093254	patient_id	final_annotation_refined
04	review_myeloid_inflammatory_MES_associated_mixed_CNV	1083	40706	rGBM	DS3_GSE182109	04	0.026605414435218397	patient_id	final_annotation_refined
05	cycling_malignant_like_candidate_CNV_supported	2117	15455	rGBM	DS3_GSE182109	05	0.13697832416693626	patient_id	final_annotation_refined
05	malignant_AC_like_reactive_CNV_supported	1099	15455	rGBM	DS3_GSE182109	05	0.07110967324490457	patient_id	final_annotation_refined
05	malignant_NPC_neuronal_like_CNV_supported	61	15455	rGBM	DS3_GSE182109	05	0.003946942736978324	patient_id	final_annotation_refined
05	malignant_OPC_NPC_like_CNV_supported	2560	15455	rGBM	DS3_GSE182109	05	0.16564218699450017	patient_id	final_annotation_refined
05	malignant_hypoxia_stress_CNV_supported	1370	15455	rGBM	DS3_GSE182109	05	0.08864445163377548	patient_id	final_annotation_refined
05	non_malignant_B_plasma_like	7	15455	rGBM	DS3_GSE182109	05	0.00045292785506308636	patient_id	final_annotation_refined
05	non_malignant_endothelial_reference_like	424	15455	rGBM	DS3_GSE182109	05	0.027434487220964088	patient_id	final_annotation_refined
05	non_malignant_mural_pericyte_fibroblast_like	316	15455	rGBM	DS3_GSE182109	05	0.020446457457133613	patient_id	final_annotation_refined
05	non_malignant_oligodendrocyte_myelinating_reference_like	105	15455	rGBM	DS3_GSE182109	05	0.006793917825946296	patient_id	final_annotation_refined
05	non_malignant_rare_mast_cell_like_low_count	2	15455	rGBM	DS3_GSE182109	05	0.00012940795858945326	patient_id	final_annotation_refined
05	review_MES_ECM_stromal_like_ambiguous_CNV_high	441	15455	rGBM	DS3_GSE182109	05	0.028534454868974442	patient_id	final_annotation_refined
05	review_T_NK_cells_dataset_biased_mixed_CNV	1115	15455	rGBM	DS3_GSE182109	05	0.07214493691362019	patient_id	final_annotation_refined
05	review_ambiguous_mixed_Hb_T_NK_HLA	233	15455	rGBM	DS3_GSE182109	05	0.015076027175671304	patient_id	final_annotation_refined
05	review_erythroid_Hb_high_or_ambient_RBC	3	15455	rGBM	DS3_GSE182109	05	0.00019411193788417986	patient_id	final_annotation_refined
05	review_myeloid_APC_HLA_CD163_TAM_mixed_CNV	1846	15455	rGBM	DS3_GSE182109	05	0.11944354577806535	patient_id	final_annotation_refined
05	review_myeloid_C1Q_TREM2_APOE_TAM_mixed_CNV	1640	15455	rGBM	DS3_GSE182109	05	0.10611452604335167	patient_id	final_annotation_refined
05	review_myeloid_FCN1_inflammatory_monocyte_CNV_discordant	158	15455	rGBM	DS3_GSE182109	05	0.010223228728566807	patient_id	final_annotation_refined
05	review_myeloid_inflammatory_MES_associated_mixed_CNV	1958	15455	rGBM	DS3_GSE182109	05	0.12669039145907474	patient_id	final_annotation_refined
06	cycling_malignant_like_candidate_CNV_supported	82	3059	ndGBM	DS3_GSE182109	06	0.02680614579928081	patient_id	final_annotation_refined
06	malignant_AC_like_reactive_CNV_supported	31	3059	ndGBM	DS3_GSE182109	06	0.010134030728996404	patient_id	final_annotation_refined
06	malignant_NPC_neuronal_like_CNV_supported	9	3059	ndGBM	DS3_GSE182109	06	0.002942137953579601	patient_id	final_annotation_refined
06	malignant_OPC_NPC_like_CNV_supported	404	3059	ndGBM	DS3_GSE182109	06	0.13206930369401765	patient_id	final_annotation_refined
06	malignant_hypoxia_stress_CNV_supported	514	3059	ndGBM	DS3_GSE182109	06	0.16802876757110166	patient_id	final_annotation_refined
06	non_malignant_endothelial_reference_like	8	3059	ndGBM	DS3_GSE182109	06	0.002615233736515201	patient_id	final_annotation_refined
06	non_malignant_mural_pericyte_fibroblast_like	41	3059	ndGBM	DS3_GSE182109	06	0.013403072899640406	patient_id	final_annotation_refined
06	non_malignant_oligodendrocyte_myelinating_reference_like	129	3059	ndGBM	DS3_GSE182109	06	0.042170644001307614	patient_id	final_annotation_refined
06	review_MES_ECM_stromal_like_ambiguous_CNV_high	1757	3059	ndGBM	DS3_GSE182109	06	0.5743707093821511	patient_id	final_annotation_refined
06	review_T_NK_cells_dataset_biased_mixed_CNV	6	3059	ndGBM	DS3_GSE182109	06	0.001961425302386401	patient_id	final_annotation_refined
06	review_ambiguous_mixed_Hb_T_NK_HLA	2	3059	ndGBM	DS3_GSE182109	06	0.0006538084341288003	patient_id	final_annotation_refined
06	review_myeloid_C1Q_TREM2_APOE_TAM_mixed_CNV	16	3059	ndGBM	DS3_GSE182109	06	0.005230467473030402	patient_id	final_annotation_refined
06	review_myeloid_FCN1_inflammatory_monocyte_CNV_discordant	3	3059	ndGBM	DS3_GSE182109	06	0.0009807126511932004	patient_id	final_annotation_refined
06	review_myeloid_inflammatory_MES_associated_mixed_CNV	57	3059	ndGBM	DS3_GSE182109	06	0.018633540372670808	patient_id	final_annotation_refined
07	cycling_malignant_like_candidate_CNV_supported	137	8627	ndGBM	DS3_GSE182109	07	0.01588037556508636	patient_id	final_annotation_refined
07	malignant_AC_like_reactive_CNV_supported	259	8627	ndGBM	DS3_GSE182109	07	0.03002202387852092	patient_id	final_annotation_refined
07	malignant_OPC_NPC_like_CNV_supported	28	8627	ndGBM	DS3_GSE182109	07	0.003245624203083343	patient_id	final_annotation_refined
07	malignant_hypoxia_stress_CNV_supported	182	8627	ndGBM	DS3_GSE182109	07	0.02109655732004173	patient_id	final_annotation_refined
07	non_malignant_B_plasma_like	434	8627	ndGBM	DS3_GSE182109	07	0.050307175147791816	patient_id	final_annotation_refined
07	non_malignant_endothelial_reference_like	6	8627	ndGBM	DS3_GSE182109	07	0.0006954909006607164	patient_id	final_annotation_refined
07	non_malignant_mural_pericyte_fibroblast_like	2	8627	ndGBM	DS3_GSE182109	07	0.0002318303002202388	patient_id	final_annotation_refined
07	non_malignant_oligodendrocyte_myelinating_reference_like	229	8627	ndGBM	DS3_GSE182109	07	0.02654456937521734	patient_id	final_annotation_refined
07	non_malignant_rare_mast_cell_like_low_count	113	8627	ndGBM	DS3_GSE182109	07	0.013098411962443492	patient_id	final_annotation_refined
07	review_MES_ECM_stromal_like_ambiguous_CNV_high	92	8627	ndGBM	DS3_GSE182109	07	0.010664193810130984	patient_id	final_annotation_refined
07	review_T_NK_cells_dataset_biased_mixed_CNV	2275	8627	ndGBM	DS3_GSE182109	07	0.2637069665005216	patient_id	final_annotation_refined
07	review_ambiguous_mixed_Hb_T_NK_HLA	56	8627	ndGBM	DS3_GSE182109	07	0.006491248406166686	patient_id	final_annotation_refined
07	review_myeloid_APC_HLA_CD163_TAM_mixed_CNV	2045	8627	ndGBM	DS3_GSE182109	07	0.23704648197519415	patient_id	final_annotation_refined
07	review_myeloid_C1Q_TREM2_APOE_TAM_mixed_CNV	1536	8627	ndGBM	DS3_GSE182109	07	0.1780456705691434	patient_id	final_annotation_refined
07	review_myeloid_FCN1_inflammatory_monocyte_CNV_discordant	163	8627	ndGBM	DS3_GSE182109	07	0.01889416946794946	patient_id	final_annotation_refined
07	review_myeloid_inflammatory_MES_associated_mixed_CNV	1070	8627	ndGBM	DS3_GSE182109	07	0.12402921061782775	patient_id	final_annotation_refined
08	cycling_malignant_like_candidate_CNV_supported	279	5650	ndGBM	DS3_GSE182109	08	0.049380530973451325	patient_id	final_annotation_refined
08	malignant_AC_like_reactive_CNV_supported	143	5650	ndGBM	DS3_GSE182109	08	0.025309734513274337	patient_id	final_annotation_refined
08	malignant_NPC_neuronal_like_CNV_supported	615	5650	ndGBM	DS3_GSE182109	08	0.1088495575221239	patient_id	final_annotation_refined
08	malignant_OPC_NPC_like_CNV_supported	271	5650	ndGBM	DS3_GSE182109	08	0.047964601769911505	patient_id	final_annotation_refined
08	malignant_hypoxia_stress_CNV_supported	236	5650	ndGBM	DS3_GSE182109	08	0.04176991150442478	patient_id	final_annotation_refined
08	non_malignant_B_plasma_like	2	5650	ndGBM	DS3_GSE182109	08	0.00035398230088495576	patient_id	final_annotation_refined
08	non_malignant_endothelial_reference_like	202	5650	ndGBM	DS3_GSE182109	08	0.03575221238938053	patient_id	final_annotation_refined
08	non_malignant_mural_pericyte_fibroblast_like	167	5650	ndGBM	DS3_GSE182109	08	0.029557522123893804	patient_id	final_annotation_refined
08	non_malignant_oligodendrocyte_myelinating_reference_like	42	5650	ndGBM	DS3_GSE182109	08	0.007433628318584071	patient_id	final_annotation_refined
08	review_MES_ECM_stromal_like_ambiguous_CNV_high	30	5650	ndGBM	DS3_GSE182109	08	0.005309734513274336	patient_id	final_annotation_refined
08	review_T_NK_cells_dataset_biased_mixed_CNV	149	5650	ndGBM	DS3_GSE182109	08	0.026371681415929205	patient_id	final_annotation_refined
08	review_ambiguous_mixed_Hb_T_NK_HLA	67	5650	ndGBM	DS3_GSE182109	08	0.011858407079646017	patient_id	final_annotation_refined
08	review_erythroid_Hb_high_or_ambient_RBC	1	5650	ndGBM	DS3_GSE182109	08	0.00017699115044247788	patient_id	final_annotation_refined
08	review_myeloid_APC_HLA_CD163_TAM_mixed_CNV	672	5650	ndGBM	DS3_GSE182109	08	0.11893805309734513	patient_id	final_annotation_refined
08	review_myeloid_C1Q_TREM2_APOE_TAM_mixed_CNV	2134	5650	ndGBM	DS3_GSE182109	08	0.3776991150442478	patient_id	final_annotation_refined
08	review_myeloid_FCN1_inflammatory_monocyte_CNV_discordant	36	5650	ndGBM	DS3_GSE182109	08	0.006371681415929204	patient_id	final_annotation_refined
08	review_myeloid_inflammatory_MES_associated_mixed_CNV	604	5650	ndGBM	DS3_GSE182109	08	0.10690265486725664	patient_id	final_annotation_refined
09	cycling_malignant_like_candidate_CNV_supported	88	5110	ndGBM	DS3_GSE182109	09	0.01722113502935421	patient_id	final_annotation_refined
09	malignant_AC_like_reactive_CNV_supported	505	5110	ndGBM	DS3_GSE182109	09	0.09882583170254403	patient_id	final_annotation_refined
09	malignant_NPC_neuronal_like_CNV_supported	5	5110	ndGBM	DS3_GSE182109	09	0.0009784735812133072	patient_id	final_annotation_refined
09	malignant_OPC_NPC_like_CNV_supported	358	5110	ndGBM	DS3_GSE182109	09	0.0700587084148728	patient_id	final_annotation_refined
09	malignant_hypoxia_stress_CNV_supported	113	5110	ndGBM	DS3_GSE182109	09	0.022113502935420744	patient_id	final_annotation_refined
09	non_malignant_B_plasma_like	115	5110	ndGBM	DS3_GSE182109	09	0.022504892367906065	patient_id	final_annotation_refined
09	non_malignant_endothelial_reference_like	18	5110	ndGBM	DS3_GSE182109	09	0.0035225048923679062	patient_id	final_annotation_refined
09	non_malignant_mural_pericyte_fibroblast_like	60	5110	ndGBM	DS3_GSE182109	09	0.011741682974559686	patient_id	final_annotation_refined
09	non_malignant_oligodendrocyte_myelinating_reference_like	2	5110	ndGBM	DS3_GSE182109	09	0.0003913894324853229	patient_id	final_annotation_refined
09	non_malignant_rare_mast_cell_like_low_count	7	5110	ndGBM	DS3_GSE182109	09	0.0013698630136986301	patient_id	final_annotation_refined
09	review_MES_ECM_stromal_like_ambiguous_CNV_high	17	5110	ndGBM	DS3_GSE182109	09	0.0033268101761252445	patient_id	final_annotation_refined
09	review_T_NK_cells_dataset_biased_mixed_CNV	1112	5110	ndGBM	DS3_GSE182109	09	0.21761252446183954	patient_id	final_annotation_refined
09	review_ambiguous_mixed_Hb_T_NK_HLA	141	5110	ndGBM	DS3_GSE182109	09	0.027592954990215263	patient_id	final_annotation_refined
09	review_myeloid_APC_HLA_CD163_TAM_mixed_CNV	426	5110	ndGBM	DS3_GSE182109	09	0.08336594911937378	patient_id	final_annotation_refined
09	review_myeloid_C1Q_TREM2_APOE_TAM_mixed_CNV	1517	5110	ndGBM	DS3_GSE182109	09	0.2968688845401174	patient_id	final_annotation_refined
09	review_myeloid_FCN1_inflammatory_monocyte_CNV_discordant	198	5110	ndGBM	DS3_GSE182109	09	0.03874755381604697	patient_id	final_annotation_refined
09	review_myeloid_inflammatory_MES_associated_mixed_CNV	428	5110	ndGBM	DS3_GSE182109	09	0.0837573385518591	patient_id	final_annotation_refined
10	malignant_AC_like_reactive_CNV_supported	2	9691	ndGBM	DS3_GSE182109	10	0.00020637705087194304	patient_id	final_annotation_refined
10	malignant_OPC_NPC_like_CNV_supported	1	9691	ndGBM	DS3_GSE182109	10	0.00010318852543597152	patient_id	final_annotation_refined
10	review_T_NK_cells_dataset_biased_mixed_CNV	15	9691	ndGBM	DS3_GSE182109	10	0.0015478278815395728	patient_id	final_annotation_refined
10	review_ambiguous_mixed_Hb_T_NK_HLA	9654	9691	ndGBM	DS3_GSE182109	10	0.9961820245588691	patient_id	final_annotation_refined
10	review_myeloid_APC_HLA_CD163_TAM_mixed_CNV	6	9691	ndGBM	DS3_GSE182109	10	0.0006191311526158291	patient_id	final_annotation_refined
10	review_myeloid_C1Q_TREM2_APOE_TAM_mixed_CNV	11	9691	ndGBM	DS3_GSE182109	10	0.0011350737797956867	patient_id	final_annotation_refined
10	review_myeloid_inflammatory_MES_associated_mixed_CNV	2	9691	ndGBM	DS3_GSE182109	10	0.00020637705087194304	patient_id	final_annotation_refined
11	malignant_AC_like_reactive_CNV_supported	17	4223	ndGBM	DS3_GSE182109	11	0.004025574236324887	patient_id	final_annotation_refined
11	malignant_OPC_NPC_like_CNV_supported	16	4223	ndGBM	DS3_GSE182109	11	0.003788775751835188	patient_id	final_annotation_refined
11	non_malignant_endothelial_reference_like	8	4223	ndGBM	DS3_GSE182109	11	0.001894387875917594	patient_id	final_annotation_refined
11	non_malignant_mural_pericyte_fibroblast_like	3	4223	ndGBM	DS3_GSE182109	11	0.0007103954534690978	patient_id	final_annotation_refined
11	non_malignant_oligodendrocyte_myelinating_reference_like	54	4223	ndGBM	DS3_GSE182109	11	0.01278711816244376	patient_id	final_annotation_refined
11	review_MES_ECM_stromal_like_ambiguous_CNV_high	8	4223	ndGBM	DS3_GSE182109	11	0.001894387875917594	patient_id	final_annotation_refined
11	review_T_NK_cells_dataset_biased_mixed_CNV	79	4223	ndGBM	DS3_GSE182109	11	0.018707080274686243	patient_id	final_annotation_refined
11	review_ambiguous_mixed_Hb_T_NK_HLA	1	4223	ndGBM	DS3_GSE182109	11	0.00023679848448969926	patient_id	final_annotation_refined
11	review_erythroid_Hb_high_or_ambient_RBC	7	4223	ndGBM	DS3_GSE182109	11	0.0016575893914278948	patient_id	final_annotation_refined
11	review_myeloid_APC_HLA_CD163_TAM_mixed_CNV	5	4223	ndGBM	DS3_GSE182109	11	0.0011839924224484964	patient_id	final_annotation_refined
11	review_myeloid_C1Q_TREM2_APOE_TAM_mixed_CNV	4024	4223	ndGBM	DS3_GSE182109	11	0.9528771015865498	patient_id	final_annotation_refined
11	review_myeloid_inflammatory_MES_associated_mixed_CNV	1	4223	ndGBM	DS3_GSE182109	11	0.00023679848448969926	patient_id	final_annotation_refined
GSM8546833_BT356	cycling_malignant_like_candidate_CNV_supported	677	7112	GBM	DS4_GSE278450	GSM8546833_BT356	0.09519122609673791	patient_id	final_annotation_refined
GSM8546833_BT356	malignant_AC_like_reactive_CNV_supported	928	7112	GBM	DS4_GSE278450	GSM8546833_BT356	0.13048368953880765	patient_id	final_annotation_refined
GSM8546833_BT356	malignant_NPC_neuronal_like_CNV_supported	16	7112	GBM	DS4_GSE278450	GSM8546833_BT356	0.0022497187851518562	patient_id	final_annotation_refined
GSM8546833_BT356	malignant_OPC_NPC_like_CNV_supported	403	7112	GBM	DS4_GSE278450	GSM8546833_BT356	0.056664791901012375	patient_id	final_annotation_refined
GSM8546833_BT356	malignant_hypoxia_stress_CNV_supported	4917	7112	GBM	DS4_GSE278450	GSM8546833_BT356	0.6913667041619798	patient_id	final_annotation_refined
GSM8546833_BT356	non_malignant_endothelial_reference_like	5	7112	GBM	DS4_GSE278450	GSM8546833_BT356	0.000703037120359955	patient_id	final_annotation_refined
GSM8546833_BT356	non_malignant_mural_pericyte_fibroblast_like	34	7112	GBM	DS4_GSE278450	GSM8546833_BT356	0.004780652418447694	patient_id	final_annotation_refined
GSM8546833_BT356	non_malignant_oligodendrocyte_myelinating_reference_like	95	7112	GBM	DS4_GSE278450	GSM8546833_BT356	0.013357705286839145	patient_id	final_annotation_refined
GSM8546833_BT356	review_MES_ECM_stromal_like_ambiguous_CNV_high	10	7112	GBM	DS4_GSE278450	GSM8546833_BT356	0.00140607424071991	patient_id	final_annotation_refined
GSM8546833_BT356	review_T_NK_cells_dataset_biased_mixed_CNV	2	7112	GBM	DS4_GSE278450	GSM8546833_BT356	0.00028121484814398203	patient_id	final_annotation_refined
GSM8546833_BT356	review_ambiguous_mixed_Hb_T_NK_HLA	3	7112	GBM	DS4_GSE278450	GSM8546833_BT356	0.000421822272215973	patient_id	final_annotation_refined
GSM8546833_BT356	review_erythroid_Hb_high_or_ambient_RBC	2	7112	GBM	DS4_GSE278450	GSM8546833_BT356	0.00028121484814398203	patient_id	final_annotation_refined
GSM8546833_BT356	review_myeloid_C1Q_TREM2_APOE_TAM_mixed_CNV	1	7112	GBM	DS4_GSE278450	GSM8546833_BT356	0.00014060742407199101	patient_id	final_annotation_refined
GSM8546833_BT356	review_myeloid_FCN1_inflammatory_monocyte_CNV_discordant	1	7112	GBM	DS4_GSE278450	GSM8546833_BT356	0.00014060742407199101	patient_id	final_annotation_refined
GSM8546833_BT356	review_myeloid_inflammatory_MES_associated_mixed_CNV	18	7112	GBM	DS4_GSE278450	GSM8546833_BT356	0.002530933633295838	patient_id	final_annotation_refined
GSM8546834_BT363	cycling_malignant_like_candidate_CNV_supported	547	8928	GBM	DS4_GSE278450	GSM8546834_BT363	0.061267921146953404	patient_id	final_annotation_refined
GSM8546834_BT363	malignant_AC_like_reactive_CNV_supported	2722	8928	GBM	DS4_GSE278450	GSM8546834_BT363	0.3048835125448029	patient_id	final_annotation_refined
GSM8546834_BT363	malignant_NPC_neuronal_like_CNV_supported	41	8928	GBM	DS4_GSE278450	GSM8546834_BT363	0.004592293906810036	patient_id	final_annotation_refined
GSM8546834_BT363	malignant_OPC_NPC_like_CNV_supported	2635	8928	GBM	DS4_GSE278450	GSM8546834_BT363	0.2951388888888889	patient_id	final_annotation_refined
GSM8546834_BT363	malignant_hypoxia_stress_CNV_supported	2483	8928	GBM	DS4_GSE278450	GSM8546834_BT363	0.2781137992831541	patient_id	final_annotation_refined
GSM8546834_BT363	non_malignant_endothelial_reference_like	10	8928	GBM	DS4_GSE278450	GSM8546834_BT363	0.0011200716845878136	patient_id	final_annotation_refined
GSM8546834_BT363	non_malignant_mural_pericyte_fibroblast_like	5	8928	GBM	DS4_GSE278450	GSM8546834_BT363	0.0005600358422939068	patient_id	final_annotation_refined
GSM8546834_BT363	non_malignant_oligodendrocyte_myelinating_reference_like	250	8928	GBM	DS4_GSE278450	GSM8546834_BT363	0.02800179211469534	patient_id	final_annotation_refined
GSM8546834_BT363	review_MES_ECM_stromal_like_ambiguous_CNV_high	8	8928	GBM	DS4_GSE278450	GSM8546834_BT363	0.0008960573476702509	patient_id	final_annotation_refined
GSM8546834_BT363	review_ambiguous_mixed_Hb_T_NK_HLA	30	8928	GBM	DS4_GSE278450	GSM8546834_BT363	0.003360215053763441	patient_id	final_annotation_refined
GSM8546834_BT363	review_erythroid_Hb_high_or_ambient_RBC	2	8928	GBM	DS4_GSE278450	GSM8546834_BT363	0.00022401433691756272	patient_id	final_annotation_refined
GSM8546834_BT363	review_myeloid_APC_HLA_CD163_TAM_mixed_CNV	17	8928	GBM	DS4_GSE278450	GSM8546834_BT363	0.0019041218637992831	patient_id	final_annotation_refined
GSM8546834_BT363	review_myeloid_C1Q_TREM2_APOE_TAM_mixed_CNV	62	8928	GBM	DS4_GSE278450	GSM8546834_BT363	0.006944444444444444	patient_id	final_annotation_refined
GSM8546834_BT363	review_myeloid_FCN1_inflammatory_monocyte_CNV_discordant	1	8928	GBM	DS4_GSE278450	GSM8546834_BT363	0.00011200716845878136	patient_id	final_annotation_refined
GSM8546834_BT363	review_myeloid_inflammatory_MES_associated_mixed_CNV	115	8928	GBM	DS4_GSE278450	GSM8546834_BT363	0.012880824372759857	patient_id	final_annotation_refined
GSM8546835_BT364	cycling_malignant_like_candidate_CNV_supported	765	5719	GBM	DS4_GSE278450	GSM8546835_BT364	0.13376464416856093	patient_id	final_annotation_refined
GSM8546835_BT364	malignant_AC_like_reactive_CNV_supported	526	5719	GBM	DS4_GSE278450	GSM8546835_BT364	0.09197412134988635	patient_id	final_annotation_refined
GSM8546835_BT364	malignant_NPC_neuronal_like_CNV_supported	26	5719	GBM	DS4_GSE278450	GSM8546835_BT364	0.00454624934429096	patient_id	final_annotation_refined
GSM8546835_BT364	malignant_OPC_NPC_like_CNV_supported	1860	5719	GBM	DS4_GSE278450	GSM8546835_BT364	0.3252316838608148	patient_id	final_annotation_refined
GSM8546835_BT364	malignant_hypoxia_stress_CNV_supported	1803	5719	GBM	DS4_GSE278450	GSM8546835_BT364	0.315264906452177	patient_id	final_annotation_refined
GSM8546835_BT364	non_malignant_oligodendrocyte_myelinating_reference_like	221	5719	GBM	DS4_GSE278450	GSM8546835_BT364	0.03864311942647316	patient_id	final_annotation_refined
GSM8546835_BT364	review_MES_ECM_stromal_like_ambiguous_CNV_high	33	5719	GBM	DS4_GSE278450	GSM8546835_BT364	0.005770239552369295	patient_id	final_annotation_refined
GSM8546835_BT364	review_T_NK_cells_dataset_biased_mixed_CNV	3	5719	GBM	DS4_GSE278450	GSM8546835_BT364	0.0005245672320335723	patient_id	final_annotation_refined
GSM8546835_BT364	review_ambiguous_mixed_Hb_T_NK_HLA	12	5719	GBM	DS4_GSE278450	GSM8546835_BT364	0.0020982689281342894	patient_id	final_annotation_refined
GSM8546835_BT364	review_erythroid_Hb_high_or_ambient_RBC	2	5719	GBM	DS4_GSE278450	GSM8546835_BT364	0.0003497114880223815	patient_id	final_annotation_refined
GSM8546835_BT364	review_myeloid_APC_HLA_CD163_TAM_mixed_CNV	87	5719	GBM	DS4_GSE278450	GSM8546835_BT364	0.015212449728973596	patient_id	final_annotation_refined
GSM8546835_BT364	review_myeloid_C1Q_TREM2_APOE_TAM_mixed_CNV	212	5719	GBM	DS4_GSE278450	GSM8546835_BT364	0.03706941773037244	patient_id	final_annotation_refined
GSM8546835_BT364	review_myeloid_FCN1_inflammatory_monocyte_CNV_discordant	5	5719	GBM	DS4_GSE278450	GSM8546835_BT364	0.0008742787200559538	patient_id	final_annotation_refined
GSM8546835_BT364	review_myeloid_inflammatory_MES_associated_mixed_CNV	164	5719	GBM	DS4_GSE278450	GSM8546835_BT364	0.028676342017835286	patient_id	final_annotation_refined
GSM8546836_BT368	cycling_malignant_like_candidate_CNV_supported	439	2348	GBM	DS4_GSE278450	GSM8546836_BT368	0.18696763202725725	patient_id	final_annotation_refined
GSM8546836_BT368	malignant_AC_like_reactive_CNV_supported	172	2348	GBM	DS4_GSE278450	GSM8546836_BT368	0.07325383304940375	patient_id	final_annotation_refined
GSM8546836_BT368	malignant_NPC_neuronal_like_CNV_supported	956	2348	GBM	DS4_GSE278450	GSM8546836_BT368	0.4071550255536627	patient_id	final_annotation_refined
GSM8546836_BT368	malignant_OPC_NPC_like_CNV_supported	426	2348	GBM	DS4_GSE278450	GSM8546836_BT368	0.18143100511073254	patient_id	final_annotation_refined
GSM8546836_BT368	malignant_hypoxia_stress_CNV_supported	152	2348	GBM	DS4_GSE278450	GSM8546836_BT368	0.06473594548551959	patient_id	final_annotation_refined
GSM8546836_BT368	non_malignant_mural_pericyte_fibroblast_like	3	2348	GBM	DS4_GSE278450	GSM8546836_BT368	0.0012776831345826234	patient_id	final_annotation_refined
GSM8546836_BT368	non_malignant_oligodendrocyte_myelinating_reference_like	20	2348	GBM	DS4_GSE278450	GSM8546836_BT368	0.008517887563884156	patient_id	final_annotation_refined
GSM8546836_BT368	review_T_NK_cells_dataset_biased_mixed_CNV	2	2348	GBM	DS4_GSE278450	GSM8546836_BT368	0.0008517887563884157	patient_id	final_annotation_refined
GSM8546836_BT368	review_ambiguous_mixed_Hb_T_NK_HLA	9	2348	GBM	DS4_GSE278450	GSM8546836_BT368	0.0038330494037478705	patient_id	final_annotation_refined
GSM8546836_BT368	review_myeloid_APC_HLA_CD163_TAM_mixed_CNV	77	2348	GBM	DS4_GSE278450	GSM8546836_BT368	0.032793867120954	patient_id	final_annotation_refined
GSM8546836_BT368	review_myeloid_C1Q_TREM2_APOE_TAM_mixed_CNV	41	2348	GBM	DS4_GSE278450	GSM8546836_BT368	0.01746166950596252	patient_id	final_annotation_refined
GSM8546836_BT368	review_myeloid_FCN1_inflammatory_monocyte_CNV_discordant	2	2348	GBM	DS4_GSE278450	GSM8546836_BT368	0.0008517887563884157	patient_id	final_annotation_refined
GSM8546836_BT368	review_myeloid_inflammatory_MES_associated_mixed_CNV	49	2348	GBM	DS4_GSE278450	GSM8546836_BT368	0.020868824531516183	patient_id	final_annotation_refined
GSM8546837_BT369	cycling_malignant_like_candidate_CNV_supported	282	2617	GBM	DS4_GSE278450	GSM8546837_BT369	0.10775697363393198	patient_id	final_annotation_refined
GSM8546837_BT369	malignant_AC_like_reactive_CNV_supported	70	2617	GBM	DS4_GSE278450	GSM8546837_BT369	0.026748184944593044	patient_id	final_annotation_refined
GSM8546837_BT369	malignant_NPC_neuronal_like_CNV_supported	7	2617	GBM	DS4_GSE278450	GSM8546837_BT369	0.0026748184944593045	patient_id	final_annotation_refined
GSM8546837_BT369	malignant_OPC_NPC_like_CNV_supported	901	2617	GBM	DS4_GSE278450	GSM8546837_BT369	0.3442873519296905	patient_id	final_annotation_refined
GSM8546837_BT369	malignant_hypoxia_stress_CNV_supported	126	2617	GBM	DS4_GSE278450	GSM8546837_BT369	0.04814673290026748	patient_id	final_annotation_refined
GSM8546837_BT369	non_malignant_B_plasma_like	3	2617	GBM	DS4_GSE278450	GSM8546837_BT369	0.0011463507833397019	patient_id	final_annotation_refined
GSM8546837_BT369	non_malignant_endothelial_reference_like	3	2617	GBM	DS4_GSE278450	GSM8546837_BT369	0.0011463507833397019	patient_id	final_annotation_refined
GSM8546837_BT369	non_malignant_oligodendrocyte_myelinating_reference_like	123	2617	GBM	DS4_GSE278450	GSM8546837_BT369	0.04700038211692778	patient_id	final_annotation_refined
GSM8546837_BT369	non_malignant_rare_mast_cell_like_low_count	3	2617	GBM	DS4_GSE278450	GSM8546837_BT369	0.0011463507833397019	patient_id	final_annotation_refined
GSM8546837_BT369	review_MES_ECM_stromal_like_ambiguous_CNV_high	4	2617	GBM	DS4_GSE278450	GSM8546837_BT369	0.0015284677111196026	patient_id	final_annotation_refined
GSM8546837_BT369	review_T_NK_cells_dataset_biased_mixed_CNV	18	2617	GBM	DS4_GSE278450	GSM8546837_BT369	0.006878104700038212	patient_id	final_annotation_refined
GSM8546837_BT369	review_ambiguous_mixed_Hb_T_NK_HLA	37	2617	GBM	DS4_GSE278450	GSM8546837_BT369	0.014138326327856323	patient_id	final_annotation_refined
GSM8546837_BT369	review_erythroid_Hb_high_or_ambient_RBC	1	2617	GBM	DS4_GSE278450	GSM8546837_BT369	0.00038211692777990065	patient_id	final_annotation_refined
GSM8546837_BT369	review_myeloid_APC_HLA_CD163_TAM_mixed_CNV	536	2617	GBM	DS4_GSE278450	GSM8546837_BT369	0.20481467329002676	patient_id	final_annotation_refined
GSM8546837_BT369	review_myeloid_C1Q_TREM2_APOE_TAM_mixed_CNV	342	2617	GBM	DS4_GSE278450	GSM8546837_BT369	0.13068398930072603	patient_id	final_annotation_refined
GSM8546837_BT369	review_myeloid_FCN1_inflammatory_monocyte_CNV_discordant	9	2617	GBM	DS4_GSE278450	GSM8546837_BT369	0.003439052350019106	patient_id	final_annotation_refined
GSM8546837_BT369	review_myeloid_inflammatory_MES_associated_mixed_CNV	152	2617	GBM	DS4_GSE278450	GSM8546837_BT369	0.0580817730225449	patient_id	final_annotation_refined
GSM8546838_BT373	cycling_malignant_like_candidate_CNV_supported	796	6241	GBM	DS4_GSE278450	GSM8546838_BT373	0.12754366287453933	patient_id	final_annotation_refined
GSM8546838_BT373	malignant_AC_like_reactive_CNV_supported	413	6241	GBM	DS4_GSE278450	GSM8546838_BT373	0.06617529242108637	patient_id	final_annotation_refined
GSM8546838_BT373	malignant_NPC_neuronal_like_CNV_supported	123	6241	GBM	DS4_GSE278450	GSM8546838_BT373	0.01970838006729691	patient_id	final_annotation_refined
GSM8546838_BT373	malignant_OPC_NPC_like_CNV_supported	798	6241	GBM	DS4_GSE278450	GSM8546838_BT373	0.12786412433904823	patient_id	final_annotation_refined
GSM8546838_BT373	malignant_hypoxia_stress_CNV_supported	2763	6241	GBM	DS4_GSE278450	GSM8546838_BT373	0.4427175132190354	patient_id	final_annotation_refined
GSM8546838_BT373	non_malignant_B_plasma_like	1	6241	GBM	DS4_GSE278450	GSM8546838_BT373	0.0001602307322544464	patient_id	final_annotation_refined
GSM8546838_BT373	non_malignant_mural_pericyte_fibroblast_like	1	6241	GBM	DS4_GSE278450	GSM8546838_BT373	0.0001602307322544464	patient_id	final_annotation_refined
GSM8546838_BT373	non_malignant_oligodendrocyte_myelinating_reference_like	178	6241	GBM	DS4_GSE278450	GSM8546838_BT373	0.02852107034129146	patient_id	final_annotation_refined
GSM8546838_BT373	review_MES_ECM_stromal_like_ambiguous_CNV_high	11	6241	GBM	DS4_GSE278450	GSM8546838_BT373	0.0017625380547989103	patient_id	final_annotation_refined
GSM8546838_BT373	review_ambiguous_mixed_Hb_T_NK_HLA	47	6241	GBM	DS4_GSE278450	GSM8546838_BT373	0.007530844415958981	patient_id	final_annotation_refined
GSM8546838_BT373	review_erythroid_Hb_high_or_ambient_RBC	2	6241	GBM	DS4_GSE278450	GSM8546838_BT373	0.0003204614645088928	patient_id	final_annotation_refined
GSM8546838_BT373	review_myeloid_APC_HLA_CD163_TAM_mixed_CNV	249	6241	GBM	DS4_GSE278450	GSM8546838_BT373	0.03989745233135716	patient_id	final_annotation_refined
GSM8546838_BT373	review_myeloid_C1Q_TREM2_APOE_TAM_mixed_CNV	213	6241	GBM	DS4_GSE278450	GSM8546838_BT373	0.03412914597019708	patient_id	final_annotation_refined
GSM8546838_BT373	review_myeloid_FCN1_inflammatory_monocyte_CNV_discordant	4	6241	GBM	DS4_GSE278450	GSM8546838_BT373	0.0006409229290177856	patient_id	final_annotation_refined
GSM8546838_BT373	review_myeloid_inflammatory_MES_associated_mixed_CNV	642	6241	GBM	DS4_GSE278450	GSM8546838_BT373	0.10286813010735459	patient_id	final_annotation_refined
GSM8546839_BT374	cycling_malignant_like_candidate_CNV_supported	154	2283	GBM	DS4_GSE278450	GSM8546839_BT374	0.067455102934735	patient_id	final_annotation_refined
GSM8546839_BT374	malignant_AC_like_reactive_CNV_supported	146	2283	GBM	DS4_GSE278450	GSM8546839_BT374	0.0639509417433202	patient_id	final_annotation_refined
GSM8546839_BT374	malignant_NPC_neuronal_like_CNV_supported	1	2283	GBM	DS4_GSE278450	GSM8546839_BT374	0.0004380201489268506	patient_id	final_annotation_refined
GSM8546839_BT374	malignant_OPC_NPC_like_CNV_supported	757	2283	GBM	DS4_GSE278450	GSM8546839_BT374	0.33158125273762595	patient_id	final_annotation_refined
GSM8546839_BT374	malignant_hypoxia_stress_CNV_supported	650	2283	GBM	DS4_GSE278450	GSM8546839_BT374	0.28471309680245294	patient_id	final_annotation_refined
GSM8546839_BT374	non_malignant_oligodendrocyte_myelinating_reference_like	105	2283	GBM	DS4_GSE278450	GSM8546839_BT374	0.045992115637319315	patient_id	final_annotation_refined
GSM8546839_BT374	review_MES_ECM_stromal_like_ambiguous_CNV_high	39	2283	GBM	DS4_GSE278450	GSM8546839_BT374	0.017082785808147174	patient_id	final_annotation_refined
GSM8546839_BT374	review_T_NK_cells_dataset_biased_mixed_CNV	3	2283	GBM	DS4_GSE278450	GSM8546839_BT374	0.001314060446780552	patient_id	final_annotation_refined
GSM8546839_BT374	review_ambiguous_mixed_Hb_T_NK_HLA	2	2283	GBM	DS4_GSE278450	GSM8546839_BT374	0.0008760402978537013	patient_id	final_annotation_refined
GSM8546839_BT374	review_myeloid_APC_HLA_CD163_TAM_mixed_CNV	253	2283	GBM	DS4_GSE278450	GSM8546839_BT374	0.11081909767849321	patient_id	final_annotation_refined
GSM8546839_BT374	review_myeloid_C1Q_TREM2_APOE_TAM_mixed_CNV	71	2283	GBM	DS4_GSE278450	GSM8546839_BT374	0.031099430573806396	patient_id	final_annotation_refined
GSM8546839_BT374	review_myeloid_inflammatory_MES_associated_mixed_CNV	102	2283	GBM	DS4_GSE278450	GSM8546839_BT374	0.04467805519053877	patient_id	final_annotation_refined
GSM8546840_BT377	cycling_malignant_like_candidate_CNV_supported	181	3487	GBM	DS4_GSE278450	GSM8546840_BT377	0.05190708345282478	patient_id	final_annotation_refined
GSM8546840_BT377	malignant_AC_like_reactive_CNV_supported	15	3487	GBM	DS4_GSE278450	GSM8546840_BT377	0.004301691998852882	patient_id	final_annotation_refined
GSM8546840_BT377	malignant_NPC_neuronal_like_CNV_supported	131	3487	GBM	DS4_GSE278450	GSM8546840_BT377	0.03756811012331517	patient_id	final_annotation_refined
GSM8546840_BT377	malignant_OPC_NPC_like_CNV_supported	353	3487	GBM	DS4_GSE278450	GSM8546840_BT377	0.10123315170633783	patient_id	final_annotation_refined
GSM8546840_BT377	malignant_hypoxia_stress_CNV_supported	28	3487	GBM	DS4_GSE278450	GSM8546840_BT377	0.00802982506452538	patient_id	final_annotation_refined
GSM8546840_BT377	non_malignant_endothelial_reference_like	1	3487	GBM	DS4_GSE278450	GSM8546840_BT377	0.00028677946659019213	patient_id	final_annotation_refined
GSM8546840_BT377	non_malignant_oligodendrocyte_myelinating_reference_like	58	3487	GBM	DS4_GSE278450	GSM8546840_BT377	0.016633209062231143	patient_id	final_annotation_refined
GSM8546840_BT377	review_T_NK_cells_dataset_biased_mixed_CNV	21	3487	GBM	DS4_GSE278450	GSM8546840_BT377	0.006022368798394035	patient_id	final_annotation_refined
GSM8546840_BT377	review_ambiguous_mixed_Hb_T_NK_HLA	23	3487	GBM	DS4_GSE278450	GSM8546840_BT377	0.00659592773157442	patient_id	final_annotation_refined
GSM8546840_BT377	review_myeloid_APC_HLA_CD163_TAM_mixed_CNV	200	3487	GBM	DS4_GSE278450	GSM8546840_BT377	0.05735589331803843	patient_id	final_annotation_refined
GSM8546840_BT377	review_myeloid_C1Q_TREM2_APOE_TAM_mixed_CNV	2003	3487	GBM	DS4_GSE278450	GSM8546840_BT377	0.5744192715801548	patient_id	final_annotation_refined
GSM8546840_BT377	review_myeloid_FCN1_inflammatory_monocyte_CNV_discordant	1	3487	GBM	DS4_GSE278450	GSM8546840_BT377	0.00028677946659019213	patient_id	final_annotation_refined
GSM8546840_BT377	review_myeloid_inflammatory_MES_associated_mixed_CNV	472	3487	GBM	DS4_GSE278450	GSM8546840_BT377	0.1353599082305707	patient_id	final_annotation_refined
GSM8546841_BT380	cycling_malignant_like_candidate_CNV_supported	167	3848	GBM	DS4_GSE278450	GSM8546841_BT380	0.0433991683991684	patient_id	final_annotation_refined
GSM8546841_BT380	malignant_AC_like_reactive_CNV_supported	78	3848	GBM	DS4_GSE278450	GSM8546841_BT380	0.02027027027027027	patient_id	final_annotation_refined
GSM8546841_BT380	malignant_NPC_neuronal_like_CNV_supported	9	3848	GBM	DS4_GSE278450	GSM8546841_BT380	0.002338877338877339	patient_id	final_annotation_refined
GSM8546841_BT380	malignant_OPC_NPC_like_CNV_supported	270	3848	GBM	DS4_GSE278450	GSM8546841_BT380	0.07016632016632017	patient_id	final_annotation_refined
GSM8546841_BT380	malignant_hypoxia_stress_CNV_supported	483	3848	GBM	DS4_GSE278450	GSM8546841_BT380	0.1255197505197505	patient_id	final_annotation_refined
GSM8546841_BT380	non_malignant_oligodendrocyte_myelinating_reference_like	75	3848	GBM	DS4_GSE278450	GSM8546841_BT380	0.01949064449064449	patient_id	final_annotation_refined
GSM8546841_BT380	review_MES_ECM_stromal_like_ambiguous_CNV_high	6	3848	GBM	DS4_GSE278450	GSM8546841_BT380	0.0015592515592515593	patient_id	final_annotation_refined
GSM8546841_BT380	review_T_NK_cells_dataset_biased_mixed_CNV	6	3848	GBM	DS4_GSE278450	GSM8546841_BT380	0.0015592515592515593	patient_id	final_annotation_refined
GSM8546841_BT380	review_ambiguous_mixed_Hb_T_NK_HLA	30	3848	GBM	DS4_GSE278450	GSM8546841_BT380	0.007796257796257797	patient_id	final_annotation_refined
GSM8546841_BT380	review_myeloid_APC_HLA_CD163_TAM_mixed_CNV	368	3848	GBM	DS4_GSE278450	GSM8546841_BT380	0.09563409563409564	patient_id	final_annotation_refined
GSM8546841_BT380	review_myeloid_C1Q_TREM2_APOE_TAM_mixed_CNV	1233	3848	GBM	DS4_GSE278450	GSM8546841_BT380	0.32042619542619544	patient_id	final_annotation_refined
GSM8546841_BT380	review_myeloid_FCN1_inflammatory_monocyte_CNV_discordant	2	3848	GBM	DS4_GSE278450	GSM8546841_BT380	0.0005197505197505198	patient_id	final_annotation_refined
GSM8546841_BT380	review_myeloid_inflammatory_MES_associated_mixed_CNV	1121	3848	GBM	DS4_GSE278450	GSM8546841_BT380	0.29132016632016633	patient_id	final_annotation_refined
GSM8546842_BT389A	cycling_malignant_like_candidate_CNV_supported	102	4478	GBM	DS4_GSE278450	GSM8546842_BT389A	0.022778025904421618	patient_id	final_annotation_refined
GSM8546842_BT389A	malignant_AC_like_reactive_CNV_supported	162	4478	GBM	DS4_GSE278450	GSM8546842_BT389A	0.036176864671728454	patient_id	final_annotation_refined
GSM8546842_BT389A	malignant_NPC_neuronal_like_CNV_supported	3	4478	GBM	DS4_GSE278450	GSM8546842_BT389A	0.0006699419383653417	patient_id	final_annotation_refined
GSM8546842_BT389A	malignant_OPC_NPC_like_CNV_supported	128	4478	GBM	DS4_GSE278450	GSM8546842_BT389A	0.028584189370254576	patient_id	final_annotation_refined
GSM8546842_BT389A	malignant_hypoxia_stress_CNV_supported	107	4478	GBM	DS4_GSE278450	GSM8546842_BT389A	0.023894595801697185	patient_id	final_annotation_refined
GSM8546842_BT389A	non_malignant_endothelial_reference_like	1	4478	GBM	DS4_GSE278450	GSM8546842_BT389A	0.00022331397945511388	patient_id	final_annotation_refined
GSM8546842_BT389A	non_malignant_mural_pericyte_fibroblast_like	12	4478	GBM	DS4_GSE278450	GSM8546842_BT389A	0.0026797677534613666	patient_id	final_annotation_refined
GSM8546842_BT389A	non_malignant_oligodendrocyte_myelinating_reference_like	1464	4478	GBM	DS4_GSE278450	GSM8546842_BT389A	0.32693166592228673	patient_id	final_annotation_refined
GSM8546842_BT389A	review_MES_ECM_stromal_like_ambiguous_CNV_high	2	4478	GBM	DS4_GSE278450	GSM8546842_BT389A	0.00044662795891022776	patient_id	final_annotation_refined
GSM8546842_BT389A	review_T_NK_cells_dataset_biased_mixed_CNV	25	4478	GBM	DS4_GSE278450	GSM8546842_BT389A	0.005582849486377847	patient_id	final_annotation_refined
GSM8546842_BT389A	review_ambiguous_mixed_Hb_T_NK_HLA	50	4478	GBM	DS4_GSE278450	GSM8546842_BT389A	0.011165698972755694	patient_id	final_annotation_refined
GSM8546842_BT389A	review_erythroid_Hb_high_or_ambient_RBC	4	4478	GBM	DS4_GSE278450	GSM8546842_BT389A	0.0008932559178204555	patient_id	final_annotation_refined
GSM8546842_BT389A	review_myeloid_APC_HLA_CD163_TAM_mixed_CNV	1038	4478	GBM	DS4_GSE278450	GSM8546842_BT389A	0.23179991067440822	patient_id	final_annotation_refined
GSM8546842_BT389A	review_myeloid_C1Q_TREM2_APOE_TAM_mixed_CNV	531	4478	GBM	DS4_GSE278450	GSM8546842_BT389A	0.11857972309066547	patient_id	final_annotation_refined
GSM8546842_BT389A	review_myeloid_FCN1_inflammatory_monocyte_CNV_discordant	3	4478	GBM	DS4_GSE278450	GSM8546842_BT389A	0.0006699419383653417	patient_id	final_annotation_refined
GSM8546842_BT389A	review_myeloid_inflammatory_MES_associated_mixed_CNV	846	4478	GBM	DS4_GSE278450	GSM8546842_BT389A	0.18892362661902634	patient_id	final_annotation_refined
GSM8546843_BT389	cycling_malignant_like_candidate_CNV_supported	347	3987	GBM	DS4_GSE278450	GSM8546843_BT389	0.08703285678454979	patient_id	final_annotation_refined
GSM8546843_BT389	malignant_AC_like_reactive_CNV_supported	31	3987	GBM	DS4_GSE278450	GSM8546843_BT389	0.007775269626285428	patient_id	final_annotation_refined
GSM8546843_BT389	malignant_NPC_neuronal_like_CNV_supported	314	3987	GBM	DS4_GSE278450	GSM8546843_BT389	0.07875595685979433	patient_id	final_annotation_refined
GSM8546843_BT389	malignant_OPC_NPC_like_CNV_supported	219	3987	GBM	DS4_GSE278450	GSM8546843_BT389	0.05492851768246802	patient_id	final_annotation_refined
GSM8546843_BT389	malignant_hypoxia_stress_CNV_supported	125	3987	GBM	DS4_GSE278450	GSM8546843_BT389	0.031351893654376725	patient_id	final_annotation_refined
GSM8546843_BT389	non_malignant_B_plasma_like	1	3987	GBM	DS4_GSE278450	GSM8546843_BT389	0.00025081514923501377	patient_id	final_annotation_refined
GSM8546843_BT389	non_malignant_oligodendrocyte_myelinating_reference_like	104	3987	GBM	DS4_GSE278450	GSM8546843_BT389	0.026084775520441434	patient_id	final_annotation_refined
GSM8546843_BT389	review_T_NK_cells_dataset_biased_mixed_CNV	23	3987	GBM	DS4_GSE278450	GSM8546843_BT389	0.005768748432405317	patient_id	final_annotation_refined
GSM8546843_BT389	review_ambiguous_mixed_Hb_T_NK_HLA	75	3987	GBM	DS4_GSE278450	GSM8546843_BT389	0.018811136192626036	patient_id	final_annotation_refined
GSM8546843_BT389	review_myeloid_APC_HLA_CD163_TAM_mixed_CNV	667	3987	GBM	DS4_GSE278450	GSM8546843_BT389	0.1672937045397542	patient_id	final_annotation_refined
GSM8546843_BT389	review_myeloid_C1Q_TREM2_APOE_TAM_mixed_CNV	1586	3987	GBM	DS4_GSE278450	GSM8546843_BT389	0.3977928266867319	patient_id	final_annotation_refined
GSM8546843_BT389	review_myeloid_FCN1_inflammatory_monocyte_CNV_discordant	7	3987	GBM	DS4_GSE278450	GSM8546843_BT389	0.0017557060446450965	patient_id	final_annotation_refined
GSM8546843_BT389	review_myeloid_inflammatory_MES_associated_mixed_CNV	488	3987	GBM	DS4_GSE278450	GSM8546843_BT389	0.12239779282668674	patient_id	final_annotation_refined
GSM8546844_BT390	cycling_malignant_like_candidate_CNV_supported	175	3336	GBM	DS4_GSE278450	GSM8546844_BT390	0.05245803357314149	patient_id	final_annotation_refined
GSM8546844_BT390	malignant_AC_like_reactive_CNV_supported	123	3336	GBM	DS4_GSE278450	GSM8546844_BT390	0.0368705035971223	patient_id	final_annotation_refined
GSM8546844_BT390	malignant_NPC_neuronal_like_CNV_supported	13	3336	GBM	DS4_GSE278450	GSM8546844_BT390	0.0038968824940047962	patient_id	final_annotation_refined
GSM8546844_BT390	malignant_OPC_NPC_like_CNV_supported	319	3336	GBM	DS4_GSE278450	GSM8546844_BT390	0.09562350119904077	patient_id	final_annotation_refined
GSM8546844_BT390	malignant_hypoxia_stress_CNV_supported	434	3336	GBM	DS4_GSE278450	GSM8546844_BT390	0.13009592326139088	patient_id	final_annotation_refined
GSM8546844_BT390	non_malignant_oligodendrocyte_myelinating_reference_like	702	3336	GBM	DS4_GSE278450	GSM8546844_BT390	0.210431654676259	patient_id	final_annotation_refined
GSM8546844_BT390	review_MES_ECM_stromal_like_ambiguous_CNV_high	4	3336	GBM	DS4_GSE278450	GSM8546844_BT390	0.001199040767386091	patient_id	final_annotation_refined
GSM8546844_BT390	review_T_NK_cells_dataset_biased_mixed_CNV	4	3336	GBM	DS4_GSE278450	GSM8546844_BT390	0.001199040767386091	patient_id	final_annotation_refined
GSM8546844_BT390	review_ambiguous_mixed_Hb_T_NK_HLA	29	3336	GBM	DS4_GSE278450	GSM8546844_BT390	0.00869304556354916	patient_id	final_annotation_refined
GSM8546844_BT390	review_myeloid_APC_HLA_CD163_TAM_mixed_CNV	69	3336	GBM	DS4_GSE278450	GSM8546844_BT390	0.02068345323741007	patient_id	final_annotation_refined
GSM8546844_BT390	review_myeloid_C1Q_TREM2_APOE_TAM_mixed_CNV	835	3336	GBM	DS4_GSE278450	GSM8546844_BT390	0.2502997601918465	patient_id	final_annotation_refined
GSM8546844_BT390	review_myeloid_FCN1_inflammatory_monocyte_CNV_discordant	3	3336	GBM	DS4_GSE278450	GSM8546844_BT390	0.0008992805755395684	patient_id	final_annotation_refined
GSM8546844_BT390	review_myeloid_inflammatory_MES_associated_mixed_CNV	626	3336	GBM	DS4_GSE278450	GSM8546844_BT390	0.18764988009592326	patient_id	final_annotation_refined
GSM8546845_BT396	cycling_malignant_like_candidate_CNV_supported	113	3577	GBM	DS4_GSE278450	GSM8546845_BT396	0.03159071847917249	patient_id	final_annotation_refined
GSM8546845_BT396	malignant_AC_like_reactive_CNV_supported	53	3577	GBM	DS4_GSE278450	GSM8546845_BT396	0.014816885658372938	patient_id	final_annotation_refined
GSM8546845_BT396	malignant_NPC_neuronal_like_CNV_supported	64	3577	GBM	DS4_GSE278450	GSM8546845_BT396	0.01789208834218619	patient_id	final_annotation_refined
GSM8546845_BT396	malignant_OPC_NPC_like_CNV_supported	332	3577	GBM	DS4_GSE278450	GSM8546845_BT396	0.09281520827509086	patient_id	final_annotation_refined
GSM8546845_BT396	malignant_hypoxia_stress_CNV_supported	52	3577	GBM	DS4_GSE278450	GSM8546845_BT396	0.01453732177802628	patient_id	final_annotation_refined
GSM8546845_BT396	non_malignant_oligodendrocyte_myelinating_reference_like	1680	3577	GBM	DS4_GSE278450	GSM8546845_BT396	0.46966731898238745	patient_id	final_annotation_refined
GSM8546845_BT396	review_MES_ECM_stromal_like_ambiguous_CNV_high	1	3577	GBM	DS4_GSE278450	GSM8546845_BT396	0.0002795638803466592	patient_id	final_annotation_refined
GSM8546845_BT396	review_T_NK_cells_dataset_biased_mixed_CNV	23	3577	GBM	DS4_GSE278450	GSM8546845_BT396	0.006429969247973162	patient_id	final_annotation_refined
GSM8546845_BT396	review_ambiguous_mixed_Hb_T_NK_HLA	2	3577	GBM	DS4_GSE278450	GSM8546845_BT396	0.0005591277606933184	patient_id	final_annotation_refined
GSM8546845_BT396	review_myeloid_APC_HLA_CD163_TAM_mixed_CNV	104	3577	GBM	DS4_GSE278450	GSM8546845_BT396	0.02907464355605256	patient_id	final_annotation_refined
GSM8546845_BT396	review_myeloid_C1Q_TREM2_APOE_TAM_mixed_CNV	1053	3577	GBM	DS4_GSE278450	GSM8546845_BT396	0.29438076600503216	patient_id	final_annotation_refined
GSM8546845_BT396	review_myeloid_FCN1_inflammatory_monocyte_CNV_discordant	1	3577	GBM	DS4_GSE278450	GSM8546845_BT396	0.0002795638803466592	patient_id	final_annotation_refined
GSM8546845_BT396	review_myeloid_inflammatory_MES_associated_mixed_CNV	99	3577	GBM	DS4_GSE278450	GSM8546845_BT396	0.02767682415431926	patient_id	final_annotation_refined
GSM8546846_BT397	cycling_malignant_like_candidate_CNV_supported	214	2916	GBM	DS4_GSE278450	GSM8546846_BT397	0.07338820301783265	patient_id	final_annotation_refined
GSM8546846_BT397	malignant_AC_like_reactive_CNV_supported	25	2916	GBM	DS4_GSE278450	GSM8546846_BT397	0.008573388203017833	patient_id	final_annotation_refined
GSM8546846_BT397	malignant_NPC_neuronal_like_CNV_supported	92	2916	GBM	DS4_GSE278450	GSM8546846_BT397	0.03155006858710562	patient_id	final_annotation_refined
GSM8546846_BT397	malignant_OPC_NPC_like_CNV_supported	189	2916	GBM	DS4_GSE278450	GSM8546846_BT397	0.06481481481481481	patient_id	final_annotation_refined
GSM8546846_BT397	malignant_hypoxia_stress_CNV_supported	19	2916	GBM	DS4_GSE278450	GSM8546846_BT397	0.006515775034293553	patient_id	final_annotation_refined
GSM8546846_BT397	non_malignant_B_plasma_like	2	2916	GBM	DS4_GSE278450	GSM8546846_BT397	0.0006858710562414266	patient_id	final_annotation_refined
GSM8546846_BT397	non_malignant_oligodendrocyte_myelinating_reference_like	33	2916	GBM	DS4_GSE278450	GSM8546846_BT397	0.01131687242798354	patient_id	final_annotation_refined
GSM8546846_BT397	non_malignant_rare_mast_cell_like_low_count	1	2916	GBM	DS4_GSE278450	GSM8546846_BT397	0.0003429355281207133	patient_id	final_annotation_refined
GSM8546846_BT397	review_T_NK_cells_dataset_biased_mixed_CNV	56	2916	GBM	DS4_GSE278450	GSM8546846_BT397	0.019204389574759947	patient_id	final_annotation_refined
GSM8546846_BT397	review_ambiguous_mixed_Hb_T_NK_HLA	1	2916	GBM	DS4_GSE278450	GSM8546846_BT397	0.0003429355281207133	patient_id	final_annotation_refined
GSM8546846_BT397	review_myeloid_APC_HLA_CD163_TAM_mixed_CNV	504	2916	GBM	DS4_GSE278450	GSM8546846_BT397	0.1728395061728395	patient_id	final_annotation_refined
GSM8546846_BT397	review_myeloid_C1Q_TREM2_APOE_TAM_mixed_CNV	1447	2916	GBM	DS4_GSE278450	GSM8546846_BT397	0.49622770919067216	patient_id	final_annotation_refined
GSM8546846_BT397	review_myeloid_FCN1_inflammatory_monocyte_CNV_discordant	29	2916	GBM	DS4_GSE278450	GSM8546846_BT397	0.009945130315500686	patient_id	final_annotation_refined
GSM8546846_BT397	review_myeloid_inflammatory_MES_associated_mixed_CNV	304	2916	GBM	DS4_GSE278450	GSM8546846_BT397	0.10425240054869685	patient_id	final_annotation_refined
GSM8546847_BT400	cycling_malignant_like_candidate_CNV_supported	1700	4911	GBM	DS4_GSE278450	GSM8546847_BT400	0.3461616778660151	patient_id	final_annotation_refined
GSM8546847_BT400	malignant_AC_like_reactive_CNV_supported	109	4911	GBM	DS4_GSE278450	GSM8546847_BT400	0.02219507228670332	patient_id	final_annotation_refined
GSM8546847_BT400	malignant_NPC_neuronal_like_CNV_supported	148	4911	GBM	DS4_GSE278450	GSM8546847_BT400	0.03013642842598249	patient_id	final_annotation_refined
GSM8546847_BT400	malignant_OPC_NPC_like_CNV_supported	2281	4911	GBM	DS4_GSE278450	GSM8546847_BT400	0.4644675218896355	patient_id	final_annotation_refined
GSM8546847_BT400	malignant_hypoxia_stress_CNV_supported	172	4911	GBM	DS4_GSE278450	GSM8546847_BT400	0.035023416819385055	patient_id	final_annotation_refined
GSM8546847_BT400	non_malignant_endothelial_reference_like	2	4911	GBM	DS4_GSE278450	GSM8546847_BT400	0.00040724903278354713	patient_id	final_annotation_refined
GSM8546847_BT400	non_malignant_mural_pericyte_fibroblast_like	8	4911	GBM	DS4_GSE278450	GSM8546847_BT400	0.0016289961311341885	patient_id	final_annotation_refined
GSM8546847_BT400	non_malignant_oligodendrocyte_myelinating_reference_like	6	4911	GBM	DS4_GSE278450	GSM8546847_BT400	0.0012217470983506415	patient_id	final_annotation_refined
GSM8546847_BT400	review_MES_ECM_stromal_like_ambiguous_CNV_high	22	4911	GBM	DS4_GSE278450	GSM8546847_BT400	0.004479739360619018	patient_id	final_annotation_refined
GSM8546847_BT400	review_T_NK_cells_dataset_biased_mixed_CNV	1	4911	GBM	DS4_GSE278450	GSM8546847_BT400	0.00020362451639177357	patient_id	final_annotation_refined
GSM8546847_BT400	review_ambiguous_mixed_Hb_T_NK_HLA	37	4911	GBM	DS4_GSE278450	GSM8546847_BT400	0.007534107106495622	patient_id	final_annotation_refined
GSM8546847_BT400	review_myeloid_APC_HLA_CD163_TAM_mixed_CNV	50	4911	GBM	DS4_GSE278450	GSM8546847_BT400	0.010181225819588679	patient_id	final_annotation_refined
GSM8546847_BT400	review_myeloid_C1Q_TREM2_APOE_TAM_mixed_CNV	348	4911	GBM	DS4_GSE278450	GSM8546847_BT400	0.0708613317043372	patient_id	final_annotation_refined
GSM8546847_BT400	review_myeloid_inflammatory_MES_associated_mixed_CNV	27	4911	GBM	DS4_GSE278450	GSM8546847_BT400	0.005497861942577886	patient_id	final_annotation_refined
GSM8546848_BT402	cycling_malignant_like_candidate_CNV_supported	248	4754	GBM	DS4_GSE278450	GSM8546848_BT402	0.052166596550273454	patient_id	final_annotation_refined
GSM8546848_BT402	malignant_AC_like_reactive_CNV_supported	15	4754	GBM	DS4_GSE278450	GSM8546848_BT402	0.003155237694572991	patient_id	final_annotation_refined
GSM8546848_BT402	malignant_NPC_neuronal_like_CNV_supported	15	4754	GBM	DS4_GSE278450	GSM8546848_BT402	0.003155237694572991	patient_id	final_annotation_refined
GSM8546848_BT402	malignant_OPC_NPC_like_CNV_supported	764	4754	GBM	DS4_GSE278450	GSM8546848_BT402	0.16070677324358434	patient_id	final_annotation_refined
GSM8546848_BT402	malignant_hypoxia_stress_CNV_supported	2	4754	GBM	DS4_GSE278450	GSM8546848_BT402	0.00042069835927639884	patient_id	final_annotation_refined
GSM8546848_BT402	non_malignant_B_plasma_like	1	4754	GBM	DS4_GSE278450	GSM8546848_BT402	0.00021034917963819942	patient_id	final_annotation_refined
GSM8546848_BT402	non_malignant_mural_pericyte_fibroblast_like	1	4754	GBM	DS4_GSE278450	GSM8546848_BT402	0.00021034917963819942	patient_id	final_annotation_refined
GSM8546848_BT402	non_malignant_oligodendrocyte_myelinating_reference_like	45	4754	GBM	DS4_GSE278450	GSM8546848_BT402	0.009465713083718973	patient_id	final_annotation_refined
GSM8546848_BT402	review_T_NK_cells_dataset_biased_mixed_CNV	75	4754	GBM	DS4_GSE278450	GSM8546848_BT402	0.015776188472864956	patient_id	final_annotation_refined
GSM8546848_BT402	review_ambiguous_mixed_Hb_T_NK_HLA	46	4754	GBM	DS4_GSE278450	GSM8546848_BT402	0.009676062263357174	patient_id	final_annotation_refined
GSM8546848_BT402	review_erythroid_Hb_high_or_ambient_RBC	1	4754	GBM	DS4_GSE278450	GSM8546848_BT402	0.00021034917963819942	patient_id	final_annotation_refined
GSM8546848_BT402	review_myeloid_APC_HLA_CD163_TAM_mixed_CNV	586	4754	GBM	DS4_GSE278450	GSM8546848_BT402	0.12326461926798485	patient_id	final_annotation_refined
GSM8546848_BT402	review_myeloid_C1Q_TREM2_APOE_TAM_mixed_CNV	2861	4754	GBM	DS4_GSE278450	GSM8546848_BT402	0.6018090029448885	patient_id	final_annotation_refined
GSM8546848_BT402	review_myeloid_FCN1_inflammatory_monocyte_CNV_discordant	10	4754	GBM	DS4_GSE278450	GSM8546848_BT402	0.002103491796381994	patient_id	final_annotation_refined
GSM8546848_BT402	review_myeloid_inflammatory_MES_associated_mixed_CNV	84	4754	GBM	DS4_GSE278450	GSM8546848_BT402	0.01766933108960875	patient_id	final_annotation_refined
GSM8546849_BT407	cycling_malignant_like_candidate_CNV_supported	18	3474	GBM	DS4_GSE278450	GSM8546849_BT407	0.0051813471502590676	patient_id	final_annotation_refined
GSM8546849_BT407	malignant_AC_like_reactive_CNV_supported	43	3474	GBM	DS4_GSE278450	GSM8546849_BT407	0.012377662636729994	patient_id	final_annotation_refined
GSM8546849_BT407	malignant_NPC_neuronal_like_CNV_supported	5	3474	GBM	DS4_GSE278450	GSM8546849_BT407	0.0014392630972941854	patient_id	final_annotation_refined
GSM8546849_BT407	malignant_OPC_NPC_like_CNV_supported	34	3474	GBM	DS4_GSE278450	GSM8546849_BT407	0.00978698906160046	patient_id	final_annotation_refined
GSM8546849_BT407	malignant_hypoxia_stress_CNV_supported	11	3474	GBM	DS4_GSE278450	GSM8546849_BT407	0.0031663788140472078	patient_id	final_annotation_refined
GSM8546849_BT407	non_malignant_B_plasma_like	2	3474	GBM	DS4_GSE278450	GSM8546849_BT407	0.0005757052389176742	patient_id	final_annotation_refined
GSM8546849_BT407	non_malignant_oligodendrocyte_myelinating_reference_like	127	3474	GBM	DS4_GSE278450	GSM8546849_BT407	0.03655728267127231	patient_id	final_annotation_refined
GSM8546849_BT407	review_MES_ECM_stromal_like_ambiguous_CNV_high	1	3474	GBM	DS4_GSE278450	GSM8546849_BT407	0.0002878526194588371	patient_id	final_annotation_refined
GSM8546849_BT407	review_T_NK_cells_dataset_biased_mixed_CNV	25	3474	GBM	DS4_GSE278450	GSM8546849_BT407	0.007196315486470927	patient_id	final_annotation_refined
GSM8546849_BT407	review_ambiguous_mixed_Hb_T_NK_HLA	8	3474	GBM	DS4_GSE278450	GSM8546849_BT407	0.002302820955670697	patient_id	final_annotation_refined
GSM8546849_BT407	review_erythroid_Hb_high_or_ambient_RBC	1	3474	GBM	DS4_GSE278450	GSM8546849_BT407	0.0002878526194588371	patient_id	final_annotation_refined
GSM8546849_BT407	review_myeloid_APC_HLA_CD163_TAM_mixed_CNV	588	3474	GBM	DS4_GSE278450	GSM8546849_BT407	0.1692573402417962	patient_id	final_annotation_refined
GSM8546849_BT407	review_myeloid_C1Q_TREM2_APOE_TAM_mixed_CNV	2279	3474	GBM	DS4_GSE278450	GSM8546849_BT407	0.6560161197466897	patient_id	final_annotation_refined
GSM8546849_BT407	review_myeloid_FCN1_inflammatory_monocyte_CNV_discordant	27	3474	GBM	DS4_GSE278450	GSM8546849_BT407	0.007772020725388601	patient_id	final_annotation_refined
GSM8546849_BT407	review_myeloid_inflammatory_MES_associated_mixed_CNV	305	3474	GBM	DS4_GSE278450	GSM8546849_BT407	0.0877950489349453	patient_id	final_annotation_refined
GSM8546850_BT408	cycling_malignant_like_candidate_CNV_supported	3	2836	GBM	DS4_GSE278450	GSM8546850_BT408	0.0010578279266572638	patient_id	final_annotation_refined
GSM8546850_BT408	malignant_AC_like_reactive_CNV_supported	39	2836	GBM	DS4_GSE278450	GSM8546850_BT408	0.013751763046544428	patient_id	final_annotation_refined
GSM8546850_BT408	malignant_hypoxia_stress_CNV_supported	2	2836	GBM	DS4_GSE278450	GSM8546850_BT408	0.0007052186177715092	patient_id	final_annotation_refined
GSM8546850_BT408	non_malignant_endothelial_reference_like	4	2836	GBM	DS4_GSE278450	GSM8546850_BT408	0.0014104372355430183	patient_id	final_annotation_refined
GSM8546850_BT408	non_malignant_oligodendrocyte_myelinating_reference_like	768	2836	GBM	DS4_GSE278450	GSM8546850_BT408	0.27080394922425954	patient_id	final_annotation_refined
GSM8546850_BT408	review_T_NK_cells_dataset_biased_mixed_CNV	38	2836	GBM	DS4_GSE278450	GSM8546850_BT408	0.013399153737658674	patient_id	final_annotation_refined
GSM8546850_BT408	review_ambiguous_mixed_Hb_T_NK_HLA	19	2836	GBM	DS4_GSE278450	GSM8546850_BT408	0.006699576868829337	patient_id	final_annotation_refined
GSM8546850_BT408	review_erythroid_Hb_high_or_ambient_RBC	2	2836	GBM	DS4_GSE278450	GSM8546850_BT408	0.0007052186177715092	patient_id	final_annotation_refined
GSM8546850_BT408	review_myeloid_APC_HLA_CD163_TAM_mixed_CNV	1351	2836	GBM	DS4_GSE278450	GSM8546850_BT408	0.4763751763046544	patient_id	final_annotation_refined
GSM8546850_BT408	review_myeloid_C1Q_TREM2_APOE_TAM_mixed_CNV	546	2836	GBM	DS4_GSE278450	GSM8546850_BT408	0.192524682651622	patient_id	final_annotation_refined
GSM8546850_BT408	review_myeloid_FCN1_inflammatory_monocyte_CNV_discordant	13	2836	GBM	DS4_GSE278450	GSM8546850_BT408	0.004583921015514809	patient_id	final_annotation_refined
GSM8546850_BT408	review_myeloid_inflammatory_MES_associated_mixed_CNV	51	2836	GBM	DS4_GSE278450	GSM8546850_BT408	0.017983074753173484	patient_id	final_annotation_refined
GSM8546851_BT409	cycling_malignant_like_candidate_CNV_supported	355	2117	GBM	DS4_GSE278450	GSM8546851_BT409	0.16769012753897025	patient_id	final_annotation_refined
GSM8546851_BT409	malignant_AC_like_reactive_CNV_supported	33	2117	GBM	DS4_GSE278450	GSM8546851_BT409	0.015588096362777516	patient_id	final_annotation_refined
GSM8546851_BT409	malignant_NPC_neuronal_like_CNV_supported	44	2117	GBM	DS4_GSE278450	GSM8546851_BT409	0.020784128483703354	patient_id	final_annotation_refined
GSM8546851_BT409	malignant_OPC_NPC_like_CNV_supported	309	2117	GBM	DS4_GSE278450	GSM8546851_BT409	0.14596126594237127	patient_id	final_annotation_refined
GSM8546851_BT409	malignant_hypoxia_stress_CNV_supported	193	2117	GBM	DS4_GSE278450	GSM8546851_BT409	0.09116674539442607	patient_id	final_annotation_refined
GSM8546851_BT409	non_malignant_oligodendrocyte_myelinating_reference_like	116	2117	GBM	DS4_GSE278450	GSM8546851_BT409	0.0547945205479452	patient_id	final_annotation_refined
GSM8546851_BT409	review_T_NK_cells_dataset_biased_mixed_CNV	10	2117	GBM	DS4_GSE278450	GSM8546851_BT409	0.004723665564478035	patient_id	final_annotation_refined
GSM8546851_BT409	review_ambiguous_mixed_Hb_T_NK_HLA	30	2117	GBM	DS4_GSE278450	GSM8546851_BT409	0.014170996693434105	patient_id	final_annotation_refined
GSM8546851_BT409	review_myeloid_APC_HLA_CD163_TAM_mixed_CNV	66	2117	GBM	DS4_GSE278450	GSM8546851_BT409	0.03117619272555503	patient_id	final_annotation_refined
GSM8546851_BT409	review_myeloid_C1Q_TREM2_APOE_TAM_mixed_CNV	771	2117	GBM	DS4_GSE278450	GSM8546851_BT409	0.3641946150212565	patient_id	final_annotation_refined
GSM8546851_BT409	review_myeloid_FCN1_inflammatory_monocyte_CNV_discordant	2	2117	GBM	DS4_GSE278450	GSM8546851_BT409	0.000944733112895607	patient_id	final_annotation_refined
GSM8546851_BT409	review_myeloid_inflammatory_MES_associated_mixed_CNV	188	2117	GBM	DS4_GSE278450	GSM8546851_BT409	0.08880491261218705	patient_id	final_annotation_refined
GSM8546852_BT419	cycling_malignant_like_candidate_CNV_supported	22	3614	GBM	DS4_GSE278450	GSM8546852_BT419	0.006087437742114001	patient_id	final_annotation_refined
GSM8546852_BT419	malignant_AC_like_reactive_CNV_supported	59	3614	GBM	DS4_GSE278450	GSM8546852_BT419	0.01632540121748755	patient_id	final_annotation_refined
GSM8546852_BT419	malignant_NPC_neuronal_like_CNV_supported	2	3614	GBM	DS4_GSE278450	GSM8546852_BT419	0.0005534034311012728	patient_id	final_annotation_refined
GSM8546852_BT419	malignant_OPC_NPC_like_CNV_supported	34	3614	GBM	DS4_GSE278450	GSM8546852_BT419	0.009407858328721638	patient_id	final_annotation_refined
GSM8546852_BT419	malignant_hypoxia_stress_CNV_supported	71	3614	GBM	DS4_GSE278450	GSM8546852_BT419	0.019645821804095187	patient_id	final_annotation_refined
GSM8546852_BT419	non_malignant_oligodendrocyte_myelinating_reference_like	1389	3614	GBM	DS4_GSE278450	GSM8546852_BT419	0.38433868289983397	patient_id	final_annotation_refined
GSM8546852_BT419	review_MES_ECM_stromal_like_ambiguous_CNV_high	4	3614	GBM	DS4_GSE278450	GSM8546852_BT419	0.0011068068622025456	patient_id	final_annotation_refined
GSM8546852_BT419	review_T_NK_cells_dataset_biased_mixed_CNV	259	3614	GBM	DS4_GSE278450	GSM8546852_BT419	0.07166574432761483	patient_id	final_annotation_refined
GSM8546852_BT419	review_ambiguous_mixed_Hb_T_NK_HLA	10	3614	GBM	DS4_GSE278450	GSM8546852_BT419	0.002767017155506364	patient_id	final_annotation_refined
GSM8546852_BT419	review_myeloid_APC_HLA_CD163_TAM_mixed_CNV	518	3614	GBM	DS4_GSE278450	GSM8546852_BT419	0.14333148865522966	patient_id	final_annotation_refined
GSM8546852_BT419	review_myeloid_C1Q_TREM2_APOE_TAM_mixed_CNV	521	3614	GBM	DS4_GSE278450	GSM8546852_BT419	0.14416159380188157	patient_id	final_annotation_refined
GSM8546852_BT419	review_myeloid_FCN1_inflammatory_monocyte_CNV_discordant	18	3614	GBM	DS4_GSE278450	GSM8546852_BT419	0.004980630879911455	patient_id	final_annotation_refined
GSM8546852_BT419	review_myeloid_inflammatory_MES_associated_mixed_CNV	707	3614	GBM	DS4_GSE278450	GSM8546852_BT419	0.19562811289429993	patient_id	final_annotation_refined
GSM8546853_BT420	cycling_malignant_like_candidate_CNV_supported	449	2195	GBM	DS4_GSE278450	GSM8546853_BT420	0.20455580865603645	patient_id	final_annotation_refined
GSM8546853_BT420	malignant_AC_like_reactive_CNV_supported	236	2195	GBM	DS4_GSE278450	GSM8546853_BT420	0.10751708428246014	patient_id	final_annotation_refined
GSM8546853_BT420	malignant_NPC_neuronal_like_CNV_supported	436	2195	GBM	DS4_GSE278450	GSM8546853_BT420	0.19863325740318907	patient_id	final_annotation_refined
GSM8546853_BT420	malignant_OPC_NPC_like_CNV_supported	533	2195	GBM	DS4_GSE278450	GSM8546853_BT420	0.2428246013667426	patient_id	final_annotation_refined
GSM8546853_BT420	malignant_hypoxia_stress_CNV_supported	289	2195	GBM	DS4_GSE278450	GSM8546853_BT420	0.1316628701594533	patient_id	final_annotation_refined
GSM8546853_BT420	non_malignant_B_plasma_like	1	2195	GBM	DS4_GSE278450	GSM8546853_BT420	0.00045558086560364467	patient_id	final_annotation_refined
GSM8546853_BT420	non_malignant_endothelial_reference_like	1	2195	GBM	DS4_GSE278450	GSM8546853_BT420	0.00045558086560364467	patient_id	final_annotation_refined
GSM8546853_BT420	review_T_NK_cells_dataset_biased_mixed_CNV	2	2195	GBM	DS4_GSE278450	GSM8546853_BT420	0.0009111617312072893	patient_id	final_annotation_refined
GSM8546853_BT420	review_ambiguous_mixed_Hb_T_NK_HLA	3	2195	GBM	DS4_GSE278450	GSM8546853_BT420	0.001366742596810934	patient_id	final_annotation_refined
GSM8546853_BT420	review_erythroid_Hb_high_or_ambient_RBC	1	2195	GBM	DS4_GSE278450	GSM8546853_BT420	0.00045558086560364467	patient_id	final_annotation_refined
GSM8546853_BT420	review_myeloid_APC_HLA_CD163_TAM_mixed_CNV	120	2195	GBM	DS4_GSE278450	GSM8546853_BT420	0.05466970387243736	patient_id	final_annotation_refined
GSM8546853_BT420	review_myeloid_C1Q_TREM2_APOE_TAM_mixed_CNV	46	2195	GBM	DS4_GSE278450	GSM8546853_BT420	0.020956719817767654	patient_id	final_annotation_refined
GSM8546853_BT420	review_myeloid_FCN1_inflammatory_monocyte_CNV_discordant	1	2195	GBM	DS4_GSE278450	GSM8546853_BT420	0.00045558086560364467	patient_id	final_annotation_refined
GSM8546853_BT420	review_myeloid_inflammatory_MES_associated_mixed_CNV	77	2195	GBM	DS4_GSE278450	GSM8546853_BT420	0.03507972665148064	patient_id	final_annotation_refined
GSM8546854_BT426	cycling_malignant_like_candidate_CNV_supported	2	3316	GBM	DS4_GSE278450	GSM8546854_BT426	0.0006031363088057901	patient_id	final_annotation_refined
GSM8546854_BT426	malignant_AC_like_reactive_CNV_supported	22	3316	GBM	DS4_GSE278450	GSM8546854_BT426	0.0066344993968636915	patient_id	final_annotation_refined
GSM8546854_BT426	malignant_OPC_NPC_like_CNV_supported	23	3316	GBM	DS4_GSE278450	GSM8546854_BT426	0.006936067551266586	patient_id	final_annotation_refined
GSM8546854_BT426	malignant_hypoxia_stress_CNV_supported	469	3316	GBM	DS4_GSE278450	GSM8546854_BT426	0.14143546441495777	patient_id	final_annotation_refined
GSM8546854_BT426	non_malignant_mural_pericyte_fibroblast_like	8	3316	GBM	DS4_GSE278450	GSM8546854_BT426	0.0024125452352231603	patient_id	final_annotation_refined
GSM8546854_BT426	non_malignant_oligodendrocyte_myelinating_reference_like	715	3316	GBM	DS4_GSE278450	GSM8546854_BT426	0.21562123039806996	patient_id	final_annotation_refined
GSM8546854_BT426	review_MES_ECM_stromal_like_ambiguous_CNV_high	10	3316	GBM	DS4_GSE278450	GSM8546854_BT426	0.0030156815440289505	patient_id	final_annotation_refined
GSM8546854_BT426	review_T_NK_cells_dataset_biased_mixed_CNV	65	3316	GBM	DS4_GSE278450	GSM8546854_BT426	0.019601930036188178	patient_id	final_annotation_refined
GSM8546854_BT426	review_ambiguous_mixed_Hb_T_NK_HLA	21	3316	GBM	DS4_GSE278450	GSM8546854_BT426	0.006332931242460796	patient_id	final_annotation_refined
GSM8546854_BT426	review_erythroid_Hb_high_or_ambient_RBC	2	3316	GBM	DS4_GSE278450	GSM8546854_BT426	0.0006031363088057901	patient_id	final_annotation_refined
GSM8546854_BT426	review_myeloid_APC_HLA_CD163_TAM_mixed_CNV	335	3316	GBM	DS4_GSE278450	GSM8546854_BT426	0.10102533172496984	patient_id	final_annotation_refined
GSM8546854_BT426	review_myeloid_C1Q_TREM2_APOE_TAM_mixed_CNV	404	3316	GBM	DS4_GSE278450	GSM8546854_BT426	0.1218335343787696	patient_id	final_annotation_refined
GSM8546854_BT426	review_myeloid_FCN1_inflammatory_monocyte_CNV_discordant	7	3316	GBM	DS4_GSE278450	GSM8546854_BT426	0.0021109770808202654	patient_id	final_annotation_refined
GSM8546854_BT426	review_myeloid_inflammatory_MES_associated_mixed_CNV	1233	3316	GBM	DS4_GSE278450	GSM8546854_BT426	0.3718335343787696	patient_id	final_annotation_refined
PDC001	cycling_malignant_like_candidate_CNV_supported	1976	6325	GBM	DS2_GSE141383	PDC001	0.3124110671936759	patient_id	final_annotation_refined
PDC001	malignant_AC_like_reactive_CNV_supported	1663	6325	GBM	DS2_GSE141383	PDC001	0.2629249011857708	patient_id	final_annotation_refined
PDC001	malignant_NPC_neuronal_like_CNV_supported	3	6325	GBM	DS2_GSE141383	PDC001	0.0004743083003952569	patient_id	final_annotation_refined
PDC001	malignant_OPC_NPC_like_CNV_supported	1985	6325	GBM	DS2_GSE141383	PDC001	0.3138339920948617	patient_id	final_annotation_refined
PDC001	malignant_hypoxia_stress_CNV_supported	94	6325	GBM	DS2_GSE141383	PDC001	0.014861660079051384	patient_id	final_annotation_refined
PDC001	non_malignant_endothelial_reference_like	223	6325	GBM	DS2_GSE141383	PDC001	0.03525691699604743	patient_id	final_annotation_refined
PDC001	non_malignant_mural_pericyte_fibroblast_like	23	6325	GBM	DS2_GSE141383	PDC001	0.0036363636363636364	patient_id	final_annotation_refined
PDC001	non_malignant_oligodendrocyte_myelinating_reference_like	4	6325	GBM	DS2_GSE141383	PDC001	0.0006324110671936759	patient_id	final_annotation_refined
PDC001	review_T_NK_cells_dataset_biased_mixed_CNV	2	6325	GBM	DS2_GSE141383	PDC001	0.00031620553359683795	patient_id	final_annotation_refined
PDC001	review_ambiguous_mixed_Hb_T_NK_HLA	63	6325	GBM	DS2_GSE141383	PDC001	0.009960474308300396	patient_id	final_annotation_refined
PDC001	review_myeloid_APC_HLA_CD163_TAM_mixed_CNV	115	6325	GBM	DS2_GSE141383	PDC001	0.01818181818181818	patient_id	final_annotation_refined
PDC001	review_myeloid_C1Q_TREM2_APOE_TAM_mixed_CNV	152	6325	GBM	DS2_GSE141383	PDC001	0.024031620553359685	patient_id	final_annotation_refined
PDC001	review_myeloid_inflammatory_MES_associated_mixed_CNV	22	6325	GBM	DS2_GSE141383	PDC001	0.0034782608695652175	patient_id	final_annotation_refined
PJ016	cycling_malignant_like_candidate_CNV_supported	602	2838	GBM	DS1_GSE103224	PJ016	0.21212121212121213	patient_id	final_annotation_refined
PJ016	malignant_AC_like_reactive_CNV_supported	1759	2838	GBM	DS1_GSE103224	PJ016	0.6198026779422128	patient_id	final_annotation_refined
PJ016	malignant_NPC_neuronal_like_CNV_supported	105	2838	GBM	DS1_GSE103224	PJ016	0.03699788583509514	patient_id	final_annotation_refined
PJ016	malignant_OPC_NPC_like_CNV_supported	263	2838	GBM	DS1_GSE103224	PJ016	0.09267089499647639	patient_id	final_annotation_refined
PJ016	malignant_hypoxia_stress_CNV_supported	75	2838	GBM	DS1_GSE103224	PJ016	0.026427061310782242	patient_id	final_annotation_refined
PJ016	non_malignant_endothelial_reference_like	7	2838	GBM	DS1_GSE103224	PJ016	0.0024665257223396757	patient_id	final_annotation_refined
PJ016	non_malignant_mural_pericyte_fibroblast_like	1	2838	GBM	DS1_GSE103224	PJ016	0.00035236081747709656	patient_id	final_annotation_refined
PJ016	non_malignant_oligodendrocyte_myelinating_reference_like	1	2838	GBM	DS1_GSE103224	PJ016	0.00035236081747709656	patient_id	final_annotation_refined
PJ016	review_MES_ECM_stromal_like_ambiguous_CNV_high	17	2838	GBM	DS1_GSE103224	PJ016	0.005990133897110641	patient_id	final_annotation_refined
PJ016	review_T_NK_cells_dataset_biased_mixed_CNV	4	2838	GBM	DS1_GSE103224	PJ016	0.0014094432699083862	patient_id	final_annotation_refined
PJ016	review_ambiguous_mixed_Hb_T_NK_HLA	2	2838	GBM	DS1_GSE103224	PJ016	0.0007047216349541931	patient_id	final_annotation_refined
PJ016	review_myeloid_APC_HLA_CD163_TAM_mixed_CNV	1	2838	GBM	DS1_GSE103224	PJ016	0.00035236081747709656	patient_id	final_annotation_refined
PJ016	review_myeloid_C1Q_TREM2_APOE_TAM_mixed_CNV	1	2838	GBM	DS1_GSE103224	PJ016	0.00035236081747709656	patient_id	final_annotation_refined
PJ017	cycling_malignant_like_candidate_CNV_supported	9	1237	GBM	DS1_GSE103224	PJ017	0.007275666936135812	patient_id	final_annotation_refined
PJ017	malignant_AC_like_reactive_CNV_supported	198	1237	GBM	DS1_GSE103224	PJ017	0.16006467259498788	patient_id	final_annotation_refined
PJ017	malignant_NPC_neuronal_like_CNV_supported	15	1237	GBM	DS1_GSE103224	PJ017	0.012126111560226353	patient_id	final_annotation_refined
PJ017	malignant_OPC_NPC_like_CNV_supported	34	1237	GBM	DS1_GSE103224	PJ017	0.0274858528698464	patient_id	final_annotation_refined
PJ017	malignant_hypoxia_stress_CNV_supported	294	1237	GBM	DS1_GSE103224	PJ017	0.23767178658043653	patient_id	final_annotation_refined
PJ017	non_malignant_endothelial_reference_like	8	1237	GBM	DS1_GSE103224	PJ017	0.0064672594987873885	patient_id	final_annotation_refined
PJ017	non_malignant_mural_pericyte_fibroblast_like	4	1237	GBM	DS1_GSE103224	PJ017	0.0032336297493936943	patient_id	final_annotation_refined
PJ017	non_malignant_oligodendrocyte_myelinating_reference_like	4	1237	GBM	DS1_GSE103224	PJ017	0.0032336297493936943	patient_id	final_annotation_refined
PJ017	review_MES_ECM_stromal_like_ambiguous_CNV_high	3	1237	GBM	DS1_GSE103224	PJ017	0.002425222312045271	patient_id	final_annotation_refined
PJ017	review_T_NK_cells_dataset_biased_mixed_CNV	69	1237	GBM	DS1_GSE103224	PJ017	0.05578011317704123	patient_id	final_annotation_refined
PJ017	review_ambiguous_mixed_Hb_T_NK_HLA	9	1237	GBM	DS1_GSE103224	PJ017	0.007275666936135812	patient_id	final_annotation_refined
PJ017	review_myeloid_APC_HLA_CD163_TAM_mixed_CNV	260	1237	GBM	DS1_GSE103224	PJ017	0.21018593371059013	patient_id	final_annotation_refined
PJ017	review_myeloid_C1Q_TREM2_APOE_TAM_mixed_CNV	133	1237	GBM	DS1_GSE103224	PJ017	0.10751818916734034	patient_id	final_annotation_refined
PJ017	review_myeloid_FCN1_inflammatory_monocyte_CNV_discordant	1	1237	GBM	DS1_GSE103224	PJ017	0.0008084074373484236	patient_id	final_annotation_refined
PJ017	review_myeloid_inflammatory_MES_associated_mixed_CNV	196	1237	GBM	DS1_GSE103224	PJ017	0.15844785772029102	patient_id	final_annotation_refined
PJ018	cycling_malignant_like_candidate_CNV_supported	514	2163	GBM	DS1_GSE103224	PJ018	0.23763291724456773	patient_id	final_annotation_refined
PJ018	malignant_AC_like_reactive_CNV_supported	95	2163	GBM	DS1_GSE103224	PJ018	0.043920480813684694	patient_id	final_annotation_refined
PJ018	malignant_NPC_neuronal_like_CNV_supported	150	2163	GBM	DS1_GSE103224	PJ018	0.06934812760055478	patient_id	final_annotation_refined
PJ018	malignant_OPC_NPC_like_CNV_supported	564	2163	GBM	DS1_GSE103224	PJ018	0.260748959778086	patient_id	final_annotation_refined
PJ018	malignant_hypoxia_stress_CNV_supported	666	2163	GBM	DS1_GSE103224	PJ018	0.3079056865464632	patient_id	final_annotation_refined
PJ018	non_malignant_endothelial_reference_like	10	2163	GBM	DS1_GSE103224	PJ018	0.004623208506703652	patient_id	final_annotation_refined
PJ018	non_malignant_mural_pericyte_fibroblast_like	21	2163	GBM	DS1_GSE103224	PJ018	0.009708737864077669	patient_id	final_annotation_refined
PJ018	non_malignant_oligodendrocyte_myelinating_reference_like	73	2163	GBM	DS1_GSE103224	PJ018	0.03374942209893666	patient_id	final_annotation_refined
PJ018	review_T_NK_cells_dataset_biased_mixed_CNV	1	2163	GBM	DS1_GSE103224	PJ018	0.0004623208506703652	patient_id	final_annotation_refined
PJ018	review_ambiguous_mixed_Hb_T_NK_HLA	4	2163	GBM	DS1_GSE103224	PJ018	0.0018492834026814608	patient_id	final_annotation_refined
PJ018	review_myeloid_APC_HLA_CD163_TAM_mixed_CNV	5	2163	GBM	DS1_GSE103224	PJ018	0.002311604253351826	patient_id	final_annotation_refined
PJ018	review_myeloid_C1Q_TREM2_APOE_TAM_mixed_CNV	23	2163	GBM	DS1_GSE103224	PJ018	0.0106333795654184	patient_id	final_annotation_refined
PJ018	review_myeloid_inflammatory_MES_associated_mixed_CNV	37	2163	GBM	DS1_GSE103224	PJ018	0.017105871474803514	patient_id	final_annotation_refined
PJ025	cycling_malignant_like_candidate_CNV_supported	782	5829	GBM	DS1_GSE103224	PJ025	0.13415680219591697	patient_id	final_annotation_refined
PJ025	malignant_AC_like_reactive_CNV_supported	1008	5829	GBM	DS1_GSE103224	PJ025	0.17292846114256305	patient_id	final_annotation_refined
PJ025	malignant_NPC_neuronal_like_CNV_supported	2	5829	GBM	DS1_GSE103224	PJ025	0.00034311202607651396	patient_id	final_annotation_refined
PJ025	malignant_OPC_NPC_like_CNV_supported	2847	5829	GBM	DS1_GSE103224	PJ025	0.48841996911991764	patient_id	final_annotation_refined
PJ025	malignant_hypoxia_stress_CNV_supported	675	5829	GBM	DS1_GSE103224	PJ025	0.11580030880082347	patient_id	final_annotation_refined
PJ025	non_malignant_endothelial_reference_like	148	5829	GBM	DS1_GSE103224	PJ025	0.025390289929662035	patient_id	final_annotation_refined
PJ025	non_malignant_mural_pericyte_fibroblast_like	218	5829	GBM	DS1_GSE103224	PJ025	0.037399210842340026	patient_id	final_annotation_refined
PJ025	review_MES_ECM_stromal_like_ambiguous_CNV_high	6	5829	GBM	DS1_GSE103224	PJ025	0.001029336078229542	patient_id	final_annotation_refined
PJ025	review_T_NK_cells_dataset_biased_mixed_CNV	9	5829	GBM	DS1_GSE103224	PJ025	0.001544004117344313	patient_id	final_annotation_refined
PJ025	review_ambiguous_mixed_Hb_T_NK_HLA	16	5829	GBM	DS1_GSE103224	PJ025	0.0027448962086121117	patient_id	final_annotation_refined
PJ025	review_erythroid_Hb_high_or_ambient_RBC	1	5829	GBM	DS1_GSE103224	PJ025	0.00017155601303825698	patient_id	final_annotation_refined
PJ025	review_myeloid_APC_HLA_CD163_TAM_mixed_CNV	44	5829	GBM	DS1_GSE103224	PJ025	0.007548464573683308	patient_id	final_annotation_refined
PJ025	review_myeloid_C1Q_TREM2_APOE_TAM_mixed_CNV	65	5829	GBM	DS1_GSE103224	PJ025	0.011151140847486704	patient_id	final_annotation_refined
PJ025	review_myeloid_inflammatory_MES_associated_mixed_CNV	8	5829	GBM	DS1_GSE103224	PJ025	0.0013724481043060558	patient_id	final_annotation_refined
PJ030	cycling_malignant_like_candidate_CNV_supported	362	3048	GBM	DS1_GSE103224	PJ030	0.11876640419947507	patient_id	final_annotation_refined
PJ030	malignant_AC_like_reactive_CNV_supported	886	3048	GBM	DS1_GSE103224	PJ030	0.29068241469816275	patient_id	final_annotation_refined
PJ030	malignant_NPC_neuronal_like_CNV_supported	42	3048	GBM	DS1_GSE103224	PJ030	0.013779527559055118	patient_id	final_annotation_refined
PJ030	malignant_OPC_NPC_like_CNV_supported	971	3048	GBM	DS1_GSE103224	PJ030	0.3185695538057743	patient_id	final_annotation_refined
PJ030	malignant_hypoxia_stress_CNV_supported	2	3048	GBM	DS1_GSE103224	PJ030	0.0006561679790026247	patient_id	final_annotation_refined
PJ030	non_malignant_endothelial_reference_like	233	3048	GBM	DS1_GSE103224	PJ030	0.07644356955380577	patient_id	final_annotation_refined
PJ030	non_malignant_mural_pericyte_fibroblast_like	111	3048	GBM	DS1_GSE103224	PJ030	0.03641732283464567	patient_id	final_annotation_refined
PJ030	non_malignant_oligodendrocyte_myelinating_reference_like	66	3048	GBM	DS1_GSE103224	PJ030	0.021653543307086614	patient_id	final_annotation_refined
PJ030	review_MES_ECM_stromal_like_ambiguous_CNV_high	3	3048	GBM	DS1_GSE103224	PJ030	0.000984251968503937	patient_id	final_annotation_refined
PJ030	review_T_NK_cells_dataset_biased_mixed_CNV	9	3048	GBM	DS1_GSE103224	PJ030	0.002952755905511811	patient_id	final_annotation_refined
PJ030	review_ambiguous_mixed_Hb_T_NK_HLA	25	3048	GBM	DS1_GSE103224	PJ030	0.008202099737532808	patient_id	final_annotation_refined
PJ030	review_myeloid_APC_HLA_CD163_TAM_mixed_CNV	13	3048	GBM	DS1_GSE103224	PJ030	0.00426509186351706	patient_id	final_annotation_refined
PJ030	review_myeloid_C1Q_TREM2_APOE_TAM_mixed_CNV	322	3048	GBM	DS1_GSE103224	PJ030	0.10564304461942257	patient_id	final_annotation_refined
PJ030	review_myeloid_inflammatory_MES_associated_mixed_CNV	3	3048	GBM	DS1_GSE103224	PJ030	0.000984251968503937	patient_id	final_annotation_refined
PJ032	cycling_malignant_like_candidate_CNV_supported	5	1354	GBM	DS1_GSE103224	PJ032	0.003692762186115214	patient_id	final_annotation_refined
PJ032	malignant_AC_like_reactive_CNV_supported	174	1354	GBM	DS1_GSE103224	PJ032	0.12850812407680945	patient_id	final_annotation_refined
PJ032	malignant_OPC_NPC_like_CNV_supported	205	1354	GBM	DS1_GSE103224	PJ032	0.15140324963072377	patient_id	final_annotation_refined
PJ032	malignant_hypoxia_stress_CNV_supported	178	1354	GBM	DS1_GSE103224	PJ032	0.13146233382570163	patient_id	final_annotation_refined
PJ032	non_malignant_endothelial_reference_like	1	1354	GBM	DS1_GSE103224	PJ032	0.0007385524372230429	patient_id	final_annotation_refined
PJ032	non_malignant_mural_pericyte_fibroblast_like	10	1354	GBM	DS1_GSE103224	PJ032	0.007385524372230428	patient_id	final_annotation_refined
PJ032	non_malignant_oligodendrocyte_myelinating_reference_like	4	1354	GBM	DS1_GSE103224	PJ032	0.0029542097488921715	patient_id	final_annotation_refined
PJ032	review_MES_ECM_stromal_like_ambiguous_CNV_high	6	1354	GBM	DS1_GSE103224	PJ032	0.004431314623338257	patient_id	final_annotation_refined
PJ032	review_T_NK_cells_dataset_biased_mixed_CNV	5	1354	GBM	DS1_GSE103224	PJ032	0.003692762186115214	patient_id	final_annotation_refined
PJ032	review_ambiguous_mixed_Hb_T_NK_HLA	27	1354	GBM	DS1_GSE103224	PJ032	0.019940915805022157	patient_id	final_annotation_refined
PJ032	review_myeloid_APC_HLA_CD163_TAM_mixed_CNV	60	1354	GBM	DS1_GSE103224	PJ032	0.04431314623338257	patient_id	final_annotation_refined
PJ032	review_myeloid_C1Q_TREM2_APOE_TAM_mixed_CNV	557	1354	GBM	DS1_GSE103224	PJ032	0.4113737075332349	patient_id	final_annotation_refined
PJ032	review_myeloid_inflammatory_MES_associated_mixed_CNV	122	1354	GBM	DS1_GSE103224	PJ032	0.09010339734121123	patient_id	final_annotation_refined
PJ035	cycling_malignant_like_candidate_CNV_supported	1181	3707	GBM	DS1_GSE103224	PJ035	0.31858645805233343	patient_id	final_annotation_refined
PJ035	malignant_AC_like_reactive_CNV_supported	485	3707	GBM	DS1_GSE103224	PJ035	0.1308335581332614	patient_id	final_annotation_refined
PJ035	malignant_NPC_neuronal_like_CNV_supported	84	3707	GBM	DS1_GSE103224	PJ035	0.02265983274885352	patient_id	final_annotation_refined
PJ035	malignant_OPC_NPC_like_CNV_supported	1112	3707	GBM	DS1_GSE103224	PJ035	0.2999730240086323	patient_id	final_annotation_refined
PJ035	malignant_hypoxia_stress_CNV_supported	154	3707	GBM	DS1_GSE103224	PJ035	0.04154302670623145	patient_id	final_annotation_refined
PJ035	non_malignant_endothelial_reference_like	71	3707	GBM	DS1_GSE103224	PJ035	0.01915295387105476	patient_id	final_annotation_refined
PJ035	non_malignant_mural_pericyte_fibroblast_like	69	3707	GBM	DS1_GSE103224	PJ035	0.018613434043701107	patient_id	final_annotation_refined
PJ035	non_malignant_oligodendrocyte_myelinating_reference_like	6	3707	GBM	DS1_GSE103224	PJ035	0.0016185594820609657	patient_id	final_annotation_refined
PJ035	review_MES_ECM_stromal_like_ambiguous_CNV_high	2	3707	GBM	DS1_GSE103224	PJ035	0.0005395198273536552	patient_id	final_annotation_refined
PJ035	review_T_NK_cells_dataset_biased_mixed_CNV	5	3707	GBM	DS1_GSE103224	PJ035	0.001348799568384138	patient_id	final_annotation_refined
PJ035	review_ambiguous_mixed_Hb_T_NK_HLA	47	3707	GBM	DS1_GSE103224	PJ035	0.012678715942810899	patient_id	final_annotation_refined
PJ035	review_myeloid_APC_HLA_CD163_TAM_mixed_CNV	9	3707	GBM	DS1_GSE103224	PJ035	0.0024278392230914487	patient_id	final_annotation_refined
PJ035	review_myeloid_C1Q_TREM2_APOE_TAM_mixed_CNV	433	3707	GBM	DS1_GSE103224	PJ035	0.11680604262206636	patient_id	final_annotation_refined
PJ035	review_myeloid_inflammatory_MES_associated_mixed_CNV	49	3707	GBM	DS1_GSE103224	PJ035	0.013218235770164554	patient_id	final_annotation_refined
PJ048	cycling_malignant_like_candidate_CNV_supported	989	3031	GBM	DS1_GSE103224	PJ048	0.32629495216100296	patient_id	final_annotation_refined
PJ048	malignant_AC_like_reactive_CNV_supported	275	3031	GBM	DS1_GSE103224	PJ048	0.0907291322995711	patient_id	final_annotation_refined
PJ048	malignant_NPC_neuronal_like_CNV_supported	802	3031	GBM	DS1_GSE103224	PJ048	0.26459914219729463	patient_id	final_annotation_refined
PJ048	malignant_OPC_NPC_like_CNV_supported	611	3031	GBM	DS1_GSE103224	PJ048	0.20158363576377433	patient_id	final_annotation_refined
PJ048	malignant_hypoxia_stress_CNV_supported	264	3031	GBM	DS1_GSE103224	PJ048	0.08709996700758825	patient_id	final_annotation_refined
PJ048	non_malignant_B_plasma_like	1	3031	GBM	DS1_GSE103224	PJ048	0.0003299241174529858	patient_id	final_annotation_refined
PJ048	non_malignant_endothelial_reference_like	28	3031	GBM	DS1_GSE103224	PJ048	0.009237875288683603	patient_id	final_annotation_refined
PJ048	non_malignant_mural_pericyte_fibroblast_like	32	3031	GBM	DS1_GSE103224	PJ048	0.010557571758495546	patient_id	final_annotation_refined
PJ048	non_malignant_oligodendrocyte_myelinating_reference_like	18	3031	GBM	DS1_GSE103224	PJ048	0.0059386341141537445	patient_id	final_annotation_refined
PJ048	review_MES_ECM_stromal_like_ambiguous_CNV_high	3	3031	GBM	DS1_GSE103224	PJ048	0.0009897723523589574	patient_id	final_annotation_refined
PJ048	review_T_NK_cells_dataset_biased_mixed_CNV	2	3031	GBM	DS1_GSE103224	PJ048	0.0006598482349059716	patient_id	final_annotation_refined
PJ048	review_myeloid_C1Q_TREM2_APOE_TAM_mixed_CNV	4	3031	GBM	DS1_GSE103224	PJ048	0.0013196964698119432	patient_id	final_annotation_refined
PJ048	review_myeloid_inflammatory_MES_associated_mixed_CNV	2	3031	GBM	DS1_GSE103224	PJ048	0.0006598482349059716	patient_id	final_annotation_refined
PJ052	cycling_malignant_like_candidate_CNV_supported	249	1364	GBM	DS2_GSE141383	PJ052	0.18255131964809385	patient_id	final_annotation_refined
PJ052	malignant_AC_like_reactive_CNV_supported	77	1364	GBM	DS2_GSE141383	PJ052	0.056451612903225805	patient_id	final_annotation_refined
PJ052	malignant_NPC_neuronal_like_CNV_supported	29	1364	GBM	DS2_GSE141383	PJ052	0.02126099706744868	patient_id	final_annotation_refined
PJ052	malignant_OPC_NPC_like_CNV_supported	948	1364	GBM	DS2_GSE141383	PJ052	0.6950146627565983	patient_id	final_annotation_refined
PJ052	malignant_hypoxia_stress_CNV_supported	23	1364	GBM	DS2_GSE141383	PJ052	0.01686217008797654	patient_id	final_annotation_refined
PJ052	non_malignant_endothelial_reference_like	10	1364	GBM	DS2_GSE141383	PJ052	0.007331378299120235	patient_id	final_annotation_refined
PJ052	non_malignant_mural_pericyte_fibroblast_like	1	1364	GBM	DS2_GSE141383	PJ052	0.0007331378299120235	patient_id	final_annotation_refined
PJ052	review_MES_ECM_stromal_like_ambiguous_CNV_high	1	1364	GBM	DS2_GSE141383	PJ052	0.0007331378299120235	patient_id	final_annotation_refined
PJ052	review_ambiguous_mixed_Hb_T_NK_HLA	3	1364	GBM	DS2_GSE141383	PJ052	0.0021994134897360706	patient_id	final_annotation_refined
PJ052	review_myeloid_APC_HLA_CD163_TAM_mixed_CNV	1	1364	GBM	DS2_GSE141383	PJ052	0.0007331378299120235	patient_id	final_annotation_refined
PJ052	review_myeloid_C1Q_TREM2_APOE_TAM_mixed_CNV	21	1364	GBM	DS2_GSE141383	PJ052	0.015395894428152493	patient_id	final_annotation_refined
PJ052	review_myeloid_inflammatory_MES_associated_mixed_CNV	1	1364	GBM	DS2_GSE141383	PJ052	0.0007331378299120235	patient_id	final_annotation_refined
PJ053	cycling_malignant_like_candidate_CNV_supported	290	3034	GBM	DS2_GSE141383	PJ053	0.0955833882663151	patient_id	final_annotation_refined
PJ053	malignant_AC_like_reactive_CNV_supported	182	3034	GBM	DS2_GSE141383	PJ053	0.05998681608437706	patient_id	final_annotation_refined
PJ053	malignant_NPC_neuronal_like_CNV_supported	457	3034	GBM	DS2_GSE141383	PJ053	0.15062623599208966	patient_id	final_annotation_refined
PJ053	malignant_OPC_NPC_like_CNV_supported	590	3034	GBM	DS2_GSE141383	PJ053	0.1944627554383652	patient_id	final_annotation_refined
PJ053	malignant_hypoxia_stress_CNV_supported	1110	3034	GBM	DS2_GSE141383	PJ053	0.36585365853658536	patient_id	final_annotation_refined
PJ053	non_malignant_endothelial_reference_like	73	3034	GBM	DS2_GSE141383	PJ053	0.024060646011865524	patient_id	final_annotation_refined
PJ053	non_malignant_mural_pericyte_fibroblast_like	12	3034	GBM	DS2_GSE141383	PJ053	0.003955174686882004	patient_id	final_annotation_refined
PJ053	non_malignant_oligodendrocyte_myelinating_reference_like	199	3034	GBM	DS2_GSE141383	PJ053	0.06558998022412657	patient_id	final_annotation_refined
PJ053	review_MES_ECM_stromal_like_ambiguous_CNV_high	7	3034	GBM	DS2_GSE141383	PJ053	0.0023071852340145024	patient_id	final_annotation_refined
PJ053	review_ambiguous_mixed_Hb_T_NK_HLA	5	3034	GBM	DS2_GSE141383	PJ053	0.0016479894528675016	patient_id	final_annotation_refined
PJ053	review_myeloid_C1Q_TREM2_APOE_TAM_mixed_CNV	21	3034	GBM	DS2_GSE141383	PJ053	0.006921555702043507	patient_id	final_annotation_refined
PJ053	review_myeloid_inflammatory_MES_associated_mixed_CNV	88	3034	GBM	DS2_GSE141383	PJ053	0.02900461437046803	patient_id	final_annotation_refined
PW016-703	cycling_malignant_like_candidate_CNV_supported	406	1530	GBM	DS2_GSE141383	PW016-703	0.265359477124183	patient_id	final_annotation_refined
PW016-703	malignant_AC_like_reactive_CNV_supported	173	1530	GBM	DS2_GSE141383	PW016-703	0.1130718954248366	patient_id	final_annotation_refined
PW016-703	malignant_NPC_neuronal_like_CNV_supported	247	1530	GBM	DS2_GSE141383	PW016-703	0.16143790849673204	patient_id	final_annotation_refined
PW016-703	malignant_OPC_NPC_like_CNV_supported	190	1530	GBM	DS2_GSE141383	PW016-703	0.12418300653594772	patient_id	final_annotation_refined
PW016-703	malignant_hypoxia_stress_CNV_supported	146	1530	GBM	DS2_GSE141383	PW016-703	0.09542483660130718	patient_id	final_annotation_refined
PW016-703	non_malignant_mural_pericyte_fibroblast_like	1	1530	GBM	DS2_GSE141383	PW016-703	0.00065359477124183	patient_id	final_annotation_refined
PW016-703	non_malignant_oligodendrocyte_myelinating_reference_like	59	1530	GBM	DS2_GSE141383	PW016-703	0.038562091503267976	patient_id	final_annotation_refined
PW016-703	review_T_NK_cells_dataset_biased_mixed_CNV	2	1530	GBM	DS2_GSE141383	PW016-703	0.00130718954248366	patient_id	final_annotation_refined
PW016-703	review_ambiguous_mixed_Hb_T_NK_HLA	26	1530	GBM	DS2_GSE141383	PW016-703	0.01699346405228758	patient_id	final_annotation_refined
PW016-703	review_myeloid_APC_HLA_CD163_TAM_mixed_CNV	12	1530	GBM	DS2_GSE141383	PW016-703	0.00784313725490196	patient_id	final_annotation_refined
PW016-703	review_myeloid_C1Q_TREM2_APOE_TAM_mixed_CNV	143	1530	GBM	DS2_GSE141383	PW016-703	0.0934640522875817	patient_id	final_annotation_refined
PW016-703	review_myeloid_inflammatory_MES_associated_mixed_CNV	125	1530	GBM	DS2_GSE141383	PW016-703	0.08169934640522876	patient_id	final_annotation_refined
PW017-703	cycling_malignant_like_candidate_CNV_supported	274	1514	GBM	DS2_GSE141383	PW017-703	0.1809775429326288	patient_id	final_annotation_refined
PW017-703	malignant_AC_like_reactive_CNV_supported	297	1514	GBM	DS2_GSE141383	PW017-703	0.19616908850726553	patient_id	final_annotation_refined
PW017-703	malignant_NPC_neuronal_like_CNV_supported	19	1514	GBM	DS2_GSE141383	PW017-703	0.012549537648612946	patient_id	final_annotation_refined
PW017-703	malignant_OPC_NPC_like_CNV_supported	267	1514	GBM	DS2_GSE141383	PW017-703	0.1763540290620872	patient_id	final_annotation_refined
PW017-703	malignant_hypoxia_stress_CNV_supported	215	1514	GBM	DS2_GSE141383	PW017-703	0.14200792602377807	patient_id	final_annotation_refined
PW017-703	non_malignant_endothelial_reference_like	3	1514	GBM	DS2_GSE141383	PW017-703	0.0019815059445178335	patient_id	final_annotation_refined
PW017-703	non_malignant_mural_pericyte_fibroblast_like	7	1514	GBM	DS2_GSE141383	PW017-703	0.004623513870541612	patient_id	final_annotation_refined
PW017-703	non_malignant_oligodendrocyte_myelinating_reference_like	10	1514	GBM	DS2_GSE141383	PW017-703	0.0066050198150594455	patient_id	final_annotation_refined
PW017-703	review_MES_ECM_stromal_like_ambiguous_CNV_high	3	1514	GBM	DS2_GSE141383	PW017-703	0.0019815059445178335	patient_id	final_annotation_refined
PW017-703	review_T_NK_cells_dataset_biased_mixed_CNV	3	1514	GBM	DS2_GSE141383	PW017-703	0.0019815059445178335	patient_id	final_annotation_refined
PW017-703	review_ambiguous_mixed_Hb_T_NK_HLA	18	1514	GBM	DS2_GSE141383	PW017-703	0.011889035667107	patient_id	final_annotation_refined
PW017-703	review_myeloid_APC_HLA_CD163_TAM_mixed_CNV	13	1514	GBM	DS2_GSE141383	PW017-703	0.008586525759577279	patient_id	final_annotation_refined
PW017-703	review_myeloid_C1Q_TREM2_APOE_TAM_mixed_CNV	238	1514	GBM	DS2_GSE141383	PW017-703	0.1571994715984148	patient_id	final_annotation_refined
PW017-703	review_myeloid_FCN1_inflammatory_monocyte_CNV_discordant	1	1514	GBM	DS2_GSE141383	PW017-703	0.0006605019815059445	patient_id	final_annotation_refined
PW017-703	review_myeloid_inflammatory_MES_associated_mixed_CNV	146	1514	GBM	DS2_GSE141383	PW017-703	0.0964332892998679	patient_id	final_annotation_refined
PW032-706	cycling_malignant_like_candidate_CNV_supported	1581	4746	GBM	DS2_GSE141383	PW032-706	0.3331226295828066	patient_id	final_annotation_refined
PW032-706	malignant_AC_like_reactive_CNV_supported	407	4746	GBM	DS2_GSE141383	PW032-706	0.08575642646439106	patient_id	final_annotation_refined
PW032-706	malignant_NPC_neuronal_like_CNV_supported	13	4746	GBM	DS2_GSE141383	PW032-706	0.002739148756847872	patient_id	final_annotation_refined
PW032-706	malignant_OPC_NPC_like_CNV_supported	2446	4746	GBM	DS2_GSE141383	PW032-706	0.5153813737884534	patient_id	final_annotation_refined
PW032-706	malignant_hypoxia_stress_CNV_supported	86	4746	GBM	DS2_GSE141383	PW032-706	0.018120522545301308	patient_id	final_annotation_refined
PW032-706	non_malignant_endothelial_reference_like	160	4746	GBM	DS2_GSE141383	PW032-706	0.0337126000842815	patient_id	final_annotation_refined
PW032-706	non_malignant_mural_pericyte_fibroblast_like	12	4746	GBM	DS2_GSE141383	PW032-706	0.0025284450063211127	patient_id	final_annotation_refined
PW032-706	review_MES_ECM_stromal_like_ambiguous_CNV_high	6	4746	GBM	DS2_GSE141383	PW032-706	0.0012642225031605564	patient_id	final_annotation_refined
PW032-706	review_T_NK_cells_dataset_biased_mixed_CNV	10	4746	GBM	DS2_GSE141383	PW032-706	0.002107037505267594	patient_id	final_annotation_refined
PW032-706	review_ambiguous_mixed_Hb_T_NK_HLA	10	4746	GBM	DS2_GSE141383	PW032-706	0.002107037505267594	patient_id	final_annotation_refined
PW032-706	review_myeloid_C1Q_TREM2_APOE_TAM_mixed_CNV	6	4746	GBM	DS2_GSE141383	PW032-706	0.0012642225031605564	patient_id	final_annotation_refined
PW032-706	review_myeloid_inflammatory_MES_associated_mixed_CNV	9	4746	GBM	DS2_GSE141383	PW032-706	0.0018963337547408343	patient_id	final_annotation_refined
PW032-710	cycling_malignant_like_candidate_CNV_supported	120	979	GBM	DS2_GSE141383	PW032-710	0.12257405515832483	patient_id	final_annotation_refined
PW032-710	malignant_AC_like_reactive_CNV_supported	78	979	GBM	DS2_GSE141383	PW032-710	0.07967313585291114	patient_id	final_annotation_refined
PW032-710	malignant_OPC_NPC_like_CNV_supported	153	979	GBM	DS2_GSE141383	PW032-710	0.15628192032686414	patient_id	final_annotation_refined
PW032-710	malignant_hypoxia_stress_CNV_supported	185	979	GBM	DS2_GSE141383	PW032-710	0.18896833503575078	patient_id	final_annotation_refined
PW032-710	non_malignant_endothelial_reference_like	21	979	GBM	DS2_GSE141383	PW032-710	0.021450459652706845	patient_id	final_annotation_refined
PW032-710	non_malignant_mural_pericyte_fibroblast_like	29	979	GBM	DS2_GSE141383	PW032-710	0.0296220633299285	patient_id	final_annotation_refined
PW032-710	non_malignant_oligodendrocyte_myelinating_reference_like	65	979	GBM	DS2_GSE141383	PW032-710	0.06639427987742594	patient_id	final_annotation_refined
PW032-710	review_MES_ECM_stromal_like_ambiguous_CNV_high	5	979	GBM	DS2_GSE141383	PW032-710	0.005107252298263534	patient_id	final_annotation_refined
PW032-710	review_ambiguous_mixed_Hb_T_NK_HLA	5	979	GBM	DS2_GSE141383	PW032-710	0.005107252298263534	patient_id	final_annotation_refined
PW032-710	review_erythroid_Hb_high_or_ambient_RBC	1	979	GBM	DS2_GSE141383	PW032-710	0.0010214504596527069	patient_id	final_annotation_refined
PW032-710	review_myeloid_APC_HLA_CD163_TAM_mixed_CNV	3	979	GBM	DS2_GSE141383	PW032-710	0.0030643513789581204	patient_id	final_annotation_refined
PW032-710	review_myeloid_C1Q_TREM2_APOE_TAM_mixed_CNV	194	979	GBM	DS2_GSE141383	PW032-710	0.19816138917262513	patient_id	final_annotation_refined
PW032-710	review_myeloid_inflammatory_MES_associated_mixed_CNV	120	979	GBM	DS2_GSE141383	PW032-710	0.12257405515832483	patient_id	final_annotation_refined
PW035-710	cycling_malignant_like_candidate_CNV_supported	184	953	GBM	DS2_GSE141383	PW035-710	0.1930745015739769	patient_id	final_annotation_refined
PW035-710	malignant_AC_like_reactive_CNV_supported	24	953	GBM	DS2_GSE141383	PW035-710	0.025183630640083946	patient_id	final_annotation_refined
PW035-710	malignant_OPC_NPC_like_CNV_supported	594	953	GBM	DS2_GSE141383	PW035-710	0.6232948583420777	patient_id	final_annotation_refined
PW035-710	malignant_hypoxia_stress_CNV_supported	7	953	GBM	DS2_GSE141383	PW035-710	0.007345225603357817	patient_id	final_annotation_refined
PW035-710	non_malignant_endothelial_reference_like	1	953	GBM	DS2_GSE141383	PW035-710	0.001049317943336831	patient_id	final_annotation_refined
PW035-710	non_malignant_oligodendrocyte_myelinating_reference_like	13	953	GBM	DS2_GSE141383	PW035-710	0.013641133263378805	patient_id	final_annotation_refined
PW035-710	review_MES_ECM_stromal_like_ambiguous_CNV_high	2	953	GBM	DS2_GSE141383	PW035-710	0.002098635886673662	patient_id	final_annotation_refined
PW035-710	review_T_NK_cells_dataset_biased_mixed_CNV	6	953	GBM	DS2_GSE141383	PW035-710	0.0062959076600209865	patient_id	final_annotation_refined
PW035-710	review_ambiguous_mixed_Hb_T_NK_HLA	15	953	GBM	DS2_GSE141383	PW035-710	0.015739769150052464	patient_id	final_annotation_refined
PW035-710	review_erythroid_Hb_high_or_ambient_RBC	1	953	GBM	DS2_GSE141383	PW035-710	0.001049317943336831	patient_id	final_annotation_refined
PW035-710	review_myeloid_APC_HLA_CD163_TAM_mixed_CNV	88	953	GBM	DS2_GSE141383	PW035-710	0.09233997901364113	patient_id	final_annotation_refined
PW035-710	review_myeloid_C1Q_TREM2_APOE_TAM_mixed_CNV	16	953	GBM	DS2_GSE141383	PW035-710	0.016789087093389297	patient_id	final_annotation_refined
PW035-710	review_myeloid_inflammatory_MES_associated_mixed_CNV	2	953	GBM	DS2_GSE141383	PW035-710	0.002098635886673662	patient_id	final_annotation_refined
PW039-705	cycling_malignant_like_candidate_CNV_supported	2	946	GBM	DS2_GSE141383	PW039-705	0.0021141649048625794	patient_id	final_annotation_refined
PW039-705	malignant_AC_like_reactive_CNV_supported	33	946	GBM	DS2_GSE141383	PW039-705	0.03488372093023256	patient_id	final_annotation_refined
PW039-705	malignant_NPC_neuronal_like_CNV_supported	9	946	GBM	DS2_GSE141383	PW039-705	0.009513742071881607	patient_id	final_annotation_refined
PW039-705	malignant_OPC_NPC_like_CNV_supported	29	946	GBM	DS2_GSE141383	PW039-705	0.0306553911205074	patient_id	final_annotation_refined
PW039-705	malignant_hypoxia_stress_CNV_supported	428	946	GBM	DS2_GSE141383	PW039-705	0.452431289640592	patient_id	final_annotation_refined
PW039-705	non_malignant_endothelial_reference_like	2	946	GBM	DS2_GSE141383	PW039-705	0.0021141649048625794	patient_id	final_annotation_refined
PW039-705	non_malignant_oligodendrocyte_myelinating_reference_like	249	946	GBM	DS2_GSE141383	PW039-705	0.2632135306553911	patient_id	final_annotation_refined
PW039-705	review_MES_ECM_stromal_like_ambiguous_CNV_high	6	946	GBM	DS2_GSE141383	PW039-705	0.006342494714587738	patient_id	final_annotation_refined
PW039-705	review_T_NK_cells_dataset_biased_mixed_CNV	2	946	GBM	DS2_GSE141383	PW039-705	0.0021141649048625794	patient_id	final_annotation_refined
PW039-705	review_ambiguous_mixed_Hb_T_NK_HLA	7	946	GBM	DS2_GSE141383	PW039-705	0.007399577167019027	patient_id	final_annotation_refined
PW039-705	review_erythroid_Hb_high_or_ambient_RBC	1	946	GBM	DS2_GSE141383	PW039-705	0.0010570824524312897	patient_id	final_annotation_refined
PW039-705	review_myeloid_APC_HLA_CD163_TAM_mixed_CNV	2	946	GBM	DS2_GSE141383	PW039-705	0.0021141649048625794	patient_id	final_annotation_refined
PW039-705	review_myeloid_C1Q_TREM2_APOE_TAM_mixed_CNV	17	946	GBM	DS2_GSE141383	PW039-705	0.017970401691331923	patient_id	final_annotation_refined
PW039-705	review_myeloid_inflammatory_MES_associated_mixed_CNV	159	946	GBM	DS2_GSE141383	PW039-705	0.16807610993657504	patient_id	final_annotation_refined
