unit_id	feature	n_cells_feature	n_cells_total	condition	dataset	patient	proportion	unit_type	feature_type
GSM5518596_rGBM-01-A	0	45	4324	rGBM	DS3_GSE182109	01	0.010407030527289547	sample_id	leiden_scvi_main
GSM5518596_rGBM-01-A	1	1577	4324	rGBM	DS3_GSE182109	01	0.3647086031452359	sample_id	leiden_scvi_main
GSM5518596_rGBM-01-A	10	118	4324	rGBM	DS3_GSE182109	01	0.0272895467160037	sample_id	leiden_scvi_main
GSM5518596_rGBM-01-A	12	23	4324	rGBM	DS3_GSE182109	01	0.005319148936170213	sample_id	leiden_scvi_main
GSM5518596_rGBM-01-A	13	3	4324	rGBM	DS3_GSE182109	01	0.0006938020351526364	sample_id	leiden_scvi_main
GSM5518596_rGBM-01-A	14	4	4324	rGBM	DS3_GSE182109	01	0.0009250693802035153	sample_id	leiden_scvi_main
GSM5518596_rGBM-01-A	15	17	4324	rGBM	DS3_GSE182109	01	0.00393154486586494	sample_id	leiden_scvi_main
GSM5518596_rGBM-01-A	2	46	4324	rGBM	DS3_GSE182109	01	0.010638297872340425	sample_id	leiden_scvi_main
GSM5518596_rGBM-01-A	3	1631	4324	rGBM	DS3_GSE182109	01	0.37719703977798336	sample_id	leiden_scvi_main
GSM5518596_rGBM-01-A	4	66	4324	rGBM	DS3_GSE182109	01	0.015263644773358002	sample_id	leiden_scvi_main
GSM5518596_rGBM-01-A	5	581	4324	rGBM	DS3_GSE182109	01	0.1343663274745606	sample_id	leiden_scvi_main
GSM5518596_rGBM-01-A	6	150	4324	rGBM	DS3_GSE182109	01	0.03469010175763182	sample_id	leiden_scvi_main
GSM5518596_rGBM-01-A	7	12	4324	rGBM	DS3_GSE182109	01	0.0027752081406105457	sample_id	leiden_scvi_main
GSM5518596_rGBM-01-A	8	22	4324	rGBM	DS3_GSE182109	01	0.005087881591119334	sample_id	leiden_scvi_main
GSM5518596_rGBM-01-A	9	29	4324	rGBM	DS3_GSE182109	01	0.006706753006475485	sample_id	leiden_scvi_main
GSM5518597_rGBM-01-B	0	70	10960	rGBM	DS3_GSE182109	01	0.006386861313868613	sample_id	leiden_scvi_main
GSM5518597_rGBM-01-B	1	369	10960	rGBM	DS3_GSE182109	01	0.03366788321167883	sample_id	leiden_scvi_main
GSM5518597_rGBM-01-B	10	73	10960	rGBM	DS3_GSE182109	01	0.00666058394160584	sample_id	leiden_scvi_main
GSM5518597_rGBM-01-B	12	33	10960	rGBM	DS3_GSE182109	01	0.003010948905109489	sample_id	leiden_scvi_main
GSM5518597_rGBM-01-B	13	2	10960	rGBM	DS3_GSE182109	01	0.0001824817518248175	sample_id	leiden_scvi_main
GSM5518597_rGBM-01-B	14	8	10960	rGBM	DS3_GSE182109	01	0.00072992700729927	sample_id	leiden_scvi_main
GSM5518597_rGBM-01-B	15	29	10960	rGBM	DS3_GSE182109	01	0.002645985401459854	sample_id	leiden_scvi_main
GSM5518597_rGBM-01-B	16	2	10960	rGBM	DS3_GSE182109	01	0.0001824817518248175	sample_id	leiden_scvi_main
GSM5518597_rGBM-01-B	2	144	10960	rGBM	DS3_GSE182109	01	0.013138686131386862	sample_id	leiden_scvi_main
GSM5518597_rGBM-01-B	3	7682	10960	rGBM	DS3_GSE182109	01	0.7009124087591241	sample_id	leiden_scvi_main
GSM5518597_rGBM-01-B	4	184	10960	rGBM	DS3_GSE182109	01	0.016788321167883213	sample_id	leiden_scvi_main
GSM5518597_rGBM-01-B	5	883	10960	rGBM	DS3_GSE182109	01	0.08056569343065693	sample_id	leiden_scvi_main
GSM5518597_rGBM-01-B	6	954	10960	rGBM	DS3_GSE182109	01	0.08704379562043796	sample_id	leiden_scvi_main
GSM5518597_rGBM-01-B	7	62	10960	rGBM	DS3_GSE182109	01	0.0056569343065693434	sample_id	leiden_scvi_main
GSM5518597_rGBM-01-B	8	170	10960	rGBM	DS3_GSE182109	01	0.01551094890510949	sample_id	leiden_scvi_main
GSM5518597_rGBM-01-B	9	295	10960	rGBM	DS3_GSE182109	01	0.026916058394160582	sample_id	leiden_scvi_main
GSM5518598_rGBM-01-C	0	5	5653	rGBM	DS3_GSE182109	01	0.0008844861135680169	sample_id	leiden_scvi_main
GSM5518598_rGBM-01-C	1	903	5653	rGBM	DS3_GSE182109	01	0.15973819211038387	sample_id	leiden_scvi_main
GSM5518598_rGBM-01-C	10	9	5653	rGBM	DS3_GSE182109	01	0.0015920750044224306	sample_id	leiden_scvi_main
GSM5518598_rGBM-01-C	12	6	5653	rGBM	DS3_GSE182109	01	0.0010613833362816203	sample_id	leiden_scvi_main
GSM5518598_rGBM-01-C	13	3	5653	rGBM	DS3_GSE182109	01	0.0005306916681408102	sample_id	leiden_scvi_main
GSM5518598_rGBM-01-C	14	3	5653	rGBM	DS3_GSE182109	01	0.0005306916681408102	sample_id	leiden_scvi_main
GSM5518598_rGBM-01-C	15	6	5653	rGBM	DS3_GSE182109	01	0.0010613833362816203	sample_id	leiden_scvi_main
GSM5518598_rGBM-01-C	17	1	5653	rGBM	DS3_GSE182109	01	0.0001768972227136034	sample_id	leiden_scvi_main
GSM5518598_rGBM-01-C	2	12	5653	rGBM	DS3_GSE182109	01	0.0021227666725632407	sample_id	leiden_scvi_main
GSM5518598_rGBM-01-C	3	3445	5653	rGBM	DS3_GSE182109	01	0.6094109322483637	sample_id	leiden_scvi_main
GSM5518598_rGBM-01-C	4	21	5653	rGBM	DS3_GSE182109	01	0.0037148416769856715	sample_id	leiden_scvi_main
GSM5518598_rGBM-01-C	5	286	5653	rGBM	DS3_GSE182109	01	0.05059260569609057	sample_id	leiden_scvi_main
GSM5518598_rGBM-01-C	6	758	5653	rGBM	DS3_GSE182109	01	0.13408809481691136	sample_id	leiden_scvi_main
GSM5518598_rGBM-01-C	7	3	5653	rGBM	DS3_GSE182109	01	0.0005306916681408102	sample_id	leiden_scvi_main
GSM5518598_rGBM-01-C	8	111	5653	rGBM	DS3_GSE182109	01	0.019635591721209978	sample_id	leiden_scvi_main
GSM5518598_rGBM-01-C	9	81	5653	rGBM	DS3_GSE182109	01	0.014328675039801874	sample_id	leiden_scvi_main
GSM5518599_rGBM-01-D	0	102	5992	rGBM	DS3_GSE182109	01	0.017022696929238985	sample_id	leiden_scvi_main
GSM5518599_rGBM-01-D	1	595	5992	rGBM	DS3_GSE182109	01	0.09929906542056074	sample_id	leiden_scvi_main
GSM5518599_rGBM-01-D	10	12	5992	rGBM	DS3_GSE182109	01	0.0020026702269692926	sample_id	leiden_scvi_main
GSM5518599_rGBM-01-D	12	26	5992	rGBM	DS3_GSE182109	01	0.0043391188251001335	sample_id	leiden_scvi_main
GSM5518599_rGBM-01-D	15	10	5992	rGBM	DS3_GSE182109	01	0.0016688918558077437	sample_id	leiden_scvi_main
GSM5518599_rGBM-01-D	2	165	5992	rGBM	DS3_GSE182109	01	0.02753671562082777	sample_id	leiden_scvi_main
GSM5518599_rGBM-01-D	3	3569	5992	rGBM	DS3_GSE182109	01	0.5956275033377837	sample_id	leiden_scvi_main
GSM5518599_rGBM-01-D	4	114	5992	rGBM	DS3_GSE182109	01	0.019025367156208277	sample_id	leiden_scvi_main
GSM5518599_rGBM-01-D	5	295	5992	rGBM	DS3_GSE182109	01	0.04923230974632844	sample_id	leiden_scvi_main
GSM5518599_rGBM-01-D	6	371	5992	rGBM	DS3_GSE182109	01	0.06191588785046729	sample_id	leiden_scvi_main
GSM5518599_rGBM-01-D	7	74	5992	rGBM	DS3_GSE182109	01	0.012349799732977304	sample_id	leiden_scvi_main
GSM5518599_rGBM-01-D	8	380	5992	rGBM	DS3_GSE182109	01	0.06341789052069426	sample_id	leiden_scvi_main
GSM5518599_rGBM-01-D	9	279	5992	rGBM	DS3_GSE182109	01	0.04656208277703605	sample_id	leiden_scvi_main
GSM5518600_ndGBM-01-A	0	1696	4631	ndGBM	DS3_GSE182109	01	0.3662275966313971	sample_id	leiden_scvi_main
GSM5518600_ndGBM-01-A	1	80	4631	ndGBM	DS3_GSE182109	01	0.017274886633556467	sample_id	leiden_scvi_main
GSM5518600_ndGBM-01-A	10	19	4631	ndGBM	DS3_GSE182109	01	0.004102785575469661	sample_id	leiden_scvi_main
GSM5518600_ndGBM-01-A	11	27	4631	ndGBM	DS3_GSE182109	01	0.0058302742388253075	sample_id	leiden_scvi_main
GSM5518600_ndGBM-01-A	12	83	4631	ndGBM	DS3_GSE182109	01	0.017922694882314835	sample_id	leiden_scvi_main
GSM5518600_ndGBM-01-A	13	11	4631	ndGBM	DS3_GSE182109	01	0.0023752969121140144	sample_id	leiden_scvi_main
GSM5518600_ndGBM-01-A	15	10	4631	ndGBM	DS3_GSE182109	01	0.0021593608291945584	sample_id	leiden_scvi_main
GSM5518600_ndGBM-01-A	2	939	4631	ndGBM	DS3_GSE182109	01	0.20276398186136904	sample_id	leiden_scvi_main
GSM5518600_ndGBM-01-A	3	67	4631	ndGBM	DS3_GSE182109	01	0.014467717555603542	sample_id	leiden_scvi_main
GSM5518600_ndGBM-01-A	4	1065	4631	ndGBM	DS3_GSE182109	01	0.22997192830922047	sample_id	leiden_scvi_main
GSM5518600_ndGBM-01-A	5	242	4631	ndGBM	DS3_GSE182109	01	0.052256532066508314	sample_id	leiden_scvi_main
GSM5518600_ndGBM-01-A	6	5	4631	ndGBM	DS3_GSE182109	01	0.0010796804145972792	sample_id	leiden_scvi_main
GSM5518600_ndGBM-01-A	7	326	4631	ndGBM	DS3_GSE182109	01	0.0703951630317426	sample_id	leiden_scvi_main
GSM5518600_ndGBM-01-A	8	32	4631	ndGBM	DS3_GSE182109	01	0.006909954653422587	sample_id	leiden_scvi_main
GSM5518600_ndGBM-01-A	9	29	4631	ndGBM	DS3_GSE182109	01	0.006262146404664219	sample_id	leiden_scvi_main
GSM5518601_ndGBM-01-C	0	3558	9470	ndGBM	DS3_GSE182109	01	0.3757127771911299	sample_id	leiden_scvi_main
GSM5518601_ndGBM-01-C	1	62	9470	ndGBM	DS3_GSE182109	01	0.006546990496304118	sample_id	leiden_scvi_main
GSM5518601_ndGBM-01-C	10	11	9470	ndGBM	DS3_GSE182109	01	0.0011615628299894403	sample_id	leiden_scvi_main
GSM5518601_ndGBM-01-C	11	111	9470	ndGBM	DS3_GSE182109	01	0.011721224920802534	sample_id	leiden_scvi_main
GSM5518601_ndGBM-01-C	12	214	9470	ndGBM	DS3_GSE182109	01	0.02259767687434002	sample_id	leiden_scvi_main
GSM5518601_ndGBM-01-C	13	4	9470	ndGBM	DS3_GSE182109	01	0.00042238648363252375	sample_id	leiden_scvi_main
GSM5518601_ndGBM-01-C	14	2	9470	ndGBM	DS3_GSE182109	01	0.00021119324181626187	sample_id	leiden_scvi_main
GSM5518601_ndGBM-01-C	15	15	9470	ndGBM	DS3_GSE182109	01	0.0015839493136219642	sample_id	leiden_scvi_main
GSM5518601_ndGBM-01-C	2	1687	9470	ndGBM	DS3_GSE182109	01	0.1781414994720169	sample_id	leiden_scvi_main
GSM5518601_ndGBM-01-C	3	108	9470	ndGBM	DS3_GSE182109	01	0.011404435058078142	sample_id	leiden_scvi_main
GSM5518601_ndGBM-01-C	4	3134	9470	ndGBM	DS3_GSE182109	01	0.33093980992608235	sample_id	leiden_scvi_main
GSM5518601_ndGBM-01-C	5	171	9470	ndGBM	DS3_GSE182109	01	0.018057022175290392	sample_id	leiden_scvi_main
GSM5518601_ndGBM-01-C	6	11	9470	ndGBM	DS3_GSE182109	01	0.0011615628299894403	sample_id	leiden_scvi_main
GSM5518601_ndGBM-01-C	7	342	9470	ndGBM	DS3_GSE182109	01	0.036114044350580785	sample_id	leiden_scvi_main
GSM5518601_ndGBM-01-C	8	14	9470	ndGBM	DS3_GSE182109	01	0.0014783526927138332	sample_id	leiden_scvi_main
GSM5518601_ndGBM-01-C	9	26	9470	ndGBM	DS3_GSE182109	01	0.0027455121436114043	sample_id	leiden_scvi_main
GSM5518602_ndGBM-01-D	0	3988	8770	ndGBM	DS3_GSE182109	01	0.4547320410490308	sample_id	leiden_scvi_main
GSM5518602_ndGBM-01-D	1	1531	8770	ndGBM	DS3_GSE182109	01	0.17457240592930445	sample_id	leiden_scvi_main
GSM5518602_ndGBM-01-D	10	1	8770	ndGBM	DS3_GSE182109	01	0.00011402508551881414	sample_id	leiden_scvi_main
GSM5518602_ndGBM-01-D	11	201	8770	ndGBM	DS3_GSE182109	01	0.022919042189281643	sample_id	leiden_scvi_main
GSM5518602_ndGBM-01-D	12	45	8770	ndGBM	DS3_GSE182109	01	0.005131128848346636	sample_id	leiden_scvi_main
GSM5518602_ndGBM-01-D	13	14	8770	ndGBM	DS3_GSE182109	01	0.0015963511972633979	sample_id	leiden_scvi_main
GSM5518602_ndGBM-01-D	14	7	8770	ndGBM	DS3_GSE182109	01	0.0007981755986316989	sample_id	leiden_scvi_main
GSM5518602_ndGBM-01-D	2	2099	8770	ndGBM	DS3_GSE182109	01	0.2393386545039909	sample_id	leiden_scvi_main
GSM5518602_ndGBM-01-D	3	37	8770	ndGBM	DS3_GSE182109	01	0.004218928164196123	sample_id	leiden_scvi_main
GSM5518602_ndGBM-01-D	4	371	8770	ndGBM	DS3_GSE182109	01	0.04230330672748005	sample_id	leiden_scvi_main
GSM5518602_ndGBM-01-D	5	40	8770	ndGBM	DS3_GSE182109	01	0.004561003420752566	sample_id	leiden_scvi_main
GSM5518602_ndGBM-01-D	6	83	8770	ndGBM	DS3_GSE182109	01	0.009464082098061573	sample_id	leiden_scvi_main
GSM5518602_ndGBM-01-D	7	63	8770	ndGBM	DS3_GSE182109	01	0.007183580387685291	sample_id	leiden_scvi_main
GSM5518602_ndGBM-01-D	8	73	8770	ndGBM	DS3_GSE182109	01	0.008323831242873432	sample_id	leiden_scvi_main
GSM5518602_ndGBM-01-D	9	217	8770	ndGBM	DS3_GSE182109	01	0.024743443557582668	sample_id	leiden_scvi_main
GSM5518603_ndGBM-01-F	0	237	4962	ndGBM	DS3_GSE182109	01	0.047762998790810154	sample_id	leiden_scvi_main
GSM5518603_ndGBM-01-F	1	3764	4962	ndGBM	DS3_GSE182109	01	0.758565094719871	sample_id	leiden_scvi_main
GSM5518603_ndGBM-01-F	10	4	4962	ndGBM	DS3_GSE182109	01	0.0008061265618702137	sample_id	leiden_scvi_main
GSM5518603_ndGBM-01-F	11	42	4962	ndGBM	DS3_GSE182109	01	0.008464328899637243	sample_id	leiden_scvi_main
GSM5518603_ndGBM-01-F	12	39	4962	ndGBM	DS3_GSE182109	01	0.007859733978234583	sample_id	leiden_scvi_main
GSM5518603_ndGBM-01-F	13	19	4962	ndGBM	DS3_GSE182109	01	0.0038291011688835145	sample_id	leiden_scvi_main
GSM5518603_ndGBM-01-F	14	8	4962	ndGBM	DS3_GSE182109	01	0.0016122531237404273	sample_id	leiden_scvi_main
GSM5518603_ndGBM-01-F	15	2	4962	ndGBM	DS3_GSE182109	01	0.00040306328093510683	sample_id	leiden_scvi_main
GSM5518603_ndGBM-01-F	2	103	4962	ndGBM	DS3_GSE182109	01	0.020757758968158	sample_id	leiden_scvi_main
GSM5518603_ndGBM-01-F	3	82	4962	ndGBM	DS3_GSE182109	01	0.01652559451833938	sample_id	leiden_scvi_main
GSM5518603_ndGBM-01-F	4	37	4962	ndGBM	DS3_GSE182109	01	0.007456670697299476	sample_id	leiden_scvi_main
GSM5518603_ndGBM-01-F	5	106	4962	ndGBM	DS3_GSE182109	01	0.021362353889560662	sample_id	leiden_scvi_main
GSM5518603_ndGBM-01-F	6	27	4962	ndGBM	DS3_GSE182109	01	0.005441354292623942	sample_id	leiden_scvi_main
GSM5518603_ndGBM-01-F	7	68	4962	ndGBM	DS3_GSE182109	01	0.013704151551793631	sample_id	leiden_scvi_main
GSM5518603_ndGBM-01-F	8	379	4962	ndGBM	DS3_GSE182109	01	0.07638049173720274	sample_id	leiden_scvi_main
GSM5518603_ndGBM-01-F	9	45	4962	ndGBM	DS3_GSE182109	01	0.009068923821039904	sample_id	leiden_scvi_main
GSM5518604_ndGBM-11-A	1	362	374	ndGBM	DS3_GSE182109	11	0.9679144385026738	sample_id	leiden_scvi_main
GSM5518604_ndGBM-11-A	17	1	374	ndGBM	DS3_GSE182109	11	0.00267379679144385	sample_id	leiden_scvi_main
GSM5518604_ndGBM-11-A	5	11	374	ndGBM	DS3_GSE182109	11	0.029411764705882353	sample_id	leiden_scvi_main
GSM5518605_ndGBM-11-B	1	264	288	ndGBM	DS3_GSE182109	11	0.9166666666666666	sample_id	leiden_scvi_main
GSM5518605_ndGBM-11-B	13	1	288	ndGBM	DS3_GSE182109	11	0.003472222222222222	sample_id	leiden_scvi_main
GSM5518605_ndGBM-11-B	14	4	288	ndGBM	DS3_GSE182109	11	0.013888888888888888	sample_id	leiden_scvi_main
GSM5518605_ndGBM-11-B	17	1	288	ndGBM	DS3_GSE182109	11	0.003472222222222222	sample_id	leiden_scvi_main
GSM5518605_ndGBM-11-B	5	16	288	ndGBM	DS3_GSE182109	11	0.05555555555555555	sample_id	leiden_scvi_main
GSM5518605_ndGBM-11-B	6	2	288	ndGBM	DS3_GSE182109	11	0.006944444444444444	sample_id	leiden_scvi_main
GSM5518606_ndGBM-11-C	0	15	2452	ndGBM	DS3_GSE182109	11	0.006117455138662317	sample_id	leiden_scvi_main
GSM5518606_ndGBM-11-C	1	2315	2452	ndGBM	DS3_GSE182109	11	0.9441272430668842	sample_id	leiden_scvi_main
GSM5518606_ndGBM-11-C	12	8	2452	ndGBM	DS3_GSE182109	11	0.0032626427406199023	sample_id	leiden_scvi_main
GSM5518606_ndGBM-11-C	13	2	2452	ndGBM	DS3_GSE182109	11	0.0008156606851549756	sample_id	leiden_scvi_main
GSM5518606_ndGBM-11-C	14	1	2452	ndGBM	DS3_GSE182109	11	0.0004078303425774878	sample_id	leiden_scvi_main
GSM5518606_ndGBM-11-C	17	5	2452	ndGBM	DS3_GSE182109	11	0.0020391517128874386	sample_id	leiden_scvi_main
GSM5518606_ndGBM-11-C	3	1	2452	ndGBM	DS3_GSE182109	11	0.0004078303425774878	sample_id	leiden_scvi_main
GSM5518606_ndGBM-11-C	5	34	2452	ndGBM	DS3_GSE182109	11	0.013866231647634585	sample_id	leiden_scvi_main
GSM5518606_ndGBM-11-C	6	2	2452	ndGBM	DS3_GSE182109	11	0.0008156606851549756	sample_id	leiden_scvi_main
GSM5518606_ndGBM-11-C	7	16	2452	ndGBM	DS3_GSE182109	11	0.0065252854812398045	sample_id	leiden_scvi_main
GSM5518606_ndGBM-11-C	8	53	2452	ndGBM	DS3_GSE182109	11	0.02161500815660685	sample_id	leiden_scvi_main
GSM5518607_ndGBM-11-D	0	1	1109	ndGBM	DS3_GSE182109	11	0.0009017132551848512	sample_id	leiden_scvi_main
GSM5518607_ndGBM-11-D	1	1083	1109	ndGBM	DS3_GSE182109	11	0.9765554553651938	sample_id	leiden_scvi_main
GSM5518607_ndGBM-11-D	14	3	1109	ndGBM	DS3_GSE182109	11	0.002705139765554554	sample_id	leiden_scvi_main
GSM5518607_ndGBM-11-D	5	18	1109	ndGBM	DS3_GSE182109	11	0.016230838593327322	sample_id	leiden_scvi_main
GSM5518607_ndGBM-11-D	6	1	1109	ndGBM	DS3_GSE182109	11	0.0009017132551848512	sample_id	leiden_scvi_main
GSM5518607_ndGBM-11-D	7	1	1109	ndGBM	DS3_GSE182109	11	0.0009017132551848512	sample_id	leiden_scvi_main
GSM5518607_ndGBM-11-D	8	1	1109	ndGBM	DS3_GSE182109	11	0.0009017132551848512	sample_id	leiden_scvi_main
GSM5518607_ndGBM-11-D	9	1	1109	ndGBM	DS3_GSE182109	11	0.0009017132551848512	sample_id	leiden_scvi_main
GSM5518608_ndGBM-02-1	0	1373	7436	ndGBM	DS3_GSE182109	02	0.18464228079612696	sample_id	leiden_scvi_main
GSM5518608_ndGBM-02-1	1	194	7436	ndGBM	DS3_GSE182109	02	0.02608929532006455	sample_id	leiden_scvi_main
GSM5518608_ndGBM-02-1	10	206	7436	ndGBM	DS3_GSE182109	02	0.027703066164604627	sample_id	leiden_scvi_main
GSM5518608_ndGBM-02-1	11	3	7436	ndGBM	DS3_GSE182109	02	0.0004034427111350188	sample_id	leiden_scvi_main
GSM5518608_ndGBM-02-1	12	165	7436	ndGBM	DS3_GSE182109	02	0.022189349112426034	sample_id	leiden_scvi_main
GSM5518608_ndGBM-02-1	13	560	7436	ndGBM	DS3_GSE182109	02	0.07530930607853685	sample_id	leiden_scvi_main
GSM5518608_ndGBM-02-1	14	20	7436	ndGBM	DS3_GSE182109	02	0.0026896180742334587	sample_id	leiden_scvi_main
GSM5518608_ndGBM-02-1	15	3	7436	ndGBM	DS3_GSE182109	02	0.0004034427111350188	sample_id	leiden_scvi_main
GSM5518608_ndGBM-02-1	17	4	7436	ndGBM	DS3_GSE182109	02	0.0005379236148466917	sample_id	leiden_scvi_main
GSM5518608_ndGBM-02-1	2	438	7436	ndGBM	DS3_GSE182109	02	0.05890263582571275	sample_id	leiden_scvi_main
GSM5518608_ndGBM-02-1	3	1298	7436	ndGBM	DS3_GSE182109	02	0.17455621301775148	sample_id	leiden_scvi_main
GSM5518608_ndGBM-02-1	4	1820	7436	ndGBM	DS3_GSE182109	02	0.24475524475524477	sample_id	leiden_scvi_main
GSM5518608_ndGBM-02-1	5	594	7436	ndGBM	DS3_GSE182109	02	0.07988165680473373	sample_id	leiden_scvi_main
GSM5518608_ndGBM-02-1	6	285	7436	ndGBM	DS3_GSE182109	02	0.03832705755782679	sample_id	leiden_scvi_main
GSM5518608_ndGBM-02-1	7	364	7436	ndGBM	DS3_GSE182109	02	0.04895104895104895	sample_id	leiden_scvi_main
GSM5518608_ndGBM-02-1	8	6	7436	ndGBM	DS3_GSE182109	02	0.0008068854222700376	sample_id	leiden_scvi_main
GSM5518608_ndGBM-02-1	9	103	7436	ndGBM	DS3_GSE182109	02	0.013851533082302313	sample_id	leiden_scvi_main
GSM5518609_ndGBM-02-2	0	406	5728	ndGBM	DS3_GSE182109	02	0.07087988826815643	sample_id	leiden_scvi_main
GSM5518609_ndGBM-02-2	1	2355	5728	ndGBM	DS3_GSE182109	02	0.41113826815642457	sample_id	leiden_scvi_main
GSM5518609_ndGBM-02-2	10	51	5728	ndGBM	DS3_GSE182109	02	0.0089036312849162	sample_id	leiden_scvi_main
GSM5518609_ndGBM-02-2	11	9	5728	ndGBM	DS3_GSE182109	02	0.0015712290502793297	sample_id	leiden_scvi_main
GSM5518609_ndGBM-02-2	12	35	5728	ndGBM	DS3_GSE182109	02	0.006110335195530726	sample_id	leiden_scvi_main
GSM5518609_ndGBM-02-2	13	451	5728	ndGBM	DS3_GSE182109	02	0.07873603351955308	sample_id	leiden_scvi_main
GSM5518609_ndGBM-02-2	14	176	5728	ndGBM	DS3_GSE182109	02	0.030726256983240222	sample_id	leiden_scvi_main
GSM5518609_ndGBM-02-2	15	16	5728	ndGBM	DS3_GSE182109	02	0.002793296089385475	sample_id	leiden_scvi_main
GSM5518609_ndGBM-02-2	17	8	5728	ndGBM	DS3_GSE182109	02	0.0013966480446927375	sample_id	leiden_scvi_main
GSM5518609_ndGBM-02-2	2	164	5728	ndGBM	DS3_GSE182109	02	0.02863128491620112	sample_id	leiden_scvi_main
GSM5518609_ndGBM-02-2	3	59	5728	ndGBM	DS3_GSE182109	02	0.010300279329608938	sample_id	leiden_scvi_main
GSM5518609_ndGBM-02-2	4	120	5728	ndGBM	DS3_GSE182109	02	0.02094972067039106	sample_id	leiden_scvi_main
GSM5518609_ndGBM-02-2	5	999	5728	ndGBM	DS3_GSE182109	02	0.17440642458100558	sample_id	leiden_scvi_main
GSM5518609_ndGBM-02-2	6	710	5728	ndGBM	DS3_GSE182109	02	0.12395251396648045	sample_id	leiden_scvi_main
GSM5518609_ndGBM-02-2	7	113	5728	ndGBM	DS3_GSE182109	02	0.019727653631284914	sample_id	leiden_scvi_main
GSM5518609_ndGBM-02-2	8	14	5728	ndGBM	DS3_GSE182109	02	0.0024441340782122905	sample_id	leiden_scvi_main
GSM5518609_ndGBM-02-2	9	42	5728	ndGBM	DS3_GSE182109	02	0.007332402234636872	sample_id	leiden_scvi_main
GSM5518610_ndGBM-02-4	0	845	5739	ndGBM	DS3_GSE182109	02	0.14723819480745776	sample_id	leiden_scvi_main
GSM5518610_ndGBM-02-4	1	1345	5739	ndGBM	DS3_GSE182109	02	0.23436138700121972	sample_id	leiden_scvi_main
GSM5518610_ndGBM-02-4	10	55	5739	ndGBM	DS3_GSE182109	02	0.009583551141313817	sample_id	leiden_scvi_main
GSM5518610_ndGBM-02-4	11	116	5739	ndGBM	DS3_GSE182109	02	0.02021258058895278	sample_id	leiden_scvi_main
GSM5518610_ndGBM-02-4	12	182	5739	ndGBM	DS3_GSE182109	02	0.03171284195852936	sample_id	leiden_scvi_main
GSM5518610_ndGBM-02-4	13	277	5739	ndGBM	DS3_GSE182109	02	0.04826624847534414	sample_id	leiden_scvi_main
GSM5518610_ndGBM-02-4	14	47	5739	ndGBM	DS3_GSE182109	02	0.008189580066213627	sample_id	leiden_scvi_main
GSM5518610_ndGBM-02-4	15	7	5739	ndGBM	DS3_GSE182109	02	0.0012197246907126678	sample_id	leiden_scvi_main
GSM5518610_ndGBM-02-4	17	10	5739	ndGBM	DS3_GSE182109	02	0.0017424638438752395	sample_id	leiden_scvi_main
GSM5518610_ndGBM-02-4	2	446	5739	ndGBM	DS3_GSE182109	02	0.07771388743683569	sample_id	leiden_scvi_main
GSM5518610_ndGBM-02-4	3	332	5739	ndGBM	DS3_GSE182109	02	0.057849799616657954	sample_id	leiden_scvi_main
GSM5518610_ndGBM-02-4	4	261	5739	ndGBM	DS3_GSE182109	02	0.045478306325143755	sample_id	leiden_scvi_main
GSM5518610_ndGBM-02-4	5	671	5739	ndGBM	DS3_GSE182109	02	0.11691932392402858	sample_id	leiden_scvi_main
GSM5518610_ndGBM-02-4	6	642	5739	ndGBM	DS3_GSE182109	02	0.11186617877679038	sample_id	leiden_scvi_main
GSM5518610_ndGBM-02-4	7	388	5739	ndGBM	DS3_GSE182109	02	0.0676075971423593	sample_id	leiden_scvi_main
GSM5518610_ndGBM-02-4	8	8	5739	ndGBM	DS3_GSE182109	02	0.0013939710751001916	sample_id	leiden_scvi_main
GSM5518610_ndGBM-02-4	9	107	5739	ndGBM	DS3_GSE182109	02	0.018644363129465064	sample_id	leiden_scvi_main
GSM5518611_ndGBM-02-5	0	1142	6613	ndGBM	DS3_GSE182109	02	0.17269015575381824	sample_id	leiden_scvi_main
GSM5518611_ndGBM-02-5	1	1344	6613	ndGBM	DS3_GSE182109	02	0.20323605020414334	sample_id	leiden_scvi_main
GSM5518611_ndGBM-02-5	10	130	6613	ndGBM	DS3_GSE182109	02	0.01965824890367458	sample_id	leiden_scvi_main
GSM5518611_ndGBM-02-5	11	46	6613	ndGBM	DS3_GSE182109	02	0.00695599576591562	sample_id	leiden_scvi_main
GSM5518611_ndGBM-02-5	12	88	6613	ndGBM	DS3_GSE182109	02	0.0133071223347951	sample_id	leiden_scvi_main
GSM5518611_ndGBM-02-5	13	537	6613	ndGBM	DS3_GSE182109	02	0.08120368970210191	sample_id	leiden_scvi_main
GSM5518611_ndGBM-02-5	14	102	6613	ndGBM	DS3_GSE182109	02	0.015424164524421594	sample_id	leiden_scvi_main
GSM5518611_ndGBM-02-5	15	5	6613	ndGBM	DS3_GSE182109	02	0.0007560864962951762	sample_id	leiden_scvi_main
GSM5518611_ndGBM-02-5	17	1	6613	ndGBM	DS3_GSE182109	02	0.00015121729925903524	sample_id	leiden_scvi_main
GSM5518611_ndGBM-02-5	2	460	6613	ndGBM	DS3_GSE182109	02	0.06955995765915621	sample_id	leiden_scvi_main
GSM5518611_ndGBM-02-5	3	532	6613	ndGBM	DS3_GSE182109	02	0.08044760320580674	sample_id	leiden_scvi_main
GSM5518611_ndGBM-02-5	4	498	6613	ndGBM	DS3_GSE182109	02	0.07530621503099955	sample_id	leiden_scvi_main
GSM5518611_ndGBM-02-5	5	617	6613	ndGBM	DS3_GSE182109	02	0.09330107364282474	sample_id	leiden_scvi_main
GSM5518611_ndGBM-02-5	6	492	6613	ndGBM	DS3_GSE182109	02	0.07439891123544533	sample_id	leiden_scvi_main
GSM5518611_ndGBM-02-5	7	415	6613	ndGBM	DS3_GSE182109	02	0.06275517919249962	sample_id	leiden_scvi_main
GSM5518611_ndGBM-02-5	8	83	6613	ndGBM	DS3_GSE182109	02	0.012551035838499924	sample_id	leiden_scvi_main
GSM5518611_ndGBM-02-5	9	121	6613	ndGBM	DS3_GSE182109	02	0.018297293210343263	sample_id	leiden_scvi_main
GSM5518612_rGBM-02-2	0	11	2028	rGBM	DS3_GSE182109	02	0.005424063116370809	sample_id	leiden_scvi_main
GSM5518612_rGBM-02-2	1	1	2028	rGBM	DS3_GSE182109	02	0.0004930966469428008	sample_id	leiden_scvi_main
GSM5518612_rGBM-02-2	10	418	2028	rGBM	DS3_GSE182109	02	0.20611439842209073	sample_id	leiden_scvi_main
GSM5518612_rGBM-02-2	11	1	2028	rGBM	DS3_GSE182109	02	0.0004930966469428008	sample_id	leiden_scvi_main
GSM5518612_rGBM-02-2	12	1	2028	rGBM	DS3_GSE182109	02	0.0004930966469428008	sample_id	leiden_scvi_main
GSM5518612_rGBM-02-2	13	372	2028	rGBM	DS3_GSE182109	02	0.1834319526627219	sample_id	leiden_scvi_main
GSM5518612_rGBM-02-2	14	9	2028	rGBM	DS3_GSE182109	02	0.004437869822485207	sample_id	leiden_scvi_main
GSM5518612_rGBM-02-2	15	31	2028	rGBM	DS3_GSE182109	02	0.015285996055226824	sample_id	leiden_scvi_main
GSM5518612_rGBM-02-2	16	1	2028	rGBM	DS3_GSE182109	02	0.0004930966469428008	sample_id	leiden_scvi_main
GSM5518612_rGBM-02-2	17	1	2028	rGBM	DS3_GSE182109	02	0.0004930966469428008	sample_id	leiden_scvi_main
GSM5518612_rGBM-02-2	3	142	2028	rGBM	DS3_GSE182109	02	0.07001972386587771	sample_id	leiden_scvi_main
GSM5518612_rGBM-02-2	4	2	2028	rGBM	DS3_GSE182109	02	0.0009861932938856016	sample_id	leiden_scvi_main
GSM5518612_rGBM-02-2	5	887	2028	rGBM	DS3_GSE182109	02	0.4373767258382643	sample_id	leiden_scvi_main
GSM5518612_rGBM-02-2	6	142	2028	rGBM	DS3_GSE182109	02	0.07001972386587771	sample_id	leiden_scvi_main
GSM5518612_rGBM-02-2	7	2	2028	rGBM	DS3_GSE182109	02	0.0009861932938856016	sample_id	leiden_scvi_main
GSM5518612_rGBM-02-2	8	3	2028	rGBM	DS3_GSE182109	02	0.0014792899408284023	sample_id	leiden_scvi_main
GSM5518612_rGBM-02-2	9	4	2028	rGBM	DS3_GSE182109	02	0.0019723865877712033	sample_id	leiden_scvi_main
GSM5518613_rGBM-02-3	0	753	8727	rGBM	DS3_GSE182109	02	0.08628394637332416	sample_id	leiden_scvi_main
GSM5518613_rGBM-02-3	1	131	8727	rGBM	DS3_GSE182109	02	0.015010885756846568	sample_id	leiden_scvi_main
GSM5518613_rGBM-02-3	10	495	8727	rGBM	DS3_GSE182109	02	0.056720522516328635	sample_id	leiden_scvi_main
GSM5518613_rGBM-02-3	11	94	8727	rGBM	DS3_GSE182109	02	0.01077116993239372	sample_id	leiden_scvi_main
GSM5518613_rGBM-02-3	12	62	8727	rGBM	DS3_GSE182109	02	0.00710438867881288	sample_id	leiden_scvi_main
GSM5518613_rGBM-02-3	13	10	8727	rGBM	DS3_GSE182109	02	0.001145869141744013	sample_id	leiden_scvi_main
GSM5518613_rGBM-02-3	14	53	8727	rGBM	DS3_GSE182109	02	0.0060731064512432684	sample_id	leiden_scvi_main
GSM5518613_rGBM-02-3	15	211	8727	rGBM	DS3_GSE182109	02	0.02417783889079867	sample_id	leiden_scvi_main
GSM5518613_rGBM-02-3	16	18	8727	rGBM	DS3_GSE182109	02	0.002062564455139223	sample_id	leiden_scvi_main
GSM5518613_rGBM-02-3	17	5	8727	rGBM	DS3_GSE182109	02	0.0005729345708720064	sample_id	leiden_scvi_main
GSM5518613_rGBM-02-3	2	210	8727	rGBM	DS3_GSE182109	02	0.02406325197662427	sample_id	leiden_scvi_main
GSM5518613_rGBM-02-3	3	1094	8727	rGBM	DS3_GSE182109	02	0.125358084106795	sample_id	leiden_scvi_main
GSM5518613_rGBM-02-3	4	26	8727	rGBM	DS3_GSE182109	02	0.0029792597685344333	sample_id	leiden_scvi_main
GSM5518613_rGBM-02-3	5	4388	8727	rGBM	DS3_GSE182109	02	0.5028073793972728	sample_id	leiden_scvi_main
GSM5518613_rGBM-02-3	6	747	8727	rGBM	DS3_GSE182109	02	0.08559642488827776	sample_id	leiden_scvi_main
GSM5518613_rGBM-02-3	7	62	8727	rGBM	DS3_GSE182109	02	0.00710438867881288	sample_id	leiden_scvi_main
GSM5518613_rGBM-02-3	8	17	8727	rGBM	DS3_GSE182109	02	0.0019479775409648218	sample_id	leiden_scvi_main
GSM5518613_rGBM-02-3	9	351	8727	rGBM	DS3_GSE182109	02	0.04022000687521485	sample_id	leiden_scvi_main
GSM5518614_rGBM-02-4	10	183	768	rGBM	DS3_GSE182109	02	0.23828125	sample_id	leiden_scvi_main
GSM5518614_rGBM-02-4	12	1	768	rGBM	DS3_GSE182109	02	0.0013020833333333333	sample_id	leiden_scvi_main
GSM5518614_rGBM-02-4	13	3	768	rGBM	DS3_GSE182109	02	0.00390625	sample_id	leiden_scvi_main
GSM5518614_rGBM-02-4	15	20	768	rGBM	DS3_GSE182109	02	0.026041666666666668	sample_id	leiden_scvi_main
GSM5518614_rGBM-02-4	16	1	768	rGBM	DS3_GSE182109	02	0.0013020833333333333	sample_id	leiden_scvi_main
GSM5518614_rGBM-02-4	3	18	768	rGBM	DS3_GSE182109	02	0.0234375	sample_id	leiden_scvi_main
GSM5518614_rGBM-02-4	5	505	768	rGBM	DS3_GSE182109	02	0.6575520833333334	sample_id	leiden_scvi_main
GSM5518614_rGBM-02-4	6	37	768	rGBM	DS3_GSE182109	02	0.048177083333333336	sample_id	leiden_scvi_main
GSM5518615_rGBM-02-5	0	25	9711	rGBM	DS3_GSE182109	02	0.0025744001647616107	sample_id	leiden_scvi_main
GSM5518615_rGBM-02-5	1	9	9711	rGBM	DS3_GSE182109	02	0.0009267840593141798	sample_id	leiden_scvi_main
GSM5518615_rGBM-02-5	10	3625	9711	rGBM	DS3_GSE182109	02	0.37328802389043353	sample_id	leiden_scvi_main
GSM5518615_rGBM-02-5	11	1	9711	rGBM	DS3_GSE182109	02	0.00010297600659046442	sample_id	leiden_scvi_main
GSM5518615_rGBM-02-5	12	12	9711	rGBM	DS3_GSE182109	02	0.001235712079085573	sample_id	leiden_scvi_main
GSM5518615_rGBM-02-5	13	24	9711	rGBM	DS3_GSE182109	02	0.002471424158171146	sample_id	leiden_scvi_main
GSM5518615_rGBM-02-5	14	231	9711	rGBM	DS3_GSE182109	02	0.023787457522397283	sample_id	leiden_scvi_main
GSM5518615_rGBM-02-5	15	150	9711	rGBM	DS3_GSE182109	02	0.015446400988569663	sample_id	leiden_scvi_main
GSM5518615_rGBM-02-5	16	30	9711	rGBM	DS3_GSE182109	02	0.0030892801977139327	sample_id	leiden_scvi_main
GSM5518615_rGBM-02-5	17	12	9711	rGBM	DS3_GSE182109	02	0.001235712079085573	sample_id	leiden_scvi_main
GSM5518615_rGBM-02-5	2	18	9711	rGBM	DS3_GSE182109	02	0.0018535681186283596	sample_id	leiden_scvi_main
GSM5518615_rGBM-02-5	3	278	9711	rGBM	DS3_GSE182109	02	0.02862732983214911	sample_id	leiden_scvi_main
GSM5518615_rGBM-02-5	4	9	9711	rGBM	DS3_GSE182109	02	0.0009267840593141798	sample_id	leiden_scvi_main
GSM5518615_rGBM-02-5	5	4666	9711	rGBM	DS3_GSE182109	02	0.480486046751107	sample_id	leiden_scvi_main
GSM5518615_rGBM-02-5	6	553	9711	rGBM	DS3_GSE182109	02	0.05694573164452683	sample_id	leiden_scvi_main
GSM5518615_rGBM-02-5	7	5	9711	rGBM	DS3_GSE182109	02	0.0005148800329523221	sample_id	leiden_scvi_main
GSM5518615_rGBM-02-5	8	42	9711	rGBM	DS3_GSE182109	02	0.004324992276799506	sample_id	leiden_scvi_main
GSM5518615_rGBM-02-5	9	21	9711	rGBM	DS3_GSE182109	02	0.002162496138399753	sample_id	leiden_scvi_main
GSM5518616_rGBM-03-1	0	1219	3461	rGBM	DS3_GSE182109	03	0.35221034383126265	sample_id	leiden_scvi_main
GSM5518616_rGBM-03-1	1	360	3461	rGBM	DS3_GSE182109	03	0.1040161802947125	sample_id	leiden_scvi_main
GSM5518616_rGBM-03-1	10	13	3461	rGBM	DS3_GSE182109	03	0.0037561398439757295	sample_id	leiden_scvi_main
GSM5518616_rGBM-03-1	11	13	3461	rGBM	DS3_GSE182109	03	0.0037561398439757295	sample_id	leiden_scvi_main
GSM5518616_rGBM-03-1	12	223	3461	rGBM	DS3_GSE182109	03	0.06443224501589136	sample_id	leiden_scvi_main
GSM5518616_rGBM-03-1	14	8	3461	rGBM	DS3_GSE182109	03	0.0023114706732158337	sample_id	leiden_scvi_main
GSM5518616_rGBM-03-1	15	6	3461	rGBM	DS3_GSE182109	03	0.0017336030049118752	sample_id	leiden_scvi_main
GSM5518616_rGBM-03-1	17	1	3461	rGBM	DS3_GSE182109	03	0.0002889338341519792	sample_id	leiden_scvi_main
GSM5518616_rGBM-03-1	2	547	3461	rGBM	DS3_GSE182109	03	0.15804680728113263	sample_id	leiden_scvi_main
GSM5518616_rGBM-03-1	3	48	3461	rGBM	DS3_GSE182109	03	0.013868824039295001	sample_id	leiden_scvi_main
GSM5518616_rGBM-03-1	4	484	3461	rGBM	DS3_GSE182109	03	0.13984397572955792	sample_id	leiden_scvi_main
GSM5518616_rGBM-03-1	5	29	3461	rGBM	DS3_GSE182109	03	0.008379081190407396	sample_id	leiden_scvi_main
GSM5518616_rGBM-03-1	6	7	3461	rGBM	DS3_GSE182109	03	0.0020225368390638545	sample_id	leiden_scvi_main
GSM5518616_rGBM-03-1	7	354	3461	rGBM	DS3_GSE182109	03	0.10228257728980064	sample_id	leiden_scvi_main
GSM5518616_rGBM-03-1	8	131	3461	rGBM	DS3_GSE182109	03	0.03785033227390928	sample_id	leiden_scvi_main
GSM5518616_rGBM-03-1	9	18	3461	rGBM	DS3_GSE182109	03	0.005200809014735626	sample_id	leiden_scvi_main
GSM5518617_rGBM-03-2	0	267	1492	rGBM	DS3_GSE182109	03	0.1789544235924933	sample_id	leiden_scvi_main
GSM5518617_rGBM-03-2	1	153	1492	rGBM	DS3_GSE182109	03	0.10254691689008043	sample_id	leiden_scvi_main
GSM5518617_rGBM-03-2	10	12	1492	rGBM	DS3_GSE182109	03	0.00804289544235925	sample_id	leiden_scvi_main
GSM5518617_rGBM-03-2	11	1	1492	rGBM	DS3_GSE182109	03	0.0006702412868632708	sample_id	leiden_scvi_main
GSM5518617_rGBM-03-2	12	55	1492	rGBM	DS3_GSE182109	03	0.03686327077747989	sample_id	leiden_scvi_main
GSM5518617_rGBM-03-2	13	7	1492	rGBM	DS3_GSE182109	03	0.004691689008042895	sample_id	leiden_scvi_main
GSM5518617_rGBM-03-2	14	22	1492	rGBM	DS3_GSE182109	03	0.014745308310991957	sample_id	leiden_scvi_main
GSM5518617_rGBM-03-2	15	8	1492	rGBM	DS3_GSE182109	03	0.005361930294906166	sample_id	leiden_scvi_main
GSM5518617_rGBM-03-2	2	94	1492	rGBM	DS3_GSE182109	03	0.06300268096514745	sample_id	leiden_scvi_main
GSM5518617_rGBM-03-2	3	270	1492	rGBM	DS3_GSE182109	03	0.18096514745308312	sample_id	leiden_scvi_main
GSM5518617_rGBM-03-2	4	316	1492	rGBM	DS3_GSE182109	03	0.21179624664879357	sample_id	leiden_scvi_main
GSM5518617_rGBM-03-2	5	135	1492	rGBM	DS3_GSE182109	03	0.09048257372654156	sample_id	leiden_scvi_main
GSM5518617_rGBM-03-2	6	30	1492	rGBM	DS3_GSE182109	03	0.020107238605898123	sample_id	leiden_scvi_main
GSM5518617_rGBM-03-2	7	69	1492	rGBM	DS3_GSE182109	03	0.04624664879356569	sample_id	leiden_scvi_main
GSM5518617_rGBM-03-2	8	49	1492	rGBM	DS3_GSE182109	03	0.03284182305630027	sample_id	leiden_scvi_main
GSM5518617_rGBM-03-2	9	4	1492	rGBM	DS3_GSE182109	03	0.002680965147453083	sample_id	leiden_scvi_main
GSM5518618_rGBM-03-3	0	912	3921	rGBM	DS3_GSE182109	03	0.2325937260902831	sample_id	leiden_scvi_main
GSM5518618_rGBM-03-3	1	1258	3921	rGBM	DS3_GSE182109	03	0.3208365212955879	sample_id	leiden_scvi_main
GSM5518618_rGBM-03-3	10	58	3921	rGBM	DS3_GSE182109	03	0.014792144861004846	sample_id	leiden_scvi_main
GSM5518618_rGBM-03-3	11	6	3921	rGBM	DS3_GSE182109	03	0.001530221882172915	sample_id	leiden_scvi_main
GSM5518618_rGBM-03-3	12	228	3921	rGBM	DS3_GSE182109	03	0.05814843152257077	sample_id	leiden_scvi_main
GSM5518618_rGBM-03-3	13	4	3921	rGBM	DS3_GSE182109	03	0.00102014792144861	sample_id	leiden_scvi_main
GSM5518618_rGBM-03-3	14	22	3921	rGBM	DS3_GSE182109	03	0.0056108135679673555	sample_id	leiden_scvi_main
GSM5518618_rGBM-03-3	15	31	3921	rGBM	DS3_GSE182109	03	0.007906146391226727	sample_id	leiden_scvi_main
GSM5518618_rGBM-03-3	17	1	3921	rGBM	DS3_GSE182109	03	0.0002550369803621525	sample_id	leiden_scvi_main
GSM5518618_rGBM-03-3	2	346	3921	rGBM	DS3_GSE182109	03	0.08824279520530477	sample_id	leiden_scvi_main
GSM5518618_rGBM-03-3	3	209	3921	rGBM	DS3_GSE182109	03	0.05330272889568988	sample_id	leiden_scvi_main
GSM5518618_rGBM-03-3	4	335	3921	rGBM	DS3_GSE182109	03	0.08543738842132109	sample_id	leiden_scvi_main
GSM5518618_rGBM-03-3	5	221	3921	rGBM	DS3_GSE182109	03	0.0563631726600357	sample_id	leiden_scvi_main
GSM5518618_rGBM-03-3	6	63	3921	rGBM	DS3_GSE182109	03	0.016067329762815608	sample_id	leiden_scvi_main
GSM5518618_rGBM-03-3	7	123	3921	rGBM	DS3_GSE182109	03	0.03136954858454476	sample_id	leiden_scvi_main
GSM5518618_rGBM-03-3	8	41	3921	rGBM	DS3_GSE182109	03	0.010456516194848253	sample_id	leiden_scvi_main
GSM5518618_rGBM-03-3	9	63	3921	rGBM	DS3_GSE182109	03	0.016067329762815608	sample_id	leiden_scvi_main
GSM5518619_rGBM-04-1	0	1848	6378	rGBM	DS3_GSE182109	04	0.28974600188146754	sample_id	leiden_scvi_main
GSM5518619_rGBM-04-1	1	502	6378	rGBM	DS3_GSE182109	04	0.07870805895264973	sample_id	leiden_scvi_main
GSM5518619_rGBM-04-1	10	9	6378	rGBM	DS3_GSE182109	04	0.0014111006585136407	sample_id	leiden_scvi_main
GSM5518619_rGBM-04-1	11	5	6378	rGBM	DS3_GSE182109	04	0.0007839448102853559	sample_id	leiden_scvi_main
GSM5518619_rGBM-04-1	12	78	6378	rGBM	DS3_GSE182109	04	0.012229539040451553	sample_id	leiden_scvi_main
GSM5518619_rGBM-04-1	13	1	6378	rGBM	DS3_GSE182109	04	0.00015678896205707118	sample_id	leiden_scvi_main
GSM5518619_rGBM-04-1	14	4	6378	rGBM	DS3_GSE182109	04	0.0006271558482282847	sample_id	leiden_scvi_main
GSM5518619_rGBM-04-1	15	5	6378	rGBM	DS3_GSE182109	04	0.0007839448102853559	sample_id	leiden_scvi_main
GSM5518619_rGBM-04-1	2	1745	6378	rGBM	DS3_GSE182109	04	0.27359673878958923	sample_id	leiden_scvi_main
GSM5518619_rGBM-04-1	3	67	6378	rGBM	DS3_GSE182109	04	0.01050486045782377	sample_id	leiden_scvi_main
GSM5518619_rGBM-04-1	4	8	6378	rGBM	DS3_GSE182109	04	0.0012543116964565694	sample_id	leiden_scvi_main
GSM5518619_rGBM-04-1	5	295	6378	rGBM	DS3_GSE182109	04	0.046252743806836	sample_id	leiden_scvi_main
GSM5518619_rGBM-04-1	6	195	6378	rGBM	DS3_GSE182109	04	0.03057384760112888	sample_id	leiden_scvi_main
GSM5518619_rGBM-04-1	7	681	6378	rGBM	DS3_GSE182109	04	0.10677328316086547	sample_id	leiden_scvi_main
GSM5518619_rGBM-04-1	8	860	6378	rGBM	DS3_GSE182109	04	0.1348385073690812	sample_id	leiden_scvi_main
GSM5518619_rGBM-04-1	9	75	6378	rGBM	DS3_GSE182109	04	0.011759172154280339	sample_id	leiden_scvi_main
GSM5518620_rGBM-04-2	0	1733	6209	rGBM	DS3_GSE182109	04	0.2791109679497504	sample_id	leiden_scvi_main
GSM5518620_rGBM-04-2	1	652	6209	rGBM	DS3_GSE182109	04	0.10500885810919633	sample_id	leiden_scvi_main
GSM5518620_rGBM-04-2	10	16	6209	rGBM	DS3_GSE182109	04	0.0025769044934772106	sample_id	leiden_scvi_main
GSM5518620_rGBM-04-2	11	37	6209	rGBM	DS3_GSE182109	04	0.00595909164116605	sample_id	leiden_scvi_main
GSM5518620_rGBM-04-2	12	133	6209	rGBM	DS3_GSE182109	04	0.02142051860202931	sample_id	leiden_scvi_main
GSM5518620_rGBM-04-2	13	1	6209	rGBM	DS3_GSE182109	04	0.00016105653084232566	sample_id	leiden_scvi_main
GSM5518620_rGBM-04-2	14	2	6209	rGBM	DS3_GSE182109	04	0.0003221130616846513	sample_id	leiden_scvi_main
GSM5518620_rGBM-04-2	15	2	6209	rGBM	DS3_GSE182109	04	0.0003221130616846513	sample_id	leiden_scvi_main
GSM5518620_rGBM-04-2	2	2078	6209	rGBM	DS3_GSE182109	04	0.3346754710903527	sample_id	leiden_scvi_main
GSM5518620_rGBM-04-2	3	134	6209	rGBM	DS3_GSE182109	04	0.02158157513287164	sample_id	leiden_scvi_main
GSM5518620_rGBM-04-2	4	191	6209	rGBM	DS3_GSE182109	04	0.0307617973908842	sample_id	leiden_scvi_main
GSM5518620_rGBM-04-2	5	153	6209	rGBM	DS3_GSE182109	04	0.024641649218875825	sample_id	leiden_scvi_main
GSM5518620_rGBM-04-2	6	199	6209	rGBM	DS3_GSE182109	04	0.032050249637622805	sample_id	leiden_scvi_main
GSM5518620_rGBM-04-2	7	420	6209	rGBM	DS3_GSE182109	04	0.06764374295377677	sample_id	leiden_scvi_main
GSM5518620_rGBM-04-2	8	387	6209	rGBM	DS3_GSE182109	04	0.06232887743598003	sample_id	leiden_scvi_main
GSM5518620_rGBM-04-2	9	71	6209	rGBM	DS3_GSE182109	04	0.011435013689805122	sample_id	leiden_scvi_main
GSM5518621_rGBM-04-3	0	2131	7718	rGBM	DS3_GSE182109	04	0.2761077999481731	sample_id	leiden_scvi_main
GSM5518621_rGBM-04-3	1	994	7718	rGBM	DS3_GSE182109	04	0.1287898419279606	sample_id	leiden_scvi_main
GSM5518621_rGBM-04-3	10	7	7718	rGBM	DS3_GSE182109	04	0.0009069707178025395	sample_id	leiden_scvi_main
GSM5518621_rGBM-04-3	11	58	7718	rGBM	DS3_GSE182109	04	0.007514900233221042	sample_id	leiden_scvi_main
GSM5518621_rGBM-04-3	12	91	7718	rGBM	DS3_GSE182109	04	0.011790619331433013	sample_id	leiden_scvi_main
GSM5518621_rGBM-04-3	14	2	7718	rGBM	DS3_GSE182109	04	0.0002591344908007256	sample_id	leiden_scvi_main
GSM5518621_rGBM-04-3	15	2	7718	rGBM	DS3_GSE182109	04	0.0002591344908007256	sample_id	leiden_scvi_main
GSM5518621_rGBM-04-3	2	2210	7718	rGBM	DS3_GSE182109	04	0.28634361233480177	sample_id	leiden_scvi_main
GSM5518621_rGBM-04-3	3	133	7718	rGBM	DS3_GSE182109	04	0.01723244363824825	sample_id	leiden_scvi_main
GSM5518621_rGBM-04-3	4	197	7718	rGBM	DS3_GSE182109	04	0.02552474734387147	sample_id	leiden_scvi_main
GSM5518621_rGBM-04-3	5	239	7718	rGBM	DS3_GSE182109	04	0.030966571650686708	sample_id	leiden_scvi_main
GSM5518621_rGBM-04-3	6	299	7718	rGBM	DS3_GSE182109	04	0.038740606374708476	sample_id	leiden_scvi_main
GSM5518621_rGBM-04-3	7	428	7718	rGBM	DS3_GSE182109	04	0.055454781031355274	sample_id	leiden_scvi_main
GSM5518621_rGBM-04-3	8	837	7718	rGBM	DS3_GSE182109	04	0.10844778440010365	sample_id	leiden_scvi_main
GSM5518621_rGBM-04-3	9	90	7718	rGBM	DS3_GSE182109	04	0.011661052086032651	sample_id	leiden_scvi_main
GSM5518622_rGBM-04-4	0	1452	6412	rGBM	DS3_GSE182109	04	0.2264504054897068	sample_id	leiden_scvi_main
GSM5518622_rGBM-04-4	1	704	6412	rGBM	DS3_GSE182109	04	0.10979413599500935	sample_id	leiden_scvi_main
GSM5518622_rGBM-04-4	10	83	6412	rGBM	DS3_GSE182109	04	0.012944479101684342	sample_id	leiden_scvi_main
GSM5518622_rGBM-04-4	11	58	6412	rGBM	DS3_GSE182109	04	0.009045539613225203	sample_id	leiden_scvi_main
GSM5518622_rGBM-04-4	12	72	6412	rGBM	DS3_GSE182109	04	0.011228945726762321	sample_id	leiden_scvi_main
GSM5518622_rGBM-04-4	13	1	6412	rGBM	DS3_GSE182109	04	0.00015595757953836556	sample_id	leiden_scvi_main
GSM5518622_rGBM-04-4	14	4	6412	rGBM	DS3_GSE182109	04	0.0006238303181534623	sample_id	leiden_scvi_main
GSM5518622_rGBM-04-4	15	3	6412	rGBM	DS3_GSE182109	04	0.0004678727386150967	sample_id	leiden_scvi_main
GSM5518622_rGBM-04-4	2	1535	6412	rGBM	DS3_GSE182109	04	0.23939488459139113	sample_id	leiden_scvi_main
GSM5518622_rGBM-04-4	3	287	6412	rGBM	DS3_GSE182109	04	0.04475982532751092	sample_id	leiden_scvi_main
GSM5518622_rGBM-04-4	4	165	6412	rGBM	DS3_GSE182109	04	0.02573300062383032	sample_id	leiden_scvi_main
GSM5518622_rGBM-04-4	5	360	6412	rGBM	DS3_GSE182109	04	0.056144728633811605	sample_id	leiden_scvi_main
GSM5518622_rGBM-04-4	6	935	6412	rGBM	DS3_GSE182109	04	0.1458203368683718	sample_id	leiden_scvi_main
GSM5518622_rGBM-04-4	7	333	6412	rGBM	DS3_GSE182109	04	0.05193387398627573	sample_id	leiden_scvi_main
GSM5518622_rGBM-04-4	8	293	6412	rGBM	DS3_GSE182109	04	0.04569557080474111	sample_id	leiden_scvi_main
GSM5518622_rGBM-04-4	9	127	6412	rGBM	DS3_GSE182109	04	0.019806612601372425	sample_id	leiden_scvi_main
GSM5518623_ndGBM-03-1	0	772	3574	ndGBM	DS3_GSE182109	03	0.21600447677672077	sample_id	leiden_scvi_main
GSM5518623_ndGBM-03-1	1	426	3574	ndGBM	DS3_GSE182109	03	0.11919418019026301	sample_id	leiden_scvi_main
GSM5518623_ndGBM-03-1	10	7	3574	ndGBM	DS3_GSE182109	03	0.00195858981533296	sample_id	leiden_scvi_main
GSM5518623_ndGBM-03-1	11	7	3574	ndGBM	DS3_GSE182109	03	0.00195858981533296	sample_id	leiden_scvi_main
GSM5518623_ndGBM-03-1	12	77	3574	ndGBM	DS3_GSE182109	03	0.021544487968662564	sample_id	leiden_scvi_main
GSM5518623_ndGBM-03-1	13	1	3574	ndGBM	DS3_GSE182109	03	0.0002797985450475658	sample_id	leiden_scvi_main
GSM5518623_ndGBM-03-1	14	5	3574	ndGBM	DS3_GSE182109	03	0.0013989927252378287	sample_id	leiden_scvi_main
GSM5518623_ndGBM-03-1	15	2	3574	ndGBM	DS3_GSE182109	03	0.0005595970900951316	sample_id	leiden_scvi_main
GSM5518623_ndGBM-03-1	2	869	3574	ndGBM	DS3_GSE182109	03	0.24314493564633463	sample_id	leiden_scvi_main
GSM5518623_ndGBM-03-1	3	226	3574	ndGBM	DS3_GSE182109	03	0.06323447118074986	sample_id	leiden_scvi_main
GSM5518623_ndGBM-03-1	4	165	3574	ndGBM	DS3_GSE182109	03	0.04616675993284835	sample_id	leiden_scvi_main
GSM5518623_ndGBM-03-1	5	425	3574	ndGBM	DS3_GSE182109	03	0.11891438164521545	sample_id	leiden_scvi_main
GSM5518623_ndGBM-03-1	6	239	3574	ndGBM	DS3_GSE182109	03	0.06687185226636821	sample_id	leiden_scvi_main
GSM5518623_ndGBM-03-1	7	296	3574	ndGBM	DS3_GSE182109	03	0.08282036933407946	sample_id	leiden_scvi_main
GSM5518623_ndGBM-03-1	8	1	3574	ndGBM	DS3_GSE182109	03	0.0002797985450475658	sample_id	leiden_scvi_main
GSM5518623_ndGBM-03-1	9	56	3574	ndGBM	DS3_GSE182109	03	0.01566871852266368	sample_id	leiden_scvi_main
GSM5518624_ndGBM-03-2	0	3	2331	ndGBM	DS3_GSE182109	03	0.001287001287001287	sample_id	leiden_scvi_main
GSM5518624_ndGBM-03-2	1	1943	2331	ndGBM	DS3_GSE182109	03	0.8335478335478336	sample_id	leiden_scvi_main
GSM5518624_ndGBM-03-2	10	7	2331	ndGBM	DS3_GSE182109	03	0.003003003003003003	sample_id	leiden_scvi_main
GSM5518624_ndGBM-03-2	12	8	2331	ndGBM	DS3_GSE182109	03	0.003432003432003432	sample_id	leiden_scvi_main
GSM5518624_ndGBM-03-2	13	2	2331	ndGBM	DS3_GSE182109	03	0.000858000858000858	sample_id	leiden_scvi_main
GSM5518624_ndGBM-03-2	15	2	2331	ndGBM	DS3_GSE182109	03	0.000858000858000858	sample_id	leiden_scvi_main
GSM5518624_ndGBM-03-2	17	2	2331	ndGBM	DS3_GSE182109	03	0.000858000858000858	sample_id	leiden_scvi_main
GSM5518624_ndGBM-03-2	3	12	2331	ndGBM	DS3_GSE182109	03	0.005148005148005148	sample_id	leiden_scvi_main
GSM5518624_ndGBM-03-2	5	140	2331	ndGBM	DS3_GSE182109	03	0.06006006006006006	sample_id	leiden_scvi_main
GSM5518624_ndGBM-03-2	6	70	2331	ndGBM	DS3_GSE182109	03	0.03003003003003003	sample_id	leiden_scvi_main
GSM5518624_ndGBM-03-2	7	104	2331	ndGBM	DS3_GSE182109	03	0.04461604461604462	sample_id	leiden_scvi_main
GSM5518624_ndGBM-03-2	8	33	2331	ndGBM	DS3_GSE182109	03	0.014157014157014158	sample_id	leiden_scvi_main
GSM5518624_ndGBM-03-2	9	5	2331	ndGBM	DS3_GSE182109	03	0.002145002145002145	sample_id	leiden_scvi_main
GSM5518625_ndGBM-03-3	0	661	3090	ndGBM	DS3_GSE182109	03	0.213915857605178	sample_id	leiden_scvi_main
GSM5518625_ndGBM-03-3	1	924	3090	ndGBM	DS3_GSE182109	03	0.29902912621359223	sample_id	leiden_scvi_main
GSM5518625_ndGBM-03-3	10	2	3090	ndGBM	DS3_GSE182109	03	0.0006472491909385113	sample_id	leiden_scvi_main
GSM5518625_ndGBM-03-3	11	5	3090	ndGBM	DS3_GSE182109	03	0.0016181229773462784	sample_id	leiden_scvi_main
GSM5518625_ndGBM-03-3	12	111	3090	ndGBM	DS3_GSE182109	03	0.035922330097087375	sample_id	leiden_scvi_main
GSM5518625_ndGBM-03-3	14	1	3090	ndGBM	DS3_GSE182109	03	0.00032362459546925567	sample_id	leiden_scvi_main
GSM5518625_ndGBM-03-3	15	1	3090	ndGBM	DS3_GSE182109	03	0.00032362459546925567	sample_id	leiden_scvi_main
GSM5518625_ndGBM-03-3	2	452	3090	ndGBM	DS3_GSE182109	03	0.14627831715210357	sample_id	leiden_scvi_main
GSM5518625_ndGBM-03-3	3	37	3090	ndGBM	DS3_GSE182109	03	0.01197411003236246	sample_id	leiden_scvi_main
GSM5518625_ndGBM-03-3	4	13	3090	ndGBM	DS3_GSE182109	03	0.004207119741100324	sample_id	leiden_scvi_main
GSM5518625_ndGBM-03-3	5	278	3090	ndGBM	DS3_GSE182109	03	0.08996763754045307	sample_id	leiden_scvi_main
GSM5518625_ndGBM-03-3	6	309	3090	ndGBM	DS3_GSE182109	03	0.1	sample_id	leiden_scvi_main
GSM5518625_ndGBM-03-3	7	221	3090	ndGBM	DS3_GSE182109	03	0.0715210355987055	sample_id	leiden_scvi_main
GSM5518625_ndGBM-03-3	8	30	3090	ndGBM	DS3_GSE182109	03	0.009708737864077669	sample_id	leiden_scvi_main
GSM5518625_ndGBM-03-3	9	45	3090	ndGBM	DS3_GSE182109	03	0.014563106796116505	sample_id	leiden_scvi_main
GSM5518626_rGBM-05-1	0	626	4609	rGBM	DS3_GSE182109	05	0.1358212193534389	sample_id	leiden_scvi_main
GSM5518626_rGBM-05-1	1	19	4609	rGBM	DS3_GSE182109	05	0.004122369277500542	sample_id	leiden_scvi_main
GSM5518626_rGBM-05-1	10	98	4609	rGBM	DS3_GSE182109	05	0.021262746799739638	sample_id	leiden_scvi_main
GSM5518626_rGBM-05-1	11	3	4609	rGBM	DS3_GSE182109	05	0.0006509004122369278	sample_id	leiden_scvi_main
GSM5518626_rGBM-05-1	12	313	4609	rGBM	DS3_GSE182109	05	0.06791060967671946	sample_id	leiden_scvi_main
GSM5518626_rGBM-05-1	13	11	4609	rGBM	DS3_GSE182109	05	0.002386634844868735	sample_id	leiden_scvi_main
GSM5518626_rGBM-05-1	14	37	4609	rGBM	DS3_GSE182109	05	0.008027771750922109	sample_id	leiden_scvi_main
GSM5518626_rGBM-05-1	15	2	4609	rGBM	DS3_GSE182109	05	0.00043393360815795185	sample_id	leiden_scvi_main
GSM5518626_rGBM-05-1	2	797	4609	rGBM	DS3_GSE182109	05	0.1729225428509438	sample_id	leiden_scvi_main
GSM5518626_rGBM-05-1	3	735	4609	rGBM	DS3_GSE182109	05	0.1594706009980473	sample_id	leiden_scvi_main
GSM5518626_rGBM-05-1	4	232	4609	rGBM	DS3_GSE182109	05	0.05033629854632241	sample_id	leiden_scvi_main
GSM5518626_rGBM-05-1	5	466	4609	rGBM	DS3_GSE182109	05	0.10110653070080278	sample_id	leiden_scvi_main
GSM5518626_rGBM-05-1	6	1011	4609	rGBM	DS3_GSE182109	05	0.21935343892384465	sample_id	leiden_scvi_main
GSM5518626_rGBM-05-1	7	219	4609	rGBM	DS3_GSE182109	05	0.047515730093295724	sample_id	leiden_scvi_main
GSM5518626_rGBM-05-1	9	40	4609	rGBM	DS3_GSE182109	05	0.008678672163159037	sample_id	leiden_scvi_main
GSM5518627_rGBM-05-2	0	170	2712	rGBM	DS3_GSE182109	05	0.06268436578171091	sample_id	leiden_scvi_main
GSM5518627_rGBM-05-2	1	3	2712	rGBM	DS3_GSE182109	05	0.0011061946902654867	sample_id	leiden_scvi_main
GSM5518627_rGBM-05-2	10	17	2712	rGBM	DS3_GSE182109	05	0.006268436578171091	sample_id	leiden_scvi_main
GSM5518627_rGBM-05-2	11	17	2712	rGBM	DS3_GSE182109	05	0.006268436578171091	sample_id	leiden_scvi_main
GSM5518627_rGBM-05-2	12	76	2712	rGBM	DS3_GSE182109	05	0.028023598820058997	sample_id	leiden_scvi_main
GSM5518627_rGBM-05-2	13	5	2712	rGBM	DS3_GSE182109	05	0.0018436578171091445	sample_id	leiden_scvi_main
GSM5518627_rGBM-05-2	14	13	2712	rGBM	DS3_GSE182109	05	0.004793510324483776	sample_id	leiden_scvi_main
GSM5518627_rGBM-05-2	16	2	2712	rGBM	DS3_GSE182109	05	0.0007374631268436578	sample_id	leiden_scvi_main
GSM5518627_rGBM-05-2	2	253	2712	rGBM	DS3_GSE182109	05	0.09328908554572271	sample_id	leiden_scvi_main
GSM5518627_rGBM-05-2	3	616	2712	rGBM	DS3_GSE182109	05	0.22713864306784662	sample_id	leiden_scvi_main
GSM5518627_rGBM-05-2	4	866	2712	rGBM	DS3_GSE182109	05	0.3193215339233038	sample_id	leiden_scvi_main
GSM5518627_rGBM-05-2	5	143	2712	rGBM	DS3_GSE182109	05	0.052728613569321535	sample_id	leiden_scvi_main
GSM5518627_rGBM-05-2	6	152	2712	rGBM	DS3_GSE182109	05	0.05604719764011799	sample_id	leiden_scvi_main
GSM5518627_rGBM-05-2	7	373	2712	rGBM	DS3_GSE182109	05	0.1375368731563422	sample_id	leiden_scvi_main
GSM5518627_rGBM-05-2	9	6	2712	rGBM	DS3_GSE182109	05	0.0022123893805309734	sample_id	leiden_scvi_main
GSM5518628_rGBM-05-3	0	95	1757	rGBM	DS3_GSE182109	05	0.05406943653955606	sample_id	leiden_scvi_main
GSM5518628_rGBM-05-3	1	4	1757	rGBM	DS3_GSE182109	05	0.0022766078542970974	sample_id	leiden_scvi_main
GSM5518628_rGBM-05-3	10	30	1757	rGBM	DS3_GSE182109	05	0.01707455890722823	sample_id	leiden_scvi_main
GSM5518628_rGBM-05-3	11	5	1757	rGBM	DS3_GSE182109	05	0.0028457598178713715	sample_id	leiden_scvi_main
GSM5518628_rGBM-05-3	12	29	1757	rGBM	DS3_GSE182109	05	0.016505406943653957	sample_id	leiden_scvi_main
GSM5518628_rGBM-05-3	13	14	1757	rGBM	DS3_GSE182109	05	0.00796812749003984	sample_id	leiden_scvi_main
GSM5518628_rGBM-05-3	14	22	1757	rGBM	DS3_GSE182109	05	0.012521343198634035	sample_id	leiden_scvi_main
GSM5518628_rGBM-05-3	15	1	1757	rGBM	DS3_GSE182109	05	0.0005691519635742744	sample_id	leiden_scvi_main
GSM5518628_rGBM-05-3	2	139	1757	rGBM	DS3_GSE182109	05	0.07911212293682413	sample_id	leiden_scvi_main
GSM5518628_rGBM-05-3	3	368	1757	rGBM	DS3_GSE182109	05	0.20944792259533296	sample_id	leiden_scvi_main
GSM5518628_rGBM-05-3	4	213	1757	rGBM	DS3_GSE182109	05	0.12122936824132043	sample_id	leiden_scvi_main
GSM5518628_rGBM-05-3	5	264	1757	rGBM	DS3_GSE182109	05	0.15025611838360842	sample_id	leiden_scvi_main
GSM5518628_rGBM-05-3	6	457	1757	rGBM	DS3_GSE182109	05	0.26010244735344334	sample_id	leiden_scvi_main
GSM5518628_rGBM-05-3	7	100	1757	rGBM	DS3_GSE182109	05	0.056915196357427436	sample_id	leiden_scvi_main
GSM5518628_rGBM-05-3	9	16	1757	rGBM	DS3_GSE182109	05	0.00910643141718839	sample_id	leiden_scvi_main
GSM5518629_ndGBM-10	0	1	9691	ndGBM	DS3_GSE182109	10	0.00010318852543597152	sample_id	leiden_scvi_main
GSM5518629_ndGBM-10	1	11	9691	ndGBM	DS3_GSE182109	10	0.0011350737797956867	sample_id	leiden_scvi_main
GSM5518629_ndGBM-10	3	2	9691	ndGBM	DS3_GSE182109	10	0.00020637705087194304	sample_id	leiden_scvi_main
GSM5518629_ndGBM-10	5	15	9691	ndGBM	DS3_GSE182109	10	0.0015478278815395728	sample_id	leiden_scvi_main
GSM5518629_ndGBM-10	6	6	9691	ndGBM	DS3_GSE182109	10	0.0006191311526158291	sample_id	leiden_scvi_main
GSM5518629_ndGBM-10	7	2	9691	ndGBM	DS3_GSE182109	10	0.00020637705087194304	sample_id	leiden_scvi_main
GSM5518629_ndGBM-10	9	9654	9691	ndGBM	DS3_GSE182109	10	0.9961820245588691	sample_id	leiden_scvi_main
GSM5518630_LGG-04-1	0	1127	2916	LGG	DS3_GSE182109	04	0.3864883401920439	sample_id	leiden_scvi_main
GSM5518630_LGG-04-1	1	1156	2916	LGG	DS3_GSE182109	04	0.39643347050754457	sample_id	leiden_scvi_main
GSM5518630_LGG-04-1	10	1	2916	LGG	DS3_GSE182109	04	0.0003429355281207133	sample_id	leiden_scvi_main
GSM5518630_LGG-04-1	11	142	2916	LGG	DS3_GSE182109	04	0.04869684499314129	sample_id	leiden_scvi_main
GSM5518630_LGG-04-1	12	48	2916	LGG	DS3_GSE182109	04	0.01646090534979424	sample_id	leiden_scvi_main
GSM5518630_LGG-04-1	13	11	2916	LGG	DS3_GSE182109	04	0.0037722908093278463	sample_id	leiden_scvi_main
GSM5518630_LGG-04-1	14	30	2916	LGG	DS3_GSE182109	04	0.0102880658436214	sample_id	leiden_scvi_main
GSM5518630_LGG-04-1	15	2	2916	LGG	DS3_GSE182109	04	0.0006858710562414266	sample_id	leiden_scvi_main
GSM5518630_LGG-04-1	17	17	2916	LGG	DS3_GSE182109	04	0.005829903978052126	sample_id	leiden_scvi_main
GSM5518630_LGG-04-1	2	92	2916	LGG	DS3_GSE182109	04	0.03155006858710562	sample_id	leiden_scvi_main
GSM5518630_LGG-04-1	3	7	2916	LGG	DS3_GSE182109	04	0.0024005486968449933	sample_id	leiden_scvi_main
GSM5518630_LGG-04-1	4	6	2916	LGG	DS3_GSE182109	04	0.00205761316872428	sample_id	leiden_scvi_main
GSM5518630_LGG-04-1	5	60	2916	LGG	DS3_GSE182109	04	0.0205761316872428	sample_id	leiden_scvi_main
GSM5518630_LGG-04-1	6	15	2916	LGG	DS3_GSE182109	04	0.0051440329218107	sample_id	leiden_scvi_main
GSM5518630_LGG-04-1	7	32	2916	LGG	DS3_GSE182109	04	0.010973936899862825	sample_id	leiden_scvi_main
GSM5518630_LGG-04-1	8	91	2916	LGG	DS3_GSE182109	04	0.031207133058984912	sample_id	leiden_scvi_main
GSM5518630_LGG-04-1	9	79	2916	LGG	DS3_GSE182109	04	0.02709190672153635	sample_id	leiden_scvi_main
GSM5518631_LGG-04-2	0	230	1492	LGG	DS3_GSE182109	04	0.15415549597855227	sample_id	leiden_scvi_main
GSM5518631_LGG-04-2	1	1037	1492	LGG	DS3_GSE182109	04	0.6950402144772118	sample_id	leiden_scvi_main
GSM5518631_LGG-04-2	11	35	1492	LGG	DS3_GSE182109	04	0.023458445040214475	sample_id	leiden_scvi_main
GSM5518631_LGG-04-2	12	6	1492	LGG	DS3_GSE182109	04	0.004021447721179625	sample_id	leiden_scvi_main
GSM5518631_LGG-04-2	13	3	1492	LGG	DS3_GSE182109	04	0.0020107238605898124	sample_id	leiden_scvi_main
GSM5518631_LGG-04-2	14	11	1492	LGG	DS3_GSE182109	04	0.007372654155495978	sample_id	leiden_scvi_main
GSM5518631_LGG-04-2	17	2	1492	LGG	DS3_GSE182109	04	0.0013404825737265416	sample_id	leiden_scvi_main
GSM5518631_LGG-04-2	2	30	1492	LGG	DS3_GSE182109	04	0.020107238605898123	sample_id	leiden_scvi_main
GSM5518631_LGG-04-2	3	4	1492	LGG	DS3_GSE182109	04	0.002680965147453083	sample_id	leiden_scvi_main
GSM5518631_LGG-04-2	5	40	1492	LGG	DS3_GSE182109	04	0.02680965147453083	sample_id	leiden_scvi_main
GSM5518631_LGG-04-2	6	31	1492	LGG	DS3_GSE182109	04	0.020777479892761394	sample_id	leiden_scvi_main
GSM5518631_LGG-04-2	7	9	1492	LGG	DS3_GSE182109	04	0.006032171581769437	sample_id	leiden_scvi_main
GSM5518631_LGG-04-2	8	36	1492	LGG	DS3_GSE182109	04	0.024128686327077747	sample_id	leiden_scvi_main
GSM5518631_LGG-04-2	9	18	1492	LGG	DS3_GSE182109	04	0.012064343163538873	sample_id	leiden_scvi_main
GSM5518632_LGG-04-3	0	1514	2246	LGG	DS3_GSE182109	04	0.674087266251113	sample_id	leiden_scvi_main
GSM5518632_LGG-04-3	1	375	2246	LGG	DS3_GSE182109	04	0.1669634906500445	sample_id	leiden_scvi_main
GSM5518632_LGG-04-3	10	1	2246	LGG	DS3_GSE182109	04	0.0004452359750667854	sample_id	leiden_scvi_main
GSM5518632_LGG-04-3	11	41	2246	LGG	DS3_GSE182109	04	0.0182546749777382	sample_id	leiden_scvi_main
GSM5518632_LGG-04-3	12	2	2246	LGG	DS3_GSE182109	04	0.0008904719501335708	sample_id	leiden_scvi_main
GSM5518632_LGG-04-3	13	1	2246	LGG	DS3_GSE182109	04	0.0004452359750667854	sample_id	leiden_scvi_main
GSM5518632_LGG-04-3	14	2	2246	LGG	DS3_GSE182109	04	0.0008904719501335708	sample_id	leiden_scvi_main
GSM5518632_LGG-04-3	2	37	2246	LGG	DS3_GSE182109	04	0.01647373107747106	sample_id	leiden_scvi_main
GSM5518632_LGG-04-3	3	5	2246	LGG	DS3_GSE182109	04	0.002226179875333927	sample_id	leiden_scvi_main
GSM5518632_LGG-04-3	4	3	2246	LGG	DS3_GSE182109	04	0.0013357079252003562	sample_id	leiden_scvi_main
GSM5518632_LGG-04-3	5	25	2246	LGG	DS3_GSE182109	04	0.011130899376669634	sample_id	leiden_scvi_main
GSM5518632_LGG-04-3	6	32	2246	LGG	DS3_GSE182109	04	0.014247551202137132	sample_id	leiden_scvi_main
GSM5518632_LGG-04-3	7	26	2246	LGG	DS3_GSE182109	04	0.01157613535173642	sample_id	leiden_scvi_main
GSM5518632_LGG-04-3	8	147	2246	LGG	DS3_GSE182109	04	0.06544968833481746	sample_id	leiden_scvi_main
GSM5518632_LGG-04-3	9	35	2246	LGG	DS3_GSE182109	04	0.015583259127337488	sample_id	leiden_scvi_main
GSM5518633_ndGBM-04	0	1402	7335	ndGBM	DS3_GSE182109	04	0.19113837764144512	sample_id	leiden_scvi_main
GSM5518633_ndGBM-04	1	686	7335	ndGBM	DS3_GSE182109	04	0.09352419904567144	sample_id	leiden_scvi_main
GSM5518633_ndGBM-04	10	8	7335	ndGBM	DS3_GSE182109	04	0.0010906612133606	sample_id	leiden_scvi_main
GSM5518633_ndGBM-04	11	9	7335	ndGBM	DS3_GSE182109	04	0.001226993865030675	sample_id	leiden_scvi_main
GSM5518633_ndGBM-04	12	84	7335	ndGBM	DS3_GSE182109	04	0.011451942740286299	sample_id	leiden_scvi_main
GSM5518633_ndGBM-04	13	11	7335	ndGBM	DS3_GSE182109	04	0.0014996591683708249	sample_id	leiden_scvi_main
GSM5518633_ndGBM-04	14	40	7335	ndGBM	DS3_GSE182109	04	0.0054533060668029995	sample_id	leiden_scvi_main
GSM5518633_ndGBM-04	15	1	7335	ndGBM	DS3_GSE182109	04	0.000136332651670075	sample_id	leiden_scvi_main
GSM5518633_ndGBM-04	16	2	7335	ndGBM	DS3_GSE182109	04	0.00027266530334015	sample_id	leiden_scvi_main
GSM5518633_ndGBM-04	17	5	7335	ndGBM	DS3_GSE182109	04	0.0006816632583503749	sample_id	leiden_scvi_main
GSM5518633_ndGBM-04	2	1559	7335	ndGBM	DS3_GSE182109	04	0.2125426039536469	sample_id	leiden_scvi_main
GSM5518633_ndGBM-04	3	446	7335	ndGBM	DS3_GSE182109	04	0.06080436264485344	sample_id	leiden_scvi_main
GSM5518633_ndGBM-04	4	888	7335	ndGBM	DS3_GSE182109	04	0.12106339468302658	sample_id	leiden_scvi_main
GSM5518633_ndGBM-04	5	79	7335	ndGBM	DS3_GSE182109	04	0.010770279481935924	sample_id	leiden_scvi_main
GSM5518633_ndGBM-04	6	1013	7335	ndGBM	DS3_GSE182109	04	0.13810497614178596	sample_id	leiden_scvi_main
GSM5518633_ndGBM-04	7	800	7335	ndGBM	DS3_GSE182109	04	0.10906612133605999	sample_id	leiden_scvi_main
GSM5518633_ndGBM-04	8	7	7335	ndGBM	DS3_GSE182109	04	0.0009543285616905249	sample_id	leiden_scvi_main
GSM5518633_ndGBM-04	9	295	7335	ndGBM	DS3_GSE182109	04	0.04021813224267212	sample_id	leiden_scvi_main
GSM5518634_ndGBM-05	0	1669	6377	ndGBM	DS3_GSE182109	05	0.26172181276462286	sample_id	leiden_scvi_main
GSM5518634_ndGBM-05	1	1614	6377	ndGBM	DS3_GSE182109	05	0.25309706758663947	sample_id	leiden_scvi_main
GSM5518634_ndGBM-05	10	13	6377	ndGBM	DS3_GSE182109	05	0.0020385761329778894	sample_id	leiden_scvi_main
GSM5518634_ndGBM-05	11	36	6377	ndGBM	DS3_GSE182109	05	0.005645287752861847	sample_id	leiden_scvi_main
GSM5518634_ndGBM-05	12	23	6377	ndGBM	DS3_GSE182109	05	0.003606711619883958	sample_id	leiden_scvi_main
GSM5518634_ndGBM-05	13	286	6377	ndGBM	DS3_GSE182109	05	0.04484867492551357	sample_id	leiden_scvi_main
GSM5518634_ndGBM-05	14	352	6377	ndGBM	DS3_GSE182109	05	0.055198369139093616	sample_id	leiden_scvi_main
GSM5518634_ndGBM-05	15	4	6377	ndGBM	DS3_GSE182109	05	0.0006272541947624275	sample_id	leiden_scvi_main
GSM5518634_ndGBM-05	17	3	6377	ndGBM	DS3_GSE182109	05	0.0004704406460718206	sample_id	leiden_scvi_main
GSM5518634_ndGBM-05	2	928	6377	ndGBM	DS3_GSE182109	05	0.14552297318488316	sample_id	leiden_scvi_main
GSM5518634_ndGBM-05	3	239	6377	ndGBM	DS3_GSE182109	05	0.037478438137055044	sample_id	leiden_scvi_main
GSM5518634_ndGBM-05	4	59	6377	ndGBM	DS3_GSE182109	05	0.009251999372745805	sample_id	leiden_scvi_main
GSM5518634_ndGBM-05	5	242	6377	ndGBM	DS3_GSE182109	05	0.03794887878312686	sample_id	leiden_scvi_main
GSM5518634_ndGBM-05	6	226	6377	ndGBM	DS3_GSE182109	05	0.03543986200407715	sample_id	leiden_scvi_main
GSM5518634_ndGBM-05	7	407	6377	ndGBM	DS3_GSE182109	05	0.06382311431707699	sample_id	leiden_scvi_main
GSM5518634_ndGBM-05	8	105	6377	ndGBM	DS3_GSE182109	05	0.01646542261251372	sample_id	leiden_scvi_main
GSM5518634_ndGBM-05	9	171	6377	ndGBM	DS3_GSE182109	05	0.026815116826093773	sample_id	leiden_scvi_main
GSM5518635_ndGBM-06	0	404	3059	ndGBM	DS3_GSE182109	06	0.13206930369401765	sample_id	leiden_scvi_main
GSM5518635_ndGBM-06	1	16	3059	ndGBM	DS3_GSE182109	06	0.005230467473030402	sample_id	leiden_scvi_main
GSM5518635_ndGBM-06	10	3	3059	ndGBM	DS3_GSE182109	06	0.0009807126511932004	sample_id	leiden_scvi_main
GSM5518635_ndGBM-06	11	9	3059	ndGBM	DS3_GSE182109	06	0.002942137953579601	sample_id	leiden_scvi_main
GSM5518635_ndGBM-06	12	1757	3059	ndGBM	DS3_GSE182109	06	0.5743707093821511	sample_id	leiden_scvi_main
GSM5518635_ndGBM-06	13	41	3059	ndGBM	DS3_GSE182109	06	0.013403072899640406	sample_id	leiden_scvi_main
GSM5518635_ndGBM-06	14	8	3059	ndGBM	DS3_GSE182109	06	0.002615233736515201	sample_id	leiden_scvi_main
GSM5518635_ndGBM-06	2	82	3059	ndGBM	DS3_GSE182109	06	0.02680614579928081	sample_id	leiden_scvi_main
GSM5518635_ndGBM-06	3	57	3059	ndGBM	DS3_GSE182109	06	0.018633540372670808	sample_id	leiden_scvi_main
GSM5518635_ndGBM-06	4	514	3059	ndGBM	DS3_GSE182109	06	0.16802876757110166	sample_id	leiden_scvi_main
GSM5518635_ndGBM-06	5	6	3059	ndGBM	DS3_GSE182109	06	0.001961425302386401	sample_id	leiden_scvi_main
GSM5518635_ndGBM-06	7	31	3059	ndGBM	DS3_GSE182109	06	0.010134030728996404	sample_id	leiden_scvi_main
GSM5518635_ndGBM-06	8	129	3059	ndGBM	DS3_GSE182109	06	0.042170644001307614	sample_id	leiden_scvi_main
GSM5518635_ndGBM-06	9	2	3059	ndGBM	DS3_GSE182109	06	0.0006538084341288003	sample_id	leiden_scvi_main
GSM5518636_ndGBM-07	0	28	8627	ndGBM	DS3_GSE182109	07	0.003245624203083343	sample_id	leiden_scvi_main
GSM5518636_ndGBM-07	1	1536	8627	ndGBM	DS3_GSE182109	07	0.1780456705691434	sample_id	leiden_scvi_main
GSM5518636_ndGBM-07	10	163	8627	ndGBM	DS3_GSE182109	07	0.01889416946794946	sample_id	leiden_scvi_main
GSM5518636_ndGBM-07	12	92	8627	ndGBM	DS3_GSE182109	07	0.010664193810130984	sample_id	leiden_scvi_main
GSM5518636_ndGBM-07	13	2	8627	ndGBM	DS3_GSE182109	07	0.0002318303002202388	sample_id	leiden_scvi_main
GSM5518636_ndGBM-07	14	6	8627	ndGBM	DS3_GSE182109	07	0.0006954909006607164	sample_id	leiden_scvi_main
GSM5518636_ndGBM-07	15	434	8627	ndGBM	DS3_GSE182109	07	0.050307175147791816	sample_id	leiden_scvi_main
GSM5518636_ndGBM-07	16	113	8627	ndGBM	DS3_GSE182109	07	0.013098411962443492	sample_id	leiden_scvi_main
GSM5518636_ndGBM-07	2	137	8627	ndGBM	DS3_GSE182109	07	0.01588037556508636	sample_id	leiden_scvi_main
GSM5518636_ndGBM-07	3	1070	8627	ndGBM	DS3_GSE182109	07	0.12402921061782775	sample_id	leiden_scvi_main
GSM5518636_ndGBM-07	4	182	8627	ndGBM	DS3_GSE182109	07	0.02109655732004173	sample_id	leiden_scvi_main
GSM5518636_ndGBM-07	5	2275	8627	ndGBM	DS3_GSE182109	07	0.2637069665005216	sample_id	leiden_scvi_main
GSM5518636_ndGBM-07	6	2045	8627	ndGBM	DS3_GSE182109	07	0.23704648197519415	sample_id	leiden_scvi_main
GSM5518636_ndGBM-07	7	259	8627	ndGBM	DS3_GSE182109	07	0.03002202387852092	sample_id	leiden_scvi_main
GSM5518636_ndGBM-07	8	229	8627	ndGBM	DS3_GSE182109	07	0.02654456937521734	sample_id	leiden_scvi_main
GSM5518636_ndGBM-07	9	56	8627	ndGBM	DS3_GSE182109	07	0.006491248406166686	sample_id	leiden_scvi_main
GSM5518637_ndGBM-08	0	271	5650	ndGBM	DS3_GSE182109	08	0.047964601769911505	sample_id	leiden_scvi_main
GSM5518637_ndGBM-08	1	2134	5650	ndGBM	DS3_GSE182109	08	0.3776991150442478	sample_id	leiden_scvi_main
GSM5518637_ndGBM-08	10	36	5650	ndGBM	DS3_GSE182109	08	0.006371681415929204	sample_id	leiden_scvi_main
GSM5518637_ndGBM-08	11	615	5650	ndGBM	DS3_GSE182109	08	0.1088495575221239	sample_id	leiden_scvi_main
GSM5518637_ndGBM-08	12	30	5650	ndGBM	DS3_GSE182109	08	0.005309734513274336	sample_id	leiden_scvi_main
GSM5518637_ndGBM-08	13	167	5650	ndGBM	DS3_GSE182109	08	0.029557522123893804	sample_id	leiden_scvi_main
GSM5518637_ndGBM-08	14	202	5650	ndGBM	DS3_GSE182109	08	0.03575221238938053	sample_id	leiden_scvi_main
GSM5518637_ndGBM-08	15	2	5650	ndGBM	DS3_GSE182109	08	0.00035398230088495576	sample_id	leiden_scvi_main
GSM5518637_ndGBM-08	17	1	5650	ndGBM	DS3_GSE182109	08	0.00017699115044247788	sample_id	leiden_scvi_main
GSM5518637_ndGBM-08	2	279	5650	ndGBM	DS3_GSE182109	08	0.049380530973451325	sample_id	leiden_scvi_main
GSM5518637_ndGBM-08	3	604	5650	ndGBM	DS3_GSE182109	08	0.10690265486725664	sample_id	leiden_scvi_main
GSM5518637_ndGBM-08	4	236	5650	ndGBM	DS3_GSE182109	08	0.04176991150442478	sample_id	leiden_scvi_main
GSM5518637_ndGBM-08	5	149	5650	ndGBM	DS3_GSE182109	08	0.026371681415929205	sample_id	leiden_scvi_main
GSM5518637_ndGBM-08	6	672	5650	ndGBM	DS3_GSE182109	08	0.11893805309734513	sample_id	leiden_scvi_main
GSM5518637_ndGBM-08	7	143	5650	ndGBM	DS3_GSE182109	08	0.025309734513274337	sample_id	leiden_scvi_main
GSM5518637_ndGBM-08	8	42	5650	ndGBM	DS3_GSE182109	08	0.007433628318584071	sample_id	leiden_scvi_main
GSM5518637_ndGBM-08	9	67	5650	ndGBM	DS3_GSE182109	08	0.011858407079646017	sample_id	leiden_scvi_main
GSM5518638_LGG-03	0	1104	6833	LGG	DS3_GSE182109	03	0.1615688570174155	sample_id	leiden_scvi_main
GSM5518638_LGG-03	1	3731	6833	LGG	DS3_GSE182109	03	0.5460266354456315	sample_id	leiden_scvi_main
GSM5518638_LGG-03	11	2	6833	LGG	DS3_GSE182109	03	0.0002926972047416947	sample_id	leiden_scvi_main
GSM5518638_LGG-03	12	2	6833	LGG	DS3_GSE182109	03	0.0002926972047416947	sample_id	leiden_scvi_main
GSM5518638_LGG-03	13	21	6833	LGG	DS3_GSE182109	03	0.0030733206497877944	sample_id	leiden_scvi_main
GSM5518638_LGG-03	14	125	6833	LGG	DS3_GSE182109	03	0.01829357529635592	sample_id	leiden_scvi_main
GSM5518638_LGG-03	16	3	6833	LGG	DS3_GSE182109	03	0.00043904580711254205	sample_id	leiden_scvi_main
GSM5518638_LGG-03	2	124	6833	LGG	DS3_GSE182109	03	0.018147226693985073	sample_id	leiden_scvi_main
GSM5518638_LGG-03	3	17	6833	LGG	DS3_GSE182109	03	0.002487926240304405	sample_id	leiden_scvi_main
GSM5518638_LGG-03	4	29	6833	LGG	DS3_GSE182109	03	0.004244109468754574	sample_id	leiden_scvi_main
GSM5518638_LGG-03	5	26	6833	LGG	DS3_GSE182109	03	0.003805063661642031	sample_id	leiden_scvi_main
GSM5518638_LGG-03	6	130	6833	LGG	DS3_GSE182109	03	0.019025318308210158	sample_id	leiden_scvi_main
GSM5518638_LGG-03	7	440	6833	LGG	DS3_GSE182109	03	0.06439338504317284	sample_id	leiden_scvi_main
GSM5518638_LGG-03	8	906	6833	LGG	DS3_GSE182109	03	0.13259183374798772	sample_id	leiden_scvi_main
GSM5518638_LGG-03	9	173	6833	LGG	DS3_GSE182109	03	0.025318308210156595	sample_id	leiden_scvi_main
GSM5518639_ndGBM-09	0	358	5110	ndGBM	DS3_GSE182109	09	0.0700587084148728	sample_id	leiden_scvi_main
GSM5518639_ndGBM-09	1	1517	5110	ndGBM	DS3_GSE182109	09	0.2968688845401174	sample_id	leiden_scvi_main
GSM5518639_ndGBM-09	10	198	5110	ndGBM	DS3_GSE182109	09	0.03874755381604697	sample_id	leiden_scvi_main
GSM5518639_ndGBM-09	11	5	5110	ndGBM	DS3_GSE182109	09	0.0009784735812133072	sample_id	leiden_scvi_main
GSM5518639_ndGBM-09	12	17	5110	ndGBM	DS3_GSE182109	09	0.0033268101761252445	sample_id	leiden_scvi_main
GSM5518639_ndGBM-09	13	60	5110	ndGBM	DS3_GSE182109	09	0.011741682974559686	sample_id	leiden_scvi_main
GSM5518639_ndGBM-09	14	18	5110	ndGBM	DS3_GSE182109	09	0.0035225048923679062	sample_id	leiden_scvi_main
GSM5518639_ndGBM-09	15	115	5110	ndGBM	DS3_GSE182109	09	0.022504892367906065	sample_id	leiden_scvi_main
GSM5518639_ndGBM-09	16	7	5110	ndGBM	DS3_GSE182109	09	0.0013698630136986301	sample_id	leiden_scvi_main
GSM5518639_ndGBM-09	2	88	5110	ndGBM	DS3_GSE182109	09	0.01722113502935421	sample_id	leiden_scvi_main
GSM5518639_ndGBM-09	3	428	5110	ndGBM	DS3_GSE182109	09	0.0837573385518591	sample_id	leiden_scvi_main
GSM5518639_ndGBM-09	4	113	5110	ndGBM	DS3_GSE182109	09	0.022113502935420744	sample_id	leiden_scvi_main
GSM5518639_ndGBM-09	5	1112	5110	ndGBM	DS3_GSE182109	09	0.21761252446183954	sample_id	leiden_scvi_main
GSM5518639_ndGBM-09	6	426	5110	ndGBM	DS3_GSE182109	09	0.08336594911937378	sample_id	leiden_scvi_main
GSM5518639_ndGBM-09	7	505	5110	ndGBM	DS3_GSE182109	09	0.09882583170254403	sample_id	leiden_scvi_main
GSM5518639_ndGBM-09	8	2	5110	ndGBM	DS3_GSE182109	09	0.0003913894324853229	sample_id	leiden_scvi_main
GSM5518639_ndGBM-09	9	141	5110	ndGBM	DS3_GSE182109	09	0.027592954990215263	sample_id	leiden_scvi_main
GSM8546833_BT356	0	403	7112	GBM	DS4_GSE278450	GSM8546833_BT356	0.056664791901012375	sample_id	leiden_scvi_main
GSM8546833_BT356	1	1	7112	GBM	DS4_GSE278450	GSM8546833_BT356	0.00014060742407199101	sample_id	leiden_scvi_main
GSM8546833_BT356	10	1	7112	GBM	DS4_GSE278450	GSM8546833_BT356	0.00014060742407199101	sample_id	leiden_scvi_main
GSM8546833_BT356	11	16	7112	GBM	DS4_GSE278450	GSM8546833_BT356	0.0022497187851518562	sample_id	leiden_scvi_main
GSM8546833_BT356	12	10	7112	GBM	DS4_GSE278450	GSM8546833_BT356	0.00140607424071991	sample_id	leiden_scvi_main
GSM8546833_BT356	13	34	7112	GBM	DS4_GSE278450	GSM8546833_BT356	0.004780652418447694	sample_id	leiden_scvi_main
GSM8546833_BT356	14	5	7112	GBM	DS4_GSE278450	GSM8546833_BT356	0.000703037120359955	sample_id	leiden_scvi_main
GSM8546833_BT356	17	2	7112	GBM	DS4_GSE278450	GSM8546833_BT356	0.00028121484814398203	sample_id	leiden_scvi_main
GSM8546833_BT356	2	677	7112	GBM	DS4_GSE278450	GSM8546833_BT356	0.09519122609673791	sample_id	leiden_scvi_main
GSM8546833_BT356	3	18	7112	GBM	DS4_GSE278450	GSM8546833_BT356	0.002530933633295838	sample_id	leiden_scvi_main
GSM8546833_BT356	4	4917	7112	GBM	DS4_GSE278450	GSM8546833_BT356	0.6913667041619798	sample_id	leiden_scvi_main
GSM8546833_BT356	5	2	7112	GBM	DS4_GSE278450	GSM8546833_BT356	0.00028121484814398203	sample_id	leiden_scvi_main
GSM8546833_BT356	7	928	7112	GBM	DS4_GSE278450	GSM8546833_BT356	0.13048368953880765	sample_id	leiden_scvi_main
GSM8546833_BT356	8	95	7112	GBM	DS4_GSE278450	GSM8546833_BT356	0.013357705286839145	sample_id	leiden_scvi_main
GSM8546833_BT356	9	3	7112	GBM	DS4_GSE278450	GSM8546833_BT356	0.000421822272215973	sample_id	leiden_scvi_main
GSM8546834_BT363	0	2635	8928	GBM	DS4_GSE278450	GSM8546834_BT363	0.2951388888888889	sample_id	leiden_scvi_main
GSM8546834_BT363	1	62	8928	GBM	DS4_GSE278450	GSM8546834_BT363	0.006944444444444444	sample_id	leiden_scvi_main
GSM8546834_BT363	10	1	8928	GBM	DS4_GSE278450	GSM8546834_BT363	0.00011200716845878136	sample_id	leiden_scvi_main
GSM8546834_BT363	11	41	8928	GBM	DS4_GSE278450	GSM8546834_BT363	0.004592293906810036	sample_id	leiden_scvi_main
GSM8546834_BT363	12	8	8928	GBM	DS4_GSE278450	GSM8546834_BT363	0.0008960573476702509	sample_id	leiden_scvi_main
GSM8546834_BT363	13	5	8928	GBM	DS4_GSE278450	GSM8546834_BT363	0.0005600358422939068	sample_id	leiden_scvi_main
GSM8546834_BT363	14	10	8928	GBM	DS4_GSE278450	GSM8546834_BT363	0.0011200716845878136	sample_id	leiden_scvi_main
GSM8546834_BT363	17	2	8928	GBM	DS4_GSE278450	GSM8546834_BT363	0.00022401433691756272	sample_id	leiden_scvi_main
GSM8546834_BT363	2	547	8928	GBM	DS4_GSE278450	GSM8546834_BT363	0.061267921146953404	sample_id	leiden_scvi_main
GSM8546834_BT363	3	115	8928	GBM	DS4_GSE278450	GSM8546834_BT363	0.012880824372759857	sample_id	leiden_scvi_main
GSM8546834_BT363	4	2483	8928	GBM	DS4_GSE278450	GSM8546834_BT363	0.2781137992831541	sample_id	leiden_scvi_main
GSM8546834_BT363	6	17	8928	GBM	DS4_GSE278450	GSM8546834_BT363	0.0019041218637992831	sample_id	leiden_scvi_main
GSM8546834_BT363	7	2722	8928	GBM	DS4_GSE278450	GSM8546834_BT363	0.3048835125448029	sample_id	leiden_scvi_main
GSM8546834_BT363	8	250	8928	GBM	DS4_GSE278450	GSM8546834_BT363	0.02800179211469534	sample_id	leiden_scvi_main
GSM8546834_BT363	9	30	8928	GBM	DS4_GSE278450	GSM8546834_BT363	0.003360215053763441	sample_id	leiden_scvi_main
GSM8546835_BT364	0	1860	5719	GBM	DS4_GSE278450	GSM8546835_BT364	0.3252316838608148	sample_id	leiden_scvi_main
GSM8546835_BT364	1	212	5719	GBM	DS4_GSE278450	GSM8546835_BT364	0.03706941773037244	sample_id	leiden_scvi_main
GSM8546835_BT364	10	5	5719	GBM	DS4_GSE278450	GSM8546835_BT364	0.0008742787200559538	sample_id	leiden_scvi_main
GSM8546835_BT364	11	26	5719	GBM	DS4_GSE278450	GSM8546835_BT364	0.00454624934429096	sample_id	leiden_scvi_main
GSM8546835_BT364	12	33	5719	GBM	DS4_GSE278450	GSM8546835_BT364	0.005770239552369295	sample_id	leiden_scvi_main
GSM8546835_BT364	17	2	5719	GBM	DS4_GSE278450	GSM8546835_BT364	0.0003497114880223815	sample_id	leiden_scvi_main
GSM8546835_BT364	2	765	5719	GBM	DS4_GSE278450	GSM8546835_BT364	0.13376464416856093	sample_id	leiden_scvi_main
GSM8546835_BT364	3	164	5719	GBM	DS4_GSE278450	GSM8546835_BT364	0.028676342017835286	sample_id	leiden_scvi_main
GSM8546835_BT364	4	1803	5719	GBM	DS4_GSE278450	GSM8546835_BT364	0.315264906452177	sample_id	leiden_scvi_main
GSM8546835_BT364	5	3	5719	GBM	DS4_GSE278450	GSM8546835_BT364	0.0005245672320335723	sample_id	leiden_scvi_main
GSM8546835_BT364	6	87	5719	GBM	DS4_GSE278450	GSM8546835_BT364	0.015212449728973596	sample_id	leiden_scvi_main
GSM8546835_BT364	7	526	5719	GBM	DS4_GSE278450	GSM8546835_BT364	0.09197412134988635	sample_id	leiden_scvi_main
GSM8546835_BT364	8	221	5719	GBM	DS4_GSE278450	GSM8546835_BT364	0.03864311942647316	sample_id	leiden_scvi_main
GSM8546835_BT364	9	12	5719	GBM	DS4_GSE278450	GSM8546835_BT364	0.0020982689281342894	sample_id	leiden_scvi_main
GSM8546836_BT368	0	426	2348	GBM	DS4_GSE278450	GSM8546836_BT368	0.18143100511073254	sample_id	leiden_scvi_main
GSM8546836_BT368	1	41	2348	GBM	DS4_GSE278450	GSM8546836_BT368	0.01746166950596252	sample_id	leiden_scvi_main
GSM8546836_BT368	10	2	2348	GBM	DS4_GSE278450	GSM8546836_BT368	0.0008517887563884157	sample_id	leiden_scvi_main
GSM8546836_BT368	11	956	2348	GBM	DS4_GSE278450	GSM8546836_BT368	0.4071550255536627	sample_id	leiden_scvi_main
GSM8546836_BT368	13	3	2348	GBM	DS4_GSE278450	GSM8546836_BT368	0.0012776831345826234	sample_id	leiden_scvi_main
GSM8546836_BT368	2	439	2348	GBM	DS4_GSE278450	GSM8546836_BT368	0.18696763202725725	sample_id	leiden_scvi_main
GSM8546836_BT368	3	49	2348	GBM	DS4_GSE278450	GSM8546836_BT368	0.020868824531516183	sample_id	leiden_scvi_main
GSM8546836_BT368	4	152	2348	GBM	DS4_GSE278450	GSM8546836_BT368	0.06473594548551959	sample_id	leiden_scvi_main
GSM8546836_BT368	5	2	2348	GBM	DS4_GSE278450	GSM8546836_BT368	0.0008517887563884157	sample_id	leiden_scvi_main
GSM8546836_BT368	6	77	2348	GBM	DS4_GSE278450	GSM8546836_BT368	0.032793867120954	sample_id	leiden_scvi_main
GSM8546836_BT368	7	172	2348	GBM	DS4_GSE278450	GSM8546836_BT368	0.07325383304940375	sample_id	leiden_scvi_main
GSM8546836_BT368	8	20	2348	GBM	DS4_GSE278450	GSM8546836_BT368	0.008517887563884156	sample_id	leiden_scvi_main
GSM8546836_BT368	9	9	2348	GBM	DS4_GSE278450	GSM8546836_BT368	0.0038330494037478705	sample_id	leiden_scvi_main
GSM8546837_BT369	0	901	2617	GBM	DS4_GSE278450	GSM8546837_BT369	0.3442873519296905	sample_id	leiden_scvi_main
GSM8546837_BT369	1	342	2617	GBM	DS4_GSE278450	GSM8546837_BT369	0.13068398930072603	sample_id	leiden_scvi_main
GSM8546837_BT369	10	9	2617	GBM	DS4_GSE278450	GSM8546837_BT369	0.003439052350019106	sample_id	leiden_scvi_main
GSM8546837_BT369	11	7	2617	GBM	DS4_GSE278450	GSM8546837_BT369	0.0026748184944593045	sample_id	leiden_scvi_main
GSM8546837_BT369	12	4	2617	GBM	DS4_GSE278450	GSM8546837_BT369	0.0015284677111196026	sample_id	leiden_scvi_main
GSM8546837_BT369	14	3	2617	GBM	DS4_GSE278450	GSM8546837_BT369	0.0011463507833397019	sample_id	leiden_scvi_main
GSM8546837_BT369	15	3	2617	GBM	DS4_GSE278450	GSM8546837_BT369	0.0011463507833397019	sample_id	leiden_scvi_main
GSM8546837_BT369	16	3	2617	GBM	DS4_GSE278450	GSM8546837_BT369	0.0011463507833397019	sample_id	leiden_scvi_main
GSM8546837_BT369	17	1	2617	GBM	DS4_GSE278450	GSM8546837_BT369	0.00038211692777990065	sample_id	leiden_scvi_main
GSM8546837_BT369	2	282	2617	GBM	DS4_GSE278450	GSM8546837_BT369	0.10775697363393198	sample_id	leiden_scvi_main
GSM8546837_BT369	3	152	2617	GBM	DS4_GSE278450	GSM8546837_BT369	0.0580817730225449	sample_id	leiden_scvi_main
GSM8546837_BT369	4	126	2617	GBM	DS4_GSE278450	GSM8546837_BT369	0.04814673290026748	sample_id	leiden_scvi_main
GSM8546837_BT369	5	18	2617	GBM	DS4_GSE278450	GSM8546837_BT369	0.006878104700038212	sample_id	leiden_scvi_main
GSM8546837_BT369	6	536	2617	GBM	DS4_GSE278450	GSM8546837_BT369	0.20481467329002676	sample_id	leiden_scvi_main
GSM8546837_BT369	7	70	2617	GBM	DS4_GSE278450	GSM8546837_BT369	0.026748184944593044	sample_id	leiden_scvi_main
GSM8546837_BT369	8	123	2617	GBM	DS4_GSE278450	GSM8546837_BT369	0.04700038211692778	sample_id	leiden_scvi_main
GSM8546837_BT369	9	37	2617	GBM	DS4_GSE278450	GSM8546837_BT369	0.014138326327856323	sample_id	leiden_scvi_main
GSM8546838_BT373	0	798	6241	GBM	DS4_GSE278450	GSM8546838_BT373	0.12786412433904823	sample_id	leiden_scvi_main
GSM8546838_BT373	1	213	6241	GBM	DS4_GSE278450	GSM8546838_BT373	0.03412914597019708	sample_id	leiden_scvi_main
GSM8546838_BT373	10	4	6241	GBM	DS4_GSE278450	GSM8546838_BT373	0.0006409229290177856	sample_id	leiden_scvi_main
GSM8546838_BT373	11	123	6241	GBM	DS4_GSE278450	GSM8546838_BT373	0.01970838006729691	sample_id	leiden_scvi_main
GSM8546838_BT373	12	11	6241	GBM	DS4_GSE278450	GSM8546838_BT373	0.0017625380547989103	sample_id	leiden_scvi_main
GSM8546838_BT373	13	1	6241	GBM	DS4_GSE278450	GSM8546838_BT373	0.0001602307322544464	sample_id	leiden_scvi_main
GSM8546838_BT373	15	1	6241	GBM	DS4_GSE278450	GSM8546838_BT373	0.0001602307322544464	sample_id	leiden_scvi_main
GSM8546838_BT373	17	2	6241	GBM	DS4_GSE278450	GSM8546838_BT373	0.0003204614645088928	sample_id	leiden_scvi_main
GSM8546838_BT373	2	796	6241	GBM	DS4_GSE278450	GSM8546838_BT373	0.12754366287453933	sample_id	leiden_scvi_main
GSM8546838_BT373	3	642	6241	GBM	DS4_GSE278450	GSM8546838_BT373	0.10286813010735459	sample_id	leiden_scvi_main
GSM8546838_BT373	4	2763	6241	GBM	DS4_GSE278450	GSM8546838_BT373	0.4427175132190354	sample_id	leiden_scvi_main
GSM8546838_BT373	6	249	6241	GBM	DS4_GSE278450	GSM8546838_BT373	0.03989745233135716	sample_id	leiden_scvi_main
GSM8546838_BT373	7	413	6241	GBM	DS4_GSE278450	GSM8546838_BT373	0.06617529242108637	sample_id	leiden_scvi_main
GSM8546838_BT373	8	178	6241	GBM	DS4_GSE278450	GSM8546838_BT373	0.02852107034129146	sample_id	leiden_scvi_main
GSM8546838_BT373	9	47	6241	GBM	DS4_GSE278450	GSM8546838_BT373	0.007530844415958981	sample_id	leiden_scvi_main
GSM8546839_BT374	0	757	2283	GBM	DS4_GSE278450	GSM8546839_BT374	0.33158125273762595	sample_id	leiden_scvi_main
GSM8546839_BT374	1	71	2283	GBM	DS4_GSE278450	GSM8546839_BT374	0.031099430573806396	sample_id	leiden_scvi_main
GSM8546839_BT374	11	1	2283	GBM	DS4_GSE278450	GSM8546839_BT374	0.0004380201489268506	sample_id	leiden_scvi_main
GSM8546839_BT374	12	39	2283	GBM	DS4_GSE278450	GSM8546839_BT374	0.017082785808147174	sample_id	leiden_scvi_main
GSM8546839_BT374	2	154	2283	GBM	DS4_GSE278450	GSM8546839_BT374	0.067455102934735	sample_id	leiden_scvi_main
GSM8546839_BT374	3	102	2283	GBM	DS4_GSE278450	GSM8546839_BT374	0.04467805519053877	sample_id	leiden_scvi_main
GSM8546839_BT374	4	650	2283	GBM	DS4_GSE278450	GSM8546839_BT374	0.28471309680245294	sample_id	leiden_scvi_main
GSM8546839_BT374	5	3	2283	GBM	DS4_GSE278450	GSM8546839_BT374	0.001314060446780552	sample_id	leiden_scvi_main
GSM8546839_BT374	6	253	2283	GBM	DS4_GSE278450	GSM8546839_BT374	0.11081909767849321	sample_id	leiden_scvi_main
GSM8546839_BT374	7	146	2283	GBM	DS4_GSE278450	GSM8546839_BT374	0.0639509417433202	sample_id	leiden_scvi_main
GSM8546839_BT374	8	105	2283	GBM	DS4_GSE278450	GSM8546839_BT374	0.045992115637319315	sample_id	leiden_scvi_main
GSM8546839_BT374	9	2	2283	GBM	DS4_GSE278450	GSM8546839_BT374	0.0008760402978537013	sample_id	leiden_scvi_main
GSM8546840_BT377	0	353	3487	GBM	DS4_GSE278450	GSM8546840_BT377	0.10123315170633783	sample_id	leiden_scvi_main
GSM8546840_BT377	1	2003	3487	GBM	DS4_GSE278450	GSM8546840_BT377	0.5744192715801548	sample_id	leiden_scvi_main
GSM8546840_BT377	10	1	3487	GBM	DS4_GSE278450	GSM8546840_BT377	0.00028677946659019213	sample_id	leiden_scvi_main
GSM8546840_BT377	11	131	3487	GBM	DS4_GSE278450	GSM8546840_BT377	0.03756811012331517	sample_id	leiden_scvi_main
GSM8546840_BT377	14	1	3487	GBM	DS4_GSE278450	GSM8546840_BT377	0.00028677946659019213	sample_id	leiden_scvi_main
GSM8546840_BT377	2	181	3487	GBM	DS4_GSE278450	GSM8546840_BT377	0.05190708345282478	sample_id	leiden_scvi_main
GSM8546840_BT377	3	472	3487	GBM	DS4_GSE278450	GSM8546840_BT377	0.1353599082305707	sample_id	leiden_scvi_main
GSM8546840_BT377	4	28	3487	GBM	DS4_GSE278450	GSM8546840_BT377	0.00802982506452538	sample_id	leiden_scvi_main
GSM8546840_BT377	5	21	3487	GBM	DS4_GSE278450	GSM8546840_BT377	0.006022368798394035	sample_id	leiden_scvi_main
GSM8546840_BT377	6	200	3487	GBM	DS4_GSE278450	GSM8546840_BT377	0.05735589331803843	sample_id	leiden_scvi_main
GSM8546840_BT377	7	15	3487	GBM	DS4_GSE278450	GSM8546840_BT377	0.004301691998852882	sample_id	leiden_scvi_main
GSM8546840_BT377	8	58	3487	GBM	DS4_GSE278450	GSM8546840_BT377	0.016633209062231143	sample_id	leiden_scvi_main
GSM8546840_BT377	9	23	3487	GBM	DS4_GSE278450	GSM8546840_BT377	0.00659592773157442	sample_id	leiden_scvi_main
GSM8546841_BT380	0	270	3848	GBM	DS4_GSE278450	GSM8546841_BT380	0.07016632016632017	sample_id	leiden_scvi_main
GSM8546841_BT380	1	1233	3848	GBM	DS4_GSE278450	GSM8546841_BT380	0.32042619542619544	sample_id	leiden_scvi_main
GSM8546841_BT380	10	2	3848	GBM	DS4_GSE278450	GSM8546841_BT380	0.0005197505197505198	sample_id	leiden_scvi_main
GSM8546841_BT380	11	9	3848	GBM	DS4_GSE278450	GSM8546841_BT380	0.002338877338877339	sample_id	leiden_scvi_main
GSM8546841_BT380	12	6	3848	GBM	DS4_GSE278450	GSM8546841_BT380	0.0015592515592515593	sample_id	leiden_scvi_main
GSM8546841_BT380	2	167	3848	GBM	DS4_GSE278450	GSM8546841_BT380	0.0433991683991684	sample_id	leiden_scvi_main
GSM8546841_BT380	3	1121	3848	GBM	DS4_GSE278450	GSM8546841_BT380	0.29132016632016633	sample_id	leiden_scvi_main
GSM8546841_BT380	4	483	3848	GBM	DS4_GSE278450	GSM8546841_BT380	0.1255197505197505	sample_id	leiden_scvi_main
GSM8546841_BT380	5	6	3848	GBM	DS4_GSE278450	GSM8546841_BT380	0.0015592515592515593	sample_id	leiden_scvi_main
GSM8546841_BT380	6	368	3848	GBM	DS4_GSE278450	GSM8546841_BT380	0.09563409563409564	sample_id	leiden_scvi_main
GSM8546841_BT380	7	78	3848	GBM	DS4_GSE278450	GSM8546841_BT380	0.02027027027027027	sample_id	leiden_scvi_main
GSM8546841_BT380	8	75	3848	GBM	DS4_GSE278450	GSM8546841_BT380	0.01949064449064449	sample_id	leiden_scvi_main
GSM8546841_BT380	9	30	3848	GBM	DS4_GSE278450	GSM8546841_BT380	0.007796257796257797	sample_id	leiden_scvi_main
GSM8546842_BT389A	0	128	4478	GBM	DS4_GSE278450	GSM8546842_BT389A	0.028584189370254576	sample_id	leiden_scvi_main
GSM8546842_BT389A	1	531	4478	GBM	DS4_GSE278450	GSM8546842_BT389A	0.11857972309066547	sample_id	leiden_scvi_main
GSM8546842_BT389A	10	3	4478	GBM	DS4_GSE278450	GSM8546842_BT389A	0.0006699419383653417	sample_id	leiden_scvi_main
GSM8546842_BT389A	11	3	4478	GBM	DS4_GSE278450	GSM8546842_BT389A	0.0006699419383653417	sample_id	leiden_scvi_main
GSM8546842_BT389A	12	2	4478	GBM	DS4_GSE278450	GSM8546842_BT389A	0.00044662795891022776	sample_id	leiden_scvi_main
GSM8546842_BT389A	13	12	4478	GBM	DS4_GSE278450	GSM8546842_BT389A	0.0026797677534613666	sample_id	leiden_scvi_main
GSM8546842_BT389A	14	1	4478	GBM	DS4_GSE278450	GSM8546842_BT389A	0.00022331397945511388	sample_id	leiden_scvi_main
GSM8546842_BT389A	17	4	4478	GBM	DS4_GSE278450	GSM8546842_BT389A	0.0008932559178204555	sample_id	leiden_scvi_main
GSM8546842_BT389A	2	102	4478	GBM	DS4_GSE278450	GSM8546842_BT389A	0.022778025904421618	sample_id	leiden_scvi_main
GSM8546842_BT389A	3	846	4478	GBM	DS4_GSE278450	GSM8546842_BT389A	0.18892362661902634	sample_id	leiden_scvi_main
GSM8546842_BT389A	4	107	4478	GBM	DS4_GSE278450	GSM8546842_BT389A	0.023894595801697185	sample_id	leiden_scvi_main
GSM8546842_BT389A	5	25	4478	GBM	DS4_GSE278450	GSM8546842_BT389A	0.005582849486377847	sample_id	leiden_scvi_main
GSM8546842_BT389A	6	1038	4478	GBM	DS4_GSE278450	GSM8546842_BT389A	0.23179991067440822	sample_id	leiden_scvi_main
GSM8546842_BT389A	7	162	4478	GBM	DS4_GSE278450	GSM8546842_BT389A	0.036176864671728454	sample_id	leiden_scvi_main
GSM8546842_BT389A	8	1464	4478	GBM	DS4_GSE278450	GSM8546842_BT389A	0.32693166592228673	sample_id	leiden_scvi_main
GSM8546842_BT389A	9	50	4478	GBM	DS4_GSE278450	GSM8546842_BT389A	0.011165698972755694	sample_id	leiden_scvi_main
GSM8546843_BT389	0	219	3987	GBM	DS4_GSE278450	GSM8546843_BT389	0.05492851768246802	sample_id	leiden_scvi_main
GSM8546843_BT389	1	1586	3987	GBM	DS4_GSE278450	GSM8546843_BT389	0.3977928266867319	sample_id	leiden_scvi_main
GSM8546843_BT389	10	7	3987	GBM	DS4_GSE278450	GSM8546843_BT389	0.0017557060446450965	sample_id	leiden_scvi_main
GSM8546843_BT389	11	314	3987	GBM	DS4_GSE278450	GSM8546843_BT389	0.07875595685979433	sample_id	leiden_scvi_main
GSM8546843_BT389	15	1	3987	GBM	DS4_GSE278450	GSM8546843_BT389	0.00025081514923501377	sample_id	leiden_scvi_main
GSM8546843_BT389	2	347	3987	GBM	DS4_GSE278450	GSM8546843_BT389	0.08703285678454979	sample_id	leiden_scvi_main
GSM8546843_BT389	3	488	3987	GBM	DS4_GSE278450	GSM8546843_BT389	0.12239779282668674	sample_id	leiden_scvi_main
GSM8546843_BT389	4	125	3987	GBM	DS4_GSE278450	GSM8546843_BT389	0.031351893654376725	sample_id	leiden_scvi_main
GSM8546843_BT389	5	23	3987	GBM	DS4_GSE278450	GSM8546843_BT389	0.005768748432405317	sample_id	leiden_scvi_main
GSM8546843_BT389	6	667	3987	GBM	DS4_GSE278450	GSM8546843_BT389	0.1672937045397542	sample_id	leiden_scvi_main
GSM8546843_BT389	7	31	3987	GBM	DS4_GSE278450	GSM8546843_BT389	0.007775269626285428	sample_id	leiden_scvi_main
GSM8546843_BT389	8	104	3987	GBM	DS4_GSE278450	GSM8546843_BT389	0.026084775520441434	sample_id	leiden_scvi_main
GSM8546843_BT389	9	75	3987	GBM	DS4_GSE278450	GSM8546843_BT389	0.018811136192626036	sample_id	leiden_scvi_main
GSM8546844_BT390	0	319	3336	GBM	DS4_GSE278450	GSM8546844_BT390	0.09562350119904077	sample_id	leiden_scvi_main
GSM8546844_BT390	1	835	3336	GBM	DS4_GSE278450	GSM8546844_BT390	0.2502997601918465	sample_id	leiden_scvi_main
GSM8546844_BT390	10	3	3336	GBM	DS4_GSE278450	GSM8546844_BT390	0.0008992805755395684	sample_id	leiden_scvi_main
GSM8546844_BT390	11	13	3336	GBM	DS4_GSE278450	GSM8546844_BT390	0.0038968824940047962	sample_id	leiden_scvi_main
GSM8546844_BT390	12	4	3336	GBM	DS4_GSE278450	GSM8546844_BT390	0.001199040767386091	sample_id	leiden_scvi_main
GSM8546844_BT390	2	175	3336	GBM	DS4_GSE278450	GSM8546844_BT390	0.05245803357314149	sample_id	leiden_scvi_main
GSM8546844_BT390	3	626	3336	GBM	DS4_GSE278450	GSM8546844_BT390	0.18764988009592326	sample_id	leiden_scvi_main
GSM8546844_BT390	4	434	3336	GBM	DS4_GSE278450	GSM8546844_BT390	0.13009592326139088	sample_id	leiden_scvi_main
GSM8546844_BT390	5	4	3336	GBM	DS4_GSE278450	GSM8546844_BT390	0.001199040767386091	sample_id	leiden_scvi_main
GSM8546844_BT390	6	69	3336	GBM	DS4_GSE278450	GSM8546844_BT390	0.02068345323741007	sample_id	leiden_scvi_main
GSM8546844_BT390	7	123	3336	GBM	DS4_GSE278450	GSM8546844_BT390	0.0368705035971223	sample_id	leiden_scvi_main
GSM8546844_BT390	8	702	3336	GBM	DS4_GSE278450	GSM8546844_BT390	0.210431654676259	sample_id	leiden_scvi_main
GSM8546844_BT390	9	29	3336	GBM	DS4_GSE278450	GSM8546844_BT390	0.00869304556354916	sample_id	leiden_scvi_main
GSM8546845_BT396	0	332	3577	GBM	DS4_GSE278450	GSM8546845_BT396	0.09281520827509086	sample_id	leiden_scvi_main
GSM8546845_BT396	1	1053	3577	GBM	DS4_GSE278450	GSM8546845_BT396	0.29438076600503216	sample_id	leiden_scvi_main
GSM8546845_BT396	10	1	3577	GBM	DS4_GSE278450	GSM8546845_BT396	0.0002795638803466592	sample_id	leiden_scvi_main
GSM8546845_BT396	11	64	3577	GBM	DS4_GSE278450	GSM8546845_BT396	0.01789208834218619	sample_id	leiden_scvi_main
GSM8546845_BT396	12	1	3577	GBM	DS4_GSE278450	GSM8546845_BT396	0.0002795638803466592	sample_id	leiden_scvi_main
GSM8546845_BT396	2	113	3577	GBM	DS4_GSE278450	GSM8546845_BT396	0.03159071847917249	sample_id	leiden_scvi_main
GSM8546845_BT396	3	99	3577	GBM	DS4_GSE278450	GSM8546845_BT396	0.02767682415431926	sample_id	leiden_scvi_main
GSM8546845_BT396	4	52	3577	GBM	DS4_GSE278450	GSM8546845_BT396	0.01453732177802628	sample_id	leiden_scvi_main
GSM8546845_BT396	5	23	3577	GBM	DS4_GSE278450	GSM8546845_BT396	0.006429969247973162	sample_id	leiden_scvi_main
GSM8546845_BT396	6	104	3577	GBM	DS4_GSE278450	GSM8546845_BT396	0.02907464355605256	sample_id	leiden_scvi_main
GSM8546845_BT396	7	53	3577	GBM	DS4_GSE278450	GSM8546845_BT396	0.014816885658372938	sample_id	leiden_scvi_main
GSM8546845_BT396	8	1680	3577	GBM	DS4_GSE278450	GSM8546845_BT396	0.46966731898238745	sample_id	leiden_scvi_main
GSM8546845_BT396	9	2	3577	GBM	DS4_GSE278450	GSM8546845_BT396	0.0005591277606933184	sample_id	leiden_scvi_main
GSM8546846_BT397	0	189	2916	GBM	DS4_GSE278450	GSM8546846_BT397	0.06481481481481481	sample_id	leiden_scvi_main
GSM8546846_BT397	1	1447	2916	GBM	DS4_GSE278450	GSM8546846_BT397	0.49622770919067216	sample_id	leiden_scvi_main
GSM8546846_BT397	10	29	2916	GBM	DS4_GSE278450	GSM8546846_BT397	0.009945130315500686	sample_id	leiden_scvi_main
GSM8546846_BT397	11	92	2916	GBM	DS4_GSE278450	GSM8546846_BT397	0.03155006858710562	sample_id	leiden_scvi_main
GSM8546846_BT397	15	2	2916	GBM	DS4_GSE278450	GSM8546846_BT397	0.0006858710562414266	sample_id	leiden_scvi_main
GSM8546846_BT397	16	1	2916	GBM	DS4_GSE278450	GSM8546846_BT397	0.0003429355281207133	sample_id	leiden_scvi_main
GSM8546846_BT397	2	214	2916	GBM	DS4_GSE278450	GSM8546846_BT397	0.07338820301783265	sample_id	leiden_scvi_main
GSM8546846_BT397	3	304	2916	GBM	DS4_GSE278450	GSM8546846_BT397	0.10425240054869685	sample_id	leiden_scvi_main
GSM8546846_BT397	4	19	2916	GBM	DS4_GSE278450	GSM8546846_BT397	0.006515775034293553	sample_id	leiden_scvi_main
GSM8546846_BT397	5	56	2916	GBM	DS4_GSE278450	GSM8546846_BT397	0.019204389574759947	sample_id	leiden_scvi_main
GSM8546846_BT397	6	504	2916	GBM	DS4_GSE278450	GSM8546846_BT397	0.1728395061728395	sample_id	leiden_scvi_main
GSM8546846_BT397	7	25	2916	GBM	DS4_GSE278450	GSM8546846_BT397	0.008573388203017833	sample_id	leiden_scvi_main
GSM8546846_BT397	8	33	2916	GBM	DS4_GSE278450	GSM8546846_BT397	0.01131687242798354	sample_id	leiden_scvi_main
GSM8546846_BT397	9	1	2916	GBM	DS4_GSE278450	GSM8546846_BT397	0.0003429355281207133	sample_id	leiden_scvi_main
GSM8546847_BT400	0	2281	4911	GBM	DS4_GSE278450	GSM8546847_BT400	0.4644675218896355	sample_id	leiden_scvi_main
GSM8546847_BT400	1	348	4911	GBM	DS4_GSE278450	GSM8546847_BT400	0.0708613317043372	sample_id	leiden_scvi_main
GSM8546847_BT400	11	148	4911	GBM	DS4_GSE278450	GSM8546847_BT400	0.03013642842598249	sample_id	leiden_scvi_main
GSM8546847_BT400	12	22	4911	GBM	DS4_GSE278450	GSM8546847_BT400	0.004479739360619018	sample_id	leiden_scvi_main
GSM8546847_BT400	13	8	4911	GBM	DS4_GSE278450	GSM8546847_BT400	0.0016289961311341885	sample_id	leiden_scvi_main
GSM8546847_BT400	14	2	4911	GBM	DS4_GSE278450	GSM8546847_BT400	0.00040724903278354713	sample_id	leiden_scvi_main
GSM8546847_BT400	2	1700	4911	GBM	DS4_GSE278450	GSM8546847_BT400	0.3461616778660151	sample_id	leiden_scvi_main
GSM8546847_BT400	3	27	4911	GBM	DS4_GSE278450	GSM8546847_BT400	0.005497861942577886	sample_id	leiden_scvi_main
GSM8546847_BT400	4	172	4911	GBM	DS4_GSE278450	GSM8546847_BT400	0.035023416819385055	sample_id	leiden_scvi_main
GSM8546847_BT400	5	1	4911	GBM	DS4_GSE278450	GSM8546847_BT400	0.00020362451639177357	sample_id	leiden_scvi_main
GSM8546847_BT400	6	50	4911	GBM	DS4_GSE278450	GSM8546847_BT400	0.010181225819588679	sample_id	leiden_scvi_main
GSM8546847_BT400	7	109	4911	GBM	DS4_GSE278450	GSM8546847_BT400	0.02219507228670332	sample_id	leiden_scvi_main
GSM8546847_BT400	8	6	4911	GBM	DS4_GSE278450	GSM8546847_BT400	0.0012217470983506415	sample_id	leiden_scvi_main
GSM8546847_BT400	9	37	4911	GBM	DS4_GSE278450	GSM8546847_BT400	0.007534107106495622	sample_id	leiden_scvi_main
GSM8546848_BT402	0	764	4754	GBM	DS4_GSE278450	GSM8546848_BT402	0.16070677324358434	sample_id	leiden_scvi_main
GSM8546848_BT402	1	2861	4754	GBM	DS4_GSE278450	GSM8546848_BT402	0.6018090029448885	sample_id	leiden_scvi_main
GSM8546848_BT402	10	10	4754	GBM	DS4_GSE278450	GSM8546848_BT402	0.002103491796381994	sample_id	leiden_scvi_main
GSM8546848_BT402	11	15	4754	GBM	DS4_GSE278450	GSM8546848_BT402	0.003155237694572991	sample_id	leiden_scvi_main
GSM8546848_BT402	13	1	4754	GBM	DS4_GSE278450	GSM8546848_BT402	0.00021034917963819942	sample_id	leiden_scvi_main
GSM8546848_BT402	15	1	4754	GBM	DS4_GSE278450	GSM8546848_BT402	0.00021034917963819942	sample_id	leiden_scvi_main
GSM8546848_BT402	17	1	4754	GBM	DS4_GSE278450	GSM8546848_BT402	0.00021034917963819942	sample_id	leiden_scvi_main
GSM8546848_BT402	2	248	4754	GBM	DS4_GSE278450	GSM8546848_BT402	0.052166596550273454	sample_id	leiden_scvi_main
GSM8546848_BT402	3	84	4754	GBM	DS4_GSE278450	GSM8546848_BT402	0.01766933108960875	sample_id	leiden_scvi_main
GSM8546848_BT402	4	2	4754	GBM	DS4_GSE278450	GSM8546848_BT402	0.00042069835927639884	sample_id	leiden_scvi_main
GSM8546848_BT402	5	75	4754	GBM	DS4_GSE278450	GSM8546848_BT402	0.015776188472864956	sample_id	leiden_scvi_main
GSM8546848_BT402	6	586	4754	GBM	DS4_GSE278450	GSM8546848_BT402	0.12326461926798485	sample_id	leiden_scvi_main
GSM8546848_BT402	7	15	4754	GBM	DS4_GSE278450	GSM8546848_BT402	0.003155237694572991	sample_id	leiden_scvi_main
GSM8546848_BT402	8	45	4754	GBM	DS4_GSE278450	GSM8546848_BT402	0.009465713083718973	sample_id	leiden_scvi_main
GSM8546848_BT402	9	46	4754	GBM	DS4_GSE278450	GSM8546848_BT402	0.009676062263357174	sample_id	leiden_scvi_main
GSM8546849_BT407	0	34	3474	GBM	DS4_GSE278450	GSM8546849_BT407	0.00978698906160046	sample_id	leiden_scvi_main
GSM8546849_BT407	1	2279	3474	GBM	DS4_GSE278450	GSM8546849_BT407	0.6560161197466897	sample_id	leiden_scvi_main
GSM8546849_BT407	10	27	3474	GBM	DS4_GSE278450	GSM8546849_BT407	0.007772020725388601	sample_id	leiden_scvi_main
GSM8546849_BT407	11	5	3474	GBM	DS4_GSE278450	GSM8546849_BT407	0.0014392630972941854	sample_id	leiden_scvi_main
GSM8546849_BT407	12	1	3474	GBM	DS4_GSE278450	GSM8546849_BT407	0.0002878526194588371	sample_id	leiden_scvi_main
GSM8546849_BT407	15	2	3474	GBM	DS4_GSE278450	GSM8546849_BT407	0.0005757052389176742	sample_id	leiden_scvi_main
GSM8546849_BT407	17	1	3474	GBM	DS4_GSE278450	GSM8546849_BT407	0.0002878526194588371	sample_id	leiden_scvi_main
GSM8546849_BT407	2	18	3474	GBM	DS4_GSE278450	GSM8546849_BT407	0.0051813471502590676	sample_id	leiden_scvi_main
GSM8546849_BT407	3	305	3474	GBM	DS4_GSE278450	GSM8546849_BT407	0.0877950489349453	sample_id	leiden_scvi_main
GSM8546849_BT407	4	11	3474	GBM	DS4_GSE278450	GSM8546849_BT407	0.0031663788140472078	sample_id	leiden_scvi_main
GSM8546849_BT407	5	25	3474	GBM	DS4_GSE278450	GSM8546849_BT407	0.007196315486470927	sample_id	leiden_scvi_main
GSM8546849_BT407	6	588	3474	GBM	DS4_GSE278450	GSM8546849_BT407	0.1692573402417962	sample_id	leiden_scvi_main
GSM8546849_BT407	7	43	3474	GBM	DS4_GSE278450	GSM8546849_BT407	0.012377662636729994	sample_id	leiden_scvi_main
GSM8546849_BT407	8	127	3474	GBM	DS4_GSE278450	GSM8546849_BT407	0.03655728267127231	sample_id	leiden_scvi_main
GSM8546849_BT407	9	8	3474	GBM	DS4_GSE278450	GSM8546849_BT407	0.002302820955670697	sample_id	leiden_scvi_main
GSM8546850_BT408	1	546	2836	GBM	DS4_GSE278450	GSM8546850_BT408	0.192524682651622	sample_id	leiden_scvi_main
GSM8546850_BT408	10	13	2836	GBM	DS4_GSE278450	GSM8546850_BT408	0.004583921015514809	sample_id	leiden_scvi_main
GSM8546850_BT408	14	4	2836	GBM	DS4_GSE278450	GSM8546850_BT408	0.0014104372355430183	sample_id	leiden_scvi_main
GSM8546850_BT408	17	2	2836	GBM	DS4_GSE278450	GSM8546850_BT408	0.0007052186177715092	sample_id	leiden_scvi_main
GSM8546850_BT408	2	3	2836	GBM	DS4_GSE278450	GSM8546850_BT408	0.0010578279266572638	sample_id	leiden_scvi_main
GSM8546850_BT408	3	51	2836	GBM	DS4_GSE278450	GSM8546850_BT408	0.017983074753173484	sample_id	leiden_scvi_main
GSM8546850_BT408	4	2	2836	GBM	DS4_GSE278450	GSM8546850_BT408	0.0007052186177715092	sample_id	leiden_scvi_main
GSM8546850_BT408	5	38	2836	GBM	DS4_GSE278450	GSM8546850_BT408	0.013399153737658674	sample_id	leiden_scvi_main
GSM8546850_BT408	6	1351	2836	GBM	DS4_GSE278450	GSM8546850_BT408	0.4763751763046544	sample_id	leiden_scvi_main
GSM8546850_BT408	7	39	2836	GBM	DS4_GSE278450	GSM8546850_BT408	0.013751763046544428	sample_id	leiden_scvi_main
GSM8546850_BT408	8	768	2836	GBM	DS4_GSE278450	GSM8546850_BT408	0.27080394922425954	sample_id	leiden_scvi_main
GSM8546850_BT408	9	19	2836	GBM	DS4_GSE278450	GSM8546850_BT408	0.006699576868829337	sample_id	leiden_scvi_main
GSM8546851_BT409	0	309	2117	GBM	DS4_GSE278450	GSM8546851_BT409	0.14596126594237127	sample_id	leiden_scvi_main
GSM8546851_BT409	1	771	2117	GBM	DS4_GSE278450	GSM8546851_BT409	0.3641946150212565	sample_id	leiden_scvi_main
GSM8546851_BT409	10	2	2117	GBM	DS4_GSE278450	GSM8546851_BT409	0.000944733112895607	sample_id	leiden_scvi_main
GSM8546851_BT409	11	44	2117	GBM	DS4_GSE278450	GSM8546851_BT409	0.020784128483703354	sample_id	leiden_scvi_main
GSM8546851_BT409	2	355	2117	GBM	DS4_GSE278450	GSM8546851_BT409	0.16769012753897025	sample_id	leiden_scvi_main
GSM8546851_BT409	3	188	2117	GBM	DS4_GSE278450	GSM8546851_BT409	0.08880491261218705	sample_id	leiden_scvi_main
GSM8546851_BT409	4	193	2117	GBM	DS4_GSE278450	GSM8546851_BT409	0.09116674539442607	sample_id	leiden_scvi_main
GSM8546851_BT409	5	10	2117	GBM	DS4_GSE278450	GSM8546851_BT409	0.004723665564478035	sample_id	leiden_scvi_main
GSM8546851_BT409	6	66	2117	GBM	DS4_GSE278450	GSM8546851_BT409	0.03117619272555503	sample_id	leiden_scvi_main
GSM8546851_BT409	7	33	2117	GBM	DS4_GSE278450	GSM8546851_BT409	0.015588096362777516	sample_id	leiden_scvi_main
GSM8546851_BT409	8	116	2117	GBM	DS4_GSE278450	GSM8546851_BT409	0.0547945205479452	sample_id	leiden_scvi_main
GSM8546851_BT409	9	30	2117	GBM	DS4_GSE278450	GSM8546851_BT409	0.014170996693434105	sample_id	leiden_scvi_main
GSM8546852_BT419	0	34	3614	GBM	DS4_GSE278450	GSM8546852_BT419	0.009407858328721638	sample_id	leiden_scvi_main
GSM8546852_BT419	1	521	3614	GBM	DS4_GSE278450	GSM8546852_BT419	0.14416159380188157	sample_id	leiden_scvi_main
GSM8546852_BT419	10	18	3614	GBM	DS4_GSE278450	GSM8546852_BT419	0.004980630879911455	sample_id	leiden_scvi_main
GSM8546852_BT419	11	2	3614	GBM	DS4_GSE278450	GSM8546852_BT419	0.0005534034311012728	sample_id	leiden_scvi_main
GSM8546852_BT419	12	4	3614	GBM	DS4_GSE278450	GSM8546852_BT419	0.0011068068622025456	sample_id	leiden_scvi_main
GSM8546852_BT419	2	22	3614	GBM	DS4_GSE278450	GSM8546852_BT419	0.006087437742114001	sample_id	leiden_scvi_main
GSM8546852_BT419	3	707	3614	GBM	DS4_GSE278450	GSM8546852_BT419	0.19562811289429993	sample_id	leiden_scvi_main
GSM8546852_BT419	4	71	3614	GBM	DS4_GSE278450	GSM8546852_BT419	0.019645821804095187	sample_id	leiden_scvi_main
GSM8546852_BT419	5	259	3614	GBM	DS4_GSE278450	GSM8546852_BT419	0.07166574432761483	sample_id	leiden_scvi_main
GSM8546852_BT419	6	518	3614	GBM	DS4_GSE278450	GSM8546852_BT419	0.14333148865522966	sample_id	leiden_scvi_main
GSM8546852_BT419	7	59	3614	GBM	DS4_GSE278450	GSM8546852_BT419	0.01632540121748755	sample_id	leiden_scvi_main
GSM8546852_BT419	8	1389	3614	GBM	DS4_GSE278450	GSM8546852_BT419	0.38433868289983397	sample_id	leiden_scvi_main
GSM8546852_BT419	9	10	3614	GBM	DS4_GSE278450	GSM8546852_BT419	0.002767017155506364	sample_id	leiden_scvi_main
GSM8546853_BT420	0	533	2195	GBM	DS4_GSE278450	GSM8546853_BT420	0.2428246013667426	sample_id	leiden_scvi_main
GSM8546853_BT420	1	46	2195	GBM	DS4_GSE278450	GSM8546853_BT420	0.020956719817767654	sample_id	leiden_scvi_main
GSM8546853_BT420	10	1	2195	GBM	DS4_GSE278450	GSM8546853_BT420	0.00045558086560364467	sample_id	leiden_scvi_main
GSM8546853_BT420	11	436	2195	GBM	DS4_GSE278450	GSM8546853_BT420	0.19863325740318907	sample_id	leiden_scvi_main
GSM8546853_BT420	14	1	2195	GBM	DS4_GSE278450	GSM8546853_BT420	0.00045558086560364467	sample_id	leiden_scvi_main
GSM8546853_BT420	15	1	2195	GBM	DS4_GSE278450	GSM8546853_BT420	0.00045558086560364467	sample_id	leiden_scvi_main
GSM8546853_BT420	17	1	2195	GBM	DS4_GSE278450	GSM8546853_BT420	0.00045558086560364467	sample_id	leiden_scvi_main
GSM8546853_BT420	2	449	2195	GBM	DS4_GSE278450	GSM8546853_BT420	0.20455580865603645	sample_id	leiden_scvi_main
GSM8546853_BT420	3	77	2195	GBM	DS4_GSE278450	GSM8546853_BT420	0.03507972665148064	sample_id	leiden_scvi_main
GSM8546853_BT420	4	289	2195	GBM	DS4_GSE278450	GSM8546853_BT420	0.1316628701594533	sample_id	leiden_scvi_main
GSM8546853_BT420	5	2	2195	GBM	DS4_GSE278450	GSM8546853_BT420	0.0009111617312072893	sample_id	leiden_scvi_main
GSM8546853_BT420	6	120	2195	GBM	DS4_GSE278450	GSM8546853_BT420	0.05466970387243736	sample_id	leiden_scvi_main
GSM8546853_BT420	7	236	2195	GBM	DS4_GSE278450	GSM8546853_BT420	0.10751708428246014	sample_id	leiden_scvi_main
GSM8546853_BT420	9	3	2195	GBM	DS4_GSE278450	GSM8546853_BT420	0.001366742596810934	sample_id	leiden_scvi_main
GSM8546854_BT426	0	23	3316	GBM	DS4_GSE278450	GSM8546854_BT426	0.006936067551266586	sample_id	leiden_scvi_main
GSM8546854_BT426	1	404	3316	GBM	DS4_GSE278450	GSM8546854_BT426	0.1218335343787696	sample_id	leiden_scvi_main
GSM8546854_BT426	10	7	3316	GBM	DS4_GSE278450	GSM8546854_BT426	0.0021109770808202654	sample_id	leiden_scvi_main
GSM8546854_BT426	12	10	3316	GBM	DS4_GSE278450	GSM8546854_BT426	0.0030156815440289505	sample_id	leiden_scvi_main
GSM8546854_BT426	13	8	3316	GBM	DS4_GSE278450	GSM8546854_BT426	0.0024125452352231603	sample_id	leiden_scvi_main
GSM8546854_BT426	17	2	3316	GBM	DS4_GSE278450	GSM8546854_BT426	0.0006031363088057901	sample_id	leiden_scvi_main
GSM8546854_BT426	2	2	3316	GBM	DS4_GSE278450	GSM8546854_BT426	0.0006031363088057901	sample_id	leiden_scvi_main
GSM8546854_BT426	3	1233	3316	GBM	DS4_GSE278450	GSM8546854_BT426	0.3718335343787696	sample_id	leiden_scvi_main
GSM8546854_BT426	4	469	3316	GBM	DS4_GSE278450	GSM8546854_BT426	0.14143546441495777	sample_id	leiden_scvi_main
GSM8546854_BT426	5	65	3316	GBM	DS4_GSE278450	GSM8546854_BT426	0.019601930036188178	sample_id	leiden_scvi_main
GSM8546854_BT426	6	335	3316	GBM	DS4_GSE278450	GSM8546854_BT426	0.10102533172496984	sample_id	leiden_scvi_main
GSM8546854_BT426	7	22	3316	GBM	DS4_GSE278450	GSM8546854_BT426	0.0066344993968636915	sample_id	leiden_scvi_main
GSM8546854_BT426	8	715	3316	GBM	DS4_GSE278450	GSM8546854_BT426	0.21562123039806996	sample_id	leiden_scvi_main
GSM8546854_BT426	9	21	3316	GBM	DS4_GSE278450	GSM8546854_BT426	0.006332931242460796	sample_id	leiden_scvi_main
PDC001	0	1985	6325	GBM	DS2_GSE141383	PDC001	0.3138339920948617	sample_id	leiden_scvi_main
PDC001	1	152	6325	GBM	DS2_GSE141383	PDC001	0.024031620553359685	sample_id	leiden_scvi_main
PDC001	11	3	6325	GBM	DS2_GSE141383	PDC001	0.0004743083003952569	sample_id	leiden_scvi_main
PDC001	13	23	6325	GBM	DS2_GSE141383	PDC001	0.0036363636363636364	sample_id	leiden_scvi_main
PDC001	14	223	6325	GBM	DS2_GSE141383	PDC001	0.03525691699604743	sample_id	leiden_scvi_main
PDC001	2	1976	6325	GBM	DS2_GSE141383	PDC001	0.3124110671936759	sample_id	leiden_scvi_main
PDC001	3	22	6325	GBM	DS2_GSE141383	PDC001	0.0034782608695652175	sample_id	leiden_scvi_main
PDC001	4	94	6325	GBM	DS2_GSE141383	PDC001	0.014861660079051384	sample_id	leiden_scvi_main
PDC001	5	2	6325	GBM	DS2_GSE141383	PDC001	0.00031620553359683795	sample_id	leiden_scvi_main
PDC001	6	115	6325	GBM	DS2_GSE141383	PDC001	0.01818181818181818	sample_id	leiden_scvi_main
PDC001	7	1663	6325	GBM	DS2_GSE141383	PDC001	0.2629249011857708	sample_id	leiden_scvi_main
PDC001	8	4	6325	GBM	DS2_GSE141383	PDC001	0.0006324110671936759	sample_id	leiden_scvi_main
PDC001	9	63	6325	GBM	DS2_GSE141383	PDC001	0.009960474308300396	sample_id	leiden_scvi_main
PJ016	0	263	2838	GBM	DS1_GSE103224	PJ016	0.09267089499647639	sample_id	leiden_scvi_main
PJ016	1	1	2838	GBM	DS1_GSE103224	PJ016	0.00035236081747709656	sample_id	leiden_scvi_main
PJ016	11	105	2838	GBM	DS1_GSE103224	PJ016	0.03699788583509514	sample_id	leiden_scvi_main
PJ016	12	17	2838	GBM	DS1_GSE103224	PJ016	0.005990133897110641	sample_id	leiden_scvi_main
PJ016	13	1	2838	GBM	DS1_GSE103224	PJ016	0.00035236081747709656	sample_id	leiden_scvi_main
PJ016	14	7	2838	GBM	DS1_GSE103224	PJ016	0.0024665257223396757	sample_id	leiden_scvi_main
PJ016	2	602	2838	GBM	DS1_GSE103224	PJ016	0.21212121212121213	sample_id	leiden_scvi_main
PJ016	4	75	2838	GBM	DS1_GSE103224	PJ016	0.026427061310782242	sample_id	leiden_scvi_main
PJ016	5	4	2838	GBM	DS1_GSE103224	PJ016	0.0014094432699083862	sample_id	leiden_scvi_main
PJ016	6	1	2838	GBM	DS1_GSE103224	PJ016	0.00035236081747709656	sample_id	leiden_scvi_main
PJ016	7	1759	2838	GBM	DS1_GSE103224	PJ016	0.6198026779422128	sample_id	leiden_scvi_main
PJ016	8	1	2838	GBM	DS1_GSE103224	PJ016	0.00035236081747709656	sample_id	leiden_scvi_main
PJ016	9	2	2838	GBM	DS1_GSE103224	PJ016	0.0007047216349541931	sample_id	leiden_scvi_main
PJ017	0	34	1237	GBM	DS1_GSE103224	PJ017	0.0274858528698464	sample_id	leiden_scvi_main
PJ017	1	133	1237	GBM	DS1_GSE103224	PJ017	0.10751818916734034	sample_id	leiden_scvi_main
PJ017	10	1	1237	GBM	DS1_GSE103224	PJ017	0.0008084074373484236	sample_id	leiden_scvi_main
PJ017	11	15	1237	GBM	DS1_GSE103224	PJ017	0.012126111560226353	sample_id	leiden_scvi_main
PJ017	12	3	1237	GBM	DS1_GSE103224	PJ017	0.002425222312045271	sample_id	leiden_scvi_main
PJ017	13	4	1237	GBM	DS1_GSE103224	PJ017	0.0032336297493936943	sample_id	leiden_scvi_main
PJ017	14	8	1237	GBM	DS1_GSE103224	PJ017	0.0064672594987873885	sample_id	leiden_scvi_main
PJ017	2	9	1237	GBM	DS1_GSE103224	PJ017	0.007275666936135812	sample_id	leiden_scvi_main
PJ017	3	196	1237	GBM	DS1_GSE103224	PJ017	0.15844785772029102	sample_id	leiden_scvi_main
PJ017	4	294	1237	GBM	DS1_GSE103224	PJ017	0.23767178658043653	sample_id	leiden_scvi_main
PJ017	5	69	1237	GBM	DS1_GSE103224	PJ017	0.05578011317704123	sample_id	leiden_scvi_main
PJ017	6	260	1237	GBM	DS1_GSE103224	PJ017	0.21018593371059013	sample_id	leiden_scvi_main
PJ017	7	198	1237	GBM	DS1_GSE103224	PJ017	0.16006467259498788	sample_id	leiden_scvi_main
PJ017	8	4	1237	GBM	DS1_GSE103224	PJ017	0.0032336297493936943	sample_id	leiden_scvi_main
PJ017	9	9	1237	GBM	DS1_GSE103224	PJ017	0.007275666936135812	sample_id	leiden_scvi_main
PJ018	0	564	2163	GBM	DS1_GSE103224	PJ018	0.260748959778086	sample_id	leiden_scvi_main
PJ018	1	23	2163	GBM	DS1_GSE103224	PJ018	0.0106333795654184	sample_id	leiden_scvi_main
PJ018	11	150	2163	GBM	DS1_GSE103224	PJ018	0.06934812760055478	sample_id	leiden_scvi_main
PJ018	13	21	2163	GBM	DS1_GSE103224	PJ018	0.009708737864077669	sample_id	leiden_scvi_main
PJ018	14	10	2163	GBM	DS1_GSE103224	PJ018	0.004623208506703652	sample_id	leiden_scvi_main
PJ018	2	514	2163	GBM	DS1_GSE103224	PJ018	0.23763291724456773	sample_id	leiden_scvi_main
PJ018	3	37	2163	GBM	DS1_GSE103224	PJ018	0.017105871474803514	sample_id	leiden_scvi_main
PJ018	4	666	2163	GBM	DS1_GSE103224	PJ018	0.3079056865464632	sample_id	leiden_scvi_main
PJ018	5	1	2163	GBM	DS1_GSE103224	PJ018	0.0004623208506703652	sample_id	leiden_scvi_main
PJ018	6	5	2163	GBM	DS1_GSE103224	PJ018	0.002311604253351826	sample_id	leiden_scvi_main
PJ018	7	95	2163	GBM	DS1_GSE103224	PJ018	0.043920480813684694	sample_id	leiden_scvi_main
PJ018	8	73	2163	GBM	DS1_GSE103224	PJ018	0.03374942209893666	sample_id	leiden_scvi_main
PJ018	9	4	2163	GBM	DS1_GSE103224	PJ018	0.0018492834026814608	sample_id	leiden_scvi_main
PJ025	0	2847	5829	GBM	DS1_GSE103224	PJ025	0.48841996911991764	sample_id	leiden_scvi_main
PJ025	1	65	5829	GBM	DS1_GSE103224	PJ025	0.011151140847486704	sample_id	leiden_scvi_main
PJ025	11	2	5829	GBM	DS1_GSE103224	PJ025	0.00034311202607651396	sample_id	leiden_scvi_main
PJ025	12	6	5829	GBM	DS1_GSE103224	PJ025	0.001029336078229542	sample_id	leiden_scvi_main
PJ025	13	218	5829	GBM	DS1_GSE103224	PJ025	0.037399210842340026	sample_id	leiden_scvi_main
PJ025	14	148	5829	GBM	DS1_GSE103224	PJ025	0.025390289929662035	sample_id	leiden_scvi_main
PJ025	17	1	5829	GBM	DS1_GSE103224	PJ025	0.00017155601303825698	sample_id	leiden_scvi_main
PJ025	2	782	5829	GBM	DS1_GSE103224	PJ025	0.13415680219591697	sample_id	leiden_scvi_main
PJ025	3	8	5829	GBM	DS1_GSE103224	PJ025	0.0013724481043060558	sample_id	leiden_scvi_main
PJ025	4	675	5829	GBM	DS1_GSE103224	PJ025	0.11580030880082347	sample_id	leiden_scvi_main
PJ025	5	9	5829	GBM	DS1_GSE103224	PJ025	0.001544004117344313	sample_id	leiden_scvi_main
PJ025	6	44	5829	GBM	DS1_GSE103224	PJ025	0.007548464573683308	sample_id	leiden_scvi_main
PJ025	7	1008	5829	GBM	DS1_GSE103224	PJ025	0.17292846114256305	sample_id	leiden_scvi_main
PJ025	9	16	5829	GBM	DS1_GSE103224	PJ025	0.0027448962086121117	sample_id	leiden_scvi_main
PJ030	0	971	3048	GBM	DS1_GSE103224	PJ030	0.3185695538057743	sample_id	leiden_scvi_main
PJ030	1	322	3048	GBM	DS1_GSE103224	PJ030	0.10564304461942257	sample_id	leiden_scvi_main
PJ030	11	42	3048	GBM	DS1_GSE103224	PJ030	0.013779527559055118	sample_id	leiden_scvi_main
PJ030	12	3	3048	GBM	DS1_GSE103224	PJ030	0.000984251968503937	sample_id	leiden_scvi_main
PJ030	13	111	3048	GBM	DS1_GSE103224	PJ030	0.03641732283464567	sample_id	leiden_scvi_main
PJ030	14	233	3048	GBM	DS1_GSE103224	PJ030	0.07644356955380577	sample_id	leiden_scvi_main
PJ030	2	362	3048	GBM	DS1_GSE103224	PJ030	0.11876640419947507	sample_id	leiden_scvi_main
PJ030	3	3	3048	GBM	DS1_GSE103224	PJ030	0.000984251968503937	sample_id	leiden_scvi_main
PJ030	4	2	3048	GBM	DS1_GSE103224	PJ030	0.0006561679790026247	sample_id	leiden_scvi_main
PJ030	5	9	3048	GBM	DS1_GSE103224	PJ030	0.002952755905511811	sample_id	leiden_scvi_main
PJ030	6	13	3048	GBM	DS1_GSE103224	PJ030	0.00426509186351706	sample_id	leiden_scvi_main
PJ030	7	886	3048	GBM	DS1_GSE103224	PJ030	0.29068241469816275	sample_id	leiden_scvi_main
PJ030	8	66	3048	GBM	DS1_GSE103224	PJ030	0.021653543307086614	sample_id	leiden_scvi_main
PJ030	9	25	3048	GBM	DS1_GSE103224	PJ030	0.008202099737532808	sample_id	leiden_scvi_main
PJ032	0	205	1354	GBM	DS1_GSE103224	PJ032	0.15140324963072377	sample_id	leiden_scvi_main
PJ032	1	557	1354	GBM	DS1_GSE103224	PJ032	0.4113737075332349	sample_id	leiden_scvi_main
PJ032	12	6	1354	GBM	DS1_GSE103224	PJ032	0.004431314623338257	sample_id	leiden_scvi_main
PJ032	13	10	1354	GBM	DS1_GSE103224	PJ032	0.007385524372230428	sample_id	leiden_scvi_main
PJ032	14	1	1354	GBM	DS1_GSE103224	PJ032	0.0007385524372230429	sample_id	leiden_scvi_main
PJ032	2	5	1354	GBM	DS1_GSE103224	PJ032	0.003692762186115214	sample_id	leiden_scvi_main
PJ032	3	122	1354	GBM	DS1_GSE103224	PJ032	0.09010339734121123	sample_id	leiden_scvi_main
PJ032	4	178	1354	GBM	DS1_GSE103224	PJ032	0.13146233382570163	sample_id	leiden_scvi_main
PJ032	5	5	1354	GBM	DS1_GSE103224	PJ032	0.003692762186115214	sample_id	leiden_scvi_main
PJ032	6	60	1354	GBM	DS1_GSE103224	PJ032	0.04431314623338257	sample_id	leiden_scvi_main
PJ032	7	174	1354	GBM	DS1_GSE103224	PJ032	0.12850812407680945	sample_id	leiden_scvi_main
PJ032	8	4	1354	GBM	DS1_GSE103224	PJ032	0.0029542097488921715	sample_id	leiden_scvi_main
PJ032	9	27	1354	GBM	DS1_GSE103224	PJ032	0.019940915805022157	sample_id	leiden_scvi_main
PJ035	0	1112	3707	GBM	DS1_GSE103224	PJ035	0.2999730240086323	sample_id	leiden_scvi_main
PJ035	1	433	3707	GBM	DS1_GSE103224	PJ035	0.11680604262206636	sample_id	leiden_scvi_main
PJ035	11	84	3707	GBM	DS1_GSE103224	PJ035	0.02265983274885352	sample_id	leiden_scvi_main
PJ035	12	2	3707	GBM	DS1_GSE103224	PJ035	0.0005395198273536552	sample_id	leiden_scvi_main
PJ035	13	69	3707	GBM	DS1_GSE103224	PJ035	0.018613434043701107	sample_id	leiden_scvi_main
PJ035	14	71	3707	GBM	DS1_GSE103224	PJ035	0.01915295387105476	sample_id	leiden_scvi_main
PJ035	2	1181	3707	GBM	DS1_GSE103224	PJ035	0.31858645805233343	sample_id	leiden_scvi_main
PJ035	3	49	3707	GBM	DS1_GSE103224	PJ035	0.013218235770164554	sample_id	leiden_scvi_main
PJ035	4	154	3707	GBM	DS1_GSE103224	PJ035	0.04154302670623145	sample_id	leiden_scvi_main
PJ035	5	5	3707	GBM	DS1_GSE103224	PJ035	0.001348799568384138	sample_id	leiden_scvi_main
PJ035	6	9	3707	GBM	DS1_GSE103224	PJ035	0.0024278392230914487	sample_id	leiden_scvi_main
PJ035	7	485	3707	GBM	DS1_GSE103224	PJ035	0.1308335581332614	sample_id	leiden_scvi_main
PJ035	8	6	3707	GBM	DS1_GSE103224	PJ035	0.0016185594820609657	sample_id	leiden_scvi_main
PJ035	9	47	3707	GBM	DS1_GSE103224	PJ035	0.012678715942810899	sample_id	leiden_scvi_main
PJ048	0	611	3031	GBM	DS1_GSE103224	PJ048	0.20158363576377433	sample_id	leiden_scvi_main
PJ048	1	4	3031	GBM	DS1_GSE103224	PJ048	0.0013196964698119432	sample_id	leiden_scvi_main
PJ048	11	802	3031	GBM	DS1_GSE103224	PJ048	0.26459914219729463	sample_id	leiden_scvi_main
PJ048	12	3	3031	GBM	DS1_GSE103224	PJ048	0.0009897723523589574	sample_id	leiden_scvi_main
PJ048	13	32	3031	GBM	DS1_GSE103224	PJ048	0.010557571758495546	sample_id	leiden_scvi_main
PJ048	14	28	3031	GBM	DS1_GSE103224	PJ048	0.009237875288683603	sample_id	leiden_scvi_main
PJ048	15	1	3031	GBM	DS1_GSE103224	PJ048	0.0003299241174529858	sample_id	leiden_scvi_main
PJ048	2	989	3031	GBM	DS1_GSE103224	PJ048	0.32629495216100296	sample_id	leiden_scvi_main
PJ048	3	2	3031	GBM	DS1_GSE103224	PJ048	0.0006598482349059716	sample_id	leiden_scvi_main
PJ048	4	264	3031	GBM	DS1_GSE103224	PJ048	0.08709996700758825	sample_id	leiden_scvi_main
PJ048	5	2	3031	GBM	DS1_GSE103224	PJ048	0.0006598482349059716	sample_id	leiden_scvi_main
PJ048	7	275	3031	GBM	DS1_GSE103224	PJ048	0.0907291322995711	sample_id	leiden_scvi_main
PJ048	8	18	3031	GBM	DS1_GSE103224	PJ048	0.0059386341141537445	sample_id	leiden_scvi_main
PJ052	0	948	1364	GBM	DS2_GSE141383	PJ052	0.6950146627565983	sample_id	leiden_scvi_main
PJ052	1	21	1364	GBM	DS2_GSE141383	PJ052	0.015395894428152493	sample_id	leiden_scvi_main
PJ052	11	29	1364	GBM	DS2_GSE141383	PJ052	0.02126099706744868	sample_id	leiden_scvi_main
PJ052	12	1	1364	GBM	DS2_GSE141383	PJ052	0.0007331378299120235	sample_id	leiden_scvi_main
PJ052	13	1	1364	GBM	DS2_GSE141383	PJ052	0.0007331378299120235	sample_id	leiden_scvi_main
PJ052	14	10	1364	GBM	DS2_GSE141383	PJ052	0.007331378299120235	sample_id	leiden_scvi_main
PJ052	2	249	1364	GBM	DS2_GSE141383	PJ052	0.18255131964809385	sample_id	leiden_scvi_main
PJ052	3	1	1364	GBM	DS2_GSE141383	PJ052	0.0007331378299120235	sample_id	leiden_scvi_main
PJ052	4	23	1364	GBM	DS2_GSE141383	PJ052	0.01686217008797654	sample_id	leiden_scvi_main
PJ052	6	1	1364	GBM	DS2_GSE141383	PJ052	0.0007331378299120235	sample_id	leiden_scvi_main
PJ052	7	77	1364	GBM	DS2_GSE141383	PJ052	0.056451612903225805	sample_id	leiden_scvi_main
PJ052	9	3	1364	GBM	DS2_GSE141383	PJ052	0.0021994134897360706	sample_id	leiden_scvi_main
PJ053	0	590	3034	GBM	DS2_GSE141383	PJ053	0.1944627554383652	sample_id	leiden_scvi_main
PJ053	1	21	3034	GBM	DS2_GSE141383	PJ053	0.006921555702043507	sample_id	leiden_scvi_main
PJ053	11	457	3034	GBM	DS2_GSE141383	PJ053	0.15062623599208966	sample_id	leiden_scvi_main
PJ053	12	7	3034	GBM	DS2_GSE141383	PJ053	0.0023071852340145024	sample_id	leiden_scvi_main
PJ053	13	12	3034	GBM	DS2_GSE141383	PJ053	0.003955174686882004	sample_id	leiden_scvi_main
PJ053	14	73	3034	GBM	DS2_GSE141383	PJ053	0.024060646011865524	sample_id	leiden_scvi_main
PJ053	2	290	3034	GBM	DS2_GSE141383	PJ053	0.0955833882663151	sample_id	leiden_scvi_main
PJ053	3	88	3034	GBM	DS2_GSE141383	PJ053	0.02900461437046803	sample_id	leiden_scvi_main
PJ053	4	1110	3034	GBM	DS2_GSE141383	PJ053	0.36585365853658536	sample_id	leiden_scvi_main
PJ053	7	182	3034	GBM	DS2_GSE141383	PJ053	0.05998681608437706	sample_id	leiden_scvi_main
PJ053	8	199	3034	GBM	DS2_GSE141383	PJ053	0.06558998022412657	sample_id	leiden_scvi_main
PJ053	9	5	3034	GBM	DS2_GSE141383	PJ053	0.0016479894528675016	sample_id	leiden_scvi_main
PW016-703	0	190	1530	GBM	DS2_GSE141383	PW016-703	0.12418300653594772	sample_id	leiden_scvi_main
PW016-703	1	143	1530	GBM	DS2_GSE141383	PW016-703	0.0934640522875817	sample_id	leiden_scvi_main
PW016-703	11	247	1530	GBM	DS2_GSE141383	PW016-703	0.16143790849673204	sample_id	leiden_scvi_main
PW016-703	13	1	1530	GBM	DS2_GSE141383	PW016-703	0.00065359477124183	sample_id	leiden_scvi_main
PW016-703	2	406	1530	GBM	DS2_GSE141383	PW016-703	0.265359477124183	sample_id	leiden_scvi_main
PW016-703	3	125	1530	GBM	DS2_GSE141383	PW016-703	0.08169934640522876	sample_id	leiden_scvi_main
PW016-703	4	146	1530	GBM	DS2_GSE141383	PW016-703	0.09542483660130718	sample_id	leiden_scvi_main
PW016-703	5	2	1530	GBM	DS2_GSE141383	PW016-703	0.00130718954248366	sample_id	leiden_scvi_main
PW016-703	6	12	1530	GBM	DS2_GSE141383	PW016-703	0.00784313725490196	sample_id	leiden_scvi_main
PW016-703	7	173	1530	GBM	DS2_GSE141383	PW016-703	0.1130718954248366	sample_id	leiden_scvi_main
PW016-703	8	59	1530	GBM	DS2_GSE141383	PW016-703	0.038562091503267976	sample_id	leiden_scvi_main
PW016-703	9	26	1530	GBM	DS2_GSE141383	PW016-703	0.01699346405228758	sample_id	leiden_scvi_main
PW017-703	0	267	1514	GBM	DS2_GSE141383	PW017-703	0.1763540290620872	sample_id	leiden_scvi_main
PW017-703	1	238	1514	GBM	DS2_GSE141383	PW017-703	0.1571994715984148	sample_id	leiden_scvi_main
PW017-703	10	1	1514	GBM	DS2_GSE141383	PW017-703	0.0006605019815059445	sample_id	leiden_scvi_main
PW017-703	11	19	1514	GBM	DS2_GSE141383	PW017-703	0.012549537648612946	sample_id	leiden_scvi_main
PW017-703	12	3	1514	GBM	DS2_GSE141383	PW017-703	0.0019815059445178335	sample_id	leiden_scvi_main
PW017-703	13	7	1514	GBM	DS2_GSE141383	PW017-703	0.004623513870541612	sample_id	leiden_scvi_main
PW017-703	14	3	1514	GBM	DS2_GSE141383	PW017-703	0.0019815059445178335	sample_id	leiden_scvi_main
PW017-703	2	274	1514	GBM	DS2_GSE141383	PW017-703	0.1809775429326288	sample_id	leiden_scvi_main
PW017-703	3	146	1514	GBM	DS2_GSE141383	PW017-703	0.0964332892998679	sample_id	leiden_scvi_main
PW017-703	4	215	1514	GBM	DS2_GSE141383	PW017-703	0.14200792602377807	sample_id	leiden_scvi_main
PW017-703	5	3	1514	GBM	DS2_GSE141383	PW017-703	0.0019815059445178335	sample_id	leiden_scvi_main
PW017-703	6	13	1514	GBM	DS2_GSE141383	PW017-703	0.008586525759577279	sample_id	leiden_scvi_main
PW017-703	7	297	1514	GBM	DS2_GSE141383	PW017-703	0.19616908850726553	sample_id	leiden_scvi_main
PW017-703	8	10	1514	GBM	DS2_GSE141383	PW017-703	0.0066050198150594455	sample_id	leiden_scvi_main
PW017-703	9	18	1514	GBM	DS2_GSE141383	PW017-703	0.011889035667107	sample_id	leiden_scvi_main
PW032-706	0	2446	4746	GBM	DS2_GSE141383	PW032-706	0.5153813737884534	sample_id	leiden_scvi_main
PW032-706	1	6	4746	GBM	DS2_GSE141383	PW032-706	0.0012642225031605564	sample_id	leiden_scvi_main
PW032-706	11	13	4746	GBM	DS2_GSE141383	PW032-706	0.002739148756847872	sample_id	leiden_scvi_main
PW032-706	12	6	4746	GBM	DS2_GSE141383	PW032-706	0.0012642225031605564	sample_id	leiden_scvi_main
PW032-706	13	12	4746	GBM	DS2_GSE141383	PW032-706	0.0025284450063211127	sample_id	leiden_scvi_main
PW032-706	14	160	4746	GBM	DS2_GSE141383	PW032-706	0.0337126000842815	sample_id	leiden_scvi_main
PW032-706	2	1581	4746	GBM	DS2_GSE141383	PW032-706	0.3331226295828066	sample_id	leiden_scvi_main
PW032-706	3	9	4746	GBM	DS2_GSE141383	PW032-706	0.0018963337547408343	sample_id	leiden_scvi_main
PW032-706	4	86	4746	GBM	DS2_GSE141383	PW032-706	0.018120522545301308	sample_id	leiden_scvi_main
PW032-706	5	10	4746	GBM	DS2_GSE141383	PW032-706	0.002107037505267594	sample_id	leiden_scvi_main
PW032-706	7	407	4746	GBM	DS2_GSE141383	PW032-706	0.08575642646439106	sample_id	leiden_scvi_main
PW032-706	9	10	4746	GBM	DS2_GSE141383	PW032-706	0.002107037505267594	sample_id	leiden_scvi_main
PW032-710	0	153	979	GBM	DS2_GSE141383	PW032-710	0.15628192032686414	sample_id	leiden_scvi_main
PW032-710	1	194	979	GBM	DS2_GSE141383	PW032-710	0.19816138917262513	sample_id	leiden_scvi_main
PW032-710	12	5	979	GBM	DS2_GSE141383	PW032-710	0.005107252298263534	sample_id	leiden_scvi_main
PW032-710	13	29	979	GBM	DS2_GSE141383	PW032-710	0.0296220633299285	sample_id	leiden_scvi_main
PW032-710	14	21	979	GBM	DS2_GSE141383	PW032-710	0.021450459652706845	sample_id	leiden_scvi_main
PW032-710	17	1	979	GBM	DS2_GSE141383	PW032-710	0.0010214504596527069	sample_id	leiden_scvi_main
PW032-710	2	120	979	GBM	DS2_GSE141383	PW032-710	0.12257405515832483	sample_id	leiden_scvi_main
PW032-710	3	120	979	GBM	DS2_GSE141383	PW032-710	0.12257405515832483	sample_id	leiden_scvi_main
PW032-710	4	185	979	GBM	DS2_GSE141383	PW032-710	0.18896833503575078	sample_id	leiden_scvi_main
PW032-710	6	3	979	GBM	DS2_GSE141383	PW032-710	0.0030643513789581204	sample_id	leiden_scvi_main
PW032-710	7	78	979	GBM	DS2_GSE141383	PW032-710	0.07967313585291114	sample_id	leiden_scvi_main
PW032-710	8	65	979	GBM	DS2_GSE141383	PW032-710	0.06639427987742594	sample_id	leiden_scvi_main
PW032-710	9	5	979	GBM	DS2_GSE141383	PW032-710	0.005107252298263534	sample_id	leiden_scvi_main
PW035-710	0	594	953	GBM	DS2_GSE141383	PW035-710	0.6232948583420777	sample_id	leiden_scvi_main
PW035-710	1	16	953	GBM	DS2_GSE141383	PW035-710	0.016789087093389297	sample_id	leiden_scvi_main
PW035-710	12	2	953	GBM	DS2_GSE141383	PW035-710	0.002098635886673662	sample_id	leiden_scvi_main
PW035-710	14	1	953	GBM	DS2_GSE141383	PW035-710	0.001049317943336831	sample_id	leiden_scvi_main
PW035-710	17	1	953	GBM	DS2_GSE141383	PW035-710	0.001049317943336831	sample_id	leiden_scvi_main
PW035-710	2	184	953	GBM	DS2_GSE141383	PW035-710	0.1930745015739769	sample_id	leiden_scvi_main
PW035-710	3	2	953	GBM	DS2_GSE141383	PW035-710	0.002098635886673662	sample_id	leiden_scvi_main
PW035-710	4	7	953	GBM	DS2_GSE141383	PW035-710	0.007345225603357817	sample_id	leiden_scvi_main
PW035-710	5	6	953	GBM	DS2_GSE141383	PW035-710	0.0062959076600209865	sample_id	leiden_scvi_main
PW035-710	6	88	953	GBM	DS2_GSE141383	PW035-710	0.09233997901364113	sample_id	leiden_scvi_main
PW035-710	7	24	953	GBM	DS2_GSE141383	PW035-710	0.025183630640083946	sample_id	leiden_scvi_main
PW035-710	8	13	953	GBM	DS2_GSE141383	PW035-710	0.013641133263378805	sample_id	leiden_scvi_main
PW035-710	9	15	953	GBM	DS2_GSE141383	PW035-710	0.015739769150052464	sample_id	leiden_scvi_main
PW039-705	0	29	946	GBM	DS2_GSE141383	PW039-705	0.0306553911205074	sample_id	leiden_scvi_main
PW039-705	1	17	946	GBM	DS2_GSE141383	PW039-705	0.017970401691331923	sample_id	leiden_scvi_main
PW039-705	11	9	946	GBM	DS2_GSE141383	PW039-705	0.009513742071881607	sample_id	leiden_scvi_main
PW039-705	12	6	946	GBM	DS2_GSE141383	PW039-705	0.006342494714587738	sample_id	leiden_scvi_main
PW039-705	14	2	946	GBM	DS2_GSE141383	PW039-705	0.0021141649048625794	sample_id	leiden_scvi_main
PW039-705	17	1	946	GBM	DS2_GSE141383	PW039-705	0.0010570824524312897	sample_id	leiden_scvi_main
PW039-705	2	2	946	GBM	DS2_GSE141383	PW039-705	0.0021141649048625794	sample_id	leiden_scvi_main
PW039-705	3	159	946	GBM	DS2_GSE141383	PW039-705	0.16807610993657504	sample_id	leiden_scvi_main
PW039-705	4	428	946	GBM	DS2_GSE141383	PW039-705	0.452431289640592	sample_id	leiden_scvi_main
PW039-705	5	2	946	GBM	DS2_GSE141383	PW039-705	0.0021141649048625794	sample_id	leiden_scvi_main
PW039-705	6	2	946	GBM	DS2_GSE141383	PW039-705	0.0021141649048625794	sample_id	leiden_scvi_main
PW039-705	7	33	946	GBM	DS2_GSE141383	PW039-705	0.03488372093023256	sample_id	leiden_scvi_main
PW039-705	8	249	946	GBM	DS2_GSE141383	PW039-705	0.2632135306553911	sample_id	leiden_scvi_main
PW039-705	9	7	946	GBM	DS2_GSE141383	PW039-705	0.007399577167019027	sample_id	leiden_scvi_main
