condition	lr_pair	ligand	receptor	n_source_target_pairs	n_interaction_rows	min_rank	median_rank	top_source_target
GBM	TIMP1→CD63	TIMP1	CD63	51	51	4.677753269411934e-06	0.0031241387787879367	Mural_Pericyte_Fibroblast → Mural_Pericyte_Fibroblast;Mural_Pericyte_Fibroblast → Oligodendrocyte_myelinating;Mural_Pericyte_Fibroblast → Malignant_OPC_NPC_like_malignant;Mural_Pericyte_Fibroblast → Malignant_AC_like_reactive_malignant;Mural_Pericyte_Fibroblast → Malignant_hypoxia_stress_malignant
GBM	HLA-A→APLP2	HLA-A	APLP2	50	50	0.00017505627498306723	0.01290093993868566	Endothelial → Endothelial;Malignant_AC_like_reactive_malignant → Endothelial;Malignant_OPC_NPC_like_malignant → Endothelial;Endothelial → Malignant_AC_like_reactive_malignant;Endothelial → Malignant_hypoxia_stress_malignant
GBM	PTN→NCL	PTN	NCL	44	44	9.988561956200551e-05	0.003199220226964256	Mural_Pericyte_Fibroblast → Malignant_cycling_candidate;Malignant_OPC_NPC_like_malignant → Malignant_cycling_candidate;Mural_Pericyte_Fibroblast → Malignant_OPC_NPC_like_malignant;Malignant_OPC_NPC_like_malignant → Malignant_OPC_NPC_like_malignant;Malignant_cycling_candidate → Malignant_cycling_candidate
GBM	PTN→PTPRZ1	PTN	PTPRZ1	42	42	6.58006795662552e-07	0.002237881865763308	Mural_Pericyte_Fibroblast → Malignant_OPC_NPC_like_malignant;Malignant_OPC_NPC_like_malignant → Malignant_OPC_NPC_like_malignant;Malignant_cycling_candidate → Malignant_OPC_NPC_like_malignant;Mural_Pericyte_Fibroblast → Malignant_cycling_candidate;Malignant_OPC_NPC_like_malignant → Malignant_cycling_candidate
GBM	PTN→PTPRS	PTN	PTPRS	26	26	0.00022854844952161117	0.013845159394974202	Mural_Pericyte_Fibroblast → Malignant_NPC_neuronal_like_malignant;Malignant_OPC_NPC_like_malignant → Malignant_NPC_neuronal_like_malignant;Malignant_cycling_candidate → Malignant_NPC_neuronal_like_malignant;Malignant_AC_like_reactive_malignant → Malignant_NPC_neuronal_like_malignant;Mural_Pericyte_Fibroblast → Malignant_cycling_candidate
GBM	LGALS1→ITGB1	LGALS1	ITGB1	21	21	1.8275769411165346e-06	0.008819055224617846	Mural_Pericyte_Fibroblast → Mural_Pericyte_Fibroblast;Mural_Pericyte_Fibroblast → Endothelial;Malignant_hypoxia_stress_malignant → Mural_Pericyte_Fibroblast;Malignant_hypoxia_stress_malignant → Endothelial;Malignant_cycling_candidate → Mural_Pericyte_Fibroblast
GBM	MIF→EGFR	MIF	EGFR	20	20	0.001854002324211171	0.018047575237197813	Malignant_hypoxia_stress_malignant → Malignant_cycling_candidate;Oligodendrocyte_myelinating → Malignant_cycling_candidate;Malignant_hypoxia_stress_malignant → Malignant_OPC_NPC_like_malignant;Oligodendrocyte_myelinating → Malignant_OPC_NPC_like_malignant;Malignant_hypoxia_stress_malignant → Malignant_AC_like_reactive_malignant
GBM	GSTP1→EGFR	GSTP1	EGFR	20	20	0.00958009758321596	0.025964248530027656	Malignant_cycling_candidate → Malignant_cycling_candidate;Malignant_cycling_candidate → Malignant_OPC_NPC_like_malignant;Oligodendrocyte_myelinating → Malignant_cycling_candidate;Oligodendrocyte_myelinating → Malignant_OPC_NPC_like_malignant;Malignant_OPC_NPC_like_malignant → Malignant_cycling_candidate
GBM	MDK→PTPRZ1	MDK	PTPRZ1	16	16	0.003619733394289659	0.01329268300628386	Malignant_cycling_candidate → Malignant_OPC_NPC_like_malignant;Malignant_OPC_NPC_like_malignant → Malignant_OPC_NPC_like_malignant;Malignant_hypoxia_stress_malignant → Malignant_OPC_NPC_like_malignant;Malignant_NPC_neuronal_like_malignant → Malignant_OPC_NPC_like_malignant;Malignant_cycling_candidate → Malignant_cycling_candidate
GBM	PTN→SDC3	PTN	SDC3	16	16	0.004609499772002195	0.016864867259019617	Mural_Pericyte_Fibroblast → Malignant_AC_like_reactive_malignant;Malignant_OPC_NPC_like_malignant → Malignant_AC_like_reactive_malignant;Malignant_cycling_candidate → Malignant_AC_like_reactive_malignant;Mural_Pericyte_Fibroblast → Malignant_OPC_NPC_like_malignant;Malignant_OPC_NPC_like_malignant → Malignant_OPC_NPC_like_malignant
GBM	BCAN→EGFR	BCAN	EGFR	13	13	0.00286119597280699	0.013050816266872944	Malignant_OPC_NPC_like_malignant → Malignant_cycling_candidate;Malignant_OPC_NPC_like_malignant → Malignant_OPC_NPC_like_malignant;Malignant_AC_like_reactive_malignant → Malignant_cycling_candidate;Malignant_AC_like_reactive_malignant → Malignant_OPC_NPC_like_malignant;Malignant_cycling_candidate → Malignant_cycling_candidate
GBM	NCAM1→PTPRZ1	NCAM1	PTPRZ1	13	13	0.005837859201482925	0.01663176148629525	Malignant_NPC_neuronal_like_malignant → Malignant_OPC_NPC_like_malignant;Oligodendrocyte_myelinating → Malignant_OPC_NPC_like_malignant;Malignant_cycling_candidate → Malignant_OPC_NPC_like_malignant;Malignant_AC_like_reactive_malignant → Malignant_OPC_NPC_like_malignant;Malignant_NPC_neuronal_like_malignant → Malignant_cycling_candidate
GBM	VIM→CD44	VIM	CD44	12	12	0.00016799414177256006	0.0004910710877949075	Malignant_AC_like_reactive_malignant → Malignant_hypoxia_stress_malignant;Malignant_hypoxia_stress_malignant → Malignant_hypoxia_stress_malignant;Mural_Pericyte_Fibroblast → Malignant_hypoxia_stress_malignant;Malignant_AC_like_reactive_malignant → Malignant_AC_like_reactive_malignant;Malignant_hypoxia_stress_malignant → Malignant_AC_like_reactive_malignant
GBM	CALM1→PTPRA	CALM1	PTPRA	11	11	0.01893828620648131	0.033371279916527774	Endothelial → Malignant_AC_like_reactive_malignant;Endothelial → Malignant_OPC_NPC_like_malignant;Oligodendrocyte_myelinating → Malignant_AC_like_reactive_malignant;Malignant_NPC_neuronal_like_malignant → Malignant_AC_like_reactive_malignant;Malignant_OPC_NPC_like_malignant → Malignant_AC_like_reactive_malignant
GBM	BCAN→NRCAM	BCAN	NRCAM	10	10	0.01642926982774975	0.030262490268360382	Malignant_OPC_NPC_like_malignant → Malignant_AC_like_reactive_malignant;Malignant_OPC_NPC_like_malignant → Malignant_OPC_NPC_like_malignant;Malignant_AC_like_reactive_malignant → Malignant_AC_like_reactive_malignant;Malignant_OPC_NPC_like_malignant → Malignant_hypoxia_stress_malignant;Malignant_OPC_NPC_like_malignant → Malignant_cycling_candidate
GBM	SPARC→FGFR1	SPARC	FGFR1	10	10	0.01942789375506366	0.02709485189335646	Mural_Pericyte_Fibroblast → Malignant_hypoxia_stress_malignant;Endothelial → Malignant_hypoxia_stress_malignant;Mural_Pericyte_Fibroblast → Malignant_OPC_NPC_like_malignant;Mural_Pericyte_Fibroblast → Malignant_AC_like_reactive_malignant;Mural_Pericyte_Fibroblast → Malignant_cycling_candidate
GBM	CALM1→INSR	CALM1	INSR	9	9	0.001188865350542372	0.0047552454868397785	Endothelial → Endothelial;Oligodendrocyte_myelinating → Endothelial;Malignant_NPC_neuronal_like_malignant → Endothelial;Malignant_OPC_NPC_like_malignant → Endothelial;Malignant_cycling_candidate → Endothelial
GBM	TIMP2→ITGB1	TIMP2	ITGB1	8	8	0.009945773750050953	0.022591833453215186	Malignant_AC_like_reactive_malignant → Mural_Pericyte_Fibroblast;Oligodendrocyte_myelinating → Mural_Pericyte_Fibroblast;Mural_Pericyte_Fibroblast → Mural_Pericyte_Fibroblast;Malignant_OPC_NPC_like_malignant → Mural_Pericyte_Fibroblast;Malignant_cycling_candidate → Mural_Pericyte_Fibroblast
GBM	APOE→LRP1	APOE	LRP1	8	8	0.010588195455559142	0.030137892999751097	Malignant_AC_like_reactive_malignant → Malignant_AC_like_reactive_malignant;Malignant_AC_like_reactive_malignant → Malignant_OPC_NPC_like_malignant;Malignant_AC_like_reactive_malignant → Malignant_hypoxia_stress_malignant;Mural_Pericyte_Fibroblast → Malignant_AC_like_reactive_malignant;Mural_Pericyte_Fibroblast → Malignant_OPC_NPC_like_malignant
GBM	DCN→EGFR	DCN	EGFR	7	7	0.0009939708647461816	0.010211063687461093	Mural_Pericyte_Fibroblast → Malignant_cycling_candidate;Mural_Pericyte_Fibroblast → Malignant_OPC_NPC_like_malignant;Mural_Pericyte_Fibroblast → Malignant_AC_like_reactive_malignant;Mural_Pericyte_Fibroblast → Malignant_hypoxia_stress_malignant;Mural_Pericyte_Fibroblast → Malignant_NPC_neuronal_like_malignant
GBM	B2M→KLRC2	B2M	KLRC2	7	7	0.006377508626862059	0.011362452096031714	Endothelial → Malignant_NPC_neuronal_like_malignant;Oligodendrocyte_myelinating → Malignant_NPC_neuronal_like_malignant;Mural_Pericyte_Fibroblast → Malignant_NPC_neuronal_like_malignant;Malignant_AC_like_reactive_malignant → Malignant_NPC_neuronal_like_malignant;Malignant_OPC_NPC_like_malignant → Malignant_NPC_neuronal_like_malignant
GBM	SPARC→ENG	SPARC	ENG	6	6	3.220745325146535e-05	0.014758025493343202	Mural_Pericyte_Fibroblast → Endothelial;Endothelial → Endothelial;Malignant_AC_like_reactive_malignant → Endothelial;Mural_Pericyte_Fibroblast → Mural_Pericyte_Fibroblast;Endothelial → Mural_Pericyte_Fibroblast
GBM	LGALS3BP→ITGB1	LGALS3BP	ITGB1	6	6	0.00394773177940744	0.019844895322274913	Oligodendrocyte_myelinating → Mural_Pericyte_Fibroblast;Oligodendrocyte_myelinating → Endothelial;Mural_Pericyte_Fibroblast → Mural_Pericyte_Fibroblast;Malignant_AC_like_reactive_malignant → Mural_Pericyte_Fibroblast;Malignant_OPC_NPC_like_malignant → Mural_Pericyte_Fibroblast
GBM	SPP1→ITGAV_ITGB1	SPP1	ITGAV_ITGB1	6	6	0.0064626092289008195	0.027270801189867903	Oligodendrocyte_myelinating → Mural_Pericyte_Fibroblast;Oligodendrocyte_myelinating → Oligodendrocyte_myelinating;Oligodendrocyte_myelinating → Malignant_AC_like_reactive_malignant;Oligodendrocyte_myelinating → Malignant_cycling_candidate;Oligodendrocyte_myelinating → Malignant_OPC_NPC_like_malignant
GBM	FN1→ITGAV_ITGB1	FN1	ITGAV_ITGB1	6	6	0.009119778679037033	0.0365702695047614	Mural_Pericyte_Fibroblast → Mural_Pericyte_Fibroblast;Mural_Pericyte_Fibroblast → Oligodendrocyte_myelinating;Mural_Pericyte_Fibroblast → Malignant_AC_like_reactive_malignant;Mural_Pericyte_Fibroblast → Malignant_cycling_candidate;Mural_Pericyte_Fibroblast → Malignant_OPC_NPC_like_malignant
GBM	APP→CD74	APP	CD74	6	6	0.009528405234291375	0.020215342688734192	Oligodendrocyte_myelinating → Oligodendrocyte_myelinating;Endothelial → Oligodendrocyte_myelinating;Malignant_AC_like_reactive_malignant → Oligodendrocyte_myelinating;Malignant_OPC_NPC_like_malignant → Oligodendrocyte_myelinating;Malignant_hypoxia_stress_malignant → Oligodendrocyte_myelinating
GBM	COL4A1→CD47	COL4A1	CD47	5	5	0.0016960460121904259	0.024798023648056486	Mural_Pericyte_Fibroblast → Oligodendrocyte_myelinating;Mural_Pericyte_Fibroblast → Malignant_AC_like_reactive_malignant;Endothelial → Oligodendrocyte_myelinating;Mural_Pericyte_Fibroblast → Malignant_hypoxia_stress_malignant;Mural_Pericyte_Fibroblast → Malignant_cycling_candidate
GBM	PSAP→GPR37	PSAP	GPR37	5	5	0.0033984836265338117	0.027664425100288825	Oligodendrocyte_myelinating → Oligodendrocyte_myelinating;Malignant_AC_like_reactive_malignant → Oligodendrocyte_myelinating;Endothelial → Oligodendrocyte_myelinating;Malignant_hypoxia_stress_malignant → Oligodendrocyte_myelinating;Malignant_OPC_NPC_like_malignant → Oligodendrocyte_myelinating
GBM	FN1→ITGAV_ITGB8	FN1	ITGAV_ITGB8	5	5	0.007619194470762794	0.036860963591609605	Mural_Pericyte_Fibroblast → Malignant_AC_like_reactive_malignant;Mural_Pericyte_Fibroblast → Oligodendrocyte_myelinating;Mural_Pericyte_Fibroblast → Malignant_OPC_NPC_like_malignant;Mural_Pericyte_Fibroblast → Malignant_cycling_candidate;Mural_Pericyte_Fibroblast → Malignant_hypoxia_stress_malignant
GBM	A2M→LRP1	A2M	LRP1	5	5	0.010806691200710237	0.012279888140010745	Endothelial → Malignant_AC_like_reactive_malignant;Endothelial → Malignant_OPC_NPC_like_malignant;Endothelial → Malignant_hypoxia_stress_malignant;Endothelial → Malignant_cycling_candidate;Endothelial → Mural_Pericyte_Fibroblast
GBM	CALM1→AQP1	CALM1	AQP1	5	5	0.02116047481381612	0.033087948994596925	Endothelial → Malignant_AC_like_reactive_malignant;Oligodendrocyte_myelinating → Malignant_AC_like_reactive_malignant;Malignant_NPC_neuronal_like_malignant → Malignant_AC_like_reactive_malignant;Malignant_OPC_NPC_like_malignant → Malignant_AC_like_reactive_malignant;Malignant_cycling_candidate → Malignant_AC_like_reactive_malignant
GBM	FN1→MAG	FN1	MAG	4	4	7.312065472479462e-08	0.008437703720260946	Mural_Pericyte_Fibroblast → Oligodendrocyte_myelinating;Endothelial → Oligodendrocyte_myelinating;Malignant_hypoxia_stress_malignant → Oligodendrocyte_myelinating;Malignant_AC_like_reactive_malignant → Oligodendrocyte_myelinating
GBM	COL4A1→CD44	COL4A1	CD44	4	4	0.0015662008071912039	0.012775654377994015	Mural_Pericyte_Fibroblast → Malignant_hypoxia_stress_malignant;Mural_Pericyte_Fibroblast → Malignant_AC_like_reactive_malignant;Endothelial → Malignant_hypoxia_stress_malignant;Endothelial → Malignant_AC_like_reactive_malignant
GBM	PTN→PTPRB	PTN	PTPRB	4	4	0.010916756268287803	0.012494713372787108	Mural_Pericyte_Fibroblast → Endothelial;Malignant_OPC_NPC_like_malignant → Endothelial;Malignant_cycling_candidate → Endothelial;Malignant_AC_like_reactive_malignant → Endothelial
GBM	PTN→SDC2	PTN	SDC2	4	4	0.012632863715556365	0.0146500769795595	Mural_Pericyte_Fibroblast → Mural_Pericyte_Fibroblast;Malignant_OPC_NPC_like_malignant → Mural_Pericyte_Fibroblast;Malignant_cycling_candidate → Mural_Pericyte_Fibroblast;Malignant_AC_like_reactive_malignant → Mural_Pericyte_Fibroblast
GBM	PTN→SDC4	PTN	SDC4	4	4	0.01447060645343954	0.016912888468362502	Mural_Pericyte_Fibroblast → Malignant_hypoxia_stress_malignant;Malignant_OPC_NPC_like_malignant → Malignant_hypoxia_stress_malignant;Malignant_cycling_candidate → Malignant_hypoxia_stress_malignant;Malignant_AC_like_reactive_malignant → Malignant_hypoxia_stress_malignant
GBM	COL4A1→ITGAV_ITGB8	COL4A1	ITGAV_ITGB8	4	4	0.014578807855384748	0.023789222227750536	Malignant_hypoxia_stress_malignant → Malignant_NPC_neuronal_like_malignant;Mural_Pericyte_Fibroblast → Malignant_AC_like_reactive_malignant;Malignant_AC_like_reactive_malignant → Malignant_NPC_neuronal_like_malignant;Mural_Pericyte_Fibroblast → Oligodendrocyte_myelinating
GBM	PKM→CD44	PKM	CD44	4	4	0.01717760430348252	0.027286427995261337	Malignant_hypoxia_stress_malignant → Malignant_hypoxia_stress_malignant;Malignant_hypoxia_stress_malignant → Malignant_AC_like_reactive_malignant;Malignant_AC_like_reactive_malignant → Malignant_hypoxia_stress_malignant;Malignant_AC_like_reactive_malignant → Malignant_AC_like_reactive_malignant
GBM	MIF→CD44_CD74	MIF	CD44_CD74	4	4	0.019082724068691596	0.019778056446758167	Malignant_hypoxia_stress_malignant → Malignant_AC_like_reactive_malignant;Oligodendrocyte_myelinating → Malignant_AC_like_reactive_malignant;Malignant_hypoxia_stress_malignant → Malignant_hypoxia_stress_malignant;Oligodendrocyte_myelinating → Malignant_hypoxia_stress_malignant
GBM	VCAN→ITGB1	VCAN	ITGB1	4	4	0.028888355608403766	0.034846725455716696	Malignant_AC_like_reactive_malignant → Mural_Pericyte_Fibroblast;Malignant_OPC_NPC_like_malignant → Mural_Pericyte_Fibroblast;Malignant_cycling_candidate → Mural_Pericyte_Fibroblast;Malignant_hypoxia_stress_malignant → Mural_Pericyte_Fibroblast
GBM	CALM1→PDE1C	CALM1	PDE1C	4	4	0.035973051908642376	0.043043563011439925	Endothelial → Oligodendrocyte_myelinating;Oligodendrocyte_myelinating → Oligodendrocyte_myelinating;Malignant_NPC_neuronal_like_malignant → Oligodendrocyte_myelinating;Malignant_OPC_NPC_like_malignant → Oligodendrocyte_myelinating
GBM	SPP1→CD44	SPP1	CD44	3	3	5.7233575396173944e-05	0.0001053514555162594	Oligodendrocyte_myelinating → Malignant_hypoxia_stress_malignant;Oligodendrocyte_myelinating → Malignant_AC_like_reactive_malignant;Oligodendrocyte_myelinating → Mural_Pericyte_Fibroblast
GBM	FN1→CD44	FN1	CD44	3	3	0.00011671884510959305	0.0001610770290317175	Mural_Pericyte_Fibroblast → Malignant_hypoxia_stress_malignant;Mural_Pericyte_Fibroblast → Malignant_AC_like_reactive_malignant;Endothelial → Malignant_hypoxia_stress_malignant
GBM	TIMP1→FGFR2	TIMP1	FGFR2	3	3	0.0010628392492498988	0.024715999907229072	Mural_Pericyte_Fibroblast → Oligodendrocyte_myelinating;Malignant_hypoxia_stress_malignant → Oligodendrocyte_myelinating;Malignant_OPC_NPC_like_malignant → Oligodendrocyte_myelinating
GBM	PSEN1→NOTCH3	PSEN1	NOTCH3	3	3	0.0016222061348886182	0.017004008206777152	Malignant_hypoxia_stress_malignant → Malignant_hypoxia_stress_malignant;Malignant_cycling_candidate → Malignant_hypoxia_stress_malignant;Malignant_OPC_NPC_like_malignant → Malignant_hypoxia_stress_malignant
GBM	COL4A1→ITGA1_ITGB1	COL4A1	ITGA1_ITGB1	3	3	0.0026096738647350196	0.009018989893923034	Mural_Pericyte_Fibroblast → Mural_Pericyte_Fibroblast;Mural_Pericyte_Fibroblast → Endothelial;Endothelial → Mural_Pericyte_Fibroblast
GBM	PROS1→TYRO3	PROS1	TYRO3	3	3	0.005675162787492874	0.011343163841888122	Malignant_hypoxia_stress_malignant → Malignant_cycling_candidate;Malignant_hypoxia_stress_malignant → Malignant_AC_like_reactive_malignant;Malignant_hypoxia_stress_malignant → Malignant_OPC_NPC_like_malignant
GBM	MAML2→NOTCH3	MAML2	NOTCH3	3	3	0.008914897712580283	0.028304242344095426	Malignant_NPC_neuronal_like_malignant → Malignant_hypoxia_stress_malignant;Malignant_cycling_candidate → Malignant_hypoxia_stress_malignant;Malignant_hypoxia_stress_malignant → Malignant_hypoxia_stress_malignant
GBM	JAG1→CD46	JAG1	CD46	3	3	0.009724465494639158	0.02185046694316491	Malignant_AC_like_reactive_malignant → Malignant_cycling_candidate;Malignant_AC_like_reactive_malignant → Malignant_AC_like_reactive_malignant;Malignant_AC_like_reactive_malignant → Malignant_OPC_NPC_like_malignant
GBM	GDF11→ANTXR1	GDF11	ANTXR1	3	3	0.010533888230266292	0.046004035764303966	Malignant_OPC_NPC_like_malignant → Malignant_NPC_neuronal_like_malignant;Malignant_OPC_NPC_like_malignant → Malignant_OPC_NPC_like_malignant;Malignant_OPC_NPC_like_malignant → Malignant_cycling_candidate
GBM	PSAP→SORT1	PSAP	SORT1	3	3	0.011027365102534922	0.016767419681623513	Oligodendrocyte_myelinating → Oligodendrocyte_myelinating;Oligodendrocyte_myelinating → Endothelial;Malignant_AC_like_reactive_malignant → Oligodendrocyte_myelinating
GBM	APOE→ABCA1	APOE	ABCA1	3	3	0.011645422917866063	0.031780988755910185	Malignant_AC_like_reactive_malignant → Malignant_hypoxia_stress_malignant;Malignant_AC_like_reactive_malignant → Malignant_AC_like_reactive_malignant;Mural_Pericyte_Fibroblast → Malignant_hypoxia_stress_malignant
GBM	COL4A2→CD44	COL4A2	CD44	3	3	0.012047276915901654	0.013597900434154042	Mural_Pericyte_Fibroblast → Malignant_hypoxia_stress_malignant;Mural_Pericyte_Fibroblast → Malignant_AC_like_reactive_malignant;Endothelial → Malignant_hypoxia_stress_malignant
GBM	VEGFA→EGFR	VEGFA	EGFR	3	3	0.013475382119779014	0.014852686472311695	Malignant_hypoxia_stress_malignant → Malignant_cycling_candidate;Malignant_hypoxia_stress_malignant → Malignant_OPC_NPC_like_malignant;Malignant_hypoxia_stress_malignant → Malignant_AC_like_reactive_malignant
GBM	ANG→PLXNB2	ANG	PLXNB2	3	3	0.016195753732557373	0.01862007820465897	Malignant_hypoxia_stress_malignant → Malignant_cycling_candidate;Malignant_hypoxia_stress_malignant → Malignant_OPC_NPC_like_malignant;Malignant_hypoxia_stress_malignant → Malignant_AC_like_reactive_malignant
GBM	TNC→PTPRZ1	TNC	PTPRZ1	3	3	0.018794375832386377	0.022865527083324344	Malignant_hypoxia_stress_malignant → Malignant_OPC_NPC_like_malignant;Malignant_AC_like_reactive_malignant → Malignant_OPC_NPC_like_malignant;Malignant_hypoxia_stress_malignant → Malignant_cycling_candidate
GBM	PSAP→LRP1	PSAP	LRP1	3	3	0.03346597839994404	0.0339414025183206	Oligodendrocyte_myelinating → Malignant_AC_like_reactive_malignant;Oligodendrocyte_myelinating → Malignant_OPC_NPC_like_malignant;Oligodendrocyte_myelinating → Malignant_hypoxia_stress_malignant
GBM	VEGFA→ITGB1	VEGFA	ITGB1	2	2	0.0011339964135909082	0.005833953214536125	Malignant_hypoxia_stress_malignant → Mural_Pericyte_Fibroblast;Malignant_hypoxia_stress_malignant → Endothelial
GBM	JAG1→NOTCH3	JAG1	NOTCH3	2	2	0.004054418692185799	0.01779102469305275	Malignant_AC_like_reactive_malignant → Malignant_hypoxia_stress_malignant;Malignant_NPC_neuronal_like_malignant → Malignant_hypoxia_stress_malignant
GBM	VWF→ITGB1	VWF	ITGB1	2	2	0.004254907888927944	0.010958561629996295	Endothelial → Mural_Pericyte_Fibroblast;Endothelial → Endothelial
GBM	COL1A2→CD44	COL1A2	CD44	2	2	0.005015669776349137	0.005717829760286879	Mural_Pericyte_Fibroblast → Malignant_hypoxia_stress_malignant;Mural_Pericyte_Fibroblast → Malignant_AC_like_reactive_malignant
GBM	COL1A2→ITGA1_ITGB1	COL1A2	ITGA1_ITGB1	2	2	0.006808542260731864	0.011056548116082272	Mural_Pericyte_Fibroblast → Mural_Pericyte_Fibroblast;Mural_Pericyte_Fibroblast → Endothelial
GBM	ADO→ADORA1	ADO	ADORA1	2	2	0.00810518277977312	0.010533230353377806	Malignant_NPC_neuronal_like_malignant → Malignant_OPC_NPC_like_malignant;Malignant_NPC_neuronal_like_malignant → Malignant_AC_like_reactive_malignant
GBM	HSPG2→ITGB1	HSPG2	ITGB1	2	2	0.00847444593319738	0.01828653797243825	Endothelial → Mural_Pericyte_Fibroblast;Endothelial → Endothelial
GBM	FN1→SDC2	FN1	SDC2	2	2	0.009476847378965156	0.027724448450972303	Mural_Pericyte_Fibroblast → Mural_Pericyte_Fibroblast;Mural_Pericyte_Fibroblast → Malignant_hypoxia_stress_malignant
GBM	APOE→SDC2	APOE	SDC2	2	2	0.011931786065473243	0.02279377470644861	Malignant_AC_like_reactive_malignant → Mural_Pericyte_Fibroblast;Mural_Pericyte_Fibroblast → Mural_Pericyte_Fibroblast
GBM	COL4A2→ITGA1_ITGB1	COL4A2	ITGA1_ITGB1	2	2	0.013968688025830116	0.021783908131951545	Mural_Pericyte_Fibroblast → Mural_Pericyte_Fibroblast;Mural_Pericyte_Fibroblast → Endothelial
GBM	NID1→ITGB1	NID1	ITGB1	2	2	0.014155897587685318	0.022011850154575612	Mural_Pericyte_Fibroblast → Mural_Pericyte_Fibroblast;Endothelial → Mural_Pericyte_Fibroblast
GBM	APOE→SCARB1	APOE	SCARB1	2	2	0.017942065444855493	0.0324554287479917	Malignant_AC_like_reactive_malignant → Endothelial;Mural_Pericyte_Fibroblast → Endothelial
GBM	COL4A1→ITGA2_ITGB1	COL4A1	ITGA2_ITGB1	2	2	0.01942789375506366	0.030305851110145197	Malignant_hypoxia_stress_malignant → Oligodendrocyte_myelinating;Malignant_AC_like_reactive_malignant → Oligodendrocyte_myelinating
GBM	TXLNA→STX4	TXLNA	STX4	2	2	0.021043089154154947	0.029103019826278016	Malignant_cycling_candidate → Malignant_NPC_neuronal_like_malignant;Malignant_AC_like_reactive_malignant → Malignant_NPC_neuronal_like_malignant
GBM	GNAI2→EGFR	GNAI2	EGFR	2	2	0.021773127369812333	0.022838031287179324	Endothelial → Malignant_cycling_candidate;Endothelial → Malignant_OPC_NPC_like_malignant
GBM	COL4A2→ITGAV_ITGB8	COL4A2	ITGAV_ITGB8	2	2	0.023464784852446553	0.03389903798055918	Malignant_AC_like_reactive_malignant → Malignant_NPC_neuronal_like_malignant;Mural_Pericyte_Fibroblast → Malignant_AC_like_reactive_malignant
GBM	CALM3→EGFR	CALM3	EGFR	2	2	0.024389204843798373	0.025049060693346024	Malignant_cycling_candidate → Malignant_cycling_candidate;Malignant_cycling_candidate → Malignant_OPC_NPC_like_malignant
GBM	ADAM10→TSPAN12	ADAM10	TSPAN12	2	2	0.027498031338510157	0.03554630418778774	Malignant_hypoxia_stress_malignant → Malignant_hypoxia_stress_malignant;Malignant_cycling_candidate → Malignant_hypoxia_stress_malignant
GBM	COL3A1→DDR1	COL3A1	DDR1	2	2	0.027924559815095576	0.03629167763576623	Mural_Pericyte_Fibroblast → Malignant_AC_like_reactive_malignant;Mural_Pericyte_Fibroblast → Oligodendrocyte_myelinating
GBM	VEGFA→CD44	VEGFA	CD44	2	2	0.030771759329841563	0.03512778470893061	Malignant_hypoxia_stress_malignant → Malignant_hypoxia_stress_malignant;Malignant_hypoxia_stress_malignant → Malignant_AC_like_reactive_malignant
GBM	LAMA4→ITGA7_ITGB1	LAMA4	ITGA7_ITGB1	2	2	0.033943642202389906	0.03716178431057643	Malignant_AC_like_reactive_malignant → Malignant_hypoxia_stress_malignant;Malignant_hypoxia_stress_malignant → Malignant_hypoxia_stress_malignant
GBM	PSEN1→NOTCH1	PSEN1	NOTCH1	2	2	0.037967414988543835	0.04278851383658444	Malignant_hypoxia_stress_malignant → Malignant_NPC_neuronal_like_malignant;Malignant_hypoxia_stress_malignant → Malignant_AC_like_reactive_malignant
GBM	LAMA4→ITGAV_ITGB8	LAMA4	ITGAV_ITGB8	2	2	0.03877172969285209	0.040781430689084616	Malignant_AC_like_reactive_malignant → Malignant_NPC_neuronal_like_malignant;Malignant_hypoxia_stress_malignant → Malignant_NPC_neuronal_like_malignant
GBM	COL3A1→MAG	COL3A1	MAG	1	1	0.00018961535291575166	0.00018961535291575166	Mural_Pericyte_Fibroblast → Oligodendrocyte_myelinating
GBM	FN1→ROBO4	FN1	ROBO4	1	1	0.0007859776516003318	0.0007859776516003318	Mural_Pericyte_Fibroblast → Endothelial
GBM	FADD→FAS	FADD	FAS	1	1	0.000811176185901899	0.000811176185901899	Malignant_AC_like_reactive_malignant → Malignant_hypoxia_stress_malignant
GBM	TF→LDLR	TF	LDLR	1	1	0.002433089860142968	0.002433089860142968	Malignant_hypoxia_stress_malignant → Malignant_hypoxia_stress_malignant
GBM	THBS2→NOTCH3	THBS2	NOTCH3	1	1	0.003243827374847758	0.003243827374847758	Malignant_hypoxia_stress_malignant → Malignant_hypoxia_stress_malignant
GBM	SPP1→S1PR1	SPP1	S1PR1	1	1	0.00381485039121446	0.00381485039121446	Oligodendrocyte_myelinating → Endothelial
GBM	FSTL1→DIP2A	FSTL1	DIP2A	1	1	0.004864863825339901	0.004864863825339901	Malignant_cycling_candidate → Malignant_hypoxia_stress_malignant
GBM	COL4A1→CD93	COL4A1	CD93	1	1	0.005756915539682737	0.005756915539682737	Mural_Pericyte_Fibroblast → Endothelial
GBM	DLL1→NOTCH3	DLL1	NOTCH3	1	1	0.00648531559182753	0.00648531559182753	Malignant_NPC_neuronal_like_malignant → Malignant_hypoxia_stress_malignant
GBM	FN1→ITGA6	FN1	ITGA6	1	1	0.0069405473488907184	0.0069405473488907184	Mural_Pericyte_Fibroblast → Endothelial
GBM	FADD→TRADD	FADD	TRADD	1	1	0.007295322251526675	0.007295322251526675	Malignant_AC_like_reactive_malignant → Malignant_hypoxia_stress_malignant
GBM	TF→TFRC	TF	TFRC	1	1	0.007619194470762794	0.007619194470762794	Oligodendrocyte_myelinating → Endothelial
GBM	HBEGF→CD9	HBEGF	CD9	1	1	0.008918748672141243	0.008918748672141243	Endothelial → Oligodendrocyte_myelinating
GBM	MFGE8→ITGAV	MFGE8	ITGAV	1	1	0.012152294433066504	0.012152294433066504	Malignant_NPC_neuronal_like_malignant → Malignant_NPC_neuronal_like_malignant
GBM	COL1A2→CD93	COL1A2	CD93	1	1	0.012279888140010745	0.012279888140010745	Mural_Pericyte_Fibroblast → Endothelial
GBM	GDF11→BMPR1A	GDF11	BMPR1A	1	1	0.013770116426443399	0.013770116426443399	Malignant_OPC_NPC_like_malignant → Malignant_AC_like_reactive_malignant
GBM	ADAM9→ITGAV	ADAM9	ITGAV	1	1	0.015387354315859452	0.015387354315859452	Malignant_NPC_neuronal_like_malignant → Malignant_NPC_neuronal_like_malignant
GBM	LUM→ITGB1	LUM	ITGB1	1	1	0.018866263209565734	0.018866263209565734	Mural_Pericyte_Fibroblast → Mural_Pericyte_Fibroblast
GBM	PTDSS1→SCARB1	PTDSS1	SCARB1	1	1	0.02023556337194627	0.02023556337194627	Malignant_hypoxia_stress_malignant → Malignant_hypoxia_stress_malignant
GBM	COL9A3→MAG	COL9A3	MAG	1	1	0.02131284750844448	0.02131284750844448	Oligodendrocyte_myelinating → Oligodendrocyte_myelinating
GBM	COL4A2→CD93	COL4A2	CD93	1	1	0.021619173997368776	0.021619173997368776	Mural_Pericyte_Fibroblast → Endothelial
GBM	CALM3→INSR	CALM3	INSR	1	1	0.022082613316031337	0.022082613316031337	Malignant_cycling_candidate → Endothelial
GBM	SPP1→ITGA5_ITGB1	SPP1	ITGA5_ITGB1	1	1	0.022316107133936548	0.022316107133936548	Oligodendrocyte_myelinating → Endothelial
GBM	JAM2→ITGAV_ITGB1	JAM2	ITGAV_ITGB1	1	1	0.022657698838201182	0.022657698838201182	Malignant_NPC_neuronal_like_malignant → Malignant_NPC_neuronal_like_malignant
GBM	NLGN1→NRXN2	NLGN1	NRXN2	1	1	0.02467514141815389	0.02467514141815389	Malignant_hypoxia_stress_malignant → Malignant_hypoxia_stress_malignant
GBM	NRXN2→NLGN1	NRXN2	NLGN1	1	1	0.02467514141815389	0.02467514141815389	Malignant_hypoxia_stress_malignant → Malignant_hypoxia_stress_malignant
GBM	SPON2→ITGB1	SPON2	ITGB1	1	1	0.025127431280161358	0.025127431280161358	Mural_Pericyte_Fibroblast → Mural_Pericyte_Fibroblast
GBM	COL4A2→ITGA2_ITGB1	COL4A2	ITGA2_ITGB1	1	1	0.025885169825669796	0.025885169825669796	Malignant_AC_like_reactive_malignant → Oligodendrocyte_myelinating
GBM	FADD→ABCA1	FADD	ABCA1	1	1	0.026691672448202763	0.026691672448202763	Malignant_AC_like_reactive_malignant → Malignant_OPC_NPC_like_malignant
GBM	TGM2→ITGB1	TGM2	ITGB1	1	1	0.026891035799765116	0.026891035799765116	Endothelial → Mural_Pericyte_Fibroblast
GBM	COL1A2→ITGAV_ITGB8	COL1A2	ITGAV_ITGB8	1	1	0.027061991466240345	0.027061991466240345	Mural_Pericyte_Fibroblast → Malignant_AC_like_reactive_malignant
GBM	JAM3→ITGB1	JAM3	ITGB1	1	1	0.027577975315962427	0.027577975315962427	Oligodendrocyte_myelinating → Mural_Pericyte_Fibroblast
GBM	CLEC11A→ITGB1	CLEC11A	ITGB1	1	1	0.028011528307934734	0.028011528307934734	Mural_Pericyte_Fibroblast → Mural_Pericyte_Fibroblast
GBM	NAMPT→INSR	NAMPT	INSR	1	1	0.02844832162046726	0.02844832162046726	Malignant_hypoxia_stress_malignant → Endothelial
GBM	PTDSS1→JMJD6	PTDSS1	JMJD6	1	1	0.02911030756116935	0.02911030756116935	Malignant_hypoxia_stress_malignant → Malignant_AC_like_reactive_malignant
GBM	FBLN1→ITGB1	FBLN1	ITGB1	1	1	0.030227839623761438	0.030227839623761438	Mural_Pericyte_Fibroblast → Mural_Pericyte_Fibroblast
GBM	HMGB1→CXCR4	HMGB1	CXCR4	1	1	0.030771759329841563	0.030771759329841563	Malignant_cycling_candidate → Endothelial
GBM	FN1→ITGA5_ITGB1	FN1	ITGA5_ITGB1	1	1	0.031596334567509134	0.031596334567509134	Mural_Pericyte_Fibroblast → Endothelial
GBM	LAMB1→ITGA7_ITGB1	LAMB1	ITGA7_ITGB1	1	1	0.0323331128883997	0.0323331128883997	Malignant_hypoxia_stress_malignant → Malignant_hypoxia_stress_malignant
GBM	NLGN4X→NRXN1	NLGN4X	NRXN1	1	1	0.03474868726824977	0.03474868726824977	Malignant_hypoxia_stress_malignant → Malignant_hypoxia_stress_malignant
GBM	COL3A1→ITGA1_ITGB1	COL3A1	ITGA1_ITGB1	1	1	0.03528958074612468	0.03528958074612468	Mural_Pericyte_Fibroblast → Mural_Pericyte_Fibroblast
GBM	LAMB1→ITGAV_ITGB8	LAMB1	ITGAV_ITGB8	1	1	0.03555358872994764	0.03555358872994764	Malignant_hypoxia_stress_malignant → Malignant_NPC_neuronal_like_malignant
GBM	PSAP→GPR37L1	PSAP	GPR37L1	1	1	0.035679369931984534	0.035679369931984534	Oligodendrocyte_myelinating → Malignant_OPC_NPC_like_malignant
GBM	LGALS3→MCAM	LGALS3	MCAM	1	1	0.03745862303049432	0.03745862303049432	Malignant_hypoxia_stress_malignant → Mural_Pericyte_Fibroblast
GBM	APOE→LRP2	APOE	LRP2	1	1	0.0414545745030775	0.0414545745030775	Malignant_AC_like_reactive_malignant → Oligodendrocyte_myelinating
GBM	TIMP3→CD44	TIMP3	CD44	1	1	0.04187527212069117	0.04187527212069117	Endothelial → Malignant_hypoxia_stress_malignant
GBM	LAMB2→ITGA7_ITGB1	LAMB2	ITGA7_ITGB1	1	1	0.041987544933351786	0.041987544933351786	Malignant_OPC_NPC_like_malignant → Malignant_hypoxia_stress_malignant
GBM	CALM1→GRM3	CALM1	GRM3	1	1	0.043256431229183524	0.043256431229183524	Endothelial → Mural_Pericyte_Fibroblast
GBM	TIMP3→DDR1	TIMP3	DDR1	1	1	0.0437932943988021	0.0437932943988021	Endothelial → Malignant_AC_like_reactive_malignant
GBM	ADAM12→ITGB1	ADAM12	ITGB1	1	1	0.044333291108671805	0.044333291108671805	Mural_Pericyte_Fibroblast → Mural_Pericyte_Fibroblast
GBM	LGALS3→ENG	LGALS3	ENG	1	1	0.04455016285626928	0.04455016285626928	Malignant_hypoxia_stress_malignant → Endothelial
GBM	NLGN1→NRXN1	NLGN1	NRXN1	1	1	0.04479946803445148	0.04479946803445148	Malignant_hypoxia_stress_malignant → Malignant_hypoxia_stress_malignant
GBM	NRXN1→NLGN1	NRXN1	NLGN1	1	1	0.04479946803445148	0.04479946803445148	Malignant_hypoxia_stress_malignant → Malignant_hypoxia_stress_malignant
GBM	APOE→LSR	APOE	LSR	1	1	0.04619267990730197	0.04619267990730197	Malignant_AC_like_reactive_malignant → Endothelial
GBM	LAMB2→ITGAV_ITGB8	LAMB2	ITGAV_ITGB8	1	1	0.0468068948934955	0.0468068948934955	Malignant_OPC_NPC_like_malignant → Malignant_NPC_neuronal_like_malignant
GBM	FN1→FLT4	FN1	FLT4	1	1	0.0477510176834236	0.0477510176834236	Mural_Pericyte_Fibroblast → Endothelial
GBM	LAMB1→ITGA2_ITGB1	LAMB1	ITGA2_ITGB1	1	1	0.04841218500287878	0.04841218500287878	Malignant_hypoxia_stress_malignant → Oligodendrocyte_myelinating
GBM	ADM→RAMP1	ADM	RAMP1	1	1	0.04876568611998299	0.04876568611998299	Malignant_hypoxia_stress_malignant → Malignant_AC_like_reactive_malignant
GBM	TGFB1→ITGB1	TGFB1	ITGB1	1	1	0.04887904610362011	0.04887904610362011	Mural_Pericyte_Fibroblast → Mural_Pericyte_Fibroblast
LGG	CALM1→PTPRA	CALM1	PTPRA	36	36	0.0005549717929332744	0.003506409035078274	Malignant_NPC_neuronal_like_malignant → Malignant_AC_like_reactive_malignant;Malignant_NPC_neuronal_like_malignant → Malignant_cycling_candidate;Malignant_NPC_neuronal_like_malignant → Oligodendrocyte_myelinating;Malignant_NPC_neuronal_like_malignant → Malignant_OPC_NPC_like_malignant;Malignant_NPC_neuronal_like_malignant → Malignant_NPC_neuronal_like_malignant
LGG	PTN→NCL	PTN	NCL	35	35	0.0011613015671819425	0.008541350795912535	Malignant_cycling_candidate → Malignant_OPC_NPC_like_malignant;Malignant_cycling_candidate → Malignant_cycling_candidate;Malignant_cycling_candidate → Malignant_NPC_neuronal_like_malignant;Malignant_cycling_candidate → Malignant_AC_like_reactive_malignant;Malignant_cycling_candidate → Oligodendrocyte_myelinating
LGG	PTN→PTPRZ1	PTN	PTPRZ1	27	27	2.947986661446022e-07	0.0006753637694808727	Malignant_cycling_candidate → Malignant_OPC_NPC_like_malignant;Malignant_cycling_candidate → Malignant_cycling_candidate;Malignant_OPC_NPC_like_malignant → Malignant_OPC_NPC_like_malignant;Malignant_NPC_neuronal_like_malignant → Malignant_OPC_NPC_like_malignant;Malignant_AC_like_reactive_malignant → Malignant_OPC_NPC_like_malignant
LGG	MIF→EGFR	MIF	EGFR	27	27	0.0026303776517625803	0.009499795768597826	Oligodendrocyte_myelinating → Malignant_cycling_candidate;Malignant_OPC_NPC_like_malignant → Malignant_cycling_candidate;Malignant_cycling_candidate → Malignant_cycling_candidate;Oligodendrocyte_myelinating → Malignant_NPC_neuronal_like_malignant;Oligodendrocyte_myelinating → Malignant_OPC_NPC_like_malignant
LGG	NCAM1→PTPRZ1	NCAM1	PTPRZ1	24	24	1.1790523614791254e-06	0.0005872540572704824	Malignant_OPC_NPC_like_malignant → Malignant_OPC_NPC_like_malignant;Oligodendrocyte_myelinating → Malignant_OPC_NPC_like_malignant;Malignant_cycling_candidate → Malignant_OPC_NPC_like_malignant;Malignant_NPC_neuronal_like_malignant → Malignant_OPC_NPC_like_malignant;Malignant_OPC_NPC_like_malignant → Malignant_cycling_candidate
LGG	NCAM1→PTPRA	NCAM1	PTPRA	24	24	0.008590553094013903	0.02594799288545957	Malignant_OPC_NPC_like_malignant → Malignant_AC_like_reactive_malignant;Oligodendrocyte_myelinating → Malignant_AC_like_reactive_malignant;Malignant_cycling_candidate → Malignant_AC_like_reactive_malignant;Malignant_OPC_NPC_like_malignant → Malignant_cycling_candidate;Malignant_OPC_NPC_like_malignant → Oligodendrocyte_myelinating
LGG	GSTP1→EGFR	GSTP1	EGFR	23	23	0.011967796107581707	0.027273734571894033	Malignant_AC_like_reactive_malignant → Malignant_cycling_candidate;Malignant_cycling_candidate → Malignant_cycling_candidate;Oligodendrocyte_myelinating → Malignant_cycling_candidate;Malignant_OPC_NPC_like_malignant → Malignant_cycling_candidate;Malignant_AC_like_reactive_malignant → Malignant_NPC_neuronal_like_malignant
LGG	BCAN→EGFR	BCAN	EGFR	21	21	0.0004349879073723739	0.007040025958087812	Malignant_OPC_NPC_like_malignant → Malignant_cycling_candidate;Malignant_OPC_NPC_like_malignant → Malignant_NPC_neuronal_like_malignant;Malignant_OPC_NPC_like_malignant → Malignant_OPC_NPC_like_malignant;Malignant_OPC_NPC_like_malignant → Malignant_AC_like_reactive_malignant;Malignant_cycling_candidate → Malignant_cycling_candidate
LGG	BCAN→NRCAM	BCAN	NRCAM	17	17	0.0004578226493182429	0.005169965483581677	Malignant_OPC_NPC_like_malignant → Malignant_cycling_candidate;Malignant_OPC_NPC_like_malignant → Malignant_OPC_NPC_like_malignant;Malignant_OPC_NPC_like_malignant → Malignant_AC_like_reactive_malignant;Malignant_OPC_NPC_like_malignant → Malignant_NPC_neuronal_like_malignant;Malignant_cycling_candidate → Malignant_cycling_candidate
LGG	CNTN1→PTPRZ1	CNTN1	PTPRZ1	14	14	0.000718102692641429	0.0053167413387426345	Malignant_AC_like_reactive_malignant → Malignant_OPC_NPC_like_malignant;Malignant_OPC_NPC_like_malignant → Malignant_OPC_NPC_like_malignant;Malignant_AC_like_reactive_malignant → Malignant_cycling_candidate;Malignant_OPC_NPC_like_malignant → Malignant_cycling_candidate;Malignant_cycling_candidate → Malignant_OPC_NPC_like_malignant
LGG	CALM1→INSR	CALM1	INSR	14	14	0.0022334920546035987	0.01717252678286902	Malignant_NPC_neuronal_like_malignant → Endothelial;Oligodendrocyte_myelinating → Endothelial;Malignant_AC_like_reactive_malignant → Endothelial;Malignant_cycling_candidate → Endothelial;Endothelial → Endothelial
LGG	VCAN→EGFR	VCAN	EGFR	14	14	0.0028551512017879754	0.011921920396205455	Malignant_OPC_NPC_like_malignant → Malignant_cycling_candidate;Malignant_OPC_NPC_like_malignant → Malignant_NPC_neuronal_like_malignant;Malignant_OPC_NPC_like_malignant → Malignant_OPC_NPC_like_malignant;Malignant_cycling_candidate → Malignant_cycling_candidate;Malignant_cycling_candidate → Malignant_NPC_neuronal_like_malignant
LGG	VCAN→ITGB1	VCAN	ITGB1	12	12	0.0009020814326487647	0.022127693802144775	Malignant_OPC_NPC_like_malignant → Endothelial;Malignant_cycling_candidate → Endothelial;Malignant_AC_like_reactive_malignant → Endothelial;Malignant_NPC_neuronal_like_malignant → Endothelial;Malignant_OPC_NPC_like_malignant → Oligodendrocyte_myelinating
LGG	NCAM1→ROBO1	NCAM1	ROBO1	12	12	0.014457185901912261	0.026807139738949888	Malignant_OPC_NPC_like_malignant → Malignant_OPC_NPC_like_malignant;Oligodendrocyte_myelinating → Malignant_OPC_NPC_like_malignant;Malignant_OPC_NPC_like_malignant → Malignant_NPC_neuronal_like_malignant;Malignant_cycling_candidate → Malignant_OPC_NPC_like_malignant;Malignant_OPC_NPC_like_malignant → Malignant_cycling_candidate
LGG	MDK→PTPRZ1	MDK	PTPRZ1	10	10	0.007447915873076334	0.01908756119283938	Endothelial → Malignant_OPC_NPC_like_malignant;Malignant_cycling_candidate → Malignant_OPC_NPC_like_malignant;Endothelial → Malignant_cycling_candidate;Malignant_cycling_candidate → Malignant_cycling_candidate;Endothelial → Malignant_NPC_neuronal_like_malignant
LGG	B2M→KLRC2	B2M	KLRC2	9	9	0.0005677686221087166	0.00991823600035308	Endothelial → Malignant_NPC_neuronal_like_malignant;Endothelial → Malignant_OPC_NPC_like_malignant;Endothelial → Malignant_cycling_candidate;Malignant_AC_like_reactive_malignant → Malignant_NPC_neuronal_like_malignant;Oligodendrocyte_myelinating → Malignant_NPC_neuronal_like_malignant
LGG	APOE→SORL1	APOE	SORL1	8	8	1.656941935338745e-05	0.03973666620581026	Malignant_AC_like_reactive_malignant → Malignant_AC_like_reactive_malignant;Malignant_AC_like_reactive_malignant → Oligodendrocyte_myelinating;Endothelial → Malignant_AC_like_reactive_malignant;Malignant_AC_like_reactive_malignant → Malignant_cycling_candidate;Oligodendrocyte_myelinating → Malignant_AC_like_reactive_malignant
LGG	PSAP→SORT1	PSAP	SORT1	8	8	0.0019391042503690684	0.01398611338572588	Malignant_AC_like_reactive_malignant → Oligodendrocyte_myelinating;Oligodendrocyte_myelinating → Oligodendrocyte_myelinating;Malignant_AC_like_reactive_malignant → Endothelial;Endothelial → Oligodendrocyte_myelinating;Oligodendrocyte_myelinating → Endothelial
LGG	NCAM1→NCAM2	NCAM1	NCAM2	8	8	0.026247919412067344	0.03932964060655417	Malignant_OPC_NPC_like_malignant → Oligodendrocyte_myelinating;Oligodendrocyte_myelinating → Oligodendrocyte_myelinating;Malignant_OPC_NPC_like_malignant → Malignant_NPC_neuronal_like_malignant;Malignant_cycling_candidate → Oligodendrocyte_myelinating;Oligodendrocyte_myelinating → Malignant_NPC_neuronal_like_malignant
LGG	BSG→SLC16A1	BSG	SLC16A1	7	7	0.0005174519200700432	0.022255742693075405	Endothelial → Endothelial;Malignant_cycling_candidate → Endothelial;Malignant_OPC_NPC_like_malignant → Endothelial;Endothelial → Oligodendrocyte_myelinating;Oligodendrocyte_myelinating → Endothelial
LGG	APOE→LRP1	APOE	LRP1	6	6	0.00011764909812717658	0.002895227306622747	Malignant_AC_like_reactive_malignant → Malignant_OPC_NPC_like_malignant;Malignant_AC_like_reactive_malignant → Malignant_AC_like_reactive_malignant;Malignant_AC_like_reactive_malignant → Malignant_cycling_candidate;Malignant_AC_like_reactive_malignant → Malignant_NPC_neuronal_like_malignant;Malignant_AC_like_reactive_malignant → Oligodendrocyte_myelinating
LGG	CALM1→PDE1C	CALM1	PDE1C	6	6	0.0006614071363039924	0.002217432586077864	Malignant_NPC_neuronal_like_malignant → Oligodendrocyte_myelinating;Oligodendrocyte_myelinating → Oligodendrocyte_myelinating;Malignant_AC_like_reactive_malignant → Oligodendrocyte_myelinating;Malignant_cycling_candidate → Oligodendrocyte_myelinating;Endothelial → Oligodendrocyte_myelinating
LGG	APOE→ABCA1	APOE	ABCA1	6	6	0.0011248642738080313	0.040136389533164986	Malignant_AC_like_reactive_malignant → Malignant_AC_like_reactive_malignant;Malignant_AC_like_reactive_malignant → Endothelial;Malignant_AC_like_reactive_malignant → Oligodendrocyte_myelinating;Malignant_AC_like_reactive_malignant → Malignant_NPC_neuronal_like_malignant;Malignant_AC_like_reactive_malignant → Malignant_cycling_candidate
LGG	PTN→PTPRB	PTN	PTPRB	6	6	0.0011797363091215305	0.005306085545226222	Malignant_cycling_candidate → Endothelial;Malignant_OPC_NPC_like_malignant → Endothelial;Malignant_NPC_neuronal_like_malignant → Endothelial;Malignant_AC_like_reactive_malignant → Endothelial;Oligodendrocyte_myelinating → Endothelial
LGG	HLA-A→APLP2	HLA-A	APLP2	6	6	0.0011983150789873223	0.0015481841609775219	Endothelial → Malignant_OPC_NPC_like_malignant;Endothelial → Malignant_cycling_candidate;Endothelial → Malignant_NPC_neuronal_like_malignant;Endothelial → Malignant_AC_like_reactive_malignant;Endothelial → Endothelial
LGG	CALM1→GRM3	CALM1	GRM3	6	6	0.0014121803843517421	0.004935173562191066	Malignant_NPC_neuronal_like_malignant → Oligodendrocyte_myelinating;Oligodendrocyte_myelinating → Oligodendrocyte_myelinating;Malignant_AC_like_reactive_malignant → Oligodendrocyte_myelinating;Malignant_cycling_candidate → Oligodendrocyte_myelinating;Endothelial → Oligodendrocyte_myelinating
LGG	GNAI2→EDNRB	GNAI2	EDNRB	6	6	0.001665318255454021	0.014133182498472095	Endothelial → Malignant_AC_like_reactive_malignant;Oligodendrocyte_myelinating → Malignant_AC_like_reactive_malignant;Malignant_OPC_NPC_like_malignant → Malignant_AC_like_reactive_malignant;Malignant_cycling_candidate → Malignant_AC_like_reactive_malignant;Malignant_AC_like_reactive_malignant → Malignant_AC_like_reactive_malignant
LGG	APOE→LRP6	APOE	LRP6	6	6	0.0022845562728147904	0.008496711723832796	Malignant_AC_like_reactive_malignant → Malignant_OPC_NPC_like_malignant;Malignant_AC_like_reactive_malignant → Oligodendrocyte_myelinating;Malignant_AC_like_reactive_malignant → Malignant_cycling_candidate;Malignant_AC_like_reactive_malignant → Malignant_NPC_neuronal_like_malignant;Malignant_AC_like_reactive_malignant → Malignant_AC_like_reactive_malignant
LGG	CALM1→PDE1A	CALM1	PDE1A	6	6	0.0023883968218637868	0.006405413284826101	Malignant_NPC_neuronal_like_malignant → Oligodendrocyte_myelinating;Oligodendrocyte_myelinating → Oligodendrocyte_myelinating;Malignant_AC_like_reactive_malignant → Oligodendrocyte_myelinating;Malignant_cycling_candidate → Oligodendrocyte_myelinating;Endothelial → Oligodendrocyte_myelinating
LGG	PSAP→GPR37	PSAP	GPR37	6	6	0.0026029209574257414	0.02233537612331845	Malignant_AC_like_reactive_malignant → Oligodendrocyte_myelinating;Oligodendrocyte_myelinating → Oligodendrocyte_myelinating;Endothelial → Oligodendrocyte_myelinating;Malignant_OPC_NPC_like_malignant → Oligodendrocyte_myelinating;Malignant_NPC_neuronal_like_malignant → Oligodendrocyte_myelinating
LGG	CALM1→HMMR	CALM1	HMMR	6	6	0.007040025958087812	0.01391314656047927	Malignant_NPC_neuronal_like_malignant → Malignant_cycling_candidate;Oligodendrocyte_myelinating → Malignant_cycling_candidate;Malignant_AC_like_reactive_malignant → Malignant_cycling_candidate;Malignant_cycling_candidate → Malignant_cycling_candidate;Endothelial → Malignant_cycling_candidate
LGG	CALM1→ADCYAP1R1	CALM1	ADCYAP1R1	6	6	0.007084791352061833	0.014005510777209036	Malignant_NPC_neuronal_like_malignant → Malignant_AC_like_reactive_malignant;Oligodendrocyte_myelinating → Malignant_AC_like_reactive_malignant;Malignant_AC_like_reactive_malignant → Malignant_AC_like_reactive_malignant;Malignant_cycling_candidate → Malignant_AC_like_reactive_malignant;Endothelial → Malignant_AC_like_reactive_malignant
LGG	A2M→LRP1	A2M	LRP1	5	5	0.001106861591212492	0.00924274548987879	Endothelial → Malignant_OPC_NPC_like_malignant;Endothelial → Malignant_AC_like_reactive_malignant;Endothelial → Malignant_cycling_candidate;Endothelial → Malignant_NPC_neuronal_like_malignant;Endothelial → Oligodendrocyte_myelinating
LGG	SPP1→ITGAV_ITGB1	SPP1	ITGAV_ITGB1	5	5	0.0023103021703297934	0.012553872235868666	Oligodendrocyte_myelinating → Oligodendrocyte_myelinating;Oligodendrocyte_myelinating → Malignant_cycling_candidate;Oligodendrocyte_myelinating → Endothelial;Oligodendrocyte_myelinating → Malignant_OPC_NPC_like_malignant;Oligodendrocyte_myelinating → Malignant_AC_like_reactive_malignant
LGG	TIMP3→DDR1	TIMP3	DDR1	5	5	0.003000255179556246	0.00655679629642702	Endothelial → Oligodendrocyte_myelinating;Endothelial → Malignant_OPC_NPC_like_malignant;Endothelial → Malignant_AC_like_reactive_malignant;Endothelial → Malignant_cycling_candidate;Malignant_AC_like_reactive_malignant → Oligodendrocyte_myelinating
LGG	NCAM1→FGFR2	NCAM1	FGFR2	5	5	0.006007454784338475	0.008345926278468746	Malignant_OPC_NPC_like_malignant → Oligodendrocyte_myelinating;Oligodendrocyte_myelinating → Oligodendrocyte_myelinating;Malignant_cycling_candidate → Oligodendrocyte_myelinating;Malignant_NPC_neuronal_like_malignant → Oligodendrocyte_myelinating;Malignant_AC_like_reactive_malignant → Oligodendrocyte_myelinating
LGG	EDIL3→ITGAV	EDIL3	ITGAV	5	5	0.006600030192959819	0.013214293954483442	Oligodendrocyte_myelinating → Oligodendrocyte_myelinating;Oligodendrocyte_myelinating → Malignant_AC_like_reactive_malignant;Oligodendrocyte_myelinating → Malignant_cycling_candidate;Oligodendrocyte_myelinating → Malignant_OPC_NPC_like_malignant;Oligodendrocyte_myelinating → Endothelial
LGG	APOE→LRP4	APOE	LRP4	5	5	0.007174738388773565	0.0167624764868376	Malignant_AC_like_reactive_malignant → Malignant_OPC_NPC_like_malignant;Malignant_AC_like_reactive_malignant → Malignant_cycling_candidate;Malignant_AC_like_reactive_malignant → Malignant_NPC_neuronal_like_malignant;Malignant_AC_like_reactive_malignant → Malignant_AC_like_reactive_malignant;Malignant_AC_like_reactive_malignant → Oligodendrocyte_myelinating
LGG	GNAI2→EGFR	GNAI2	EGFR	5	5	0.009551619553113124	0.015754252637174743	Endothelial → Malignant_cycling_candidate;Endothelial → Malignant_NPC_neuronal_like_malignant;Endothelial → Malignant_OPC_NPC_like_malignant;Endothelial → Malignant_AC_like_reactive_malignant;Oligodendrocyte_myelinating → Malignant_cycling_candidate
LGG	APP→LRP1	APP	LRP1	5	5	0.019232533376104817	0.043269900662811125	Oligodendrocyte_myelinating → Malignant_OPC_NPC_like_malignant;Oligodendrocyte_myelinating → Malignant_AC_like_reactive_malignant;Malignant_NPC_neuronal_like_malignant → Malignant_OPC_NPC_like_malignant;Oligodendrocyte_myelinating → Malignant_cycling_candidate;Endothelial → Malignant_OPC_NPC_like_malignant
LGG	SEMA3B→NRP2_PLXNA2	SEMA3B	NRP2_PLXNA2	4	4	0.0008144059093187336	0.03286418682101011	Malignant_cycling_candidate → Malignant_cycling_candidate;Malignant_cycling_candidate → Malignant_AC_like_reactive_malignant;Malignant_AC_like_reactive_malignant → Malignant_cycling_candidate;Malignant_OPC_NPC_like_malignant → Malignant_cycling_candidate
LGG	APOE→LRP8	APOE	LRP8	4	4	0.0018455508852867819	0.026425402035822932	Malignant_AC_like_reactive_malignant → Endothelial;Malignant_AC_like_reactive_malignant → Malignant_NPC_neuronal_like_malignant;Malignant_AC_like_reactive_malignant → Malignant_OPC_NPC_like_malignant;Malignant_AC_like_reactive_malignant → Malignant_cycling_candidate
LGG	WNT5A→LRP5	WNT5A	LRP5	4	4	0.004070555773051125	0.007730003969411418	Malignant_cycling_candidate → Malignant_OPC_NPC_like_malignant;Malignant_cycling_candidate → Malignant_cycling_candidate;Malignant_AC_like_reactive_malignant → Malignant_OPC_NPC_like_malignant;Malignant_AC_like_reactive_malignant → Malignant_cycling_candidate
LGG	CNTN2→NRCAM	CNTN2	NRCAM	4	4	0.006513702673609378	0.009233877272641782	Oligodendrocyte_myelinating → Malignant_cycling_candidate;Oligodendrocyte_myelinating → Malignant_OPC_NPC_like_malignant;Oligodendrocyte_myelinating → Malignant_AC_like_reactive_malignant;Oligodendrocyte_myelinating → Malignant_NPC_neuronal_like_malignant
LGG	LAMB2→RPSA	LAMB2	RPSA	4	4	0.006730567044909704	0.01029702113495537	Endothelial → Malignant_OPC_NPC_like_malignant;Endothelial → Malignant_cycling_candidate;Endothelial → Malignant_NPC_neuronal_like_malignant;Endothelial → Malignant_AC_like_reactive_malignant
LGG	YBX1→NOTCH1	YBX1	NOTCH1	4	4	0.01045366238811861	0.03494235240407328	Malignant_cycling_candidate → Malignant_OPC_NPC_like_malignant;Malignant_OPC_NPC_like_malignant → Malignant_OPC_NPC_like_malignant;Malignant_cycling_candidate → Malignant_cycling_candidate;Malignant_AC_like_reactive_malignant → Malignant_OPC_NPC_like_malignant
LGG	WNT5A→ANTXR1	WNT5A	ANTXR1	4	4	0.013012813566407155	0.01991037443815203	Malignant_cycling_candidate → Oligodendrocyte_myelinating;Malignant_cycling_candidate → Endothelial;Malignant_AC_like_reactive_malignant → Oligodendrocyte_myelinating;Malignant_AC_like_reactive_malignant → Endothelial
LGG	PSAP→LRP1	PSAP	LRP1	4	4	0.025658251614302872	0.03526352742181286	Malignant_AC_like_reactive_malignant → Malignant_OPC_NPC_like_malignant;Oligodendrocyte_myelinating → Malignant_OPC_NPC_like_malignant;Malignant_AC_like_reactive_malignant → Malignant_AC_like_reactive_malignant;Oligodendrocyte_myelinating → Malignant_AC_like_reactive_malignant
LGG	LRPAP1→SORT1	LRPAP1	SORT1	4	4	0.029114229629602244	0.043463292828695654	Malignant_AC_like_reactive_malignant → Oligodendrocyte_myelinating;Endothelial → Oligodendrocyte_myelinating;Malignant_OPC_NPC_like_malignant → Oligodendrocyte_myelinating;Oligodendrocyte_myelinating → Oligodendrocyte_myelinating
LGG	APOE→SCARB1	APOE	SCARB1	3	3	0.0005937975947435177	0.022177570918030187	Malignant_AC_like_reactive_malignant → Endothelial;Malignant_AC_like_reactive_malignant → Malignant_OPC_NPC_like_malignant;Malignant_AC_like_reactive_malignant → Oligodendrocyte_myelinating
LGG	DLL3→NOTCH1	DLL3	NOTCH1	3	3	0.007356300389896143	0.035761003474717265	Malignant_OPC_NPC_like_malignant → Malignant_OPC_NPC_like_malignant;Malignant_cycling_candidate → Malignant_OPC_NPC_like_malignant;Malignant_OPC_NPC_like_malignant → Malignant_cycling_candidate
LGG	CNTN2→CNTN1	CNTN2	CNTN1	3	3	0.017312574745660832	0.018367165312708857	Oligodendrocyte_myelinating → Malignant_AC_like_reactive_malignant;Oligodendrocyte_myelinating → Malignant_OPC_NPC_like_malignant;Oligodendrocyte_myelinating → Malignant_cycling_candidate
LGG	WNT3→FZD3_LRP5	WNT3	FZD3_LRP5	2	2	0.0016286644148574233	0.0020357200378552705	Malignant_cycling_candidate → Malignant_OPC_NPC_like_malignant;Malignant_cycling_candidate → Malignant_cycling_candidate
LGG	DLL3→NOTCH4	DLL3	NOTCH4	2	2	0.0029127670540210833	0.009769531034680074	Malignant_OPC_NPC_like_malignant → Endothelial;Malignant_cycling_candidate → Endothelial
LGG	TIMP3→KDR	TIMP3	KDR	2	2	0.003148909174828871	0.022515990407347735	Endothelial → Endothelial;Malignant_AC_like_reactive_malignant → Endothelial
LGG	VIM→CD44	VIM	CD44	2	2	0.005402945985135619	0.01528044455361057	Endothelial → Malignant_AC_like_reactive_malignant;Malignant_AC_like_reactive_malignant → Malignant_AC_like_reactive_malignant
LGG	FADD→TRADD	FADD	TRADD	2	2	0.006511120715799905	0.010167991861824334	Malignant_cycling_candidate → Malignant_cycling_candidate;Malignant_OPC_NPC_like_malignant → Malignant_cycling_candidate
LGG	WNT5A→MCAM	WNT5A	MCAM	2	2	0.008137427785455816	0.012198777492120071	Malignant_cycling_candidate → Malignant_cycling_candidate;Malignant_AC_like_reactive_malignant → Malignant_cycling_candidate
LGG	TIMP2→ITGB1	TIMP2	ITGB1	2	2	0.008788743135671438	0.021020044310103042	Oligodendrocyte_myelinating → Endothelial;Malignant_OPC_NPC_like_malignant → Endothelial
LGG	EFNB1→EPHB3	EFNB1	EPHB3	2	2	0.008950360126561327	0.02353415515584668	Malignant_OPC_NPC_like_malignant → Malignant_cycling_candidate;Malignant_cycling_candidate → Malignant_cycling_candidate
LGG	SPARC→ENG	SPARC	ENG	2	2	0.00924274548987879	0.014164856458664976	Endothelial → Endothelial;Malignant_AC_like_reactive_malignant → Endothelial
LGG	F8→LDLR	F8	LDLR	2	2	0.012200617966052506	0.018689360028831366	Malignant_cycling_candidate → Malignant_cycling_candidate;Malignant_cycling_candidate → Oligodendrocyte_myelinating
LGG	APOE→LDLR	APOE	LDLR	2	2	0.014584456656914137	0.020586108222181924	Malignant_AC_like_reactive_malignant → Endothelial;Malignant_AC_like_reactive_malignant → Malignant_OPC_NPC_like_malignant
LGG	VCAN→CD44	VCAN	CD44	2	2	0.01582052477943826	0.021246786662026115	Malignant_OPC_NPC_like_malignant → Malignant_AC_like_reactive_malignant;Malignant_cycling_candidate → Malignant_AC_like_reactive_malignant
LGG	PTN→SDC3	PTN	SDC3	2	2	0.018869623731261994	0.031501789467327374	Malignant_cycling_candidate → Malignant_AC_like_reactive_malignant;Malignant_cycling_candidate → Malignant_OPC_NPC_like_malignant
LGG	TNC→PTPRZ1	TNC	PTPRZ1	2	2	0.026078788019634685	0.031814069082562055	Malignant_AC_like_reactive_malignant → Malignant_OPC_NPC_like_malignant;Malignant_AC_like_reactive_malignant → Malignant_cycling_candidate
LGG	COL16A1→ITGA2_ITGB1	COL16A1	ITGA2_ITGB1	2	2	0.030034951256105988	0.03569099590211074	Malignant_OPC_NPC_like_malignant → Endothelial;Malignant_AC_like_reactive_malignant → Endothelial
LGG	WNT5A→FZD8	WNT5A	FZD8	2	2	0.03165272683526715	0.03932251229448748	Malignant_cycling_candidate → Endothelial;Malignant_AC_like_reactive_malignant → Endothelial
LGG	NTN4→UNC5A	NTN4	UNC5A	2	2	0.03246139427272681	0.04012978444213641	Malignant_AC_like_reactive_malignant → Malignant_OPC_NPC_like_malignant;Oligodendrocyte_myelinating → Malignant_OPC_NPC_like_malignant
LGG	NTNG2→LRRC4	NTNG2	LRRC4	2	2	0.034886513257514504	0.036905979131354856	Malignant_AC_like_reactive_malignant → Oligodendrocyte_myelinating;Malignant_cycling_candidate → Oligodendrocyte_myelinating
LGG	COL20A1→ITGA2_ITGB1	COL20A1	ITGA2_ITGB1	2	2	0.03731031273020523	0.0413452063390554	Malignant_AC_like_reactive_malignant → Endothelial;Oligodendrocyte_myelinating → Endothelial
LGG	NLGN1→NRXN1	NLGN1	NRXN1	2	2	0.038713607316075704	0.03953756654679503	Malignant_OPC_NPC_like_malignant → Malignant_NPC_neuronal_like_malignant;Malignant_cycling_candidate → Malignant_NPC_neuronal_like_malignant
LGG	NRXN1→NLGN1	NRXN1	NLGN1	2	2	0.038713607316075704	0.03953756654679503	Malignant_NPC_neuronal_like_malignant → Malignant_OPC_NPC_like_malignant;Malignant_NPC_neuronal_like_malignant → Malignant_cycling_candidate
LGG	TIMP1→CD63	TIMP1	CD63	2	2	0.038968942750419455	0.04440031678105744	Endothelial → Malignant_AC_like_reactive_malignant;Endothelial → Endothelial
LGG	APOE→LSR	APOE	LSR	1	1	0.00023865555821982485	0.00023865555821982485	Malignant_AC_like_reactive_malignant → Endothelial
LGG	FN1→MAG	FN1	MAG	1	1	0.0008699724265251516	0.0008699724265251516	Endothelial → Oligodendrocyte_myelinating
LGG	TF→TFRC	TF	TFRC	1	1	0.0015151422850201274	0.0015151422850201274	Oligodendrocyte_myelinating → Endothelial
LGG	APOE→LRP2	APOE	LRP2	1	1	0.0015361654532464399	0.0015361654532464399	Malignant_AC_like_reactive_malignant → Oligodendrocyte_myelinating
LGG	EDN1→EDNRB	EDN1	EDNRB	1	1	0.002826557054080375	0.002826557054080375	Endothelial → Malignant_AC_like_reactive_malignant
LGG	FNDC5→ITGB5	FNDC5	ITGB5	1	1	0.0032567392679583333	0.0032567392679583333	Malignant_cycling_candidate → Oligodendrocyte_myelinating
LGG	APOD→LEPR	APOD	LEPR	1	1	0.003520143400275689	0.003520143400275689	Oligodendrocyte_myelinating → Endothelial
LGG	SPP1→CD44	SPP1	CD44	1	1	0.004719162691996677	0.004719162691996677	Oligodendrocyte_myelinating → Malignant_AC_like_reactive_malignant
LGG	SEMA3B→NRP2_PLXNA1	SEMA3B	NRP2_PLXNA1	1	1	0.005697746483583611	0.005697746483583611	Malignant_cycling_candidate → Malignant_cycling_candidate
LGG	VWF→ITGB1	VWF	ITGB1	1	1	0.007084791352061833	0.007084791352061833	Endothelial → Endothelial
LGG	SPP1→S1PR1	SPP1	S1PR1	1	1	0.0072199209038041525	0.0072199209038041525	Oligodendrocyte_myelinating → Endothelial
LGG	SEMA3D→NRP2_PLXNA2	SEMA3D	NRP2_PLXNA2	1	1	0.007324348160685873	0.007324348160685873	Malignant_cycling_candidate → Malignant_cycling_candidate
LGG	TIMP3→CD44	TIMP3	CD44	1	1	0.00893883458084804	0.00893883458084804	Endothelial → Malignant_AC_like_reactive_malignant
LGG	SEMA3B→NRP2_PLXNA4	SEMA3B	NRP2_PLXNA4	1	1	0.009763145720075066	0.009763145720075066	Malignant_cycling_candidate → Malignant_cycling_candidate
LGG	TF→LRP2	TF	LRP2	1	1	0.009812801385482286	0.009812801385482286	Oligodendrocyte_myelinating → Oligodendrocyte_myelinating
LGG	LGALS1→ITGB1	LGALS1	ITGB1	1	1	0.010726524174662556	0.010726524174662556	Endothelial → Endothelial
LGG	JAM3→ITGB1	JAM3	ITGB1	1	1	0.01145200069252781	0.01145200069252781	Oligodendrocyte_myelinating → Endothelial
LGG	FN1→ITGA6	FN1	ITGA6	1	1	0.012912060792439502	0.012912060792439502	Endothelial → Endothelial
LGG	JAG1→NOTCH4	JAG1	NOTCH4	1	1	0.014636765258822971	0.014636765258822971	Malignant_AC_like_reactive_malignant → Malignant_OPC_NPC_like_malignant
LGG	EFNA1→EPHB1	EFNA1	EPHB1	1	1	0.01544851928853281	0.01544851928853281	Malignant_cycling_candidate → Oligodendrocyte_myelinating
LGG	GNAI2→CAV1	GNAI2	CAV1	1	1	0.016355549765217553	0.016355549765217553	Endothelial → Endothelial
LGG	TGM2→ITGB1	TGM2	ITGB1	1	1	0.016558406104276467	0.016558406104276467	Endothelial → Endothelial
LGG	DLL3→NOTCH3	DLL3	NOTCH3	1	1	0.0174514441668586	0.0174514441668586	Malignant_OPC_NPC_like_malignant → Endothelial
LGG	WNT3→FZD8_LRP5	WNT3	FZD8_LRP5	1	1	0.017477262117582316	0.017477262117582316	Malignant_cycling_candidate → Endothelial
LGG	WNT3→FZD8_LRP6	WNT3	FZD8_LRP6	1	1	0.017477262117582316	0.017477262117582316	Malignant_cycling_candidate → Endothelial
LGG	SEMA5B→PLXNA1	SEMA5B	PLXNA1	1	1	0.01950508642556209	0.01950508642556209	Malignant_AC_like_reactive_malignant → Malignant_cycling_candidate
LGG	EDN1→ADGRL4	EDN1	ADGRL4	1	1	0.01982013180276174	0.01982013180276174	Endothelial → Endothelial
LGG	VCL→ITGB5	VCL	ITGB5	1	1	0.02031595871718913	0.02031595871718913	Malignant_OPC_NPC_like_malignant → Oligodendrocyte_myelinating
LGG	COL9A3→MAG	COL9A3	MAG	1	1	0.021403153087056436	0.021403153087056436	Oligodendrocyte_myelinating → Oligodendrocyte_myelinating
LGG	NELL2→ROBO3	NELL2	ROBO3	1	1	0.02193725997731632	0.02193725997731632	Malignant_cycling_candidate → Oligodendrocyte_myelinating
LGG	EDN3→EDNRB	EDN3	EDNRB	1	1	0.022727551743307452	0.022727551743307452	Endothelial → Malignant_AC_like_reactive_malignant
LGG	SEMA3D→NRP2_PLXNA1	SEMA3D	NRP2_PLXNA1	1	1	0.022747691058124634	0.022747691058124634	Malignant_cycling_candidate → Malignant_cycling_candidate
LGG	JAG1→NOTCH2	JAG1	NOTCH2	1	1	0.023557975095215768	0.023557975095215768	Malignant_AC_like_reactive_malignant → Oligodendrocyte_myelinating
LGG	CNTN2→NRP1	CNTN2	NRP1	1	1	0.0243346229444817	0.0243346229444817	Oligodendrocyte_myelinating → Endothelial
LGG	THBS2→NOTCH4	THBS2	NOTCH4	1	1	0.02436811210193065	0.02436811210193065	Malignant_AC_like_reactive_malignant → Malignant_OPC_NPC_like_malignant
LGG	LGALS3BP→ITGB1	LGALS3BP	ITGB1	1	1	0.024580234873932967	0.024580234873932967	Oligodendrocyte_myelinating → Endothelial
LGG	DLL3→NOTCH2	DLL3	NOTCH2	1	1	0.024827035738708318	0.024827035738708318	Malignant_OPC_NPC_like_malignant → Malignant_AC_like_reactive_malignant
LGG	THBS2→ITGA6	THBS2	ITGA6	1	1	0.02598794299423875	0.02598794299423875	Malignant_AC_like_reactive_malignant → Malignant_cycling_candidate
LGG	BTC→ERBB3	BTC	ERBB3	1	1	0.026797638990248663	0.026797638990248663	Malignant_cycling_candidate → Malignant_cycling_candidate
LGG	SEMA4B→DCBLD2	SEMA4B	DCBLD2	1	1	0.028416590064571784	0.028416590064571784	Malignant_cycling_candidate → Oligodendrocyte_myelinating
LGG	GNAI2→IGF1R	GNAI2	IGF1R	1	1	0.02902528121262	0.02902528121262	Endothelial → Endothelial
LGG	SEMA3D→NRP2_PLXNA4	SEMA3D	NRP2_PLXNA4	1	1	0.030843912500840523	0.030843912500840523	Malignant_cycling_candidate → Malignant_cycling_candidate
LGG	APOE→VLDLR	APOE	VLDLR	1	1	0.032215812389949465	0.032215812389949465	Malignant_AC_like_reactive_malignant → Oligodendrocyte_myelinating
LGG	APP→CD74	APP	CD74	1	1	0.03230930596069928	0.03230930596069928	Oligodendrocyte_myelinating → Endothelial
LGG	FN1→ROBO4	FN1	ROBO4	1	1	0.03296737438981639	0.03296737438981639	Endothelial → Endothelial
LGG	MDK→ITGA6_ITGB1	MDK	ITGA6_ITGB1	1	1	0.03326991482656044	0.03326991482656044	Oligodendrocyte_myelinating → Malignant_cycling_candidate
LGG	APP→TNFRSF21	APP	TNFRSF21	1	1	0.03372720866565837	0.03372720866565837	Oligodendrocyte_myelinating → Malignant_OPC_NPC_like_malignant
LGG	TGFB1→ITGB5	TGFB1	ITGB5	1	1	0.03407828851010898	0.03407828851010898	Malignant_AC_like_reactive_malignant → Oligodendrocyte_myelinating
LGG	WNT5A→LDLR	WNT5A	LDLR	1	1	0.03569459324089343	0.03569459324089343	Malignant_cycling_candidate → Malignant_cycling_candidate
LGG	CALM3→EGFR	CALM3	EGFR	1	1	0.03645153508580501	0.03645153508580501	Malignant_cycling_candidate → Malignant_cycling_candidate
LGG	HSPA8→LRP2	HSPA8	LRP2	1	1	0.03754935014548943	0.03754935014548943	Malignant_NPC_neuronal_like_malignant → Oligodendrocyte_myelinating
LGG	EFNB3→EPHB3	EFNB3	EPHB3	1	1	0.03973278889373915	0.03973278889373915	Malignant_cycling_candidate → Malignant_cycling_candidate
LGG	PROS1→AXL	PROS1	AXL	1	1	0.04053999017259082	0.04053999017259082	Malignant_OPC_NPC_like_malignant → Malignant_AC_like_reactive_malignant
LGG	APOE→SDC2	APOE	SDC2	1	1	0.042153944187519415	0.042153944187519415	Malignant_AC_like_reactive_malignant → Malignant_AC_like_reactive_malignant
LGG	COL11A1→ITGA2_ITGB1	COL11A1	ITGA2_ITGB1	1	1	0.042960705254988595	0.042960705254988595	Malignant_OPC_NPC_like_malignant → Endothelial
LGG	COL9A2→MAG	COL9A2	MAG	1	1	0.04359297220391249	0.04359297220391249	Oligodendrocyte_myelinating → Oligodendrocyte_myelinating
LGG	MDK→NOTCH2	MDK	NOTCH2	1	1	0.043767315461418585	0.043767315461418585	Oligodendrocyte_myelinating → Oligodendrocyte_myelinating
LGG	FN1→ITGAV_ITGB8	FN1	ITGAV_ITGB8	1	1	0.04380898819549316	0.04380898819549316	Endothelial → Oligodendrocyte_myelinating
LGG	GNAI2→UNC5B	GNAI2	UNC5B	1	1	0.044569009029462536	0.044569009029462536	Endothelial → Oligodendrocyte_myelinating
LGG	ITGB3BP→ITGB5	ITGB3BP	ITGB5	1	1	0.0445737831210859	0.0445737831210859	Malignant_OPC_NPC_like_malignant → Oligodendrocyte_myelinating
LGG	APP→TSPAN15	APP	TSPAN15	1	1	0.04478729743870509	0.04478729743870509	Oligodendrocyte_myelinating → Oligodendrocyte_myelinating
LGG	APOE→CHRNA4	APOE	CHRNA4	1	1	0.04538009994790557	0.04538009994790557	Malignant_AC_like_reactive_malignant → Malignant_OPC_NPC_like_malignant
LGG	PI16→MFAP3L	PI16	MFAP3L	1	1	0.04618627010530874	0.04618627010530874	Oligodendrocyte_myelinating → Malignant_cycling_candidate
LGG	SPON1→APP	SPON1	APP	1	1	0.046218443653155965	0.046218443653155965	Malignant_AC_like_reactive_malignant → Oligodendrocyte_myelinating
LGG	TF→LDLR	TF	LDLR	1	1	0.04632941845394992	0.04632941845394992	Oligodendrocyte_myelinating → Endothelial
LGG	RTN4→LINGO1	RTN4	LINGO1	1	1	0.04710972435257062	0.04710972435257062	Oligodendrocyte_myelinating → Malignant_OPC_NPC_like_malignant
LGG	ST6GAL1→EGFR	ST6GAL1	EGFR	1	1	0.04722169503856177	0.04722169503856177	Endothelial → Malignant_cycling_candidate
LGG	NCAM1→GFRA1	NCAM1	GFRA1	1	1	0.04823511291600996	0.04823511291600996	Malignant_OPC_NPC_like_malignant → Malignant_OPC_NPC_like_malignant
LGG	SLC6A8→LIFR	SLC6A8	LIFR	1	1	0.04834833747331038	0.04834833747331038	Oligodendrocyte_myelinating → Endothelial
LGG	FARP2→PLXNA2	FARP2	PLXNA2	1	1	0.04860390898555286	0.04860390898555286	Malignant_AC_like_reactive_malignant → Malignant_cycling_candidate
LGG	APP→LRP6	APP	LRP6	1	1	0.04891635702744806	0.04891635702744806	Oligodendrocyte_myelinating → Malignant_OPC_NPC_like_malignant
LGG	APP→GPC1	APP	GPC1	1	1	0.04925866842469569	0.04925866842469569	Oligodendrocyte_myelinating → Malignant_OPC_NPC_like_malignant
LGG	LTBP1→ITGB5	LTBP1	ITGB5	1	1	0.049409492597189665	0.049409492597189665	Malignant_AC_like_reactive_malignant → Oligodendrocyte_myelinating
LGG	NXPH1→NRXN1	NXPH1	NRXN1	1	1	0.049946675771520996	0.049946675771520996	Malignant_OPC_NPC_like_malignant → Malignant_NPC_neuronal_like_malignant
ndGBM	TIMP1→CD63	TIMP1	CD63	62	62	5.814829055943859e-07	0.00028686948865837877	Mural_Pericyte_Fibroblast → Mural_Pericyte_Fibroblast;Mural_Pericyte_Fibroblast → Malignant_OPC_NPC_like_malignant;Mural_Pericyte_Fibroblast → Malignant_cycling_candidate;Mural_Pericyte_Fibroblast → Malignant_AC_like_reactive_malignant;Mural_Pericyte_Fibroblast → Malignant_hypoxia_stress_malignant
ndGBM	PTN→NCL	PTN	NCL	56	56	1.652781253456744e-05	0.0021419438452906676	Malignant_cycling_candidate → Malignant_cycling_candidate;Malignant_OPC_NPC_like_malignant → Malignant_cycling_candidate;Malignant_AC_like_reactive_malignant → Malignant_cycling_candidate;Malignant_cycling_candidate → Malignant_OPC_NPC_like_malignant;Malignant_OPC_NPC_like_malignant → Malignant_OPC_NPC_like_malignant
ndGBM	HLA-A→APLP2	HLA-A	APLP2	55	55	0.000916562849640711	0.00961219075516015	Malignant_OPC_NPC_like_malignant → Endothelial;Endothelial → Endothelial;Malignant_cycling_candidate → Endothelial;Malignant_OPC_NPC_like_malignant → Malignant_AC_like_reactive_malignant;Malignant_hypoxia_stress_malignant → Endothelial
ndGBM	CALM1→PTPRA	CALM1	PTPRA	54	54	0.0009473917352828474	0.013626958517074805	Malignant_NPC_neuronal_like_malignant → Malignant_AC_like_reactive_malignant;Endothelial → Malignant_AC_like_reactive_malignant;Oligodendrocyte_myelinating → Malignant_AC_like_reactive_malignant;Malignant_NPC_neuronal_like_malignant → Malignant_OPC_NPC_like_malignant;Endothelial → Malignant_OPC_NPC_like_malignant
ndGBM	PTN→PTPRZ1	PTN	PTPRZ1	50	50	1.6154587202726065e-08	0.00010615184451991607	Malignant_cycling_candidate → Malignant_OPC_NPC_like_malignant;Malignant_cycling_candidate → Malignant_AC_like_reactive_malignant;Malignant_OPC_NPC_like_malignant → Malignant_OPC_NPC_like_malignant;Malignant_OPC_NPC_like_malignant → Malignant_AC_like_reactive_malignant;Malignant_AC_like_reactive_malignant → Malignant_OPC_NPC_like_malignant
ndGBM	LGALS1→ITGB1	LGALS1	ITGB1	46	46	4.666565727070322e-06	0.008743300792496038	Mural_Pericyte_Fibroblast → Mural_Pericyte_Fibroblast;Mural_Pericyte_Fibroblast → Endothelial;Malignant_hypoxia_stress_malignant → Mural_Pericyte_Fibroblast;Malignant_hypoxia_stress_malignant → Endothelial;Malignant_cycling_candidate → Mural_Pericyte_Fibroblast
ndGBM	PTN→SDC3	PTN	SDC3	31	31	0.0004065814369338184	0.013034137664032804	Malignant_cycling_candidate → Malignant_AC_like_reactive_malignant;Malignant_OPC_NPC_like_malignant → Malignant_AC_like_reactive_malignant;Malignant_AC_like_reactive_malignant → Malignant_AC_like_reactive_malignant;Malignant_cycling_candidate → Malignant_OPC_NPC_like_malignant;Malignant_OPC_NPC_like_malignant → Malignant_OPC_NPC_like_malignant
ndGBM	MDK→PTPRZ1	MDK	PTPRZ1	30	30	7.455744533801505e-05	0.002632321581778495	Malignant_cycling_candidate → Malignant_OPC_NPC_like_malignant;Malignant_cycling_candidate → Malignant_AC_like_reactive_malignant;Malignant_OPC_NPC_like_malignant → Malignant_OPC_NPC_like_malignant;Malignant_OPC_NPC_like_malignant → Malignant_AC_like_reactive_malignant;Malignant_cycling_candidate → Malignant_cycling_candidate
ndGBM	MIF→EGFR	MIF	EGFR	28	28	0.0003198992824890547	0.006996466818277208	Malignant_hypoxia_stress_malignant → Malignant_AC_like_reactive_malignant;Malignant_hypoxia_stress_malignant → Malignant_cycling_candidate;Oligodendrocyte_myelinating → Malignant_AC_like_reactive_malignant;Malignant_hypoxia_stress_malignant → Malignant_OPC_NPC_like_malignant;Oligodendrocyte_myelinating → Malignant_cycling_candidate
ndGBM	NCAM1→PTPRZ1	NCAM1	PTPRZ1	26	26	5.240322393230474e-05	0.0006660081854484323	Oligodendrocyte_myelinating → Malignant_OPC_NPC_like_malignant;Oligodendrocyte_myelinating → Malignant_AC_like_reactive_malignant;Malignant_NPC_neuronal_like_malignant → Malignant_OPC_NPC_like_malignant;Malignant_NPC_neuronal_like_malignant → Malignant_AC_like_reactive_malignant;Oligodendrocyte_myelinating → Malignant_cycling_candidate
ndGBM	MDK→NCL	MDK	NCL	25	25	0.007869571822906124	0.027179657618904077	Malignant_cycling_candidate → Malignant_cycling_candidate;Malignant_OPC_NPC_like_malignant → Malignant_cycling_candidate;Malignant_cycling_candidate → Malignant_OPC_NPC_like_malignant;Malignant_NPC_neuronal_like_malignant → Malignant_cycling_candidate;Malignant_OPC_NPC_like_malignant → Malignant_OPC_NPC_like_malignant
ndGBM	VIM→CD44	VIM	CD44	19	19	0.0005382197683214252	0.004013410834671355	Malignant_hypoxia_stress_malignant → Malignant_AC_like_reactive_malignant;Mural_Pericyte_Fibroblast → Malignant_AC_like_reactive_malignant;Endothelial → Malignant_AC_like_reactive_malignant;Malignant_AC_like_reactive_malignant → Malignant_AC_like_reactive_malignant;Malignant_cycling_candidate → Malignant_AC_like_reactive_malignant
ndGBM	GSTP1→EGFR	GSTP1	EGFR	18	18	0.003934423684384604	0.026587864578724398	Malignant_cycling_candidate → Malignant_AC_like_reactive_malignant;Malignant_cycling_candidate → Malignant_cycling_candidate;Malignant_OPC_NPC_like_malignant → Malignant_AC_like_reactive_malignant;Malignant_OPC_NPC_like_malignant → Malignant_cycling_candidate;Malignant_cycling_candidate → Malignant_OPC_NPC_like_malignant
ndGBM	CALM1→INSR	CALM1	INSR	15	15	0.00042724719005609045	0.009514955534212569	Malignant_NPC_neuronal_like_malignant → Endothelial;Endothelial → Endothelial;Oligodendrocyte_myelinating → Endothelial;Malignant_cycling_candidate → Endothelial;Malignant_AC_like_reactive_malignant → Endothelial
ndGBM	VEGFA→ITGB1	VEGFA	ITGB1	14	14	6.0009346133841676e-05	0.01183354512956758	Malignant_hypoxia_stress_malignant → Mural_Pericyte_Fibroblast;Malignant_hypoxia_stress_malignant → Endothelial;Malignant_hypoxia_stress_malignant → Oligodendrocyte_myelinating;Malignant_hypoxia_stress_malignant → Malignant_hypoxia_stress_malignant;Malignant_hypoxia_stress_malignant → Malignant_OPC_NPC_like_malignant
ndGBM	TNC→PTPRZ1	TNC	PTPRZ1	14	14	0.0011259962272609017	0.010181391636762748	Malignant_AC_like_reactive_malignant → Malignant_OPC_NPC_like_malignant;Malignant_AC_like_reactive_malignant → Malignant_AC_like_reactive_malignant;Malignant_AC_like_reactive_malignant → Malignant_cycling_candidate;Malignant_hypoxia_stress_malignant → Malignant_OPC_NPC_like_malignant;Malignant_hypoxia_stress_malignant → Malignant_AC_like_reactive_malignant
ndGBM	TIMP2→ITGB1	TIMP2	ITGB1	14	14	0.003763377364819076	0.01338982693842286	Oligodendrocyte_myelinating → Mural_Pericyte_Fibroblast;Mural_Pericyte_Fibroblast → Mural_Pericyte_Fibroblast;Oligodendrocyte_myelinating → Endothelial;Malignant_AC_like_reactive_malignant → Mural_Pericyte_Fibroblast;Mural_Pericyte_Fibroblast → Endothelial
ndGBM	VCAN→ITGB1	VCAN	ITGB1	14	14	0.00707275481196102	0.01675689447513669	Malignant_OPC_NPC_like_malignant → Mural_Pericyte_Fibroblast;Malignant_AC_like_reactive_malignant → Mural_Pericyte_Fibroblast;Malignant_cycling_candidate → Mural_Pericyte_Fibroblast;Mural_Pericyte_Fibroblast → Mural_Pericyte_Fibroblast;Malignant_OPC_NPC_like_malignant → Endothelial
ndGBM	BCAN→NRCAM	BCAN	NRCAM	14	14	0.01028114349325987	0.03250905366018036	Malignant_OPC_NPC_like_malignant → Malignant_AC_like_reactive_malignant;Malignant_cycling_candidate → Malignant_AC_like_reactive_malignant;Malignant_AC_like_reactive_malignant → Malignant_AC_like_reactive_malignant;Malignant_OPC_NPC_like_malignant → Malignant_OPC_NPC_like_malignant;Malignant_OPC_NPC_like_malignant → Malignant_hypoxia_stress_malignant
ndGBM	LAMB2→RPSA	LAMB2	RPSA	14	14	0.013090732303607515	0.024715800490519427	Endothelial → Malignant_cycling_candidate;Mural_Pericyte_Fibroblast → Malignant_cycling_candidate;Endothelial → Malignant_OPC_NPC_like_malignant;Mural_Pericyte_Fibroblast → Malignant_OPC_NPC_like_malignant;Endothelial → Mural_Pericyte_Fibroblast
ndGBM	MIF→CD44_CD74	MIF	CD44_CD74	13	13	0.006947469999385716	0.021383821143844607	Malignant_hypoxia_stress_malignant → Malignant_AC_like_reactive_malignant;Oligodendrocyte_myelinating → Malignant_AC_like_reactive_malignant;Malignant_hypoxia_stress_malignant → Mural_Pericyte_Fibroblast;Mural_Pericyte_Fibroblast → Malignant_AC_like_reactive_malignant;Malignant_cycling_candidate → Malignant_AC_like_reactive_malignant
ndGBM	B2M→KLRC2	B2M	KLRC2	13	13	0.008431514369205775	0.014188705823213826	Endothelial → Malignant_NPC_neuronal_like_malignant;Oligodendrocyte_myelinating → Malignant_NPC_neuronal_like_malignant;Mural_Pericyte_Fibroblast → Malignant_NPC_neuronal_like_malignant;Malignant_OPC_NPC_like_malignant → Malignant_NPC_neuronal_like_malignant;Malignant_AC_like_reactive_malignant → Malignant_NPC_neuronal_like_malignant
ndGBM	APOE→LRP1	APOE	LRP1	12	12	0.0007983139790302984	0.01225845454223326	Malignant_AC_like_reactive_malignant → Malignant_AC_like_reactive_malignant;Malignant_AC_like_reactive_malignant → Mural_Pericyte_Fibroblast;Malignant_AC_like_reactive_malignant → Malignant_OPC_NPC_like_malignant;Malignant_AC_like_reactive_malignant → Malignant_cycling_candidate;Malignant_AC_like_reactive_malignant → Malignant_hypoxia_stress_malignant
ndGBM	LGALS3BP→ITGB1	LGALS3BP	ITGB1	12	12	0.00367165835821465	0.01657704793732296	Oligodendrocyte_myelinating → Mural_Pericyte_Fibroblast;Oligodendrocyte_myelinating → Endothelial;Mural_Pericyte_Fibroblast → Mural_Pericyte_Fibroblast;Malignant_AC_like_reactive_malignant → Mural_Pericyte_Fibroblast;Malignant_OPC_NPC_like_malignant → Mural_Pericyte_Fibroblast
ndGBM	CALR→LRP1	CALR	LRP1	11	11	0.023403860974955542	0.040068217707841934	Malignant_cycling_candidate → Malignant_AC_like_reactive_malignant;Malignant_OPC_NPC_like_malignant → Malignant_AC_like_reactive_malignant;Mural_Pericyte_Fibroblast → Malignant_AC_like_reactive_malignant;Malignant_hypoxia_stress_malignant → Malignant_AC_like_reactive_malignant;Malignant_cycling_candidate → Mural_Pericyte_Fibroblast
ndGBM	PSAP→SORT1	PSAP	SORT1	10	10	0.0024425233119965326	0.020600450315893692	Oligodendrocyte_myelinating → Oligodendrocyte_myelinating;Oligodendrocyte_myelinating → Endothelial;Malignant_AC_like_reactive_malignant → Oligodendrocyte_myelinating;Endothelial → Oligodendrocyte_myelinating;Malignant_hypoxia_stress_malignant → Oligodendrocyte_myelinating
ndGBM	APOE→ABCA1	APOE	ABCA1	10	10	0.004673117972299499	0.024389437477291193	Malignant_AC_like_reactive_malignant → Malignant_hypoxia_stress_malignant;Malignant_AC_like_reactive_malignant → Malignant_AC_like_reactive_malignant;Malignant_AC_like_reactive_malignant → Oligodendrocyte_myelinating;Malignant_AC_like_reactive_malignant → Mural_Pericyte_Fibroblast;Mural_Pericyte_Fibroblast → Malignant_hypoxia_stress_malignant
ndGBM	ADAM9→ITGB1	ADAM9	ITGB1	10	10	0.012254314202760744	0.027066878163748816	Malignant_AC_like_reactive_malignant → Mural_Pericyte_Fibroblast;Malignant_OPC_NPC_like_malignant → Mural_Pericyte_Fibroblast;Malignant_cycling_candidate → Mural_Pericyte_Fibroblast;Malignant_AC_like_reactive_malignant → Endothelial;Malignant_hypoxia_stress_malignant → Mural_Pericyte_Fibroblast
ndGBM	APP→LRP1	APP	LRP1	10	10	0.01247473259044786	0.024027151009418057	Oligodendrocyte_myelinating → Malignant_AC_like_reactive_malignant;Endothelial → Malignant_AC_like_reactive_malignant;Oligodendrocyte_myelinating → Mural_Pericyte_Fibroblast;Oligodendrocyte_myelinating → Malignant_OPC_NPC_like_malignant;Endothelial → Mural_Pericyte_Fibroblast
ndGBM	SPARC→ENG	SPARC	ENG	9	9	0.00012197704435892504	0.01948617142405436	Endothelial → Endothelial;Mural_Pericyte_Fibroblast → Endothelial;Malignant_AC_like_reactive_malignant → Endothelial;Endothelial → Mural_Pericyte_Fibroblast;Mural_Pericyte_Fibroblast → Mural_Pericyte_Fibroblast
ndGBM	PTN→SDC2	PTN	SDC2	9	9	0.0010510815011142264	0.03002999267544304	Malignant_cycling_candidate → Mural_Pericyte_Fibroblast;Malignant_OPC_NPC_like_malignant → Mural_Pericyte_Fibroblast;Malignant_AC_like_reactive_malignant → Mural_Pericyte_Fibroblast;Malignant_hypoxia_stress_malignant → Mural_Pericyte_Fibroblast;Mural_Pericyte_Fibroblast → Mural_Pericyte_Fibroblast
ndGBM	COL4A1→ITGAV_ITGB8	COL4A1	ITGAV_ITGB8	9	9	0.0062780432548417255	0.019348992131761944	Mural_Pericyte_Fibroblast → Malignant_AC_like_reactive_malignant;Mural_Pericyte_Fibroblast → Malignant_OPC_NPC_like_malignant;Mural_Pericyte_Fibroblast → Oligodendrocyte_myelinating;Mural_Pericyte_Fibroblast → Malignant_cycling_candidate;Endothelial → Malignant_AC_like_reactive_malignant
ndGBM	BCAN→EGFR	BCAN	EGFR	9	9	0.009370008334088742	0.014336373687744108	Malignant_OPC_NPC_like_malignant → Malignant_AC_like_reactive_malignant;Malignant_cycling_candidate → Malignant_AC_like_reactive_malignant;Malignant_AC_like_reactive_malignant → Malignant_AC_like_reactive_malignant;Malignant_OPC_NPC_like_malignant → Malignant_cycling_candidate;Malignant_cycling_candidate → Malignant_cycling_candidate
ndGBM	CNTN1→PTPRZ1	CNTN1	PTPRZ1	9	9	0.010894190898181335	0.01673588804179167	Malignant_OPC_NPC_like_malignant → Malignant_OPC_NPC_like_malignant;Malignant_OPC_NPC_like_malignant → Malignant_AC_like_reactive_malignant;Malignant_OPC_NPC_like_malignant → Malignant_cycling_candidate;Malignant_cycling_candidate → Malignant_OPC_NPC_like_malignant;Malignant_cycling_candidate → Malignant_AC_like_reactive_malignant
ndGBM	SPARC→FGFR1	SPARC	FGFR1	9	9	0.02332886717957746	0.03248700400562476	Endothelial → Endothelial;Endothelial → Malignant_hypoxia_stress_malignant;Mural_Pericyte_Fibroblast → Endothelial;Mural_Pericyte_Fibroblast → Malignant_hypoxia_stress_malignant;Endothelial → Malignant_AC_like_reactive_malignant
ndGBM	VWF→ITGB1	VWF	ITGB1	8	8	0.0002678565233585835	0.025182558955461346	Endothelial → Mural_Pericyte_Fibroblast;Endothelial → Endothelial;Endothelial → Oligodendrocyte_myelinating;Endothelial → Malignant_hypoxia_stress_malignant;Endothelial → Malignant_OPC_NPC_like_malignant
ndGBM	COL4A1→CD47	COL4A1	CD47	8	8	0.0023563206165094727	0.015408461032738238	Mural_Pericyte_Fibroblast → Oligodendrocyte_myelinating;Endothelial → Oligodendrocyte_myelinating;Mural_Pericyte_Fibroblast → Malignant_cycling_candidate;Mural_Pericyte_Fibroblast → Malignant_OPC_NPC_like_malignant;Mural_Pericyte_Fibroblast → Malignant_AC_like_reactive_malignant
ndGBM	FARP2→PLXNA1	FARP2	PLXNA1	8	8	0.007619689203964211	0.03588947442219498	Endothelial → Endothelial;Endothelial → Malignant_AC_like_reactive_malignant;Malignant_NPC_neuronal_like_malignant → Endothelial;Endothelial → Malignant_cycling_candidate;Mural_Pericyte_Fibroblast → Endothelial
ndGBM	PSAP→LRP1	PSAP	LRP1	8	8	0.009178438927183846	0.022110672810800248	Oligodendrocyte_myelinating → Malignant_AC_like_reactive_malignant;Oligodendrocyte_myelinating → Mural_Pericyte_Fibroblast;Oligodendrocyte_myelinating → Malignant_OPC_NPC_like_malignant;Oligodendrocyte_myelinating → Malignant_cycling_candidate;Oligodendrocyte_myelinating → Malignant_hypoxia_stress_malignant
ndGBM	PTN→PTPRB	PTN	PTPRB	7	7	0.00013935793635910234	0.002882976223149729	Malignant_cycling_candidate → Endothelial;Malignant_OPC_NPC_like_malignant → Endothelial;Malignant_AC_like_reactive_malignant → Endothelial;Malignant_hypoxia_stress_malignant → Endothelial;Mural_Pericyte_Fibroblast → Endothelial
ndGBM	PSAP→GPR37	PSAP	GPR37	7	7	0.0011947350273869691	0.013895601213278597	Oligodendrocyte_myelinating → Oligodendrocyte_myelinating;Malignant_AC_like_reactive_malignant → Oligodendrocyte_myelinating;Endothelial → Oligodendrocyte_myelinating;Malignant_hypoxia_stress_malignant → Oligodendrocyte_myelinating;Mural_Pericyte_Fibroblast → Oligodendrocyte_myelinating
ndGBM	SPP1→ITGAV_ITGB1	SPP1	ITGAV_ITGB1	7	7	0.0017958448873691864	0.0027760969234771416	Oligodendrocyte_myelinating → Malignant_OPC_NPC_like_malignant;Oligodendrocyte_myelinating → Oligodendrocyte_myelinating;Oligodendrocyte_myelinating → Malignant_cycling_candidate;Oligodendrocyte_myelinating → Mural_Pericyte_Fibroblast;Oligodendrocyte_myelinating → Malignant_AC_like_reactive_malignant
ndGBM	FN1→ITGAV_ITGB1	FN1	ITGAV_ITGB1	7	7	0.0025429144631466992	0.0035660638812348147	Mural_Pericyte_Fibroblast → Malignant_OPC_NPC_like_malignant;Mural_Pericyte_Fibroblast → Oligodendrocyte_myelinating;Mural_Pericyte_Fibroblast → Malignant_cycling_candidate;Mural_Pericyte_Fibroblast → Mural_Pericyte_Fibroblast;Mural_Pericyte_Fibroblast → Malignant_AC_like_reactive_malignant
ndGBM	CALM1→PDE1C	CALM1	PDE1C	7	7	0.0033594350795706973	0.015207471182391928	Malignant_NPC_neuronal_like_malignant → Oligodendrocyte_myelinating;Endothelial → Oligodendrocyte_myelinating;Oligodendrocyte_myelinating → Oligodendrocyte_myelinating;Malignant_cycling_candidate → Oligodendrocyte_myelinating;Malignant_AC_like_reactive_malignant → Oligodendrocyte_myelinating
ndGBM	VEGFA→ITGAV	VEGFA	ITGAV	7	7	0.004353596241503961	0.01050900595484196	Malignant_hypoxia_stress_malignant → Malignant_AC_like_reactive_malignant;Malignant_hypoxia_stress_malignant → Malignant_OPC_NPC_like_malignant;Malignant_hypoxia_stress_malignant → Oligodendrocyte_myelinating;Malignant_hypoxia_stress_malignant → Malignant_cycling_candidate;Malignant_hypoxia_stress_malignant → Mural_Pericyte_Fibroblast
ndGBM	CALM1→GRM3	CALM1	GRM3	7	7	0.006062298163607595	0.02336634959759683	Malignant_NPC_neuronal_like_malignant → Oligodendrocyte_myelinating;Endothelial → Oligodendrocyte_myelinating;Oligodendrocyte_myelinating → Oligodendrocyte_myelinating;Malignant_cycling_candidate → Oligodendrocyte_myelinating;Malignant_AC_like_reactive_malignant → Oligodendrocyte_myelinating
ndGBM	LAMA2→RPSA	LAMA2	RPSA	7	7	0.0062385413173059335	0.015146594726902218	Mural_Pericyte_Fibroblast → Malignant_cycling_candidate;Mural_Pericyte_Fibroblast → Malignant_OPC_NPC_like_malignant;Mural_Pericyte_Fibroblast → Mural_Pericyte_Fibroblast;Mural_Pericyte_Fibroblast → Malignant_NPC_neuronal_like_malignant;Mural_Pericyte_Fibroblast → Malignant_hypoxia_stress_malignant
ndGBM	EDIL3→ITGAV	EDIL3	ITGAV	7	7	0.007737528640822755	0.017282710986681656	Oligodendrocyte_myelinating → Malignant_AC_like_reactive_malignant;Oligodendrocyte_myelinating → Malignant_OPC_NPC_like_malignant;Oligodendrocyte_myelinating → Oligodendrocyte_myelinating;Oligodendrocyte_myelinating → Malignant_cycling_candidate;Oligodendrocyte_myelinating → Mural_Pericyte_Fibroblast
ndGBM	CALM1→AQP1	CALM1	AQP1	7	7	0.009394090710967452	0.02807367091469338	Malignant_NPC_neuronal_like_malignant → Malignant_AC_like_reactive_malignant;Endothelial → Malignant_AC_like_reactive_malignant;Oligodendrocyte_myelinating → Malignant_AC_like_reactive_malignant;Malignant_cycling_candidate → Malignant_AC_like_reactive_malignant;Malignant_AC_like_reactive_malignant → Malignant_AC_like_reactive_malignant
ndGBM	TIMP1→FGFR2	TIMP1	FGFR2	6	6	4.87930814450101e-05	0.0028340603448813255	Mural_Pericyte_Fibroblast → Oligodendrocyte_myelinating;Malignant_hypoxia_stress_malignant → Oligodendrocyte_myelinating;Malignant_OPC_NPC_like_malignant → Oligodendrocyte_myelinating;Malignant_cycling_candidate → Oligodendrocyte_myelinating;Malignant_AC_like_reactive_malignant → Oligodendrocyte_myelinating
ndGBM	TF→TFRC	TF	TFRC	6	6	0.0004220329777669067	0.030483520078637232	Oligodendrocyte_myelinating → Endothelial;Oligodendrocyte_myelinating → Malignant_NPC_neuronal_like_malignant;Oligodendrocyte_myelinating → Malignant_cycling_candidate;Oligodendrocyte_myelinating → Malignant_OPC_NPC_like_malignant;Oligodendrocyte_myelinating → Malignant_hypoxia_stress_malignant
ndGBM	COL3A1→DDR1	COL3A1	DDR1	6	6	0.0005619418858547786	0.0030192258443431015	Mural_Pericyte_Fibroblast → Malignant_AC_like_reactive_malignant;Mural_Pericyte_Fibroblast → Oligodendrocyte_myelinating;Mural_Pericyte_Fibroblast → Malignant_OPC_NPC_like_malignant;Mural_Pericyte_Fibroblast → Malignant_cycling_candidate;Mural_Pericyte_Fibroblast → Malignant_hypoxia_stress_malignant
ndGBM	FN1→ITGAV_ITGB8	FN1	ITGAV_ITGB8	6	6	0.0006046795665079019	0.0033087441266109905	Mural_Pericyte_Fibroblast → Malignant_AC_like_reactive_malignant;Mural_Pericyte_Fibroblast → Malignant_OPC_NPC_like_malignant;Mural_Pericyte_Fibroblast → Oligodendrocyte_myelinating;Mural_Pericyte_Fibroblast → Malignant_cycling_candidate;Mural_Pericyte_Fibroblast → Malignant_hypoxia_stress_malignant
ndGBM	COL1A1→DDR1	COL1A1	DDR1	6	6	0.0007841031544414058	0.0035385008789204173	Mural_Pericyte_Fibroblast → Malignant_AC_like_reactive_malignant;Mural_Pericyte_Fibroblast → Oligodendrocyte_myelinating;Mural_Pericyte_Fibroblast → Malignant_OPC_NPC_like_malignant;Mural_Pericyte_Fibroblast → Malignant_cycling_candidate;Mural_Pericyte_Fibroblast → Malignant_hypoxia_stress_malignant
ndGBM	A2M→LRP1	A2M	LRP1	6	6	0.0008126514449451639	0.0025075029624667773	Endothelial → Malignant_AC_like_reactive_malignant;Endothelial → Mural_Pericyte_Fibroblast;Endothelial → Malignant_OPC_NPC_like_malignant;Endothelial → Malignant_cycling_candidate;Endothelial → Malignant_hypoxia_stress_malignant
ndGBM	SEMA5B→PLXNA1	SEMA5B	PLXNA1	6	6	0.004192427685071985	0.022251208279852157	Malignant_cycling_candidate → Endothelial;Malignant_cycling_candidate → Malignant_AC_like_reactive_malignant;Malignant_cycling_candidate → Malignant_cycling_candidate;Malignant_cycling_candidate → Mural_Pericyte_Fibroblast;Malignant_cycling_candidate → Malignant_OPC_NPC_like_malignant
ndGBM	APP→CD74	APP	CD74	6	6	0.013490250069846561	0.028531074973137005	Oligodendrocyte_myelinating → Endothelial;Endothelial → Endothelial;Oligodendrocyte_myelinating → Oligodendrocyte_myelinating;Endothelial → Oligodendrocyte_myelinating;Oligodendrocyte_myelinating → Malignant_AC_like_reactive_malignant
ndGBM	HMGB1→THBD	HMGB1	THBD	6	6	0.013895601213278597	0.03876907015410502	Malignant_cycling_candidate → Endothelial;Malignant_AC_like_reactive_malignant → Endothelial;Endothelial → Endothelial;Malignant_OPC_NPC_like_malignant → Endothelial;Malignant_NPC_neuronal_like_malignant → Endothelial
ndGBM	COL4A2→ITGAV_ITGB8	COL4A2	ITGAV_ITGB8	6	6	0.014604043823373438	0.03090304964887157	Mural_Pericyte_Fibroblast → Malignant_AC_like_reactive_malignant;Mural_Pericyte_Fibroblast → Malignant_OPC_NPC_like_malignant;Mural_Pericyte_Fibroblast → Oligodendrocyte_myelinating;Mural_Pericyte_Fibroblast → Malignant_cycling_candidate;Endothelial → Malignant_AC_like_reactive_malignant
ndGBM	YBX1→NOTCH1	YBX1	NOTCH1	6	6	0.024889356993923337	0.03639324455948384	Malignant_cycling_candidate → Malignant_cycling_candidate;Malignant_NPC_neuronal_like_malignant → Malignant_cycling_candidate;Malignant_cycling_candidate → Endothelial;Malignant_OPC_NPC_like_malignant → Malignant_cycling_candidate;Malignant_cycling_candidate → Malignant_OPC_NPC_like_malignant
ndGBM	DCN→EGFR	DCN	EGFR	5	5	0.00015789282515564542	0.000819867799354223	Mural_Pericyte_Fibroblast → Malignant_AC_like_reactive_malignant;Mural_Pericyte_Fibroblast → Malignant_cycling_candidate;Mural_Pericyte_Fibroblast → Malignant_OPC_NPC_like_malignant;Mural_Pericyte_Fibroblast → Malignant_hypoxia_stress_malignant;Mural_Pericyte_Fibroblast → Endothelial
ndGBM	COL1A2→ITGAV_ITGB8	COL1A2	ITGAV_ITGB8	5	5	0.0007285285900394134	0.003611132905437161	Mural_Pericyte_Fibroblast → Malignant_AC_like_reactive_malignant;Mural_Pericyte_Fibroblast → Malignant_OPC_NPC_like_malignant;Mural_Pericyte_Fibroblast → Oligodendrocyte_myelinating;Mural_Pericyte_Fibroblast → Malignant_cycling_candidate;Mural_Pericyte_Fibroblast → Malignant_hypoxia_stress_malignant
ndGBM	COL1A1→ITGAV_ITGB8	COL1A1	ITGAV_ITGB8	5	5	0.001010568281622692	0.0045372251845769845	Mural_Pericyte_Fibroblast → Malignant_AC_like_reactive_malignant;Mural_Pericyte_Fibroblast → Malignant_OPC_NPC_like_malignant;Mural_Pericyte_Fibroblast → Oligodendrocyte_myelinating;Mural_Pericyte_Fibroblast → Malignant_cycling_candidate;Mural_Pericyte_Fibroblast → Malignant_hypoxia_stress_malignant
ndGBM	VEGFA→EGFR	VEGFA	EGFR	5	5	0.0011860323225211943	0.005774072107084336	Malignant_hypoxia_stress_malignant → Malignant_AC_like_reactive_malignant;Malignant_hypoxia_stress_malignant → Malignant_cycling_candidate;Malignant_hypoxia_stress_malignant → Malignant_OPC_NPC_like_malignant;Malignant_hypoxia_stress_malignant → Malignant_hypoxia_stress_malignant;Malignant_hypoxia_stress_malignant → Endothelial
ndGBM	FARP2→PLXNA3	FARP2	PLXNA3	5	5	0.0038114594218280795	0.02054352978118512	Endothelial → Mural_Pericyte_Fibroblast;Malignant_NPC_neuronal_like_malignant → Mural_Pericyte_Fibroblast;Mural_Pericyte_Fibroblast → Mural_Pericyte_Fibroblast;Malignant_hypoxia_stress_malignant → Mural_Pericyte_Fibroblast;Malignant_AC_like_reactive_malignant → Mural_Pericyte_Fibroblast
ndGBM	FADD→TRADD	FADD	TRADD	5	5	0.006096784864895144	0.02699147467568159	Endothelial → Malignant_cycling_candidate;Endothelial → Malignant_OPC_NPC_like_malignant;Malignant_hypoxia_stress_malignant → Malignant_cycling_candidate;Mural_Pericyte_Fibroblast → Malignant_cycling_candidate;Malignant_AC_like_reactive_malignant → Malignant_cycling_candidate
ndGBM	COL4A1→CD44	COL4A1	CD44	5	5	0.00932193419000434	0.018002990900591834	Mural_Pericyte_Fibroblast → Malignant_AC_like_reactive_malignant;Mural_Pericyte_Fibroblast → Mural_Pericyte_Fibroblast;Mural_Pericyte_Fibroblast → Malignant_hypoxia_stress_malignant;Endothelial → Malignant_AC_like_reactive_malignant;Endothelial → Mural_Pericyte_Fibroblast
ndGBM	VWF→LRP1	VWF	LRP1	5	5	0.010998049202935655	0.019520539391532872	Endothelial → Malignant_AC_like_reactive_malignant;Endothelial → Mural_Pericyte_Fibroblast;Endothelial → Malignant_OPC_NPC_like_malignant;Endothelial → Malignant_cycling_candidate;Endothelial → Malignant_hypoxia_stress_malignant
ndGBM	CNTN2→NRCAM	CNTN2	NRCAM	5	5	0.011738496071892522	0.03297178408713864	Oligodendrocyte_myelinating → Malignant_AC_like_reactive_malignant;Oligodendrocyte_myelinating → Malignant_OPC_NPC_like_malignant;Oligodendrocyte_myelinating → Malignant_hypoxia_stress_malignant;Oligodendrocyte_myelinating → Malignant_cycling_candidate;Oligodendrocyte_myelinating → Malignant_NPC_neuronal_like_malignant
ndGBM	FARP2→PLXNA2	FARP2	PLXNA2	5	5	0.012185303954521583	0.0296438036837801	Endothelial → Malignant_cycling_candidate;Endothelial → Malignant_OPC_NPC_like_malignant;Endothelial → Malignant_AC_like_reactive_malignant;Malignant_NPC_neuronal_like_malignant → Malignant_cycling_candidate;Malignant_NPC_neuronal_like_malignant → Malignant_OPC_NPC_like_malignant
ndGBM	VEGFA→GPC1	VEGFA	GPC1	5	5	0.013750162575106877	0.01712099620945047	Malignant_hypoxia_stress_malignant → Malignant_AC_like_reactive_malignant;Malignant_hypoxia_stress_malignant → Malignant_OPC_NPC_like_malignant;Malignant_hypoxia_stress_malignant → Mural_Pericyte_Fibroblast;Malignant_hypoxia_stress_malignant → Malignant_hypoxia_stress_malignant;Malignant_hypoxia_stress_malignant → Malignant_cycling_candidate
ndGBM	NID1→ITGB1	NID1	ITGB1	4	4	0.0011175461180997198	0.007123973121163215	Mural_Pericyte_Fibroblast → Mural_Pericyte_Fibroblast;Mural_Pericyte_Fibroblast → Endothelial;Endothelial → Mural_Pericyte_Fibroblast;Endothelial → Endothelial
ndGBM	COL4A1→ITGA1_ITGB1	COL4A1	ITGA1_ITGB1	4	4	0.0014898763150774461	0.00649103228590275	Mural_Pericyte_Fibroblast → Endothelial;Mural_Pericyte_Fibroblast → Mural_Pericyte_Fibroblast;Endothelial → Endothelial;Endothelial → Mural_Pericyte_Fibroblast
ndGBM	COL4A2→ITGA1_ITGB1	COL4A2	ITGA1_ITGB1	4	4	0.0054005032737937265	0.013825441284857475	Mural_Pericyte_Fibroblast → Endothelial;Mural_Pericyte_Fibroblast → Mural_Pericyte_Fibroblast;Endothelial → Endothelial;Endothelial → Mural_Pericyte_Fibroblast
ndGBM	SEMA3A→NRP1_PLXNA1	SEMA3A	NRP1_PLXNA1	4	4	0.010283528443281391	0.039287592822226616	Malignant_cycling_candidate → Endothelial;Malignant_cycling_candidate → Malignant_AC_like_reactive_malignant;Malignant_hypoxia_stress_malignant → Endothelial;Malignant_cycling_candidate → Mural_Pericyte_Fibroblast
ndGBM	APOE→SORL1	APOE	SORL1	4	4	0.012502419349633104	0.025430256581677066	Malignant_AC_like_reactive_malignant → Oligodendrocyte_myelinating;Malignant_AC_like_reactive_malignant → Malignant_AC_like_reactive_malignant;Mural_Pericyte_Fibroblast → Oligodendrocyte_myelinating;Mural_Pericyte_Fibroblast → Malignant_AC_like_reactive_malignant
ndGBM	TIMP3→DDR1	TIMP3	DDR1	4	4	0.01517701814506955	0.02473236017006574	Endothelial → Malignant_AC_like_reactive_malignant;Endothelial → Oligodendrocyte_myelinating;Endothelial → Malignant_OPC_NPC_like_malignant;Endothelial → Malignant_cycling_candidate
ndGBM	SLITRK3→PTPRS	SLITRK3	PTPRS	4	4	0.015606465332690594	0.02470827052290819	Malignant_cycling_candidate → Malignant_AC_like_reactive_malignant;Malignant_cycling_candidate → Malignant_cycling_candidate;Malignant_OPC_NPC_like_malignant → Malignant_AC_like_reactive_malignant;Malignant_OPC_NPC_like_malignant → Malignant_cycling_candidate
ndGBM	COL6A1→ITGAV_ITGB8	COL6A1	ITGAV_ITGB8	4	4	0.018838744589408495	0.03688027636360215	Mural_Pericyte_Fibroblast → Malignant_AC_like_reactive_malignant;Mural_Pericyte_Fibroblast → Malignant_OPC_NPC_like_malignant;Mural_Pericyte_Fibroblast → Oligodendrocyte_myelinating;Mural_Pericyte_Fibroblast → Malignant_cycling_candidate
ndGBM	COL6A2→ITGAV_ITGB8	COL6A2	ITGAV_ITGB8	4	4	0.01979653293994979	0.03968801505179702	Mural_Pericyte_Fibroblast → Malignant_AC_like_reactive_malignant;Mural_Pericyte_Fibroblast → Malignant_OPC_NPC_like_malignant;Mural_Pericyte_Fibroblast → Oligodendrocyte_myelinating;Mural_Pericyte_Fibroblast → Malignant_cycling_candidate
ndGBM	TGFB1→ITGB1	TGFB1	ITGB1	4	4	0.020319064568678432	0.029338170643767533	Endothelial → Mural_Pericyte_Fibroblast;Mural_Pericyte_Fibroblast → Mural_Pericyte_Fibroblast;Endothelial → Endothelial;Mural_Pericyte_Fibroblast → Endothelial
ndGBM	CALR→ITGAV	CALR	ITGAV	4	4	0.029566473706732183	0.03220413580565318	Malignant_cycling_candidate → Malignant_AC_like_reactive_malignant;Malignant_OPC_NPC_like_malignant → Malignant_AC_like_reactive_malignant;Mural_Pericyte_Fibroblast → Malignant_AC_like_reactive_malignant;Malignant_hypoxia_stress_malignant → Malignant_AC_like_reactive_malignant
ndGBM	APOE→LRP6	APOE	LRP6	4	4	0.029776736382500592	0.03692836876871461	Malignant_AC_like_reactive_malignant → Oligodendrocyte_myelinating;Malignant_AC_like_reactive_malignant → Malignant_OPC_NPC_like_malignant;Malignant_AC_like_reactive_malignant → Malignant_NPC_neuronal_like_malignant;Malignant_AC_like_reactive_malignant → Malignant_cycling_candidate
ndGBM	APP→GPC1	APP	GPC1	4	4	0.043583762337322814	0.04656537280701618	Oligodendrocyte_myelinating → Malignant_AC_like_reactive_malignant;Oligodendrocyte_myelinating → Malignant_OPC_NPC_like_malignant;Oligodendrocyte_myelinating → Mural_Pericyte_Fibroblast;Oligodendrocyte_myelinating → Malignant_hypoxia_stress_malignant
ndGBM	FN1→MAG	FN1	MAG	3	3	1.2655535253461077e-05	0.0020838741345939943	Mural_Pericyte_Fibroblast → Oligodendrocyte_myelinating;Endothelial → Oligodendrocyte_myelinating;Malignant_hypoxia_stress_malignant → Oligodendrocyte_myelinating
ndGBM	FN1→ITGA6	FN1	ITGA6	3	3	0.0003765391051704616	0.015853819408668417	Mural_Pericyte_Fibroblast → Endothelial;Mural_Pericyte_Fibroblast → Malignant_AC_like_reactive_malignant;Endothelial → Endothelial
ndGBM	FBLN1→ITGB1	FBLN1	ITGB1	3	3	0.0007491311369931719	0.0014036064428944515	Mural_Pericyte_Fibroblast → Mural_Pericyte_Fibroblast;Mural_Pericyte_Fibroblast → Endothelial;Mural_Pericyte_Fibroblast → Oligodendrocyte_myelinating
ndGBM	SPP1→CD44	SPP1	CD44	3	3	0.0009551781184081215	0.0035810558775071144	Oligodendrocyte_myelinating → Malignant_AC_like_reactive_malignant;Oligodendrocyte_myelinating → Mural_Pericyte_Fibroblast;Oligodendrocyte_myelinating → Malignant_hypoxia_stress_malignant
ndGBM	FN1→CD44	FN1	CD44	3	3	0.0012387227017908555	0.004690243411594448	Mural_Pericyte_Fibroblast → Malignant_AC_like_reactive_malignant;Mural_Pericyte_Fibroblast → Mural_Pericyte_Fibroblast;Mural_Pericyte_Fibroblast → Malignant_hypoxia_stress_malignant
ndGBM	COL1A2→CD44	COL1A2	CD44	3	3	0.0013567809575354235	0.005218324173127228	Mural_Pericyte_Fibroblast → Malignant_AC_like_reactive_malignant;Mural_Pericyte_Fibroblast → Mural_Pericyte_Fibroblast;Mural_Pericyte_Fibroblast → Malignant_hypoxia_stress_malignant
ndGBM	COL1A1→CD44	COL1A1	CD44	3	3	0.0018387770148072574	0.006700193803085343	Mural_Pericyte_Fibroblast → Malignant_AC_like_reactive_malignant;Mural_Pericyte_Fibroblast → Mural_Pericyte_Fibroblast;Mural_Pericyte_Fibroblast → Malignant_hypoxia_stress_malignant
ndGBM	VEGFA→CD44	VEGFA	CD44	3	3	0.006761601098976662	0.012502419349633104	Malignant_hypoxia_stress_malignant → Malignant_AC_like_reactive_malignant;Malignant_hypoxia_stress_malignant → Mural_Pericyte_Fibroblast;Malignant_hypoxia_stress_malignant → Malignant_hypoxia_stress_malignant
ndGBM	JAM3→ITGB1	JAM3	ITGB1	3	3	0.006989109948136462	0.011471351530722788	Oligodendrocyte_myelinating → Mural_Pericyte_Fibroblast;Oligodendrocyte_myelinating → Endothelial;Malignant_cycling_candidate → Mural_Pericyte_Fibroblast
ndGBM	THBS4→ITGA3_ITGB1	THBS4	ITGA3_ITGB1	3	3	0.007239011546674452	0.0182655613106624	Malignant_cycling_candidate → Mural_Pericyte_Fibroblast;Malignant_cycling_candidate → Malignant_cycling_candidate;Malignant_OPC_NPC_like_malignant → Mural_Pericyte_Fibroblast
ndGBM	ANXA2→ROBO4	ANXA2	ROBO4	3	3	0.009442346060708708	0.030326751419170885	Mural_Pericyte_Fibroblast → Endothelial;Malignant_hypoxia_stress_malignant → Endothelial;Endothelial → Endothelial
ndGBM	CLEC11A→ITGB1	CLEC11A	ITGB1	3	3	0.009466519028095572	0.015698743029961888	Mural_Pericyte_Fibroblast → Mural_Pericyte_Fibroblast;Mural_Pericyte_Fibroblast → Endothelial;Malignant_NPC_neuronal_like_malignant → Mural_Pericyte_Fibroblast
ndGBM	LGALS3→ENG	LGALS3	ENG	3	3	0.010255975661853678	0.0247349755162405	Malignant_hypoxia_stress_malignant → Endothelial;Malignant_AC_like_reactive_malignant → Endothelial;Mural_Pericyte_Fibroblast → Endothelial
ndGBM	GNAI2→EGFR	GNAI2	EGFR	3	3	0.012419448696133237	0.016927913159241578	Endothelial → Malignant_AC_like_reactive_malignant;Endothelial → Malignant_cycling_candidate;Endothelial → Malignant_OPC_NPC_like_malignant
ndGBM	CXCL12→ITGB1	CXCL12	ITGB1	3	3	0.012780926934663185	0.0202140350053674	Endothelial → Mural_Pericyte_Fibroblast;Endothelial → Endothelial;Mural_Pericyte_Fibroblast → Mural_Pericyte_Fibroblast
ndGBM	COL9A3→MAG	COL9A3	MAG	3	3	0.01566781646110528	0.01948617142405436	Malignant_cycling_candidate → Oligodendrocyte_myelinating;Malignant_OPC_NPC_like_malignant → Oligodendrocyte_myelinating;Malignant_AC_like_reactive_malignant → Oligodendrocyte_myelinating
ndGBM	BMP8B→BMPR1A_BMPR2	BMP8B	BMPR1A_BMPR2	3	3	0.016746271838246625	0.023199695023555997	Malignant_cycling_candidate → Malignant_OPC_NPC_like_malignant;Malignant_cycling_candidate → Mural_Pericyte_Fibroblast;Malignant_cycling_candidate → Malignant_cycling_candidate
ndGBM	PDGFC→FLT1	PDGFC	FLT1	3	3	0.017126142838573485	0.04023734271413545	Endothelial → Mural_Pericyte_Fibroblast;Malignant_OPC_NPC_like_malignant → Mural_Pericyte_Fibroblast;Malignant_cycling_candidate → Mural_Pericyte_Fibroblast
ndGBM	ADM→RAMP1	ADM	RAMP1	3	3	0.01941752325690815	0.04065254927135104	Malignant_hypoxia_stress_malignant → Malignant_AC_like_reactive_malignant;Malignant_hypoxia_stress_malignant → Malignant_OPC_NPC_like_malignant;Malignant_hypoxia_stress_malignant → Malignant_cycling_candidate
ndGBM	COL4A2→CD44	COL4A2	CD44	3	3	0.02035413383025599	0.03540122713234349	Mural_Pericyte_Fibroblast → Malignant_AC_like_reactive_malignant;Mural_Pericyte_Fibroblast → Mural_Pericyte_Fibroblast;Mural_Pericyte_Fibroblast → Malignant_hypoxia_stress_malignant
ndGBM	PTN→PTPRS	PTN	PTPRS	3	3	0.02225449311724357	0.023667251247989622	Malignant_cycling_candidate → Malignant_NPC_neuronal_like_malignant;Malignant_OPC_NPC_like_malignant → Malignant_NPC_neuronal_like_malignant;Malignant_AC_like_reactive_malignant → Malignant_NPC_neuronal_like_malignant
ndGBM	GNAI2→CAV1	GNAI2	CAV1	3	3	0.02408401134795617	0.025904073271791183	Endothelial → Malignant_hypoxia_stress_malignant;Endothelial → Mural_Pericyte_Fibroblast;Endothelial → Endothelial
ndGBM	NAMPT→INSR	NAMPT	INSR	3	3	0.028981537750896916	0.034854234765824596	Endothelial → Endothelial;Malignant_hypoxia_stress_malignant → Endothelial;Malignant_AC_like_reactive_malignant → Endothelial
ndGBM	PTN→SDC4	PTN	SDC4	3	3	0.034672806174136754	0.03687968273742856	Malignant_cycling_candidate → Malignant_hypoxia_stress_malignant;Malignant_OPC_NPC_like_malignant → Malignant_hypoxia_stress_malignant;Malignant_AC_like_reactive_malignant → Malignant_hypoxia_stress_malignant
ndGBM	CALM1→ADCYAP1R1	CALM1	ADCYAP1R1	3	3	0.03660027781912384	0.03683304093432592	Malignant_NPC_neuronal_like_malignant → Malignant_AC_like_reactive_malignant;Endothelial → Malignant_AC_like_reactive_malignant;Oligodendrocyte_myelinating → Malignant_AC_like_reactive_malignant
ndGBM	ADAM17→ITGB1	ADAM17	ITGB1	3	3	0.037019760210877814	0.04765952035854784	Mural_Pericyte_Fibroblast → Mural_Pericyte_Fibroblast;Endothelial → Mural_Pericyte_Fibroblast;Mural_Pericyte_Fibroblast → Endothelial
ndGBM	ARF1→INSR	ARF1	INSR	3	3	0.047029340794035555	0.048187701371082456	Mural_Pericyte_Fibroblast → Endothelial;Malignant_cycling_candidate → Endothelial;Endothelial → Endothelial
ndGBM	COL1A2→ITGA1_ITGB1	COL1A2	ITGA1_ITGB1	2	2	0.00018440009423549341	0.0003525811705680044	Mural_Pericyte_Fibroblast → Endothelial;Mural_Pericyte_Fibroblast → Mural_Pericyte_Fibroblast
ndGBM	FN1→ROBO4	FN1	ROBO4	2	2	0.00022419307313641573	0.010079712957855124	Mural_Pericyte_Fibroblast → Endothelial;Endothelial → Endothelial
ndGBM	COL3A1→ITGA1_ITGB1	COL3A1	ITGA1_ITGB1	2	2	0.00023962309955758793	0.00043471170690353566	Mural_Pericyte_Fibroblast → Endothelial;Mural_Pericyte_Fibroblast → Mural_Pericyte_Fibroblast
ndGBM	COL1A1→ITGA1_ITGB1	COL1A1	ITGA1_ITGB1	2	2	0.0003290201401753216	0.0005890350424530579	Mural_Pericyte_Fibroblast → Endothelial;Mural_Pericyte_Fibroblast → Mural_Pericyte_Fibroblast
ndGBM	LGALS9→SLC1A5	LGALS9	SLC1A5	2	2	0.0003812913215303301	0.015391306721518953	Mural_Pericyte_Fibroblast → Malignant_cycling_candidate;Mural_Pericyte_Fibroblast → Malignant_hypoxia_stress_malignant
ndGBM	LUM→ITGB1	LUM	ITGB1	2	2	0.001067507964260702	0.0017737216961226363	Mural_Pericyte_Fibroblast → Mural_Pericyte_Fibroblast;Mural_Pericyte_Fibroblast → Endothelial
ndGBM	HSPG2→ITGB1	HSPG2	ITGB1	2	2	0.0016803720366047195	0.002935137533294093	Endothelial → Mural_Pericyte_Fibroblast;Endothelial → Endothelial
ndGBM	SPP1→ITGA5_ITGB1	SPP1	ITGA5_ITGB1	2	2	0.0017639754659923112	0.009702522972693134	Oligodendrocyte_myelinating → Endothelial;Oligodendrocyte_myelinating → Mural_Pericyte_Fibroblast
ndGBM	SEMA5B→PLXNA3	SEMA5B	PLXNA3	2	2	0.0019061335014316247	0.012932221112118895	Malignant_cycling_candidate → Mural_Pericyte_Fibroblast;Malignant_AC_like_reactive_malignant → Mural_Pericyte_Fibroblast
ndGBM	APOE→SDC2	APOE	SDC2	2	2	0.002247740415368822	0.00997717503202032	Malignant_AC_like_reactive_malignant → Mural_Pericyte_Fibroblast;Mural_Pericyte_Fibroblast → Mural_Pericyte_Fibroblast
ndGBM	FN1→ITGA5_ITGB1	FN1	ITGA5_ITGB1	2	2	0.002479935427984571	0.012440584205997186	Mural_Pericyte_Fibroblast → Endothelial;Mural_Pericyte_Fibroblast → Mural_Pericyte_Fibroblast
ndGBM	COL4A1→CD93	COL4A1	CD93	2	2	0.0027893478481145853	0.0067129990451602626	Mural_Pericyte_Fibroblast → Endothelial;Endothelial → Endothelial
ndGBM	DLL1→NOTCH4	DLL1	NOTCH4	2	2	0.003430458862191694	0.006476525808335106	Malignant_cycling_candidate → Malignant_cycling_candidate;Endothelial → Malignant_cycling_candidate
ndGBM	COL1A1→ITGA5	COL1A1	ITGA5	2	2	0.0034619891419997483	0.016409458578845963	Mural_Pericyte_Fibroblast → Endothelial;Mural_Pericyte_Fibroblast → Mural_Pericyte_Fibroblast
ndGBM	VEGFA→NRP2	VEGFA	NRP2	2	2	0.003702107404496364	0.02669165280905178	Malignant_hypoxia_stress_malignant → Endothelial;Malignant_hypoxia_stress_malignant → Malignant_AC_like_reactive_malignant
ndGBM	NDP→LGR4	NDP	LGR4	2	2	0.004573363391624102	0.009899914358187274	Malignant_cycling_candidate → Malignant_OPC_NPC_like_malignant;Malignant_cycling_candidate → Malignant_cycling_candidate
ndGBM	VEGFA→NRP1	VEGFA	NRP1	2	2	0.004759052620377803	0.01584864813473652	Malignant_hypoxia_stress_malignant → Endothelial;Malignant_hypoxia_stress_malignant → Mural_Pericyte_Fibroblast
ndGBM	SEMA6D→PLXNA1_TREM2_TYROBP	SEMA6D	PLXNA1_TREM2_TYROBP	2	2	0.005144706793813095	0.0090452473305872	Endothelial → Endothelial;Endothelial → Mural_Pericyte_Fibroblast
ndGBM	TGM2→ITGB1	TGM2	ITGB1	2	2	0.005146312823034283	0.007114845641103682	Endothelial → Mural_Pericyte_Fibroblast;Endothelial → Endothelial
ndGBM	SEMA3A→NRP1_PLXNA3	SEMA3A	NRP1_PLXNA3	2	2	0.006477559378508816	0.01692401741296127	Malignant_cycling_candidate → Mural_Pericyte_Fibroblast;Malignant_hypoxia_stress_malignant → Mural_Pericyte_Fibroblast
ndGBM	BMP8B→PLAUR	BMP8B	PLAUR	2	2	0.006858301605312285	0.021657566594020437	Malignant_cycling_candidate → Malignant_cycling_candidate;Malignant_cycling_candidate → Malignant_AC_like_reactive_malignant
ndGBM	COL6A1→ITGA1_ITGB1	COL6A1	ITGA1_ITGB1	2	2	0.007284001654352097	0.011930339751046522	Mural_Pericyte_Fibroblast → Endothelial;Mural_Pericyte_Fibroblast → Mural_Pericyte_Fibroblast
ndGBM	COL6A2→ITGA1_ITGB1	COL6A2	ITGA1_ITGB1	2	2	0.007913828314101187	0.01282662582448725	Mural_Pericyte_Fibroblast → Endothelial;Mural_Pericyte_Fibroblast → Mural_Pericyte_Fibroblast
ndGBM	GAS6→TYRO3	GAS6	TYRO3	2	2	0.008000334578550459	0.028083142337475483	Malignant_AC_like_reactive_malignant → Endothelial;Malignant_hypoxia_stress_malignant → Endothelial
ndGBM	FN1→PLAUR	FN1	PLAUR	2	2	0.008181922816375496	0.018685862568231848	Mural_Pericyte_Fibroblast → Mural_Pericyte_Fibroblast;Mural_Pericyte_Fibroblast → Endothelial
ndGBM	COL4A2→CD93	COL4A2	CD93	2	2	0.008272258155382187	0.01447166420367109	Mural_Pericyte_Fibroblast → Endothelial;Endothelial → Endothelial
ndGBM	LAMA5→ITGA6_ITGB4	LAMA5	ITGA6_ITGB4	2	2	0.00876152848508802	0.01028327104222954	Mural_Pericyte_Fibroblast → Malignant_cycling_candidate;Malignant_cycling_candidate → Malignant_cycling_candidate
ndGBM	SPON2→ITGB1	SPON2	ITGB1	2	2	0.008777775881237767	0.011542278296748157	Mural_Pericyte_Fibroblast → Mural_Pericyte_Fibroblast;Mural_Pericyte_Fibroblast → Endothelial
ndGBM	APOE→LRP2	APOE	LRP2	2	2	0.008918186799435186	0.019750208457327743	Malignant_AC_like_reactive_malignant → Oligodendrocyte_myelinating;Mural_Pericyte_Fibroblast → Oligodendrocyte_myelinating
ndGBM	DLL1→NOTCH3	DLL1	NOTCH3	2	2	0.009142076496972993	0.017687726494576082	Malignant_cycling_candidate → Malignant_cycling_candidate;Endothelial → Malignant_cycling_candidate
ndGBM	COL1A2→ITGA10_ITGB1	COL1A2	ITGA10_ITGB1	2	2	0.00961219075516015	0.016829084964180924	Mural_Pericyte_Fibroblast → Mural_Pericyte_Fibroblast;Mural_Pericyte_Fibroblast → Endothelial
ndGBM	TGFB2→ACVR1B_TGFBR2	TGFB2	ACVR1B_TGFBR2	2	2	0.009903076736125019	0.020720217506686747	Malignant_cycling_candidate → Mural_Pericyte_Fibroblast;Malignant_OPC_NPC_like_malignant → Mural_Pericyte_Fibroblast
ndGBM	COL3A1→ITGA10_ITGB1	COL3A1	ITGA10_ITGB1	2	2	0.010662269298678004	0.01842143159027409	Mural_Pericyte_Fibroblast → Mural_Pericyte_Fibroblast;Mural_Pericyte_Fibroblast → Endothelial
ndGBM	COL4A5→ITGA3_ITGB1	COL4A5	ITGA3_ITGB1	2	2	0.01066394787731653	0.01977505215506964	Mural_Pericyte_Fibroblast → Mural_Pericyte_Fibroblast;Mural_Pericyte_Fibroblast → Malignant_cycling_candidate
ndGBM	ADO→ADORA1	ADO	ADORA1	2	2	0.01104433503959934	0.02866190498284405	Mural_Pericyte_Fibroblast → Malignant_cycling_candidate;Malignant_AC_like_reactive_malignant → Malignant_cycling_candidate
ndGBM	COL1A1→ITGA10_ITGB1	COL1A1	ITGA10_ITGB1	2	2	0.012008632994021575	0.020640970529552452	Mural_Pericyte_Fibroblast → Mural_Pericyte_Fibroblast;Mural_Pericyte_Fibroblast → Endothelial
ndGBM	COL6A3→ITGA1_ITGB1	COL6A3	ITGA1_ITGB1	2	2	0.012893166718678125	0.020279373370845247	Mural_Pericyte_Fibroblast → Endothelial;Mural_Pericyte_Fibroblast → Mural_Pericyte_Fibroblast
ndGBM	WNT2B→FZD5_LRP6	WNT2B	FZD5_LRP6	2	2	0.014466368541524558	0.02754079375767643	Endothelial → Malignant_cycling_candidate;Endothelial → Malignant_AC_like_reactive_malignant
ndGBM	FBN1→ITGB1	FBN1	ITGB1	2	2	0.01635502525790445	0.021050859911209488	Mural_Pericyte_Fibroblast → Mural_Pericyte_Fibroblast;Mural_Pericyte_Fibroblast → Endothelial
ndGBM	LAMB1→ITGA6_ITGB4	LAMB1	ITGA6_ITGB4	2	2	0.016366368588069787	0.01997269328692789	Malignant_AC_like_reactive_malignant → Malignant_cycling_candidate;Malignant_hypoxia_stress_malignant → Malignant_cycling_candidate
ndGBM	NCAM1→FGFR2	NCAM1	FGFR2	2	2	0.01721793674946201	0.020461465475481434	Oligodendrocyte_myelinating → Oligodendrocyte_myelinating;Malignant_NPC_neuronal_like_malignant → Oligodendrocyte_myelinating
ndGBM	ADAM12→ITGB1	ADAM12	ITGB1	2	2	0.018102310593649754	0.023500371245841704	Mural_Pericyte_Fibroblast → Mural_Pericyte_Fibroblast;Mural_Pericyte_Fibroblast → Endothelial
ndGBM	COL5A2→ITGA1_ITGB1	COL5A2	ITGA1_ITGB1	2	2	0.01816867250142128	0.028254012931127927	Mural_Pericyte_Fibroblast → Endothelial;Mural_Pericyte_Fibroblast → Mural_Pericyte_Fibroblast
ndGBM	APP→DCC	APP	DCC	2	2	0.018703791061526795	0.01988271626372185	Oligodendrocyte_myelinating → Malignant_NPC_neuronal_like_malignant;Endothelial → Malignant_NPC_neuronal_like_malignant
ndGBM	NTN1→DCC	NTN1	DCC	2	2	0.019784335916923145	0.019974142442371112	Malignant_OPC_NPC_like_malignant → Malignant_cycling_candidate;Malignant_cycling_candidate → Malignant_cycling_candidate
ndGBM	COL18A1→ITGA1_ITGB1	COL18A1	ITGA1_ITGB1	2	2	0.019831164076874387	0.03185921475857374	Mural_Pericyte_Fibroblast → Endothelial;Mural_Pericyte_Fibroblast → Mural_Pericyte_Fibroblast
ndGBM	RTN4→NGFR	RTN4	NGFR	2	2	0.02102598899551412	0.031207295168114227	Oligodendrocyte_myelinating → Oligodendrocyte_myelinating;Malignant_NPC_neuronal_like_malignant → Oligodendrocyte_myelinating
ndGBM	COL4A1→ITGA10_ITGB1	COL4A1	ITGA10_ITGB1	2	2	0.021491739443029546	0.03564021942506053	Mural_Pericyte_Fibroblast → Mural_Pericyte_Fibroblast;Mural_Pericyte_Fibroblast → Endothelial
ndGBM	PLAU→ITGB1	PLAU	ITGB1	2	2	0.02232780497862995	0.027605596141218207	Mural_Pericyte_Fibroblast → Mural_Pericyte_Fibroblast;Mural_Pericyte_Fibroblast → Endothelial
ndGBM	AGRN→ITGB1	AGRN	ITGB1	2	2	0.023141892857123286	0.028211976794229158	Endothelial → Mural_Pericyte_Fibroblast;Endothelial → Endothelial
ndGBM	LAMA5→ITGA3_ITGB1	LAMA5	ITGA3_ITGB1	2	2	0.02471679352669263	0.027748413282762494	Mural_Pericyte_Fibroblast → Mural_Pericyte_Fibroblast;Malignant_cycling_candidate → Mural_Pericyte_Fibroblast
ndGBM	PTDSS1→SCARB1	PTDSS1	SCARB1	2	2	0.02547514944616657	0.030209438864738813	Oligodendrocyte_myelinating → Malignant_cycling_candidate;Malignant_NPC_neuronal_like_malignant → Malignant_cycling_candidate
ndGBM	NCAM1→PTPRA	NCAM1	PTPRA	2	2	0.025511493685410266	0.030685819193647886	Oligodendrocyte_myelinating → Malignant_AC_like_reactive_malignant;Malignant_NPC_neuronal_like_malignant → Malignant_AC_like_reactive_malignant
ndGBM	COL6A1→CD44	COL6A1	CD44	2	2	0.026022409487581562	0.036604460776740094	Mural_Pericyte_Fibroblast → Malignant_AC_like_reactive_malignant;Mural_Pericyte_Fibroblast → Mural_Pericyte_Fibroblast
ndGBM	TIMP3→CD44	TIMP3	CD44	2	2	0.026339234935444572	0.03713125351783417	Endothelial → Malignant_AC_like_reactive_malignant;Endothelial → Mural_Pericyte_Fibroblast
ndGBM	RGMB→NEO1	RGMB	NEO1	2	2	0.026612441691059696	0.028885576724008027	Endothelial → Mural_Pericyte_Fibroblast;Mural_Pericyte_Fibroblast → Mural_Pericyte_Fibroblast
ndGBM	CALM3→EGFR	CALM3	EGFR	2	2	0.033104587728706406	0.03983194589614583	Malignant_cycling_candidate → Malignant_AC_like_reactive_malignant;Malignant_cycling_candidate → Malignant_cycling_candidate
ndGBM	COL5A2→DDR1	COL5A2	DDR1	2	2	0.03431130333781911	0.03839538333001476	Mural_Pericyte_Fibroblast → Malignant_AC_like_reactive_malignant;Mural_Pericyte_Fibroblast → Oligodendrocyte_myelinating
ndGBM	EFNB1→EPHB6	EFNB1	EPHB6	2	2	0.03759132481380696	0.040236556748862624	Malignant_AC_like_reactive_malignant → Malignant_NPC_neuronal_like_malignant;Mural_Pericyte_Fibroblast → Malignant_NPC_neuronal_like_malignant
ndGBM	CALM1→HMMR	CALM1	HMMR	2	2	0.04414094162254274	0.044523539587994494	Malignant_NPC_neuronal_like_malignant → Malignant_cycling_candidate;Endothelial → Malignant_cycling_candidate
ndGBM	SLITRK1→PTPRS	SLITRK1	PTPRS	2	2	0.04665683258173195	0.04684549741239281	Malignant_NPC_neuronal_like_malignant → Malignant_AC_like_reactive_malignant;Malignant_NPC_neuronal_like_malignant → Malignant_cycling_candidate
ndGBM	COL3A1→MAG	COL3A1	MAG	1	1	2.454475319945286e-05	2.454475319945286e-05	Mural_Pericyte_Fibroblast → Oligodendrocyte_myelinating
ndGBM	COL1A2→CD93	COL1A2	CD93	1	1	0.0002889820556310691	0.0002889820556310691	Mural_Pericyte_Fibroblast → Endothelial
ndGBM	COL1A1→CD93	COL1A1	CD93	1	1	0.0005207622469005154	0.0005207622469005154	Mural_Pericyte_Fibroblast → Endothelial
ndGBM	BMP8B→ACVR2B_BMPR1A	BMP8B	ACVR2B_BMPR1A	1	1	0.0007625503343425539	0.0007625503343425539	Malignant_cycling_candidate → Malignant_cycling_candidate
ndGBM	WNT2B→FZD2_LRP6	WNT2B	FZD2_LRP6	1	1	0.0011437769416051092	0.0011437769416051092	Endothelial → Mural_Pericyte_Fibroblast
ndGBM	SPP1→S1PR1	SPP1	S1PR1	1	1	0.0012654938379823629	0.0012654938379823629	Oligodendrocyte_myelinating → Endothelial
ndGBM	FN1→SDC2	FN1	SDC2	1	1	0.0014320796693057308	0.0014320796693057308	Mural_Pericyte_Fibroblast → Mural_Pericyte_Fibroblast
ndGBM	LGALS9→MRC2	LGALS9	MRC2	1	1	0.0015249714392882728	0.0015249714392882728	Mural_Pericyte_Fibroblast → Endothelial
ndGBM	WNT2B→FZD3_LRP5	WNT2B	FZD3_LRP5	1	1	0.0024778158956100024	0.0024778158956100024	Endothelial → Malignant_cycling_candidate
ndGBM	WNT2B→FZD5_LRP5	WNT2B	FZD5_LRP5	1	1	0.0024778158956100024	0.0024778158956100024	Endothelial → Malignant_cycling_candidate
ndGBM	BMP8B→ACVR2A_BMPR1A	BMP8B	ACVR2A_BMPR1A	1	1	0.0030494260047939275	0.0030494260047939275	Malignant_cycling_candidate → Malignant_cycling_candidate
ndGBM	VEGFA→FLT1_KDR	VEGFA	FLT1_KDR	1	1	0.003997551521565411	0.003997551521565411	Malignant_hypoxia_stress_malignant → Endothelial
ndGBM	SEMA6D→KDR_PLXNA1	SEMA6D	KDR_PLXNA1	1	1	0.005144706793813095	0.005144706793813095	Endothelial → Endothelial
ndGBM	POMC→ADCYAP1R1	POMC	ADCYAP1R1	1	1	0.005715977539899066	0.005715977539899066	Endothelial → Malignant_cycling_candidate
ndGBM	COL3A1→DDR2	COL3A1	DDR2	1	1	0.005793072777016096	0.005793072777016096	Mural_Pericyte_Fibroblast → Mural_Pericyte_Fibroblast
ndGBM	EDN1→ADGRL4	EDN1	ADGRL4	1	1	0.005965457185295939	0.005965457185295939	Endothelial → Endothelial
ndGBM	COL1A1→DDR2	COL1A1	DDR2	1	1	0.006761601098976662	0.006761601098976662	Mural_Pericyte_Fibroblast → Mural_Pericyte_Fibroblast
ndGBM	TF→LRP2	TF	LRP2	1	1	0.007476727606264698	0.007476727606264698	Oligodendrocyte_myelinating → Oligodendrocyte_myelinating
ndGBM	LGALS9→PTPRK	LGALS9	PTPRK	1	1	0.008380947671802096	0.008380947671802096	Mural_Pericyte_Fibroblast → Malignant_AC_like_reactive_malignant
ndGBM	FN1→ITGA2	FN1	ITGA2	1	1	0.009783511860057815	0.009783511860057815	Mural_Pericyte_Fibroblast → Endothelial
ndGBM	VEGFA→TYRO3	VEGFA	TYRO3	1	1	0.010534474670522445	0.010534474670522445	Malignant_hypoxia_stress_malignant → Oligodendrocyte_myelinating
ndGBM	COL1A2→ITGA2_ITGB1	COL1A2	ITGA2_ITGB1	1	1	0.010790815425453501	0.010790815425453501	Mural_Pericyte_Fibroblast → Endothelial
ndGBM	ADGRB1→RTN4RL2	ADGRB1	RTN4RL2	1	1	0.011424689931498706	0.011424689931498706	Malignant_AC_like_reactive_malignant → Malignant_cycling_candidate
ndGBM	COL3A1→ITGA2_ITGB1	COL3A1	ITGA2_ITGB1	1	1	0.011551180279386727	0.011551180279386727	Mural_Pericyte_Fibroblast → Endothelial
ndGBM	COL1A1→ITGA2_ITGB1	COL1A1	ITGA2_ITGB1	1	1	0.013175851586082516	0.013175851586082516	Mural_Pericyte_Fibroblast → Endothelial
ndGBM	WNT2B→FZD4_LRP5	WNT2B	FZD4_LRP5	1	1	0.01351606610960247	0.01351606610960247	Endothelial → Endothelial
ndGBM	WNT2B→FZD6_LRP5	WNT2B	FZD6_LRP5	1	1	0.01351606610960247	0.01351606610960247	Endothelial → Endothelial
ndGBM	COL6A1→ITGA6	COL6A1	ITGA6	1	1	0.014783827642043666	0.014783827642043666	Mural_Pericyte_Fibroblast → Endothelial
ndGBM	WNT2B→FZD1_LRP6	WNT2B	FZD1_LRP6	1	1	0.017505981590419273	0.017505981590419273	Endothelial → Malignant_AC_like_reactive_malignant
ndGBM	FADD→FAS	FADD	FAS	1	1	0.017885787051583484	0.017885787051583484	Endothelial → Malignant_AC_like_reactive_malignant
ndGBM	TIMP3→KDR	TIMP3	KDR	1	1	0.018036066154979265	0.018036066154979265	Endothelial → Endothelial
ndGBM	GDF11→ACVR1B_ACVR2B	GDF11	ACVR1B_ACVR2B	1	1	0.018835163284854472	0.018835163284854472	Endothelial → Malignant_cycling_candidate
ndGBM	GDF11→ACVR2B_TGFBR1	GDF11	ACVR2B_TGFBR1	1	1	0.018835163284854472	0.018835163284854472	Endothelial → Malignant_cycling_candidate
ndGBM	PROS1→TYRO3	PROS1	TYRO3	1	1	0.02092307835839014	0.02092307835839014	Malignant_cycling_candidate → Endothelial
ndGBM	SPP1→ITGA8_ITGB1	SPP1	ITGA8_ITGB1	1	1	0.02099036565967145	0.02099036565967145	Oligodendrocyte_myelinating → Endothelial
ndGBM	TGFB1→ACVR1B_TGFBR2	TGFB1	ACVR1B_TGFBR2	1	1	0.021302594700803062	0.021302594700803062	Malignant_AC_like_reactive_malignant → Mural_Pericyte_Fibroblast
ndGBM	FN1→FLT4	FN1	FLT4	1	1	0.021312024296440843	0.021312024296440843	Mural_Pericyte_Fibroblast → Endothelial
ndGBM	GNAI2→EDNRB	GNAI2	EDNRB	1	1	0.0224012329840098	0.0224012329840098	Endothelial → Malignant_AC_like_reactive_malignant
ndGBM	COL1A2→FLT4	COL1A2	FLT4	1	1	0.023030053974263356	0.023030053974263356	Mural_Pericyte_Fibroblast → Endothelial
ndGBM	COL4A1→ITGA2_ITGB1	COL4A1	ITGA2_ITGB1	1	1	0.023291413723635274	0.023291413723635274	Mural_Pericyte_Fibroblast → Endothelial
ndGBM	CNTN2→NRP1	CNTN2	NRP1	1	1	0.0240459791732017	0.0240459791732017	Oligodendrocyte_myelinating → Endothelial
ndGBM	LRP1B→PLAUR	LRP1B	PLAUR	1	1	0.024337567235985416	0.024337567235985416	Malignant_cycling_candidate → Malignant_cycling_candidate
ndGBM	ADM→RAMP2	ADM	RAMP2	1	1	0.025082979530233036	0.025082979530233036	Malignant_hypoxia_stress_malignant → Endothelial
ndGBM	GDF11→ACVR1B_ACVR2A	GDF11	ACVR1B_ACVR2A	1	1	0.02509598759629672	0.02509598759629672	Endothelial → Malignant_cycling_candidate
ndGBM	CALM3→INSR	CALM3	INSR	1	1	0.0251995011467711	0.0251995011467711	Malignant_cycling_candidate → Endothelial
ndGBM	FN1→ITGA8_ITGB1	FN1	ITGA8_ITGB1	1	1	0.026220211885981975	0.026220211885981975	Mural_Pericyte_Fibroblast → Endothelial
ndGBM	APOE→LRP4	APOE	LRP4	1	1	0.026737858288590297	0.026737858288590297	Malignant_AC_like_reactive_malignant → Oligodendrocyte_myelinating
ndGBM	COL1A1→FLT4	COL1A1	FLT4	1	1	0.02774696902352996	0.02774696902352996	Mural_Pericyte_Fibroblast → Endothelial
ndGBM	NRG2→ERBB2_ERBB4	NRG2	ERBB2_ERBB4	1	1	0.02774944400762501	0.02774944400762501	Malignant_cycling_candidate → Malignant_AC_like_reactive_malignant
ndGBM	COL6A2→CD44	COL6A2	CD44	1	1	0.027991823602343993	0.027991823602343993	Mural_Pericyte_Fibroblast → Malignant_AC_like_reactive_malignant
ndGBM	EDN1→EDNRB	EDN1	EDNRB	1	1	0.029734626799296365	0.029734626799296365	Endothelial → Malignant_AC_like_reactive_malignant
ndGBM	PLAU→ITGA3	PLAU	ITGA3	1	1	0.030022579003613117	0.030022579003613117	Endothelial → Mural_Pericyte_Fibroblast
ndGBM	APOE→LSR	APOE	LSR	1	1	0.03092445862867394	0.03092445862867394	Malignant_AC_like_reactive_malignant → Endothelial
ndGBM	COL6A3→ITGAV_ITGB8	COL6A3	ITGAV_ITGB8	1	1	0.03131164587094464	0.03131164587094464	Mural_Pericyte_Fibroblast → Malignant_AC_like_reactive_malignant
ndGBM	GDF11→ACVR2A_TGFBR1	GDF11	ACVR2A_TGFBR1	1	1	0.03229455472981267	0.03229455472981267	Endothelial → Malignant_cycling_candidate
ndGBM	SLC6A8→LIFR	SLC6A8	LIFR	1	1	0.03305162240747612	0.03305162240747612	Endothelial → Mural_Pericyte_Fibroblast
ndGBM	HBEGF→CD9	HBEGF	CD9	1	1	0.033772445446358074	0.033772445446358074	Endothelial → Oligodendrocyte_myelinating
ndGBM	WNT2B→FZD6_LRP6	WNT2B	FZD6_LRP6	1	1	0.034186982494988076	0.034186982494988076	Endothelial → Malignant_AC_like_reactive_malignant
ndGBM	TNFSF10→TNFRSF10D	TNFSF10	TNFRSF10D	1	1	0.03456537148190547	0.03456537148190547	Mural_Pericyte_Fibroblast → Mural_Pericyte_Fibroblast
ndGBM	BMP5→ACVR2B_BMPR1A	BMP5	ACVR2B_BMPR1A	1	1	0.035322052900573726	0.035322052900573726	Malignant_AC_like_reactive_malignant → Malignant_cycling_candidate
ndGBM	SPP1→ITGA4_ITGB1	SPP1	ITGA4_ITGB1	1	1	0.03622931145803441	0.03622931145803441	Oligodendrocyte_myelinating → Mural_Pericyte_Fibroblast
ndGBM	ANGPT2→TIE1	ANGPT2	TIE1	1	1	0.03660027781912384	0.03660027781912384	Endothelial → Endothelial
ndGBM	LGALS3→MCAM	LGALS3	MCAM	1	1	0.03683304093432592	0.03683304093432592	Malignant_hypoxia_stress_malignant → Endothelial
ndGBM	NID1→ITGA3	NID1	ITGA3	1	1	0.036835029555573294	0.036835029555573294	Malignant_cycling_candidate → Mural_Pericyte_Fibroblast
ndGBM	MDK→ITGA6_ITGB1	MDK	ITGA6_ITGB1	1	1	0.03711328829381011	0.03711328829381011	Malignant_cycling_candidate → Endothelial
ndGBM	MDK→LRP1	MDK	LRP1	1	1	0.037206928643976345	0.037206928643976345	Malignant_cycling_candidate → Malignant_AC_like_reactive_malignant
ndGBM	PLAU→PLAUR	PLAU	PLAUR	1	1	0.03796942210264101	0.03796942210264101	Endothelial → Malignant_cycling_candidate
ndGBM	PKM→CD44	PKM	CD44	1	1	0.03819692077405718	0.03819692077405718	Malignant_hypoxia_stress_malignant → Malignant_AC_like_reactive_malignant
ndGBM	WNT2B→FZD3_LRP6	WNT2B	FZD3_LRP6	1	1	0.03834749137379812	0.03834749137379812	Endothelial → Oligodendrocyte_myelinating
ndGBM	LAMA4→ITGA6_ITGB4	LAMA4	ITGA6_ITGB4	1	1	0.0387255243179712	0.0387255243179712	Malignant_hypoxia_stress_malignant → Malignant_cycling_candidate
ndGBM	CSF1→SIRPA	CSF1	SIRPA	1	1	0.039103529246497945	0.039103529246497945	Malignant_cycling_candidate → Mural_Pericyte_Fibroblast
ndGBM	LGALS9→LRP1	LGALS9	LRP1	1	1	0.039859438442857616	0.039859438442857616	Mural_Pericyte_Fibroblast → Endothelial
ndGBM	PSAP→GPR37L1	PSAP	GPR37L1	1	1	0.04031119698641043	0.04031119698641043	Oligodendrocyte_myelinating → Malignant_AC_like_reactive_malignant
ndGBM	SEMA3A→NRP1_PLXNA2	SEMA3A	NRP1_PLXNA2	1	1	0.040993058916871855	0.040993058916871855	Malignant_cycling_candidate → Malignant_AC_like_reactive_malignant
ndGBM	GRN→SORT1	GRN	SORT1	1	1	0.04138860134071433	0.04138860134071433	Endothelial → Oligodendrocyte_myelinating
ndGBM	NTN4→DCC	NTN4	DCC	1	1	0.04174864647064602	0.04174864647064602	Mural_Pericyte_Fibroblast → Malignant_cycling_candidate
ndGBM	GNAI2→EDNRA	GNAI2	EDNRA	1	1	0.0418827753327016	0.0418827753327016	Endothelial → Mural_Pericyte_Fibroblast
ndGBM	HMGB1→CXCR4	HMGB1	CXCR4	1	1	0.042379737567093206	0.042379737567093206	Malignant_cycling_candidate → Endothelial
ndGBM	ADAM15→ITGB1	ADAM15	ITGB1	1	1	0.04242959094614858	0.04242959094614858	Endothelial → Mural_Pericyte_Fibroblast
ndGBM	ADCYAP1→ADCYAP1R1	ADCYAP1	ADCYAP1R1	1	1	0.04250410538640911	0.04250410538640911	Endothelial → Malignant_cycling_candidate
ndGBM	BGN→LY96	BGN	LY96	1	1	0.04287947664005157	0.04287947664005157	Mural_Pericyte_Fibroblast → Endothelial
ndGBM	ADM→CALCRL	ADM	CALCRL	1	1	0.04318065182739739	0.04318065182739739	Malignant_hypoxia_stress_malignant → Endothelial
ndGBM	SPP1→ITGAV_ITGB5	SPP1	ITGAV_ITGB5	1	1	0.04343238916813927	0.04343238916813927	Oligodendrocyte_myelinating → Mural_Pericyte_Fibroblast
ndGBM	SEMA3E→PLXND1	SEMA3E	PLXND1	1	1	0.04363705466284485	0.04363705466284485	Malignant_cycling_candidate → Malignant_AC_like_reactive_malignant
ndGBM	GNAI2→S1PR1	GNAI2	S1PR1	1	1	0.04378598696508219	0.04378598696508219	Endothelial → Endothelial
ndGBM	ALCAM→CHL1	ALCAM	CHL1	1	1	0.043836616810767365	0.043836616810767365	Oligodendrocyte_myelinating → Malignant_AC_like_reactive_malignant
ndGBM	ANGPT2→ITGA5_ITGB1	ANGPT2	ITGA5_ITGB1	1	1	0.04439531855323119	0.04439531855323119	Endothelial → Endothelial
ndGBM	APP→LRP10	APP	LRP10	1	1	0.04465037799703947	0.04465037799703947	Oligodendrocyte_myelinating → Endothelial
ndGBM	COL4A2→ITGA10_ITGB1	COL4A2	ITGA10_ITGB1	1	1	0.04485492676529834	0.04485492676529834	Mural_Pericyte_Fibroblast → Mural_Pericyte_Fibroblast
ndGBM	FN1→ITGA4_ITGB1	FN1	ITGA4_ITGB1	1	1	0.04485492676529834	0.04485492676529834	Mural_Pericyte_Fibroblast → Mural_Pericyte_Fibroblast
ndGBM	LAMB1→ITGA3_ITGB1	LAMB1	ITGA3_ITGB1	1	1	0.04514720079974987	0.04514720079974987	Malignant_AC_like_reactive_malignant → Mural_Pericyte_Fibroblast
ndGBM	GNAI2→S1PR3	GNAI2	S1PR3	1	1	0.0451625788898975	0.0451625788898975	Endothelial → Mural_Pericyte_Fibroblast
ndGBM	COL6A3→CD44	COL6A3	CD44	1	1	0.04521394640405553	0.04521394640405553	Mural_Pericyte_Fibroblast → Malignant_AC_like_reactive_malignant
ndGBM	ANGPTL4→SDC2	ANGPTL4	SDC2	1	1	0.04552465488837443	0.04552465488837443	Endothelial → Malignant_cycling_candidate
ndGBM	MIF→TNFRSF10D	MIF	TNFRSF10D	1	1	0.04578086527068605	0.04578086527068605	Malignant_hypoxia_stress_malignant → Endothelial
ndGBM	NID1→ITGAV	NID1	ITGAV	1	1	0.046091489225180665	0.046091489225180665	Mural_Pericyte_Fibroblast → Malignant_AC_like_reactive_malignant
ndGBM	COL4A2→ITGA2_ITGB1	COL4A2	ITGA2_ITGB1	1	1	0.04624718252614125	0.04624718252614125	Mural_Pericyte_Fibroblast → Endothelial
ndGBM	HSPG2→LRP1	HSPG2	LRP1	1	1	0.046351112826582885	0.046351112826582885	Endothelial → Malignant_AC_like_reactive_malignant
ndGBM	COL18A1→KDR	COL18A1	KDR	1	1	0.046820158233302926	0.046820158233302926	Mural_Pericyte_Fibroblast → Endothelial
ndGBM	PTN→PLXNB2	PTN	PLXNB2	1	1	0.0473964650407854	0.0473964650407854	Malignant_cycling_candidate → Mural_Pericyte_Fibroblast
ndGBM	SERPINE1→PLAUR	SERPINE1	PLAUR	1	1	0.047788720998665796	0.047788720998665796	Malignant_cycling_candidate → Malignant_cycling_candidate
ndGBM	LRPAP1→SORT1	LRPAP1	SORT1	1	1	0.04877186721250501	0.04877186721250501	Malignant_cycling_candidate → Oligodendrocyte_myelinating
ndGBM	SDC2→PTPRJ	SDC2	PTPRJ	1	1	0.04892031603087016	0.04892031603087016	Malignant_cycling_candidate → Malignant_cycling_candidate
ndGBM	ANGPTL2→TLR4	ANGPTL2	TLR4	1	1	0.04929745286963652	0.04929745286963652	Mural_Pericyte_Fibroblast → Malignant_AC_like_reactive_malignant
ndGBM	TGFB1→SDC2	TGFB1	SDC2	1	1	0.04967455343136497	0.04967455343136497	Malignant_AC_like_reactive_malignant → Malignant_cycling_candidate
rGBM	TIMP1→CD63	TIMP1	CD63	64	64	2.055493540546422e-05	0.00044116386850260653	Mural_Pericyte_Fibroblast → Malignant_AC_like_reactive_malignant;Mural_Pericyte_Fibroblast → Malignant_OPC_NPC_like_malignant;Malignant_AC_like_reactive_malignant → Malignant_AC_like_reactive_malignant;Malignant_AC_like_reactive_malignant → Malignant_OPC_NPC_like_malignant;Mural_Pericyte_Fibroblast → Oligodendrocyte_myelinating
rGBM	CALM1→PTPRA	CALM1	PTPRA	59	59	0.0005758240548675851	0.0049476521958199	Oligodendrocyte_myelinating → Malignant_AC_like_reactive_malignant;Malignant_AC_like_reactive_malignant → Malignant_AC_like_reactive_malignant;Malignant_OPC_NPC_like_malignant → Malignant_AC_like_reactive_malignant;Malignant_cycling_candidate → Malignant_AC_like_reactive_malignant;Oligodendrocyte_myelinating → Malignant_OPC_NPC_like_malignant
rGBM	PTN→NCL	PTN	NCL	56	56	7.618824069495529e-06	0.0011057445403942748	Malignant_AC_like_reactive_malignant → Malignant_cycling_candidate;Malignant_cycling_candidate → Malignant_cycling_candidate;Malignant_OPC_NPC_like_malignant → Malignant_cycling_candidate;Malignant_AC_like_reactive_malignant → Malignant_OPC_NPC_like_malignant;Malignant_cycling_candidate → Malignant_OPC_NPC_like_malignant
rGBM	HLA-A→APLP2	HLA-A	APLP2	49	49	0.0008014453555719865	0.012214957935284602	Endothelial → Mural_Pericyte_Fibroblast;Endothelial → Endothelial;Oligodendrocyte_myelinating → Mural_Pericyte_Fibroblast;Endothelial → Malignant_AC_like_reactive_malignant;Oligodendrocyte_myelinating → Endothelial
rGBM	LGALS1→ITGB1	LGALS1	ITGB1	43	43	0.00027019613843013167	0.015940981148885133	Mural_Pericyte_Fibroblast → Endothelial;Malignant_AC_like_reactive_malignant → Endothelial;Malignant_hypoxia_stress_malignant → Endothelial;Malignant_cycling_candidate → Endothelial;Malignant_OPC_NPC_like_malignant → Endothelial
rGBM	PTN→PTPRZ1	PTN	PTPRZ1	42	42	9.723641958645037e-09	5.38907809409344e-06	Malignant_AC_like_reactive_malignant → Malignant_OPC_NPC_like_malignant;Malignant_cycling_candidate → Malignant_OPC_NPC_like_malignant;Malignant_OPC_NPC_like_malignant → Malignant_OPC_NPC_like_malignant;Malignant_AC_like_reactive_malignant → Malignant_AC_like_reactive_malignant;Malignant_cycling_candidate → Malignant_AC_like_reactive_malignant
rGBM	MDK→NCL	MDK	NCL	40	40	0.004062190930702916	0.015306466317840262	Malignant_cycling_candidate → Malignant_cycling_candidate;Mural_Pericyte_Fibroblast → Malignant_cycling_candidate;Malignant_NPC_neuronal_like_malignant → Malignant_cycling_candidate;Malignant_cycling_candidate → Malignant_OPC_NPC_like_malignant;Malignant_OPC_NPC_like_malignant → Malignant_cycling_candidate
rGBM	PTN→SDC3	PTN	SDC3	39	39	4.229585226819452e-05	0.009193656331374176	Malignant_AC_like_reactive_malignant → Malignant_AC_like_reactive_malignant;Malignant_cycling_candidate → Malignant_AC_like_reactive_malignant;Malignant_OPC_NPC_like_malignant → Malignant_AC_like_reactive_malignant;Malignant_AC_like_reactive_malignant → Malignant_OPC_NPC_like_malignant;Malignant_cycling_candidate → Malignant_OPC_NPC_like_malignant
rGBM	MDK→PTPRZ1	MDK	PTPRZ1	38	38	1.880723111065365e-05	0.002633012563913499	Malignant_cycling_candidate → Malignant_OPC_NPC_like_malignant;Mural_Pericyte_Fibroblast → Malignant_OPC_NPC_like_malignant;Malignant_NPC_neuronal_like_malignant → Malignant_OPC_NPC_like_malignant;Malignant_cycling_candidate → Malignant_AC_like_reactive_malignant;Malignant_OPC_NPC_like_malignant → Malignant_OPC_NPC_like_malignant
rGBM	NCAM1→PTPRZ1	NCAM1	PTPRZ1	33	33	2.6263340867186157e-05	0.002709844712992053	Oligodendrocyte_myelinating → Malignant_OPC_NPC_like_malignant;Malignant_NPC_neuronal_like_malignant → Malignant_OPC_NPC_like_malignant;Oligodendrocyte_myelinating → Malignant_AC_like_reactive_malignant;Malignant_NPC_neuronal_like_malignant → Malignant_AC_like_reactive_malignant;Oligodendrocyte_myelinating → Malignant_cycling_candidate
rGBM	VIM→CD44	VIM	CD44	30	30	0.00013276856467298704	0.004608384672801126	Mural_Pericyte_Fibroblast → Malignant_AC_like_reactive_malignant;Malignant_AC_like_reactive_malignant → Malignant_AC_like_reactive_malignant;Endothelial → Malignant_AC_like_reactive_malignant;Malignant_hypoxia_stress_malignant → Malignant_AC_like_reactive_malignant;Mural_Pericyte_Fibroblast → Mural_Pericyte_Fibroblast
rGBM	APP→LRP1	APP	LRP1	30	30	0.005903888891386254	0.021973526340514214	Oligodendrocyte_myelinating → Mural_Pericyte_Fibroblast;Oligodendrocyte_myelinating → Malignant_OPC_NPC_like_malignant;Oligodendrocyte_myelinating → Malignant_AC_like_reactive_malignant;Endothelial → Mural_Pericyte_Fibroblast;Mural_Pericyte_Fibroblast → Mural_Pericyte_Fibroblast
rGBM	APOE→LRP1	APOE	LRP1	29	29	0.00014198946045127322	0.01642821575157509	Mural_Pericyte_Fibroblast → Mural_Pericyte_Fibroblast;Mural_Pericyte_Fibroblast → Malignant_OPC_NPC_like_malignant;Mural_Pericyte_Fibroblast → Malignant_AC_like_reactive_malignant;Malignant_AC_like_reactive_malignant → Mural_Pericyte_Fibroblast;Mural_Pericyte_Fibroblast → Malignant_cycling_candidate
rGBM	CALR→LRP1	CALR	LRP1	27	27	0.00748498700859386	0.02714878920616449	Endothelial → Mural_Pericyte_Fibroblast;Endothelial → Malignant_OPC_NPC_like_malignant;Endothelial → Malignant_AC_like_reactive_malignant;Endothelial → Malignant_cycling_candidate;Malignant_AC_like_reactive_malignant → Mural_Pericyte_Fibroblast
rGBM	GSTP1→EGFR	GSTP1	EGFR	26	26	0.005308874647913605	0.02359465991861208	Malignant_cycling_candidate → Malignant_hypoxia_stress_malignant;Malignant_cycling_candidate → Malignant_OPC_NPC_like_malignant;Malignant_OPC_NPC_like_malignant → Malignant_hypoxia_stress_malignant;Malignant_OPC_NPC_like_malignant → Malignant_OPC_NPC_like_malignant;Malignant_AC_like_reactive_malignant → Malignant_hypoxia_stress_malignant
rGBM	YBX1→NOTCH1	YBX1	NOTCH1	23	23	0.004839025716715688	0.021021075860577665	Malignant_cycling_candidate → Malignant_cycling_candidate;Malignant_cycling_candidate → Endothelial;Malignant_cycling_candidate → Malignant_OPC_NPC_like_malignant;Malignant_OPC_NPC_like_malignant → Malignant_cycling_candidate;Malignant_OPC_NPC_like_malignant → Endothelial
rGBM	TNC→PTPRZ1	TNC	PTPRZ1	20	20	2.332190536673554e-05	0.002480537920136989	Malignant_AC_like_reactive_malignant → Malignant_OPC_NPC_like_malignant;Malignant_AC_like_reactive_malignant → Malignant_AC_like_reactive_malignant;Malignant_AC_like_reactive_malignant → Malignant_cycling_candidate;Malignant_OPC_NPC_like_malignant → Malignant_OPC_NPC_like_malignant;Malignant_OPC_NPC_like_malignant → Malignant_AC_like_reactive_malignant
rGBM	APOE→ABCA1	APOE	ABCA1	20	20	0.00048550919421763987	0.007440813403320522	Mural_Pericyte_Fibroblast → Malignant_AC_like_reactive_malignant;Mural_Pericyte_Fibroblast → Oligodendrocyte_myelinating;Malignant_AC_like_reactive_malignant → Malignant_AC_like_reactive_malignant;Mural_Pericyte_Fibroblast → Mural_Pericyte_Fibroblast;Malignant_AC_like_reactive_malignant → Oligodendrocyte_myelinating
rGBM	MIF→EGFR	MIF	EGFR	20	20	0.005667994828840352	0.02209841850619974	Malignant_hypoxia_stress_malignant → Malignant_hypoxia_stress_malignant;Malignant_hypoxia_stress_malignant → Malignant_OPC_NPC_like_malignant;Oligodendrocyte_myelinating → Malignant_hypoxia_stress_malignant;Oligodendrocyte_myelinating → Malignant_OPC_NPC_like_malignant;Malignant_hypoxia_stress_malignant → Malignant_cycling_candidate
rGBM	BCAN→EGFR	BCAN	EGFR	17	17	0.0007959069379806746	0.007418218555810234	Malignant_OPC_NPC_like_malignant → Malignant_hypoxia_stress_malignant;Malignant_OPC_NPC_like_malignant → Malignant_OPC_NPC_like_malignant;Malignant_cycling_candidate → Malignant_hypoxia_stress_malignant;Malignant_cycling_candidate → Malignant_OPC_NPC_like_malignant;Malignant_AC_like_reactive_malignant → Malignant_hypoxia_stress_malignant
rGBM	MDK→LRP1	MDK	LRP1	17	17	0.014131645882083084	0.027305331919129337	Malignant_cycling_candidate → Mural_Pericyte_Fibroblast;Mural_Pericyte_Fibroblast → Mural_Pericyte_Fibroblast;Malignant_cycling_candidate → Malignant_OPC_NPC_like_malignant;Malignant_cycling_candidate → Malignant_AC_like_reactive_malignant;Malignant_NPC_neuronal_like_malignant → Mural_Pericyte_Fibroblast
rGBM	PTN→SDC2	PTN	SDC2	16	16	0.00017150394934234024	0.007393917480257178	Malignant_AC_like_reactive_malignant → Mural_Pericyte_Fibroblast;Malignant_cycling_candidate → Mural_Pericyte_Fibroblast;Malignant_OPC_NPC_like_malignant → Mural_Pericyte_Fibroblast;Malignant_hypoxia_stress_malignant → Mural_Pericyte_Fibroblast;Malignant_AC_like_reactive_malignant → Malignant_hypoxia_stress_malignant
rGBM	BCAN→NRCAM	BCAN	NRCAM	15	15	0.00041476742555289687	0.004494186971750246	Malignant_OPC_NPC_like_malignant → Malignant_AC_like_reactive_malignant;Malignant_OPC_NPC_like_malignant → Malignant_OPC_NPC_like_malignant;Malignant_cycling_candidate → Malignant_AC_like_reactive_malignant;Malignant_AC_like_reactive_malignant → Malignant_AC_like_reactive_malignant;Malignant_OPC_NPC_like_malignant → Malignant_cycling_candidate
rGBM	CALM1→INSR	CALM1	INSR	15	15	0.0007739442453928256	0.007568860837347031	Oligodendrocyte_myelinating → Endothelial;Malignant_AC_like_reactive_malignant → Endothelial;Malignant_OPC_NPC_like_malignant → Endothelial;Malignant_cycling_candidate → Endothelial;Malignant_NPC_neuronal_like_malignant → Endothelial
rGBM	SPP1→ITGAV_ITGB1	SPP1	ITGAV_ITGB1	15	15	0.0016594611029299357	0.01606212249879299	Oligodendrocyte_myelinating → Malignant_AC_like_reactive_malignant;Oligodendrocyte_myelinating → Oligodendrocyte_myelinating;Oligodendrocyte_myelinating → Mural_Pericyte_Fibroblast;Oligodendrocyte_myelinating → Malignant_hypoxia_stress_malignant;Oligodendrocyte_myelinating → Malignant_OPC_NPC_like_malignant
rGBM	GNAI2→EGFR	GNAI2	EGFR	15	15	0.007351742280483151	0.027935820741043095	Endothelial → Malignant_hypoxia_stress_malignant;Endothelial → Malignant_OPC_NPC_like_malignant;Endothelial → Malignant_cycling_candidate;Endothelial → Malignant_AC_like_reactive_malignant;Malignant_OPC_NPC_like_malignant → Malignant_hypoxia_stress_malignant
rGBM	LAMB2→RPSA	LAMB2	RPSA	15	15	0.01808643920900753	0.02646512849812009	Malignant_AC_like_reactive_malignant → Malignant_cycling_candidate;Malignant_AC_like_reactive_malignant → Malignant_OPC_NPC_like_malignant;Malignant_AC_like_reactive_malignant → Malignant_hypoxia_stress_malignant;Malignant_AC_like_reactive_malignant → Endothelial;Endothelial → Malignant_cycling_candidate
rGBM	PSAP→LRP1	PSAP	LRP1	13	13	0.002530249539258047	0.02271133029329554	Oligodendrocyte_myelinating → Mural_Pericyte_Fibroblast;Oligodendrocyte_myelinating → Malignant_OPC_NPC_like_malignant;Oligodendrocyte_myelinating → Malignant_AC_like_reactive_malignant;Oligodendrocyte_myelinating → Malignant_cycling_candidate;Oligodendrocyte_myelinating → Malignant_hypoxia_stress_malignant
rGBM	MDK→SDC3	MDK	SDC3	13	13	0.012773529682271018	0.028958939595483166	Malignant_cycling_candidate → Malignant_AC_like_reactive_malignant;Mural_Pericyte_Fibroblast → Malignant_AC_like_reactive_malignant;Malignant_NPC_neuronal_like_malignant → Malignant_AC_like_reactive_malignant;Malignant_OPC_NPC_like_malignant → Malignant_AC_like_reactive_malignant;Malignant_cycling_candidate → Malignant_OPC_NPC_like_malignant
rGBM	SPP1→CD44	SPP1	CD44	12	12	0.00027019613843013167	0.021593680390290526	Oligodendrocyte_myelinating → Malignant_AC_like_reactive_malignant;Oligodendrocyte_myelinating → Mural_Pericyte_Fibroblast;Oligodendrocyte_myelinating → Malignant_hypoxia_stress_malignant;Malignant_AC_like_reactive_malignant → Malignant_AC_like_reactive_malignant;Malignant_AC_like_reactive_malignant → Mural_Pericyte_Fibroblast
rGBM	PTN→PLXNB2	PTN	PLXNB2	12	12	0.005043673034648288	0.02177673967299238	Malignant_AC_like_reactive_malignant → Mural_Pericyte_Fibroblast;Malignant_cycling_candidate → Mural_Pericyte_Fibroblast;Malignant_OPC_NPC_like_malignant → Mural_Pericyte_Fibroblast;Malignant_AC_like_reactive_malignant → Endothelial;Malignant_cycling_candidate → Endothelial
rGBM	VEGFA→ITGB1	VEGFA	ITGB1	11	11	0.0002298327086366212	0.013746453556898876	Malignant_hypoxia_stress_malignant → Endothelial;Malignant_hypoxia_stress_malignant → Mural_Pericyte_Fibroblast;Malignant_hypoxia_stress_malignant → Oligodendrocyte_myelinating;Malignant_hypoxia_stress_malignant → Malignant_AC_like_reactive_malignant;Malignant_hypoxia_stress_malignant → Malignant_hypoxia_stress_malignant
rGBM	CNTN1→PTPRZ1	CNTN1	PTPRZ1	11	11	0.004825530722035986	0.030328500089721513	Malignant_OPC_NPC_like_malignant → Malignant_OPC_NPC_like_malignant;Malignant_OPC_NPC_like_malignant → Malignant_AC_like_reactive_malignant;Malignant_OPC_NPC_like_malignant → Malignant_cycling_candidate;Malignant_cycling_candidate → Malignant_OPC_NPC_like_malignant;Malignant_NPC_neuronal_like_malignant → Malignant_OPC_NPC_like_malignant
rGBM	CALR→ITGAV	CALR	ITGAV	11	11	0.011564873596857005	0.03082496489894814	Endothelial → Malignant_AC_like_reactive_malignant;Endothelial → Malignant_OPC_NPC_like_malignant;Endothelial → Oligodendrocyte_myelinating;Malignant_AC_like_reactive_malignant → Malignant_AC_like_reactive_malignant;Endothelial → Mural_Pericyte_Fibroblast
rGBM	APOE→SDC2	APOE	SDC2	10	10	0.000279972527274869	0.02284566204122574	Mural_Pericyte_Fibroblast → Mural_Pericyte_Fibroblast;Malignant_AC_like_reactive_malignant → Mural_Pericyte_Fibroblast;Mural_Pericyte_Fibroblast → Malignant_hypoxia_stress_malignant;Malignant_AC_like_reactive_malignant → Malignant_hypoxia_stress_malignant;Oligodendrocyte_myelinating → Mural_Pericyte_Fibroblast
rGBM	PSAP→SORT1	PSAP	SORT1	10	10	0.0013561802634745957	0.022309656865873263	Oligodendrocyte_myelinating → Oligodendrocyte_myelinating;Oligodendrocyte_myelinating → Malignant_AC_like_reactive_malignant;Endothelial → Oligodendrocyte_myelinating;Malignant_AC_like_reactive_malignant → Oligodendrocyte_myelinating;Oligodendrocyte_myelinating → Malignant_cycling_candidate
rGBM	LGALS3BP→ITGB1	LGALS3BP	ITGB1	10	10	0.0018982710541574363	0.02725366156933553	Oligodendrocyte_myelinating → Endothelial;Mural_Pericyte_Fibroblast → Endothelial;Malignant_AC_like_reactive_malignant → Endothelial;Oligodendrocyte_myelinating → Mural_Pericyte_Fibroblast;Oligodendrocyte_myelinating → Oligodendrocyte_myelinating
rGBM	APP→CD74	APP	CD74	10	10	0.0029376071406992882	0.013805638864689827	Oligodendrocyte_myelinating → Endothelial;Endothelial → Endothelial;Mural_Pericyte_Fibroblast → Endothelial;Malignant_AC_like_reactive_malignant → Endothelial;Malignant_OPC_NPC_like_malignant → Endothelial
rGBM	VCAN→ITGB1	VCAN	ITGB1	9	9	0.003914857415267092	0.03216769022082963	Malignant_OPC_NPC_like_malignant → Endothelial;Malignant_cycling_candidate → Endothelial;Malignant_NPC_neuronal_like_malignant → Endothelial;Malignant_AC_like_reactive_malignant → Endothelial;Mural_Pericyte_Fibroblast → Endothelial
rGBM	SPARC→FGFR1	SPARC	FGFR1	9	9	0.004300951173316756	0.02977050682506696	Endothelial → Mural_Pericyte_Fibroblast;Endothelial → Malignant_hypoxia_stress_malignant;Endothelial → Malignant_AC_like_reactive_malignant;Endothelial → Endothelial;Endothelial → Malignant_OPC_NPC_like_malignant
rGBM	TIMP2→ITGB1	TIMP2	ITGB1	9	9	0.005451136046589592	0.01816364442272771	Oligodendrocyte_myelinating → Endothelial;Malignant_AC_like_reactive_malignant → Endothelial;Mural_Pericyte_Fibroblast → Endothelial;Malignant_OPC_NPC_like_malignant → Endothelial;Malignant_cycling_candidate → Endothelial
rGBM	ANXA1→EGFR	ANXA1	EGFR	9	9	0.008991263348399187	0.022568071788029716	Mural_Pericyte_Fibroblast → Malignant_hypoxia_stress_malignant;Mural_Pericyte_Fibroblast → Malignant_OPC_NPC_like_malignant;Endothelial → Malignant_hypoxia_stress_malignant;Mural_Pericyte_Fibroblast → Malignant_cycling_candidate;Mural_Pericyte_Fibroblast → Malignant_AC_like_reactive_malignant
rGBM	APP→GPC1	APP	GPC1	9	9	0.012385532190504818	0.025637539201209793	Oligodendrocyte_myelinating → Malignant_AC_like_reactive_malignant;Endothelial → Malignant_AC_like_reactive_malignant;Mural_Pericyte_Fibroblast → Malignant_AC_like_reactive_malignant;Oligodendrocyte_myelinating → Malignant_OPC_NPC_like_malignant;Oligodendrocyte_myelinating → Malignant_cycling_candidate
rGBM	NCAM1→PTPRA	NCAM1	PTPRA	9	9	0.020199605458594998	0.03773774426988128	Oligodendrocyte_myelinating → Malignant_AC_like_reactive_malignant;Malignant_NPC_neuronal_like_malignant → Malignant_AC_like_reactive_malignant;Oligodendrocyte_myelinating → Malignant_OPC_NPC_like_malignant;Oligodendrocyte_myelinating → Malignant_cycling_candidate;Malignant_NPC_neuronal_like_malignant → Malignant_OPC_NPC_like_malignant
rGBM	VWF→ITGB1	VWF	ITGB1	8	8	3.854070046566444e-05	0.003507880291572518	Endothelial → Endothelial;Endothelial → Mural_Pericyte_Fibroblast;Endothelial → Oligodendrocyte_myelinating;Endothelial → Malignant_AC_like_reactive_malignant;Endothelial → Malignant_hypoxia_stress_malignant
rGBM	LGALS3→ENG	LGALS3	ENG	8	8	0.000241905848203778	0.007377750253855555	Malignant_AC_like_reactive_malignant → Endothelial;Malignant_hypoxia_stress_malignant → Endothelial;Malignant_OPC_NPC_like_malignant → Endothelial;Malignant_cycling_candidate → Endothelial;Mural_Pericyte_Fibroblast → Endothelial
rGBM	HSPG2→ITGB1	HSPG2	ITGB1	8	8	0.00025428691904798225	0.012750035026719762	Endothelial → Endothelial;Endothelial → Mural_Pericyte_Fibroblast;Endothelial → Oligodendrocyte_myelinating;Endothelial → Malignant_AC_like_reactive_malignant;Endothelial → Malignant_hypoxia_stress_malignant
rGBM	HMGB1→THBD	HMGB1	THBD	8	8	0.0008693937321806313	0.009253637035515027	Malignant_cycling_candidate → Endothelial;Malignant_OPC_NPC_like_malignant → Endothelial;Malignant_AC_like_reactive_malignant → Endothelial;Oligodendrocyte_myelinating → Endothelial;Malignant_NPC_neuronal_like_malignant → Endothelial
rGBM	PKM→CD44	PKM	CD44	8	8	0.012686804234276854	0.03272348893757967	Malignant_hypoxia_stress_malignant → Malignant_AC_like_reactive_malignant;Malignant_AC_like_reactive_malignant → Malignant_AC_like_reactive_malignant;Malignant_cycling_candidate → Malignant_AC_like_reactive_malignant;Malignant_hypoxia_stress_malignant → Mural_Pericyte_Fibroblast;Malignant_OPC_NPC_like_malignant → Malignant_AC_like_reactive_malignant
rGBM	APOE→LRP6	APOE	LRP6	8	8	0.021021075860577665	0.037379243151522135	Mural_Pericyte_Fibroblast → Malignant_NPC_neuronal_like_malignant;Mural_Pericyte_Fibroblast → Malignant_OPC_NPC_like_malignant;Mural_Pericyte_Fibroblast → Endothelial;Malignant_AC_like_reactive_malignant → Malignant_NPC_neuronal_like_malignant;Mural_Pericyte_Fibroblast → Malignant_cycling_candidate
rGBM	SPARC→ENG	SPARC	ENG	7	7	9.95024531500941e-06	0.005479810480124543	Endothelial → Endothelial;Mural_Pericyte_Fibroblast → Endothelial;Malignant_AC_like_reactive_malignant → Endothelial;Malignant_hypoxia_stress_malignant → Endothelial;Malignant_OPC_NPC_like_malignant → Endothelial
rGBM	PTN→PTPRB	PTN	PTPRB	7	7	0.00011525316483351536	0.004352072280832851	Malignant_AC_like_reactive_malignant → Endothelial;Malignant_cycling_candidate → Endothelial;Malignant_OPC_NPC_like_malignant → Endothelial;Malignant_hypoxia_stress_malignant → Endothelial;Oligodendrocyte_myelinating → Endothelial
rGBM	COL4A1→CD47	COL4A1	CD47	7	7	0.00046412764904023464	0.0109119983731549	Endothelial → Oligodendrocyte_myelinating;Endothelial → Mural_Pericyte_Fibroblast;Endothelial → Malignant_AC_like_reactive_malignant;Endothelial → Malignant_cycling_candidate;Endothelial → Malignant_hypoxia_stress_malignant
rGBM	FN1→ITGAV_ITGB1	FN1	ITGAV_ITGB1	7	7	0.0017975256185597493	0.003251696557897433	Mural_Pericyte_Fibroblast → Malignant_AC_like_reactive_malignant;Mural_Pericyte_Fibroblast → Oligodendrocyte_myelinating;Mural_Pericyte_Fibroblast → Mural_Pericyte_Fibroblast;Mural_Pericyte_Fibroblast → Malignant_hypoxia_stress_malignant;Mural_Pericyte_Fibroblast → Malignant_OPC_NPC_like_malignant
rGBM	HMGB1→CXCR4	HMGB1	CXCR4	7	7	0.002090030693508743	0.012172494314688823	Malignant_cycling_candidate → Endothelial;Malignant_OPC_NPC_like_malignant → Endothelial;Malignant_AC_like_reactive_malignant → Endothelial;Oligodendrocyte_myelinating → Endothelial;Malignant_NPC_neuronal_like_malignant → Endothelial
rGBM	CALM1→AQP1	CALM1	AQP1	7	7	0.0022722756976990225	0.00355826512028312	Oligodendrocyte_myelinating → Endothelial;Malignant_AC_like_reactive_malignant → Endothelial;Malignant_OPC_NPC_like_malignant → Endothelial;Malignant_cycling_candidate → Endothelial;Malignant_NPC_neuronal_like_malignant → Endothelial
rGBM	VEGFA→ITGAV	VEGFA	ITGAV	7	7	0.004111898372808972	0.011420477660661245	Malignant_hypoxia_stress_malignant → Malignant_AC_like_reactive_malignant;Malignant_hypoxia_stress_malignant → Malignant_OPC_NPC_like_malignant;Malignant_hypoxia_stress_malignant → Oligodendrocyte_myelinating;Malignant_hypoxia_stress_malignant → Mural_Pericyte_Fibroblast;Malignant_hypoxia_stress_malignant → Malignant_hypoxia_stress_malignant
rGBM	CALM1→PDE1C	CALM1	PDE1C	7	7	0.0063280606881113005	0.008863615001297637	Oligodendrocyte_myelinating → Oligodendrocyte_myelinating;Malignant_AC_like_reactive_malignant → Oligodendrocyte_myelinating;Malignant_OPC_NPC_like_malignant → Oligodendrocyte_myelinating;Malignant_cycling_candidate → Oligodendrocyte_myelinating;Malignant_NPC_neuronal_like_malignant → Oligodendrocyte_myelinating
rGBM	CALM1→GRM3	CALM1	GRM3	7	7	0.0085038238298389	0.0103755312529255	Oligodendrocyte_myelinating → Oligodendrocyte_myelinating;Malignant_AC_like_reactive_malignant → Oligodendrocyte_myelinating;Malignant_OPC_NPC_like_malignant → Oligodendrocyte_myelinating;Malignant_cycling_candidate → Oligodendrocyte_myelinating;Malignant_NPC_neuronal_like_malignant → Oligodendrocyte_myelinating
rGBM	EDIL3→ITGAV	EDIL3	ITGAV	7	7	0.008936446181521068	0.020444387649271714	Oligodendrocyte_myelinating → Malignant_AC_like_reactive_malignant;Oligodendrocyte_myelinating → Malignant_OPC_NPC_like_malignant;Oligodendrocyte_myelinating → Oligodendrocyte_myelinating;Oligodendrocyte_myelinating → Mural_Pericyte_Fibroblast;Oligodendrocyte_myelinating → Malignant_hypoxia_stress_malignant
rGBM	RTN4→LINGO1	RTN4	LINGO1	7	7	0.009890574740242266	0.03839912657678119	Oligodendrocyte_myelinating → Malignant_OPC_NPC_like_malignant;Oligodendrocyte_myelinating → Malignant_NPC_neuronal_like_malignant;Oligodendrocyte_myelinating → Malignant_cycling_candidate;Malignant_NPC_neuronal_like_malignant → Malignant_OPC_NPC_like_malignant;Malignant_OPC_NPC_like_malignant → Malignant_OPC_NPC_like_malignant
rGBM	VWF→LRP1	VWF	LRP1	6	6	0.000279972527274869	0.0006430210501819352	Endothelial → Mural_Pericyte_Fibroblast;Endothelial → Malignant_OPC_NPC_like_malignant;Endothelial → Malignant_AC_like_reactive_malignant;Endothelial → Malignant_cycling_candidate;Endothelial → Malignant_hypoxia_stress_malignant
rGBM	A2M→LRP1	A2M	LRP1	6	6	0.00035695200080957605	0.0009245910420968142	Endothelial → Mural_Pericyte_Fibroblast;Endothelial → Malignant_OPC_NPC_like_malignant;Endothelial → Malignant_AC_like_reactive_malignant;Endothelial → Malignant_cycling_candidate;Endothelial → Malignant_hypoxia_stress_malignant
rGBM	COL1A1→DDR1	COL1A1	DDR1	6	6	0.0008926533532564568	0.009504464525779032	Mural_Pericyte_Fibroblast → Oligodendrocyte_myelinating;Mural_Pericyte_Fibroblast → Malignant_AC_like_reactive_malignant;Mural_Pericyte_Fibroblast → Malignant_OPC_NPC_like_malignant;Mural_Pericyte_Fibroblast → Malignant_cycling_candidate;Mural_Pericyte_Fibroblast → Malignant_NPC_neuronal_like_malignant
rGBM	VEGFA→EGFR	VEGFA	EGFR	6	6	0.0021893328645058887	0.008256320148617595	Malignant_hypoxia_stress_malignant → Malignant_hypoxia_stress_malignant;Malignant_hypoxia_stress_malignant → Malignant_OPC_NPC_like_malignant;Malignant_hypoxia_stress_malignant → Malignant_cycling_candidate;Malignant_hypoxia_stress_malignant → Malignant_AC_like_reactive_malignant;Malignant_hypoxia_stress_malignant → Mural_Pericyte_Fibroblast
rGBM	HSPG2→LRP1	HSPG2	LRP1	6	6	0.0023096284255071904	0.005438612244618736	Endothelial → Mural_Pericyte_Fibroblast;Endothelial → Malignant_OPC_NPC_like_malignant;Endothelial → Malignant_AC_like_reactive_malignant;Endothelial → Malignant_cycling_candidate;Endothelial → Malignant_hypoxia_stress_malignant
rGBM	TIMP1→FGFR2	TIMP1	FGFR2	6	6	0.003770206038784179	0.011919308344821227	Mural_Pericyte_Fibroblast → Oligodendrocyte_myelinating;Malignant_AC_like_reactive_malignant → Oligodendrocyte_myelinating;Endothelial → Oligodendrocyte_myelinating;Malignant_hypoxia_stress_malignant → Oligodendrocyte_myelinating;Malignant_OPC_NPC_like_malignant → Oligodendrocyte_myelinating
rGBM	GNAI2→CAV1	GNAI2	CAV1	6	6	0.01063218187123174	0.042466306659739106	Endothelial → Endothelial;Endothelial → Malignant_hypoxia_stress_malignant;Malignant_OPC_NPC_like_malignant → Endothelial;Malignant_cycling_candidate → Endothelial;Malignant_AC_like_reactive_malignant → Endothelial
rGBM	NCAN→CDH2	NCAN	CDH2	6	6	0.012665166565398964	0.03262306663626305	Malignant_AC_like_reactive_malignant → Malignant_AC_like_reactive_malignant;Malignant_AC_like_reactive_malignant → Malignant_OPC_NPC_like_malignant;Malignant_AC_like_reactive_malignant → Malignant_cycling_candidate;Malignant_AC_like_reactive_malignant → Malignant_hypoxia_stress_malignant;Malignant_AC_like_reactive_malignant → Malignant_NPC_neuronal_like_malignant
rGBM	FN1→CD44	FN1	CD44	5	5	0.00029327690101121917	0.002162024375268982	Mural_Pericyte_Fibroblast → Malignant_AC_like_reactive_malignant;Mural_Pericyte_Fibroblast → Mural_Pericyte_Fibroblast;Mural_Pericyte_Fibroblast → Malignant_hypoxia_stress_malignant;Mural_Pericyte_Fibroblast → Oligodendrocyte_myelinating;Mural_Pericyte_Fibroblast → Endothelial
rGBM	COL1A2→CD44	COL1A2	CD44	5	5	0.0003034570266619796	0.0022722756976990225	Mural_Pericyte_Fibroblast → Malignant_AC_like_reactive_malignant;Mural_Pericyte_Fibroblast → Mural_Pericyte_Fibroblast;Mural_Pericyte_Fibroblast → Malignant_hypoxia_stress_malignant;Mural_Pericyte_Fibroblast → Oligodendrocyte_myelinating;Mural_Pericyte_Fibroblast → Endothelial
rGBM	SPP1→ITGA5_ITGB1	SPP1	ITGA5_ITGB1	5	5	0.00033864005625103657	0.031526484797642876	Oligodendrocyte_myelinating → Endothelial;Malignant_AC_like_reactive_malignant → Endothelial;Oligodendrocyte_myelinating → Mural_Pericyte_Fibroblast;Malignant_cycling_candidate → Endothelial;Malignant_OPC_NPC_like_malignant → Endothelial
rGBM	FN1→ITGAV_ITGB8	FN1	ITGAV_ITGB8	5	5	0.00035325118128559657	0.0019799561843298046	Mural_Pericyte_Fibroblast → Malignant_AC_like_reactive_malignant;Mural_Pericyte_Fibroblast → Malignant_OPC_NPC_like_malignant;Mural_Pericyte_Fibroblast → Oligodendrocyte_myelinating;Mural_Pericyte_Fibroblast → Malignant_hypoxia_stress_malignant;Mural_Pericyte_Fibroblast → Malignant_cycling_candidate
rGBM	COL1A2→ITGAV_ITGB8	COL1A2	ITGAV_ITGB8	5	5	0.0003681695625562287	0.0021079159009776373	Mural_Pericyte_Fibroblast → Malignant_AC_like_reactive_malignant;Mural_Pericyte_Fibroblast → Malignant_OPC_NPC_like_malignant;Mural_Pericyte_Fibroblast → Oligodendrocyte_myelinating;Mural_Pericyte_Fibroblast → Malignant_hypoxia_stress_malignant;Mural_Pericyte_Fibroblast → Malignant_cycling_candidate
rGBM	COL4A1→ITGAV_ITGB8	COL4A1	ITGAV_ITGB8	5	5	0.002319013796199818	0.007653191428575326	Endothelial → Malignant_AC_like_reactive_malignant;Endothelial → Malignant_OPC_NPC_like_malignant;Endothelial → Oligodendrocyte_myelinating;Endothelial → Malignant_hypoxia_stress_malignant;Endothelial → Malignant_cycling_candidate
rGBM	COL1A1→ITGAV_ITGB8	COL1A1	ITGAV_ITGB8	5	5	0.003087270934972919	0.009267797877756983	Mural_Pericyte_Fibroblast → Malignant_AC_like_reactive_malignant;Mural_Pericyte_Fibroblast → Malignant_OPC_NPC_like_malignant;Mural_Pericyte_Fibroblast → Oligodendrocyte_myelinating;Mural_Pericyte_Fibroblast → Malignant_hypoxia_stress_malignant;Mural_Pericyte_Fibroblast → Malignant_cycling_candidate
rGBM	EFEMP1→EGFR	EFEMP1	EGFR	5	5	0.007105070141370417	0.01747451901516662	Mural_Pericyte_Fibroblast → Malignant_hypoxia_stress_malignant;Mural_Pericyte_Fibroblast → Malignant_OPC_NPC_like_malignant;Mural_Pericyte_Fibroblast → Malignant_cycling_candidate;Mural_Pericyte_Fibroblast → Malignant_AC_like_reactive_malignant;Mural_Pericyte_Fibroblast → Mural_Pericyte_Fibroblast
rGBM	COL4A2→ITGAV_ITGB8	COL4A2	ITGAV_ITGB8	5	5	0.007960570492767894	0.017702794402309086	Endothelial → Malignant_AC_like_reactive_malignant;Endothelial → Malignant_OPC_NPC_like_malignant;Endothelial → Oligodendrocyte_myelinating;Endothelial → Malignant_hypoxia_stress_malignant;Endothelial → Malignant_cycling_candidate
rGBM	MDK→ITGA6_ITGB1	MDK	ITGA6_ITGB1	5	5	0.013544622186398611	0.01936736829034371	Malignant_cycling_candidate → Endothelial;Mural_Pericyte_Fibroblast → Endothelial;Malignant_NPC_neuronal_like_malignant → Endothelial;Malignant_OPC_NPC_like_malignant → Endothelial;Malignant_AC_like_reactive_malignant → Endothelial
rGBM	ADAM9→ITGB1	ADAM9	ITGB1	5	5	0.016135022889451515	0.03693681145041652	Malignant_AC_like_reactive_malignant → Endothelial;Malignant_OPC_NPC_like_malignant → Endothelial;Malignant_hypoxia_stress_malignant → Endothelial;Malignant_cycling_candidate → Endothelial;Oligodendrocyte_myelinating → Endothelial
rGBM	GNAS→ADORA1	GNAS	ADORA1	5	5	0.027430878271857573	0.03102463068263952	Malignant_NPC_neuronal_like_malignant → Malignant_AC_like_reactive_malignant;Malignant_cycling_candidate → Malignant_AC_like_reactive_malignant;Malignant_OPC_NPC_like_malignant → Malignant_AC_like_reactive_malignant;Malignant_AC_like_reactive_malignant → Malignant_AC_like_reactive_malignant;Malignant_hypoxia_stress_malignant → Malignant_AC_like_reactive_malignant
rGBM	SERPINE2→LRP1	SERPINE2	LRP1	5	5	0.030559702898251856	0.042018509441913196	Malignant_OPC_NPC_like_malignant → Mural_Pericyte_Fibroblast;Malignant_OPC_NPC_like_malignant → Malignant_OPC_NPC_like_malignant;Malignant_OPC_NPC_like_malignant → Malignant_AC_like_reactive_malignant;Malignant_AC_like_reactive_malignant → Mural_Pericyte_Fibroblast;Malignant_cycling_candidate → Mural_Pericyte_Fibroblast
rGBM	FN1→MAG	FN1	MAG	4	4	5.141326410459368e-06	0.008113030738548677	Mural_Pericyte_Fibroblast → Oligodendrocyte_myelinating;Endothelial → Oligodendrocyte_myelinating;Malignant_hypoxia_stress_malignant → Oligodendrocyte_myelinating;Malignant_AC_like_reactive_malignant → Oligodendrocyte_myelinating
rGBM	FADD→FAS	FADD	FAS	4	4	0.0011831597363472603	0.016387282373449365	Mural_Pericyte_Fibroblast → Endothelial;Malignant_NPC_neuronal_like_malignant → Endothelial;Oligodendrocyte_myelinating → Endothelial;Malignant_OPC_NPC_like_malignant → Endothelial
rGBM	APOE→SORL1	APOE	SORL1	4	4	0.002589438832803172	0.008085076962098394	Mural_Pericyte_Fibroblast → Oligodendrocyte_myelinating;Malignant_AC_like_reactive_malignant → Oligodendrocyte_myelinating;Mural_Pericyte_Fibroblast → Malignant_AC_like_reactive_malignant;Malignant_AC_like_reactive_malignant → Malignant_AC_like_reactive_malignant
rGBM	PSAP→GPR37	PSAP	GPR37	4	4	0.0029799937340442874	0.03155428671445583	Oligodendrocyte_myelinating → Oligodendrocyte_myelinating;Endothelial → Oligodendrocyte_myelinating;Malignant_AC_like_reactive_malignant → Oligodendrocyte_myelinating;Mural_Pericyte_Fibroblast → Oligodendrocyte_myelinating
rGBM	F8→LDLR	F8	LDLR	4	4	0.0035485457517403984	0.023895910226810348	Mural_Pericyte_Fibroblast → Malignant_AC_like_reactive_malignant;Malignant_hypoxia_stress_malignant → Malignant_AC_like_reactive_malignant;Mural_Pericyte_Fibroblast → Malignant_hypoxia_stress_malignant;Malignant_AC_like_reactive_malignant → Malignant_AC_like_reactive_malignant
rGBM	TF→TFRC	TF	TFRC	4	4	0.005126698774918552	0.014710511803319549	Oligodendrocyte_myelinating → Malignant_hypoxia_stress_malignant;Oligodendrocyte_myelinating → Malignant_AC_like_reactive_malignant;Oligodendrocyte_myelinating → Malignant_OPC_NPC_like_malignant;Oligodendrocyte_myelinating → Malignant_cycling_candidate
rGBM	COL3A1→DDR1	COL3A1	DDR1	4	4	0.007154074879777892	0.02622166512817141	Mural_Pericyte_Fibroblast → Oligodendrocyte_myelinating;Mural_Pericyte_Fibroblast → Malignant_AC_like_reactive_malignant;Mural_Pericyte_Fibroblast → Malignant_OPC_NPC_like_malignant;Mural_Pericyte_Fibroblast → Malignant_cycling_candidate
rGBM	COL9A3→MAG	COL9A3	MAG	4	4	0.007203243755022717	0.009871051367255142	Malignant_OPC_NPC_like_malignant → Oligodendrocyte_myelinating;Malignant_cycling_candidate → Oligodendrocyte_myelinating;Oligodendrocyte_myelinating → Oligodendrocyte_myelinating;Malignant_AC_like_reactive_malignant → Oligodendrocyte_myelinating
rGBM	JAM3→ITGB1	JAM3	ITGB1	4	4	0.008468245613446286	0.023951267032339886	Oligodendrocyte_myelinating → Endothelial;Mural_Pericyte_Fibroblast → Endothelial;Malignant_cycling_candidate → Endothelial;Malignant_OPC_NPC_like_malignant → Endothelial
rGBM	EFNB3→EPHB4	EFNB3	EPHB4	4	4	0.011522540392052397	0.027130531803807124	Malignant_AC_like_reactive_malignant → Malignant_hypoxia_stress_malignant;Malignant_AC_like_reactive_malignant → Malignant_OPC_NPC_like_malignant;Malignant_AC_like_reactive_malignant → Mural_Pericyte_Fibroblast;Malignant_AC_like_reactive_malignant → Malignant_AC_like_reactive_malignant
rGBM	HSPG2→DAG1	HSPG2	DAG1	4	4	0.013035427722358828	0.020502676614964126	Endothelial → Malignant_AC_like_reactive_malignant;Endothelial → Malignant_OPC_NPC_like_malignant;Endothelial → Malignant_cycling_candidate;Endothelial → Malignant_hypoxia_stress_malignant
rGBM	SLIT2→APP	SLIT2	APP	4	4	0.014824003980193531	0.02935739027694487	Mural_Pericyte_Fibroblast → Oligodendrocyte_myelinating;Mural_Pericyte_Fibroblast → Endothelial;Mural_Pericyte_Fibroblast → Mural_Pericyte_Fibroblast;Mural_Pericyte_Fibroblast → Malignant_AC_like_reactive_malignant
rGBM	DCN→EGFR	DCN	EGFR	4	4	0.016674496506272285	0.03339300160923671	Mural_Pericyte_Fibroblast → Malignant_hypoxia_stress_malignant;Mural_Pericyte_Fibroblast → Malignant_OPC_NPC_like_malignant;Mural_Pericyte_Fibroblast → Malignant_cycling_candidate;Mural_Pericyte_Fibroblast → Malignant_AC_like_reactive_malignant
rGBM	NCAM1→FGFR2	NCAM1	FGFR2	4	4	0.018760839584742013	0.029259188249419435	Oligodendrocyte_myelinating → Oligodendrocyte_myelinating;Malignant_NPC_neuronal_like_malignant → Oligodendrocyte_myelinating;Malignant_cycling_candidate → Oligodendrocyte_myelinating;Malignant_OPC_NPC_like_malignant → Oligodendrocyte_myelinating
rGBM	MDK→SDC2	MDK	SDC2	4	4	0.022339763891847473	0.029170739025577052	Malignant_cycling_candidate → Mural_Pericyte_Fibroblast;Mural_Pericyte_Fibroblast → Mural_Pericyte_Fibroblast;Malignant_NPC_neuronal_like_malignant → Mural_Pericyte_Fibroblast;Malignant_OPC_NPC_like_malignant → Mural_Pericyte_Fibroblast
rGBM	VCAN→EGFR	VCAN	EGFR	4	4	0.02236824283866833	0.028877560444929513	Malignant_OPC_NPC_like_malignant → Malignant_hypoxia_stress_malignant;Malignant_OPC_NPC_like_malignant → Malignant_OPC_NPC_like_malignant;Malignant_cycling_candidate → Malignant_hypoxia_stress_malignant;Malignant_cycling_candidate → Malignant_OPC_NPC_like_malignant
rGBM	NAMPT→INSR	NAMPT	INSR	4	4	0.02331778257642259	0.025706735326726432	Endothelial → Endothelial;Malignant_AC_like_reactive_malignant → Endothelial;Mural_Pericyte_Fibroblast → Endothelial;Malignant_hypoxia_stress_malignant → Endothelial
rGBM	C3→CD81	C3	CD81	4	4	0.024079281251039655	0.038063422684092185	Mural_Pericyte_Fibroblast → Malignant_AC_like_reactive_malignant;Mural_Pericyte_Fibroblast → Mural_Pericyte_Fibroblast;Mural_Pericyte_Fibroblast → Malignant_OPC_NPC_like_malignant;Mural_Pericyte_Fibroblast → Endothelial
rGBM	IRAK4→TLR4	IRAK4	TLR4	4	4	0.030661143418300646	0.0371194831185352	Mural_Pericyte_Fibroblast → Mural_Pericyte_Fibroblast;Malignant_cycling_candidate → Mural_Pericyte_Fibroblast;Malignant_OPC_NPC_like_malignant → Mural_Pericyte_Fibroblast;Malignant_hypoxia_stress_malignant → Mural_Pericyte_Fibroblast
rGBM	APP→LRP10	APP	LRP10	4	4	0.03085819784087964	0.03764692576704676	Oligodendrocyte_myelinating → Malignant_AC_like_reactive_malignant;Oligodendrocyte_myelinating → Endothelial;Oligodendrocyte_myelinating → Mural_Pericyte_Fibroblast;Oligodendrocyte_myelinating → Oligodendrocyte_myelinating
rGBM	FN1→SDC2	FN1	SDC2	3	3	0.00031033990218279735	0.00996740679109626	Mural_Pericyte_Fibroblast → Mural_Pericyte_Fibroblast;Mural_Pericyte_Fibroblast → Malignant_hypoxia_stress_malignant;Mural_Pericyte_Fibroblast → Malignant_AC_like_reactive_malignant
rGBM	COL4A1→CD44	COL4A1	CD44	3	3	0.002054486258056059	0.006878566750180046	Endothelial → Malignant_AC_like_reactive_malignant;Endothelial → Mural_Pericyte_Fibroblast;Endothelial → Malignant_hypoxia_stress_malignant
rGBM	TGM2→ITGB1	TGM2	ITGB1	3	3	0.0021439127510176547	0.02149358257933136	Endothelial → Endothelial;Endothelial → Mural_Pericyte_Fibroblast;Endothelial → Oligodendrocyte_myelinating
rGBM	COL1A1→CD44	COL1A1	CD44	3	3	0.0026895891282774274	0.008575198116702633	Mural_Pericyte_Fibroblast → Malignant_AC_like_reactive_malignant;Mural_Pericyte_Fibroblast → Mural_Pericyte_Fibroblast;Mural_Pericyte_Fibroblast → Malignant_hypoxia_stress_malignant
rGBM	VEGFA→CD44	VEGFA	CD44	3	3	0.003454562156737877	0.010180187829718638	Malignant_hypoxia_stress_malignant → Malignant_AC_like_reactive_malignant;Malignant_hypoxia_stress_malignant → Mural_Pericyte_Fibroblast;Malignant_hypoxia_stress_malignant → Malignant_hypoxia_stress_malignant
rGBM	LGI4→ADAM23	LGI4	ADAM23	3	3	0.004139697809722088	0.023898392905472486	Malignant_cycling_candidate → Mural_Pericyte_Fibroblast;Malignant_AC_like_reactive_malignant → Mural_Pericyte_Fibroblast;Malignant_cycling_candidate → Oligodendrocyte_myelinating
rGBM	VEGFA→GPC1	VEGFA	GPC1	3	3	0.006038654560504517	0.012321430700506276	Malignant_hypoxia_stress_malignant → Malignant_AC_like_reactive_malignant;Malignant_hypoxia_stress_malignant → Malignant_OPC_NPC_like_malignant;Malignant_hypoxia_stress_malignant → Malignant_cycling_candidate
rGBM	RTN4→NGFR	RTN4	NGFR	3	3	0.006608365321108372	0.032303467726984954	Oligodendrocyte_myelinating → Oligodendrocyte_myelinating;Malignant_NPC_neuronal_like_malignant → Oligodendrocyte_myelinating;Malignant_OPC_NPC_like_malignant → Oligodendrocyte_myelinating
rGBM	FADD→TRAF2	FADD	TRAF2	3	3	0.006798920187570796	0.01358756031487977	Mural_Pericyte_Fibroblast → Malignant_AC_like_reactive_malignant;Mural_Pericyte_Fibroblast → Endothelial;Mural_Pericyte_Fibroblast → Malignant_hypoxia_stress_malignant
rGBM	COL4A2→CD44	COL4A2	CD44	3	3	0.007121386711246255	0.01567603401127776	Endothelial → Malignant_AC_like_reactive_malignant;Endothelial → Mural_Pericyte_Fibroblast;Endothelial → Malignant_hypoxia_stress_malignant
rGBM	NDP→LGR4	NDP	LGR4	3	3	0.007389644656163137	0.023604127579608822	Malignant_cycling_candidate → Mural_Pericyte_Fibroblast;Malignant_cycling_candidate → Malignant_cycling_candidate;Malignant_cycling_candidate → Malignant_hypoxia_stress_malignant
rGBM	TNF→TRAF2	TNF	TRAF2	3	3	0.007684977742552657	0.0156516287409791	Endothelial → Malignant_AC_like_reactive_malignant;Endothelial → Endothelial;Endothelial → Malignant_hypoxia_stress_malignant
rGBM	LGALS3→MCAM	LGALS3	MCAM	3	3	0.008116481413353822	0.015532427105761543	Malignant_AC_like_reactive_malignant → Endothelial;Malignant_hypoxia_stress_malignant → Endothelial;Malignant_OPC_NPC_like_malignant → Endothelial
rGBM	TGFB3→ACVR1B_TGFBR2	TGFB3	ACVR1B_TGFBR2	3	3	0.008275585622714611	0.010784802642687021	Endothelial → Mural_Pericyte_Fibroblast;Endothelial → Malignant_hypoxia_stress_malignant;Endothelial → Endothelial
rGBM	ANXA2→ROBO4	ANXA2	ROBO4	3	3	0.00855732794968581	0.009833142291956705	Endothelial → Endothelial;Mural_Pericyte_Fibroblast → Endothelial;Malignant_AC_like_reactive_malignant → Endothelial
rGBM	VWF→SIRPA	VWF	SIRPA	3	3	0.00855732794968581	0.03278083523765778	Endothelial → Malignant_AC_like_reactive_malignant;Endothelial → Oligodendrocyte_myelinating;Endothelial → Malignant_hypoxia_stress_malignant
rGBM	VEGFA→NRP2	VEGFA	NRP2	3	3	0.009286380310409617	0.012535727765864231	Malignant_hypoxia_stress_malignant → Endothelial;Malignant_hypoxia_stress_malignant → Malignant_AC_like_reactive_malignant;Malignant_hypoxia_stress_malignant → Oligodendrocyte_myelinating
rGBM	ADM→RAMP1	ADM	RAMP1	3	3	0.010297176468725655	0.020091269580713642	Mural_Pericyte_Fibroblast → Malignant_AC_like_reactive_malignant;Mural_Pericyte_Fibroblast → Malignant_OPC_NPC_like_malignant;Mural_Pericyte_Fibroblast → Malignant_cycling_candidate
rGBM	PSAP→GPR37L1	PSAP	GPR37L1	3	3	0.010434486405794068	0.011772685799851215	Oligodendrocyte_myelinating → Malignant_AC_like_reactive_malignant;Oligodendrocyte_myelinating → Malignant_OPC_NPC_like_malignant;Oligodendrocyte_myelinating → Malignant_cycling_candidate
rGBM	CNTN2→NRCAM	CNTN2	NRCAM	3	3	0.010992594598078841	0.01870853844186115	Oligodendrocyte_myelinating → Malignant_AC_like_reactive_malignant;Oligodendrocyte_myelinating → Malignant_OPC_NPC_like_malignant;Oligodendrocyte_myelinating → Malignant_cycling_candidate
rGBM	HSPG2→FGFR1	HSPG2	FGFR1	3	3	0.01445274509144587	0.01855206152149136	Endothelial → Mural_Pericyte_Fibroblast;Endothelial → Malignant_hypoxia_stress_malignant;Endothelial → Malignant_AC_like_reactive_malignant
rGBM	NCAN→SDC3	NCAN	SDC3	3	3	0.015484699688890033	0.024972544973580414	Malignant_AC_like_reactive_malignant → Malignant_AC_like_reactive_malignant;Malignant_AC_like_reactive_malignant → Malignant_OPC_NPC_like_malignant;Malignant_AC_like_reactive_malignant → Malignant_cycling_candidate
rGBM	ALCAM→CHL1	ALCAM	CHL1	3	3	0.01574808051405644	0.03697304238337997	Mural_Pericyte_Fibroblast → Malignant_AC_like_reactive_malignant;Mural_Pericyte_Fibroblast → Malignant_hypoxia_stress_malignant;Mural_Pericyte_Fibroblast → Malignant_OPC_NPC_like_malignant
rGBM	TIMP3→DDR1	TIMP3	DDR1	3	3	0.015772129795056128	0.043415580395040565	Mural_Pericyte_Fibroblast → Oligodendrocyte_myelinating;Malignant_AC_like_reactive_malignant → Oligodendrocyte_myelinating;Mural_Pericyte_Fibroblast → Malignant_AC_like_reactive_malignant
rGBM	BMP7→ENG	BMP7	ENG	3	3	0.020444387649271714	0.028541170158551267	Malignant_OPC_NPC_like_malignant → Endothelial;Malignant_cycling_candidate → Endothelial;Malignant_AC_like_reactive_malignant → Endothelial
rGBM	BSG→SLC16A1	BSG	SLC16A1	3	3	0.0236677820305631	0.025973179664535072	Malignant_cycling_candidate → Malignant_hypoxia_stress_malignant;Malignant_OPC_NPC_like_malignant → Malignant_hypoxia_stress_malignant;Malignant_AC_like_reactive_malignant → Malignant_hypoxia_stress_malignant
rGBM	PTN→PTPRS	PTN	PTPRS	3	3	0.02634172853889842	0.027809170299532074	Malignant_AC_like_reactive_malignant → Malignant_NPC_neuronal_like_malignant;Malignant_cycling_candidate → Malignant_NPC_neuronal_like_malignant;Malignant_OPC_NPC_like_malignant → Malignant_NPC_neuronal_like_malignant
rGBM	COL13A1→ITGA2_ITGB1	COL13A1	ITGA2_ITGB1	3	3	0.02713403149942135	0.03741364126339587	Mural_Pericyte_Fibroblast → Malignant_cycling_candidate;Mural_Pericyte_Fibroblast → Malignant_OPC_NPC_like_malignant;Mural_Pericyte_Fibroblast → Malignant_hypoxia_stress_malignant
rGBM	NAMPT→ITGA5_ITGB1	NAMPT	ITGA5_ITGB1	3	3	0.035430486990715146	0.03781095769424029	Endothelial → Endothelial;Malignant_AC_like_reactive_malignant → Endothelial;Mural_Pericyte_Fibroblast → Endothelial
rGBM	LPL→LRP1	LPL	LRP1	3	3	0.03614405810820171	0.04785903573206207	Malignant_AC_like_reactive_malignant → Mural_Pericyte_Fibroblast;Malignant_AC_like_reactive_malignant → Malignant_OPC_NPC_like_malignant;Malignant_AC_like_reactive_malignant → Malignant_AC_like_reactive_malignant
rGBM	TGM2→ADGRG1	TGM2	ADGRG1	3	3	0.036719797209948744	0.04113727769137676	Endothelial → Malignant_AC_like_reactive_malignant;Endothelial → Malignant_OPC_NPC_like_malignant;Endothelial → Endothelial
rGBM	LRPAP1→SORT1	LRPAP1	SORT1	3	3	0.03925216412196815	0.044635934415847525	Malignant_cycling_candidate → Oligodendrocyte_myelinating;Malignant_AC_like_reactive_malignant → Oligodendrocyte_myelinating;Malignant_OPC_NPC_like_malignant → Oligodendrocyte_myelinating
rGBM	CALM1→PDE1A	CALM1	PDE1A	3	3	0.04471521269412908	0.044754881284297755	Oligodendrocyte_myelinating → Mural_Pericyte_Fibroblast;Malignant_AC_like_reactive_malignant → Mural_Pericyte_Fibroblast;Malignant_OPC_NPC_like_malignant → Mural_Pericyte_Fibroblast
rGBM	FN1→ITGA6	FN1	ITGA6	2	2	0.00014910773036466251	0.0022762988842384593	Mural_Pericyte_Fibroblast → Endothelial;Mural_Pericyte_Fibroblast → Malignant_AC_like_reactive_malignant
rGBM	ZP3→MERTK	ZP3	MERTK	2	2	0.00029581910405382546	0.001774379833535361	Malignant_cycling_candidate → Mural_Pericyte_Fibroblast;Malignant_cycling_candidate → Malignant_AC_like_reactive_malignant
rGBM	FN1→ITGA5_ITGB1	FN1	ITGA5_ITGB1	2	2	0.0003606719700053515	0.016519466911538806	Mural_Pericyte_Fibroblast → Endothelial;Mural_Pericyte_Fibroblast → Mural_Pericyte_Fibroblast
rGBM	SPP1→S1PR1	SPP1	S1PR1	2	2	0.0005758240548675851	0.005584161915093852	Oligodendrocyte_myelinating → Endothelial;Malignant_AC_like_reactive_malignant → Endothelial
rGBM	LGI2→ADAM23	LGI2	ADAM23	2	2	0.0008873989388528596	0.0036954638714711734	Mural_Pericyte_Fibroblast → Mural_Pericyte_Fibroblast;Mural_Pericyte_Fibroblast → Oligodendrocyte_myelinating
rGBM	COL1A2→ITGA1_ITGB1	COL1A2	ITGA1_ITGB1	2	2	0.0017400139078818364	0.01299834711305255	Mural_Pericyte_Fibroblast → Endothelial;Mural_Pericyte_Fibroblast → Mural_Pericyte_Fibroblast
rGBM	ADAM23→ITGA4	ADAM23	ITGA4	2	2	0.0029573159336192985	0.01401628809483423	Mural_Pericyte_Fibroblast → Endothelial;Oligodendrocyte_myelinating → Endothelial
rGBM	APOE→LRP2	APOE	LRP2	2	2	0.0031198188176487784	0.004693199858777452	Mural_Pericyte_Fibroblast → Oligodendrocyte_myelinating;Malignant_AC_like_reactive_malignant → Oligodendrocyte_myelinating
rGBM	APOD→LEPR	APOD	LEPR	2	2	0.003511987877060971	0.019667051439304917	Oligodendrocyte_myelinating → Mural_Pericyte_Fibroblast;Malignant_OPC_NPC_like_malignant → Mural_Pericyte_Fibroblast
rGBM	FADD→TRADD	FADD	TRADD	2	2	0.003844131500429048	0.011957781027339673	Mural_Pericyte_Fibroblast → Malignant_cycling_candidate;Mural_Pericyte_Fibroblast → Malignant_OPC_NPC_like_malignant
rGBM	TNF→TRADD	TNF	TRADD	2	2	0.0047307723743373505	0.013725993797200204	Endothelial → Malignant_cycling_candidate;Endothelial → Malignant_OPC_NPC_like_malignant
rGBM	FBN1→ITGA5	FBN1	ITGA5	2	2	0.005026280369261814	0.01416806161322033	Malignant_cycling_candidate → Malignant_AC_like_reactive_malignant;Malignant_hypoxia_stress_malignant → Malignant_AC_like_reactive_malignant
rGBM	ADAM23→ITGA5	ADAM23	ITGA5	2	2	0.005321768927347642	0.022394243232420934	Mural_Pericyte_Fibroblast → Malignant_AC_like_reactive_malignant;Oligodendrocyte_myelinating → Malignant_AC_like_reactive_malignant
rGBM	GAS6→MERTK	GAS6	MERTK	2	2	0.005617238049234083	0.012255241023661413	Malignant_cycling_candidate → Mural_Pericyte_Fibroblast;Malignant_AC_like_reactive_malignant → Mural_Pericyte_Fibroblast
rGBM	F8→LRP1	F8	LRP1	2	2	0.00620811798696576	0.019903194678049352	Mural_Pericyte_Fibroblast → Endothelial;Malignant_hypoxia_stress_malignant → Endothelial
rGBM	ADM→RAMP2	ADM	RAMP2	2	2	0.006894626380953381	0.025311798907931296	Mural_Pericyte_Fibroblast → Endothelial;Mural_Pericyte_Fibroblast → Mural_Pericyte_Fibroblast
rGBM	TFPI→SDC4	TFPI	SDC4	2	2	0.007094292138048932	0.0163789348533045	Malignant_cycling_candidate → Endothelial;Malignant_AC_like_reactive_malignant → Endothelial
rGBM	COL4A1→ITGA1_ITGB1	COL4A1	ITGA1_ITGB1	2	2	0.007252578590117671	0.026322191530794573	Endothelial → Endothelial;Endothelial → Mural_Pericyte_Fibroblast
rGBM	TNC→SDC4	TNC	SDC4	2	2	0.007980291397856734	0.027385835710098325	Endothelial → Endothelial;Oligodendrocyte_myelinating → Endothelial
rGBM	COL1A1→ITGA1_ITGB1	COL1A1	ITGA1_ITGB1	2	2	0.008827307657542836	0.029398173717486757	Mural_Pericyte_Fibroblast → Endothelial;Mural_Pericyte_Fibroblast → Mural_Pericyte_Fibroblast
rGBM	ICAM3→ITGAL	ICAM3	ITGAL	2	2	0.009456568753236468	0.010637085127309471	Mural_Pericyte_Fibroblast → Endothelial;Malignant_hypoxia_stress_malignant → Endothelial
rGBM	ALCAM→NRP1	ALCAM	NRP1	2	2	0.010238601710100357	0.02622492427046512	Mural_Pericyte_Fibroblast → Endothelial;Oligodendrocyte_myelinating → Endothelial
rGBM	ADAM12→SDC4	ADAM12	SDC4	2	2	0.013882485482681724	0.01741867610366255	Malignant_cycling_candidate → Endothelial;Malignant_OPC_NPC_like_malignant → Endothelial
rGBM	ENHO→GPR19	ENHO	GPR19	2	2	0.01417739123282236	0.0197734099207462	Malignant_hypoxia_stress_malignant → Malignant_cycling_candidate;Oligodendrocyte_myelinating → Malignant_cycling_candidate
rGBM	FBN1→ITGB1	FBN1	ITGB1	2	2	0.01426883189807004	0.023799661240432965	Mural_Pericyte_Fibroblast → Endothelial;Endothelial → Endothelial
rGBM	TCTN1→TMEM67	TCTN1	TMEM67	2	2	0.0144722775659409	0.02902114874696419	Endothelial → Endothelial;Oligodendrocyte_myelinating → Endothelial
rGBM	BMP6→ACVR1_ACVR2B	BMP6	ACVR1_ACVR2B	2	2	0.016093805347389314	0.027633641292609375	Mural_Pericyte_Fibroblast → Mural_Pericyte_Fibroblast;Mural_Pericyte_Fibroblast → Endothelial
rGBM	BMP6→ACVR2B_BMPR1A	BMP6	ACVR2B_BMPR1A	2	2	0.016093805347389314	0.032832695066965074	Mural_Pericyte_Fibroblast → Mural_Pericyte_Fibroblast;Mural_Pericyte_Fibroblast → Malignant_AC_like_reactive_malignant
rGBM	COL18A1→ITGA3	COL18A1	ITGA3	2	2	0.016535938274848776	0.026094523184512275	Malignant_cycling_candidate → Malignant_cycling_candidate;Malignant_OPC_NPC_like_malignant → Malignant_cycling_candidate
rGBM	GNAI2→EDNRB	GNAI2	EDNRB	2	2	0.016823118654313365	0.02976872885795107	Endothelial → Malignant_AC_like_reactive_malignant;Endothelial → Malignant_OPC_NPC_like_malignant
rGBM	BMP6→ACVR2A_BMPR1A	BMP6	ACVR2A_BMPR1A	2	2	0.01697802752551493	0.02748917911982872	Mural_Pericyte_Fibroblast → Malignant_AC_like_reactive_malignant;Mural_Pericyte_Fibroblast → Malignant_cycling_candidate
rGBM	TNC→ITGA5	TNC	ITGA5	2	2	0.01830403428179981	0.026549050894624917	Endothelial → Malignant_AC_like_reactive_malignant;Malignant_AC_like_reactive_malignant → Endothelial
rGBM	HBEGF→CD9	HBEGF	CD9	2	2	0.01839621719196546	0.032476633645633385	Endothelial → Oligodendrocyte_myelinating;Oligodendrocyte_myelinating → Oligodendrocyte_myelinating
rGBM	HLA-F→CD8A	HLA-F	CD8A	2	2	0.020365928681099543	0.031088927509178618	Malignant_cycling_candidate → Endothelial;Malignant_AC_like_reactive_malignant → Endothelial
rGBM	TNC→EGFR	TNC	EGFR	2	2	0.020580991839191286	0.022182997252572573	Malignant_AC_like_reactive_malignant → Malignant_hypoxia_stress_malignant;Malignant_AC_like_reactive_malignant → Malignant_OPC_NPC_like_malignant
rGBM	GAS6→TYRO3	GAS6	TYRO3	2	2	0.021249306642616442	0.022868086006337194	Malignant_cycling_candidate → Endothelial;Malignant_cycling_candidate → Mural_Pericyte_Fibroblast
rGBM	CALM3→EGFR	CALM3	EGFR	2	2	0.021745783730894343	0.023299161216679694	Malignant_cycling_candidate → Malignant_hypoxia_stress_malignant;Malignant_cycling_candidate → Malignant_OPC_NPC_like_malignant
rGBM	EFNB2→PECAM1	EFNB2	PECAM1	2	2	0.021830168011407206	0.03439613574903659	Endothelial → Endothelial;Mural_Pericyte_Fibroblast → Endothelial
rGBM	DKK3→KREMEN1	DKK3	KREMEN1	2	2	0.021838128274161105	0.030945632085547084	Oligodendrocyte_myelinating → Malignant_AC_like_reactive_malignant;Endothelial → Malignant_AC_like_reactive_malignant
rGBM	MIF→CD74_CXCR4	MIF	CD74_CXCR4	2	2	0.022855025286312065	0.029089531024873445	Malignant_hypoxia_stress_malignant → Endothelial;Oligodendrocyte_myelinating → Endothelial
rGBM	GRN→SORT1	GRN	SORT1	2	2	0.023638517923763352	0.02831248206971307	Endothelial → Oligodendrocyte_myelinating;Mural_Pericyte_Fibroblast → Oligodendrocyte_myelinating
rGBM	APOE→LRP4	APOE	LRP4	2	2	0.02396136094761675	0.031051317338504546	Mural_Pericyte_Fibroblast → Oligodendrocyte_myelinating;Malignant_AC_like_reactive_malignant → Oligodendrocyte_myelinating
rGBM	CD96→PVR	CD96	PVR	2	2	0.024192638835409126	0.02757379112687775	Endothelial → Malignant_hypoxia_stress_malignant;Endothelial → Malignant_OPC_NPC_like_malignant
rGBM	NID1→ITGB1	NID1	ITGB1	2	2	0.025122941728774356	0.03426926106190746	Endothelial → Endothelial;Mural_Pericyte_Fibroblast → Endothelial
rGBM	MIF→CD44_CD74	MIF	CD44_CD74	2	2	0.025759346138542603	0.0328802620050227	Malignant_hypoxia_stress_malignant → Mural_Pericyte_Fibroblast;Oligodendrocyte_myelinating → Mural_Pericyte_Fibroblast
rGBM	TFF3→CXCR4	TFF3	CXCR4	2	2	0.026251817312704647	0.030512198665538247	Mural_Pericyte_Fibroblast → Malignant_AC_like_reactive_malignant;Endothelial → Malignant_AC_like_reactive_malignant
rGBM	JAG1→NOTCH4	JAG1	NOTCH4	2	2	0.02742806411635053	0.03139384215105616	Oligodendrocyte_myelinating → Malignant_cycling_candidate;Oligodendrocyte_myelinating → Malignant_OPC_NPC_like_malignant
rGBM	APOE→LDLR	APOE	LDLR	2	2	0.029185095538002526	0.03756884640181984	Mural_Pericyte_Fibroblast → Endothelial;Malignant_AC_like_reactive_malignant → Endothelial
rGBM	VCAN→CD44	VCAN	CD44	2	2	0.03233745670485105	0.03971069781512343	Malignant_OPC_NPC_like_malignant → Malignant_AC_like_reactive_malignant;Malignant_cycling_candidate → Malignant_AC_like_reactive_malignant
rGBM	TGFB2→ENG	TGFB2	ENG	2	2	0.032575841954264856	0.03676136293129644	Malignant_AC_like_reactive_malignant → Endothelial;Mural_Pericyte_Fibroblast → Endothelial
rGBM	DLL1→NOTCH4	DLL1	NOTCH4	2	2	0.03301100079807838	0.03667865737830628	Malignant_cycling_candidate → Malignant_cycling_candidate;Malignant_cycling_candidate → Malignant_OPC_NPC_like_malignant
rGBM	TGFB1→ACVR1B_TGFBR2	TGFB1	ACVR1B_TGFBR2	2	2	0.03389187759209258	0.03953643511465274	Malignant_OPC_NPC_like_malignant → Mural_Pericyte_Fibroblast;Malignant_OPC_NPC_like_malignant → Malignant_hypoxia_stress_malignant
rGBM	MMP2→PECAM1	MMP2	PECAM1	2	2	0.03528858458843656	0.038403957469169886	Endothelial → Endothelial;Malignant_OPC_NPC_like_malignant → Endothelial
rGBM	TNFSF13B→CD40	TNFSF13B	CD40	2	2	0.035946580789913404	0.03961181571532229	Malignant_hypoxia_stress_malignant → Mural_Pericyte_Fibroblast;Malignant_OPC_NPC_like_malignant → Mural_Pericyte_Fibroblast
rGBM	HSPA8→LRP2	HSPA8	LRP2	2	2	0.03617991692841128	0.037622942374071766	Endothelial → Oligodendrocyte_myelinating;Malignant_cycling_candidate → Oligodendrocyte_myelinating
rGBM	GRN→EGFR	GRN	EGFR	2	2	0.04121355941259438	0.043986464521546184	Endothelial → Malignant_hypoxia_stress_malignant;Endothelial → Malignant_OPC_NPC_like_malignant
rGBM	COL1A2→CD93	COL1A2	CD93	1	1	2.2380195281753664e-05	2.2380195281753664e-05	Mural_Pericyte_Fibroblast → Endothelial
rGBM	COL4A1→CD93	COL4A1	CD93	1	1	0.0002066105506261145	0.0002066105506261145	Endothelial → Endothelial
rGBM	FN1→ROBO4	FN1	ROBO4	1	1	0.00024805789733019706	0.00024805789733019706	Mural_Pericyte_Fibroblast → Endothelial
rGBM	COL1A1→CD93	COL1A1	CD93	1	1	0.0002574302690984925	0.0002574302690984925	Mural_Pericyte_Fibroblast → Endothelial
rGBM	COL3A1→MAG	COL3A1	MAG	1	1	0.00041077876119386195	0.00041077876119386195	Mural_Pericyte_Fibroblast → Oligodendrocyte_myelinating
rGBM	COL4A2→CD93	COL4A2	CD93	1	1	0.0005525273320185288	0.0005525273320185288	Endothelial → Endothelial
rGBM	F11R→ITGAL_ITGB2	F11R	ITGAL_ITGB2	1	1	0.0005916187610368149	0.0005916187610368149	Mural_Pericyte_Fibroblast → Endothelial
rGBM	IL1B→IL1R1_IL1RAP	IL1B	IL1R1_IL1RAP	1	1	0.0014789010232221554	0.0014789010232221554	Mural_Pericyte_Fibroblast → Mural_Pericyte_Fibroblast
rGBM	TNF→FAS	TNF	FAS	1	1	0.0017746228655874936	0.0017746228655874936	Endothelial → Endothelial
rGBM	IL16→KCND1	IL16	KCND1	1	1	0.002070325264082518	0.002070325264082518	Endothelial → Mural_Pericyte_Fibroblast
rGBM	ICAM4→ITGAL	ICAM4	ITGAL	1	1	0.0023660083502448407	0.0023660083502448407	Endothelial → Endothelial
rGBM	ICAM1→ITGAL_ITGB2	ICAM1	ITGAL_ITGB2	1	1	0.002661671862908361	0.002661671862908361	Malignant_AC_like_reactive_malignant → Endothelial
rGBM	VEGFA→NRP1	VEGFA	NRP1	1	1	0.0026794900645417206	0.0026794900645417206	Malignant_hypoxia_stress_malignant → Endothelial
rGBM	COL1A1→ITGA5	COL1A1	ITGA5	1	1	0.0031525357866406378	0.0031525357866406378	Mural_Pericyte_Fibroblast → Endothelial
rGBM	VEGFA→FLT1_KDR	VEGFA	FLT1_KDR	1	1	0.0038301515484203946	0.0038301515484203946	Malignant_hypoxia_stress_malignant → Endothelial
rGBM	ICAM4→ITGA4	ICAM4	ITGA4	1	1	0.004435244941935008	0.004435244941935008	Endothelial → Endothelial
rGBM	TF→LRP2	TF	LRP2	1	1	0.0047049109889936505	0.0047049109889936505	Oligodendrocyte_myelinating → Oligodendrocyte_myelinating
rGBM	PLAU→ITGA3	PLAU	ITGA3	1	1	0.0059126877355603746	0.0059126877355603746	Mural_Pericyte_Fibroblast → Malignant_cycling_candidate
rGBM	ADM→CALCRL	ADM	CALCRL	1	1	0.00652990551746134	0.00652990551746134	Mural_Pericyte_Fibroblast → Endothelial
rGBM	QDPR→DYSF	QDPR	DYSF	1	1	0.0068145118651757545	0.0068145118651757545	Oligodendrocyte_myelinating → Endothelial
rGBM	COL1A1→DDR2	COL1A1	DDR2	1	1	0.008099084780445595	0.008099084780445595	Mural_Pericyte_Fibroblast → Mural_Pericyte_Fibroblast
rGBM	ADAM12→ITGB1	ADAM12	ITGB1	1	1	0.008203737579634546	0.008203737579634546	Mural_Pericyte_Fibroblast → Endothelial
rGBM	THBS3→ITGA3_ITGB1	THBS3	ITGA3_ITGB1	1	1	0.00857086041776553	0.00857086041776553	Malignant_OPC_NPC_like_malignant → Malignant_cycling_candidate
rGBM	PLAU→ITGA5	PLAU	ITGA5	1	1	0.008866116306485025	0.008866116306485025	Mural_Pericyte_Fibroblast → Malignant_AC_like_reactive_malignant
rGBM	ICAM4→ITGAM	ICAM4	ITGAM	1	1	0.009161352243805357	0.009161352243805357	Endothelial → Endothelial
rGBM	ADAM15→ITGB1	ADAM15	ITGB1	1	1	0.009623951375385218	0.009623951375385218	Endothelial → Endothelial
rGBM	HLA-DQB1→LAG3	HLA-DQB1	LAG3	1	1	0.009751765835417595	0.009751765835417595	Mural_Pericyte_Fibroblast → Endothelial
rGBM	VEGFA→TYRO3	VEGFA	TYRO3	1	1	0.010044526873372381	0.010044526873372381	Malignant_hypoxia_stress_malignant → Oligodendrocyte_myelinating
rGBM	IL16→GRIN2B	IL16	GRIN2B	1	1	0.010046943490987986	0.010046943490987986	Endothelial → Malignant_cycling_candidate
rGBM	TGFB3→ACVR1_TGFBR1_TGFBR2	TGFB3	ACVR1_TGFBR1_TGFBR2	1	1	0.010784802642687021	0.010784802642687021	Endothelial → Malignant_hypoxia_stress_malignant
rGBM	TGFB3→ACVR1_TGFBR2	TGFB3	ACVR1_TGFBR2	1	1	0.010784802642687021	0.010784802642687021	Endothelial → Malignant_hypoxia_stress_malignant
rGBM	TGFB3→TGFBR1_TGFBR2	TGFB3	TGFBR1_TGFBR2	1	1	0.010784802642687021	0.010784802642687021	Endothelial → Malignant_hypoxia_stress_malignant
rGBM	TGFB1→ENG	TGFB1	ENG	1	1	0.011523527080393012	0.011523527080393012	Endothelial → Endothelial
rGBM	CD59→STAB1	CD59	STAB1	1	1	0.011730978659523394	0.011730978659523394	Endothelial → Endothelial
rGBM	LGI2→ADAM22	LGI2	ADAM22	1	1	0.01211264318857652	0.01211264318857652	Mural_Pericyte_Fibroblast → Malignant_hypoxia_stress_malignant
rGBM	BGN→TLR4	BGN	TLR4	1	1	0.012407665454273777	0.012407665454273777	Malignant_cycling_candidate → Mural_Pericyte_Fibroblast
rGBM	ECM1→ITGB4	ECM1	ITGB4	1	1	0.012702668299113486	0.012702668299113486	Endothelial → Malignant_OPC_NPC_like_malignant
rGBM	FBLN1→ITGB1	FBLN1	ITGB1	1	1	0.012991598096182904	0.012991598096182904	Mural_Pericyte_Fibroblast → Endothelial
rGBM	FN1→ITGA2	FN1	ITGA2	1	1	0.013079329141713582	0.013079329141713582	Mural_Pericyte_Fibroblast → Endothelial
rGBM	ICAM1→ITGAM_ITGB2	ICAM1	ITGAM_ITGB2	1	1	0.013292615728777237	0.013292615728777237	Malignant_AC_like_reactive_malignant → Endothelial
rGBM	COL1A2→ITGA2_ITGB1	COL1A2	ITGA2_ITGB1	1	1	0.013388645908793712	0.013388645908793712	Mural_Pericyte_Fibroblast → Endothelial
rGBM	MMRN2→CD93	MMRN2	CD93	1	1	0.013388645908793712	0.013388645908793712	Endothelial → Endothelial
rGBM	HSPG2→LRP2	HSPG2	LRP2	1	1	0.014245921561995296	0.014245921561995296	Endothelial → Oligodendrocyte_myelinating
rGBM	ANGPTL2→TLR4	ANGPTL2	TLR4	1	1	0.014767144482676603	0.014767144482676603	Malignant_AC_like_reactive_malignant → Mural_Pericyte_Fibroblast
rGBM	GNAI2→S1PR1	GNAI2	S1PR1	1	1	0.015034845399233002	0.015034845399233002	Endothelial → Endothelial
rGBM	PLAU→ITGAM	PLAU	ITGAM	1	1	0.015356820069556456	0.015356820069556456	Mural_Pericyte_Fibroblast → Endothelial
rGBM	COL4A2→ITGA1_ITGB1	COL4A2	ITGA1_ITGB1	1	1	0.01662509776740472	0.01662509776740472	Endothelial → Endothelial
rGBM	BMP6→ACVR2A_BMPR1B	BMP6	ACVR2A_BMPR1B	1	1	0.01697802752551493	0.01697802752551493	Mural_Pericyte_Fibroblast → Malignant_AC_like_reactive_malignant
rGBM	VEGFA→SIRPA	VEGFA	SIRPA	1	1	0.01752512327664448	0.01752512327664448	Malignant_hypoxia_stress_malignant → Malignant_AC_like_reactive_malignant
rGBM	COL11A1→DDR1	COL11A1	DDR1	1	1	0.01762654425391723	0.01762654425391723	Mural_Pericyte_Fibroblast → Oligodendrocyte_myelinating
rGBM	WNT2B→FZD1_LRP5	WNT2B	FZD1_LRP5	1	1	0.017862075005097094	0.017862075005097094	Endothelial → Endothelial
rGBM	WNT2B→FZD1_LRP6	WNT2B	FZD1_LRP6	1	1	0.017862075005097094	0.017862075005097094	Endothelial → Endothelial
rGBM	CNTN2→NRP1	CNTN2	NRP1	1	1	0.01837030641413504	0.01837030641413504	Oligodendrocyte_myelinating → Endothelial
rGBM	FGF2→SDC4	FGF2	SDC4	1	1	0.018598648843660994	0.018598648843660994	Oligodendrocyte_myelinating → Endothelial
rGBM	TGFB1→ITGB1	TGFB1	ITGB1	1	1	0.019287728002520526	0.019287728002520526	Endothelial → Endothelial
rGBM	CXCL12→ITGB1	CXCL12	ITGB1	1	1	0.019314256146490818	0.019314256146490818	Endothelial → Endothelial
rGBM	PLAU→LRP1	PLAU	LRP1	1	1	0.01948237608720092	0.01948237608720092	Mural_Pericyte_Fibroblast → Endothelial
rGBM	ADM→RAMP3	ADM	RAMP3	1	1	0.020308222536015365	0.020308222536015365	Mural_Pericyte_Fibroblast → Endothelial
rGBM	TNF→SEMA4C	TNF	SEMA4C	1	1	0.020660407404350826	0.020660407404350826	Endothelial → Malignant_hypoxia_stress_malignant
rGBM	LGI1→ADAM23	LGI1	ADAM23	1	1	0.02213250998901118	0.02213250998901118	Mural_Pericyte_Fibroblast → Mural_Pericyte_Fibroblast
rGBM	EFNB3→EPHB2	EFNB3	EPHB2	1	1	0.022426872304098754	0.022426872304098754	Malignant_AC_like_reactive_malignant → Mural_Pericyte_Fibroblast
rGBM	FN1→FLT4	FN1	FLT4	1	1	0.02299915987923902	0.02299915987923902	Mural_Pericyte_Fibroblast → Endothelial
rGBM	S100A1→TLR4	S100A1	TLR4	1	1	0.02301553873754334	0.02301553873754334	Malignant_cycling_candidate → Mural_Pericyte_Fibroblast
rGBM	COL1A2→FLT4	COL1A2	FLT4	1	1	0.023638517923763352	0.023638517923763352	Mural_Pericyte_Fibroblast → Endothelial
rGBM	SPON2→ITGB1	SPON2	ITGB1	1	1	0.023726359180594347	0.023726359180594347	Mural_Pericyte_Fibroblast → Endothelial
rGBM	CALM3→INSR	CALM3	INSR	1	1	0.024108803156130322	0.024108803156130322	Malignant_cycling_candidate → Endothelial
rGBM	NFASC→CNTN1_CNTNAP1	NFASC	CNTN1_CNTNAP1	1	1	0.02478107251005822	0.02478107251005822	Malignant_cycling_candidate → Malignant_AC_like_reactive_malignant
rGBM	TNC→PTPRB	TNC	PTPRB	1	1	0.02548566450132135	0.02548566450132135	Malignant_AC_like_reactive_malignant → Endothelial
rGBM	THBS1→CD47	THBS1	CD47	1	1	0.02554636168157187	0.02554636168157187	Endothelial → Oligodendrocyte_myelinating
rGBM	TNF→PTPRS	TNF	PTPRS	1	1	0.025957707136358532	0.025957707136358532	Endothelial → Malignant_hypoxia_stress_malignant
rGBM	COL4A1→ITGA2_ITGB1	COL4A1	ITGA2_ITGB1	1	1	0.026249355887660322	0.026249355887660322	Endothelial → Endothelial
rGBM	RTN4→GJB2	RTN4	GJB2	1	1	0.02646512849812009	0.02646512849812009	Oligodendrocyte_myelinating → Mural_Pericyte_Fibroblast
rGBM	FBN1→ITGB3	FBN1	ITGB3	1	1	0.026545908098237654	0.026545908098237654	Malignant_cycling_candidate → Endothelial
rGBM	TGFB3→ITGB3	TGFB3	ITGB3	1	1	0.02683997949359681	0.02683997949359681	Endothelial → Endothelial
rGBM	COL18A1→ITGA5	COL18A1	ITGA5	1	1	0.02801607118607973	0.02801607118607973	Malignant_cycling_candidate → Malignant_AC_like_reactive_malignant
rGBM	ANGPTL2→LILRB3	ANGPTL2	LILRB3	1	1	0.028310045640158255	0.028310045640158255	Malignant_AC_like_reactive_malignant → Endothelial
rGBM	GNAI2→F2R	GNAI2	F2R	1	1	0.02841321393608788	0.02841321393608788	Endothelial → Endothelial
rGBM	COL1A1→ITGA2_ITGB1	COL1A1	ITGA2_ITGB1	1	1	0.02889447784897632	0.02889447784897632	Mural_Pericyte_Fibroblast → Endothelial
rGBM	TFPI→LRP1	TFPI	LRP1	1	1	0.02919185268692042	0.02919185268692042	Malignant_cycling_candidate → Endothelial
rGBM	SPON1→APP	SPON1	APP	1	1	0.0293471506545927	0.0293471506545927	Malignant_AC_like_reactive_malignant → Oligodendrocyte_myelinating
rGBM	APP→NGFR	APP	NGFR	1	1	0.029477105507372467	0.029477105507372467	Oligodendrocyte_myelinating → Oligodendrocyte_myelinating
rGBM	FNDC5→ITGB5	FNDC5	ITGB5	1	1	0.029485749599480825	0.029485749599480825	Mural_Pericyte_Fibroblast → Malignant_AC_like_reactive_malignant
rGBM	NELL2→ROBO3	NELL2	ROBO3	1	1	0.02977962712825981	0.02977962712825981	Malignant_AC_like_reactive_malignant → Malignant_cycling_candidate
rGBM	IGFBP4→FZD8	IGFBP4	FZD8	1	1	0.030073485273896607	0.030073485273896607	Malignant_hypoxia_stress_malignant → Malignant_cycling_candidate
rGBM	EFNA1→EPHA5	EFNA1	EPHA5	1	1	0.03036732403703048	0.03036732403703048	Malignant_cycling_candidate → Malignant_AC_like_reactive_malignant
rGBM	AGRN→ITGB1	AGRN	ITGB1	1	1	0.031091319114460322	0.031091319114460322	Endothelial → Endothelial
rGBM	HLA-F→LILRB1	HLA-F	LILRB1	1	1	0.03124872403780691	0.03124872403780691	Malignant_cycling_candidate → Endothelial
rGBM	FN1→NT5E	FN1	NT5E	1	1	0.0312583510177355	0.0312583510177355	Mural_Pericyte_Fibroblast → Endothelial
rGBM	COPA→CD74	COPA	CD74	1	1	0.03132528278997716	0.03132528278997716	Oligodendrocyte_myelinating → Endothelial
rGBM	COL6A2→CD44	COL6A2	CD44	1	1	0.031392279186629124	0.031392279186629124	Mural_Pericyte_Fibroblast → Malignant_AC_like_reactive_malignant
rGBM	EFNA4→EPHA5	EFNA4	EPHA5	1	1	0.03154248527732146	0.03154248527732146	Mural_Pericyte_Fibroblast → Malignant_AC_like_reactive_malignant
rGBM	S100A8→TLR4	S100A8	TLR4	1	1	0.032129949619069675	0.032129949619069675	Mural_Pericyte_Fibroblast → Mural_Pericyte_Fibroblast
rGBM	ADAM23→ITGB3	ADAM23	ITGB3	1	1	0.03242365272258181	0.03242365272258181	Mural_Pericyte_Fibroblast → Endothelial
rGBM	APP→TSPAN15	APP	TSPAN15	1	1	0.03267826185307226	0.03267826185307226	Oligodendrocyte_myelinating → Oligodendrocyte_myelinating
rGBM	HSPG2→ITGA2	HSPG2	ITGA2	1	1	0.03308947985626904	0.03308947985626904	Endothelial → Endothelial
rGBM	SLITRK2→PTPRS	SLITRK2	PTPRS	1	1	0.03330464577134128	0.03330464577134128	Malignant_NPC_neuronal_like_malignant → Malignant_hypoxia_stress_malignant
rGBM	COL3A1→DDR2	COL3A1	DDR2	1	1	0.0339888671509397	0.0339888671509397	Mural_Pericyte_Fibroblast → Mural_Pericyte_Fibroblast
rGBM	POMC→ADCYAP1R1	POMC	ADCYAP1R1	1	1	0.03418546444085945	0.03418546444085945	Endothelial → Malignant_cycling_candidate
rGBM	COL6A1→ITGA6	COL6A1	ITGA6	1	1	0.034232975134569896	0.034232975134569896	Mural_Pericyte_Fibroblast → Endothelial
rGBM	TNF→TNFRSF1B	TNF	TNFRSF1B	1	1	0.035066108748395886	0.035066108748395886	Endothelial → Mural_Pericyte_Fibroblast
rGBM	APOE→LRP8	APOE	LRP8	1	1	0.035324036763434825	0.035324036763434825	Mural_Pericyte_Fibroblast → Malignant_NPC_neuronal_like_malignant
rGBM	ARF1→INSR	ARF1	INSR	1	1	0.03539498394527115	0.03539498394527115	Endothelial → Endothelial
rGBM	COL6A2→ITGAV_ITGB8	COL6A2	ITGAV_ITGB8	1	1	0.035501535890407374	0.035501535890407374	Mural_Pericyte_Fibroblast → Malignant_AC_like_reactive_malignant
rGBM	TIMP3→CD44	TIMP3	CD44	1	1	0.03603659134661999	0.03603659134661999	Mural_Pericyte_Fibroblast → Malignant_AC_like_reactive_malignant
rGBM	HLA-DPA1→LAG3	HLA-DPA1	LAG3	1	1	0.03624002995852645	0.03624002995852645	Malignant_cycling_candidate → Endothelial
rGBM	SEMA3B→NRP1_PLXNA1	SEMA3B	NRP1_PLXNA1	1	1	0.03682687434656183	0.03682687434656183	Malignant_cycling_candidate → Malignant_cycling_candidate
rGBM	SEMA3B→NRP1_PLXNA2	SEMA3B	NRP1_PLXNA2	1	1	0.03682687434656183	0.03682687434656183	Malignant_cycling_candidate → Malignant_cycling_candidate
rGBM	SEMA3B→NRP1_PLXNA3	SEMA3B	NRP1_PLXNA3	1	1	0.03682687434656183	0.03682687434656183	Malignant_cycling_candidate → Malignant_cycling_candidate
rGBM	RGMA→BMPR2	RGMA	BMPR2	1	1	0.037372673033609985	0.037372673033609985	Malignant_AC_like_reactive_malignant → Endothelial
rGBM	COL3A1→ITGA1_ITGB1	COL3A1	ITGA1_ITGB1	1	1	0.037701158716699004	0.037701158716699004	Mural_Pericyte_Fibroblast → Endothelial
rGBM	EFNB3→EPHB1	EFNB3	EPHB1	1	1	0.03770699774959061	0.03770699774959061	Malignant_AC_like_reactive_malignant → Malignant_cycling_candidate
rGBM	HGF→NRP1	HGF	NRP1	1	1	0.03829364846893695	0.03829364846893695	Mural_Pericyte_Fibroblast → Malignant_cycling_candidate
rGBM	TF→LDLR	TF	LDLR	1	1	0.03847294688722684	0.03847294688722684	Oligodendrocyte_myelinating → Endothelial
rGBM	ICAM4→ITGB3	ICAM4	ITGB3	1	1	0.03858694270391573	0.03858694270391573	Endothelial → Endothelial
rGBM	CALR→SCARF1	CALR	SCARF1	1	1	0.038620798015555166	0.038620798015555166	Endothelial → Endothelial
rGBM	TIMP3→KDR	TIMP3	KDR	1	1	0.03884307571135978	0.03884307571135978	Mural_Pericyte_Fibroblast → Endothelial
rGBM	GSTM2→RYR2	GSTM2	RYR2	1	1	0.03888022172986685	0.03888022172986685	Malignant_cycling_candidate → Endothelial
rGBM	EDN1→ADGRL4	EDN1	ADGRL4	1	1	0.03958839048323835	0.03958839048323835	Endothelial → Endothelial
rGBM	COL9A2→MAG	COL9A2	MAG	1	1	0.040227188103606815	0.040227188103606815	Oligodendrocyte_myelinating → Oligodendrocyte_myelinating
rGBM	TNC→ITGA7	TNC	ITGA7	1	1	0.04063947681329728	0.04063947681329728	Endothelial → Malignant_NPC_neuronal_like_malignant
rGBM	BMP2→ACVR2B_BMPR1A	BMP2	ACVR2B_BMPR1A	1	1	0.04093261615555308	0.04093261615555308	Malignant_OPC_NPC_like_malignant → Mural_Pericyte_Fibroblast
rGBM	TIMP2→CD44	TIMP2	CD44	1	1	0.0411754101739507	0.0411754101739507	Oligodendrocyte_myelinating → Malignant_AC_like_reactive_malignant
rGBM	COL4A2→ITGA2_ITGB1	COL4A2	ITGA2_ITGB1	1	1	0.04121355941259438	0.04121355941259438	Endothelial → Endothelial
rGBM	GNAI2→UNC5B	GNAI2	UNC5B	1	1	0.041328098992167446	0.041328098992167446	Endothelial → Oligodendrocyte_myelinating
rGBM	MMRN2→CLEC14A	MMRN2	CLEC14A	1	1	0.04136631523850638	0.04136631523850638	Endothelial → Endothelial
rGBM	COL1A2→ITGA10_ITGB1	COL1A2	ITGA10_ITGB1	1	1	0.04140453956694047	0.04140453956694047	Mural_Pericyte_Fibroblast → Endothelial
rGBM	PROS1→MERTK	PROS1	MERTK	1	1	0.04151884091716829	0.04151884091716829	Oligodendrocyte_myelinating → Mural_Pericyte_Fibroblast
rGBM	COL18A1→PTPRS	COL18A1	PTPRS	1	1	0.04210498824849375	0.04210498824849375	Malignant_cycling_candidate → Malignant_hypoxia_stress_malignant
rGBM	BMP2→ACVR2A_BMPR1A	BMP2	ACVR2A_BMPR1A	1	1	0.04254454689862788	0.04254454689862788	Malignant_OPC_NPC_like_malignant → Malignant_AC_like_reactive_malignant
rGBM	BMP2→ACVR2A_BMPR1B	BMP2	ACVR2A_BMPR1B	1	1	0.04254454689862788	0.04254454689862788	Malignant_OPC_NPC_like_malignant → Malignant_AC_like_reactive_malignant
rGBM	ANGPTL4→CDH5	ANGPTL4	CDH5	1	1	0.04298406615028706	0.04298406615028706	Mural_Pericyte_Fibroblast → Mural_Pericyte_Fibroblast
rGBM	THBS1→ITGA6	THBS1	ITGA6	1	1	0.04333739275746967	0.04333739275746967	Endothelial → Endothelial
rGBM	SERPING1→LRP1	SERPING1	LRP1	1	1	0.043846778165373176	0.043846778165373176	Mural_Pericyte_Fibroblast → Mural_Pericyte_Fibroblast
rGBM	IL16→KCNJ10	IL16	KCNJ10	1	1	0.04386296571187105	0.04386296571187105	Endothelial → Malignant_hypoxia_stress_malignant
rGBM	SPP1→ITGA8_ITGB1	SPP1	ITGA8_ITGB1	1	1	0.04416163592884724	0.04416163592884724	Oligodendrocyte_myelinating → Endothelial
rGBM	ANXA1→DYSF	ANXA1	DYSF	1	1	0.04443801647206495	0.04443801647206495	Mural_Pericyte_Fibroblast → Endothelial
rGBM	TGFB3→ITGB5	TGFB3	ITGB5	1	1	0.04444880337317696	0.04444880337317696	Endothelial → Malignant_AC_like_reactive_malignant
rGBM	FN1→PLAUR	FN1	PLAUR	1	1	0.04483426837865838	0.04483426837865838	Mural_Pericyte_Fibroblast → Endothelial
rGBM	TGFB1→ACVR1_TGFBR1_TGFBR2	TGFB1	ACVR1_TGFBR1_TGFBR2	1	1	0.04518099263721291	0.04518099263721291	Malignant_OPC_NPC_like_malignant → Malignant_hypoxia_stress_malignant
rGBM	TGFB1→ACVR1_TGFBR2	TGFB1	ACVR1_TGFBR2	1	1	0.04518099263721291	0.04518099263721291	Malignant_OPC_NPC_like_malignant → Malignant_hypoxia_stress_malignant
rGBM	TGFB1→TGFBR1_TGFBR2	TGFB1	TGFBR1_TGFBR2	1	1	0.04518099263721291	0.04518099263721291	Malignant_OPC_NPC_like_malignant → Malignant_hypoxia_stress_malignant
rGBM	FN1→ITGA8_ITGB1	FN1	ITGA8_ITGB1	1	1	0.04591243010879738	0.04591243010879738	Mural_Pericyte_Fibroblast → Endothelial
rGBM	NRG2→LRRTM2	NRG2	LRRTM2	1	1	0.046205851949230374	0.046205851949230374	Malignant_hypoxia_stress_malignant → Malignant_hypoxia_stress_malignant
rGBM	THBS1→LRP1	THBS1	LRP1	1	1	0.046234213829427946	0.046234213829427946	Endothelial → Mural_Pericyte_Fibroblast
rGBM	LGALS1→PTPRC	LGALS1	PTPRC	1	1	0.04639550387250377	0.04639550387250377	Mural_Pericyte_Fibroblast → Endothelial
rGBM	FAM3C→LAMP1	FAM3C	LAMP1	1	1	0.04671887073767049	0.04671887073767049	Malignant_AC_like_reactive_malignant → Oligodendrocyte_myelinating
rGBM	ANGPT1→ITGA5	ANGPT1	ITGA5	1	1	0.04708411711296877	0.04708411711296877	Malignant_AC_like_reactive_malignant → Malignant_AC_like_reactive_malignant
rGBM	FN1→TNFRSF11B	FN1	TNFRSF11B	1	1	0.047531950029447934	0.047531950029447934	Mural_Pericyte_Fibroblast → Mural_Pericyte_Fibroblast
rGBM	EFNB3→EPHA4	EFNB3	EPHA4	1	1	0.04766952911132563	0.04766952911132563	Malignant_AC_like_reactive_malignant → Mural_Pericyte_Fibroblast
rGBM	WNT2B→FZD8_LRP5	WNT2B	FZD8_LRP5	1	1	0.04810853629491768	0.04810853629491768	Endothelial → Malignant_cycling_candidate
rGBM	WNT2B→FZD8_LRP6	WNT2B	FZD8_LRP6	1	1	0.04810853629491768	0.04810853629491768	Endothelial → Malignant_cycling_candidate
rGBM	PLAU→PLAUR	PLAU	PLAUR	1	1	0.04854749995653895	0.04854749995653895	Mural_Pericyte_Fibroblast → Malignant_cycling_candidate
rGBM	COL1A1→FLT4	COL1A1	FLT4	1	1	0.04855759937242942	0.04855759937242942	Mural_Pericyte_Fibroblast → Endothelial
rGBM	APP→NOTCH2	APP	NOTCH2	1	1	0.048763962972174835	0.048763962972174835	Oligodendrocyte_myelinating → Malignant_AC_like_reactive_malignant
rGBM	MMP9→ITGAM	MMP9	ITGAM	1	1	0.04884012098337347	0.04884012098337347	Endothelial → Endothelial
rGBM	SLITRK3→PTPRS	SLITRK3	PTPRS	1	1	0.04913271852327526	0.04913271852327526	Malignant_hypoxia_stress_malignant → Malignant_hypoxia_stress_malignant
rGBM	BMP6→ACVR2B_BMPR1B	BMP6	ACVR2B_BMPR1B	1	1	0.049571584786540834	0.049571584786540834	Mural_Pericyte_Fibroblast → Malignant_AC_like_reactive_malignant
