source	target	ligand_complex	receptor_complex	lr_means	expr_prod	scaled_weight	lr_logfc	spec_weight	lrscore	magnitude_rank	primary_rank_col	primary_rank	lr_pair	source_broad_group	target_broad_group	communication_axis	selection_rule	source_original	target_original	source_clean	target_clean	biological_axis	source_lineage_simplified	target_lineage_simplified
Malignant_cycling_candidate	Malignant_OPC_NPC_like_malignant	PTN	PTPRZ1	3.1503134	9.909274	0.4937085967551726	0.8263831893874016	0.048962846	0.9433025	1.5892938467069037e-08	magnitude_rank	1.5892938467069037e-08	PTN→PTPRZ1	malignant_or_cycling	malignant_or_cycling	malignant_or_cycling_to_malignant_or_cycling	primary_rank<=0.05	Malignant_cycling_candidate	Malignant_OPC_NPC_like_malignant	Malignant_cycling_candidate	Malignant_OPC_NPC_like_malignant	malignant_state_to_malignant_state	malignant_state	malignant_state
Malignant_OPC_NPC_like_malignant	Malignant_OPC_NPC_like_malignant	PTN	PTPRZ1	3.1203146	9.727659	0.4715711193820405	0.8664260907253589	0.048065476	0.9428058	6.356997283501098e-08	magnitude_rank	6.356997283501098e-08	PTN→PTPRZ1	malignant_or_cycling	malignant_or_cycling	malignant_or_cycling_to_malignant_or_cycling	primary_rank<=0.05	Malignant_OPC_NPC_like_malignant	Malignant_OPC_NPC_like_malignant	Malignant_OPC_NPC_like_malignant	Malignant_OPC_NPC_like_malignant	malignant_state_to_malignant_state	malignant_state	malignant_state
Malignant_cycling_candidate	Malignant_cycling_candidate	PTN	PTPRZ1	2.9704916	8.731945	0.3711643823078845	0.3972659432574588	0.043145534	0.93982387	7.786230596843376e-07	magnitude_rank	7.786230596843376e-07	PTN→PTPRZ1	malignant_or_cycling	malignant_or_cycling	malignant_or_cycling_to_malignant_or_cycling	primary_rank<=0.05	Malignant_cycling_candidate	Malignant_cycling_candidate	Malignant_cycling_candidate	Malignant_cycling_candidate	malignant_state_to_malignant_state	malignant_state	malignant_state
Malignant_AC_like_reactive_malignant	Malignant_OPC_NPC_like_malignant	PTN	PTPRZ1	2.9669724	8.799319	0.3584878174026618	0.7115236658134063	0.043478437	0.9400408	1.0169485861667188e-06	magnitude_rank	1.0169485861667188e-06	PTN→PTPRZ1	malignant_or_cycling	malignant_or_cycling	malignant_or_cycling_to_malignant_or_cycling	primary_rank<=0.05	Malignant_AC_like_reactive_malignant	Malignant_OPC_NPC_like_malignant	Malignant_AC_like_reactive_malignant	Malignant_OPC_NPC_like_malignant	malignant_state_to_malignant_state	malignant_state	malignant_state
Malignant_OPC_NPC_like_malignant	Malignant_cycling_candidate	PTN	PTPRZ1	2.9404929	8.571909	0.3490269049347524	0.4373088445954161	0.042354777	0.9392986	1.5888929491825882e-06	magnitude_rank	1.5888929491825882e-06	PTN→PTPRZ1	malignant_or_cycling	malignant_or_cycling	malignant_or_cycling_to_malignant_or_cycling	primary_rank<=0.05	Malignant_OPC_NPC_like_malignant	Malignant_cycling_candidate	Malignant_OPC_NPC_like_malignant	Malignant_cycling_candidate	malignant_state_to_malignant_state	malignant_state	malignant_state
Malignant_AC_like_reactive_malignant	Malignant_cycling_candidate	PTN	PTPRZ1	2.7871509	7.7538652	0.2359436029553737	0.2824064196834634	0.03831273	0.9363755	3.113881344350061e-06	magnitude_rank	3.113881344350061e-06	PTN→PTPRZ1	malignant_or_cycling	malignant_or_cycling	malignant_or_cycling_to_malignant_or_cycling	primary_rank<=0.05	Malignant_AC_like_reactive_malignant	Malignant_cycling_candidate	Malignant_AC_like_reactive_malignant	Malignant_cycling_candidate	malignant_state_to_malignant_state	malignant_state	malignant_state
Malignant_cycling_candidate	Malignant_AC_like_reactive_malignant	PTN	PTPRZ1	2.799955	7.6154075	0.2549520548200646	0.3061926310599534	0.03762859	0.9358367	3.113881344350061e-06	magnitude_rank	3.113881344350061e-06	PTN→PTPRZ1	malignant_or_cycling	malignant_or_cycling	malignant_or_cycling_to_malignant_or_cycling	primary_rank<=0.05	Malignant_cycling_candidate	Malignant_AC_like_reactive_malignant	Malignant_cycling_candidate	Malignant_AC_like_reactive_malignant	malignant_state_to_malignant_state	malignant_state	malignant_state
Malignant_OPC_NPC_like_malignant	Malignant_AC_like_reactive_malignant	PTN	PTPRZ1	2.769956	7.475835	0.2328145774469326	0.3462355323979107	0.03693895	0.9352791	3.57450822013305e-06	magnitude_rank	3.57450822013305e-06	PTN→PTPRZ1	malignant_or_cycling	malignant_or_cycling	malignant_or_cycling_to_malignant_or_cycling	primary_rank<=0.05	Malignant_OPC_NPC_like_malignant	Malignant_AC_like_reactive_malignant	Malignant_OPC_NPC_like_malignant	Malignant_AC_like_reactive_malignant	malignant_state_to_malignant_state	malignant_state	malignant_state
Malignant_AC_like_reactive_malignant	Malignant_AC_like_reactive_malignant	PTN	PTPRZ1	2.6166143	6.762393	0.1197312754675538	0.1913331074859581	0.033413753	0.9321763	5.146858887590823e-06	magnitude_rank	5.146858887590823e-06	PTN→PTPRZ1	malignant_or_cycling	malignant_or_cycling	malignant_or_cycling_to_malignant_or_cycling	primary_rank<=0.05	Malignant_AC_like_reactive_malignant	Malignant_AC_like_reactive_malignant	Malignant_AC_like_reactive_malignant	Malignant_AC_like_reactive_malignant	malignant_state_to_malignant_state	malignant_state	malignant_state
Malignant_hypoxia_stress_malignant	Malignant_OPC_NPC_like_malignant	PTN	PTPRZ1	2.5151138	6.063744	0.0252150313636997	0.0364897479383188	0.029961647	0.92864674	7.687656007694502e-06	magnitude_rank	7.687656007694502e-06	PTN→PTPRZ1	malignant_or_cycling	malignant_or_cycling	malignant_or_cycling_to_malignant_or_cycling	primary_rank<=0.05	Malignant_hypoxia_stress_malignant	Malignant_OPC_NPC_like_malignant	Malignant_hypoxia_stress_malignant	Malignant_OPC_NPC_like_malignant	malignant_state_to_malignant_state	malignant_state	malignant_state
Malignant_cycling_candidate	Malignant_cycling_candidate	PTN	NCL	2.4284477	5.183074	0.3644087176196531	0.4889840210608296	0.028114809	0.92326945	1.2450638222301931e-05	magnitude_rank	1.2450638222301931e-05	PTN→NCL	malignant_or_cycling	malignant_or_cycling	malignant_or_cycling_to_malignant_or_cycling	primary_rank<=0.05	Malignant_cycling_candidate	Malignant_cycling_candidate	Malignant_cycling_candidate	Malignant_cycling_candidate	malignant_state_to_malignant_state	malignant_state	malignant_state
Malignant_NPC_neuronal_like_malignant	Malignant_OPC_NPC_like_malignant	PTN	PTPRZ1	2.36814	5.173957	-0.0831876459621436	-0.0821387580987755	0.025565108	0.92320704	1.429202189419892e-05	magnitude_rank	1.429202189419892e-05	PTN→PTPRZ1	malignant_or_cycling	malignant_or_cycling	malignant_or_cycling_to_malignant_or_cycling	primary_rank<=0.05	Malignant_NPC_neuronal_like_malignant	Malignant_OPC_NPC_like_malignant	Malignant_NPC_neuronal_like_malignant	Malignant_OPC_NPC_like_malignant	malignant_state_to_malignant_state	malignant_state	malignant_state
Malignant_OPC_NPC_like_malignant	Malignant_cycling_candidate	PTN	NCL	2.398449	5.0880804	0.342271240246521	0.5290269223987869	0.02759953	0.92261165	1.5260276302837746e-05	magnitude_rank	1.5260276302837746e-05	PTN→NCL	malignant_or_cycling	malignant_or_cycling	malignant_or_cycling_to_malignant_or_cycling	primary_rank<=0.05	Malignant_OPC_NPC_like_malignant	Malignant_cycling_candidate	Malignant_OPC_NPC_like_malignant	Malignant_cycling_candidate	malignant_state_to_malignant_state	malignant_state	malignant_state
Malignant_hypoxia_stress_malignant	Malignant_cycling_candidate	PTN	PTPRZ1	2.3352923	5.343306	-0.0973291830835882	-0.392627498191624	0.026401881	0.92434096	1.7291891543099123e-05	magnitude_rank	1.7291891543099123e-05	PTN→PTPRZ1	malignant_or_cycling	malignant_or_cycling	malignant_or_cycling_to_malignant_or_cycling	primary_rank<=0.05	Malignant_hypoxia_stress_malignant	Malignant_cycling_candidate	Malignant_hypoxia_stress_malignant	Malignant_cycling_candidate	malignant_state_to_malignant_state	malignant_state	malignant_state
Malignant_cycling_candidate	Malignant_hypoxia_stress_malignant	PTN	PTPRZ1	2.3356557	4.5755463	-0.0614578994332092	-0.4275258065516785	0.022608293	0.9187352	2.8002939901208134e-05	magnitude_rank	2.8002939901208134e-05	PTN→PTPRZ1	malignant_or_cycling	malignant_or_cycling	malignant_or_cycling_to_malignant_or_cycling	primary_rank<=0.05	Malignant_cycling_candidate	Malignant_hypoxia_stress_malignant	Malignant_cycling_candidate	Malignant_hypoxia_stress_malignant	malignant_state_to_malignant_state	malignant_state	malignant_state
Malignant_AC_like_reactive_malignant	Malignant_cycling_candidate	PTN	NCL	2.245107	4.6025095	0.2291879382671423	0.3741244974868343	0.024965623	0.91895425	3.358705600391804e-05	magnitude_rank	3.358705600391804e-05	PTN→NCL	malignant_or_cycling	malignant_or_cycling	malignant_or_cycling_to_malignant_or_cycling	primary_rank<=0.05	Malignant_AC_like_reactive_malignant	Malignant_cycling_candidate	Malignant_AC_like_reactive_malignant	Malignant_cycling_candidate	malignant_state_to_malignant_state	malignant_state	malignant_state
Malignant_cycling_candidate	Malignant_OPC_NPC_like_malignant	PTN	NCL	2.3271222	4.5196753	0.2558197387140341	0.3428150438496331	0.0245163	0.9182754	3.5062257498763425e-05	magnitude_rank	3.5062257498763425e-05	PTN→NCL	malignant_or_cycling	malignant_or_cycling	malignant_or_cycling_to_malignant_or_cycling	primary_rank<=0.05	Malignant_cycling_candidate	Malignant_OPC_NPC_like_malignant	Malignant_cycling_candidate	Malignant_OPC_NPC_like_malignant	malignant_state_to_malignant_state	malignant_state	malignant_state
Malignant_OPC_NPC_like_malignant	Malignant_hypoxia_stress_malignant	PTN	PTPRZ1	2.305657	4.4916873	-0.0835953768063413	-0.3874829052137212	0.022193937	0.918042	3.810762488110222e-05	magnitude_rank	3.810762488110222e-05	PTN→PTPRZ1	malignant_or_cycling	malignant_or_cycling	malignant_or_cycling_to_malignant_or_cycling	primary_rank<=0.05	Malignant_OPC_NPC_like_malignant	Malignant_hypoxia_stress_malignant	Malignant_OPC_NPC_like_malignant	Malignant_hypoxia_stress_malignant	malignant_state_to_malignant_state	malignant_state	malignant_state
Malignant_hypoxia_stress_malignant	Malignant_OPC_NPC_like_malignant	TIMP1	CD63	2.2266288	4.806214	0.2070103786076951	0.5086383980039	0.020142652	0.92055243	3.810762488110222e-05	magnitude_rank	3.810762488110222e-05	TIMP1→CD63	malignant_or_cycling	malignant_or_cycling	malignant_or_cycling_to_malignant_or_cycling	primary_rank<=0.05	Malignant_hypoxia_stress_malignant	Malignant_OPC_NPC_like_malignant	Malignant_hypoxia_stress_malignant	Malignant_OPC_NPC_like_malignant	malignant_state_to_malignant_state	malignant_state	malignant_state
Malignant_OPC_NPC_like_malignant	Malignant_OPC_NPC_like_malignant	PTN	NCL	2.2971234	4.43684	0.233682261340902	0.3828579451875904	0.024066973	0.91757864	3.967780229853017e-05	magnitude_rank	3.967780229853017e-05	PTN→NCL	malignant_or_cycling	malignant_or_cycling	malignant_or_cycling_to_malignant_or_cycling	primary_rank<=0.05	Malignant_OPC_NPC_like_malignant	Malignant_OPC_NPC_like_malignant	Malignant_OPC_NPC_like_malignant	Malignant_OPC_NPC_like_malignant	malignant_state_to_malignant_state	malignant_state	malignant_state
Malignant_cycling_candidate	Malignant_OPC_NPC_like_malignant	MDK	PTPRZ1	2.2055755	4.1897836	0.4419888554366737	0.7532501877971174	0.05215989	0.915386	5.155514014959361e-05	magnitude_rank	5.155514014959361e-05	MDK→PTPRZ1	malignant_or_cycling	malignant_or_cycling	malignant_or_cycling_to_malignant_or_cycling	primary_rank<=0.05	Malignant_cycling_candidate	Malignant_OPC_NPC_like_malignant	Malignant_cycling_candidate	Malignant_OPC_NPC_like_malignant	malignant_state_to_malignant_state	malignant_state	malignant_state
Malignant_hypoxia_stress_malignant	Malignant_AC_like_reactive_malignant	TIMP1	CD63	2.1916094	4.6775393	0.1750580981446901	0.3681094317065536	0.019603383	0.9195544	5.337845901390271e-05	magnitude_rank	5.337845901390271e-05	TIMP1→CD63	malignant_or_cycling	malignant_or_cycling	malignant_or_cycling_to_malignant_or_cycling	primary_rank<=0.05	Malignant_hypoxia_stress_malignant	Malignant_AC_like_reactive_malignant	Malignant_hypoxia_stress_malignant	Malignant_AC_like_reactive_malignant	malignant_state_to_malignant_state	malignant_state	malignant_state
Malignant_NPC_neuronal_like_malignant	Malignant_cycling_candidate	PTN	PTPRZ1	2.1883183	4.559235	-0.2057318604094317	-0.5112560042287184	0.022527698	0.9186018	5.5233419934913473e-05	magnitude_rank	5.5233419934913473e-05	PTN→PTPRZ1	malignant_or_cycling	malignant_or_cycling	malignant_or_cycling_to_malignant_or_cycling	primary_rank<=0.05	Malignant_NPC_neuronal_like_malignant	Malignant_cycling_candidate	Malignant_NPC_neuronal_like_malignant	Malignant_cycling_candidate	malignant_state_to_malignant_state	malignant_state	malignant_state
Malignant_hypoxia_stress_malignant	Malignant_AC_like_reactive_malignant	PTN	PTPRZ1	2.1647556	4.660067	-0.2135415105714081	-0.4837008103891294	0.02302592	0.9194159	7.12114813970081e-05	magnitude_rank	7.12114813970081e-05	PTN→PTPRZ1	malignant_or_cycling	malignant_or_cycling	malignant_or_cycling_to_malignant_or_cycling	primary_rank<=0.05	Malignant_hypoxia_stress_malignant	Malignant_AC_like_reactive_malignant	Malignant_hypoxia_stress_malignant	Malignant_AC_like_reactive_malignant	malignant_state_to_malignant_state	malignant_state	malignant_state
Malignant_hypoxia_stress_malignant	Malignant_cycling_candidate	TIMP1	CD63	2.158806	4.557008	0.145139570842047	0.3484829084282679	0.019098239	0.9185835	7.772485473129368e-05	magnitude_rank	7.772485473129368e-05	TIMP1→CD63	malignant_or_cycling	malignant_or_cycling	malignant_or_cycling_to_malignant_or_cycling	primary_rank<=0.05	Malignant_hypoxia_stress_malignant	Malignant_cycling_candidate	Malignant_hypoxia_stress_malignant	Malignant_cycling_candidate	malignant_state_to_malignant_state	malignant_state	malignant_state
Malignant_AC_like_reactive_malignant	Malignant_hypoxia_stress_malignant	PTN	PTPRZ1	2.152315	4.0630317	-0.19667867878572	-0.5423853301256738	0.0200759	0.91418874	9.160472251376882e-05	magnitude_rank	9.160472251376882e-05	PTN→PTPRZ1	malignant_or_cycling	malignant_or_cycling	malignant_or_cycling_to_malignant_or_cycling	primary_rank<=0.05	Malignant_AC_like_reactive_malignant	Malignant_hypoxia_stress_malignant	Malignant_AC_like_reactive_malignant	Malignant_hypoxia_stress_malignant	malignant_state_to_malignant_state	malignant_state	malignant_state
Malignant_AC_like_reactive_malignant	Malignant_OPC_NPC_like_malignant	PTN	NCL	2.1437814	4.0134187	0.1205989593615233	0.2279555202756378	0.021770189	0.9137056	0.000106621604236	magnitude_rank	0.000106621604236	PTN→NCL	malignant_or_cycling	malignant_or_cycling	malignant_or_cycling_to_malignant_or_cycling	primary_rank<=0.05	Malignant_AC_like_reactive_malignant	Malignant_OPC_NPC_like_malignant	Malignant_AC_like_reactive_malignant	Malignant_OPC_NPC_like_malignant	malignant_state_to_malignant_state	malignant_state	malignant_state
Malignant_cycling_candidate	Malignant_AC_like_reactive_malignant	PTN	NCL	2.1931825	3.6427455	0.1122769003801189	0.1228791213045341	0.019759525	0.90980786	0.0001092349155042	magnitude_rank	0.0001092349155042	PTN→NCL	malignant_or_cycling	malignant_or_cycling	malignant_or_cycling_to_malignant_or_cycling	primary_rank<=0.05	Malignant_cycling_candidate	Malignant_AC_like_reactive_malignant	Malignant_cycling_candidate	Malignant_AC_like_reactive_malignant	malignant_state_to_malignant_state	malignant_state	malignant_state
Malignant_OPC_NPC_like_malignant	Malignant_OPC_NPC_like_malignant	MDK	PTPRZ1	2.130105	3.732881	0.3679536944273504	0.7274652310999234	0.046471775	0.91080576	0.0001172642431328	magnitude_rank	0.0001172642431328	MDK→PTPRZ1	malignant_or_cycling	malignant_or_cycling	malignant_or_cycling_to_malignant_or_cycling	primary_rank<=0.05	Malignant_OPC_NPC_like_malignant	Malignant_OPC_NPC_like_malignant	Malignant_OPC_NPC_like_malignant	Malignant_OPC_NPC_like_malignant	malignant_state_to_malignant_state	malignant_state	malignant_state
Malignant_OPC_NPC_like_malignant	Malignant_AC_like_reactive_malignant	PTN	NCL	2.1631837	3.5759823	0.0901394230069868	0.1629220226424914	0.01939738	0.90904605	0.000134174865395	magnitude_rank	0.000134174865395	PTN→NCL	malignant_or_cycling	malignant_or_cycling	malignant_or_cycling_to_malignant_or_cycling	primary_rank<=0.05	Malignant_OPC_NPC_like_malignant	Malignant_AC_like_reactive_malignant	Malignant_OPC_NPC_like_malignant	Malignant_AC_like_reactive_malignant	malignant_state_to_malignant_state	malignant_state	malignant_state
Malignant_cycling_candidate	Malignant_hypoxia_stress_malignant	PTN	NCL	2.1815484	3.5665739	0.0998084344140145	0.0703408133777931	0.019346343	0.9089371	0.0001400641177712	magnitude_rank	0.0001400641177712	PTN→NCL	malignant_or_cycling	malignant_or_cycling	malignant_or_cycling_to_malignant_or_cycling	primary_rank<=0.05	Malignant_cycling_candidate	Malignant_hypoxia_stress_malignant	Malignant_cycling_candidate	Malignant_hypoxia_stress_malignant	malignant_state_to_malignant_state	malignant_state	malignant_state
Malignant_OPC_NPC_like_malignant	Malignant_OPC_NPC_like_malignant	TIMP1	CD63	2.115194	4.2231736	0.1174045945638834	0.0233893320954983	0.017699152	0.9156929	0.0001460794799319	magnitude_rank	0.0001460794799319	TIMP1→CD63	malignant_or_cycling	malignant_or_cycling	malignant_or_cycling_to_malignant_or_cycling	primary_rank<=0.05	Malignant_OPC_NPC_like_malignant	Malignant_OPC_NPC_like_malignant	Malignant_OPC_NPC_like_malignant	Malignant_OPC_NPC_like_malignant	malignant_state_to_malignant_state	malignant_state	malignant_state
Malignant_NPC_neuronal_like_malignant	Malignant_OPC_NPC_like_malignant	NCAM1	PTPRZ1	2.1058433	3.5859997	0.4654501186753549	0.8910689802090151	0.052480962	0.90916157	0.0001553390101554	magnitude_rank	0.0001553390101554	NCAM1→PTPRZ1	malignant_or_cycling	malignant_or_cycling	malignant_or_cycling_to_malignant_or_cycling	primary_rank<=0.05	Malignant_NPC_neuronal_like_malignant	Malignant_OPC_NPC_like_malignant	Malignant_NPC_neuronal_like_malignant	Malignant_OPC_NPC_like_malignant	malignant_state_to_malignant_state	malignant_state	malignant_state
Malignant_hypoxia_stress_malignant	Malignant_hypoxia_stress_malignant	TIMP1	CD63	2.1047435	4.3583612	0.0958242509750539	0.2389548402547205	0.01826572	0.91690123	0.0001584885800336	magnitude_rank	0.0001584885800336	TIMP1→CD63	malignant_or_cycling	malignant_or_cycling	malignant_or_cycling_to_malignant_or_cycling	primary_rank<=0.05	Malignant_hypoxia_stress_malignant	Malignant_hypoxia_stress_malignant	Malignant_hypoxia_stress_malignant	Malignant_hypoxia_stress_malignant	malignant_state_to_malignant_state	malignant_state	malignant_state
Malignant_OPC_NPC_like_malignant	Malignant_hypoxia_stress_malignant	PTN	NCL	2.1515496	3.5012066	0.0776709570408825	0.1103837147157504	0.01899177	0.9081687	0.0001648822408533	magnitude_rank	0.0001648822408533	PTN→NCL	malignant_or_cycling	malignant_or_cycling	malignant_or_cycling_to_malignant_or_cycling	primary_rank<=0.05	Malignant_OPC_NPC_like_malignant	Malignant_hypoxia_stress_malignant	Malignant_OPC_NPC_like_malignant	Malignant_hypoxia_stress_malignant	malignant_state_to_malignant_state	malignant_state	malignant_state
Malignant_OPC_NPC_like_malignant	Malignant_AC_like_reactive_malignant	TIMP1	CD63	2.080175	4.110109	0.0854523141008784	-0.117139634201848	0.017225303	0.91463953	0.0001882526663248	magnitude_rank	0.0001882526663248	TIMP1→CD63	malignant_or_cycling	malignant_or_cycling	malignant_or_cycling_to_malignant_or_cycling	primary_rank<=0.05	Malignant_OPC_NPC_like_malignant	Malignant_AC_like_reactive_malignant	Malignant_OPC_NPC_like_malignant	Malignant_AC_like_reactive_malignant	malignant_state_to_malignant_state	malignant_state	malignant_state
Malignant_hypoxia_stress_malignant	Malignant_AC_like_reactive_malignant	VIM	CD44	2.2114148	3.4198864	0.654786937127025	1.1105338344869642	0.04178319	0.90718395	0.0002131663351772	magnitude_rank	0.0002131663351772	VIM→CD44	malignant_or_cycling	malignant_or_cycling	malignant_or_cycling_to_malignant_or_cycling	primary_rank<=0.05	Malignant_hypoxia_stress_malignant	Malignant_AC_like_reactive_malignant	Malignant_hypoxia_stress_malignant	Malignant_AC_like_reactive_malignant	malignant_state_to_malignant_state	malignant_state	malignant_state
Malignant_cycling_candidate	Malignant_NPC_neuronal_like_malignant	PTN	PTPRZ1	2.1579394	3.4120018	-0.1825641765654547	-0.6702776365148286	0.016859088	0.9070868	0.0002168513768436	magnitude_rank	0.0002168513768436	PTN→PTPRZ1	malignant_or_cycling	malignant_or_cycling	malignant_or_cycling_to_malignant_or_cycling	primary_rank<=0.05	Malignant_cycling_candidate	Malignant_NPC_neuronal_like_malignant	Malignant_cycling_candidate	Malignant_NPC_neuronal_like_malignant	malignant_state_to_malignant_state	malignant_state	malignant_state
Malignant_cycling_candidate	Malignant_NPC_neuronal_like_malignant	PTN	NCL	2.1543732	3.3886518	0.0706846646268509	0.1085850471607838	0.018381232	0.90679693	0.0002280952956191	magnitude_rank	0.0002280952956191	PTN→NCL	malignant_or_cycling	malignant_or_cycling	malignant_or_cycling_to_malignant_or_cycling	primary_rank<=0.05	Malignant_cycling_candidate	Malignant_NPC_neuronal_like_malignant	Malignant_cycling_candidate	Malignant_NPC_neuronal_like_malignant	malignant_state_to_malignant_state	malignant_state	malignant_state
Malignant_OPC_NPC_like_malignant	Malignant_NPC_neuronal_like_malignant	PTN	PTPRZ1	2.1279407	3.3494675	-0.2047016539385868	-0.6302347351768713	0.016550101	0.90630436	0.0002435277157493	magnitude_rank	0.0002435277157493	PTN→PTPRZ1	malignant_or_cycling	malignant_or_cycling	malignant_or_cycling_to_malignant_or_cycling	primary_rank<=0.05	Malignant_OPC_NPC_like_malignant	Malignant_NPC_neuronal_like_malignant	Malignant_OPC_NPC_like_malignant	Malignant_NPC_neuronal_like_malignant	malignant_state_to_malignant_state	malignant_state	malignant_state
Malignant_OPC_NPC_like_malignant	Malignant_cycling_candidate	TIMP1	CD63	2.0473716	4.0041986	0.0555337867982353	-0.1367661574801337	0.016781436	0.91361487	0.0002594634245881	magnitude_rank	0.0002594634245881	TIMP1→CD63	malignant_or_cycling	malignant_or_cycling	malignant_or_cycling_to_malignant_or_cycling	primary_rank<=0.05	Malignant_OPC_NPC_like_malignant	Malignant_cycling_candidate	Malignant_OPC_NPC_like_malignant	Malignant_cycling_candidate	malignant_state_to_malignant_state	malignant_state	malignant_state
Malignant_OPC_NPC_like_malignant	Malignant_NPC_neuronal_like_malignant	PTN	NCL	2.1243744	3.3265457	0.0485471872537188	0.1486279484987411	0.018044349	0.90601236	0.0002635259367281	magnitude_rank	0.0002635259367281	PTN→NCL	malignant_or_cycling	malignant_or_cycling	malignant_or_cycling_to_malignant_or_cycling	primary_rank<=0.05	Malignant_OPC_NPC_like_malignant	Malignant_NPC_neuronal_like_malignant	Malignant_OPC_NPC_like_malignant	Malignant_NPC_neuronal_like_malignant	malignant_state_to_malignant_state	malignant_state	malignant_state
Malignant_cycling_candidate	Malignant_OPC_NPC_like_malignant	TIMP1	CD63	2.037086	3.814501	0.0545929564638475	-0.1929926635974652	0.015986422	0.91168034	0.0002800905149676	magnitude_rank	0.0002800905149676	TIMP1→CD63	malignant_or_cycling	malignant_or_cycling	malignant_or_cycling_to_malignant_or_cycling	primary_rank<=0.05	Malignant_cycling_candidate	Malignant_OPC_NPC_like_malignant	Malignant_cycling_candidate	Malignant_OPC_NPC_like_malignant	malignant_state_to_malignant_state	malignant_state	malignant_state
Malignant_cycling_candidate	Malignant_cycling_candidate	MDK	PTPRZ1	2.025754	3.691992	0.3194446409893856	0.3241329416671745	0.045962732	0.9103573	0.0002971579972119	magnitude_rank	0.0002971579972119	MDK→PTPRZ1	malignant_or_cycling	malignant_or_cycling	malignant_or_cycling_to_malignant_or_cycling	primary_rank<=0.05	Malignant_cycling_candidate	Malignant_cycling_candidate	Malignant_cycling_candidate	Malignant_cycling_candidate	malignant_state_to_malignant_state	malignant_state	malignant_state
Malignant_AC_like_reactive_malignant	Malignant_AC_like_reactive_malignant	VIM	CD44	2.1322727	3.2617943	0.6032336906127513	0.9455079908011322	0.039851665	0.9051721	0.0003102885245378	magnitude_rank	0.0003102885245378	VIM→CD44	malignant_or_cycling	malignant_or_cycling	malignant_or_cycling_to_malignant_or_cycling	primary_rank<=0.05	Malignant_AC_like_reactive_malignant	Malignant_AC_like_reactive_malignant	Malignant_AC_like_reactive_malignant	Malignant_AC_like_reactive_malignant	malignant_state_to_malignant_state	malignant_state	malignant_state
Malignant_NPC_neuronal_like_malignant	Malignant_AC_like_reactive_malignant	PTN	PTPRZ1	2.0177817	3.976254	-0.3219441878972516	-0.6023293164262238	0.019647123	0.9133382	0.0003237017665364	magnitude_rank	0.0003237017665364	PTN→PTPRZ1	malignant_or_cycling	malignant_or_cycling	malignant_or_cycling_to_malignant_or_cycling	primary_rank<=0.05	Malignant_NPC_neuronal_like_malignant	Malignant_AC_like_reactive_malignant	Malignant_NPC_neuronal_like_malignant	Malignant_AC_like_reactive_malignant	malignant_state_to_malignant_state	malignant_state	malignant_state
Malignant_NPC_neuronal_like_malignant	Malignant_OPC_NPC_like_malignant	MDK	PTPRZ1	2.0463362	3.2257407	0.2857748130826948	0.6043491942003563	0.040158227	0.904694	0.0003237017665364	magnitude_rank	0.0003237017665364	MDK→PTPRZ1	malignant_or_cycling	malignant_or_cycling	malignant_or_cycling_to_malignant_or_cycling	primary_rank<=0.05	Malignant_NPC_neuronal_like_malignant	Malignant_OPC_NPC_like_malignant	Malignant_NPC_neuronal_like_malignant	Malignant_OPC_NPC_like_malignant	malignant_state_to_malignant_state	malignant_state	malignant_state
Malignant_AC_like_reactive_malignant	Malignant_AC_like_reactive_malignant	PTN	NCL	2.0098417	3.2347155	-0.0229438789723918	0.0080195977305388	0.017546229	0.9048137	0.0003328009390343	magnitude_rank	0.0003328009390343	PTN→NCL	malignant_or_cycling	malignant_or_cycling	malignant_or_cycling_to_malignant_or_cycling	primary_rank<=0.05	Malignant_AC_like_reactive_malignant	Malignant_AC_like_reactive_malignant	Malignant_AC_like_reactive_malignant	Malignant_AC_like_reactive_malignant	malignant_state_to_malignant_state	malignant_state	malignant_state
Malignant_cycling_candidate	Malignant_AC_like_reactive_malignant	TIMP1	CD63	2.0020666	3.7123773	0.0226406760008425	-0.3335216298948116	0.015558426	0.91058177	0.0003560983369628	magnitude_rank	0.0003560983369628	TIMP1→CD63	malignant_or_cycling	malignant_or_cycling	malignant_or_cycling_to_malignant_or_cycling	primary_rank<=0.05	Malignant_cycling_candidate	Malignant_AC_like_reactive_malignant	Malignant_cycling_candidate	Malignant_AC_like_reactive_malignant	malignant_state_to_malignant_state	malignant_state	malignant_state
Malignant_AC_like_reactive_malignant	Malignant_OPC_NPC_like_malignant	TIMP1	CD63	1.9983983	3.6120827	0.0234851341457809	-0.1218387276061157	0.015138095	0.9094604	0.0003704534931011	magnitude_rank	0.0003704534931011	TIMP1→CD63	malignant_or_cycling	malignant_or_cycling	malignant_or_cycling_to_malignant_or_cycling	primary_rank<=0.05	Malignant_AC_like_reactive_malignant	Malignant_OPC_NPC_like_malignant	Malignant_AC_like_reactive_malignant	Malignant_OPC_NPC_like_malignant	malignant_state_to_malignant_state	malignant_state	malignant_state
Malignant_AC_like_reactive_malignant	Malignant_hypoxia_stress_malignant	PTN	NCL	1.9982076	3.1670759	-0.0354123449384962	-0.0445187101962021	0.017179327	0.9038998	0.0003753012513027	magnitude_rank	0.0003753012513027	PTN→NCL	malignant_or_cycling	malignant_or_cycling	malignant_or_cycling_to_malignant_or_cycling	primary_rank<=0.05	Malignant_AC_like_reactive_malignant	Malignant_hypoxia_stress_malignant	Malignant_AC_like_reactive_malignant	Malignant_hypoxia_stress_malignant	malignant_state_to_malignant_state	malignant_state	malignant_state
Malignant_OPC_NPC_like_malignant	Malignant_hypoxia_stress_malignant	TIMP1	CD63	1.993309	3.8296502	0.0062184669312422	-0.2462942256536811	0.01604991	0.9118398	0.0003950061720054	magnitude_rank	0.0003950061720054	TIMP1→CD63	malignant_or_cycling	malignant_or_cycling	malignant_or_cycling_to_malignant_or_cycling	primary_rank<=0.05	Malignant_OPC_NPC_like_malignant	Malignant_hypoxia_stress_malignant	Malignant_OPC_NPC_like_malignant	Malignant_hypoxia_stress_malignant	malignant_state_to_malignant_state	malignant_state	malignant_state
Malignant_hypoxia_stress_malignant	Malignant_OPC_NPC_like_malignant	MDK	PTPRZ1	2.0313864	3.135234	0.2711093121802839	0.5631101259287246	0.039031483	0.90346	0.0004000108345463	magnitude_rank	0.0004000108345463	MDK→PTPRZ1	malignant_or_cycling	malignant_or_cycling	malignant_or_cycling_to_malignant_or_cycling	primary_rank<=0.05	Malignant_hypoxia_stress_malignant	Malignant_OPC_NPC_like_malignant	Malignant_hypoxia_stress_malignant	Malignant_OPC_NPC_like_malignant	malignant_state_to_malignant_state	malignant_state	malignant_state
Malignant_hypoxia_stress_malignant	Malignant_hypoxia_stress_malignant	VIM	CD44	2.1664124	3.1117048	0.5977552634486489	1.0852857342164168	0.038017917	0.903131	0.0004050468033226	magnitude_rank	0.0004050468033226	VIM→CD44	malignant_or_cycling	malignant_or_cycling	malignant_or_cycling_to_malignant_or_cycling	primary_rank<=0.05	Malignant_hypoxia_stress_malignant	Malignant_hypoxia_stress_malignant	Malignant_hypoxia_stress_malignant	Malignant_hypoxia_stress_malignant	malignant_state_to_malignant_state	malignant_state	malignant_state
Malignant_cycling_candidate	Malignant_cycling_candidate	TIMP1	CD63	1.9692633	3.616716	-0.0072778513018005	-0.3531481531730973	0.015157513	0.9095132	0.0004679241358353	magnitude_rank	0.0004679241358353	TIMP1→CD63	malignant_or_cycling	malignant_or_cycling	malignant_or_cycling_to_malignant_or_cycling	primary_rank<=0.05	Malignant_cycling_candidate	Malignant_cycling_candidate	Malignant_cycling_candidate	Malignant_cycling_candidate	malignant_state_to_malignant_state	malignant_state	malignant_state
Malignant_AC_like_reactive_malignant	Malignant_NPC_neuronal_like_malignant	PTN	PTPRZ1	1.9745986	3.0298176	-0.3177849559179656	-0.785137160088824	0.014970673	0.90195817	0.0004788424380126	magnitude_rank	0.0004788424380126	PTN→PTPRZ1	malignant_or_cycling	malignant_or_cycling	malignant_or_cycling_to_malignant_or_cycling	primary_rank<=0.05	Malignant_AC_like_reactive_malignant	Malignant_NPC_neuronal_like_malignant	Malignant_AC_like_reactive_malignant	Malignant_NPC_neuronal_like_malignant	malignant_state_to_malignant_state	malignant_state	malignant_state
Malignant_AC_like_reactive_malignant	Malignant_NPC_neuronal_like_malignant	PTN	NCL	1.9710323	3.0090833	-0.0645361147256598	-0.0062744764132114	0.01632232	0.9016541	0.000495454738769	magnitude_rank	0.000495454738769	PTN→NCL	malignant_or_cycling	malignant_or_cycling	malignant_or_cycling_to_malignant_or_cycling	primary_rank<=0.05	Malignant_AC_like_reactive_malignant	Malignant_NPC_neuronal_like_malignant	Malignant_AC_like_reactive_malignant	Malignant_NPC_neuronal_like_malignant	malignant_state_to_malignant_state	malignant_state	malignant_state
Malignant_AC_like_reactive_malignant	Malignant_AC_like_reactive_malignant	TIMP1	CD63	1.9633791	3.5153782	-0.008467146317224	-0.262367693903462	0.014732811	0.90833694	0.0005010547622191	magnitude_rank	0.0005010547622191	TIMP1→CD63	malignant_or_cycling	malignant_or_cycling	malignant_or_cycling_to_malignant_or_cycling	primary_rank<=0.05	Malignant_AC_like_reactive_malignant	Malignant_AC_like_reactive_malignant	Malignant_AC_like_reactive_malignant	Malignant_AC_like_reactive_malignant	malignant_state_to_malignant_state	malignant_state	malignant_state
Malignant_AC_like_reactive_malignant	Malignant_hypoxia_stress_malignant	VIM	CD44	2.0872703	2.9678593	0.5462020169343753	0.9202598905305852	0.03626045	0.9010408	0.0005295247432905	magnitude_rank	0.0005295247432905	VIM→CD44	malignant_or_cycling	malignant_or_cycling	malignant_or_cycling_to_malignant_or_cycling	primary_rank<=0.05	Malignant_AC_like_reactive_malignant	Malignant_hypoxia_stress_malignant	Malignant_AC_like_reactive_malignant	Malignant_hypoxia_stress_malignant	malignant_state_to_malignant_state	malignant_state	malignant_state
Malignant_cycling_candidate	Malignant_OPC_NPC_like_malignant	NCAM1	PTPRZ1	1.9938942	2.908254	0.3411033478509944	0.584576271624609	0.04256218	0.90013266	0.0005528640943382	magnitude_rank	0.0005528640943382	NCAM1→PTPRZ1	malignant_or_cycling	malignant_or_cycling	malignant_or_cycling_to_malignant_or_cycling	primary_rank<=0.05	Malignant_cycling_candidate	Malignant_OPC_NPC_like_malignant	Malignant_cycling_candidate	Malignant_OPC_NPC_like_malignant	malignant_state_to_malignant_state	malignant_state	malignant_state
Malignant_OPC_NPC_like_malignant	Malignant_cycling_candidate	MDK	PTPRZ1	1.9502834	3.2893746	0.2454094799800623	0.2983479849699806	0.040950425	0.9055328	0.0005647214049016	magnitude_rank	0.0005647214049016	MDK→PTPRZ1	malignant_or_cycling	malignant_or_cycling	malignant_or_cycling_to_malignant_or_cycling	primary_rank<=0.05	Malignant_OPC_NPC_like_malignant	Malignant_cycling_candidate	Malignant_OPC_NPC_like_malignant	Malignant_cycling_candidate	malignant_state_to_malignant_state	malignant_state	malignant_state
Malignant_OPC_NPC_like_malignant	Malignant_OPC_NPC_like_malignant	NCAM1	PTPRZ1	1.9909346	2.8903363	0.3378151958027194	0.672427388726454	0.042299952	0.89985454	0.0005827421756173	magnitude_rank	0.0005827421756173	NCAM1→PTPRZ1	malignant_or_cycling	malignant_or_cycling	malignant_or_cycling_to_malignant_or_cycling	primary_rank<=0.05	Malignant_OPC_NPC_like_malignant	Malignant_OPC_NPC_like_malignant	Malignant_OPC_NPC_like_malignant	Malignant_OPC_NPC_like_malignant	malignant_state_to_malignant_state	malignant_state	malignant_state
Malignant_cycling_candidate	Malignant_NPC_neuronal_like_malignant	PTN	PTPRS	2.071099	2.8434408	0.5789890816875863	0.8674101724367962	0.061188117	0.899115	0.0006384927172329	magnitude_rank	0.0006384927172329	PTN→PTPRS	malignant_or_cycling	malignant_or_cycling	malignant_or_cycling_to_malignant_or_cycling	primary_rank<=0.05	Malignant_cycling_candidate	Malignant_NPC_neuronal_like_malignant	Malignant_cycling_candidate	Malignant_NPC_neuronal_like_malignant	malignant_state_to_malignant_state	malignant_state	malignant_state
Malignant_AC_like_reactive_malignant	Malignant_cycling_candidate	TIMP1	CD63	1.9305758	3.4247932	-0.0383856736198671	-0.2819942171817478	0.014353172	0.9072443	0.0006512256047666	magnitude_rank	0.0006512256047666	TIMP1→CD63	malignant_or_cycling	malignant_or_cycling	malignant_or_cycling_to_malignant_or_cycling	primary_rank<=0.05	Malignant_AC_like_reactive_malignant	Malignant_cycling_candidate	Malignant_AC_like_reactive_malignant	Malignant_cycling_candidate	malignant_state_to_malignant_state	malignant_state	malignant_state
Malignant_OPC_NPC_like_malignant	Malignant_NPC_neuronal_like_malignant	PTN	PTPRS	2.0411003	2.791327	0.5568516043144542	0.9074530737747536	0.06006668	0.898273	0.0006640834709588	magnitude_rank	0.0006640834709588	PTN→PTPRS	malignant_or_cycling	malignant_or_cycling	malignant_or_cycling_to_malignant_or_cycling	primary_rank<=0.05	Malignant_OPC_NPC_like_malignant	Malignant_NPC_neuronal_like_malignant	Malignant_OPC_NPC_like_malignant	Malignant_NPC_neuronal_like_malignant	malignant_state_to_malignant_state	malignant_state	malignant_state
Malignant_NPC_neuronal_like_malignant	Malignant_cycling_candidate	NCAM1	PTPRZ1	1.9260218	3.1599445	0.3429059042280669	0.4619517340790723	0.046245657	0.90380186	0.000670559264373	magnitude_rank	0.000670559264373	NCAM1→PTPRZ1	malignant_or_cycling	malignant_or_cycling	malignant_or_cycling_to_malignant_or_cycling	primary_rank<=0.05	Malignant_NPC_neuronal_like_malignant	Malignant_cycling_candidate	Malignant_NPC_neuronal_like_malignant	Malignant_cycling_candidate	malignant_state_to_malignant_state	malignant_state	malignant_state
Malignant_cycling_candidate	Malignant_hypoxia_stress_malignant	TIMP1	CD63	1.9152008	3.4590583	-0.0565931711687936	-0.4626762213466446	0.014496776	0.9076624	0.0007234896078709	magnitude_rank	0.0007234896078709	TIMP1→CD63	malignant_or_cycling	malignant_or_cycling	malignant_or_cycling_to_malignant_or_cycling	primary_rank<=0.05	Malignant_cycling_candidate	Malignant_hypoxia_stress_malignant	Malignant_cycling_candidate	Malignant_hypoxia_stress_malignant	malignant_state_to_malignant_state	malignant_state	malignant_state
Malignant_cycling_candidate	Malignant_AC_like_reactive_malignant	PTN	SDC3	2.0500288	2.7054896	0.3618445917643917	0.5965423077112834	0.04444677	0.896837	0.0007714426047683	magnitude_rank	0.0007714426047683	PTN→SDC3	malignant_or_cycling	malignant_or_cycling	malignant_or_cycling_to_malignant_or_cycling	primary_rank<=0.05	Malignant_cycling_candidate	Malignant_AC_like_reactive_malignant	Malignant_cycling_candidate	Malignant_AC_like_reactive_malignant	malignant_state_to_malignant_state	malignant_state	malignant_state
Malignant_OPC_NPC_like_malignant	Malignant_AC_like_reactive_malignant	PTN	SDC3	2.02003	2.6559043	0.3397071143912596	0.6365852090492407	0.043632165	0.89597815	0.0008066306451504	magnitude_rank	0.0008066306451504	PTN→SDC3	malignant_or_cycling	malignant_or_cycling	malignant_or_cycling_to_malignant_or_cycling	primary_rank<=0.05	Malignant_OPC_NPC_like_malignant	Malignant_AC_like_reactive_malignant	Malignant_OPC_NPC_like_malignant	Malignant_AC_like_reactive_malignant	malignant_state_to_malignant_state	malignant_state	malignant_state
Malignant_AC_like_reactive_malignant	Malignant_OPC_NPC_like_malignant	NCAM1	PTPRZ1	1.9477984	2.6291873	0.2899024138593273	0.5566142616228531	0.03847805	0.8955061	0.0008209242242308	magnitude_rank	0.0008209242242308	NCAM1→PTPRZ1	malignant_or_cycling	malignant_or_cycling	malignant_or_cycling_to_malignant_or_cycling	primary_rank<=0.05	Malignant_AC_like_reactive_malignant	Malignant_OPC_NPC_like_malignant	Malignant_AC_like_reactive_malignant	Malignant_OPC_NPC_like_malignant	malignant_state_to_malignant_state	malignant_state	malignant_state
Malignant_AC_like_reactive_malignant	Malignant_hypoxia_stress_malignant	TIMP1	CD63	1.8765132	3.2755017	-0.0877009934868602	-0.3915222853552951	0.013727497	0.90535194	0.0008942621987199	magnitude_rank	0.0008942621987199	TIMP1→CD63	malignant_or_cycling	malignant_or_cycling	malignant_or_cycling_to_malignant_or_cycling	primary_rank<=0.05	Malignant_AC_like_reactive_malignant	Malignant_hypoxia_stress_malignant	Malignant_AC_like_reactive_malignant	Malignant_hypoxia_stress_malignant	malignant_state_to_malignant_state	malignant_state	malignant_state
Malignant_AC_like_reactive_malignant	Malignant_NPC_neuronal_like_malignant	PTN	PTPRS	1.8877584	2.5249422	0.4437683023350755	0.7525506488628009	0.054334335	0.893598	0.0009551753742951	magnitude_rank	0.0009551753742951	PTN→PTPRS	malignant_or_cycling	malignant_or_cycling	malignant_or_cycling_to_malignant_or_cycling	primary_rank<=0.05	Malignant_AC_like_reactive_malignant	Malignant_NPC_neuronal_like_malignant	Malignant_AC_like_reactive_malignant	Malignant_NPC_neuronal_like_malignant	malignant_state_to_malignant_state	malignant_state	malignant_state
Malignant_AC_like_reactive_malignant	Malignant_OPC_NPC_like_malignant	MDK	PTPRZ1	1.9271634	2.5042624	0.1688663238377004	0.3581276603097122	0.031176325	0.8932064	0.0009942579464663	magnitude_rank	0.0009942579464663	MDK→PTPRZ1	malignant_or_cycling	malignant_or_cycling	malignant_or_cycling_to_malignant_or_cycling	primary_rank<=0.05	Malignant_AC_like_reactive_malignant	Malignant_OPC_NPC_like_malignant	Malignant_AC_like_reactive_malignant	Malignant_OPC_NPC_like_malignant	malignant_state_to_malignant_state	malignant_state	malignant_state
Malignant_NPC_neuronal_like_malignant	Malignant_cycling_candidate	MDK	PTPRZ1	1.8665147	2.8424878	0.1632305986354067	0.1752319480704134	0.035387	0.8990998	0.0010021678551764	magnitude_rank	0.0010021678551764	MDK→PTPRZ1	malignant_or_cycling	malignant_or_cycling	malignant_or_cycling_to_malignant_or_cycling	primary_rank<=0.05	Malignant_NPC_neuronal_like_malignant	Malignant_cycling_candidate	Malignant_NPC_neuronal_like_malignant	Malignant_cycling_candidate	malignant_state_to_malignant_state	malignant_state	malignant_state
Malignant_cycling_candidate	Malignant_AC_like_reactive_malignant	MDK	PTPRZ1	1.8552172	3.2199037	0.2032323135015658	0.2330596294696691	0.04008556	0.9046159	0.0010502804230633	magnitude_rank	0.0010502804230633	MDK→PTPRZ1	malignant_or_cycling	malignant_or_cycling	malignant_or_cycling_to_malignant_or_cycling	primary_rank<=0.05	Malignant_cycling_candidate	Malignant_AC_like_reactive_malignant	Malignant_cycling_candidate	Malignant_AC_like_reactive_malignant	malignant_state_to_malignant_state	malignant_state	malignant_state
Malignant_hypoxia_stress_malignant	Malignant_cycling_candidate	MDK	PTPRZ1	1.8515649	2.7627347	0.1485650977329958	0.1339928797987817	0.034394123	0.8978016	0.0010665668145645	magnitude_rank	0.0010665668145645	MDK→PTPRZ1	malignant_or_cycling	malignant_or_cycling	malignant_or_cycling_to_malignant_or_cycling	primary_rank<=0.05	Malignant_hypoxia_stress_malignant	Malignant_cycling_candidate	Malignant_hypoxia_stress_malignant	Malignant_cycling_candidate	malignant_state_to_malignant_state	malignant_state	malignant_state
Malignant_hypoxia_stress_malignant	Malignant_cycling_candidate	MIF	EGFR	1.8425393	3.0311697	0.3510805998450139	0.6374056315808743	0.03474703	0.9019779	0.0010912294047999	magnitude_rank	0.0010912294047999	MIF→EGFR	malignant_or_cycling	malignant_or_cycling	malignant_or_cycling_to_malignant_or_cycling	primary_rank<=0.05	Malignant_hypoxia_stress_malignant	Malignant_cycling_candidate	Malignant_hypoxia_stress_malignant	Malignant_cycling_candidate	malignant_state_to_malignant_state	malignant_state	malignant_state
Malignant_cycling_candidate	Malignant_OPC_NPC_like_malignant	PTN	SDC3	2.0098178	2.44222	0.3116934725656095	0.4636422429831759	0.040121682	0.892004	0.0011078266787019	magnitude_rank	0.0011078266787019	PTN→SDC3	malignant_or_cycling	malignant_or_cycling	malignant_or_cycling_to_malignant_or_cycling	primary_rank<=0.05	Malignant_cycling_candidate	Malignant_OPC_NPC_like_malignant	Malignant_cycling_candidate	Malignant_OPC_NPC_like_malignant	malignant_state_to_malignant_state	malignant_state	malignant_state
Malignant_hypoxia_stress_malignant	Malignant_OPC_NPC_like_malignant	MIF	EGFR	1.8347011	2.9928296	0.3451613854295773	0.8392571665075674	0.034307532	0.90141374	0.0011754585315666	magnitude_rank	0.0011754585315666	MIF→EGFR	malignant_or_cycling	malignant_or_cycling	malignant_or_cycling_to_malignant_or_cycling	primary_rank<=0.05	Malignant_hypoxia_stress_malignant	Malignant_OPC_NPC_like_malignant	Malignant_hypoxia_stress_malignant	Malignant_OPC_NPC_like_malignant	malignant_state_to_malignant_state	malignant_state	malignant_state
Malignant_AC_like_reactive_malignant	Malignant_AC_like_reactive_malignant	PTN	SDC3	1.8666881	2.4024432	0.2266238124118809	0.481682784137288	0.039468214	0.8912105	0.0012539200235775	magnitude_rank	0.0012539200235775	PTN→SDC3	malignant_or_cycling	malignant_or_cycling	malignant_or_cycling_to_malignant_or_cycling	primary_rank<=0.05	Malignant_AC_like_reactive_malignant	Malignant_AC_like_reactive_malignant	Malignant_AC_like_reactive_malignant	Malignant_AC_like_reactive_malignant	malignant_state_to_malignant_state	malignant_state	malignant_state
Malignant_OPC_NPC_like_malignant	Malignant_OPC_NPC_like_malignant	PTN	SDC3	1.979819	2.3974597	0.2895559951924775	0.5036851443211332	0.039386343	0.89110976	0.0012716974334741	magnitude_rank	0.0012716974334741	PTN→SDC3	malignant_or_cycling	malignant_or_cycling	malignant_or_cycling_to_malignant_or_cycling	primary_rank<=0.05	Malignant_OPC_NPC_like_malignant	Malignant_OPC_NPC_like_malignant	Malignant_OPC_NPC_like_malignant	Malignant_OPC_NPC_like_malignant	malignant_state_to_malignant_state	malignant_state	malignant_state
Malignant_AC_like_reactive_malignant	Malignant_OPC_NPC_like_malignant	APOE	LRP1	1.944279	2.3959248	0.6644171468168737	1.5295013539345472	0.043249134	0.8910787	0.001289598956441	magnitude_rank	0.001289598956441	APOE→LRP1	malignant_or_cycling	malignant_or_cycling	malignant_or_cycling_to_malignant_or_cycling	primary_rank<=0.05	Malignant_AC_like_reactive_malignant	Malignant_OPC_NPC_like_malignant	Malignant_AC_like_reactive_malignant	Malignant_OPC_NPC_like_malignant	malignant_state_to_malignant_state	malignant_state	malignant_state
Malignant_cycling_candidate	Malignant_cycling_candidate	NCAM1	PTPRZ1	1.8140726	2.562722	0.2185591334037063	0.1554590254946661	0.037505332	0.894302	0.0013532311648195	magnitude_rank	0.0013532311648195	NCAM1→PTPRZ1	malignant_or_cycling	malignant_or_cycling	malignant_or_cycling_to_malignant_or_cycling	primary_rank<=0.05	Malignant_cycling_candidate	Malignant_cycling_candidate	Malignant_cycling_candidate	Malignant_cycling_candidate	malignant_state_to_malignant_state	malignant_state	malignant_state
Malignant_OPC_NPC_like_malignant	Malignant_cycling_candidate	NCAM1	PTPRZ1	1.811113	2.5469332	0.2152709813554313	0.2433101425965111	0.03727426	0.8940096	0.001399612857248	magnitude_rank	0.001399612857248	NCAM1→PTPRZ1	malignant_or_cycling	malignant_or_cycling	malignant_or_cycling_to_malignant_or_cycling	primary_rank<=0.05	Malignant_OPC_NPC_like_malignant	Malignant_cycling_candidate	Malignant_OPC_NPC_like_malignant	Malignant_cycling_candidate	malignant_state_to_malignant_state	malignant_state	malignant_state
Malignant_AC_like_reactive_malignant	Malignant_AC_like_reactive_malignant	APOE	LRP1	1.9314591	2.3159072	0.6477337022853116	1.4900681063705103	0.04180473	0.8894193	0.0014089822197902	magnitude_rank	0.0014089822197902	APOE→LRP1	malignant_or_cycling	malignant_or_cycling	malignant_or_cycling_to_malignant_or_cycling	primary_rank<=0.05	Malignant_AC_like_reactive_malignant	Malignant_AC_like_reactive_malignant	Malignant_AC_like_reactive_malignant	Malignant_AC_like_reactive_malignant	malignant_state_to_malignant_state	malignant_state	malignant_state
Malignant_hypoxia_stress_malignant	Malignant_cycling_candidate	PTN	NCL	1.7932483	3.1716588	-0.1040848477718196	-0.3009094203882532	0.017204188	0.9039626	0.0016634535584981	magnitude_rank	0.0016634535584981	PTN→NCL	malignant_or_cycling	malignant_or_cycling	malignant_or_cycling_to_malignant_or_cycling	primary_rank<=0.05	Malignant_hypoxia_stress_malignant	Malignant_cycling_candidate	Malignant_hypoxia_stress_malignant	Malignant_cycling_candidate	malignant_state_to_malignant_state	malignant_state	malignant_state
Malignant_OPC_NPC_like_malignant	Malignant_AC_like_reactive_malignant	MDK	PTPRZ1	1.7797468	2.8687685	0.1291971524922424	0.2072746727724752	0.035714168	0.8995165	0.0018091369136639	magnitude_rank	0.0018091369136639	MDK→PTPRZ1	malignant_or_cycling	malignant_or_cycling	malignant_or_cycling_to_malignant_or_cycling	primary_rank<=0.05	Malignant_OPC_NPC_like_malignant	Malignant_AC_like_reactive_malignant	Malignant_OPC_NPC_like_malignant	Malignant_AC_like_reactive_malignant	malignant_state_to_malignant_state	malignant_state	malignant_state
Malignant_AC_like_reactive_malignant	Malignant_OPC_NPC_like_malignant	TNC	PTPRZ1	1.8774252	2.203145	0.4959378617114232	0.9738907406579564	0.075997636	0.8869407	0.0018197745966759	magnitude_rank	0.0018197745966759	TNC→PTPRZ1	malignant_or_cycling	malignant_or_cycling	malignant_or_cycling_to_malignant_or_cycling	primary_rank<=0.05	Malignant_AC_like_reactive_malignant	Malignant_OPC_NPC_like_malignant	Malignant_AC_like_reactive_malignant	Malignant_OPC_NPC_like_malignant	malignant_state_to_malignant_state	malignant_state	malignant_state
Malignant_AC_like_reactive_malignant	Malignant_OPC_NPC_like_malignant	PTN	SDC3	1.826477	2.1686628	0.1764726932130987	0.3487827194091806	0.035627585	0.8861473	0.0019498340755997	magnitude_rank	0.0019498340755997	PTN→SDC3	malignant_or_cycling	malignant_or_cycling	malignant_or_cycling_to_malignant_or_cycling	primary_rank<=0.05	Malignant_AC_like_reactive_malignant	Malignant_OPC_NPC_like_malignant	Malignant_AC_like_reactive_malignant	Malignant_OPC_NPC_like_malignant	malignant_state_to_malignant_state	malignant_state	malignant_state
Malignant_AC_like_reactive_malignant	Malignant_cycling_candidate	NCAM1	PTPRZ1	1.7679768	2.3168116	0.1673581994120392	0.1274970154929102	0.033906445	0.8894385	0.0019498340755997	magnitude_rank	0.0019498340755997	NCAM1→PTPRZ1	malignant_or_cycling	malignant_or_cycling	malignant_or_cycling_to_malignant_or_cycling	primary_rank<=0.05	Malignant_AC_like_reactive_malignant	Malignant_cycling_candidate	Malignant_AC_like_reactive_malignant	Malignant_cycling_candidate	malignant_state_to_malignant_state	malignant_state	malignant_state
Malignant_cycling_candidate	Malignant_cycling_candidate	PTN	SDC3	1.9666651	2.1596904	0.2578771188717081	0.2641692671470826	0.03548018	0.88593805	0.0019830432922304	magnitude_rank	0.0019830432922304	PTN→SDC3	malignant_or_cycling	malignant_or_cycling	malignant_or_cycling_to_malignant_or_cycling	primary_rank<=0.05	Malignant_cycling_candidate	Malignant_cycling_candidate	Malignant_cycling_candidate	Malignant_cycling_candidate	malignant_state_to_malignant_state	malignant_state	malignant_state
Malignant_NPC_neuronal_like_malignant	Malignant_AC_like_reactive_malignant	NCAM1	PTPRZ1	1.755485	2.7558882	0.226693576740247	0.3708784218815669	0.04033231	0.89768773	0.0020729574014808	magnitude_rank	0.0020729574014808	NCAM1→PTPRZ1	malignant_or_cycling	malignant_or_cycling	malignant_or_cycling_to_malignant_or_cycling	primary_rank<=0.05	Malignant_NPC_neuronal_like_malignant	Malignant_AC_like_reactive_malignant	Malignant_NPC_neuronal_like_malignant	Malignant_AC_like_reactive_malignant	malignant_state_to_malignant_state	malignant_state	malignant_state
Malignant_OPC_NPC_like_malignant	Malignant_cycling_candidate	PTN	SDC3	1.9366664	2.1201081	0.235739641498576	0.3042121684850399	0.034829915	0.88500005	0.002141687494811	magnitude_rank	0.002141687494811	PTN→SDC3	malignant_or_cycling	malignant_or_cycling	malignant_or_cycling_to_malignant_or_cycling	primary_rank<=0.05	Malignant_OPC_NPC_like_malignant	Malignant_cycling_candidate	Malignant_OPC_NPC_like_malignant	Malignant_cycling_candidate	malignant_state_to_malignant_state	malignant_state	malignant_state
Malignant_AC_like_reactive_malignant	Malignant_cycling_candidate	MDK	PTPRZ1	1.7473419	2.206729	0.0463221093904123	-0.0709895858202306	0.02747224	0.88702214	0.0021764685194397	magnitude_rank	0.0021764685194397	MDK→PTPRZ1	malignant_or_cycling	malignant_or_cycling	malignant_or_cycling_to_malignant_or_cycling	primary_rank<=0.05	Malignant_AC_like_reactive_malignant	Malignant_cycling_candidate	Malignant_AC_like_reactive_malignant	Malignant_cycling_candidate	malignant_state_to_malignant_state	malignant_state	malignant_state
Malignant_OPC_NPC_like_malignant	Malignant_cycling_candidate	BCAN	EGFR	1.7444661	2.7880661	0.3510863888045505	0.7382155563617934	0.06280112	0.8982196	0.0022468613880254	magnitude_rank	0.0022468613880254	BCAN→EGFR	malignant_or_cycling	malignant_or_cycling	malignant_or_cycling_to_malignant_or_cycling	primary_rank<=0.05	Malignant_OPC_NPC_like_malignant	Malignant_cycling_candidate	Malignant_OPC_NPC_like_malignant	Malignant_cycling_candidate	malignant_state_to_malignant_state	malignant_state	malignant_state
Malignant_hypoxia_stress_malignant	Malignant_AC_like_reactive_malignant	MIF	EGFR	1.738883	2.5241482	0.2727714935502168	0.3935362963967648	0.028934922	0.89358306	0.0023303873226503	magnitude_rank	0.0023303873226503	MIF→EGFR	malignant_or_cycling	malignant_or_cycling	malignant_or_cycling_to_malignant_or_cycling	primary_rank<=0.05	Malignant_hypoxia_stress_malignant	Malignant_AC_like_reactive_malignant	Malignant_hypoxia_stress_malignant	Malignant_AC_like_reactive_malignant	malignant_state_to_malignant_state	malignant_state	malignant_state
Malignant_OPC_NPC_like_malignant	Malignant_OPC_NPC_like_malignant	BCAN	EGFR	1.7366277	2.752801	0.3451671743891139	0.9400670912884864	0.062006775	0.89763623	0.0023909709706526	magnitude_rank	0.0023909709706526	BCAN→EGFR	malignant_or_cycling	malignant_or_cycling	malignant_or_cycling_to_malignant_or_cycling	primary_rank<=0.05	Malignant_OPC_NPC_like_malignant	Malignant_OPC_NPC_like_malignant	Malignant_OPC_NPC_like_malignant	Malignant_OPC_NPC_like_malignant	malignant_state_to_malignant_state	malignant_state	malignant_state
Malignant_cycling_candidate	Malignant_AC_like_reactive_malignant	VIM	CD44	1.7101119	2.4184978	0.3282458432927577	0.3460015269717934	0.029548513	0.89153296	0.0027968954192366	magnitude_rank	0.0027968954192366	VIM→CD44	malignant_or_cycling	malignant_or_cycling	malignant_or_cycling_to_malignant_or_cycling	primary_rank<=0.05	Malignant_cycling_candidate	Malignant_AC_like_reactive_malignant	Malignant_cycling_candidate	Malignant_AC_like_reactive_malignant	malignant_state_to_malignant_state	malignant_state	malignant_state
Malignant_AC_like_reactive_malignant	Malignant_cycling_candidate	APOE	LRP1	1.8692364	1.9275334	0.5667649560960714	1.2948883597713456	0.034794148	0.8800647	0.0028898791083893	magnitude_rank	0.0028898791083893	APOE→LRP1	malignant_or_cycling	malignant_or_cycling	malignant_or_cycling_to_malignant_or_cycling	primary_rank<=0.05	Malignant_AC_like_reactive_malignant	Malignant_cycling_candidate	Malignant_AC_like_reactive_malignant	Malignant_cycling_candidate	malignant_state_to_malignant_state	malignant_state	malignant_state
Malignant_AC_like_reactive_malignant	Malignant_cycling_candidate	PTN	SDC3	1.7833244	1.9177798	0.1226563395191973	0.1493097435730873	0.031505987	0.87979674	0.0029707749434157	magnitude_rank	0.0029707749434157	PTN→SDC3	malignant_or_cycling	malignant_or_cycling	malignant_or_cycling_to_malignant_or_cycling	primary_rank<=0.05	Malignant_AC_like_reactive_malignant	Malignant_cycling_candidate	Malignant_AC_like_reactive_malignant	Malignant_cycling_candidate	malignant_state_to_malignant_state	malignant_state	malignant_state
Malignant_hypoxia_stress_malignant	Malignant_hypoxia_stress_malignant	PTN	PTPRZ1	1.7004564	2.7998967	-0.529951464824682	-1.2174192480007613	0.013834607	0.89841294	0.0029843647851833	magnitude_rank	0.0029843647851833	PTN→PTPRZ1	malignant_or_cycling	malignant_or_cycling	malignant_or_cycling_to_malignant_or_cycling	primary_rank<=0.05	Malignant_hypoxia_stress_malignant	Malignant_hypoxia_stress_malignant	Malignant_hypoxia_stress_malignant	Malignant_hypoxia_stress_malignant	malignant_state_to_malignant_state	malignant_state	malignant_state
Malignant_OPC_NPC_like_malignant	Malignant_AC_like_reactive_malignant	VIM	CD44	1.6991293	2.3965595	0.3210957403182421	0.3551379186625371	0.029280476	0.8910916	0.00299798524914	magnitude_rank	0.00299798524914	VIM→CD44	malignant_or_cycling	malignant_or_cycling	malignant_or_cycling_to_malignant_or_cycling	primary_rank<=0.05	Malignant_OPC_NPC_like_malignant	Malignant_AC_like_reactive_malignant	Malignant_OPC_NPC_like_malignant	Malignant_AC_like_reactive_malignant	malignant_state_to_malignant_state	malignant_state	malignant_state
Malignant_AC_like_reactive_malignant	Malignant_cycling_candidate	TNC	PTPRZ1	1.6976037	1.9413877	0.3733936472641351	0.5447734945280136	0.0669683	0.8804422	0.0030116363326142	magnitude_rank	0.0030116363326142	TNC→PTPRZ1	malignant_or_cycling	malignant_or_cycling	malignant_or_cycling_to_malignant_or_cycling	primary_rank<=0.05	Malignant_AC_like_reactive_malignant	Malignant_cycling_candidate	Malignant_AC_like_reactive_malignant	Malignant_cycling_candidate	malignant_state_to_malignant_state	malignant_state	malignant_state
Malignant_NPC_neuronal_like_malignant	Malignant_AC_like_reactive_malignant	MDK	PTPRZ1	1.6959779	2.4790242	0.0470182711475868	0.084158635872908	0.030862126	0.8927223	0.0030941850798255	magnitude_rank	0.0030941850798255	MDK→PTPRZ1	malignant_or_cycling	malignant_or_cycling	malignant_or_cycling_to_malignant_or_cycling	primary_rank<=0.05	Malignant_NPC_neuronal_like_malignant	Malignant_AC_like_reactive_malignant	Malignant_NPC_neuronal_like_malignant	Malignant_AC_like_reactive_malignant	malignant_state_to_malignant_state	malignant_state	malignant_state
Malignant_hypoxia_stress_malignant	Malignant_OPC_NPC_like_malignant	PTN	NCL	1.6919227	2.7657075	-0.2126738266774386	-0.4470783975994497	0.015002166	0.89785093	0.003191884954919	magnitude_rank	0.003191884954919	PTN→NCL	malignant_or_cycling	malignant_or_cycling	malignant_or_cycling_to_malignant_or_cycling	primary_rank<=0.05	Malignant_hypoxia_stress_malignant	Malignant_OPC_NPC_like_malignant	Malignant_hypoxia_stress_malignant	Malignant_OPC_NPC_like_malignant	malignant_state_to_malignant_state	malignant_state	malignant_state
Malignant_AC_like_reactive_malignant	Malignant_hypoxia_stress_malignant	APOE	LRP1	1.856555	1.8483801	0.5502635485110401	1.3097034398068856	0.03336534	0.8778341	0.0033917780750365	magnitude_rank	0.0033917780750365	APOE→LRP1	malignant_or_cycling	malignant_or_cycling	malignant_or_cycling_to_malignant_or_cycling	primary_rank<=0.05	Malignant_AC_like_reactive_malignant	Malignant_hypoxia_stress_malignant	Malignant_AC_like_reactive_malignant	Malignant_hypoxia_stress_malignant	malignant_state_to_malignant_state	malignant_state	malignant_state
Malignant_hypoxia_stress_malignant	Malignant_AC_like_reactive_malignant	MDK	PTPRZ1	1.6810282	2.4094687	0.0323527702451759	0.0429195676012763	0.029996209	0.89135194	0.0033917780750365	magnitude_rank	0.0033917780750365	MDK→PTPRZ1	malignant_or_cycling	malignant_or_cycling	malignant_or_cycling_to_malignant_or_cycling	primary_rank<=0.05	Malignant_hypoxia_stress_malignant	Malignant_AC_like_reactive_malignant	Malignant_hypoxia_stress_malignant	Malignant_AC_like_reactive_malignant	malignant_state_to_malignant_state	malignant_state	malignant_state
Malignant_AC_like_reactive_malignant	Malignant_AC_like_reactive_malignant	HLA-A	APLP2	1.6799054	2.408348	0.1356199308158426	0.1755751857580093	0.017455898	0.89132947	0.003420823299563	magnitude_rank	0.003420823299563	HLA-A→APLP2	malignant_or_cycling	malignant_or_cycling	malignant_or_cycling_to_malignant_or_cycling	primary_rank<=0.05	Malignant_AC_like_reactive_malignant	Malignant_AC_like_reactive_malignant	Malignant_AC_like_reactive_malignant	Malignant_AC_like_reactive_malignant	malignant_state_to_malignant_state	malignant_state	malignant_state
Malignant_AC_like_reactive_malignant	Malignant_cycling_candidate	HLA-A	APLP2	1.6762657	2.3914368	0.1313556110690156	0.1124005060247123	0.017333325	0.8909877	0.0035382255587629	magnitude_rank	0.0035382255587629	HLA-A→APLP2	malignant_or_cycling	malignant_or_cycling	malignant_or_cycling_to_malignant_or_cycling	primary_rank<=0.05	Malignant_AC_like_reactive_malignant	Malignant_cycling_candidate	Malignant_AC_like_reactive_malignant	Malignant_cycling_candidate	malignant_state_to_malignant_state	malignant_state	malignant_state
Malignant_cycling_candidate	Malignant_hypoxia_stress_malignant	VIM	CD44	1.6651093	2.200556	0.2712141696143816	0.3207534267012463	0.026885761	0.8868817	0.0039021443995313	magnitude_rank	0.0039021443995313	VIM→CD44	malignant_or_cycling	malignant_or_cycling	malignant_or_cycling_to_malignant_or_cycling	primary_rank<=0.05	Malignant_cycling_candidate	Malignant_hypoxia_stress_malignant	Malignant_cycling_candidate	Malignant_hypoxia_stress_malignant	malignant_state_to_malignant_state	malignant_state	malignant_state
Malignant_AC_like_reactive_malignant	Malignant_OPC_NPC_like_malignant	HLA-A	APLP2	1.6618876	2.3246331	0.1145097340760642	0.1362742911611441	0.016849125	0.88960415	0.003964503479258	magnitude_rank	0.003964503479258	HLA-A→APLP2	malignant_or_cycling	malignant_or_cycling	malignant_or_cycling_to_malignant_or_cycling	primary_rank<=0.05	Malignant_AC_like_reactive_malignant	Malignant_OPC_NPC_like_malignant	Malignant_AC_like_reactive_malignant	Malignant_OPC_NPC_like_malignant	malignant_state_to_malignant_state	malignant_state	malignant_state
Malignant_hypoxia_stress_malignant	Malignant_OPC_NPC_like_malignant	TNC	PTPRZ1	1.8046949	1.7628316	0.3963199910078065	0.7971233863055016	0.060808998	0.87527025	0.0040431381411375	magnitude_rank	0.0040431381411375	TNC→PTPRZ1	malignant_or_cycling	malignant_or_cycling	malignant_or_cycling_to_malignant_or_cycling	primary_rank<=0.05	Malignant_hypoxia_stress_malignant	Malignant_OPC_NPC_like_malignant	Malignant_hypoxia_stress_malignant	Malignant_OPC_NPC_like_malignant	malignant_state_to_malignant_state	malignant_state	malignant_state
Malignant_OPC_NPC_like_malignant	Malignant_hypoxia_stress_malignant	VIM	CD44	1.6541268	2.1805944	0.2640640666398661	0.3298898183919899	0.026641877	0.8864238	0.0041225335489209	magnitude_rank	0.0041225335489209	VIM→CD44	malignant_or_cycling	malignant_or_cycling	malignant_or_cycling_to_malignant_or_cycling	primary_rank<=0.05	Malignant_OPC_NPC_like_malignant	Malignant_hypoxia_stress_malignant	Malignant_OPC_NPC_like_malignant	Malignant_hypoxia_stress_malignant	malignant_state_to_malignant_state	malignant_state	malignant_state
Malignant_OPC_NPC_like_malignant	Malignant_AC_like_reactive_malignant	BCAN	NRCAM	1.646723	2.3483138	0.4228755174567664	0.8100812113623455	0.06611914	0.89010084	0.0043981623582756	magnitude_rank	0.0043981623582756	BCAN→NRCAM	malignant_or_cycling	malignant_or_cycling	malignant_or_cycling_to_malignant_or_cycling	primary_rank<=0.05	Malignant_OPC_NPC_like_malignant	Malignant_AC_like_reactive_malignant	Malignant_OPC_NPC_like_malignant	Malignant_AC_like_reactive_malignant	malignant_state_to_malignant_state	malignant_state	malignant_state
Malignant_NPC_neuronal_like_malignant	Malignant_cycling_candidate	PTN	NCL	1.6462744	2.706253	-0.2124875250976631	-0.4195379264253476	0.014679664	0.89685005	0.0044146493686402	magnitude_rank	0.0044146493686402	PTN→NCL	malignant_or_cycling	malignant_or_cycling	malignant_or_cycling_to_malignant_or_cycling	primary_rank<=0.05	Malignant_NPC_neuronal_like_malignant	Malignant_cycling_candidate	Malignant_NPC_neuronal_like_malignant	Malignant_cycling_candidate	malignant_state_to_malignant_state	malignant_state	malignant_state
Malignant_AC_like_reactive_malignant	Malignant_hypoxia_stress_malignant	APOE	ABCA1	1.8366487	1.7241318	0.7252271102324808	1.6029808283912552	0.042420566	0.87405354	0.0045142090735141	magnitude_rank	0.0045142090735141	APOE→ABCA1	malignant_or_cycling	malignant_or_cycling	malignant_or_cycling_to_malignant_or_cycling	primary_rank<=0.05	Malignant_AC_like_reactive_malignant	Malignant_hypoxia_stress_malignant	Malignant_AC_like_reactive_malignant	Malignant_hypoxia_stress_malignant	malignant_state_to_malignant_state	malignant_state	malignant_state
Malignant_cycling_candidate	Malignant_AC_like_reactive_malignant	NCAM1	PTPRZ1	1.643536	2.2350314	0.1023468059158864	0.0643857132971608	0.032709595	0.88765913	0.0045142090735141	magnitude_rank	0.0045142090735141	NCAM1→PTPRZ1	malignant_or_cycling	malignant_or_cycling	malignant_or_cycling_to_malignant_or_cycling	primary_rank<=0.05	Malignant_cycling_candidate	Malignant_AC_like_reactive_malignant	Malignant_cycling_candidate	Malignant_AC_like_reactive_malignant	malignant_state_to_malignant_state	malignant_state	malignant_state
Malignant_OPC_NPC_like_malignant	Malignant_AC_like_reactive_malignant	BCAN	EGFR	1.6408095	2.3217084	0.2727772825097534	0.4943462211776839	0.052296426	0.8895423	0.0046486542288543	magnitude_rank	0.0046486542288543	BCAN→EGFR	malignant_or_cycling	malignant_or_cycling	malignant_or_cycling_to_malignant_or_cycling	primary_rank<=0.05	Malignant_OPC_NPC_like_malignant	Malignant_AC_like_reactive_malignant	Malignant_OPC_NPC_like_malignant	Malignant_AC_like_reactive_malignant	malignant_state_to_malignant_state	malignant_state	malignant_state
Malignant_OPC_NPC_like_malignant	Malignant_AC_like_reactive_malignant	NCAM1	PTPRZ1	1.6405764	2.2212615	0.0990586538676115	0.1522368303990058	0.03250807	0.8873506	0.0046655964832101	magnitude_rank	0.0046655964832101	NCAM1→PTPRZ1	malignant_or_cycling	malignant_or_cycling	malignant_or_cycling_to_malignant_or_cycling	primary_rank<=0.05	Malignant_OPC_NPC_like_malignant	Malignant_AC_like_reactive_malignant	Malignant_OPC_NPC_like_malignant	Malignant_AC_like_reactive_malignant	malignant_state_to_malignant_state	malignant_state	malignant_state
Malignant_AC_like_reactive_malignant	Malignant_cycling_candidate	BCAN	EGFR	1.631845	2.5089018	0.2692173594959865	0.4942456921895632	0.056512948	0.89329463	0.0048712676123505	magnitude_rank	0.0048712676123505	BCAN→EGFR	malignant_or_cycling	malignant_or_cycling	malignant_or_cycling_to_malignant_or_cycling	primary_rank<=0.05	Malignant_AC_like_reactive_malignant	Malignant_cycling_candidate	Malignant_AC_like_reactive_malignant	Malignant_cycling_candidate	malignant_state_to_malignant_state	malignant_state	malignant_state
Malignant_OPC_NPC_like_malignant	Malignant_AC_like_reactive_malignant	HLA-A	APLP2	1.6296993	2.3042526	0.091581100159143	0.2342864775796672	0.016701404	0.88917094	0.0049407946141605	magnitude_rank	0.0049407946141605	HLA-A→APLP2	malignant_or_cycling	malignant_or_cycling	malignant_or_cycling_to_malignant_or_cycling	primary_rank<=0.05	Malignant_OPC_NPC_like_malignant	Malignant_AC_like_reactive_malignant	Malignant_OPC_NPC_like_malignant	Malignant_AC_like_reactive_malignant	malignant_state_to_malignant_state	malignant_state	malignant_state
Malignant_OPC_NPC_like_malignant	Malignant_cycling_candidate	HLA-A	APLP2	1.6260595	2.2880723	0.087316780412316	0.1711117978463702	0.01658413	0.8888233	0.0050813013703728	magnitude_rank	0.0050813013703728	HLA-A→APLP2	malignant_or_cycling	malignant_or_cycling	malignant_or_cycling_to_malignant_or_cycling	primary_rank<=0.05	Malignant_OPC_NPC_like_malignant	Malignant_cycling_candidate	Malignant_OPC_NPC_like_malignant	Malignant_cycling_candidate	malignant_state_to_malignant_state	malignant_state	malignant_state
Malignant_AC_like_reactive_malignant	Malignant_OPC_NPC_like_malignant	BCAN	EGFR	1.6240066	2.4771678	0.2632981450805499	0.6960972271162564	0.05579814	0.8926865	0.0051522815613021	magnitude_rank	0.0051522815613021	BCAN→EGFR	malignant_or_cycling	malignant_or_cycling	malignant_or_cycling_to_malignant_or_cycling	primary_rank<=0.05	Malignant_AC_like_reactive_malignant	Malignant_OPC_NPC_like_malignant	Malignant_AC_like_reactive_malignant	Malignant_OPC_NPC_like_malignant	malignant_state_to_malignant_state	malignant_state	malignant_state
Malignant_AC_like_reactive_malignant	Malignant_hypoxia_stress_malignant	HLA-A	APLP2	1.6235512	2.1465125	0.0695997525455073	0.0600887071845521	0.015558094	0.8856284	0.0051701014589353	magnitude_rank	0.0051701014589353	HLA-A→APLP2	malignant_or_cycling	malignant_or_cycling	malignant_or_cycling_to_malignant_or_cycling	primary_rank<=0.05	Malignant_AC_like_reactive_malignant	Malignant_hypoxia_stress_malignant	Malignant_AC_like_reactive_malignant	Malignant_hypoxia_stress_malignant	malignant_state_to_malignant_state	malignant_state	malignant_state
Malignant_cycling_candidate	Malignant_cycling_candidate	EFNA1	EPHB1	0.08454248	0.0071139643	-0.1326301655399923	-0.2494068307841387	0.0061287186	0.30833277	0.0052916704843346	magnitude_rank	0.0052916704843346	EFNA1→EPHB1	malignant_or_cycling	malignant_or_cycling	malignant_or_cycling_to_malignant_or_cycling	primary_rank<=0.05	Malignant_cycling_candidate	Malignant_cycling_candidate	Malignant_cycling_candidate	Malignant_cycling_candidate	malignant_state_to_malignant_state	malignant_state	malignant_state
Malignant_hypoxia_stress_malignant	Malignant_AC_like_reactive_malignant	HLA-A	APLP2	1.6200758	2.2842994	0.0831431246148619	0.0702325404899782	0.016556783	0.88874173	0.0053318486078624	magnitude_rank	0.0053318486078624	HLA-A→APLP2	malignant_or_cycling	malignant_or_cycling	malignant_or_cycling_to_malignant_or_cycling	primary_rank<=0.05	Malignant_hypoxia_stress_malignant	Malignant_AC_like_reactive_malignant	Malignant_hypoxia_stress_malignant	Malignant_AC_like_reactive_malignant	malignant_state_to_malignant_state	malignant_state	malignant_state
Malignant_cycling_candidate	Malignant_cycling_candidate	GSTP1	EGFR	1.6165836	2.4710724	0.2607096349638004	0.4246926632052394	0.033716526	0.8925684	0.0055513188941996	magnitude_rank	0.0055513188941996	GSTP1→EGFR	malignant_or_cycling	malignant_or_cycling	malignant_or_cycling_to_malignant_or_cycling	primary_rank<=0.05	Malignant_cycling_candidate	Malignant_cycling_candidate	Malignant_cycling_candidate	Malignant_cycling_candidate	malignant_state_to_malignant_state	malignant_state	malignant_state
Malignant_AC_like_reactive_malignant	Malignant_AC_like_reactive_malignant	APOE	ABCA1	1.8229041	1.638342	0.703267909743532	1.5418515511770867	0.040309798	0.8712173	0.0055698044810831	magnitude_rank	0.0055698044810831	APOE→ABCA1	malignant_or_cycling	malignant_or_cycling	malignant_or_cycling_to_malignant_or_cycling	primary_rank<=0.05	Malignant_AC_like_reactive_malignant	Malignant_AC_like_reactive_malignant	Malignant_AC_like_reactive_malignant	Malignant_AC_like_reactive_malignant	malignant_state_to_malignant_state	malignant_state	malignant_state
Malignant_hypoxia_stress_malignant	Malignant_hypoxia_stress_malignant	MIF	EGFR	1.6165695	1.9258689	0.18036517210425	0.0591432369443234	0.022076702	0.8800191	0.0055698044810831	magnitude_rank	0.0055698044810831	MIF→EGFR	malignant_or_cycling	malignant_or_cycling	malignant_or_cycling_to_malignant_or_cycling	primary_rank<=0.05	Malignant_hypoxia_stress_malignant	Malignant_hypoxia_stress_malignant	Malignant_hypoxia_stress_malignant	Malignant_hypoxia_stress_malignant	malignant_state_to_malignant_state	malignant_state	malignant_state
Malignant_hypoxia_stress_malignant	Malignant_cycling_candidate	HLA-A	APLP2	1.616436	2.2682593	0.0788788048680349	0.0070578607566812	0.016440524	0.88839287	0.005606866228378	magnitude_rank	0.005606866228378	HLA-A→APLP2	malignant_or_cycling	malignant_or_cycling	malignant_or_cycling_to_malignant_or_cycling	primary_rank<=0.05	Malignant_hypoxia_stress_malignant	Malignant_cycling_candidate	Malignant_hypoxia_stress_malignant	Malignant_cycling_candidate	malignant_state_to_malignant_state	malignant_state	malignant_state
Malignant_hypoxia_stress_malignant	Malignant_OPC_NPC_like_malignant	NCAM1	PTPRZ1	1.7804885	1.6162845	0.1040674867842629	0.2577351410399902	0.02365426	0.87045497	0.0057000479881273	magnitude_rank	0.0057000479881273	NCAM1→PTPRZ1	malignant_or_cycling	malignant_or_cycling	malignant_or_cycling_to_malignant_or_cycling	primary_rank<=0.05	Malignant_hypoxia_stress_malignant	Malignant_OPC_NPC_like_malignant	Malignant_hypoxia_stress_malignant	Malignant_OPC_NPC_like_malignant	malignant_state_to_malignant_state	malignant_state	malignant_state
Malignant_OPC_NPC_like_malignant	Malignant_OPC_NPC_like_malignant	HLA-A	APLP2	1.6116816	2.224156	0.0704709034193646	0.194985582982802	0.016120857	0.8874157	0.0057751371907012	magnitude_rank	0.0057751371907012	HLA-A→APLP2	malignant_or_cycling	malignant_or_cycling	malignant_or_cycling_to_malignant_or_cycling	primary_rank<=0.05	Malignant_OPC_NPC_like_malignant	Malignant_OPC_NPC_like_malignant	Malignant_OPC_NPC_like_malignant	Malignant_OPC_NPC_like_malignant	malignant_state_to_malignant_state	malignant_state	malignant_state
Malignant_cycling_candidate	Malignant_OPC_NPC_like_malignant	GSTP1	EGFR	1.6087453	2.4398167	0.2547904205483637	0.6265441981319326	0.033290062	0.89195657	0.0059841195550982	magnitude_rank	0.0059841195550982	GSTP1→EGFR	malignant_or_cycling	malignant_or_cycling	malignant_or_cycling_to_malignant_or_cycling	primary_rank<=0.05	Malignant_cycling_candidate	Malignant_OPC_NPC_like_malignant	Malignant_cycling_candidate	Malignant_OPC_NPC_like_malignant	malignant_state_to_malignant_state	malignant_state	malignant_state
Malignant_cycling_candidate	Malignant_cycling_candidate	BCAN	EGFR	1.6037258	2.4392004	0.2487787194672376	0.3229290519123138	0.054942925	0.8919444	0.0061772675079645	magnitude_rank	0.0061772675079645	BCAN→EGFR	malignant_or_cycling	malignant_or_cycling	malignant_or_cycling_to_malignant_or_cycling	primary_rank<=0.05	Malignant_cycling_candidate	Malignant_cycling_candidate	Malignant_cycling_candidate	Malignant_cycling_candidate	malignant_state_to_malignant_state	malignant_state	malignant_state
Malignant_hypoxia_stress_malignant	Malignant_OPC_NPC_like_malignant	HLA-A	APLP2	1.602058	2.2048962	0.0620329278750836	0.030931645893113	0.015981263	0.88698053	0.0062553701626343	magnitude_rank	0.0062553701626343	HLA-A→APLP2	malignant_or_cycling	malignant_or_cycling	malignant_or_cycling_to_malignant_or_cycling	primary_rank<=0.05	Malignant_hypoxia_stress_malignant	Malignant_OPC_NPC_like_malignant	Malignant_hypoxia_stress_malignant	Malignant_OPC_NPC_like_malignant	malignant_state_to_malignant_state	malignant_state	malignant_state
Malignant_hypoxia_stress_malignant	Malignant_cycling_candidate	VEGFA	EGFR	1.600214	2.4304955	0.7286232399623211	1.533039562331379	0.10496427	0.891772	0.0063339534780807	magnitude_rank	0.0063339534780807	VEGFA→EGFR	malignant_or_cycling	malignant_or_cycling	malignant_or_cycling_to_malignant_or_cycling	primary_rank<=0.05	Malignant_hypoxia_stress_malignant	Malignant_cycling_candidate	Malignant_hypoxia_stress_malignant	Malignant_cycling_candidate	malignant_state_to_malignant_state	malignant_state	malignant_state
Malignant_hypoxia_stress_malignant	Malignant_cycling_candidate	GDF11	ACVR2B_TGFBR1	0.087228805	0.007399383	-0.0803284028589458	-0.0965177450089402	0.010961149	0.31254312	0.0064247898842312	magnitude_rank	0.0064247898842312	GDF11→ACVR2B_TGFBR1	malignant_or_cycling	malignant_or_cycling	malignant_or_cycling_to_malignant_or_cycling	primary_rank<=0.05	Malignant_hypoxia_stress_malignant	Malignant_cycling_candidate	Malignant_hypoxia_stress_malignant	Malignant_cycling_candidate	malignant_state_to_malignant_state	malignant_state	malignant_state
Malignant_hypoxia_stress_malignant	Malignant_NPC_neuronal_like_malignant	TIMP1	CD63	1.5987713	2.4992259	-0.3657088863092608	-0.411315963469433	0.0104741575	0.89311033	0.0064328606045999	magnitude_rank	0.0064328606045999	TIMP1→CD63	malignant_or_cycling	malignant_or_cycling	malignant_or_cycling_to_malignant_or_cycling	primary_rank<=0.05	Malignant_hypoxia_stress_malignant	Malignant_NPC_neuronal_like_malignant	Malignant_hypoxia_stress_malignant	Malignant_NPC_neuronal_like_malignant	malignant_state_to_malignant_state	malignant_state	malignant_state
Malignant_hypoxia_stress_malignant	Malignant_cycling_candidate	TNC	PTPRZ1	1.6248733	1.5533882	0.2737757765605184	0.3680061401755587	0.053584233	0.8682006	0.006452732256128	magnitude_rank	0.006452732256128	TNC→PTPRZ1	malignant_or_cycling	malignant_or_cycling	malignant_or_cycling_to_malignant_or_cycling	primary_rank<=0.05	Malignant_hypoxia_stress_malignant	Malignant_cycling_candidate	Malignant_hypoxia_stress_malignant	Malignant_cycling_candidate	malignant_state_to_malignant_state	malignant_state	malignant_state
Malignant_AC_like_reactive_malignant	Malignant_AC_like_reactive_malignant	NCAM1	PTPRZ1	1.5974401	2.0205653	0.0511458719242193	0.0364237032954049	0.029570889	0.88253015	0.0064925657640356	magnitude_rank	0.0064925657640356	NCAM1→PTPRZ1	malignant_or_cycling	malignant_or_cycling	malignant_or_cycling_to_malignant_or_cycling	primary_rank<=0.05	Malignant_AC_like_reactive_malignant	Malignant_AC_like_reactive_malignant	Malignant_AC_like_reactive_malignant	Malignant_AC_like_reactive_malignant	malignant_state_to_malignant_state	malignant_state	malignant_state
Malignant_NPC_neuronal_like_malignant	Malignant_AC_like_reactive_malignant	CALM1	PTPRA	1.5968779	2.001232	0.2393718701320345	0.4444840304193292	0.021535661	0.8820309	0.0065125276150721	magnitude_rank	0.0065125276150721	CALM1→PTPRA	malignant_or_cycling	malignant_or_cycling	malignant_or_cycling_to_malignant_or_cycling	primary_rank<=0.05	Malignant_NPC_neuronal_like_malignant	Malignant_AC_like_reactive_malignant	Malignant_NPC_neuronal_like_malignant	Malignant_AC_like_reactive_malignant	malignant_state_to_malignant_state	malignant_state	malignant_state
Malignant_cycling_candidate	Malignant_OPC_NPC_like_malignant	BCAN	EGFR	1.5958874	2.4083478	0.242859505051801	0.524780586839007	0.054247975	0.8913294	0.006592674713309	magnitude_rank	0.006592674713309	BCAN→EGFR	malignant_or_cycling	malignant_or_cycling	malignant_or_cycling_to_malignant_or_cycling	primary_rank<=0.05	Malignant_cycling_candidate	Malignant_OPC_NPC_like_malignant	Malignant_cycling_candidate	Malignant_OPC_NPC_like_malignant	malignant_state_to_malignant_state	malignant_state	malignant_state
Malignant_hypoxia_stress_malignant	Malignant_OPC_NPC_like_malignant	VEGFA	EGFR	1.5923758	2.399753	0.7227040255468845	1.7348910972580722	0.103636615	0.8911562	0.0066733035045819	magnitude_rank	0.0066733035045819	VEGFA→EGFR	malignant_or_cycling	malignant_or_cycling	malignant_or_cycling_to_malignant_or_cycling	primary_rank<=0.05	Malignant_hypoxia_stress_malignant	Malignant_OPC_NPC_like_malignant	Malignant_hypoxia_stress_malignant	Malignant_OPC_NPC_like_malignant	malignant_state_to_malignant_state	malignant_state	malignant_state
Malignant_AC_like_reactive_malignant	Malignant_AC_like_reactive_malignant	MDK	PTPRZ1	1.5768051	1.9245586	-0.0698902180974074	-0.162062898017736	0.023959415	0.8799832	0.0070006224084004	magnitude_rank	0.0070006224084004	MDK→PTPRZ1	malignant_or_cycling	malignant_or_cycling	malignant_or_cycling_to_malignant_or_cycling	primary_rank<=0.05	Malignant_AC_like_reactive_malignant	Malignant_AC_like_reactive_malignant	Malignant_AC_like_reactive_malignant	Malignant_AC_like_reactive_malignant	malignant_state_to_malignant_state	malignant_state	malignant_state
Malignant_OPC_NPC_like_malignant	Malignant_hypoxia_stress_malignant	HLA-A	APLP2	1.5733452	2.053734	0.0255609218888077	0.11879999900621	0.014885629	0.88337153	0.0070213349842955	magnitude_rank	0.0070213349842955	HLA-A→APLP2	malignant_or_cycling	malignant_or_cycling	malignant_or_cycling_to_malignant_or_cycling	primary_rank<=0.05	Malignant_OPC_NPC_like_malignant	Malignant_hypoxia_stress_malignant	Malignant_OPC_NPC_like_malignant	Malignant_hypoxia_stress_malignant	malignant_state_to_malignant_state	malignant_state	malignant_state
Malignant_hypoxia_stress_malignant	Malignant_hypoxia_stress_malignant	HLA-A	APLP2	1.5637217	2.0359504	0.0171229463445266	-0.0452539380834788	0.01475673	0.88292277	0.0073144583028168	magnitude_rank	0.0073144583028168	HLA-A→APLP2	malignant_or_cycling	malignant_or_cycling	malignant_or_cycling_to_malignant_or_cycling	primary_rank<=0.05	Malignant_hypoxia_stress_malignant	Malignant_hypoxia_stress_malignant	Malignant_hypoxia_stress_malignant	Malignant_hypoxia_stress_malignant	malignant_state_to_malignant_state	malignant_state	malignant_state
Malignant_OPC_NPC_like_malignant	Malignant_OPC_NPC_like_malignant	BCAN	NRCAM	1.5596187	1.9564248	0.3232976967986843	0.657241437124878	0.055085108	0.8808477	0.0074845936024297	magnitude_rank	0.0074845936024297	BCAN→NRCAM	malignant_or_cycling	malignant_or_cycling	malignant_or_cycling_to_malignant_or_cycling	primary_rank<=0.05	Malignant_OPC_NPC_like_malignant	Malignant_OPC_NPC_like_malignant	Malignant_OPC_NPC_like_malignant	Malignant_OPC_NPC_like_malignant	malignant_state_to_malignant_state	malignant_state	malignant_state
Malignant_hypoxia_stress_malignant	Malignant_AC_like_reactive_malignant	PTN	NCL	1.5579832	2.2290914	-0.3562166650113538	-0.6670143201445486	0.012091371	0.8875264	0.0075488887020869	magnitude_rank	0.0075488887020869	PTN→NCL	malignant_or_cycling	malignant_or_cycling	malignant_or_cycling_to_malignant_or_cycling	primary_rank<=0.05	Malignant_hypoxia_stress_malignant	Malignant_AC_like_reactive_malignant	Malignant_hypoxia_stress_malignant	Malignant_AC_like_reactive_malignant	malignant_state_to_malignant_state	malignant_state	malignant_state
Malignant_NPC_neuronal_like_malignant	Malignant_OPC_NPC_like_malignant	CALM1	PTPRA	1.5556726	1.8085823	0.1857291005027803	0.3537790919332976	0.01946252	0.87666214	0.0076350335180595	magnitude_rank	0.0076350335180595	CALM1→PTPRA	malignant_or_cycling	malignant_or_cycling	malignant_or_cycling_to_malignant_or_cycling	primary_rank<=0.05	Malignant_NPC_neuronal_like_malignant	Malignant_OPC_NPC_like_malignant	Malignant_NPC_neuronal_like_malignant	Malignant_OPC_NPC_like_malignant	malignant_state_to_malignant_state	malignant_state	malignant_state
Malignant_AC_like_reactive_malignant	Malignant_NPC_neuronal_like_malignant	B2M	KLRC2	1.956666	1.4777621	0.5351557968493594	0.5711316807562065	0.056031413	0.8653188	0.0076566447589528	magnitude_rank	0.0076566447589528	B2M→KLRC2	malignant_or_cycling	malignant_or_cycling	malignant_or_cycling_to_malignant_or_cycling	primary_rank<=0.05	Malignant_AC_like_reactive_malignant	Malignant_NPC_neuronal_like_malignant	Malignant_AC_like_reactive_malignant	Malignant_NPC_neuronal_like_malignant	malignant_state_to_malignant_state	malignant_state	malignant_state
Malignant_NPC_neuronal_like_malignant	Malignant_hypoxia_stress_malignant	PTN	PTPRZ1	1.5534825	2.3890429	-0.6383541421505254	-1.3360477540378557	0.011804531	0.89093906	0.0077869403094991	magnitude_rank	0.0077869403094991	PTN→PTPRZ1	malignant_or_cycling	malignant_or_cycling	malignant_or_cycling_to_malignant_or_cycling	primary_rank<=0.05	Malignant_NPC_neuronal_like_malignant	Malignant_hypoxia_stress_malignant	Malignant_NPC_neuronal_like_malignant	Malignant_hypoxia_stress_malignant	malignant_state_to_malignant_state	malignant_state	malignant_state
Malignant_hypoxia_stress_malignant	Malignant_hypoxia_stress_malignant	PTN	NCL	1.5463488	2.1824799	-0.3686851309774582	-0.7195526280712896	0.011838534	0.88646734	0.0080286095692258	magnitude_rank	0.0080286095692258	PTN→NCL	malignant_or_cycling	malignant_or_cycling	malignant_or_cycling_to_malignant_or_cycling	primary_rank<=0.05	Malignant_hypoxia_stress_malignant	Malignant_hypoxia_stress_malignant	Malignant_hypoxia_stress_malignant	Malignant_hypoxia_stress_malignant	malignant_state_to_malignant_state	malignant_state	malignant_state
Malignant_NPC_neuronal_like_malignant	Malignant_OPC_NPC_like_malignant	PTN	NCL	1.5449488	2.3598707	-0.3210765040032821	-0.5657069036365441	0.012800764	0.89034075	0.0080507588560655	magnitude_rank	0.0080507588560655	PTN→NCL	malignant_or_cycling	malignant_or_cycling	malignant_or_cycling_to_malignant_or_cycling	primary_rank<=0.05	Malignant_NPC_neuronal_like_malignant	Malignant_OPC_NPC_like_malignant	Malignant_NPC_neuronal_like_malignant	Malignant_OPC_NPC_like_malignant	malignant_state_to_malignant_state	malignant_state	malignant_state
Malignant_NPC_neuronal_like_malignant	Malignant_cycling_candidate	CALM1	PTPRA	1.5366151	1.7194821	0.1609182514337713	0.2612536240634061	0.018503694	0.87390476	0.008409206419627	magnitude_rank	0.008409206419627	CALM1→PTPRA	malignant_or_cycling	malignant_or_cycling	malignant_or_cycling_to_malignant_or_cycling	primary_rank<=0.05	Malignant_NPC_neuronal_like_malignant	Malignant_cycling_candidate	Malignant_NPC_neuronal_like_malignant	Malignant_cycling_candidate	malignant_state_to_malignant_state	malignant_state	malignant_state
Malignant_cycling_candidate	Malignant_AC_like_reactive_malignant	HLA-A	APLP2	1.5360892	2.1101642	0.0094709895075701	-0.022242231550405	0.0152946375	0.8847606	0.0084318620612071	magnitude_rank	0.0084318620612071	HLA-A→APLP2	malignant_or_cycling	malignant_or_cycling	malignant_or_cycling_to_malignant_or_cycling	primary_rank<=0.05	Malignant_cycling_candidate	Malignant_AC_like_reactive_malignant	Malignant_cycling_candidate	Malignant_AC_like_reactive_malignant	malignant_state_to_malignant_state	malignant_state	malignant_state
Malignant_hypoxia_stress_malignant	Malignant_cycling_candidate	NCAM1	PTPRZ1	1.6006668	1.4242525	-0.0184767276630251	-0.1713821050899526	0.020843878	0.8631551	0.0084545485270844	magnitude_rank	0.0084545485270844	NCAM1→PTPRZ1	malignant_or_cycling	malignant_or_cycling	malignant_or_cycling_to_malignant_or_cycling	primary_rank<=0.05	Malignant_hypoxia_stress_malignant	Malignant_cycling_candidate	Malignant_hypoxia_stress_malignant	Malignant_cycling_candidate	malignant_state_to_malignant_state	malignant_state	malignant_state
Malignant_AC_like_reactive_malignant	Malignant_AC_like_reactive_malignant	BCAN	NRCAM	1.534102	2.113181	0.3410064881482024	0.5661113471901154	0.05949874	0.88483346	0.0085227868223115	magnitude_rank	0.0085227868223115	BCAN→NRCAM	malignant_or_cycling	malignant_or_cycling	malignant_or_cycling_to_malignant_or_cycling	primary_rank<=0.05	Malignant_AC_like_reactive_malignant	Malignant_AC_like_reactive_malignant	Malignant_AC_like_reactive_malignant	Malignant_AC_like_reactive_malignant	malignant_state_to_malignant_state	malignant_state	malignant_state
Malignant_cycling_candidate	Malignant_cycling_candidate	HLA-A	APLP2	1.5324495	2.095347	0.0052066697607431	-0.0854169112837021	0.01518724	0.8844009	0.0085912934078286	magnitude_rank	0.0085912934078286	HLA-A→APLP2	malignant_or_cycling	malignant_or_cycling	malignant_or_cycling_to_malignant_or_cycling	primary_rank<=0.05	Malignant_cycling_candidate	Malignant_cycling_candidate	Malignant_cycling_candidate	Malignant_cycling_candidate	malignant_state_to_malignant_state	malignant_state	malignant_state
Malignant_cycling_candidate	Malignant_AC_like_reactive_malignant	CALM1	PTPRA	1.5291884	1.885337	0.1773938894298749	0.2512767999169273	0.020288493	0.87889165	0.0087521850533074	magnitude_rank	0.0087521850533074	CALM1→PTPRA	malignant_or_cycling	malignant_or_cycling	malignant_or_cycling_to_malignant_or_cycling	primary_rank<=0.05	Malignant_cycling_candidate	Malignant_AC_like_reactive_malignant	Malignant_cycling_candidate	Malignant_AC_like_reactive_malignant	malignant_state_to_malignant_state	malignant_state	malignant_state
Malignant_AC_like_reactive_malignant	Malignant_AC_like_reactive_malignant	BCAN	EGFR	1.5281885	2.0892398	0.1909082532011894	0.2503763570054538	0.047060072	0.8842516	0.008891251699451	magnitude_rank	0.008891251699451	BCAN→EGFR	malignant_or_cycling	malignant_or_cycling	malignant_or_cycling_to_malignant_or_cycling	primary_rank<=0.05	Malignant_AC_like_reactive_malignant	Malignant_AC_like_reactive_malignant	Malignant_AC_like_reactive_malignant	Malignant_AC_like_reactive_malignant	malignant_state_to_malignant_state	malignant_state	malignant_state
Malignant_AC_like_reactive_malignant	Malignant_AC_like_reactive_malignant	TNC	PTPRZ1	1.527067	1.6931459	0.2571813197763153	0.4537001823305082	0.058405183	0.87305194	0.0089145350486604	magnitude_rank	0.0089145350486604	TNC→PTPRZ1	malignant_or_cycling	malignant_or_cycling	malignant_or_cycling_to_malignant_or_cycling	primary_rank<=0.05	Malignant_AC_like_reactive_malignant	Malignant_AC_like_reactive_malignant	Malignant_AC_like_reactive_malignant	Malignant_AC_like_reactive_malignant	malignant_state_to_malignant_state	malignant_state	malignant_state
Malignant_OPC_NPC_like_malignant	Malignant_cycling_candidate	GSTP1	EGFR	1.5230179	2.2391422	0.1640277053583888	0.3108634204815872	0.03055196	0.88775074	0.0090313920147214	magnitude_rank	0.0090313920147214	GSTP1→EGFR	malignant_or_cycling	malignant_or_cycling	malignant_or_cycling_to_malignant_or_cycling	primary_rank<=0.05	Malignant_OPC_NPC_like_malignant	Malignant_cycling_candidate	Malignant_OPC_NPC_like_malignant	Malignant_cycling_candidate	malignant_state_to_malignant_state	malignant_state	malignant_state
Malignant_hypoxia_stress_malignant	Malignant_NPC_neuronal_like_malignant	PTN	PTPRZ1	1.52274	2.0878932	-0.6510577419569276	-1.4601710779639114	0.010316517	0.88421863	0.0090548539194646	magnitude_rank	0.0090548539194646	PTN→PTPRZ1	malignant_or_cycling	malignant_or_cycling	malignant_or_cycling_to_malignant_or_cycling	primary_rank<=0.05	Malignant_hypoxia_stress_malignant	Malignant_NPC_neuronal_like_malignant	Malignant_hypoxia_stress_malignant	Malignant_NPC_neuronal_like_malignant	malignant_state_to_malignant_state	malignant_state	malignant_state
Malignant_OPC_NPC_like_malignant	Malignant_AC_like_reactive_malignant	CALM1	PTPRA	1.520742	1.8708756	0.1696567064634186	0.3287791248324022	0.020132871	0.87848127	0.0091726033752705	magnitude_rank	0.0091726033752705	CALM1→PTPRA	malignant_or_cycling	malignant_or_cycling	malignant_or_cycling_to_malignant_or_cycling	primary_rank<=0.05	Malignant_OPC_NPC_like_malignant	Malignant_AC_like_reactive_malignant	Malignant_OPC_NPC_like_malignant	Malignant_AC_like_reactive_malignant	malignant_state_to_malignant_state	malignant_state	malignant_state
Malignant_hypoxia_stress_malignant	Malignant_NPC_neuronal_like_malignant	PTN	NCL	1.5191736	2.0736048	-0.3978089007646219	-0.6813083942882989	0.011247958	0.8838666	0.0093387018185858	magnitude_rank	0.0093387018185858	PTN→NCL	malignant_or_cycling	malignant_or_cycling	malignant_or_cycling_to_malignant_or_cycling	primary_rank<=0.05	Malignant_hypoxia_stress_malignant	Malignant_NPC_neuronal_like_malignant	Malignant_hypoxia_stress_malignant	Malignant_NPC_neuronal_like_malignant	malignant_state_to_malignant_state	malignant_state	malignant_state
Malignant_OPC_NPC_like_malignant	Malignant_hypoxia_stress_malignant	BCAN	EGFR	1.5184963	1.7714119	0.1803709610637865	0.1599531617252425	0.039901007	0.8755351	0.0093625502623805	magnitude_rank	0.0093625502623805	BCAN→EGFR	malignant_or_cycling	malignant_or_cycling	malignant_or_cycling_to_malignant_or_cycling	primary_rank<=0.05	Malignant_OPC_NPC_like_malignant	Malignant_hypoxia_stress_malignant	Malignant_OPC_NPC_like_malignant	Malignant_hypoxia_stress_malignant	malignant_state_to_malignant_state	malignant_state	malignant_state
Malignant_cycling_candidate	Malignant_OPC_NPC_like_malignant	HLA-A	APLP2	1.5180714	2.0368142	-0.0116392072322081	-0.0615431261472703	0.01476299	0.8829447	0.0093864263046775	magnitude_rank	0.0093864263046775	HLA-A→APLP2	malignant_or_cycling	malignant_or_cycling	malignant_or_cycling_to_malignant_or_cycling	primary_rank<=0.05	Malignant_cycling_candidate	Malignant_OPC_NPC_like_malignant	Malignant_cycling_candidate	Malignant_OPC_NPC_like_malignant	malignant_state_to_malignant_state	malignant_state	malignant_state
Malignant_OPC_NPC_like_malignant	Malignant_OPC_NPC_like_malignant	GSTP1	EGFR	1.5151796	2.2108202	0.1581084909429522	0.5127149554082804	0.030165521	0.88711494	0.0095062563533006	magnitude_rank	0.0095062563533006	GSTP1→EGFR	malignant_or_cycling	malignant_or_cycling	malignant_or_cycling_to_malignant_or_cycling	primary_rank<=0.05	Malignant_OPC_NPC_like_malignant	Malignant_OPC_NPC_like_malignant	Malignant_OPC_NPC_like_malignant	Malignant_OPC_NPC_like_malignant	malignant_state_to_malignant_state	malignant_state	malignant_state
Malignant_cycling_candidate	Malignant_AC_like_reactive_malignant	GSTP1	EGFR	1.5129273	2.057738	0.1824005286690032	0.18082332802113	0.02807679	0.88347185	0.0097481455715678	magnitude_rank	0.0097481455715678	GSTP1→EGFR	malignant_or_cycling	malignant_or_cycling	malignant_or_cycling_to_malignant_or_cycling	primary_rank<=0.05	Malignant_cycling_candidate	Malignant_AC_like_reactive_malignant	Malignant_cycling_candidate	Malignant_AC_like_reactive_malignant	malignant_state_to_malignant_state	malignant_state	malignant_state
Malignant_OPC_NPC_like_malignant	Malignant_cycling_candidate	BCAN	NRCAM	1.5121777	1.7429845	0.2690629934972898	0.4952116769947866	0.049075484	0.8746509	0.0097724966485347	magnitude_rank	0.0097724966485347	BCAN→NRCAM	malignant_or_cycling	malignant_or_cycling	malignant_or_cycling_to_malignant_or_cycling	primary_rank<=0.05	Malignant_OPC_NPC_like_malignant	Malignant_cycling_candidate	Malignant_OPC_NPC_like_malignant	Malignant_cycling_candidate	malignant_state_to_malignant_state	malignant_state	malignant_state
Malignant_hypoxia_stress_malignant	Malignant_AC_like_reactive_malignant	MIF	CD44_CD74	1.5110875	1.4099176	0.278877081929437	0.4949685683634781	0.011584437	0.8625566	0.0097968795540392	magnitude_rank	0.0097968795540392	MIF→CD44_CD74	malignant_or_cycling	malignant_or_cycling	malignant_or_cycling_to_malignant_or_cycling	primary_rank<=0.05	Malignant_hypoxia_stress_malignant	Malignant_AC_like_reactive_malignant	Malignant_hypoxia_stress_malignant	Malignant_AC_like_reactive_malignant	malignant_state_to_malignant_state	malignant_state	malignant_state
Malignant_cycling_candidate	Malignant_OPC_NPC_like_malignant	SPON1	LRP8	0.08710903	0.0075701894	0.0113905277395275	-0.0166381925549045	0.013313291	0.31500003	0.0098224325179946	magnitude_rank	0.0098224325179946	SPON1→LRP8	malignant_or_cycling	malignant_or_cycling	malignant_or_cycling_to_malignant_or_cycling	primary_rank<=0.05	Malignant_cycling_candidate	Malignant_OPC_NPC_like_malignant	Malignant_cycling_candidate	Malignant_OPC_NPC_like_malignant	malignant_state_to_malignant_state	malignant_state	malignant_state
Malignant_OPC_NPC_like_malignant	Malignant_cycling_candidate	MIF	EGFR	1.5090065	2.2044108	0.0556524101228132	0.0561173332309969	0.025269695	0.8869695	0.0098457321995806	magnitude_rank	0.0098457321995806	MIF→EGFR	malignant_or_cycling	malignant_or_cycling	malignant_or_cycling_to_malignant_or_cycling	primary_rank<=0.05	Malignant_OPC_NPC_like_malignant	Malignant_cycling_candidate	Malignant_OPC_NPC_like_malignant	Malignant_cycling_candidate	malignant_state_to_malignant_state	malignant_state	malignant_state
Malignant_cycling_candidate	Malignant_AC_like_reactive_malignant	BCAN	NRCAM	1.5059829	2.0544734	0.3205678481194536	0.3947947069128659	0.057845768	0.88339007	0.0100670358911321	magnitude_rank	0.0100670358911321	BCAN→NRCAM	malignant_or_cycling	malignant_or_cycling	malignant_or_cycling_to_malignant_or_cycling	primary_rank<=0.05	Malignant_cycling_candidate	Malignant_AC_like_reactive_malignant	Malignant_cycling_candidate	Malignant_AC_like_reactive_malignant	malignant_state_to_malignant_state	malignant_state	malignant_state
Malignant_cycling_candidate	Malignant_cycling_candidate	PLAU	IGF2R	0.08714358	0.007576007	-0.0482170534299659	-0.0895226320685084	0.006155316	0.31508288	0.0101997894787316	magnitude_rank	0.0101997894787316	PLAU→IGF2R	malignant_or_cycling	malignant_or_cycling	malignant_or_cycling_to_malignant_or_cycling	primary_rank<=0.05	Malignant_cycling_candidate	Malignant_cycling_candidate	Malignant_cycling_candidate	Malignant_cycling_candidate	malignant_state_to_malignant_state	malignant_state	malignant_state
Malignant_OPC_NPC_like_malignant	Malignant_OPC_NPC_like_malignant	MIF	EGFR	1.5011681	2.176528	0.0497331957073766	0.2579688681576901	0.024950068	0.8863298	0.0102907401058372	magnitude_rank	0.0102907401058372	MIF→EGFR	malignant_or_cycling	malignant_or_cycling	malignant_or_cycling_to_malignant_or_cycling	primary_rank<=0.05	Malignant_OPC_NPC_like_malignant	Malignant_OPC_NPC_like_malignant	Malignant_OPC_NPC_like_malignant	Malignant_OPC_NPC_like_malignant	malignant_state_to_malignant_state	malignant_state	malignant_state
Malignant_cycling_candidate	Malignant_AC_like_reactive_malignant	BCAN	EGFR	1.5000694	2.0311973	0.1704696131724405	0.0790597167282043	0.045752663	0.88280195	0.0103407782013333	magnitude_rank	0.0103407782013333	BCAN→EGFR	malignant_or_cycling	malignant_or_cycling	malignant_or_cycling_to_malignant_or_cycling	primary_rank<=0.05	Malignant_cycling_candidate	Malignant_AC_like_reactive_malignant	Malignant_cycling_candidate	Malignant_AC_like_reactive_malignant	malignant_state_to_malignant_state	malignant_state	malignant_state
Malignant_hypoxia_stress_malignant	Malignant_AC_like_reactive_malignant	VEGFA	EGFR	1.4965577	2.0239484	0.650314133667524	1.2891702271472696	0.08740698	0.8826168	0.0105927446709405	magnitude_rank	0.0105927446709405	VEGFA→EGFR	malignant_or_cycling	malignant_or_cycling	malignant_or_cycling_to_malignant_or_cycling	primary_rank<=0.05	Malignant_hypoxia_stress_malignant	Malignant_AC_like_reactive_malignant	Malignant_hypoxia_stress_malignant	Malignant_AC_like_reactive_malignant	malignant_state_to_malignant_state	malignant_state	malignant_state
Malignant_hypoxia_stress_malignant	Malignant_hypoxia_stress_malignant	LGALS1	ITGB1	1.4925944	1.3690605	0.2353126530871289	0.3296393334674836	0.011928183	0.86080414	0.0107198362031779	magnitude_rank	0.0107198362031779	LGALS1→ITGB1	malignant_or_cycling	malignant_or_cycling	malignant_or_cycling_to_malignant_or_cycling	primary_rank<=0.05	Malignant_hypoxia_stress_malignant	Malignant_hypoxia_stress_malignant	Malignant_hypoxia_stress_malignant	Malignant_hypoxia_stress_malignant	malignant_state_to_malignant_state	malignant_state	malignant_state
Malignant_cycling_candidate	Malignant_OPC_NPC_like_malignant	CALM1	PTPRA	1.4879831	1.7038442	0.1237511198006207	0.1605718614308956	0.018335411	0.87340057	0.0109762364133559	magnitude_rank	0.0109762364133559	CALM1→PTPRA	malignant_or_cycling	malignant_or_cycling	malignant_or_cycling_to_malignant_or_cycling	primary_rank<=0.05	Malignant_cycling_candidate	Malignant_OPC_NPC_like_malignant	Malignant_cycling_candidate	Malignant_OPC_NPC_like_malignant	malignant_state_to_malignant_state	malignant_state	malignant_state
Malignant_OPC_NPC_like_malignant	Malignant_NPC_neuronal_like_malignant	TIMP1	CD63	1.4873369	2.1960456	-0.4553146703530725	-0.8965650293778347	0.00920354	0.8867788	0.0110278714753024	magnitude_rank	0.0110278714753024	TIMP1→CD63	malignant_or_cycling	malignant_or_cycling	malignant_or_cycling_to_malignant_or_cycling	primary_rank<=0.05	Malignant_OPC_NPC_like_malignant	Malignant_NPC_neuronal_like_malignant	Malignant_OPC_NPC_like_malignant	Malignant_NPC_neuronal_like_malignant	malignant_state_to_malignant_state	malignant_state	malignant_state
Malignant_cycling_candidate	Malignant_cycling_candidate	MIF	EGFR	1.4839991	2.142423	0.0334994965690303	0.0501171113076825	0.024559112	0.8855318	0.0111055467225782	magnitude_rank	0.0111055467225782	MIF→EGFR	malignant_or_cycling	malignant_or_cycling	malignant_or_cycling_to_malignant_or_cycling	primary_rank<=0.05	Malignant_cycling_candidate	Malignant_cycling_candidate	Malignant_cycling_candidate	Malignant_cycling_candidate	malignant_state_to_malignant_state	malignant_state	malignant_state
Malignant_cycling_candidate	Malignant_cycling_candidate	MDK	NCL	1.48371	2.1914783	0.3126889763011542	0.4158510194705453	0.029950574	0.8866742	0.0111314959961517	magnitude_rank	0.0111314959961517	MDK→NCL	malignant_or_cycling	malignant_or_cycling	malignant_or_cycling_to_malignant_or_cycling	primary_rank<=0.05	Malignant_cycling_candidate	Malignant_cycling_candidate	Malignant_cycling_candidate	Malignant_cycling_candidate	malignant_state_to_malignant_state	malignant_state	malignant_state
Malignant_OPC_NPC_like_malignant	Malignant_NPC_neuronal_like_malignant	B2M	KLRC2	1.7415553	1.2955889	0.3498750487904274	0.378997690160631	0.049124062	0.8574665	0.0112355929037916	magnitude_rank	0.0112355929037916	B2M→KLRC2	malignant_or_cycling	malignant_or_cycling	malignant_or_cycling_to_malignant_or_cycling	primary_rank<=0.05	Malignant_OPC_NPC_like_malignant	Malignant_NPC_neuronal_like_malignant	Malignant_OPC_NPC_like_malignant	Malignant_NPC_neuronal_like_malignant	malignant_state_to_malignant_state	malignant_state	malignant_state
Malignant_hypoxia_stress_malignant	Malignant_AC_like_reactive_malignant	VEGFA	CD44	1.4799088	1.9586508	0.9884063653435244	1.8971882324125544	0.11813735	0.88090736	0.0112355929037916	magnitude_rank	0.0112355929037916	VEGFA→CD44	malignant_or_cycling	malignant_or_cycling	malignant_or_cycling_to_malignant_or_cycling	primary_rank<=0.05	Malignant_hypoxia_stress_malignant	Malignant_AC_like_reactive_malignant	Malignant_hypoxia_stress_malignant	Malignant_AC_like_reactive_malignant	malignant_state_to_malignant_state	malignant_state	malignant_state
Malignant_cycling_candidate	Malignant_hypoxia_stress_malignant	HLA-A	APLP2	1.479735	1.8807472	-0.0565491887627651	-0.1377287101238622	0.013631805	0.8787619	0.0112878184492264	magnitude_rank	0.0112878184492264	HLA-A→APLP2	malignant_or_cycling	malignant_or_cycling	malignant_or_cycling_to_malignant_or_cycling	primary_rank<=0.05	Malignant_cycling_candidate	Malignant_hypoxia_stress_malignant	Malignant_cycling_candidate	Malignant_hypoxia_stress_malignant	malignant_state_to_malignant_state	malignant_state	malignant_state
Malignant_OPC_NPC_like_malignant	Malignant_OPC_NPC_like_malignant	CALM1	PTPRA	1.4795368	1.6907749	0.1160139368341644	0.2380741863463705	0.01819477	0.8729742	0.0113139743254514	magnitude_rank	0.0113139743254514	CALM1→PTPRA	malignant_or_cycling	malignant_or_cycling	malignant_or_cycling_to_malignant_or_cycling	primary_rank<=0.05	Malignant_OPC_NPC_like_malignant	Malignant_OPC_NPC_like_malignant	Malignant_OPC_NPC_like_malignant	Malignant_OPC_NPC_like_malignant	malignant_state_to_malignant_state	malignant_state	malignant_state
Malignant_OPC_NPC_like_malignant	Malignant_hypoxia_stress_malignant	BCAN	NRCAM	1.4770412	1.5849028	0.2288942624931384	0.5006848801109237	0.04462453	0.8693455	0.0114188974933215	magnitude_rank	0.0114188974933215	BCAN→NRCAM	malignant_or_cycling	malignant_or_cycling	malignant_or_cycling_to_malignant_or_cycling	primary_rank<=0.05	Malignant_OPC_NPC_like_malignant	Malignant_hypoxia_stress_malignant	Malignant_OPC_NPC_like_malignant	Malignant_hypoxia_stress_malignant	malignant_state_to_malignant_state	malignant_state	malignant_state
Malignant_cycling_candidate	Malignant_OPC_NPC_like_malignant	MIF	EGFR	1.4761608	2.1153243	0.0275802821535937	0.2519686462343757	0.024248475	0.8848851	0.0114715360566658	magnitude_rank	0.0114715360566658	MIF→EGFR	malignant_or_cycling	malignant_or_cycling	malignant_or_cycling_to_malignant_or_cycling	primary_rank<=0.05	Malignant_cycling_candidate	Malignant_OPC_NPC_like_malignant	Malignant_cycling_candidate	Malignant_OPC_NPC_like_malignant	malignant_state_to_malignant_state	malignant_state	malignant_state
Malignant_hypoxia_stress_malignant	Malignant_NPC_neuronal_like_malignant	B2M	KLRC2	1.7231586	1.280009	0.3340265160170558	0.2090982757163005	0.048533328	0.85672563	0.0116566986285626	magnitude_rank	0.0116566986285626	B2M→KLRC2	malignant_or_cycling	malignant_or_cycling	malignant_or_cycling_to_malignant_or_cycling	primary_rank<=0.05	Malignant_hypoxia_stress_malignant	Malignant_NPC_neuronal_like_malignant	Malignant_hypoxia_stress_malignant	Malignant_NPC_neuronal_like_malignant	malignant_state_to_malignant_state	malignant_state	malignant_state
Malignant_cycling_candidate	Malignant_cycling_candidate	CALM1	PTPRA	1.4689257	1.6199038	0.0989402707316118	0.0680463935610041	0.017432114	0.87058103	0.0117364978125759	magnitude_rank	0.0117364978125759	CALM1→PTPRA	malignant_or_cycling	malignant_or_cycling	malignant_or_cycling_to_malignant_or_cycling	primary_rank<=0.05	Malignant_cycling_candidate	Malignant_cycling_candidate	Malignant_cycling_candidate	Malignant_cycling_candidate	malignant_state_to_malignant_state	malignant_state	malignant_state
Malignant_AC_like_reactive_malignant	Malignant_NPC_neuronal_like_malignant	HLA-A	APLP2	1.4645319	1.4076684	-0.1167026914577242	-0.1434983100352761	0.010202892	0.8624619	0.0118968892480579	magnitude_rank	0.0118968892480579	HLA-A→APLP2	malignant_or_cycling	malignant_or_cycling	malignant_or_cycling_to_malignant_or_cycling	primary_rank<=0.05	Malignant_AC_like_reactive_malignant	Malignant_NPC_neuronal_like_malignant	Malignant_AC_like_reactive_malignant	Malignant_NPC_neuronal_like_malignant	malignant_state_to_malignant_state	malignant_state	malignant_state
Malignant_OPC_NPC_like_malignant	Malignant_cycling_candidate	CALM1	PTPRA	1.4604793	1.6074784	0.0912030877651555	0.1455487184764791	0.0172984	0.87014663	0.0120313573910183	magnitude_rank	0.0120313573910183	CALM1→PTPRA	malignant_or_cycling	malignant_or_cycling	malignant_or_cycling_to_malignant_or_cycling	primary_rank<=0.05	Malignant_OPC_NPC_like_malignant	Malignant_cycling_candidate	Malignant_OPC_NPC_like_malignant	Malignant_cycling_candidate	malignant_state_to_malignant_state	malignant_state	malignant_state
Malignant_cycling_candidate	Malignant_cycling_candidate	LAMA5	SDC1	0.08774268	0.007660613	0.0815661810645406	0.0247638650355567	0.014588972	0.31628245	0.0120860991138857	magnitude_rank	0.0120860991138857	LAMA5→SDC1	malignant_or_cycling	malignant_or_cycling	malignant_or_cycling_to_malignant_or_cycling	primary_rank<=0.05	Malignant_cycling_candidate	Malignant_cycling_candidate	Malignant_cycling_candidate	Malignant_cycling_candidate	malignant_state_to_malignant_state	malignant_state	malignant_state
Malignant_hypoxia_stress_malignant	Malignant_AC_like_reactive_malignant	TNC	PTPRZ1	1.4543366	1.3547593	0.1575634490726986	0.2769328279780534	0.046732515	0.8601738	0.0122208493765418	magnitude_rank	0.0122208493765418	TNC→PTPRZ1	malignant_or_cycling	malignant_or_cycling	malignant_or_cycling_to_malignant_or_cycling	primary_rank<=0.05	Malignant_hypoxia_stress_malignant	Malignant_AC_like_reactive_malignant	Malignant_hypoxia_stress_malignant	Malignant_AC_like_reactive_malignant	malignant_state_to_malignant_state	malignant_state	malignant_state
Malignant_cycling_candidate	Malignant_cycling_candidate	LAMA5	BCAM	0.08799383	0.0077077895	-0.0248801393477045	-0.0624218396453378	0.0069097755	0.31694666	0.0124632655985035	magnitude_rank	0.0124632655985035	LAMA5→BCAM	malignant_or_cycling	malignant_or_cycling	malignant_or_cycling_to_malignant_or_cycling	primary_rank<=0.05	Malignant_cycling_candidate	Malignant_cycling_candidate	Malignant_cycling_candidate	Malignant_cycling_candidate	malignant_state_to_malignant_state	malignant_state	malignant_state
Malignant_AC_like_reactive_malignant	Malignant_AC_like_reactive_malignant	CALM1	PTPRA	1.447105	1.7447978	0.1022412199984015	0.140159500157795	0.018776122	0.8747079	0.0124940539379146	magnitude_rank	0.0124940539379146	CALM1→PTPRA	malignant_or_cycling	malignant_or_cycling	malignant_or_cycling_to_malignant_or_cycling	primary_rank<=0.05	Malignant_AC_like_reactive_malignant	Malignant_AC_like_reactive_malignant	Malignant_AC_like_reactive_malignant	Malignant_AC_like_reactive_malignant	malignant_state_to_malignant_state	malignant_state	malignant_state
Malignant_AC_like_reactive_malignant	Malignant_OPC_NPC_like_malignant	BCAN	NRCAM	1.4469976	1.7605313	0.2414286674901203	0.4132715729526479	0.04956953	0.87519896	0.0125215348529395	magnitude_rank	0.0125215348529395	BCAN→NRCAM	malignant_or_cycling	malignant_or_cycling	malignant_or_cycling_to_malignant_or_cycling	primary_rank<=0.05	Malignant_AC_like_reactive_malignant	Malignant_OPC_NPC_like_malignant	Malignant_AC_like_reactive_malignant	Malignant_OPC_NPC_like_malignant	malignant_state_to_malignant_state	malignant_state	malignant_state
Malignant_OPC_NPC_like_malignant	Malignant_OPC_NPC_like_malignant	TNC	PTPRZ1	1.7184781	1.2408706	0.2782348671573121	0.4921646427887413	0.042803917	0.85480917	0.0126870446447391	magnitude_rank	0.0126870446447391	TNC→PTPRZ1	malignant_or_cycling	malignant_or_cycling	malignant_or_cycling_to_malignant_or_cycling	primary_rank<=0.05	Malignant_OPC_NPC_like_malignant	Malignant_OPC_NPC_like_malignant	Malignant_OPC_NPC_like_malignant	Malignant_OPC_NPC_like_malignant	malignant_state_to_malignant_state	malignant_state	malignant_state
Malignant_cycling_candidate	Malignant_hypoxia_stress_malignant	PTN	SDC4	1.8259356	1.2383052	0.5091999473915667	0.7043563567281822	0.07941441	0.8546807	0.0127701948307259	magnitude_rank	0.0127701948307259	PTN→SDC4	malignant_or_cycling	malignant_or_cycling	malignant_or_cycling_to_malignant_or_cycling	primary_rank<=0.05	Malignant_cycling_candidate	Malignant_hypoxia_stress_malignant	Malignant_cycling_candidate	Malignant_hypoxia_stress_malignant	malignant_state_to_malignant_state	malignant_state	malignant_state
Malignant_cycling_candidate	Malignant_NPC_neuronal_like_malignant	B2M	KLRC2	1.6738474	1.2382483	0.2915454323627413	0.1756514793774003	0.04694991	0.85467786	0.0127979719260267	magnitude_rank	0.0127979719260267	B2M→KLRC2	malignant_or_cycling	malignant_or_cycling	malignant_or_cycling_to_malignant_or_cycling	primary_rank<=0.05	Malignant_cycling_candidate	Malignant_NPC_neuronal_like_malignant	Malignant_cycling_candidate	Malignant_NPC_neuronal_like_malignant	malignant_state_to_malignant_state	malignant_state	malignant_state
Malignant_cycling_candidate	Malignant_cycling_candidate	PTN	PTPRS	1.8255142	1.2355462	0.2279620148283371	0.2844193338394464	0.02658777	0.85454214	0.0128814744252826	magnitude_rank	0.0128814744252826	PTN→PTPRS	malignant_or_cycling	malignant_or_cycling	malignant_or_cycling_to_malignant_or_cycling	primary_rank<=0.05	Malignant_cycling_candidate	Malignant_cycling_candidate	Malignant_cycling_candidate	Malignant_cycling_candidate	malignant_state_to_malignant_state	malignant_state	malignant_state
Malignant_hypoxia_stress_malignant	Malignant_NPC_neuronal_like_malignant	PTN	PTPRS	1.4358997	1.7399758	0.1104955162961135	0.0775167309877133	0.03744261	0.8745561	0.0132181301751801	magnitude_rank	0.0132181301751801	PTN→PTPRS	malignant_or_cycling	malignant_or_cycling	malignant_or_cycling_to_malignant_or_cycling	primary_rank<=0.05	Malignant_hypoxia_stress_malignant	Malignant_NPC_neuronal_like_malignant	Malignant_hypoxia_stress_malignant	Malignant_NPC_neuronal_like_malignant	malignant_state_to_malignant_state	malignant_state	malignant_state
Malignant_hypoxia_stress_malignant	Malignant_hypoxia_stress_malignant	VEGFA	CD44	1.4349062	1.7821479	0.9313746916651484	1.871940132142007	0.10749145	0.8758639	0.0133029527032144	magnitude_rank	0.0133029527032144	VEGFA→CD44	malignant_or_cycling	malignant_or_cycling	malignant_or_cycling_to_malignant_or_cycling	primary_rank<=0.05	Malignant_hypoxia_stress_malignant	Malignant_hypoxia_stress_malignant	Malignant_hypoxia_stress_malignant	Malignant_hypoxia_stress_malignant	malignant_state_to_malignant_state	malignant_state	malignant_state
Malignant_OPC_NPC_like_malignant	Malignant_hypoxia_stress_malignant	PTN	SDC4	1.7959368	1.2156099	0.4870624700184346	0.7443992580661395	0.077958934	0.8535282	0.0135304389119443	magnitude_rank	0.0135304389119443	PTN→SDC4	malignant_or_cycling	malignant_or_cycling	malignant_or_cycling_to_malignant_or_cycling	primary_rank<=0.05	Malignant_OPC_NPC_like_malignant	Malignant_hypoxia_stress_malignant	Malignant_OPC_NPC_like_malignant	Malignant_hypoxia_stress_malignant	malignant_state_to_malignant_state	malignant_state	malignant_state
Malignant_hypoxia_stress_malignant	Malignant_AC_like_reactive_malignant	NCAM1	PTPRZ1	1.4301302	1.2421359	-0.1346890551508449	-0.262455417287458	0.01817861	0.8548724	0.0135876034083206	magnitude_rank	0.0135876034083206	NCAM1→PTPRZ1	malignant_or_cycling	malignant_or_cycling	malignant_or_cycling_to_malignant_or_cycling	primary_rank<=0.05	Malignant_hypoxia_stress_malignant	Malignant_AC_like_reactive_malignant	Malignant_hypoxia_stress_malignant	Malignant_AC_like_reactive_malignant	malignant_state_to_malignant_state	malignant_state	malignant_state
Malignant_OPC_NPC_like_malignant	Malignant_cycling_candidate	PTN	PTPRS	1.7955154	1.2129015	0.205824537455205	0.3244622351774037	0.026100479	0.8533887	0.0136448850396293	magnitude_rank	0.0136448850396293	PTN→PTPRS	malignant_or_cycling	malignant_or_cycling	malignant_or_cycling_to_malignant_or_cycling	primary_rank<=0.05	Malignant_OPC_NPC_like_malignant	Malignant_cycling_candidate	Malignant_OPC_NPC_like_malignant	Malignant_cycling_candidate	malignant_state_to_malignant_state	malignant_state	malignant_state
Malignant_hypoxia_stress_malignant	Malignant_AC_like_reactive_malignant	PKM	CD44	1.4211192	1.8412143	0.5761462588113522	0.936074016022291	0.04547077	0.87762564	0.0139330469046094	magnitude_rank	0.0139330469046094	PKM→CD44	malignant_or_cycling	malignant_or_cycling	malignant_or_cycling_to_malignant_or_cycling	primary_rank<=0.05	Malignant_hypoxia_stress_malignant	Malignant_AC_like_reactive_malignant	Malignant_hypoxia_stress_malignant	Malignant_AC_like_reactive_malignant	malignant_state_to_malignant_state	malignant_state	malignant_state
Malignant_OPC_NPC_like_malignant	Malignant_AC_like_reactive_malignant	GSTP1	EGFR	1.4193615	1.8646027	0.0857185990635917	0.0669940852974777	0.025441559	0.87830186	0.014020068043421	magnitude_rank	0.014020068043421	GSTP1→EGFR	malignant_or_cycling	malignant_or_cycling	malignant_or_cycling_to_malignant_or_cycling	primary_rank<=0.05	Malignant_OPC_NPC_like_malignant	Malignant_AC_like_reactive_malignant	Malignant_OPC_NPC_like_malignant	Malignant_AC_like_reactive_malignant	malignant_state_to_malignant_state	malignant_state	malignant_state
Malignant_cycling_candidate	Malignant_OPC_NPC_like_malignant	BCAN	NRCAM	1.4188784	1.7116208	0.2209900274613714	0.2419549326753984	0.048192404	0.8736521	0.0141073497998856	magnitude_rank	0.0141073497998856	BCAN→NRCAM	malignant_or_cycling	malignant_or_cycling	malignant_or_cycling_to_malignant_or_cycling	primary_rank<=0.05	Malignant_cycling_candidate	Malignant_OPC_NPC_like_malignant	Malignant_cycling_candidate	Malignant_OPC_NPC_like_malignant	malignant_state_to_malignant_state	malignant_state	malignant_state
Malignant_hypoxia_stress_malignant	Malignant_cycling_candidate	LGALS1	ITGB1	1.4559071	1.1915456	0.1866175954133122	0.1747256263361076	0.010381553	0.85227394	0.0141656846786337	magnitude_rank	0.0141656846786337	LGALS1→ITGB1	malignant_or_cycling	malignant_or_cycling	malignant_or_cycling_to_malignant_or_cycling	primary_rank<=0.05	Malignant_hypoxia_stress_malignant	Malignant_cycling_candidate	Malignant_hypoxia_stress_malignant	Malignant_cycling_candidate	malignant_state_to_malignant_state	malignant_state	malignant_state
Malignant_OPC_NPC_like_malignant	Malignant_cycling_candidate	BMP2	ACVR2B_BMPR1A	0.09100013	0.007948152	0.048163578606008	0.0483259699507275	0.02428656	0.32028	0.0143486229727457	magnitude_rank	0.0143486229727457	BMP2→ACVR2B_BMPR1A	malignant_or_cycling	malignant_or_cycling	malignant_or_cycling_to_malignant_or_cycling	primary_rank<=0.05	Malignant_OPC_NPC_like_malignant	Malignant_cycling_candidate	Malignant_OPC_NPC_like_malignant	Malignant_cycling_candidate	malignant_state_to_malignant_state	malignant_state	malignant_state
Malignant_hypoxia_stress_malignant	Malignant_AC_like_reactive_malignant	PTN	SDC3	1.4148295	1.6555599	-0.106648973627081	-0.1933511337377994	0.027198141	0.8718027	0.0144001905830047	magnitude_rank	0.0144001905830047	PTN→SDC3	malignant_or_cycling	malignant_or_cycling	malignant_or_cycling_to_malignant_or_cycling	primary_rank<=0.05	Malignant_hypoxia_stress_malignant	Malignant_AC_like_reactive_malignant	Malignant_hypoxia_stress_malignant	Malignant_AC_like_reactive_malignant	malignant_state_to_malignant_state	malignant_state	malignant_state
Malignant_OPC_NPC_like_malignant	Malignant_NPC_neuronal_like_malignant	HLA-A	APLP2	1.414326	1.3468249	-0.1607415221144238	-0.0847870182136182	0.009761894	0.85982025	0.014429636918592	magnitude_rank	0.014429636918592	HLA-A→APLP2	malignant_or_cycling	malignant_or_cycling	malignant_or_cycling_to_malignant_or_cycling	primary_rank<=0.05	Malignant_OPC_NPC_like_malignant	Malignant_NPC_neuronal_like_malignant	Malignant_OPC_NPC_like_malignant	Malignant_NPC_neuronal_like_malignant	malignant_state_to_malignant_state	malignant_state	malignant_state
Malignant_OPC_NPC_like_malignant	Malignant_NPC_neuronal_like_malignant	BCAN	NRCAM	1.4132897	1.29808	0.1560130090399845	0.4650146519125252	0.036548745	0.8575839	0.0145181459291064	magnitude_rank	0.0145181459291064	BCAN→NRCAM	malignant_or_cycling	malignant_or_cycling	malignant_or_cycling_to_malignant_or_cycling	primary_rank<=0.05	Malignant_OPC_NPC_like_malignant	Malignant_NPC_neuronal_like_malignant	Malignant_OPC_NPC_like_malignant	Malignant_NPC_neuronal_like_malignant	malignant_state_to_malignant_state	malignant_state	malignant_state
Malignant_NPC_neuronal_like_malignant	Malignant_AC_like_reactive_malignant	PTN	NCL	1.4110093	1.9019969	-0.4646193423371973	-0.785642826181643	0.0103170965	0.87935907	0.0146662483682947	magnitude_rank	0.0146662483682947	PTN→NCL	malignant_or_cycling	malignant_or_cycling	malignant_or_cycling_to_malignant_or_cycling	primary_rank<=0.05	Malignant_NPC_neuronal_like_malignant	Malignant_AC_like_reactive_malignant	Malignant_NPC_neuronal_like_malignant	Malignant_AC_like_reactive_malignant	malignant_state_to_malignant_state	malignant_state	malignant_state
Malignant_cycling_candidate	Malignant_OPC_NPC_like_malignant	TNC	PTPRZ1	1.7085571	1.1808089	0.2646469674251782	0.4269881438456498	0.040732082	0.8517032	0.0146662483682947	magnitude_rank	0.0146662483682947	TNC→PTPRZ1	malignant_or_cycling	malignant_or_cycling	malignant_or_cycling_to_malignant_or_cycling	primary_rank<=0.05	Malignant_cycling_candidate	Malignant_OPC_NPC_like_malignant	Malignant_cycling_candidate	Malignant_OPC_NPC_like_malignant	malignant_state_to_malignant_state	malignant_state	malignant_state
Malignant_OPC_NPC_like_malignant	Malignant_OPC_NPC_like_malignant	CNTN1	PTPRZ1	1.7084842	1.1803666	0.40494843151279	0.7990635063622948	0.0760216	0.85167956	0.0146959548421186	magnitude_rank	0.0146959548421186	CNTN1→PTPRZ1	malignant_or_cycling	malignant_or_cycling	malignant_or_cycling_to_malignant_or_cycling	primary_rank<=0.05	Malignant_OPC_NPC_like_malignant	Malignant_OPC_NPC_like_malignant	Malignant_OPC_NPC_like_malignant	Malignant_OPC_NPC_like_malignant	malignant_state_to_malignant_state	malignant_state	malignant_state
Malignant_cycling_candidate	Malignant_cycling_candidate	SDC2	PTPRJ	0.09111634	0.007949186	-0.0595028662960972	-0.1084919987414073	0.0076014735	0.3202941	0.0147255990293291	magnitude_rank	0.0147255990293291	SDC2→PTPRJ	malignant_or_cycling	malignant_or_cycling	malignant_or_cycling_to_malignant_or_cycling	primary_rank<=0.05	Malignant_cycling_candidate	Malignant_cycling_candidate	Malignant_cycling_candidate	Malignant_cycling_candidate	malignant_state_to_malignant_state	malignant_state	malignant_state
Malignant_cycling_candidate	Malignant_NPC_neuronal_like_malignant	TIMP1	CD63	1.4092286	1.9835364	-0.5181263084531084	-1.1129470250707982	0.008312923	0.881568	0.0148150777973525	magnitude_rank	0.0148150777973525	TIMP1→CD63	malignant_or_cycling	malignant_or_cycling	malignant_or_cycling_to_malignant_or_cycling	primary_rank<=0.05	Malignant_cycling_candidate	Malignant_NPC_neuronal_like_malignant	Malignant_cycling_candidate	Malignant_NPC_neuronal_like_malignant	malignant_state_to_malignant_state	malignant_state	malignant_state
Malignant_hypoxia_stress_malignant	Malignant_OPC_NPC_like_malignant	LGALS1	ITGB1	1.4526043	1.1755651	0.1822329446140596	0.1656521645276316	0.010242321	0.8514219	0.0148150777973525	magnitude_rank	0.0148150777973525	LGALS1→ITGB1	malignant_or_cycling	malignant_or_cycling	malignant_or_cycling_to_malignant_or_cycling	primary_rank<=0.05	Malignant_hypoxia_stress_malignant	Malignant_OPC_NPC_like_malignant	Malignant_hypoxia_stress_malignant	Malignant_OPC_NPC_like_malignant	malignant_state_to_malignant_state	malignant_state	malignant_state
Malignant_hypoxia_stress_malignant	Malignant_hypoxia_stress_malignant	MIF	CD44_CD74	1.4628456	1.1739489	0.2255245094968317	0.2975068944362385	0.009645625	0.85133487	0.0148748143148193	magnitude_rank	0.0148748143148193	MIF→CD44_CD74	malignant_or_cycling	malignant_or_cycling	malignant_or_cycling_to_malignant_or_cycling	primary_rank<=0.05	Malignant_hypoxia_stress_malignant	Malignant_hypoxia_stress_malignant	Malignant_hypoxia_stress_malignant	Malignant_hypoxia_stress_malignant	malignant_state_to_malignant_state	malignant_state	malignant_state
Malignant_OPC_NPC_like_malignant	Malignant_cycling_candidate	MDK	NCL	1.4082395	1.9524943	0.2386538152918309	0.3900660627733514	0.026684416	0.88074213	0.0149047249976901	magnitude_rank	0.0149047249976901	MDK→NCL	malignant_or_cycling	malignant_or_cycling	malignant_or_cycling_to_malignant_or_cycling	primary_rank<=0.05	Malignant_OPC_NPC_like_malignant	Malignant_cycling_candidate	Malignant_OPC_NPC_like_malignant	Malignant_cycling_candidate	malignant_state_to_malignant_state	malignant_state	malignant_state
Malignant_NPC_neuronal_like_malignant	Malignant_hypoxia_stress_malignant	CALM1	PTPRA	1.4190428	1.169789	0.007856267772577	0.0539060959341601	0.012588336	0.8511101	0.0149646365016617	magnitude_rank	0.0149646365016617	CALM1→PTPRA	malignant_or_cycling	malignant_or_cycling	malignant_or_cycling_to_malignant_or_cycling	primary_rank<=0.05	Malignant_NPC_neuronal_like_malignant	Malignant_hypoxia_stress_malignant	Malignant_NPC_neuronal_like_malignant	Malignant_hypoxia_stress_malignant	malignant_state_to_malignant_state	malignant_state	malignant_state
Malignant_AC_like_reactive_malignant	Malignant_OPC_NPC_like_malignant	CALM1	PTPRA	1.4058998	1.5768341	0.0485984503691473	0.0494545616717633	0.01696863	0.86905533	0.0150547237701475	magnitude_rank	0.0150547237701475	CALM1→PTPRA	malignant_or_cycling	malignant_or_cycling	malignant_or_cycling_to_malignant_or_cycling	primary_rank<=0.05	Malignant_AC_like_reactive_malignant	Malignant_OPC_NPC_like_malignant	Malignant_AC_like_reactive_malignant	Malignant_OPC_NPC_like_malignant	malignant_state_to_malignant_state	malignant_state	malignant_state
Malignant_AC_like_reactive_malignant	Malignant_hypoxia_stress_malignant	BCAN	EGFR	1.4058752	1.5940435	0.0985019317552226	-0.0840167024469875	0.035905786	0.86967176	0.015084809386266	magnitude_rank	0.015084809386266	BCAN→EGFR	malignant_or_cycling	malignant_or_cycling	malignant_or_cycling_to_malignant_or_cycling	primary_rank<=0.05	Malignant_AC_like_reactive_malignant	Malignant_hypoxia_stress_malignant	Malignant_AC_like_reactive_malignant	Malignant_hypoxia_stress_malignant	malignant_state_to_malignant_state	malignant_state	malignant_state
Malignant_cycling_candidate	Malignant_OPC_NPC_like_malignant	PTN	PTPRS	1.8152256	1.1681846	0.2132559313711744	0.2904097131650316	0.02513821	0.85102314	0.015084809386266	magnitude_rank	0.015084809386266	PTN→PTPRS	malignant_or_cycling	malignant_or_cycling	malignant_or_cycling_to_malignant_or_cycling	primary_rank<=0.05	Malignant_cycling_candidate	Malignant_OPC_NPC_like_malignant	Malignant_cycling_candidate	Malignant_OPC_NPC_like_malignant	malignant_state_to_malignant_state	malignant_state	malignant_state
Malignant_OPC_NPC_like_malignant	Malignant_AC_like_reactive_malignant	MIF	EGFR	1.40535	1.8356807	-0.0226566961719838	-0.1877520019531124	0.021042854	0.87746394	0.0151450707241534	magnitude_rank	0.0151450707241534	MIF→EGFR	malignant_or_cycling	malignant_or_cycling	malignant_or_cycling_to_malignant_or_cycling	primary_rank<=0.05	Malignant_OPC_NPC_like_malignant	Malignant_AC_like_reactive_malignant	Malignant_OPC_NPC_like_malignant	Malignant_AC_like_reactive_malignant	malignant_state_to_malignant_state	malignant_state	malignant_state
Malignant_hypoxia_stress_malignant	Malignant_NPC_neuronal_like_malignant	HLA-A	APLP2	1.4047024	1.3351624	-0.1691794976587049	-0.2488409553033072	0.009677364	0.8592953	0.015205448630601	magnitude_rank	0.015205448630601	HLA-A→APLP2	malignant_or_cycling	malignant_or_cycling	malignant_or_cycling_to_malignant_or_cycling	primary_rank<=0.05	Malignant_hypoxia_stress_malignant	Malignant_NPC_neuronal_like_malignant	Malignant_hypoxia_stress_malignant	Malignant_NPC_neuronal_like_malignant	malignant_state_to_malignant_state	malignant_state	malignant_state
Malignant_AC_like_reactive_malignant	Malignant_cycling_candidate	BCAN	NRCAM	1.3995566	1.5684626	0.1871939641887258	0.2512418128225565	0.044161636	0.8687522	0.0153569018980612	magnitude_rank	0.0153569018980612	BCAN→NRCAM	malignant_or_cycling	malignant_or_cycling	malignant_or_cycling_to_malignant_or_cycling	primary_rank<=0.05	Malignant_AC_like_reactive_malignant	Malignant_cycling_candidate	Malignant_AC_like_reactive_malignant	Malignant_cycling_candidate	malignant_state_to_malignant_state	malignant_state	malignant_state
Malignant_NPC_neuronal_like_malignant	Malignant_hypoxia_stress_malignant	PTN	NCL	1.399375	1.8622252	-0.4770878083033016	-0.838181134108384	0.01010136	0.8782337	0.0154176876235779	magnitude_rank	0.0154176876235779	PTN→NCL	malignant_or_cycling	malignant_or_cycling	malignant_or_cycling_to_malignant_or_cycling	primary_rank<=0.05	Malignant_NPC_neuronal_like_malignant	Malignant_hypoxia_stress_malignant	Malignant_NPC_neuronal_like_malignant	Malignant_hypoxia_stress_malignant	malignant_state_to_malignant_state	malignant_state	malignant_state
Malignant_NPC_neuronal_like_malignant	Malignant_AC_like_reactive_malignant	CALM1	AQP1	1.4166044	1.1583886	0.5692173101463678	1.1688603894712102	0.06739183	0.85048854	0.0155701601024118	magnitude_rank	0.0155701601024118	CALM1→AQP1	malignant_or_cycling	malignant_or_cycling	malignant_or_cycling_to_malignant_or_cycling	primary_rank<=0.05	Malignant_NPC_neuronal_like_malignant	Malignant_AC_like_reactive_malignant	Malignant_NPC_neuronal_like_malignant	Malignant_AC_like_reactive_malignant	malignant_state_to_malignant_state	malignant_state	malignant_state
Malignant_AC_like_reactive_malignant	Malignant_AC_like_reactive_malignant	APOE	SORL1	1.745753	1.1567901	0.8008271286499861	1.6369188134378878	0.057563268	0.8504007	0.0156007435489398	magnitude_rank	0.0156007435489398	APOE→SORL1	malignant_or_cycling	malignant_or_cycling	malignant_or_cycling_to_malignant_or_cycling	primary_rank<=0.05	Malignant_AC_like_reactive_malignant	Malignant_AC_like_reactive_malignant	Malignant_AC_like_reactive_malignant	Malignant_AC_like_reactive_malignant	malignant_state_to_malignant_state	malignant_state	malignant_state
Malignant_AC_like_reactive_malignant	Malignant_cycling_candidate	MIF	EGFR	1.3964522	1.9254119	-0.0440488958668929	-0.0486123141701302	0.022071464	0.8800066	0.0156007435489398	magnitude_rank	0.0156007435489398	MIF→EGFR	malignant_or_cycling	malignant_or_cycling	malignant_or_cycling_to_malignant_or_cycling	primary_rank<=0.05	Malignant_AC_like_reactive_malignant	Malignant_cycling_candidate	Malignant_AC_like_reactive_malignant	Malignant_cycling_candidate	malignant_state_to_malignant_state	malignant_state	malignant_state
Malignant_NPC_neuronal_like_malignant	Malignant_cycling_candidate	MIF	EGFR	1.3937857	1.9188026	-0.0464094017175037	-0.0156149737435427	0.021995699	0.87982494	0.0157540891221029	magnitude_rank	0.0157540891221029	MIF→EGFR	malignant_or_cycling	malignant_or_cycling	malignant_or_cycling_to_malignant_or_cycling	primary_rank<=0.05	Malignant_NPC_neuronal_like_malignant	Malignant_cycling_candidate	Malignant_NPC_neuronal_like_malignant	Malignant_cycling_candidate	malignant_state_to_malignant_state	malignant_state	malignant_state
Malignant_cycling_candidate	Malignant_hypoxia_stress_malignant	MDK	PTPRZ1	1.390918	1.9346068	-0.1131776407517081	-0.5006588081419627	0.024084508	0.8802579	0.0160009566829715	magnitude_rank	0.0160009566829715	MDK→PTPRZ1	malignant_or_cycling	malignant_or_cycling	malignant_or_cycling_to_malignant_or_cycling	primary_rank<=0.05	Malignant_cycling_candidate	Malignant_hypoxia_stress_malignant	Malignant_cycling_candidate	Malignant_hypoxia_stress_malignant	malignant_state_to_malignant_state	malignant_state	malignant_state
Malignant_cycling_candidate	Malignant_hypoxia_stress_malignant	GSTP1	EGFR	1.3906138	1.5700083	0.0899942072230364	-0.1535697314313113	0.021421965	0.8688083	0.0160629642999808	magnitude_rank	0.0160629642999808	GSTP1→EGFR	malignant_or_cycling	malignant_or_cycling	malignant_or_cycling_to_malignant_or_cycling	primary_rank<=0.05	Malignant_cycling_candidate	Malignant_hypoxia_stress_malignant	Malignant_cycling_candidate	Malignant_hypoxia_stress_malignant	malignant_state_to_malignant_state	malignant_state	malignant_state
Malignant_OPC_NPC_like_malignant	Malignant_OPC_NPC_like_malignant	PTN	PTPRS	1.7852268	1.1467745	0.1911184539980423	0.3304526145029889	0.024677487	0.8498467	0.0161250881649617	magnitude_rank	0.0161250881649617	PTN→PTPRS	malignant_or_cycling	malignant_or_cycling	malignant_or_cycling_to_malignant_or_cycling	primary_rank<=0.05	Malignant_OPC_NPC_like_malignant	Malignant_OPC_NPC_like_malignant	Malignant_OPC_NPC_like_malignant	Malignant_OPC_NPC_like_malignant	malignant_state_to_malignant_state	malignant_state	malignant_state
Malignant_AC_like_reactive_malignant	Malignant_OPC_NPC_like_malignant	MIF	EGFR	1.3886138	1.9010582	-0.0499681102823295	0.1532392207565629	0.021792293	0.8793329	0.0161873282565415	magnitude_rank	0.0161873282565415	MIF→EGFR	malignant_or_cycling	malignant_or_cycling	malignant_or_cycling_to_malignant_or_cycling	primary_rank<=0.05	Malignant_AC_like_reactive_malignant	Malignant_OPC_NPC_like_malignant	Malignant_AC_like_reactive_malignant	Malignant_OPC_NPC_like_malignant	malignant_state_to_malignant_state	malignant_state	malignant_state
Malignant_AC_like_reactive_malignant	Malignant_cycling_candidate	CALM1	PTPRA	1.3868423	1.4991509	0.0237876013001383	-0.0430709061981281	0.016132666	0.8661539	0.016280904887508	magnitude_rank	0.016280904887508	CALM1→PTPRA	malignant_or_cycling	malignant_or_cycling	malignant_or_cycling_to_malignant_or_cycling	primary_rank<=0.05	Malignant_AC_like_reactive_malignant	Malignant_cycling_candidate	Malignant_AC_like_reactive_malignant	Malignant_cycling_candidate	malignant_state_to_malignant_state	malignant_state	malignant_state
Malignant_NPC_neuronal_like_malignant	Malignant_OPC_NPC_like_malignant	MIF	EGFR	1.3859475	1.8945324	-0.0523286161329403	0.1862365611831504	0.021717485	0.87915033	0.0163121542623856	magnitude_rank	0.0163121542623856	MIF→EGFR	malignant_or_cycling	malignant_or_cycling	malignant_or_cycling_to_malignant_or_cycling	primary_rank<=0.05	Malignant_NPC_neuronal_like_malignant	Malignant_OPC_NPC_like_malignant	Malignant_NPC_neuronal_like_malignant	Malignant_OPC_NPC_like_malignant	malignant_state_to_malignant_state	malignant_state	malignant_state
Malignant_cycling_candidate	Malignant_OPC_NPC_like_malignant	MDK	NCL	1.3823844	1.9109837	0.2040999973955352	0.2696820422593489	0.0261171	0.87960887	0.0164688450075139	magnitude_rank	0.0164688450075139	MDK→NCL	malignant_or_cycling	malignant_or_cycling	malignant_or_cycling_to_malignant_or_cycling	primary_rank<=0.05	Malignant_cycling_candidate	Malignant_OPC_NPC_like_malignant	Malignant_cycling_candidate	Malignant_OPC_NPC_like_malignant	malignant_state_to_malignant_state	malignant_state	malignant_state
Malignant_cycling_candidate	Malignant_AC_like_reactive_malignant	MIF	EGFR	1.3803427	1.7840614	-0.0448096097257667	-0.1937522238764268	0.020451128	0.87592226	0.0166578273090438	magnitude_rank	0.0166578273090438	MIF→EGFR	malignant_or_cycling	malignant_or_cycling	malignant_or_cycling_to_malignant_or_cycling	primary_rank<=0.05	Malignant_cycling_candidate	Malignant_AC_like_reactive_malignant	Malignant_cycling_candidate	Malignant_AC_like_reactive_malignant	malignant_state_to_malignant_state	malignant_state	malignant_state
Malignant_cycling_candidate	Malignant_hypoxia_stress_malignant	BCAN	EGFR	1.377756	1.5497582	0.0780632917264737	-0.255333342724237	0.034908265	0.8680667	0.016911431953062	magnitude_rank	0.016911431953062	BCAN→EGFR	malignant_or_cycling	malignant_or_cycling	malignant_or_cycling_to_malignant_or_cycling	primary_rank<=0.05	Malignant_cycling_candidate	Malignant_hypoxia_stress_malignant	Malignant_cycling_candidate	Malignant_hypoxia_stress_malignant	malignant_state_to_malignant_state	malignant_state	malignant_state
Malignant_hypoxia_stress_malignant	Malignant_AC_like_reactive_malignant	LGALS1	ITGB1	1.4436322	1.1321527	0.1703247770474008	0.2216215254014505	0.009864082	0.8490261	0.0169432644275201	magnitude_rank	0.0169432644275201	LGALS1→ITGB1	malignant_or_cycling	malignant_or_cycling	malignant_or_cycling_to_malignant_or_cycling	primary_rank<=0.05	Malignant_hypoxia_stress_malignant	Malignant_AC_like_reactive_malignant	Malignant_hypoxia_stress_malignant	Malignant_AC_like_reactive_malignant	malignant_state_to_malignant_state	malignant_state	malignant_state
Malignant_hypoxia_stress_malignant	Malignant_hypoxia_stress_malignant	PKM	CD44	1.3761166	1.675294	0.5191145851329761	0.910825915751744	0.04137319	0.87246335	0.0170070135148386	magnitude_rank	0.0170070135148386	PKM→CD44	malignant_or_cycling	malignant_or_cycling	malignant_or_cycling_to_malignant_or_cycling	primary_rank<=0.05	Malignant_hypoxia_stress_malignant	Malignant_hypoxia_stress_malignant	Malignant_hypoxia_stress_malignant	Malignant_hypoxia_stress_malignant	malignant_state_to_malignant_state	malignant_state	malignant_state
Malignant_NPC_neuronal_like_malignant	Malignant_NPC_neuronal_like_malignant	PTN	PTPRZ1	1.3757662	1.7815181	-0.759460419282771	-1.5787995840010058	0.008802683	0.8758447	0.017038930117217	magnitude_rank	0.017038930117217	PTN→PTPRZ1	malignant_or_cycling	malignant_or_cycling	malignant_or_cycling_to_malignant_or_cycling	primary_rank<=0.05	Malignant_NPC_neuronal_like_malignant	Malignant_NPC_neuronal_like_malignant	Malignant_NPC_neuronal_like_malignant	Malignant_NPC_neuronal_like_malignant	malignant_state_to_malignant_state	malignant_state	malignant_state
Malignant_hypoxia_stress_malignant	Malignant_OPC_NPC_like_malignant	PTN	SDC3	1.3746184	1.4944583	-0.1568000928258632	-0.3262511984659069	0.024551507	0.8659721	0.0170708756962008	magnitude_rank	0.0170708756962008	PTN→SDC3	malignant_or_cycling	malignant_or_cycling	malignant_or_cycling_to_malignant_or_cycling	primary_rank<=0.05	Malignant_hypoxia_stress_malignant	Malignant_OPC_NPC_like_malignant	Malignant_hypoxia_stress_malignant	Malignant_OPC_NPC_like_malignant	malignant_state_to_malignant_state	malignant_state	malignant_state
Malignant_hypoxia_stress_malignant	Malignant_hypoxia_stress_malignant	VEGFA	EGFR	1.3742442	1.5442276	0.5579078122215572	0.9547771676948282	0.06668957	0.86786187	0.0171028530850267	magnitude_rank	0.0171028530850267	VEGFA→EGFR	malignant_or_cycling	malignant_or_cycling	malignant_or_cycling_to_malignant_or_cycling	primary_rank<=0.05	Malignant_hypoxia_stress_malignant	Malignant_hypoxia_stress_malignant	Malignant_hypoxia_stress_malignant	Malignant_hypoxia_stress_malignant	malignant_state_to_malignant_state	malignant_state	malignant_state
Malignant_cycling_candidate	Malignant_cycling_candidate	NRG2	NRP2	0.090976074	0.008047526	-0.0794276396310143	-0.1898619387640663	0.008311732	0.32163396	0.0173635440110494	magnitude_rank	0.0173635440110494	NRG2→NRP2	malignant_or_cycling	malignant_or_cycling	malignant_or_cycling_to_malignant_or_cycling	primary_rank<=0.05	Malignant_cycling_candidate	Malignant_cycling_candidate	Malignant_cycling_candidate	Malignant_cycling_candidate	malignant_state_to_malignant_state	malignant_state	malignant_state
Malignant_NPC_neuronal_like_malignant	Malignant_NPC_neuronal_like_malignant	PTN	NCL	1.3721998	1.7693263	-0.5062115780904654	-0.7999369003253933	0.009597445	0.8754709	0.0174564990317818	magnitude_rank	0.0174564990317818	PTN→NCL	malignant_or_cycling	malignant_or_cycling	malignant_or_cycling_to_malignant_or_cycling	primary_rank<=0.05	Malignant_NPC_neuronal_like_malignant	Malignant_NPC_neuronal_like_malignant	Malignant_NPC_neuronal_like_malignant	Malignant_NPC_neuronal_like_malignant	malignant_state_to_malignant_state	malignant_state	malignant_state
Malignant_cycling_candidate	Malignant_cycling_candidate	BCAN	NRCAM	1.3714375	1.524888	0.1667553241599769	0.079925172545307	0.042934753	0.86713755	0.0175211749346006	magnitude_rank	0.0175211749346006	BCAN→NRCAM	malignant_or_cycling	malignant_or_cycling	malignant_or_cycling_to_malignant_or_cycling	primary_rank<=0.05	Malignant_cycling_candidate	Malignant_cycling_candidate	Malignant_cycling_candidate	Malignant_cycling_candidate	malignant_state_to_malignant_state	malignant_state	malignant_state
Malignant_AC_like_reactive_malignant	Malignant_NPC_neuronal_like_malignant	TIMP1	CD63	1.3705411	1.8782791	-0.5492341307711749	-1.041793089079449	0.007871793	0.8786919	0.0176508739880747	magnitude_rank	0.0176508739880747	TIMP1→CD63	malignant_or_cycling	malignant_or_cycling	malignant_or_cycling_to_malignant_or_cycling	primary_rank<=0.05	Malignant_AC_like_reactive_malignant	Malignant_NPC_neuronal_like_malignant	Malignant_AC_like_reactive_malignant	Malignant_NPC_neuronal_like_malignant	malignant_state_to_malignant_state	malignant_state	malignant_state
Malignant_AC_like_reactive_malignant	Malignant_cycling_candidate	GSTP1	EGFR	1.3667343	1.8517478	0.0025424601346595	0.0977024752427095	0.025266157	0.87793165	0.0179116575878898	magnitude_rank	0.0179116575878898	GSTP1→EGFR	malignant_or_cycling	malignant_or_cycling	malignant_or_cycling_to_malignant_or_cycling	primary_rank<=0.05	Malignant_AC_like_reactive_malignant	Malignant_cycling_candidate	Malignant_AC_like_reactive_malignant	Malignant_cycling_candidate	malignant_state_to_malignant_state	malignant_state	malignant_state
Malignant_AC_like_reactive_malignant	Malignant_hypoxia_stress_malignant	BCAN	NRCAM	1.3644202	1.4262092	0.1470252331845744	0.2567150159386936	0.04015635	0.8632361	0.0181084616179754	magnitude_rank	0.0181084616179754	BCAN→NRCAM	malignant_or_cycling	malignant_or_cycling	malignant_or_cycling_to_malignant_or_cycling	primary_rank<=0.05	Malignant_AC_like_reactive_malignant	Malignant_hypoxia_stress_malignant	Malignant_AC_like_reactive_malignant	Malignant_hypoxia_stress_malignant	malignant_state_to_malignant_state	malignant_state	malignant_state
Malignant_AC_like_reactive_malignant	Malignant_hypoxia_stress_malignant	PTN	SDC4	1.6425948	1.0996006	0.3739791680390559	0.5894968331541869	0.07051907	0.8471468	0.0184719684280347	magnitude_rank	0.0184719684280347	PTN→SDC4	malignant_or_cycling	malignant_or_cycling	malignant_or_cycling_to_malignant_or_cycling	primary_rank<=0.05	Malignant_AC_like_reactive_malignant	Malignant_hypoxia_stress_malignant	Malignant_AC_like_reactive_malignant	Malignant_hypoxia_stress_malignant	malignant_state_to_malignant_state	malignant_state	malignant_state
Malignant_AC_like_reactive_malignant	Malignant_OPC_NPC_like_malignant	GSTP1	EGFR	1.358896	1.8283257	-0.003376754280777	0.2995540101694027	0.024946576	0.8772479	0.0185717147658824	magnitude_rank	0.0185717147658824	GSTP1→EGFR	malignant_or_cycling	malignant_or_cycling	malignant_or_cycling_to_malignant_or_cycling	primary_rank<=0.05	Malignant_AC_like_reactive_malignant	Malignant_OPC_NPC_like_malignant	Malignant_AC_like_reactive_malignant	Malignant_OPC_NPC_like_malignant	malignant_state_to_malignant_state	malignant_state	malignant_state
Malignant_AC_like_reactive_malignant	Malignant_cycling_candidate	PTN	PTPRS	1.6421734	1.0971507	0.0927412354758263	0.169559810265451	0.023609629	0.8470023	0.0185717147658824	magnitude_rank	0.0185717147658824	PTN→PTPRS	malignant_or_cycling	malignant_or_cycling	malignant_or_cycling_to_malignant_or_cycling	primary_rank<=0.05	Malignant_AC_like_reactive_malignant	Malignant_cycling_candidate	Malignant_AC_like_reactive_malignant	Malignant_cycling_candidate	malignant_state_to_malignant_state	malignant_state	malignant_state
Malignant_cycling_candidate	Malignant_cycling_candidate	SPON1	LRP8	0.09058502	0.008146445	0.0231673099058897	-0.0215932392603039	0.0143267205	0.32296818	0.0188702425900698	magnitude_rank	0.0188702425900698	SPON1→LRP8	malignant_or_cycling	malignant_or_cycling	malignant_or_cycling_to_malignant_or_cycling	primary_rank<=0.05	Malignant_cycling_candidate	Malignant_cycling_candidate	Malignant_cycling_candidate	Malignant_cycling_candidate	malignant_state_to_malignant_state	malignant_state	malignant_state
Malignant_OPC_NPC_like_malignant	Malignant_cycling_candidate	TNC	PTPRZ1	1.5386565	1.0934418	0.155690652710024	0.0630473966587984	0.037718352	0.8467828	0.0189060697554264	magnitude_rank	0.0189060697554264	TNC→PTPRZ1	malignant_or_cycling	malignant_or_cycling	malignant_or_cycling_to_malignant_or_cycling	primary_rank<=0.05	Malignant_OPC_NPC_like_malignant	Malignant_cycling_candidate	Malignant_OPC_NPC_like_malignant	Malignant_cycling_candidate	malignant_state_to_malignant_state	malignant_state	malignant_state
Malignant_cycling_candidate	Malignant_hypoxia_stress_malignant	CALM1	PTPRA	1.3513533	1.1020445	-0.0541217129295825	-0.1393011345682417	0.011859323	0.8472905	0.0191756317727336	magnitude_rank	0.0191756317727336	CALM1→PTPRA	malignant_or_cycling	malignant_or_cycling	malignant_or_cycling_to_malignant_or_cycling	primary_rank<=0.05	Malignant_cycling_candidate	Malignant_hypoxia_stress_malignant	Malignant_cycling_candidate	Malignant_hypoxia_stress_malignant	malignant_state_to_malignant_state	malignant_state	malignant_state
Malignant_cycling_candidate	Malignant_AC_like_reactive_malignant	CALM1	AQP1	1.3489149	1.0913044	0.5072393294442081	0.9756531589688082	0.06348905	0.84665585	0.0193111041994135	magnitude_rank	0.0193111041994135	CALM1→AQP1	malignant_or_cycling	malignant_or_cycling	malignant_or_cycling_to_malignant_or_cycling	primary_rank<=0.05	Malignant_cycling_candidate	Malignant_AC_like_reactive_malignant	Malignant_cycling_candidate	Malignant_AC_like_reactive_malignant	malignant_state_to_malignant_state	malignant_state	malignant_state
Malignant_hypoxia_stress_malignant	Malignant_NPC_neuronal_like_malignant	MIF	EGFR	1.4444067	1.0837576	0.0502996953049497	-0.3117648704747098	0.012423376	0.8462048	0.0195151736083062	magnitude_rank	0.0195151736083062	MIF→EGFR	malignant_or_cycling	malignant_or_cycling	malignant_or_cycling_to_malignant_or_cycling	primary_rank<=0.05	Malignant_hypoxia_stress_malignant	Malignant_NPC_neuronal_like_malignant	Malignant_hypoxia_stress_malignant	Malignant_NPC_neuronal_like_malignant	malignant_state_to_malignant_state	malignant_state	malignant_state
Malignant_OPC_NPC_like_malignant	Malignant_hypoxia_stress_malignant	CALM1	PTPRA	1.342907	1.0935912	-0.0618588958960388	-0.0617988096527668	0.011768357	0.8467917	0.0197202820617073	magnitude_rank	0.0197202820617073	CALM1→PTPRA	malignant_or_cycling	malignant_or_cycling	malignant_or_cycling_to_malignant_or_cycling	primary_rank<=0.05	Malignant_OPC_NPC_like_malignant	Malignant_hypoxia_stress_malignant	Malignant_OPC_NPC_like_malignant	Malignant_hypoxia_stress_malignant	malignant_state_to_malignant_state	malignant_state	malignant_state
Malignant_OPC_NPC_like_malignant	Malignant_AC_like_reactive_malignant	CALM1	AQP1	1.3404685	1.0829335	0.4995021464777519	1.0531554838842832	0.06300206	0.84615535	0.0199608823952299	magnitude_rank	0.0199608823952299	CALM1→AQP1	malignant_or_cycling	malignant_or_cycling	malignant_or_cycling_to_malignant_or_cycling	primary_rank<=0.05	Malignant_OPC_NPC_like_malignant	Malignant_AC_like_reactive_malignant	Malignant_OPC_NPC_like_malignant	Malignant_AC_like_reactive_malignant	malignant_state_to_malignant_state	malignant_state	malignant_state
Malignant_cycling_candidate	Malignant_hypoxia_stress_malignant	PTN	SDC3	1.8013065	1.0770535	0.0516477796307047	-0.0576782481984278	0.017694227	0.84580064	0.0200298845184372	magnitude_rank	0.0200298845184372	PTN→SDC3	malignant_or_cycling	malignant_or_cycling	malignant_or_cycling_to_malignant_or_cycling	primary_rank<=0.05	Malignant_cycling_candidate	Malignant_hypoxia_stress_malignant	Malignant_cycling_candidate	Malignant_hypoxia_stress_malignant	malignant_state_to_malignant_state	malignant_state	malignant_state
Malignant_hypoxia_stress_malignant	Malignant_AC_like_reactive_malignant	FADD	TRADD	0.090956286	0.008270468	-0.0127130075012564	-0.0052084572706909	0.010273819	0.32462233	0.0203764336711129	magnitude_rank	0.0203764336711129	FADD→TRADD	malignant_or_cycling	malignant_or_cycling	malignant_or_cycling_to_malignant_or_cycling	primary_rank<=0.05	Malignant_hypoxia_stress_malignant	Malignant_AC_like_reactive_malignant	Malignant_hypoxia_stress_malignant	Malignant_AC_like_reactive_malignant	malignant_state_to_malignant_state	malignant_state	malignant_state
Malignant_hypoxia_stress_malignant	Malignant_AC_like_reactive_malignant	VEGFA	ITGAV	1.3371627	1.3987913	0.7704286069139897	1.5697241230555408	0.08540906	0.86208624	0.0204463105632298	magnitude_rank	0.0204463105632298	VEGFA→ITGAV	malignant_or_cycling	malignant_or_cycling	malignant_or_cycling_to_malignant_or_cycling	primary_rank<=0.05	Malignant_hypoxia_stress_malignant	Malignant_AC_like_reactive_malignant	Malignant_hypoxia_stress_malignant	Malignant_AC_like_reactive_malignant	malignant_state_to_malignant_state	malignant_state	malignant_state
Malignant_cycling_candidate	Malignant_hypoxia_stress_malignant	BCAN	NRCAM	1.336301	1.3865867	0.1265865931558255	0.0853983756614441	0.03904074	0.86156446	0.0205510616053283	magnitude_rank	0.0205510616053283	BCAN→NRCAM	malignant_or_cycling	malignant_or_cycling	malignant_or_cycling_to_malignant_or_cycling	primary_rank<=0.05	Malignant_cycling_candidate	Malignant_hypoxia_stress_malignant	Malignant_cycling_candidate	Malignant_hypoxia_stress_malignant	malignant_state_to_malignant_state	malignant_state	malignant_state
Malignant_hypoxia_stress_malignant	Malignant_cycling_candidate	PTN	SDC3	1.3314657	1.3215711	-0.2106164465197646	-0.5257241743020001	0.02171125	0.8586756	0.0211495346848202	magnitude_rank	0.0211495346848202	PTN→SDC3	malignant_or_cycling	malignant_or_cycling	malignant_or_cycling_to_malignant_or_cycling	primary_rank<=0.05	Malignant_hypoxia_stress_malignant	Malignant_cycling_candidate	Malignant_hypoxia_stress_malignant	Malignant_cycling_candidate	malignant_state_to_malignant_state	malignant_state	malignant_state
Malignant_OPC_NPC_like_malignant	Malignant_hypoxia_stress_malignant	PTN	SDC3	1.7713077	1.0573137	0.0295103022575727	-0.0176353468604705	0.017369935	0.8445905	0.0213271315731045	magnitude_rank	0.0213271315731045	PTN→SDC3	malignant_or_cycling	malignant_or_cycling	malignant_or_cycling_to_malignant_or_cycling	primary_rank<=0.05	Malignant_OPC_NPC_like_malignant	Malignant_hypoxia_stress_malignant	Malignant_OPC_NPC_like_malignant	Malignant_hypoxia_stress_malignant	malignant_state_to_malignant_state	malignant_state	malignant_state
Malignant_cycling_candidate	Malignant_cycling_candidate	BMP1	BMPR1A	0.09123957	0.0083003435	0.0054775650878681	-0.0190362603017021	0.013201315	0.32501775	0.0218821194249365	magnitude_rank	0.0218821194249365	BMP1→BMPR1A	malignant_or_cycling	malignant_or_cycling	malignant_or_cycling_to_malignant_or_cycling	primary_rank<=0.05	Malignant_cycling_candidate	Malignant_cycling_candidate	Malignant_cycling_candidate	Malignant_cycling_candidate	malignant_state_to_malignant_state	malignant_state	malignant_state
Malignant_NPC_neuronal_like_malignant	Malignant_cycling_candidate	MDK	NCL	1.3244708	1.687233	0.1564749339471753	0.2669500258737842	0.023059135	0.8728579	0.0219363183964511	magnitude_rank	0.0219363183964511	MDK→NCL	malignant_or_cycling	malignant_or_cycling	malignant_or_cycling_to_malignant_or_cycling	primary_rank<=0.05	Malignant_NPC_neuronal_like_malignant	Malignant_cycling_candidate	Malignant_NPC_neuronal_like_malignant	Malignant_cycling_candidate	malignant_state_to_malignant_state	malignant_state	malignant_state
Malignant_cycling_candidate	Malignant_cycling_candidate	TNC	PTPRZ1	1.5287355	1.0405161	0.1421027529778901	-0.0021291022842929	0.035892673	0.8435366	0.0220808582976257	magnitude_rank	0.0220808582976257	TNC→PTPRZ1	malignant_or_cycling	malignant_or_cycling	malignant_or_cycling_to_malignant_or_cycling	primary_rank<=0.05	Malignant_cycling_candidate	Malignant_cycling_candidate	Malignant_cycling_candidate	Malignant_cycling_candidate	malignant_state_to_malignant_state	malignant_state	malignant_state
Malignant_OPC_NPC_like_malignant	Malignant_cycling_candidate	CNTN1	PTPRZ1	1.5286624	1.0401264	0.2824042170655019	0.369946260232352	0.06698941	0.8435119	0.0221170631335959	magnitude_rank	0.0221170631335959	CNTN1→PTPRZ1	malignant_or_cycling	malignant_or_cycling	malignant_or_cycling_to_malignant_or_cycling	primary_rank<=0.05	Malignant_OPC_NPC_like_malignant	Malignant_cycling_candidate	Malignant_OPC_NPC_like_malignant	Malignant_cycling_candidate	malignant_state_to_malignant_state	malignant_state	malignant_state
Malignant_NPC_neuronal_like_malignant	Malignant_NPC_neuronal_like_malignant	CALM1	PTPRA	1.3911792	1.0395164	-0.028417000866789	0.0662707084730148	0.011186447	0.84347314	0.0221532997615922	magnitude_rank	0.0221532997615922	CALM1→PTPRA	malignant_or_cycling	malignant_or_cycling	malignant_or_cycling_to_malignant_or_cycling	primary_rank<=0.05	Malignant_NPC_neuronal_like_malignant	Malignant_NPC_neuronal_like_malignant	Malignant_NPC_neuronal_like_malignant	Malignant_NPC_neuronal_like_malignant	malignant_state_to_malignant_state	malignant_state	malignant_state
Malignant_AC_like_reactive_malignant	Malignant_OPC_NPC_like_malignant	PTN	PTPRS	1.6318848	1.0373343	0.0780351520186636	0.1755501895910363	0.022322439	0.8433344	0.0223713099505371	magnitude_rank	0.0223713099505371	PTN→PTPRS	malignant_or_cycling	malignant_or_cycling	malignant_or_cycling_to_malignant_or_cycling	primary_rank<=0.05	Malignant_AC_like_reactive_malignant	Malignant_OPC_NPC_like_malignant	Malignant_AC_like_reactive_malignant	Malignant_OPC_NPC_like_malignant	malignant_state_to_malignant_state	malignant_state	malignant_state
Malignant_cycling_candidate	Malignant_NPC_neuronal_like_malignant	HLA-A	APLP2	1.3207157	1.2333813	-0.2428516327659967	-0.3413157273436905	0.008939645	0.8544331	0.0224077433504568	magnitude_rank	0.0224077433504568	HLA-A→APLP2	malignant_or_cycling	malignant_or_cycling	malignant_or_cycling_to_malignant_or_cycling	primary_rank<=0.05	Malignant_cycling_candidate	Malignant_NPC_neuronal_like_malignant	Malignant_cycling_candidate	Malignant_NPC_neuronal_like_malignant	malignant_state_to_malignant_state	malignant_state	malignant_state
Malignant_OPC_NPC_like_malignant	Malignant_hypoxia_stress_malignant	MDK	PTPRZ1	1.3154476	1.723635	-0.1872128017610314	-0.5264437648391567	0.021458056	0.8740376	0.0232165312593357	magnitude_rank	0.0232165312593357	MDK→PTPRZ1	malignant_or_cycling	malignant_or_cycling	malignant_or_cycling_to_malignant_or_cycling	primary_rank<=0.05	Malignant_OPC_NPC_like_malignant	Malignant_hypoxia_stress_malignant	Malignant_OPC_NPC_like_malignant	Malignant_hypoxia_stress_malignant	malignant_state_to_malignant_state	malignant_state	malignant_state
Malignant_cycling_candidate	Malignant_cycling_candidate	YBX1	NOTCH1	1.5412918	1.0253431	0.406268778379114	0.553463713679714	0.03365819	0.84256476	0.0232165312593357	magnitude_rank	0.0232165312593357	YBX1→NOTCH1	malignant_or_cycling	malignant_or_cycling	malignant_or_cycling_to_malignant_or_cycling	primary_rank<=0.05	Malignant_cycling_candidate	Malignant_cycling_candidate	Malignant_cycling_candidate	Malignant_cycling_candidate	malignant_state_to_malignant_state	malignant_state	malignant_state
Malignant_hypoxia_stress_malignant	Malignant_cycling_candidate	MDK	NCL	1.309521	1.6398933	0.1418094330447644	0.2257109576021525	0.022412151	0.8712704	0.0240768327484009	magnitude_rank	0.0240768327484009	MDK→NCL	malignant_or_cycling	malignant_or_cycling	malignant_or_cycling_to_malignant_or_cycling	primary_rank<=0.05	Malignant_hypoxia_stress_malignant	Malignant_cycling_candidate	Malignant_hypoxia_stress_malignant	Malignant_cycling_candidate	malignant_state_to_malignant_state	malignant_state	malignant_state
Malignant_hypoxia_stress_malignant	Malignant_cycling_candidate	GSTP1	EGFR	1.3082631	1.7068096	-0.0578738847584745	-0.0688906911959545	0.02328855	0.87349665	0.0242658453780496	magnitude_rank	0.0242658453780496	GSTP1→EGFR	malignant_or_cycling	malignant_or_cycling	malignant_or_cycling_to_malignant_or_cycling	primary_rank<=0.05	Malignant_hypoxia_stress_malignant	Malignant_cycling_candidate	Malignant_hypoxia_stress_malignant	Malignant_cycling_candidate	malignant_state_to_malignant_state	malignant_state	malignant_state
Malignant_OPC_NPC_like_malignant	Malignant_OPC_NPC_like_malignant	MDK	NCL	1.3069139	1.702588	0.1300648363862119	0.2438970855621549	0.023268988	0.8733598	0.0243416501007009	magnitude_rank	0.0243416501007009	MDK→NCL	malignant_or_cycling	malignant_or_cycling	malignant_or_cycling_to_malignant_or_cycling	primary_rank<=0.05	Malignant_OPC_NPC_like_malignant	Malignant_OPC_NPC_like_malignant	Malignant_OPC_NPC_like_malignant	Malignant_OPC_NPC_like_malignant	malignant_state_to_malignant_state	malignant_state	malignant_state
Malignant_NPC_neuronal_like_malignant	Malignant_cycling_candidate	COL9A2	SDC1	0.09230853	0.00840544	0.0570838666250968	0.0226448366319921	0.015963372	0.3263994	0.0245158440974556	magnitude_rank	0.0245158440974556	COL9A2→SDC1	malignant_or_cycling	malignant_or_cycling	malignant_or_cycling_to_malignant_or_cycling	primary_rank<=0.05	Malignant_NPC_neuronal_like_malignant	Malignant_cycling_candidate	Malignant_NPC_neuronal_like_malignant	Malignant_cycling_candidate	malignant_state_to_malignant_state	malignant_state	malignant_state
Malignant_cycling_candidate	Malignant_cycling_candidate	CALM3	EGFR	1.3025548	1.6926602	0.3354169065178398	0.5899477840361473	0.041609176	0.873036	0.0249138059985007	magnitude_rank	0.0249138059985007	CALM3→EGFR	malignant_or_cycling	malignant_or_cycling	malignant_or_cycling_to_malignant_or_cycling	primary_rank<=0.05	Malignant_cycling_candidate	Malignant_cycling_candidate	Malignant_cycling_candidate	Malignant_cycling_candidate	malignant_state_to_malignant_state	malignant_state	malignant_state
Malignant_hypoxia_stress_malignant	Malignant_AC_like_reactive_malignant	ADM	RAMP1	1.3024628	1.6425393	0.8074565324372833	1.4779163853934651	0.111484006	0.8713608	0.0249905763451436	magnitude_rank	0.0249905763451436	ADM→RAMP1	malignant_or_cycling	malignant_or_cycling	malignant_or_cycling_to_malignant_or_cycling	primary_rank<=0.05	Malignant_hypoxia_stress_malignant	Malignant_AC_like_reactive_malignant	Malignant_hypoxia_stress_malignant	Malignant_AC_like_reactive_malignant	malignant_state_to_malignant_state	malignant_state	malignant_state
Malignant_cycling_candidate	Malignant_AC_like_reactive_malignant	PTN	PTPRS	1.7898558	1.0020844	0.1769930339157056	0.1631165770256069	0.021563893	0.841037	0.0250674601933855	magnitude_rank	0.0250674601933855	PTN→PTPRS	malignant_or_cycling	malignant_or_cycling	malignant_or_cycling_to_malignant_or_cycling	primary_rank<=0.05	Malignant_cycling_candidate	Malignant_AC_like_reactive_malignant	Malignant_cycling_candidate	Malignant_AC_like_reactive_malignant	malignant_state_to_malignant_state	malignant_state	malignant_state
Malignant_AC_like_reactive_malignant	Malignant_NPC_neuronal_like_malignant	BCAN	NRCAM	1.3006686	1.1681055	0.0741439797314205	0.2210447877402951	0.03288918	0.8510188	0.0251444575218538	magnitude_rank	0.0251444575218538	BCAN→NRCAM	malignant_or_cycling	malignant_or_cycling	malignant_or_cycling_to_malignant_or_cycling	primary_rank<=0.05	Malignant_AC_like_reactive_malignant	Malignant_NPC_neuronal_like_malignant	Malignant_AC_like_reactive_malignant	Malignant_NPC_neuronal_like_malignant	malignant_state_to_malignant_state	malignant_state	malignant_state
Malignant_hypoxia_stress_malignant	Malignant_OPC_NPC_like_malignant	GSTP1	EGFR	1.3004248	1.6852208	-0.0637930991739111	0.1329608437307385	0.022993984	0.8727917	0.025182997025554	magnitude_rank	0.025182997025554	GSTP1→EGFR	malignant_or_cycling	malignant_or_cycling	malignant_or_cycling_to_malignant_or_cycling	primary_rank<=0.05	Malignant_hypoxia_stress_malignant	Malignant_OPC_NPC_like_malignant	Malignant_hypoxia_stress_malignant	Malignant_OPC_NPC_like_malignant	malignant_state_to_malignant_state	malignant_state	malignant_state
Malignant_OPC_NPC_like_malignant	Malignant_NPC_neuronal_like_malignant	BCAN	EGFR	1.3463334	0.996839	0.0503054842644862	-0.2109549456937907	0.022453772	0.8406858	0.0254535777750645	magnitude_rank	0.0254535777750645	BCAN→EGFR	malignant_or_cycling	malignant_or_cycling	malignant_or_cycling_to_malignant_or_cycling	primary_rank<=0.05	Malignant_OPC_NPC_like_malignant	Malignant_NPC_neuronal_like_malignant	Malignant_OPC_NPC_like_malignant	Malignant_NPC_neuronal_like_malignant	malignant_state_to_malignant_state	malignant_state	malignant_state
Malignant_OPC_NPC_like_malignant	Malignant_hypoxia_stress_malignant	GSTP1	EGFR	1.2970481	1.4226503	-0.006687722382375	-0.2673989741549636	0.019411342	0.8630886	0.0256088199350281	magnitude_rank	0.0256088199350281	GSTP1→EGFR	malignant_or_cycling	malignant_or_cycling	malignant_or_cycling_to_malignant_or_cycling	primary_rank<=0.05	Malignant_OPC_NPC_like_malignant	Malignant_hypoxia_stress_malignant	Malignant_OPC_NPC_like_malignant	Malignant_hypoxia_stress_malignant	malignant_state_to_malignant_state	malignant_state	malignant_state
Malignant_cycling_candidate	Malignant_OPC_NPC_like_malignant	CALM3	EGFR	1.2947166	1.6712505	0.3294976921024032	0.7917993189628405	0.041082878	0.8723289	0.025842533101184	magnitude_rank	0.025842533101184	CALM3→EGFR	malignant_or_cycling	malignant_or_cycling	malignant_or_cycling_to_malignant_or_cycling	primary_rank<=0.05	Malignant_cycling_candidate	Malignant_OPC_NPC_like_malignant	Malignant_cycling_candidate	Malignant_OPC_NPC_like_malignant	malignant_state_to_malignant_state	malignant_state	malignant_state
Malignant_cycling_candidate	Malignant_OPC_NPC_like_malignant	BMP1	BMPR1A	0.0923508	0.00849216	0.0090464375797186	-0.0016449604331627	0.013506391	0.32752877	0.026020134905417	magnitude_rank	0.026020134905417	BMP1→BMPR1A	malignant_or_cycling	malignant_or_cycling	malignant_or_cycling_to_malignant_or_cycling	primary_rank<=0.05	Malignant_cycling_candidate	Malignant_OPC_NPC_like_malignant	Malignant_cycling_candidate	Malignant_OPC_NPC_like_malignant	malignant_state_to_malignant_state	malignant_state	malignant_state
Malignant_AC_like_reactive_malignant	Malignant_AC_like_reactive_malignant	MIF	EGFR	1.2927957	1.6033498	-0.12235800216169	-0.2924816493542397	0.018379588	0.87000126	0.0261164850885531	magnitude_rank	0.0261164850885531	MIF→EGFR	malignant_or_cycling	malignant_or_cycling	malignant_or_cycling_to_malignant_or_cycling	primary_rank<=0.05	Malignant_AC_like_reactive_malignant	Malignant_AC_like_reactive_malignant	Malignant_AC_like_reactive_malignant	Malignant_AC_like_reactive_malignant	malignant_state_to_malignant_state	malignant_state	malignant_state
Malignant_NPC_neuronal_like_malignant	Malignant_hypoxia_stress_malignant	NCAM1	PTPRZ1	1.2911859	1.6558135	-0.0897163775130268	-0.3628400157300649	0.024232762	0.8718112	0.0262736526831848	magnitude_rank	0.0262736526831848	NCAM1→PTPRZ1	malignant_or_cycling	malignant_or_cycling	malignant_or_cycling_to_malignant_or_cycling	primary_rank<=0.05	Malignant_NPC_neuronal_like_malignant	Malignant_hypoxia_stress_malignant	Malignant_NPC_neuronal_like_malignant	Malignant_hypoxia_stress_malignant	malignant_state_to_malignant_state	malignant_state	malignant_state
Malignant_NPC_neuronal_like_malignant	Malignant_AC_like_reactive_malignant	MIF	EGFR	1.2901294	1.597846	-0.1247185080123008	-0.2594843089276522	0.018316496	0.8698067	0.0264312728736248	magnitude_rank	0.0264312728736248	MIF→EGFR	malignant_or_cycling	malignant_or_cycling	malignant_or_cycling_to_malignant_or_cycling	primary_rank<=0.05	Malignant_NPC_neuronal_like_malignant	Malignant_AC_like_reactive_malignant	Malignant_NPC_neuronal_like_malignant	Malignant_AC_like_reactive_malignant	malignant_state_to_malignant_state	malignant_state	malignant_state
Malignant_NPC_neuronal_like_malignant	Malignant_NPC_neuronal_like_malignant	PTN	PTPRS	1.2889259	1.4846537	0.00209283897027	-0.041111775049381	0.031948324	0.8655896	0.0265893454888922	magnitude_rank	0.0265893454888922	PTN→PTPRS	malignant_or_cycling	malignant_or_cycling	malignant_or_cycling_to_malignant_or_cycling	primary_rank<=0.05	Malignant_NPC_neuronal_like_malignant	Malignant_NPC_neuronal_like_malignant	Malignant_NPC_neuronal_like_malignant	Malignant_NPC_neuronal_like_malignant	malignant_state_to_malignant_state	malignant_state	malignant_state
Malignant_OPC_NPC_like_malignant	Malignant_AC_like_reactive_malignant	PTN	PTPRS	1.759857	0.98371845	0.1548555565425735	0.2031594783635642	0.021168679	0.83979654	0.026628932558679	magnitude_rank	0.026628932558679	PTN→PTPRS	malignant_or_cycling	malignant_or_cycling	malignant_or_cycling_to_malignant_or_cycling	primary_rank<=0.05	Malignant_OPC_NPC_like_malignant	Malignant_AC_like_reactive_malignant	Malignant_OPC_NPC_like_malignant	Malignant_AC_like_reactive_malignant	malignant_state_to_malignant_state	malignant_state	malignant_state
Malignant_hypoxia_stress_malignant	Malignant_AC_like_reactive_malignant	VEGFA	GPC1	1.2878648	1.2054417	0.775366972682057	1.6006482099250356	0.10605072	0.85300237	0.0268272988110542	magnitude_rank	0.0268272988110542	VEGFA→GPC1	malignant_or_cycling	malignant_or_cycling	malignant_or_cycling_to_malignant_or_cycling	primary_rank<=0.05	Malignant_hypoxia_stress_malignant	Malignant_AC_like_reactive_malignant	Malignant_hypoxia_stress_malignant	Malignant_AC_like_reactive_malignant	malignant_state_to_malignant_state	malignant_state	malignant_state
Malignant_cycling_candidate	Malignant_NPC_neuronal_like_malignant	CALM1	PTPRA	1.3234897	0.97931623	-0.0903949815689486	-0.1269365220293871	0.010538621	0.8394946	0.0269068437817074	magnitude_rank	0.0269068437817074	CALM1→PTPRA	malignant_or_cycling	malignant_or_cycling	malignant_or_cycling_to_malignant_or_cycling	primary_rank<=0.05	Malignant_cycling_candidate	Malignant_NPC_neuronal_like_malignant	Malignant_cycling_candidate	Malignant_NPC_neuronal_like_malignant	malignant_state_to_malignant_state	malignant_state	malignant_state
Malignant_cycling_candidate	Malignant_cycling_candidate	EFNB1	EPHB1	0.09231193	0.008517555	0.0068955666850688	-0.0410408049119728	0.019220555	0.32785767	0.0271480176231952	magnitude_rank	0.0271480176231952	EFNB1→EPHB1	malignant_or_cycling	malignant_or_cycling	malignant_or_cycling_to_malignant_or_cycling	primary_rank<=0.05	Malignant_cycling_candidate	Malignant_cycling_candidate	Malignant_cycling_candidate	Malignant_cycling_candidate	malignant_state_to_malignant_state	malignant_state	malignant_state
Malignant_OPC_NPC_like_malignant	Malignant_hypoxia_stress_malignant	MIF	EGFR	1.2830367	1.4005835	-0.1150630176179506	-0.5221450614055538	0.016055228	0.86216235	0.0272661957188841	magnitude_rank	0.0272661957188841	MIF→EGFR	malignant_or_cycling	malignant_or_cycling	malignant_or_cycling_to_malignant_or_cycling	primary_rank<=0.05	Malignant_OPC_NPC_like_malignant	Malignant_hypoxia_stress_malignant	Malignant_OPC_NPC_like_malignant	Malignant_hypoxia_stress_malignant	malignant_state_to_malignant_state	malignant_state	malignant_state
Malignant_OPC_NPC_like_malignant	Malignant_NPC_neuronal_like_malignant	CALM1	PTPRA	1.3150433	0.97180444	-0.0981321645354049	-0.0494341971139121	0.010457785	0.83897513	0.0274668207626288	magnitude_rank	0.0274668207626288	CALM1→PTPRA	malignant_or_cycling	malignant_or_cycling	malignant_or_cycling_to_malignant_or_cycling	primary_rank<=0.05	Malignant_OPC_NPC_like_malignant	Malignant_NPC_neuronal_like_malignant	Malignant_OPC_NPC_like_malignant	Malignant_NPC_neuronal_like_malignant	malignant_state_to_malignant_state	malignant_state	malignant_state
Malignant_cycling_candidate	Malignant_OPC_NPC_like_malignant	PLAU	IGF2R	0.09243657	0.008543414	-0.0325059684240802	-0.0672773364106408	0.0069413097	0.3281918	0.0278997816810763	magnitude_rank	0.0278997816810763	PLAU→IGF2R	malignant_or_cycling	malignant_or_cycling	malignant_or_cycling_to_malignant_or_cycling	primary_rank<=0.05	Malignant_cycling_candidate	Malignant_OPC_NPC_like_malignant	Malignant_cycling_candidate	Malignant_OPC_NPC_like_malignant	malignant_state_to_malignant_state	malignant_state	malignant_state
Malignant_AC_like_reactive_malignant	Malignant_AC_like_reactive_malignant	PKM	CD44	1.276417	1.5521613	0.4318637585789622	0.7130502518347969	0.0383323	0.8681554	0.0283579481583416	magnitude_rank	0.0283579481583416	PKM→CD44	malignant_or_cycling	malignant_or_cycling	malignant_or_cycling_to_malignant_or_cycling	primary_rank<=0.05	Malignant_AC_like_reactive_malignant	Malignant_AC_like_reactive_malignant	Malignant_AC_like_reactive_malignant	Malignant_AC_like_reactive_malignant	malignant_state_to_malignant_state	malignant_state	malignant_state
Malignant_AC_like_reactive_malignant	Malignant_hypoxia_stress_malignant	PTN	SDC3	1.6179657	0.956411	-0.083572999721806	-0.1725377717724231	0.015712269	0.83789366	0.0286033495298844	magnitude_rank	0.0286033495298844	PTN→SDC3	malignant_or_cycling	malignant_or_cycling	malignant_or_cycling_to_malignant_or_cycling	primary_rank<=0.05	Malignant_AC_like_reactive_malignant	Malignant_hypoxia_stress_malignant	Malignant_AC_like_reactive_malignant	Malignant_hypoxia_stress_malignant	malignant_state_to_malignant_state	malignant_state	malignant_state
Malignant_OPC_NPC_like_malignant	Malignant_AC_like_reactive_malignant	TNC	PTPRZ1	1.3681198	0.9536254	0.0394783252222041	-0.0280259155387069	0.032895375	0.8376955	0.0288086225123695	magnitude_rank	0.0288086225123695	TNC→PTPRZ1	malignant_or_cycling	malignant_or_cycling	malignant_or_cycling_to_malignant_or_cycling	primary_rank<=0.05	Malignant_OPC_NPC_like_malignant	Malignant_AC_like_reactive_malignant	Malignant_OPC_NPC_like_malignant	Malignant_AC_like_reactive_malignant	malignant_state_to_malignant_state	malignant_state	malignant_state
Malignant_cycling_candidate	Malignant_NPC_neuronal_like_malignant	BCAN	NRCAM	1.2725494	1.1356535	0.0537053397026716	0.0497281474630456	0.031975467	0.8492239	0.0288497600155693	magnitude_rank	0.0288497600155693	BCAN→NRCAM	malignant_or_cycling	malignant_or_cycling	malignant_or_cycling_to_malignant_or_cycling	primary_rank<=0.05	Malignant_cycling_candidate	Malignant_NPC_neuronal_like_malignant	Malignant_cycling_candidate	Malignant_NPC_neuronal_like_malignant	malignant_state_to_malignant_state	malignant_state	malignant_state
Malignant_AC_like_reactive_malignant	Malignant_hypoxia_stress_malignant	CALM1	PTPRA	1.26927	1.0198945	-0.1292743823610559	-0.2504184343273741	0.01097529	0.84221107	0.0291385242363242	magnitude_rank	0.0291385242363242	CALM1→PTPRA	malignant_or_cycling	malignant_or_cycling	malignant_or_cycling_to_malignant_or_cycling	primary_rank<=0.05	Malignant_AC_like_reactive_malignant	Malignant_hypoxia_stress_malignant	Malignant_AC_like_reactive_malignant	Malignant_hypoxia_stress_malignant	malignant_state_to_malignant_state	malignant_state	malignant_state
Malignant_NPC_neuronal_like_malignant	Malignant_AC_like_reactive_malignant	PTN	SDC3	1.2678556	1.4126248	-0.2150516509529245	-0.3119796397748938	0.023207117	0.86267024	0.0295118112267053	magnitude_rank	0.0295118112267053	PTN→SDC3	malignant_or_cycling	malignant_or_cycling	malignant_or_cycling_to_malignant_or_cycling	primary_rank<=0.05	Malignant_NPC_neuronal_like_malignant	Malignant_AC_like_reactive_malignant	Malignant_NPC_neuronal_like_malignant	Malignant_AC_like_reactive_malignant	malignant_state_to_malignant_state	malignant_state	malignant_state
Malignant_cycling_candidate	Malignant_hypoxia_stress_malignant	PTN	PTPRS	1.7813649	0.9464927	0.1648567131787022	0.1373875812260592	0.020367613	0.8371845	0.0295534263205366	magnitude_rank	0.0295534263205366	PTN→PTPRS	malignant_or_cycling	malignant_or_cycling	malignant_or_cycling_to_malignant_or_cycling	primary_rank<=0.05	Malignant_cycling_candidate	Malignant_hypoxia_stress_malignant	Malignant_cycling_candidate	Malignant_hypoxia_stress_malignant	malignant_state_to_malignant_state	malignant_state	malignant_state
Malignant_AC_like_reactive_malignant	Malignant_AC_like_reactive_malignant	CALM1	AQP1	1.2668315	1.0099549	0.4320866600127347	0.8645358592096759	0.058756366	0.84155923	0.0296784473974404	magnitude_rank	0.0296784473974404	CALM1→AQP1	malignant_or_cycling	malignant_or_cycling	malignant_or_cycling_to_malignant_or_cycling	primary_rank<=0.05	Malignant_AC_like_reactive_malignant	Malignant_AC_like_reactive_malignant	Malignant_AC_like_reactive_malignant	Malignant_AC_like_reactive_malignant	malignant_state_to_malignant_state	malignant_state	malignant_state
Malignant_NPC_neuronal_like_malignant	Malignant_cycling_candidate	GSTP1	EGFR	1.2644689	1.5982531	-0.1031275326838652	0.005036317465958	0.021807352	0.86982113	0.0299711391544787	magnitude_rank	0.0299711391544787	GSTP1→EGFR	malignant_or_cycling	malignant_or_cycling	malignant_or_cycling_to_malignant_or_cycling	primary_rank<=0.05	Malignant_NPC_neuronal_like_malignant	Malignant_cycling_candidate	Malignant_NPC_neuronal_like_malignant	Malignant_cycling_candidate	malignant_state_to_malignant_state	malignant_state	malignant_state
Malignant_cycling_candidate	Malignant_AC_like_reactive_malignant	PKM	CD44	1.263576	1.5265105	0.4190586674910205	0.5775315192332305	0.03769882	0.86719877	0.0301810455292064	magnitude_rank	0.0301810455292064	PKM→CD44	malignant_or_cycling	malignant_or_cycling	malignant_or_cycling_to_malignant_or_cycling	primary_rank<=0.05	Malignant_cycling_candidate	Malignant_AC_like_reactive_malignant	Malignant_cycling_candidate	Malignant_AC_like_reactive_malignant	malignant_state_to_malignant_state	malignant_state	malignant_state
Malignant_hypoxia_stress_malignant	Malignant_hypoxia_stress_malignant	VEGFA	ITGB1	1.263462	1.1097322	0.6259854042012073	1.2820405057833848	0.034421224	0.8477397	0.0302231131438355	magnitude_rank	0.0302231131438355	VEGFA→ITGB1	malignant_or_cycling	malignant_or_cycling	malignant_or_cycling_to_malignant_or_cycling	primary_rank<=0.05	Malignant_hypoxia_stress_malignant	Malignant_hypoxia_stress_malignant	Malignant_hypoxia_stress_malignant	Malignant_hypoxia_stress_malignant	malignant_state_to_malignant_state	malignant_state	malignant_state
Malignant_AC_like_reactive_malignant	Malignant_AC_like_reactive_malignant	GSTP1	EGFR	1.263078	1.5420073	-0.0757666461601375	-0.1461668599413998	0.021039907	0.8677793	0.0303494766849913	magnitude_rank	0.0303494766849913	GSTP1→EGFR	malignant_or_cycling	malignant_or_cycling	malignant_or_cycling_to_malignant_or_cycling	primary_rank<=0.05	Malignant_AC_like_reactive_malignant	Malignant_AC_like_reactive_malignant	Malignant_AC_like_reactive_malignant	Malignant_AC_like_reactive_malignant	malignant_state_to_malignant_state	malignant_state	malignant_state
Malignant_OPC_NPC_like_malignant	Malignant_hypoxia_stress_malignant	PTN	PTPRS	1.7513661	0.92914563	0.1427192358055701	0.1774304825640165	0.019994322	0.83591986	0.0308149716232784	magnitude_rank	0.0308149716232784	PTN→PTPRS	malignant_or_cycling	malignant_or_cycling	malignant_or_cycling_to_malignant_or_cycling	primary_rank<=0.05	Malignant_OPC_NPC_like_malignant	Malignant_hypoxia_stress_malignant	Malignant_OPC_NPC_like_malignant	Malignant_hypoxia_stress_malignant	malignant_state_to_malignant_state	malignant_state	malignant_state
Malignant_cycling_candidate	Malignant_hypoxia_stress_malignant	MIF	EGFR	1.2580293	1.3611991	-0.1372159311717335	-0.5281452833288682	0.015603756	0.8604588	0.0310703067251156	magnitude_rank	0.0310703067251156	MIF→EGFR	malignant_or_cycling	malignant_or_cycling	malignant_or_cycling_to_malignant_or_cycling	primary_rank<=0.05	Malignant_cycling_candidate	Malignant_hypoxia_stress_malignant	Malignant_cycling_candidate	Malignant_hypoxia_stress_malignant	malignant_state_to_malignant_state	malignant_state	malignant_state
Malignant_hypoxia_stress_malignant	Malignant_OPC_NPC_like_malignant	VEGFA	ITGAV	1.257171	1.0850589	0.6570998723827142	1.3754593542456752	0.06625281	0.8462829	0.031198350076373	magnitude_rank	0.031198350076373	VEGFA→ITGAV	malignant_or_cycling	malignant_or_cycling	malignant_or_cycling_to_malignant_or_cycling	primary_rank<=0.05	Malignant_hypoxia_stress_malignant	Malignant_OPC_NPC_like_malignant	Malignant_hypoxia_stress_malignant	Malignant_OPC_NPC_like_malignant	malignant_state_to_malignant_state	malignant_state	malignant_state
Malignant_NPC_neuronal_like_malignant	Malignant_OPC_NPC_like_malignant	GSTP1	EGFR	1.2566307	1.5780375	-0.1090467470993018	0.2068878523926511	0.02153152	0.8690988	0.0312838534082314	magnitude_rank	0.0312838534082314	GSTP1→EGFR	malignant_or_cycling	malignant_or_cycling	malignant_or_cycling_to_malignant_or_cycling	primary_rank<=0.05	Malignant_NPC_neuronal_like_malignant	Malignant_OPC_NPC_like_malignant	Malignant_NPC_neuronal_like_malignant	Malignant_OPC_NPC_like_malignant	malignant_state_to_malignant_state	malignant_state	malignant_state
Malignant_cycling_candidate	Malignant_cycling_candidate	LAMA5	ITGA6_ITGB1	0.09370254	0.008780119	-0.0544310984544459	-0.1143634835349698	0.005005639	0.33121163	0.0320322218171845	magnitude_rank	0.0320322218171845	LAMA5→ITGA6_ITGB1	malignant_or_cycling	malignant_or_cycling	malignant_or_cycling_to_malignant_or_cycling	primary_rank<=0.05	Malignant_cycling_candidate	Malignant_cycling_candidate	Malignant_cycling_candidate	Malignant_cycling_candidate	malignant_state_to_malignant_state	malignant_state	malignant_state
Malignant_cycling_candidate	Malignant_AC_like_reactive_malignant	MDK	NCL	1.2484448	1.5402051	0.06055715906162	0.0497461197142499	0.021049729	0.8677122	0.0323620731576232	magnitude_rank	0.0323620731576232	MDK→NCL	malignant_or_cycling	malignant_or_cycling	malignant_or_cycling_to_malignant_or_cycling	primary_rank<=0.05	Malignant_cycling_candidate	Malignant_AC_like_reactive_malignant	Malignant_cycling_candidate	Malignant_AC_like_reactive_malignant	malignant_state_to_malignant_state	malignant_state	malignant_state
Malignant_cycling_candidate	Malignant_hypoxia_stress_malignant	LGALS1	ITGB1	1.2439795	1.0876821	0.0457905579674877	0.0475268627737939	0.009476624	0.8464399	0.0327545010529374	magnitude_rank	0.0327545010529374	LGALS1→ITGB1	malignant_or_cycling	malignant_or_cycling	malignant_or_cycling_to_malignant_or_cycling	primary_rank<=0.05	Malignant_cycling_candidate	Malignant_hypoxia_stress_malignant	Malignant_cycling_candidate	Malignant_hypoxia_stress_malignant	malignant_state_to_malignant_state	malignant_state	malignant_state
Malignant_cycling_candidate	Malignant_AC_like_reactive_malignant	TNC	PTPRZ1	1.3581989	0.9074672	0.0258904254900703	-0.0932024144817983	0.03130314	0.83429444	0.0327982418150475	magnitude_rank	0.0327982418150475	TNC→PTPRZ1	malignant_or_cycling	malignant_or_cycling	malignant_or_cycling_to_malignant_or_cycling	primary_rank<=0.05	Malignant_cycling_candidate	Malignant_AC_like_reactive_malignant	Malignant_cycling_candidate	Malignant_AC_like_reactive_malignant	malignant_state_to_malignant_state	malignant_state	malignant_state
Malignant_OPC_NPC_like_malignant	Malignant_AC_like_reactive_malignant	CNTN1	PTPRZ1	1.3581259	0.9071274	0.166191889577682	0.2788729480348466	0.058423594	0.8342685	0.0328420143239216	magnitude_rank	0.0328420143239216	CNTN1→PTPRZ1	malignant_or_cycling	malignant_or_cycling	malignant_or_cycling_to_malignant_or_cycling	primary_rank<=0.05	Malignant_OPC_NPC_like_malignant	Malignant_AC_like_reactive_malignant	Malignant_OPC_NPC_like_malignant	Malignant_AC_like_reactive_malignant	malignant_state_to_malignant_state	malignant_state	malignant_state
Malignant_cycling_candidate	Malignant_AC_like_reactive_malignant	COL11A1	ITGA2_ITGB1	0.09398185	0.008832094	0.0311452796660579	0.0035693242055891	0.011045409	0.33186567	0.0331585838691319	magnitude_rank	0.0331585838691319	COL11A1→ITGA2_ITGB1	malignant_or_cycling	malignant_or_cycling	malignant_or_cycling_to_malignant_or_cycling	primary_rank<=0.05	Malignant_cycling_candidate	Malignant_AC_like_reactive_malignant	Malignant_cycling_candidate	Malignant_AC_like_reactive_malignant	malignant_state_to_malignant_state	malignant_state	malignant_state
Malignant_AC_like_reactive_malignant	Malignant_NPC_neuronal_like_malignant	CALM1	PTPRA	1.2414063	0.90631485	-0.165547651000422	-0.2380538217885194	0.009753037	0.8342065	0.0333694299616521	magnitude_rank	0.0333694299616521	CALM1→PTPRA	malignant_or_cycling	malignant_or_cycling	malignant_or_cycling_to_malignant_or_cycling	primary_rank<=0.05	Malignant_AC_like_reactive_malignant	Malignant_NPC_neuronal_like_malignant	Malignant_AC_like_reactive_malignant	Malignant_NPC_neuronal_like_malignant	malignant_state_to_malignant_state	malignant_state	malignant_state
Malignant_cycling_candidate	Malignant_hypoxia_stress_malignant	MDK	NCL	1.2368106	1.5079987	0.0480886930955156	-0.002792188212491	0.020609569	0.86649466	0.0341680687715796	magnitude_rank	0.0341680687715796	MDK→NCL	malignant_or_cycling	malignant_or_cycling	malignant_or_cycling_to_malignant_or_cycling	primary_rank<=0.05	Malignant_cycling_candidate	Malignant_hypoxia_stress_malignant	Malignant_cycling_candidate	Malignant_hypoxia_stress_malignant	malignant_state_to_malignant_state	malignant_state	malignant_state
Malignant_AC_like_reactive_malignant	Malignant_NPC_neuronal_like_malignant	BCAN	EGFR	1.2337123	0.8970272	-0.0315635450440777	-0.4549248098660208	0.020205513	0.833493	0.0346156540472134	magnitude_rank	0.0346156540472134	BCAN→EGFR	malignant_or_cycling	malignant_or_cycling	malignant_or_cycling_to_malignant_or_cycling	primary_rank<=0.05	Malignant_AC_like_reactive_malignant	Malignant_NPC_neuronal_like_malignant	Malignant_AC_like_reactive_malignant	Malignant_NPC_neuronal_like_malignant	malignant_state_to_malignant_state	malignant_state	malignant_state
Malignant_NPC_neuronal_like_malignant	Malignant_cycling_candidate	YBX1	NOTCH1	1.3631711	0.8902226	0.2345615422434084	0.3773475204719337	0.029222686	0.83296394	0.034975709827388	magnitude_rank	0.034975709827388	YBX1→NOTCH1	malignant_or_cycling	malignant_or_cycling	malignant_or_cycling_to_malignant_or_cycling	primary_rank<=0.05	Malignant_NPC_neuronal_like_malignant	Malignant_cycling_candidate	Malignant_NPC_neuronal_like_malignant	Malignant_cycling_candidate	malignant_state_to_malignant_state	malignant_state	malignant_state
Malignant_AC_like_reactive_malignant	Malignant_AC_like_reactive_malignant	PTN	PTPRS	1.606515	0.8898392	0.0417722545631948	0.0482570534516116	0.019148486	0.832934	0.0350208486422836	magnitude_rank	0.0350208486422836	PTN→PTPRS	malignant_or_cycling	malignant_or_cycling	malignant_or_cycling_to_malignant_or_cycling	primary_rank<=0.05	Malignant_AC_like_reactive_malignant	Malignant_AC_like_reactive_malignant	Malignant_AC_like_reactive_malignant	Malignant_AC_like_reactive_malignant	malignant_state_to_malignant_state	malignant_state	malignant_state
Malignant_NPC_neuronal_like_malignant	Malignant_hypoxia_stress_malignant	MDK	PTPRZ1	1.2316787	1.489466	-0.269391683105687	-0.6495598017387239	0.018542815	0.8657778	0.0351111934657801	magnitude_rank	0.0351111934657801	MDK→PTPRZ1	malignant_or_cycling	malignant_or_cycling	malignant_or_cycling_to_malignant_or_cycling	primary_rank<=0.05	Malignant_NPC_neuronal_like_malignant	Malignant_hypoxia_stress_malignant	Malignant_NPC_neuronal_like_malignant	Malignant_hypoxia_stress_malignant	malignant_state_to_malignant_state	malignant_state	malignant_state
Malignant_AC_like_reactive_malignant	Malignant_hypoxia_stress_malignant	PKM	CD44	1.2314144	1.412289	0.3748320849005861	0.6878021515642497	0.034878	0.8626562	0.0352016491949649	magnitude_rank	0.0352016491949649	PKM→CD44	malignant_or_cycling	malignant_or_cycling	malignant_or_cycling_to_malignant_or_cycling	primary_rank<=0.05	Malignant_AC_like_reactive_malignant	Malignant_hypoxia_stress_malignant	Malignant_AC_like_reactive_malignant	Malignant_hypoxia_stress_malignant	malignant_state_to_malignant_state	malignant_state	malignant_state
Malignant_cycling_candidate	Malignant_OPC_NPC_like_malignant	YBX1	NOTCH1	1.5155419	0.8861239	0.3564851121764422	0.5287922881720433	0.029088141	0.8326427	0.0353375487289454	magnitude_rank	0.0353375487289454	YBX1→NOTCH1	malignant_or_cycling	malignant_or_cycling	malignant_or_cycling_to_malignant_or_cycling	primary_rank<=0.05	Malignant_cycling_candidate	Malignant_OPC_NPC_like_malignant	Malignant_cycling_candidate	Malignant_OPC_NPC_like_malignant	malignant_state_to_malignant_state	malignant_state	malignant_state
Malignant_cycling_candidate	Malignant_AC_like_reactive_malignant	LAMA5	ITGA2_ITGB1	0.09430194	0.00889271	0.0182926800463911	-0.0038242308769788	0.010776383	0.33262438	0.0354104550572041	magnitude_rank	0.0354104550572041	LAMA5→ITGA2_ITGB1	malignant_or_cycling	malignant_or_cycling	malignant_or_cycling_to_malignant_or_cycling	primary_rank<=0.05	Malignant_cycling_candidate	Malignant_AC_like_reactive_malignant	Malignant_cycling_candidate	Malignant_AC_like_reactive_malignant	malignant_state_to_malignant_state	malignant_state	malignant_state
Malignant_NPC_neuronal_like_malignant	Malignant_OPC_NPC_like_malignant	PTN	SDC3	1.2276446	1.2751632	-0.2652027701517067	-0.4448797045030013	0.020948846	0.8564927	0.0359293174793415	magnitude_rank	0.0359293174793415	PTN→SDC3	malignant_or_cycling	malignant_or_cycling	malignant_or_cycling_to_malignant_or_cycling	primary_rank<=0.05	Malignant_NPC_neuronal_like_malignant	Malignant_OPC_NPC_like_malignant	Malignant_NPC_neuronal_like_malignant	Malignant_OPC_NPC_like_malignant	malignant_state_to_malignant_state	malignant_state	malignant_state
Malignant_hypoxia_stress_malignant	Malignant_cycling_candidate	VEGFA	ITGB1	1.2267747	0.96584225	0.5772903465273905	1.1271267986520088	0.029958105	0.83855903	0.0361123422095676	magnitude_rank	0.0361123422095676	VEGFA→ITGB1	malignant_or_cycling	malignant_or_cycling	malignant_or_cycling_to_malignant_or_cycling	primary_rank<=0.05	Malignant_hypoxia_stress_malignant	Malignant_cycling_candidate	Malignant_hypoxia_stress_malignant	Malignant_cycling_candidate	malignant_state_to_malignant_state	malignant_state	malignant_state
Malignant_hypoxia_stress_malignant	Malignant_cycling_candidate	VEGFA	ITGAV	1.2243786	0.9564446	0.6106400018998861	1.2459700107074183	0.05839973	0.8378961	0.0363417436429974	magnitude_rank	0.0363417436429974	VEGFA→ITGAV	malignant_or_cycling	malignant_or_cycling	malignant_or_cycling_to_malignant_or_cycling	primary_rank<=0.05	Malignant_hypoxia_stress_malignant	Malignant_cycling_candidate	Malignant_hypoxia_stress_malignant	Malignant_cycling_candidate	malignant_state_to_malignant_state	malignant_state	malignant_state
Malignant_hypoxia_stress_malignant	Malignant_OPC_NPC_like_malignant	VEGFA	ITGB1	1.2234719	0.9528888	0.5729056957281379	1.1180533368435328	0.029556321	0.83764297	0.0364797196641111	magnitude_rank	0.0364797196641111	VEGFA→ITGB1	malignant_or_cycling	malignant_or_cycling	malignant_or_cycling_to_malignant_or_cycling	primary_rank<=0.05	Malignant_hypoxia_stress_malignant	Malignant_OPC_NPC_like_malignant	Malignant_hypoxia_stress_malignant	Malignant_OPC_NPC_like_malignant	malignant_state_to_malignant_state	malignant_state	malignant_state
Malignant_NPC_neuronal_like_malignant	Malignant_OPC_NPC_like_malignant	MDK	NCL	1.2231451	1.4712783	0.0478859550415563	0.1207810486625877	0.020107718	0.8650623	0.036571836482866	magnitude_rank	0.036571836482866	MDK→NCL	malignant_or_cycling	malignant_or_cycling	malignant_or_cycling_to_malignant_or_cycling	primary_rank<=0.05	Malignant_NPC_neuronal_like_malignant	Malignant_OPC_NPC_like_malignant	Malignant_NPC_neuronal_like_malignant	Malignant_OPC_NPC_like_malignant	malignant_state_to_malignant_state	malignant_state	malignant_state
Malignant_cycling_candidate	Malignant_hypoxia_stress_malignant	PTN	SDC2	1.7694619	0.8685609	0.336063034067456	0.4065969502728084	0.029776018	0.8312432	0.0371733145463001	magnitude_rank	0.0371733145463001	PTN→SDC2	malignant_or_cycling	malignant_or_cycling	malignant_or_cycling_to_malignant_or_cycling	primary_rank<=0.05	Malignant_cycling_candidate	Malignant_hypoxia_stress_malignant	Malignant_cycling_candidate	Malignant_hypoxia_stress_malignant	malignant_state_to_malignant_state	malignant_state	malignant_state
Malignant_cycling_candidate	Malignant_hypoxia_stress_malignant	PKM	CD44	1.2185735	1.3889496	0.3620269938126444	0.5522834189626834	0.034301605	0.86166596	0.0372197817620947	magnitude_rank	0.0372197817620947	PKM→CD44	malignant_or_cycling	malignant_or_cycling	malignant_or_cycling_to_malignant_or_cycling	primary_rank<=0.05	Malignant_cycling_candidate	Malignant_hypoxia_stress_malignant	Malignant_cycling_candidate	Malignant_hypoxia_stress_malignant	malignant_state_to_malignant_state	malignant_state	malignant_state
Malignant_cycling_candidate	Malignant_NPC_neuronal_like_malignant	GSTP1	EGFR	1.218451	0.8835017	-0.0400712695762638	-0.5244778388503446	0.012054931	0.8324361	0.0372662683464696	magnitude_rank	0.0372662683464696	GSTP1→EGFR	malignant_or_cycling	malignant_or_cycling	malignant_or_cycling_to_malignant_or_cycling	primary_rank<=0.05	Malignant_cycling_candidate	Malignant_NPC_neuronal_like_malignant	Malignant_cycling_candidate	Malignant_NPC_neuronal_like_malignant	malignant_state_to_malignant_state	malignant_state	malignant_state
Malignant_AC_like_reactive_malignant	Malignant_OPC_NPC_like_malignant	CNTN1	PTPRZ1	1.6565409	0.86589926	0.313174034821128	0.6235153203679726	0.0557683	0.83102787	0.0375924553908433	magnitude_rank	0.0375924553908433	CNTN1→PTPRZ1	malignant_or_cycling	malignant_or_cycling	malignant_or_cycling_to_malignant_or_cycling	primary_rank<=0.05	Malignant_AC_like_reactive_malignant	Malignant_OPC_NPC_like_malignant	Malignant_AC_like_reactive_malignant	Malignant_OPC_NPC_like_malignant	malignant_state_to_malignant_state	malignant_state	malignant_state
Malignant_hypoxia_stress_malignant	Malignant_hypoxia_stress_malignant	MDK	PTPRZ1	1.2167289	1.4476751	-0.2840571840080979	-0.6907988700103556	0.018022548	0.8641156	0.0377326683846122	magnitude_rank	0.0377326683846122	MDK→PTPRZ1	malignant_or_cycling	malignant_or_cycling	malignant_or_cycling_to_malignant_or_cycling	primary_rank<=0.05	Malignant_hypoxia_stress_malignant	Malignant_hypoxia_stress_malignant	Malignant_hypoxia_stress_malignant	Malignant_hypoxia_stress_malignant	malignant_state_to_malignant_state	malignant_state	malignant_state
Malignant_hypoxia_stress_malignant	Malignant_AC_like_reactive_malignant	VEGFA	ITGB1	1.2144998	0.9176995	0.5609975281614791	1.1740226977173518	0.028464833	0.83506805	0.0380607943456493	magnitude_rank	0.0380607943456493	VEGFA→ITGB1	malignant_or_cycling	malignant_or_cycling	malignant_or_cycling_to_malignant_or_cycling	primary_rank<=0.05	Malignant_hypoxia_stress_malignant	Malignant_AC_like_reactive_malignant	Malignant_hypoxia_stress_malignant	Malignant_AC_like_reactive_malignant	malignant_state_to_malignant_state	malignant_state	malignant_state
Malignant_hypoxia_stress_malignant	Malignant_OPC_NPC_like_malignant	VEGFA	GPC1	1.2139101	0.9153868	0.6639639402008312	1.3680770090087684	0.08053266	0.8348941	0.0381547879201724	magnitude_rank	0.0381547879201724	VEGFA→GPC1	malignant_or_cycling	malignant_or_cycling	malignant_or_cycling_to_malignant_or_cycling	primary_rank<=0.05	Malignant_hypoxia_stress_malignant	Malignant_OPC_NPC_like_malignant	Malignant_hypoxia_stress_malignant	Malignant_OPC_NPC_like_malignant	malignant_state_to_malignant_state	malignant_state	malignant_state
Malignant_cycling_candidate	Malignant_NPC_neuronal_like_malignant	MDK	PTPRZ1	1.2132018	1.4426434	-0.2342839178839536	-0.7434106381051129	0.017959908	0.86391103	0.0382959932534373	magnitude_rank	0.0382959932534373	MDK→PTPRZ1	malignant_or_cycling	malignant_or_cycling	malignant_or_cycling_to_malignant_or_cycling	primary_rank<=0.05	Malignant_cycling_candidate	Malignant_NPC_neuronal_like_malignant	Malignant_cycling_candidate	Malignant_NPC_neuronal_like_malignant	malignant_state_to_malignant_state	malignant_state	malignant_state
Malignant_hypoxia_stress_malignant	Malignant_AC_like_reactive_malignant	SPP1	CD44	1.2097008	1.418891	0.3772802998404501	0.5248217551071718	0.028778557	0.8629322	0.0388632845362882	magnitude_rank	0.0388632845362882	SPP1→CD44	malignant_or_cycling	malignant_or_cycling	malignant_or_cycling_to_malignant_or_cycling	primary_rank<=0.05	Malignant_hypoxia_stress_malignant	Malignant_AC_like_reactive_malignant	Malignant_hypoxia_stress_malignant	Malignant_AC_like_reactive_malignant	malignant_state_to_malignant_state	malignant_state	malignant_state
Malignant_cycling_candidate	Malignant_NPC_neuronal_like_malignant	MDK	NCL	1.2096353	1.4327707	0.018964923308352	0.0354520455704996	0.01958144	0.86350685	0.0389107356007336	magnitude_rank	0.0389107356007336	MDK→NCL	malignant_or_cycling	malignant_or_cycling	malignant_or_cycling_to_malignant_or_cycling	primary_rank<=0.05	Malignant_cycling_candidate	Malignant_NPC_neuronal_like_malignant	Malignant_cycling_candidate	Malignant_NPC_neuronal_like_malignant	malignant_state_to_malignant_state	malignant_state	malignant_state
Malignant_AC_like_reactive_malignant	Malignant_NPC_neuronal_like_malignant	APOE	LRP1	1.6973227	0.8545037	0.3430550594931866	1.0103649865944828	0.015424752	0.83009565	0.0389582141725518	magnitude_rank	0.0389582141725518	APOE→LRP1	malignant_or_cycling	malignant_or_cycling	malignant_or_cycling_to_malignant_or_cycling	primary_rank<=0.05	Malignant_AC_like_reactive_malignant	Malignant_NPC_neuronal_like_malignant	Malignant_AC_like_reactive_malignant	Malignant_NPC_neuronal_like_malignant	malignant_state_to_malignant_state	malignant_state	malignant_state
Malignant_OPC_NPC_like_malignant	Malignant_hypoxia_stress_malignant	PTN	SDC2	1.7394631	0.8526422	0.313925556694324	0.4466398516107657	0.029230295	0.8299418	0.0391484119202565	magnitude_rank	0.0391484119202565	PTN→SDC2	malignant_or_cycling	malignant_or_cycling	malignant_or_cycling_to_malignant_or_cycling	primary_rank<=0.05	Malignant_OPC_NPC_like_malignant	Malignant_hypoxia_stress_malignant	Malignant_OPC_NPC_like_malignant	Malignant_hypoxia_stress_malignant	malignant_state_to_malignant_state	malignant_state	malignant_state
Malignant_hypoxia_stress_malignant	Malignant_OPC_NPC_like_malignant	MDK	NCL	1.2081954	1.4299978	0.0332204541391454	0.079541980390956	0.019543543	0.86339265	0.0391960279937449	magnitude_rank	0.0391960279937449	MDK→NCL	malignant_or_cycling	malignant_or_cycling	malignant_or_cycling_to_malignant_or_cycling	primary_rank<=0.05	Malignant_hypoxia_stress_malignant	Malignant_OPC_NPC_like_malignant	Malignant_hypoxia_stress_malignant	Malignant_OPC_NPC_like_malignant	malignant_state_to_malignant_state	malignant_state	malignant_state
Malignant_cycling_candidate	Malignant_cycling_candidate	LGALS1	ITGB1	1.2072921	0.94665134	-0.0029044997063289	-0.107386844357582	0.008247868	0.83719593	0.039530127074461	magnitude_rank	0.039530127074461	LGALS1→ITGB1	malignant_or_cycling	malignant_or_cycling	malignant_or_cycling_to_malignant_or_cycling	primary_rank<=0.05	Malignant_cycling_candidate	Malignant_cycling_candidate	Malignant_cycling_candidate	Malignant_cycling_candidate	malignant_state_to_malignant_state	malignant_state	malignant_state
Malignant_cycling_candidate	Malignant_NPC_neuronal_like_malignant	BCAN	EGFR	1.2055931	0.8721063	-0.0520021850728265	-0.6262414501432703	0.01964417	0.8315287	0.0400097393503147	magnitude_rank	0.0400097393503147	BCAN→EGFR	malignant_or_cycling	malignant_or_cycling	malignant_or_cycling_to_malignant_or_cycling	primary_rank<=0.05	Malignant_cycling_candidate	Malignant_NPC_neuronal_like_malignant	Malignant_cycling_candidate	Malignant_NPC_neuronal_like_malignant	malignant_state_to_malignant_state	malignant_state	malignant_state
Malignant_AC_like_reactive_malignant	Malignant_cycling_candidate	MDK	NCL	1.205298	1.3098617	0.0395664447021809	0.0207284919831401	0.017901663	0.85813475	0.040154161805222	magnitude_rank	0.040154161805222	MDK→NCL	malignant_or_cycling	malignant_or_cycling	malignant_or_cycling_to_malignant_or_cycling	primary_rank<=0.05	Malignant_AC_like_reactive_malignant	Malignant_cycling_candidate	Malignant_AC_like_reactive_malignant	Malignant_cycling_candidate	malignant_state_to_malignant_state	malignant_state	malignant_state
Malignant_OPC_NPC_like_malignant	Malignant_cycling_candidate	YBX1	NOTCH1	1.3049582	0.84606296	0.1784452622572692	0.2024624452913095	0.027773092	0.82939446	0.0402023546603213	magnitude_rank	0.0402023546603213	YBX1→NOTCH1	malignant_or_cycling	malignant_or_cycling	malignant_or_cycling_to_malignant_or_cycling	primary_rank<=0.05	Malignant_OPC_NPC_like_malignant	Malignant_cycling_candidate	Malignant_OPC_NPC_like_malignant	Malignant_cycling_candidate	malignant_state_to_malignant_state	malignant_state	malignant_state
Malignant_hypoxia_stress_malignant	Malignant_AC_like_reactive_malignant	GSTP1	EGFR	1.2046067	1.4213129	-0.1361829910532716	-0.312760026380064	0.019393092	0.86303306	0.0402505749506676	magnitude_rank	0.0402505749506676	GSTP1→EGFR	malignant_or_cycling	malignant_or_cycling	malignant_or_cycling_to_malignant_or_cycling	primary_rank<=0.05	Malignant_hypoxia_stress_malignant	Malignant_AC_like_reactive_malignant	Malignant_hypoxia_stress_malignant	Malignant_AC_like_reactive_malignant	malignant_state_to_malignant_state	malignant_state	malignant_state
Malignant_cycling_candidate	Malignant_OPC_NPC_like_malignant	LGALS1	ITGB1	1.2039894	0.93395525	-0.0072891505055815	-0.116460306166058	0.008137251	0.83627355	0.040443738982679	magnitude_rank	0.040443738982679	LGALS1→ITGB1	malignant_or_cycling	malignant_or_cycling	malignant_or_cycling_to_malignant_or_cycling	primary_rank<=0.05	Malignant_cycling_candidate	Malignant_OPC_NPC_like_malignant	Malignant_cycling_candidate	Malignant_OPC_NPC_like_malignant	malignant_state_to_malignant_state	malignant_state	malignant_state
Malignant_NPC_neuronal_like_malignant	Malignant_OPC_NPC_like_malignant	TIMP1	CD63	1.4691216	0.842837	-0.4021311635853222	-1.0673088738302634	0.0035322963	0.829124	0.0405404898459522	magnitude_rank	0.0405404898459522	TIMP1→CD63	malignant_or_cycling	malignant_or_cycling	malignant_or_cycling_to_malignant_or_cycling	primary_rank<=0.05	Malignant_NPC_neuronal_like_malignant	Malignant_OPC_NPC_like_malignant	Malignant_NPC_neuronal_like_malignant	Malignant_OPC_NPC_like_malignant	malignant_state_to_malignant_state	malignant_state	malignant_state
Malignant_AC_like_reactive_malignant	Malignant_OPC_NPC_like_malignant	APOE	ABCA1	1.695098	0.8406179	0.4990629423885901	1.1885492933451791	0.020682577	0.8289372	0.0407828339236189	magnitude_rank	0.0407828339236189	APOE→ABCA1	malignant_or_cycling	malignant_or_cycling	malignant_or_cycling_to_malignant_or_cycling	primary_rank<=0.05	Malignant_AC_like_reactive_malignant	Malignant_OPC_NPC_like_malignant	Malignant_AC_like_reactive_malignant	Malignant_OPC_NPC_like_malignant	malignant_state_to_malignant_state	malignant_state	malignant_state
Malignant_AC_like_reactive_malignant	Malignant_hypoxia_stress_malignant	PTN	PTPRS	1.5980241	0.8404744	0.0296359338261914	0.0225280576520639	0.018086202	0.8289251	0.0408799599631975	magnitude_rank	0.0408799599631975	PTN→PTPRS	malignant_or_cycling	malignant_or_cycling	malignant_or_cycling_to_malignant_or_cycling	primary_rank<=0.05	Malignant_AC_like_reactive_malignant	Malignant_hypoxia_stress_malignant	Malignant_AC_like_reactive_malignant	Malignant_hypoxia_stress_malignant	malignant_state_to_malignant_state	malignant_state	malignant_state
Malignant_hypoxia_stress_malignant	Malignant_NPC_neuronal_like_malignant	VEGFA	EGFR	1.2020814	0.868994	0.4278423354222569	0.583869060275795	0.03752869	0.83127815	0.0410745494299158	magnitude_rank	0.0410745494299158	VEGFA→EGFR	malignant_or_cycling	malignant_or_cycling	malignant_or_cycling_to_malignant_or_cycling	primary_rank<=0.05	Malignant_hypoxia_stress_malignant	Malignant_NPC_neuronal_like_malignant	Malignant_hypoxia_stress_malignant	Malignant_NPC_neuronal_like_malignant	malignant_state_to_malignant_state	malignant_state	malignant_state
Malignant_AC_like_reactive_malignant	Malignant_hypoxia_stress_malignant	LGALS1	ITGB1	1.2012501	1.0393218	0.0132161982771795	-0.1227425251288061	0.009055276	0.8434608	0.0413672595962316	magnitude_rank	0.0413672595962316	LGALS1→ITGB1	malignant_or_cycling	malignant_or_cycling	malignant_or_cycling_to_malignant_or_cycling	primary_rank<=0.05	Malignant_AC_like_reactive_malignant	Malignant_hypoxia_stress_malignant	Malignant_AC_like_reactive_malignant	Malignant_hypoxia_stress_malignant	malignant_state_to_malignant_state	malignant_state	malignant_state
Malignant_cycling_candidate	Malignant_AC_like_reactive_malignant	CALM3	EGFR	1.1988986	1.4095303	0.2571078002230427	0.3460784488520378	0.03464924	0.8625403	0.0420048332854975	magnitude_rank	0.0420048332854975	CALM3→EGFR	malignant_or_cycling	malignant_or_cycling	malignant_or_cycling_to_malignant_or_cycling	primary_rank<=0.05	Malignant_cycling_candidate	Malignant_AC_like_reactive_malignant	Malignant_cycling_candidate	Malignant_AC_like_reactive_malignant	malignant_state_to_malignant_state	malignant_state	malignant_state
Malignant_cycling_candidate	Malignant_OPC_NPC_like_malignant	CNTN1	PTPRZ1	1.6507362	0.830758	0.3029180824168255	0.5659419614934829	0.053505022	0.828099	0.0420540668457301	magnitude_rank	0.0420540668457301	CNTN1→PTPRZ1	malignant_or_cycling	malignant_or_cycling	malignant_or_cycling_to_malignant_or_cycling	primary_rank<=0.05	Malignant_cycling_candidate	Malignant_OPC_NPC_like_malignant	Malignant_cycling_candidate	Malignant_OPC_NPC_like_malignant	malignant_state_to_malignant_state	malignant_state	malignant_state
Malignant_hypoxia_stress_malignant	Malignant_NPC_neuronal_like_malignant	LGALS1	ITGB1	1.3811235	0.8296989	0.0873559269027576	0.1465144711461595	0.0072288997	0.8280082	0.0422019402644756	magnitude_rank	0.0422019402644756	LGALS1→ITGB1	malignant_or_cycling	malignant_or_cycling	malignant_or_cycling_to_malignant_or_cycling	primary_rank<=0.05	Malignant_hypoxia_stress_malignant	Malignant_NPC_neuronal_like_malignant	Malignant_hypoxia_stress_malignant	Malignant_NPC_neuronal_like_malignant	malignant_state_to_malignant_state	malignant_state	malignant_state
Malignant_cycling_candidate	Malignant_AC_like_reactive_malignant	LGALS1	ITGB1	1.1950173	0.89946514	-0.0191973180722404	-0.0604909452922391	0.007836751	0.8336813	0.0423994757280747	magnitude_rank	0.0423994757280747	LGALS1→ITGB1	malignant_or_cycling	malignant_or_cycling	malignant_or_cycling_to_malignant_or_cycling	primary_rank<=0.05	Malignant_cycling_candidate	Malignant_AC_like_reactive_malignant	Malignant_cycling_candidate	Malignant_AC_like_reactive_malignant	malignant_state_to_malignant_state	malignant_state	malignant_state
Malignant_AC_like_reactive_malignant	Malignant_hypoxia_stress_malignant	APOE	SDC2	1.6930813	0.8280299	0.6983515812659651	1.496239352544204	0.036640663	0.82786477	0.0424489366587807	magnitude_rank	0.0424489366587807	APOE→SDC2	malignant_or_cycling	malignant_or_cycling	malignant_or_cycling_to_malignant_or_cycling	primary_rank<=0.05	Malignant_AC_like_reactive_malignant	Malignant_hypoxia_stress_malignant	Malignant_AC_like_reactive_malignant	Malignant_hypoxia_stress_malignant	malignant_state_to_malignant_state	malignant_state	malignant_state
Malignant_hypoxia_stress_malignant	Malignant_cycling_candidate	THBS2	SDC1	0.0967643	0.009132309	0.0687606862294749	0.0217364018517293	0.012464661	0.3355818	0.0425338657590354	magnitude_rank	0.0425338657590354	THBS2→SDC1	malignant_or_cycling	malignant_or_cycling	malignant_or_cycling_to_malignant_or_cycling	primary_rank<=0.05	Malignant_hypoxia_stress_malignant	Malignant_cycling_candidate	Malignant_hypoxia_stress_malignant	Malignant_cycling_candidate	malignant_state_to_malignant_state	malignant_state	malignant_state
Malignant_hypoxia_stress_malignant	Malignant_cycling_candidate	VEGFA	GPC1	1.1930169	0.83344203	0.6324885395842798	1.2788250774580874	0.073323436	0.82832843	0.0430445098967071	magnitude_rank	0.0430445098967071	VEGFA→GPC1	malignant_or_cycling	malignant_or_cycling	malignant_or_cycling_to_malignant_or_cycling	primary_rank<=0.05	Malignant_hypoxia_stress_malignant	Malignant_cycling_candidate	Malignant_hypoxia_stress_malignant	Malignant_cycling_candidate	malignant_state_to_malignant_state	malignant_state	malignant_state
Malignant_NPC_neuronal_like_malignant	Malignant_AC_like_reactive_malignant	TIMP1	CD63	1.4341023	0.82027215	-0.4340834440483272	-1.2078378401276098	0.003437728	0.8271931	0.0435438339716077	magnitude_rank	0.0435438339716077	TIMP1→CD63	malignant_or_cycling	malignant_or_cycling	malignant_or_cycling_to_malignant_or_cycling	primary_rank<=0.05	Malignant_NPC_neuronal_like_malignant	Malignant_AC_like_reactive_malignant	Malignant_NPC_neuronal_like_malignant	Malignant_AC_like_reactive_malignant	malignant_state_to_malignant_state	malignant_state	malignant_state
Malignant_AC_like_reactive_malignant	Malignant_cycling_candidate	BMP1	BMPR1A	0.09584163	0.009185511	0.0210225712043012	0.0117791734004659	0.014609132	0.3362297	0.0440320750203709	magnitude_rank	0.0440320750203709	BMP1→BMPR1A	malignant_or_cycling	malignant_or_cycling	malignant_or_cycling_to_malignant_or_cycling	primary_rank<=0.05	Malignant_AC_like_reactive_malignant	Malignant_cycling_candidate	Malignant_AC_like_reactive_malignant	Malignant_cycling_candidate	malignant_state_to_malignant_state	malignant_state	malignant_state
Malignant_cycling_candidate	Malignant_AC_like_reactive_malignant	COL28A1	ITGA2_ITGB1	0.09586197	0.009188128	0.0517830920645055	0.0235608014725841	0.024580952	0.33626154	0.0444065492969076	magnitude_rank	0.0444065492969076	COL28A1→ITGA2_ITGB1	malignant_or_cycling	malignant_or_cycling	malignant_or_cycling_to_malignant_or_cycling	primary_rank<=0.05	Malignant_cycling_candidate	Malignant_AC_like_reactive_malignant	Malignant_cycling_candidate	Malignant_AC_like_reactive_malignant	malignant_state_to_malignant_state	malignant_state	malignant_state
Malignant_NPC_neuronal_like_malignant	Malignant_cycling_candidate	PTN	SDC3	1.1844919	1.1276451	-0.3190191238456081	-0.6443526803390945	0.018525366	0.84877026	0.045007253422914	magnitude_rank	0.045007253422914	PTN→SDC3	malignant_or_cycling	malignant_or_cycling	malignant_or_cycling_to_malignant_or_cycling	primary_rank<=0.05	Malignant_NPC_neuronal_like_malignant	Malignant_cycling_candidate	Malignant_NPC_neuronal_like_malignant	Malignant_cycling_candidate	malignant_state_to_malignant_state	malignant_state	malignant_state
Malignant_OPC_NPC_like_malignant	Malignant_cycling_candidate	FN1	SDC1	0.09727282	0.009215264	-0.0256282484853077	-0.6954599601545965	0.0028228213	0.33659068	0.045155402967401	magnitude_rank	0.045155402967401	FN1→SDC1	malignant_or_cycling	malignant_or_cycling	malignant_or_cycling_to_malignant_or_cycling	primary_rank<=0.05	Malignant_OPC_NPC_like_malignant	Malignant_cycling_candidate	Malignant_OPC_NPC_like_malignant	Malignant_cycling_candidate	malignant_state_to_malignant_state	malignant_state	malignant_state
Malignant_AC_like_reactive_malignant	Malignant_OPC_NPC_like_malignant	PSAP	LRP1	1.1840849	1.2286958	0.2637951962538179	0.5289314825490737	0.025582448	0.85419625	0.0451599507288968	magnitude_rank	0.0451599507288968	PSAP→LRP1	malignant_or_cycling	malignant_or_cycling	malignant_or_cycling_to_malignant_or_cycling	primary_rank<=0.05	Malignant_AC_like_reactive_malignant	Malignant_OPC_NPC_like_malignant	Malignant_AC_like_reactive_malignant	Malignant_OPC_NPC_like_malignant	malignant_state_to_malignant_state	malignant_state	malignant_state
Malignant_AC_like_reactive_malignant	Malignant_cycling_candidate	ANGPTL4	SDC1	0.09752707	0.009256739	0.0579467809084477	-0.1414465867823867	0.011963796	0.33709222	0.045904125988602	magnitude_rank	0.045904125988602	ANGPTL4→SDC1	malignant_or_cycling	malignant_or_cycling	malignant_or_cycling_to_malignant_or_cycling	primary_rank<=0.05	Malignant_AC_like_reactive_malignant	Malignant_cycling_candidate	Malignant_AC_like_reactive_malignant	Malignant_cycling_candidate	malignant_state_to_malignant_state	malignant_state	malignant_state
Malignant_cycling_candidate	Malignant_hypoxia_stress_malignant	NCAM1	PTPRZ1	1.1792367	1.3428683	-0.2140631483373874	-0.6693327243144711	0.019652823	0.8596428	0.0462356567402851	magnitude_rank	0.0462356567402851	NCAM1→PTPRZ1	malignant_or_cycling	malignant_or_cycling	malignant_or_cycling_to_malignant_or_cycling	primary_rank<=0.05	Malignant_cycling_candidate	Malignant_hypoxia_stress_malignant	Malignant_cycling_candidate	Malignant_hypoxia_stress_malignant	malignant_state_to_malignant_state	malignant_state	malignant_state
Malignant_NPC_neuronal_like_malignant	Malignant_cycling_candidate	TIMP1	CD63	1.401299	0.7991352	-0.4640019713509702	-1.2274643634058957	0.0033491438	0.82531923	0.0464419100313821	magnitude_rank	0.0464419100313821	TIMP1→CD63	malignant_or_cycling	malignant_or_cycling	malignant_or_cycling_to_malignant_or_cycling	primary_rank<=0.05	Malignant_NPC_neuronal_like_malignant	Malignant_cycling_candidate	Malignant_NPC_neuronal_like_malignant	Malignant_cycling_candidate	malignant_state_to_malignant_state	malignant_state	malignant_state
Malignant_OPC_NPC_like_malignant	Malignant_cycling_candidate	LAMA5	SDC1	0.09764881	0.009276598	0.1109786188035637	0.0739775496997178	0.017666474	0.33733174	0.0470269795772109	magnitude_rank	0.0470269795772109	LAMA5→SDC1	malignant_or_cycling	malignant_or_cycling	malignant_or_cycling_to_malignant_or_cycling	primary_rank<=0.05	Malignant_OPC_NPC_like_malignant	Malignant_cycling_candidate	Malignant_OPC_NPC_like_malignant	Malignant_cycling_candidate	malignant_state_to_malignant_state	malignant_state	malignant_state
Malignant_OPC_NPC_like_malignant	Malignant_AC_like_reactive_malignant	MIF	CD44_CD74	1.1775546	1.0253592	-0.0165511077927637	-0.0863197299863991	0.008424754	0.8425658	0.0471152250007933	magnitude_rank	0.0471152250007933	MIF→CD44_CD74	malignant_or_cycling	malignant_or_cycling	malignant_or_cycling_to_malignant_or_cycling	primary_rank<=0.05	Malignant_OPC_NPC_like_malignant	Malignant_AC_like_reactive_malignant	Malignant_OPC_NPC_like_malignant	Malignant_AC_like_reactive_malignant	malignant_state_to_malignant_state	malignant_state	malignant_state
Malignant_OPC_NPC_like_malignant	Malignant_hypoxia_stress_malignant	NCAM1	PTPRZ1	1.176277	1.334595	-0.2173513003856624	-0.5814816072126261	0.019531742	0.85926956	0.0473754092928754	magnitude_rank	0.0473754092928754	NCAM1→PTPRZ1	malignant_or_cycling	malignant_or_cycling	malignant_or_cycling_to_malignant_or_cycling	primary_rank<=0.05	Malignant_OPC_NPC_like_malignant	Malignant_hypoxia_stress_malignant	Malignant_OPC_NPC_like_malignant	Malignant_hypoxia_stress_malignant	malignant_state_to_malignant_state	malignant_state	malignant_state
Malignant_cycling_candidate	Malignant_cycling_candidate	FGF2	SDC1	0.097749226	0.00929298	0.0893273727105296	0.0290436045267606	0.021241374	0.33752894	0.0477753863946089	magnitude_rank	0.0477753863946089	FGF2→SDC1	malignant_or_cycling	malignant_or_cycling	malignant_or_cycling_to_malignant_or_cycling	primary_rank<=0.05	Malignant_cycling_candidate	Malignant_cycling_candidate	Malignant_cycling_candidate	Malignant_cycling_candidate	malignant_state_to_malignant_state	malignant_state	malignant_state
Malignant_hypoxia_stress_malignant	Malignant_hypoxia_stress_malignant	VEGFA	ITGAV	1.1818669	0.78971106	0.5504107290771004	1.2106862834622172	0.048219115	0.8244624	0.0481600191081328	magnitude_rank	0.0481600191081328	VEGFA→ITGAV	malignant_or_cycling	malignant_or_cycling	malignant_or_cycling_to_malignant_or_cycling	primary_rank<=0.05	Malignant_hypoxia_stress_malignant	Malignant_hypoxia_stress_malignant	Malignant_hypoxia_stress_malignant	Malignant_hypoxia_stress_malignant	malignant_state_to_malignant_state	malignant_state	malignant_state
Malignant_OPC_NPC_like_malignant	Malignant_AC_like_reactive_malignant	MDK	NCL	1.1729743	1.3722434	-0.0134780019477032	0.0239611630170559	0.018754223	0.8609432	0.048317674496935	magnitude_rank	0.048317674496935	MDK→NCL	malignant_or_cycling	malignant_or_cycling	malignant_or_cycling_to_malignant_or_cycling	primary_rank<=0.05	Malignant_OPC_NPC_like_malignant	Malignant_AC_like_reactive_malignant	Malignant_OPC_NPC_like_malignant	Malignant_AC_like_reactive_malignant	malignant_state_to_malignant_state	malignant_state	malignant_state
Malignant_AC_like_reactive_malignant	Malignant_AC_like_reactive_malignant	PSAP	LRP1	1.1712651	1.1876606	0.2471117517222557	0.4894982349850367	0.024728063	0.85206825	0.0487920894585476	magnitude_rank	0.0487920894585476	PSAP→LRP1	malignant_or_cycling	malignant_or_cycling	malignant_or_cycling_to_malignant_or_cycling	primary_rank<=0.05	Malignant_AC_like_reactive_malignant	Malignant_AC_like_reactive_malignant	Malignant_AC_like_reactive_malignant	Malignant_AC_like_reactive_malignant	malignant_state_to_malignant_state	malignant_state	malignant_state
Malignant_AC_like_reactive_malignant	Malignant_hypoxia_stress_malignant	MIF	EGFR	1.1704824	1.2233202	-0.2147643236076568	-0.6268747088066811	0.014023216	0.85392296	0.048950716700953	magnitude_rank	0.048950716700953	MIF→EGFR	malignant_or_cycling	malignant_or_cycling	malignant_or_cycling_to_malignant_or_cycling	primary_rank<=0.05	Malignant_AC_like_reactive_malignant	Malignant_hypoxia_stress_malignant	Malignant_AC_like_reactive_malignant	Malignant_hypoxia_stress_malignant	malignant_state_to_malignant_state	malignant_state	malignant_state
Malignant_NPC_neuronal_like_malignant	Malignant_AC_like_reactive_malignant	CALM1	ADCYAP1R1	1.3362066	0.78249985	0.447832734014094	0.6666499620323809	0.065363444	0.82379764	0.049003643275728	magnitude_rank	0.049003643275728	CALM1→ADCYAP1R1	malignant_or_cycling	malignant_or_cycling	malignant_or_cycling_to_malignant_or_cycling	primary_rank<=0.05	Malignant_NPC_neuronal_like_malignant	Malignant_AC_like_reactive_malignant	Malignant_NPC_neuronal_like_malignant	Malignant_AC_like_reactive_malignant	malignant_state_to_malignant_state	malignant_state	malignant_state
Malignant_NPC_neuronal_like_malignant	Malignant_hypoxia_stress_malignant	MIF	EGFR	1.1678159	1.219121	-0.2171248294582676	-0.5938773683800935	0.013975078	0.8537084	0.0496408934346614	magnitude_rank	0.0496408934346614	MIF→EGFR	malignant_or_cycling	malignant_or_cycling	malignant_or_cycling_to_malignant_or_cycling	primary_rank<=0.05	Malignant_NPC_neuronal_like_malignant	Malignant_hypoxia_stress_malignant	Malignant_NPC_neuronal_like_malignant	Malignant_hypoxia_stress_malignant	malignant_state_to_malignant_state	malignant_state	malignant_state
Malignant_OPC_NPC_like_malignant	Malignant_cycling_candidate	LAMA5	BCAM	0.09789996	0.009333726	0.0045322983913185	-0.0132081549811766	0.008367374	0.33801827	0.049645856405353	magnitude_rank	0.049645856405353	LAMA5→BCAM	malignant_or_cycling	malignant_or_cycling	malignant_or_cycling_to_malignant_or_cycling	primary_rank<=0.05	Malignant_OPC_NPC_like_malignant	Malignant_cycling_candidate	Malignant_OPC_NPC_like_malignant	Malignant_cycling_candidate	malignant_state_to_malignant_state	malignant_state	malignant_state
