condition	dataset_id	patient_id	sample_id	liana_celltype	n_cells	analysis_mode
GBM	DS1	PJ016	PJ016	Endothelial	7	main
GBM	DS1	PJ016	PJ016	Malignant_AC_like_reactive_malignant	1759	main
GBM	DS1	PJ016	PJ016	Malignant_NPC_neuronal_like_malignant	105	main
GBM	DS1	PJ016	PJ016	Malignant_OPC_NPC_like_malignant	263	main
GBM	DS1	PJ016	PJ016	Malignant_cycling_candidate	602	main
GBM	DS1	PJ016	PJ016	Malignant_hypoxia_stress_malignant	75	main
GBM	DS1	PJ016	PJ016	Mural_Pericyte_Fibroblast	1	main
GBM	DS1	PJ016	PJ016	Oligodendrocyte_myelinating	1	main
GBM	DS1	PJ017	PJ017	Endothelial	8	main
GBM	DS1	PJ017	PJ017	Malignant_AC_like_reactive_malignant	198	main
GBM	DS1	PJ017	PJ017	Malignant_NPC_neuronal_like_malignant	15	main
GBM	DS1	PJ017	PJ017	Malignant_OPC_NPC_like_malignant	34	main
GBM	DS1	PJ017	PJ017	Malignant_cycling_candidate	9	main
GBM	DS1	PJ017	PJ017	Malignant_hypoxia_stress_malignant	294	main
GBM	DS1	PJ017	PJ017	Mural_Pericyte_Fibroblast	4	main
GBM	DS1	PJ017	PJ017	Oligodendrocyte_myelinating	4	main
GBM	DS1	PJ018	PJ018	Endothelial	10	main
GBM	DS1	PJ018	PJ018	Malignant_AC_like_reactive_malignant	95	main
GBM	DS1	PJ018	PJ018	Malignant_NPC_neuronal_like_malignant	150	main
GBM	DS1	PJ018	PJ018	Malignant_OPC_NPC_like_malignant	564	main
GBM	DS1	PJ018	PJ018	Malignant_cycling_candidate	514	main
GBM	DS1	PJ018	PJ018	Malignant_hypoxia_stress_malignant	666	main
GBM	DS1	PJ018	PJ018	Mural_Pericyte_Fibroblast	21	main
GBM	DS1	PJ018	PJ018	Oligodendrocyte_myelinating	73	main
GBM	DS1	PJ025	PJ025	Endothelial	148	main
GBM	DS1	PJ025	PJ025	Malignant_AC_like_reactive_malignant	1008	main
GBM	DS1	PJ025	PJ025	Malignant_NPC_neuronal_like_malignant	2	main
GBM	DS1	PJ025	PJ025	Malignant_OPC_NPC_like_malignant	2847	main
GBM	DS1	PJ025	PJ025	Malignant_cycling_candidate	782	main
GBM	DS1	PJ025	PJ025	Malignant_hypoxia_stress_malignant	675	main
GBM	DS1	PJ025	PJ025	Mural_Pericyte_Fibroblast	218	main
GBM	DS1	PJ030	PJ030	Endothelial	233	main
GBM	DS1	PJ030	PJ030	Malignant_AC_like_reactive_malignant	886	main
GBM	DS1	PJ030	PJ030	Malignant_NPC_neuronal_like_malignant	42	main
GBM	DS1	PJ030	PJ030	Malignant_OPC_NPC_like_malignant	971	main
GBM	DS1	PJ030	PJ030	Malignant_cycling_candidate	362	main
GBM	DS1	PJ030	PJ030	Malignant_hypoxia_stress_malignant	2	main
GBM	DS1	PJ030	PJ030	Mural_Pericyte_Fibroblast	111	main
GBM	DS1	PJ030	PJ030	Oligodendrocyte_myelinating	66	main
GBM	DS1	PJ032	PJ032	Endothelial	1	main
GBM	DS1	PJ032	PJ032	Malignant_AC_like_reactive_malignant	174	main
GBM	DS1	PJ032	PJ032	Malignant_OPC_NPC_like_malignant	205	main
GBM	DS1	PJ032	PJ032	Malignant_cycling_candidate	5	main
GBM	DS1	PJ032	PJ032	Malignant_hypoxia_stress_malignant	178	main
GBM	DS1	PJ032	PJ032	Mural_Pericyte_Fibroblast	10	main
GBM	DS1	PJ032	PJ032	Oligodendrocyte_myelinating	4	main
GBM	DS1	PJ035	PJ035	Endothelial	71	main
GBM	DS1	PJ035	PJ035	Malignant_AC_like_reactive_malignant	485	main
GBM	DS1	PJ035	PJ035	Malignant_NPC_neuronal_like_malignant	84	main
GBM	DS1	PJ035	PJ035	Malignant_OPC_NPC_like_malignant	1112	main
GBM	DS1	PJ035	PJ035	Malignant_cycling_candidate	1181	main
GBM	DS1	PJ035	PJ035	Malignant_hypoxia_stress_malignant	154	main
GBM	DS1	PJ035	PJ035	Mural_Pericyte_Fibroblast	69	main
GBM	DS1	PJ035	PJ035	Oligodendrocyte_myelinating	6	main
GBM	DS1	PJ048	PJ048	B_Plasma	1	main
GBM	DS1	PJ048	PJ048	Endothelial	28	main
GBM	DS1	PJ048	PJ048	Malignant_AC_like_reactive_malignant	275	main
GBM	DS1	PJ048	PJ048	Malignant_NPC_neuronal_like_malignant	802	main
GBM	DS1	PJ048	PJ048	Malignant_OPC_NPC_like_malignant	611	main
GBM	DS1	PJ048	PJ048	Malignant_cycling_candidate	989	main
GBM	DS1	PJ048	PJ048	Malignant_hypoxia_stress_malignant	264	main
GBM	DS1	PJ048	PJ048	Mural_Pericyte_Fibroblast	32	main
GBM	DS1	PJ048	PJ048	Oligodendrocyte_myelinating	18	main
GBM	DS2	PDC001	PDC001	Endothelial	223	main
GBM	DS2	PDC001	PDC001	Malignant_AC_like_reactive_malignant	1663	main
GBM	DS2	PDC001	PDC001	Malignant_NPC_neuronal_like_malignant	3	main
GBM	DS2	PDC001	PDC001	Malignant_OPC_NPC_like_malignant	1985	main
GBM	DS2	PDC001	PDC001	Malignant_cycling_candidate	1976	main
GBM	DS2	PDC001	PDC001	Malignant_hypoxia_stress_malignant	94	main
GBM	DS2	PDC001	PDC001	Mural_Pericyte_Fibroblast	23	main
GBM	DS2	PDC001	PDC001	Oligodendrocyte_myelinating	4	main
GBM	DS2	PJ052	PJ052	Endothelial	10	main
GBM	DS2	PJ052	PJ052	Malignant_AC_like_reactive_malignant	77	main
GBM	DS2	PJ052	PJ052	Malignant_NPC_neuronal_like_malignant	29	main
GBM	DS2	PJ052	PJ052	Malignant_OPC_NPC_like_malignant	948	main
GBM	DS2	PJ052	PJ052	Malignant_cycling_candidate	249	main
GBM	DS2	PJ052	PJ052	Malignant_hypoxia_stress_malignant	23	main
GBM	DS2	PJ052	PJ052	Mural_Pericyte_Fibroblast	1	main
GBM	DS2	PJ053	PJ053	Endothelial	73	main
GBM	DS2	PJ053	PJ053	Malignant_AC_like_reactive_malignant	182	main
GBM	DS2	PJ053	PJ053	Malignant_NPC_neuronal_like_malignant	457	main
GBM	DS2	PJ053	PJ053	Malignant_OPC_NPC_like_malignant	590	main
GBM	DS2	PJ053	PJ053	Malignant_cycling_candidate	290	main
GBM	DS2	PJ053	PJ053	Malignant_hypoxia_stress_malignant	1110	main
GBM	DS2	PJ053	PJ053	Mural_Pericyte_Fibroblast	12	main
GBM	DS2	PJ053	PJ053	Oligodendrocyte_myelinating	199	main
GBM	DS2	PW016-703	PW016-703	Malignant_AC_like_reactive_malignant	173	main
GBM	DS2	PW016-703	PW016-703	Malignant_NPC_neuronal_like_malignant	247	main
GBM	DS2	PW016-703	PW016-703	Malignant_OPC_NPC_like_malignant	190	main
GBM	DS2	PW016-703	PW016-703	Malignant_cycling_candidate	406	main
GBM	DS2	PW016-703	PW016-703	Malignant_hypoxia_stress_malignant	146	main
GBM	DS2	PW016-703	PW016-703	Mural_Pericyte_Fibroblast	1	main
GBM	DS2	PW016-703	PW016-703	Oligodendrocyte_myelinating	59	main
GBM	DS2	PW017-703	PW017-703	Endothelial	3	main
GBM	DS2	PW017-703	PW017-703	Malignant_AC_like_reactive_malignant	297	main
GBM	DS2	PW017-703	PW017-703	Malignant_NPC_neuronal_like_malignant	19	main
GBM	DS2	PW017-703	PW017-703	Malignant_OPC_NPC_like_malignant	267	main
GBM	DS2	PW017-703	PW017-703	Malignant_cycling_candidate	274	main
GBM	DS2	PW017-703	PW017-703	Malignant_hypoxia_stress_malignant	215	main
GBM	DS2	PW017-703	PW017-703	Mural_Pericyte_Fibroblast	7	main
GBM	DS2	PW017-703	PW017-703	Oligodendrocyte_myelinating	10	main
GBM	DS2	PW032-706	PW032-706	Endothelial	160	main
GBM	DS2	PW032-706	PW032-706	Malignant_AC_like_reactive_malignant	407	main
GBM	DS2	PW032-706	PW032-706	Malignant_NPC_neuronal_like_malignant	13	main
GBM	DS2	PW032-706	PW032-706	Malignant_OPC_NPC_like_malignant	2446	main
GBM	DS2	PW032-706	PW032-706	Malignant_cycling_candidate	1581	main
GBM	DS2	PW032-706	PW032-706	Malignant_hypoxia_stress_malignant	86	main
GBM	DS2	PW032-706	PW032-706	Mural_Pericyte_Fibroblast	12	main
GBM	DS2	PW032-710	PW032-710	Endothelial	21	main
GBM	DS2	PW032-710	PW032-710	Malignant_AC_like_reactive_malignant	78	main
GBM	DS2	PW032-710	PW032-710	Malignant_OPC_NPC_like_malignant	153	main
GBM	DS2	PW032-710	PW032-710	Malignant_cycling_candidate	120	main
GBM	DS2	PW032-710	PW032-710	Malignant_hypoxia_stress_malignant	185	main
GBM	DS2	PW032-710	PW032-710	Mural_Pericyte_Fibroblast	29	main
GBM	DS2	PW032-710	PW032-710	Oligodendrocyte_myelinating	65	main
GBM	DS2	PW035-710	PW035-710	Endothelial	1	main
GBM	DS2	PW035-710	PW035-710	Malignant_AC_like_reactive_malignant	24	main
GBM	DS2	PW035-710	PW035-710	Malignant_OPC_NPC_like_malignant	594	main
GBM	DS2	PW035-710	PW035-710	Malignant_cycling_candidate	184	main
GBM	DS2	PW035-710	PW035-710	Malignant_hypoxia_stress_malignant	7	main
GBM	DS2	PW035-710	PW035-710	Oligodendrocyte_myelinating	13	main
GBM	DS2	PW039-705	PW039-705	Endothelial	2	main
GBM	DS2	PW039-705	PW039-705	Malignant_AC_like_reactive_malignant	33	main
GBM	DS2	PW039-705	PW039-705	Malignant_NPC_neuronal_like_malignant	9	main
GBM	DS2	PW039-705	PW039-705	Malignant_OPC_NPC_like_malignant	29	main
GBM	DS2	PW039-705	PW039-705	Malignant_cycling_candidate	2	main
GBM	DS2	PW039-705	PW039-705	Malignant_hypoxia_stress_malignant	428	main
GBM	DS2	PW039-705	PW039-705	Oligodendrocyte_myelinating	249	main
GBM	DS4	GSM8546833_BT356	GSM8546833_BT356	Endothelial	5	main
GBM	DS4	GSM8546833_BT356	GSM8546833_BT356	Malignant_AC_like_reactive_malignant	928	main
GBM	DS4	GSM8546833_BT356	GSM8546833_BT356	Malignant_NPC_neuronal_like_malignant	16	main
GBM	DS4	GSM8546833_BT356	GSM8546833_BT356	Malignant_OPC_NPC_like_malignant	403	main
GBM	DS4	GSM8546833_BT356	GSM8546833_BT356	Malignant_cycling_candidate	677	main
GBM	DS4	GSM8546833_BT356	GSM8546833_BT356	Malignant_hypoxia_stress_malignant	4917	main
GBM	DS4	GSM8546833_BT356	GSM8546833_BT356	Mural_Pericyte_Fibroblast	34	main
GBM	DS4	GSM8546833_BT356	GSM8546833_BT356	Oligodendrocyte_myelinating	95	main
GBM	DS4	GSM8546834_BT363	GSM8546834_BT363	Endothelial	10	main
GBM	DS4	GSM8546834_BT363	GSM8546834_BT363	Malignant_AC_like_reactive_malignant	2722	main
GBM	DS4	GSM8546834_BT363	GSM8546834_BT363	Malignant_NPC_neuronal_like_malignant	41	main
GBM	DS4	GSM8546834_BT363	GSM8546834_BT363	Malignant_OPC_NPC_like_malignant	2635	main
GBM	DS4	GSM8546834_BT363	GSM8546834_BT363	Malignant_cycling_candidate	547	main
GBM	DS4	GSM8546834_BT363	GSM8546834_BT363	Malignant_hypoxia_stress_malignant	2483	main
GBM	DS4	GSM8546834_BT363	GSM8546834_BT363	Mural_Pericyte_Fibroblast	5	main
GBM	DS4	GSM8546834_BT363	GSM8546834_BT363	Oligodendrocyte_myelinating	250	main
GBM	DS4	GSM8546835_BT364	GSM8546835_BT364	Malignant_AC_like_reactive_malignant	526	main
GBM	DS4	GSM8546835_BT364	GSM8546835_BT364	Malignant_NPC_neuronal_like_malignant	26	main
GBM	DS4	GSM8546835_BT364	GSM8546835_BT364	Malignant_OPC_NPC_like_malignant	1860	main
GBM	DS4	GSM8546835_BT364	GSM8546835_BT364	Malignant_cycling_candidate	765	main
GBM	DS4	GSM8546835_BT364	GSM8546835_BT364	Malignant_hypoxia_stress_malignant	1803	main
GBM	DS4	GSM8546835_BT364	GSM8546835_BT364	Oligodendrocyte_myelinating	221	main
GBM	DS4	GSM8546836_BT368	GSM8546836_BT368	Malignant_AC_like_reactive_malignant	172	main
GBM	DS4	GSM8546836_BT368	GSM8546836_BT368	Malignant_NPC_neuronal_like_malignant	956	main
GBM	DS4	GSM8546836_BT368	GSM8546836_BT368	Malignant_OPC_NPC_like_malignant	426	main
GBM	DS4	GSM8546836_BT368	GSM8546836_BT368	Malignant_cycling_candidate	439	main
GBM	DS4	GSM8546836_BT368	GSM8546836_BT368	Malignant_hypoxia_stress_malignant	152	main
GBM	DS4	GSM8546836_BT368	GSM8546836_BT368	Mural_Pericyte_Fibroblast	3	main
GBM	DS4	GSM8546836_BT368	GSM8546836_BT368	Oligodendrocyte_myelinating	20	main
GBM	DS4	GSM8546837_BT369	GSM8546837_BT369	B_Plasma	3	main
GBM	DS4	GSM8546837_BT369	GSM8546837_BT369	Endothelial	3	main
GBM	DS4	GSM8546837_BT369	GSM8546837_BT369	Malignant_AC_like_reactive_malignant	70	main
GBM	DS4	GSM8546837_BT369	GSM8546837_BT369	Malignant_NPC_neuronal_like_malignant	7	main
GBM	DS4	GSM8546837_BT369	GSM8546837_BT369	Malignant_OPC_NPC_like_malignant	901	main
GBM	DS4	GSM8546837_BT369	GSM8546837_BT369	Malignant_cycling_candidate	282	main
GBM	DS4	GSM8546837_BT369	GSM8546837_BT369	Malignant_hypoxia_stress_malignant	126	main
GBM	DS4	GSM8546837_BT369	GSM8546837_BT369	Mast_cell	3	main
GBM	DS4	GSM8546837_BT369	GSM8546837_BT369	Oligodendrocyte_myelinating	123	main
GBM	DS4	GSM8546838_BT373	GSM8546838_BT373	B_Plasma	1	main
GBM	DS4	GSM8546838_BT373	GSM8546838_BT373	Malignant_AC_like_reactive_malignant	413	main
GBM	DS4	GSM8546838_BT373	GSM8546838_BT373	Malignant_NPC_neuronal_like_malignant	123	main
GBM	DS4	GSM8546838_BT373	GSM8546838_BT373	Malignant_OPC_NPC_like_malignant	798	main
GBM	DS4	GSM8546838_BT373	GSM8546838_BT373	Malignant_cycling_candidate	796	main
GBM	DS4	GSM8546838_BT373	GSM8546838_BT373	Malignant_hypoxia_stress_malignant	2763	main
GBM	DS4	GSM8546838_BT373	GSM8546838_BT373	Mural_Pericyte_Fibroblast	1	main
GBM	DS4	GSM8546838_BT373	GSM8546838_BT373	Oligodendrocyte_myelinating	178	main
GBM	DS4	GSM8546839_BT374	GSM8546839_BT374	Malignant_AC_like_reactive_malignant	146	main
GBM	DS4	GSM8546839_BT374	GSM8546839_BT374	Malignant_NPC_neuronal_like_malignant	1	main
GBM	DS4	GSM8546839_BT374	GSM8546839_BT374	Malignant_OPC_NPC_like_malignant	757	main
GBM	DS4	GSM8546839_BT374	GSM8546839_BT374	Malignant_cycling_candidate	154	main
GBM	DS4	GSM8546839_BT374	GSM8546839_BT374	Malignant_hypoxia_stress_malignant	650	main
GBM	DS4	GSM8546839_BT374	GSM8546839_BT374	Oligodendrocyte_myelinating	105	main
GBM	DS4	GSM8546840_BT377	GSM8546840_BT377	Endothelial	1	main
GBM	DS4	GSM8546840_BT377	GSM8546840_BT377	Malignant_AC_like_reactive_malignant	15	main
GBM	DS4	GSM8546840_BT377	GSM8546840_BT377	Malignant_NPC_neuronal_like_malignant	131	main
GBM	DS4	GSM8546840_BT377	GSM8546840_BT377	Malignant_OPC_NPC_like_malignant	353	main
GBM	DS4	GSM8546840_BT377	GSM8546840_BT377	Malignant_cycling_candidate	181	main
GBM	DS4	GSM8546840_BT377	GSM8546840_BT377	Malignant_hypoxia_stress_malignant	28	main
GBM	DS4	GSM8546840_BT377	GSM8546840_BT377	Oligodendrocyte_myelinating	58	main
GBM	DS4	GSM8546841_BT380	GSM8546841_BT380	Malignant_AC_like_reactive_malignant	78	main
GBM	DS4	GSM8546841_BT380	GSM8546841_BT380	Malignant_NPC_neuronal_like_malignant	9	main
GBM	DS4	GSM8546841_BT380	GSM8546841_BT380	Malignant_OPC_NPC_like_malignant	270	main
GBM	DS4	GSM8546841_BT380	GSM8546841_BT380	Malignant_cycling_candidate	167	main
GBM	DS4	GSM8546841_BT380	GSM8546841_BT380	Malignant_hypoxia_stress_malignant	483	main
GBM	DS4	GSM8546841_BT380	GSM8546841_BT380	Oligodendrocyte_myelinating	75	main
GBM	DS4	GSM8546842_BT389A	GSM8546842_BT389A	Endothelial	1	main
GBM	DS4	GSM8546842_BT389A	GSM8546842_BT389A	Malignant_AC_like_reactive_malignant	162	main
GBM	DS4	GSM8546842_BT389A	GSM8546842_BT389A	Malignant_NPC_neuronal_like_malignant	3	main
GBM	DS4	GSM8546842_BT389A	GSM8546842_BT389A	Malignant_OPC_NPC_like_malignant	128	main
GBM	DS4	GSM8546842_BT389A	GSM8546842_BT389A	Malignant_cycling_candidate	102	main
GBM	DS4	GSM8546842_BT389A	GSM8546842_BT389A	Malignant_hypoxia_stress_malignant	107	main
GBM	DS4	GSM8546842_BT389A	GSM8546842_BT389A	Mural_Pericyte_Fibroblast	12	main
GBM	DS4	GSM8546842_BT389A	GSM8546842_BT389A	Oligodendrocyte_myelinating	1464	main
GBM	DS4	GSM8546843_BT389	GSM8546843_BT389	B_Plasma	1	main
GBM	DS4	GSM8546843_BT389	GSM8546843_BT389	Malignant_AC_like_reactive_malignant	31	main
GBM	DS4	GSM8546843_BT389	GSM8546843_BT389	Malignant_NPC_neuronal_like_malignant	314	main
GBM	DS4	GSM8546843_BT389	GSM8546843_BT389	Malignant_OPC_NPC_like_malignant	219	main
GBM	DS4	GSM8546843_BT389	GSM8546843_BT389	Malignant_cycling_candidate	347	main
GBM	DS4	GSM8546843_BT389	GSM8546843_BT389	Malignant_hypoxia_stress_malignant	125	main
GBM	DS4	GSM8546843_BT389	GSM8546843_BT389	Oligodendrocyte_myelinating	104	main
GBM	DS4	GSM8546844_BT390	GSM8546844_BT390	Malignant_AC_like_reactive_malignant	123	main
GBM	DS4	GSM8546844_BT390	GSM8546844_BT390	Malignant_NPC_neuronal_like_malignant	13	main
GBM	DS4	GSM8546844_BT390	GSM8546844_BT390	Malignant_OPC_NPC_like_malignant	319	main
GBM	DS4	GSM8546844_BT390	GSM8546844_BT390	Malignant_cycling_candidate	175	main
GBM	DS4	GSM8546844_BT390	GSM8546844_BT390	Malignant_hypoxia_stress_malignant	434	main
GBM	DS4	GSM8546844_BT390	GSM8546844_BT390	Oligodendrocyte_myelinating	702	main
GBM	DS4	GSM8546845_BT396	GSM8546845_BT396	Malignant_AC_like_reactive_malignant	53	main
GBM	DS4	GSM8546845_BT396	GSM8546845_BT396	Malignant_NPC_neuronal_like_malignant	64	main
GBM	DS4	GSM8546845_BT396	GSM8546845_BT396	Malignant_OPC_NPC_like_malignant	332	main
GBM	DS4	GSM8546845_BT396	GSM8546845_BT396	Malignant_cycling_candidate	113	main
GBM	DS4	GSM8546845_BT396	GSM8546845_BT396	Malignant_hypoxia_stress_malignant	52	main
GBM	DS4	GSM8546845_BT396	GSM8546845_BT396	Oligodendrocyte_myelinating	1680	main
GBM	DS4	GSM8546846_BT397	GSM8546846_BT397	B_Plasma	2	main
GBM	DS4	GSM8546846_BT397	GSM8546846_BT397	Malignant_AC_like_reactive_malignant	25	main
GBM	DS4	GSM8546846_BT397	GSM8546846_BT397	Malignant_NPC_neuronal_like_malignant	92	main
GBM	DS4	GSM8546846_BT397	GSM8546846_BT397	Malignant_OPC_NPC_like_malignant	189	main
GBM	DS4	GSM8546846_BT397	GSM8546846_BT397	Malignant_cycling_candidate	214	main
GBM	DS4	GSM8546846_BT397	GSM8546846_BT397	Malignant_hypoxia_stress_malignant	19	main
GBM	DS4	GSM8546846_BT397	GSM8546846_BT397	Mast_cell	1	main
GBM	DS4	GSM8546846_BT397	GSM8546846_BT397	Oligodendrocyte_myelinating	33	main
GBM	DS4	GSM8546847_BT400	GSM8546847_BT400	Endothelial	2	main
GBM	DS4	GSM8546847_BT400	GSM8546847_BT400	Malignant_AC_like_reactive_malignant	109	main
GBM	DS4	GSM8546847_BT400	GSM8546847_BT400	Malignant_NPC_neuronal_like_malignant	148	main
GBM	DS4	GSM8546847_BT400	GSM8546847_BT400	Malignant_OPC_NPC_like_malignant	2281	main
GBM	DS4	GSM8546847_BT400	GSM8546847_BT400	Malignant_cycling_candidate	1700	main
GBM	DS4	GSM8546847_BT400	GSM8546847_BT400	Malignant_hypoxia_stress_malignant	172	main
GBM	DS4	GSM8546847_BT400	GSM8546847_BT400	Mural_Pericyte_Fibroblast	8	main
GBM	DS4	GSM8546847_BT400	GSM8546847_BT400	Oligodendrocyte_myelinating	6	main
GBM	DS4	GSM8546848_BT402	GSM8546848_BT402	B_Plasma	1	main
GBM	DS4	GSM8546848_BT402	GSM8546848_BT402	Malignant_AC_like_reactive_malignant	15	main
GBM	DS4	GSM8546848_BT402	GSM8546848_BT402	Malignant_NPC_neuronal_like_malignant	15	main
GBM	DS4	GSM8546848_BT402	GSM8546848_BT402	Malignant_OPC_NPC_like_malignant	764	main
GBM	DS4	GSM8546848_BT402	GSM8546848_BT402	Malignant_cycling_candidate	248	main
GBM	DS4	GSM8546848_BT402	GSM8546848_BT402	Malignant_hypoxia_stress_malignant	2	main
GBM	DS4	GSM8546848_BT402	GSM8546848_BT402	Mural_Pericyte_Fibroblast	1	main
GBM	DS4	GSM8546848_BT402	GSM8546848_BT402	Oligodendrocyte_myelinating	45	main
GBM	DS4	GSM8546849_BT407	GSM8546849_BT407	B_Plasma	2	main
GBM	DS4	GSM8546849_BT407	GSM8546849_BT407	Malignant_AC_like_reactive_malignant	43	main
GBM	DS4	GSM8546849_BT407	GSM8546849_BT407	Malignant_NPC_neuronal_like_malignant	5	main
GBM	DS4	GSM8546849_BT407	GSM8546849_BT407	Malignant_OPC_NPC_like_malignant	34	main
GBM	DS4	GSM8546849_BT407	GSM8546849_BT407	Malignant_cycling_candidate	18	main
GBM	DS4	GSM8546849_BT407	GSM8546849_BT407	Malignant_hypoxia_stress_malignant	11	main
GBM	DS4	GSM8546849_BT407	GSM8546849_BT407	Oligodendrocyte_myelinating	127	main
GBM	DS4	GSM8546850_BT408	GSM8546850_BT408	Endothelial	4	main
GBM	DS4	GSM8546850_BT408	GSM8546850_BT408	Malignant_AC_like_reactive_malignant	39	main
GBM	DS4	GSM8546850_BT408	GSM8546850_BT408	Malignant_cycling_candidate	3	main
GBM	DS4	GSM8546850_BT408	GSM8546850_BT408	Malignant_hypoxia_stress_malignant	2	main
GBM	DS4	GSM8546850_BT408	GSM8546850_BT408	Oligodendrocyte_myelinating	768	main
GBM	DS4	GSM8546851_BT409	GSM8546851_BT409	Malignant_AC_like_reactive_malignant	33	main
GBM	DS4	GSM8546851_BT409	GSM8546851_BT409	Malignant_NPC_neuronal_like_malignant	44	main
GBM	DS4	GSM8546851_BT409	GSM8546851_BT409	Malignant_OPC_NPC_like_malignant	309	main
GBM	DS4	GSM8546851_BT409	GSM8546851_BT409	Malignant_cycling_candidate	355	main
GBM	DS4	GSM8546851_BT409	GSM8546851_BT409	Malignant_hypoxia_stress_malignant	193	main
GBM	DS4	GSM8546851_BT409	GSM8546851_BT409	Oligodendrocyte_myelinating	116	main
GBM	DS4	GSM8546852_BT419	GSM8546852_BT419	Malignant_AC_like_reactive_malignant	59	main
GBM	DS4	GSM8546852_BT419	GSM8546852_BT419	Malignant_NPC_neuronal_like_malignant	2	main
GBM	DS4	GSM8546852_BT419	GSM8546852_BT419	Malignant_OPC_NPC_like_malignant	34	main
GBM	DS4	GSM8546852_BT419	GSM8546852_BT419	Malignant_cycling_candidate	22	main
GBM	DS4	GSM8546852_BT419	GSM8546852_BT419	Malignant_hypoxia_stress_malignant	71	main
GBM	DS4	GSM8546852_BT419	GSM8546852_BT419	Oligodendrocyte_myelinating	1389	main
GBM	DS4	GSM8546853_BT420	GSM8546853_BT420	B_Plasma	1	main
GBM	DS4	GSM8546853_BT420	GSM8546853_BT420	Endothelial	1	main
GBM	DS4	GSM8546853_BT420	GSM8546853_BT420	Malignant_AC_like_reactive_malignant	236	main
GBM	DS4	GSM8546853_BT420	GSM8546853_BT420	Malignant_NPC_neuronal_like_malignant	436	main
GBM	DS4	GSM8546853_BT420	GSM8546853_BT420	Malignant_OPC_NPC_like_malignant	533	main
GBM	DS4	GSM8546853_BT420	GSM8546853_BT420	Malignant_cycling_candidate	449	main
GBM	DS4	GSM8546853_BT420	GSM8546853_BT420	Malignant_hypoxia_stress_malignant	289	main
GBM	DS4	GSM8546854_BT426	GSM8546854_BT426	Malignant_AC_like_reactive_malignant	22	main
GBM	DS4	GSM8546854_BT426	GSM8546854_BT426	Malignant_OPC_NPC_like_malignant	23	main
GBM	DS4	GSM8546854_BT426	GSM8546854_BT426	Malignant_cycling_candidate	2	main
GBM	DS4	GSM8546854_BT426	GSM8546854_BT426	Malignant_hypoxia_stress_malignant	469	main
GBM	DS4	GSM8546854_BT426	GSM8546854_BT426	Mural_Pericyte_Fibroblast	8	main
GBM	DS4	GSM8546854_BT426	GSM8546854_BT426	Oligodendrocyte_myelinating	715	main
LGG	DS3	03	GSM5518638_LGG-03	Endothelial	125	main
LGG	DS3	03	GSM5518638_LGG-03	Malignant_AC_like_reactive_malignant	440	main
LGG	DS3	03	GSM5518638_LGG-03	Malignant_NPC_neuronal_like_malignant	2	main
LGG	DS3	03	GSM5518638_LGG-03	Malignant_OPC_NPC_like_malignant	1104	main
LGG	DS3	03	GSM5518638_LGG-03	Malignant_cycling_candidate	124	main
LGG	DS3	03	GSM5518638_LGG-03	Malignant_hypoxia_stress_malignant	29	main
LGG	DS3	03	GSM5518638_LGG-03	Mast_cell	3	main
LGG	DS3	03	GSM5518638_LGG-03	Mural_Pericyte_Fibroblast	21	main
LGG	DS3	03	GSM5518638_LGG-03	Oligodendrocyte_myelinating	906	main
LGG	DS3	04	GSM5518630_LGG-04-1	B_Plasma	2	main
LGG	DS3	04	GSM5518630_LGG-04-1	Endothelial	30	main
LGG	DS3	04	GSM5518630_LGG-04-1	Malignant_AC_like_reactive_malignant	32	main
LGG	DS3	04	GSM5518630_LGG-04-1	Malignant_NPC_neuronal_like_malignant	142	main
LGG	DS3	04	GSM5518630_LGG-04-1	Malignant_OPC_NPC_like_malignant	1127	main
LGG	DS3	04	GSM5518630_LGG-04-1	Malignant_cycling_candidate	92	main
LGG	DS3	04	GSM5518630_LGG-04-1	Malignant_hypoxia_stress_malignant	6	main
LGG	DS3	04	GSM5518630_LGG-04-1	Mural_Pericyte_Fibroblast	11	main
LGG	DS3	04	GSM5518630_LGG-04-1	Oligodendrocyte_myelinating	91	main
LGG	DS3	04	GSM5518631_LGG-04-2	Endothelial	11	main
LGG	DS3	04	GSM5518631_LGG-04-2	Malignant_AC_like_reactive_malignant	9	main
LGG	DS3	04	GSM5518631_LGG-04-2	Malignant_NPC_neuronal_like_malignant	35	main
LGG	DS3	04	GSM5518631_LGG-04-2	Malignant_OPC_NPC_like_malignant	230	main
LGG	DS3	04	GSM5518631_LGG-04-2	Malignant_cycling_candidate	30	main
LGG	DS3	04	GSM5518631_LGG-04-2	Mural_Pericyte_Fibroblast	3	main
LGG	DS3	04	GSM5518631_LGG-04-2	Oligodendrocyte_myelinating	36	main
LGG	DS3	04	GSM5518632_LGG-04-3	Endothelial	2	main
LGG	DS3	04	GSM5518632_LGG-04-3	Malignant_AC_like_reactive_malignant	26	main
LGG	DS3	04	GSM5518632_LGG-04-3	Malignant_NPC_neuronal_like_malignant	41	main
LGG	DS3	04	GSM5518632_LGG-04-3	Malignant_OPC_NPC_like_malignant	1514	main
LGG	DS3	04	GSM5518632_LGG-04-3	Malignant_cycling_candidate	37	main
LGG	DS3	04	GSM5518632_LGG-04-3	Malignant_hypoxia_stress_malignant	3	main
LGG	DS3	04	GSM5518632_LGG-04-3	Mural_Pericyte_Fibroblast	1	main
LGG	DS3	04	GSM5518632_LGG-04-3	Oligodendrocyte_myelinating	147	main
ndGBM	DS3	01	GSM5518600_ndGBM-01-A	B_Plasma	10	main
ndGBM	DS3	01	GSM5518600_ndGBM-01-A	Malignant_AC_like_reactive_malignant	326	main
ndGBM	DS3	01	GSM5518600_ndGBM-01-A	Malignant_NPC_neuronal_like_malignant	27	main
ndGBM	DS3	01	GSM5518600_ndGBM-01-A	Malignant_OPC_NPC_like_malignant	1696	main
ndGBM	DS3	01	GSM5518600_ndGBM-01-A	Malignant_cycling_candidate	939	main
ndGBM	DS3	01	GSM5518600_ndGBM-01-A	Malignant_hypoxia_stress_malignant	1065	main
ndGBM	DS3	01	GSM5518600_ndGBM-01-A	Mural_Pericyte_Fibroblast	11	main
ndGBM	DS3	01	GSM5518600_ndGBM-01-A	Oligodendrocyte_myelinating	32	main
ndGBM	DS3	01	GSM5518601_ndGBM-01-C	B_Plasma	15	main
ndGBM	DS3	01	GSM5518601_ndGBM-01-C	Endothelial	2	main
ndGBM	DS3	01	GSM5518601_ndGBM-01-C	Malignant_AC_like_reactive_malignant	342	main
ndGBM	DS3	01	GSM5518601_ndGBM-01-C	Malignant_NPC_neuronal_like_malignant	111	main
ndGBM	DS3	01	GSM5518601_ndGBM-01-C	Malignant_OPC_NPC_like_malignant	3558	main
ndGBM	DS3	01	GSM5518601_ndGBM-01-C	Malignant_cycling_candidate	1687	main
ndGBM	DS3	01	GSM5518601_ndGBM-01-C	Malignant_hypoxia_stress_malignant	3134	main
ndGBM	DS3	01	GSM5518601_ndGBM-01-C	Mural_Pericyte_Fibroblast	4	main
ndGBM	DS3	01	GSM5518601_ndGBM-01-C	Oligodendrocyte_myelinating	14	main
ndGBM	DS3	01	GSM5518602_ndGBM-01-D	Endothelial	7	main
ndGBM	DS3	01	GSM5518602_ndGBM-01-D	Malignant_AC_like_reactive_malignant	63	main
ndGBM	DS3	01	GSM5518602_ndGBM-01-D	Malignant_NPC_neuronal_like_malignant	201	main
ndGBM	DS3	01	GSM5518602_ndGBM-01-D	Malignant_OPC_NPC_like_malignant	3988	main
ndGBM	DS3	01	GSM5518602_ndGBM-01-D	Malignant_cycling_candidate	2099	main
ndGBM	DS3	01	GSM5518602_ndGBM-01-D	Malignant_hypoxia_stress_malignant	371	main
ndGBM	DS3	01	GSM5518602_ndGBM-01-D	Mural_Pericyte_Fibroblast	14	main
ndGBM	DS3	01	GSM5518602_ndGBM-01-D	Oligodendrocyte_myelinating	73	main
ndGBM	DS3	01	GSM5518603_ndGBM-01-F	B_Plasma	2	main
ndGBM	DS3	01	GSM5518603_ndGBM-01-F	Endothelial	8	main
ndGBM	DS3	01	GSM5518603_ndGBM-01-F	Malignant_AC_like_reactive_malignant	68	main
ndGBM	DS3	01	GSM5518603_ndGBM-01-F	Malignant_NPC_neuronal_like_malignant	42	main
ndGBM	DS3	01	GSM5518603_ndGBM-01-F	Malignant_OPC_NPC_like_malignant	237	main
ndGBM	DS3	01	GSM5518603_ndGBM-01-F	Malignant_cycling_candidate	103	main
ndGBM	DS3	01	GSM5518603_ndGBM-01-F	Malignant_hypoxia_stress_malignant	37	main
ndGBM	DS3	01	GSM5518603_ndGBM-01-F	Mural_Pericyte_Fibroblast	19	main
ndGBM	DS3	01	GSM5518603_ndGBM-01-F	Oligodendrocyte_myelinating	379	main
ndGBM	DS3	02	GSM5518608_ndGBM-02-1	B_Plasma	3	main
ndGBM	DS3	02	GSM5518608_ndGBM-02-1	Endothelial	20	main
ndGBM	DS3	02	GSM5518608_ndGBM-02-1	Malignant_AC_like_reactive_malignant	364	main
ndGBM	DS3	02	GSM5518608_ndGBM-02-1	Malignant_NPC_neuronal_like_malignant	3	main
ndGBM	DS3	02	GSM5518608_ndGBM-02-1	Malignant_OPC_NPC_like_malignant	1373	main
ndGBM	DS3	02	GSM5518608_ndGBM-02-1	Malignant_cycling_candidate	438	main
ndGBM	DS3	02	GSM5518608_ndGBM-02-1	Malignant_hypoxia_stress_malignant	1820	main
ndGBM	DS3	02	GSM5518608_ndGBM-02-1	Mural_Pericyte_Fibroblast	560	main
ndGBM	DS3	02	GSM5518608_ndGBM-02-1	Oligodendrocyte_myelinating	6	main
ndGBM	DS3	02	GSM5518609_ndGBM-02-2	B_Plasma	16	main
ndGBM	DS3	02	GSM5518609_ndGBM-02-2	Endothelial	176	main
ndGBM	DS3	02	GSM5518609_ndGBM-02-2	Malignant_AC_like_reactive_malignant	113	main
ndGBM	DS3	02	GSM5518609_ndGBM-02-2	Malignant_NPC_neuronal_like_malignant	9	main
ndGBM	DS3	02	GSM5518609_ndGBM-02-2	Malignant_OPC_NPC_like_malignant	406	main
ndGBM	DS3	02	GSM5518609_ndGBM-02-2	Malignant_cycling_candidate	164	main
ndGBM	DS3	02	GSM5518609_ndGBM-02-2	Malignant_hypoxia_stress_malignant	120	main
ndGBM	DS3	02	GSM5518609_ndGBM-02-2	Mural_Pericyte_Fibroblast	451	main
ndGBM	DS3	02	GSM5518609_ndGBM-02-2	Oligodendrocyte_myelinating	14	main
ndGBM	DS3	02	GSM5518610_ndGBM-02-4	B_Plasma	7	main
ndGBM	DS3	02	GSM5518610_ndGBM-02-4	Endothelial	47	main
ndGBM	DS3	02	GSM5518610_ndGBM-02-4	Malignant_AC_like_reactive_malignant	388	main
ndGBM	DS3	02	GSM5518610_ndGBM-02-4	Malignant_NPC_neuronal_like_malignant	116	main
ndGBM	DS3	02	GSM5518610_ndGBM-02-4	Malignant_OPC_NPC_like_malignant	845	main
ndGBM	DS3	02	GSM5518610_ndGBM-02-4	Malignant_cycling_candidate	446	main
ndGBM	DS3	02	GSM5518610_ndGBM-02-4	Malignant_hypoxia_stress_malignant	261	main
ndGBM	DS3	02	GSM5518610_ndGBM-02-4	Mural_Pericyte_Fibroblast	277	main
ndGBM	DS3	02	GSM5518610_ndGBM-02-4	Oligodendrocyte_myelinating	8	main
ndGBM	DS3	02	GSM5518611_ndGBM-02-5	B_Plasma	5	main
ndGBM	DS3	02	GSM5518611_ndGBM-02-5	Endothelial	102	main
ndGBM	DS3	02	GSM5518611_ndGBM-02-5	Malignant_AC_like_reactive_malignant	415	main
ndGBM	DS3	02	GSM5518611_ndGBM-02-5	Malignant_NPC_neuronal_like_malignant	46	main
ndGBM	DS3	02	GSM5518611_ndGBM-02-5	Malignant_OPC_NPC_like_malignant	1142	main
ndGBM	DS3	02	GSM5518611_ndGBM-02-5	Malignant_cycling_candidate	460	main
ndGBM	DS3	02	GSM5518611_ndGBM-02-5	Malignant_hypoxia_stress_malignant	498	main
ndGBM	DS3	02	GSM5518611_ndGBM-02-5	Mural_Pericyte_Fibroblast	537	main
ndGBM	DS3	02	GSM5518611_ndGBM-02-5	Oligodendrocyte_myelinating	83	main
ndGBM	DS3	03	GSM5518623_ndGBM-03-1	B_Plasma	2	main
ndGBM	DS3	03	GSM5518623_ndGBM-03-1	Endothelial	5	main
ndGBM	DS3	03	GSM5518623_ndGBM-03-1	Malignant_AC_like_reactive_malignant	296	main
ndGBM	DS3	03	GSM5518623_ndGBM-03-1	Malignant_NPC_neuronal_like_malignant	7	main
ndGBM	DS3	03	GSM5518623_ndGBM-03-1	Malignant_OPC_NPC_like_malignant	772	main
ndGBM	DS3	03	GSM5518623_ndGBM-03-1	Malignant_cycling_candidate	869	main
ndGBM	DS3	03	GSM5518623_ndGBM-03-1	Malignant_hypoxia_stress_malignant	165	main
ndGBM	DS3	03	GSM5518623_ndGBM-03-1	Mural_Pericyte_Fibroblast	1	main
ndGBM	DS3	03	GSM5518623_ndGBM-03-1	Oligodendrocyte_myelinating	1	main
ndGBM	DS3	03	GSM5518624_ndGBM-03-2	B_Plasma	2	main
ndGBM	DS3	03	GSM5518624_ndGBM-03-2	Malignant_AC_like_reactive_malignant	104	main
ndGBM	DS3	03	GSM5518624_ndGBM-03-2	Malignant_OPC_NPC_like_malignant	3	main
ndGBM	DS3	03	GSM5518624_ndGBM-03-2	Mural_Pericyte_Fibroblast	2	main
ndGBM	DS3	03	GSM5518624_ndGBM-03-2	Oligodendrocyte_myelinating	33	main
ndGBM	DS3	03	GSM5518625_ndGBM-03-3	B_Plasma	1	main
ndGBM	DS3	03	GSM5518625_ndGBM-03-3	Endothelial	1	main
ndGBM	DS3	03	GSM5518625_ndGBM-03-3	Malignant_AC_like_reactive_malignant	221	main
ndGBM	DS3	03	GSM5518625_ndGBM-03-3	Malignant_NPC_neuronal_like_malignant	5	main
ndGBM	DS3	03	GSM5518625_ndGBM-03-3	Malignant_OPC_NPC_like_malignant	661	main
ndGBM	DS3	03	GSM5518625_ndGBM-03-3	Malignant_cycling_candidate	452	main
ndGBM	DS3	03	GSM5518625_ndGBM-03-3	Malignant_hypoxia_stress_malignant	13	main
ndGBM	DS3	03	GSM5518625_ndGBM-03-3	Oligodendrocyte_myelinating	30	main
ndGBM	DS3	04	GSM5518633_ndGBM-04	B_Plasma	1	main
ndGBM	DS3	04	GSM5518633_ndGBM-04	Endothelial	40	main
ndGBM	DS3	04	GSM5518633_ndGBM-04	Malignant_AC_like_reactive_malignant	800	main
ndGBM	DS3	04	GSM5518633_ndGBM-04	Malignant_NPC_neuronal_like_malignant	9	main
ndGBM	DS3	04	GSM5518633_ndGBM-04	Malignant_OPC_NPC_like_malignant	1402	main
ndGBM	DS3	04	GSM5518633_ndGBM-04	Malignant_cycling_candidate	1559	main
ndGBM	DS3	04	GSM5518633_ndGBM-04	Malignant_hypoxia_stress_malignant	888	main
ndGBM	DS3	04	GSM5518633_ndGBM-04	Mast_cell	2	main
ndGBM	DS3	04	GSM5518633_ndGBM-04	Mural_Pericyte_Fibroblast	11	main
ndGBM	DS3	04	GSM5518633_ndGBM-04	Oligodendrocyte_myelinating	7	main
ndGBM	DS3	05	GSM5518634_ndGBM-05	B_Plasma	4	main
ndGBM	DS3	05	GSM5518634_ndGBM-05	Endothelial	352	main
ndGBM	DS3	05	GSM5518634_ndGBM-05	Malignant_AC_like_reactive_malignant	407	main
ndGBM	DS3	05	GSM5518634_ndGBM-05	Malignant_NPC_neuronal_like_malignant	36	main
ndGBM	DS3	05	GSM5518634_ndGBM-05	Malignant_OPC_NPC_like_malignant	1669	main
ndGBM	DS3	05	GSM5518634_ndGBM-05	Malignant_cycling_candidate	928	main
ndGBM	DS3	05	GSM5518634_ndGBM-05	Malignant_hypoxia_stress_malignant	59	main
ndGBM	DS3	05	GSM5518634_ndGBM-05	Mural_Pericyte_Fibroblast	286	main
ndGBM	DS3	05	GSM5518634_ndGBM-05	Oligodendrocyte_myelinating	105	main
ndGBM	DS3	06	GSM5518635_ndGBM-06	Endothelial	8	main
ndGBM	DS3	06	GSM5518635_ndGBM-06	Malignant_AC_like_reactive_malignant	31	main
ndGBM	DS3	06	GSM5518635_ndGBM-06	Malignant_NPC_neuronal_like_malignant	9	main
ndGBM	DS3	06	GSM5518635_ndGBM-06	Malignant_OPC_NPC_like_malignant	404	main
ndGBM	DS3	06	GSM5518635_ndGBM-06	Malignant_cycling_candidate	82	main
ndGBM	DS3	06	GSM5518635_ndGBM-06	Malignant_hypoxia_stress_malignant	514	main
ndGBM	DS3	06	GSM5518635_ndGBM-06	Mural_Pericyte_Fibroblast	41	main
ndGBM	DS3	06	GSM5518635_ndGBM-06	Oligodendrocyte_myelinating	129	main
ndGBM	DS3	07	GSM5518636_ndGBM-07	B_Plasma	434	main
ndGBM	DS3	07	GSM5518636_ndGBM-07	Endothelial	6	main
ndGBM	DS3	07	GSM5518636_ndGBM-07	Malignant_AC_like_reactive_malignant	259	main
ndGBM	DS3	07	GSM5518636_ndGBM-07	Malignant_OPC_NPC_like_malignant	28	main
ndGBM	DS3	07	GSM5518636_ndGBM-07	Malignant_cycling_candidate	137	main
ndGBM	DS3	07	GSM5518636_ndGBM-07	Malignant_hypoxia_stress_malignant	182	main
ndGBM	DS3	07	GSM5518636_ndGBM-07	Mast_cell	113	main
ndGBM	DS3	07	GSM5518636_ndGBM-07	Mural_Pericyte_Fibroblast	2	main
ndGBM	DS3	07	GSM5518636_ndGBM-07	Oligodendrocyte_myelinating	229	main
ndGBM	DS3	08	GSM5518637_ndGBM-08	B_Plasma	2	main
ndGBM	DS3	08	GSM5518637_ndGBM-08	Endothelial	202	main
ndGBM	DS3	08	GSM5518637_ndGBM-08	Malignant_AC_like_reactive_malignant	143	main
ndGBM	DS3	08	GSM5518637_ndGBM-08	Malignant_NPC_neuronal_like_malignant	615	main
ndGBM	DS3	08	GSM5518637_ndGBM-08	Malignant_OPC_NPC_like_malignant	271	main
ndGBM	DS3	08	GSM5518637_ndGBM-08	Malignant_cycling_candidate	279	main
ndGBM	DS3	08	GSM5518637_ndGBM-08	Malignant_hypoxia_stress_malignant	236	main
ndGBM	DS3	08	GSM5518637_ndGBM-08	Mural_Pericyte_Fibroblast	167	main
ndGBM	DS3	08	GSM5518637_ndGBM-08	Oligodendrocyte_myelinating	42	main
ndGBM	DS3	09	GSM5518639_ndGBM-09	B_Plasma	115	main
ndGBM	DS3	09	GSM5518639_ndGBM-09	Endothelial	18	main
ndGBM	DS3	09	GSM5518639_ndGBM-09	Malignant_AC_like_reactive_malignant	505	main
ndGBM	DS3	09	GSM5518639_ndGBM-09	Malignant_NPC_neuronal_like_malignant	5	main
ndGBM	DS3	09	GSM5518639_ndGBM-09	Malignant_OPC_NPC_like_malignant	358	main
ndGBM	DS3	09	GSM5518639_ndGBM-09	Malignant_cycling_candidate	88	main
ndGBM	DS3	09	GSM5518639_ndGBM-09	Malignant_hypoxia_stress_malignant	113	main
ndGBM	DS3	09	GSM5518639_ndGBM-09	Mast_cell	7	main
ndGBM	DS3	09	GSM5518639_ndGBM-09	Mural_Pericyte_Fibroblast	60	main
ndGBM	DS3	09	GSM5518639_ndGBM-09	Oligodendrocyte_myelinating	2	main
ndGBM	DS3	10	GSM5518629_ndGBM-10	Malignant_AC_like_reactive_malignant	2	main
ndGBM	DS3	10	GSM5518629_ndGBM-10	Malignant_OPC_NPC_like_malignant	1	main
ndGBM	DS3	11	GSM5518605_ndGBM-11-B	Endothelial	4	main
ndGBM	DS3	11	GSM5518605_ndGBM-11-B	Mural_Pericyte_Fibroblast	1	main
ndGBM	DS3	11	GSM5518606_ndGBM-11-C	Endothelial	1	main
ndGBM	DS3	11	GSM5518606_ndGBM-11-C	Malignant_AC_like_reactive_malignant	16	main
ndGBM	DS3	11	GSM5518606_ndGBM-11-C	Malignant_OPC_NPC_like_malignant	15	main
ndGBM	DS3	11	GSM5518606_ndGBM-11-C	Mural_Pericyte_Fibroblast	2	main
ndGBM	DS3	11	GSM5518606_ndGBM-11-C	Oligodendrocyte_myelinating	53	main
ndGBM	DS3	11	GSM5518607_ndGBM-11-D	Endothelial	3	main
ndGBM	DS3	11	GSM5518607_ndGBM-11-D	Malignant_AC_like_reactive_malignant	1	main
ndGBM	DS3	11	GSM5518607_ndGBM-11-D	Malignant_OPC_NPC_like_malignant	1	main
ndGBM	DS3	11	GSM5518607_ndGBM-11-D	Oligodendrocyte_myelinating	1	main
rGBM	DS3	01	GSM5518596_rGBM-01-A	B_Plasma	17	main
rGBM	DS3	01	GSM5518596_rGBM-01-A	Endothelial	4	main
rGBM	DS3	01	GSM5518596_rGBM-01-A	Malignant_AC_like_reactive_malignant	12	main
rGBM	DS3	01	GSM5518596_rGBM-01-A	Malignant_OPC_NPC_like_malignant	45	main
rGBM	DS3	01	GSM5518596_rGBM-01-A	Malignant_cycling_candidate	46	main
rGBM	DS3	01	GSM5518596_rGBM-01-A	Malignant_hypoxia_stress_malignant	66	main
rGBM	DS3	01	GSM5518596_rGBM-01-A	Mural_Pericyte_Fibroblast	3	main
rGBM	DS3	01	GSM5518596_rGBM-01-A	Oligodendrocyte_myelinating	22	main
rGBM	DS3	01	GSM5518597_rGBM-01-B	B_Plasma	29	main
rGBM	DS3	01	GSM5518597_rGBM-01-B	Endothelial	8	main
rGBM	DS3	01	GSM5518597_rGBM-01-B	Malignant_AC_like_reactive_malignant	62	main
rGBM	DS3	01	GSM5518597_rGBM-01-B	Malignant_OPC_NPC_like_malignant	70	main
rGBM	DS3	01	GSM5518597_rGBM-01-B	Malignant_cycling_candidate	144	main
rGBM	DS3	01	GSM5518597_rGBM-01-B	Malignant_hypoxia_stress_malignant	184	main
rGBM	DS3	01	GSM5518597_rGBM-01-B	Mast_cell	2	main
rGBM	DS3	01	GSM5518597_rGBM-01-B	Mural_Pericyte_Fibroblast	2	main
rGBM	DS3	01	GSM5518597_rGBM-01-B	Oligodendrocyte_myelinating	170	main
rGBM	DS3	01	GSM5518598_rGBM-01-C	B_Plasma	6	main
rGBM	DS3	01	GSM5518598_rGBM-01-C	Endothelial	3	main
rGBM	DS3	01	GSM5518598_rGBM-01-C	Malignant_AC_like_reactive_malignant	3	main
rGBM	DS3	01	GSM5518598_rGBM-01-C	Malignant_OPC_NPC_like_malignant	5	main
rGBM	DS3	01	GSM5518598_rGBM-01-C	Malignant_cycling_candidate	12	main
rGBM	DS3	01	GSM5518598_rGBM-01-C	Malignant_hypoxia_stress_malignant	21	main
rGBM	DS3	01	GSM5518598_rGBM-01-C	Mural_Pericyte_Fibroblast	3	main
rGBM	DS3	01	GSM5518598_rGBM-01-C	Oligodendrocyte_myelinating	111	main
rGBM	DS3	01	GSM5518599_rGBM-01-D	B_Plasma	10	main
rGBM	DS3	01	GSM5518599_rGBM-01-D	Malignant_AC_like_reactive_malignant	74	main
rGBM	DS3	01	GSM5518599_rGBM-01-D	Malignant_OPC_NPC_like_malignant	102	main
rGBM	DS3	01	GSM5518599_rGBM-01-D	Malignant_cycling_candidate	165	main
rGBM	DS3	01	GSM5518599_rGBM-01-D	Malignant_hypoxia_stress_malignant	114	main
rGBM	DS3	01	GSM5518599_rGBM-01-D	Oligodendrocyte_myelinating	380	main
rGBM	DS3	02	GSM5518612_rGBM-02-2	B_Plasma	31	main
rGBM	DS3	02	GSM5518612_rGBM-02-2	Endothelial	9	main
rGBM	DS3	02	GSM5518612_rGBM-02-2	Malignant_AC_like_reactive_malignant	2	main
rGBM	DS3	02	GSM5518612_rGBM-02-2	Malignant_NPC_neuronal_like_malignant	1	main
rGBM	DS3	02	GSM5518612_rGBM-02-2	Malignant_OPC_NPC_like_malignant	11	main
rGBM	DS3	02	GSM5518612_rGBM-02-2	Malignant_hypoxia_stress_malignant	2	main
rGBM	DS3	02	GSM5518612_rGBM-02-2	Mast_cell	1	main
rGBM	DS3	02	GSM5518612_rGBM-02-2	Mural_Pericyte_Fibroblast	372	main
rGBM	DS3	02	GSM5518612_rGBM-02-2	Oligodendrocyte_myelinating	3	main
rGBM	DS3	02	GSM5518613_rGBM-02-3	B_Plasma	211	main
rGBM	DS3	02	GSM5518613_rGBM-02-3	Endothelial	53	main
rGBM	DS3	02	GSM5518613_rGBM-02-3	Malignant_AC_like_reactive_malignant	62	main
rGBM	DS3	02	GSM5518613_rGBM-02-3	Malignant_NPC_neuronal_like_malignant	94	main
rGBM	DS3	02	GSM5518613_rGBM-02-3	Malignant_OPC_NPC_like_malignant	753	main
rGBM	DS3	02	GSM5518613_rGBM-02-3	Malignant_cycling_candidate	210	main
rGBM	DS3	02	GSM5518613_rGBM-02-3	Malignant_hypoxia_stress_malignant	26	main
rGBM	DS3	02	GSM5518613_rGBM-02-3	Mast_cell	18	main
rGBM	DS3	02	GSM5518613_rGBM-02-3	Mural_Pericyte_Fibroblast	10	main
rGBM	DS3	02	GSM5518613_rGBM-02-3	Oligodendrocyte_myelinating	17	main
rGBM	DS3	02	GSM5518614_rGBM-02-4	B_Plasma	20	main
rGBM	DS3	02	GSM5518614_rGBM-02-4	Mast_cell	1	main
rGBM	DS3	02	GSM5518614_rGBM-02-4	Mural_Pericyte_Fibroblast	3	main
rGBM	DS3	02	GSM5518615_rGBM-02-5	B_Plasma	150	main
rGBM	DS3	02	GSM5518615_rGBM-02-5	Endothelial	231	main
rGBM	DS3	02	GSM5518615_rGBM-02-5	Malignant_AC_like_reactive_malignant	5	main
rGBM	DS3	02	GSM5518615_rGBM-02-5	Malignant_NPC_neuronal_like_malignant	1	main
rGBM	DS3	02	GSM5518615_rGBM-02-5	Malignant_OPC_NPC_like_malignant	25	main
rGBM	DS3	02	GSM5518615_rGBM-02-5	Malignant_cycling_candidate	18	main
rGBM	DS3	02	GSM5518615_rGBM-02-5	Malignant_hypoxia_stress_malignant	9	main
rGBM	DS3	02	GSM5518615_rGBM-02-5	Mast_cell	30	main
rGBM	DS3	02	GSM5518615_rGBM-02-5	Mural_Pericyte_Fibroblast	24	main
rGBM	DS3	02	GSM5518615_rGBM-02-5	Oligodendrocyte_myelinating	42	main
rGBM	DS3	03	GSM5518616_rGBM-03-1	B_Plasma	6	main
rGBM	DS3	03	GSM5518616_rGBM-03-1	Endothelial	8	main
rGBM	DS3	03	GSM5518616_rGBM-03-1	Malignant_AC_like_reactive_malignant	354	main
rGBM	DS3	03	GSM5518616_rGBM-03-1	Malignant_NPC_neuronal_like_malignant	13	main
rGBM	DS3	03	GSM5518616_rGBM-03-1	Malignant_OPC_NPC_like_malignant	1219	main
rGBM	DS3	03	GSM5518616_rGBM-03-1	Malignant_cycling_candidate	547	main
rGBM	DS3	03	GSM5518616_rGBM-03-1	Malignant_hypoxia_stress_malignant	484	main
rGBM	DS3	03	GSM5518616_rGBM-03-1	Oligodendrocyte_myelinating	131	main
rGBM	DS3	03	GSM5518617_rGBM-03-2	B_Plasma	8	main
rGBM	DS3	03	GSM5518617_rGBM-03-2	Endothelial	22	main
rGBM	DS3	03	GSM5518617_rGBM-03-2	Malignant_AC_like_reactive_malignant	69	main
rGBM	DS3	03	GSM5518617_rGBM-03-2	Malignant_NPC_neuronal_like_malignant	1	main
rGBM	DS3	03	GSM5518617_rGBM-03-2	Malignant_OPC_NPC_like_malignant	267	main
rGBM	DS3	03	GSM5518617_rGBM-03-2	Malignant_cycling_candidate	94	main
rGBM	DS3	03	GSM5518617_rGBM-03-2	Malignant_hypoxia_stress_malignant	316	main
rGBM	DS3	03	GSM5518617_rGBM-03-2	Mural_Pericyte_Fibroblast	7	main
rGBM	DS3	03	GSM5518617_rGBM-03-2	Oligodendrocyte_myelinating	49	main
rGBM	DS3	03	GSM5518618_rGBM-03-3	B_Plasma	31	main
rGBM	DS3	03	GSM5518618_rGBM-03-3	Endothelial	22	main
rGBM	DS3	03	GSM5518618_rGBM-03-3	Malignant_AC_like_reactive_malignant	123	main
rGBM	DS3	03	GSM5518618_rGBM-03-3	Malignant_NPC_neuronal_like_malignant	6	main
rGBM	DS3	03	GSM5518618_rGBM-03-3	Malignant_OPC_NPC_like_malignant	912	main
rGBM	DS3	03	GSM5518618_rGBM-03-3	Malignant_cycling_candidate	346	main
rGBM	DS3	03	GSM5518618_rGBM-03-3	Malignant_hypoxia_stress_malignant	335	main
rGBM	DS3	03	GSM5518618_rGBM-03-3	Mural_Pericyte_Fibroblast	4	main
rGBM	DS3	03	GSM5518618_rGBM-03-3	Oligodendrocyte_myelinating	41	main
rGBM	DS3	04	GSM5518619_rGBM-04-1	B_Plasma	5	main
rGBM	DS3	04	GSM5518619_rGBM-04-1	Endothelial	4	main
rGBM	DS3	04	GSM5518619_rGBM-04-1	Malignant_AC_like_reactive_malignant	681	main
rGBM	DS3	04	GSM5518619_rGBM-04-1	Malignant_NPC_neuronal_like_malignant	5	main
rGBM	DS3	04	GSM5518619_rGBM-04-1	Malignant_OPC_NPC_like_malignant	1848	main
rGBM	DS3	04	GSM5518619_rGBM-04-1	Malignant_cycling_candidate	1745	main
rGBM	DS3	04	GSM5518619_rGBM-04-1	Malignant_hypoxia_stress_malignant	8	main
rGBM	DS3	04	GSM5518619_rGBM-04-1	Mural_Pericyte_Fibroblast	1	main
rGBM	DS3	04	GSM5518619_rGBM-04-1	Oligodendrocyte_myelinating	860	main
rGBM	DS3	04	GSM5518620_rGBM-04-2	B_Plasma	2	main
rGBM	DS3	04	GSM5518620_rGBM-04-2	Endothelial	2	main
rGBM	DS3	04	GSM5518620_rGBM-04-2	Malignant_AC_like_reactive_malignant	420	main
rGBM	DS3	04	GSM5518620_rGBM-04-2	Malignant_NPC_neuronal_like_malignant	37	main
rGBM	DS3	04	GSM5518620_rGBM-04-2	Malignant_OPC_NPC_like_malignant	1733	main
rGBM	DS3	04	GSM5518620_rGBM-04-2	Malignant_cycling_candidate	2078	main
rGBM	DS3	04	GSM5518620_rGBM-04-2	Malignant_hypoxia_stress_malignant	191	main
rGBM	DS3	04	GSM5518620_rGBM-04-2	Mural_Pericyte_Fibroblast	1	main
rGBM	DS3	04	GSM5518620_rGBM-04-2	Oligodendrocyte_myelinating	387	main
rGBM	DS3	04	GSM5518621_rGBM-04-3	B_Plasma	2	main
rGBM	DS3	04	GSM5518621_rGBM-04-3	Endothelial	2	main
rGBM	DS3	04	GSM5518621_rGBM-04-3	Malignant_AC_like_reactive_malignant	428	main
rGBM	DS3	04	GSM5518621_rGBM-04-3	Malignant_NPC_neuronal_like_malignant	58	main
rGBM	DS3	04	GSM5518621_rGBM-04-3	Malignant_OPC_NPC_like_malignant	2131	main
rGBM	DS3	04	GSM5518621_rGBM-04-3	Malignant_cycling_candidate	2210	main
rGBM	DS3	04	GSM5518621_rGBM-04-3	Malignant_hypoxia_stress_malignant	197	main
rGBM	DS3	04	GSM5518621_rGBM-04-3	Oligodendrocyte_myelinating	837	main
rGBM	DS3	04	GSM5518622_rGBM-04-4	B_Plasma	3	main
rGBM	DS3	04	GSM5518622_rGBM-04-4	Endothelial	4	main
rGBM	DS3	04	GSM5518622_rGBM-04-4	Malignant_AC_like_reactive_malignant	333	main
rGBM	DS3	04	GSM5518622_rGBM-04-4	Malignant_NPC_neuronal_like_malignant	58	main
rGBM	DS3	04	GSM5518622_rGBM-04-4	Malignant_OPC_NPC_like_malignant	1452	main
rGBM	DS3	04	GSM5518622_rGBM-04-4	Malignant_cycling_candidate	1535	main
rGBM	DS3	04	GSM5518622_rGBM-04-4	Malignant_hypoxia_stress_malignant	165	main
rGBM	DS3	04	GSM5518622_rGBM-04-4	Mural_Pericyte_Fibroblast	1	main
rGBM	DS3	04	GSM5518622_rGBM-04-4	Oligodendrocyte_myelinating	293	main
rGBM	DS3	05	GSM5518626_rGBM-05-1	B_Plasma	2	main
rGBM	DS3	05	GSM5518626_rGBM-05-1	Endothelial	37	main
rGBM	DS3	05	GSM5518626_rGBM-05-1	Malignant_AC_like_reactive_malignant	219	main
rGBM	DS3	05	GSM5518626_rGBM-05-1	Malignant_NPC_neuronal_like_malignant	3	main
rGBM	DS3	05	GSM5518626_rGBM-05-1	Malignant_OPC_NPC_like_malignant	626	main
rGBM	DS3	05	GSM5518626_rGBM-05-1	Malignant_cycling_candidate	797	main
rGBM	DS3	05	GSM5518626_rGBM-05-1	Malignant_hypoxia_stress_malignant	232	main
rGBM	DS3	05	GSM5518626_rGBM-05-1	Mural_Pericyte_Fibroblast	11	main
rGBM	DS3	05	GSM5518627_rGBM-05-2	Endothelial	13	main
rGBM	DS3	05	GSM5518627_rGBM-05-2	Malignant_AC_like_reactive_malignant	373	main
rGBM	DS3	05	GSM5518627_rGBM-05-2	Malignant_NPC_neuronal_like_malignant	17	main
rGBM	DS3	05	GSM5518627_rGBM-05-2	Malignant_OPC_NPC_like_malignant	170	main
rGBM	DS3	05	GSM5518627_rGBM-05-2	Malignant_cycling_candidate	253	main
rGBM	DS3	05	GSM5518627_rGBM-05-2	Malignant_hypoxia_stress_malignant	866	main
rGBM	DS3	05	GSM5518627_rGBM-05-2	Mast_cell	2	main
rGBM	DS3	05	GSM5518627_rGBM-05-2	Mural_Pericyte_Fibroblast	5	main
rGBM	DS3	05	GSM5518628_rGBM-05-3	B_Plasma	1	main
rGBM	DS3	05	GSM5518628_rGBM-05-3	Endothelial	22	main
rGBM	DS3	05	GSM5518628_rGBM-05-3	Malignant_AC_like_reactive_malignant	100	main
rGBM	DS3	05	GSM5518628_rGBM-05-3	Malignant_NPC_neuronal_like_malignant	5	main
rGBM	DS3	05	GSM5518628_rGBM-05-3	Malignant_OPC_NPC_like_malignant	95	main
rGBM	DS3	05	GSM5518628_rGBM-05-3	Malignant_cycling_candidate	139	main
rGBM	DS3	05	GSM5518628_rGBM-05-3	Malignant_hypoxia_stress_malignant	213	main
rGBM	DS3	05	GSM5518628_rGBM-05-3	Mural_Pericyte_Fibroblast	14	main
GBM	DS1	PJ016	PJ016	Endothelial	7	exploratory
GBM	DS1	PJ016	PJ016	Malignant_AC_like_reactive_malignant	1759	exploratory
GBM	DS1	PJ016	PJ016	Malignant_NPC_neuronal_like_malignant	105	exploratory
GBM	DS1	PJ016	PJ016	Malignant_OPC_NPC_like_malignant	263	exploratory
GBM	DS1	PJ016	PJ016	Malignant_cycling_candidate	602	exploratory
GBM	DS1	PJ016	PJ016	Malignant_hypoxia_stress_malignant	75	exploratory
GBM	DS1	PJ016	PJ016	Mural_Pericyte_Fibroblast	1	exploratory
GBM	DS1	PJ016	PJ016	Oligodendrocyte_myelinating	1	exploratory
GBM	DS1	PJ016	PJ016	Review_cluster_12_review_MES_ECM_stromal_like_ambiguous_CNV_high	17	exploratory
GBM	DS1	PJ016	PJ016	Review_cluster_1_review_myeloid_C1Q_TREM2_APOE_TAM_mixed_CNV	1	exploratory
GBM	DS1	PJ016	PJ016	Review_cluster_5_review_T_NK_cells_dataset_biased_mixed_CNV	4	exploratory
GBM	DS1	PJ016	PJ016	Review_cluster_6_review_myeloid_APC_HLA_CD163_TAM_mixed_CNV	1	exploratory
GBM	DS1	PJ016	PJ016	Review_cluster_9_review_ambiguous_mixed_Hb_T_NK_HLA	2	exploratory
GBM	DS1	PJ017	PJ017	Endothelial	8	exploratory
GBM	DS1	PJ017	PJ017	Malignant_AC_like_reactive_malignant	198	exploratory
GBM	DS1	PJ017	PJ017	Malignant_NPC_neuronal_like_malignant	15	exploratory
GBM	DS1	PJ017	PJ017	Malignant_OPC_NPC_like_malignant	34	exploratory
GBM	DS1	PJ017	PJ017	Malignant_cycling_candidate	9	exploratory
GBM	DS1	PJ017	PJ017	Malignant_hypoxia_stress_malignant	294	exploratory
GBM	DS1	PJ017	PJ017	Mural_Pericyte_Fibroblast	4	exploratory
GBM	DS1	PJ017	PJ017	Oligodendrocyte_myelinating	4	exploratory
GBM	DS1	PJ017	PJ017	Review_cluster_10_review_myeloid_FCN1_inflammatory_monocyte_CNV_discordant	1	exploratory
GBM	DS1	PJ017	PJ017	Review_cluster_12_review_MES_ECM_stromal_like_ambiguous_CNV_high	3	exploratory
GBM	DS1	PJ017	PJ017	Review_cluster_1_review_myeloid_C1Q_TREM2_APOE_TAM_mixed_CNV	133	exploratory
GBM	DS1	PJ017	PJ017	Review_cluster_3_review_myeloid_inflammatory_MES_associated_mixed_CNV	196	exploratory
GBM	DS1	PJ017	PJ017	Review_cluster_5_review_T_NK_cells_dataset_biased_mixed_CNV	69	exploratory
GBM	DS1	PJ017	PJ017	Review_cluster_6_review_myeloid_APC_HLA_CD163_TAM_mixed_CNV	260	exploratory
GBM	DS1	PJ017	PJ017	Review_cluster_9_review_ambiguous_mixed_Hb_T_NK_HLA	9	exploratory
GBM	DS1	PJ018	PJ018	Endothelial	10	exploratory
GBM	DS1	PJ018	PJ018	Malignant_AC_like_reactive_malignant	95	exploratory
GBM	DS1	PJ018	PJ018	Malignant_NPC_neuronal_like_malignant	150	exploratory
GBM	DS1	PJ018	PJ018	Malignant_OPC_NPC_like_malignant	564	exploratory
GBM	DS1	PJ018	PJ018	Malignant_cycling_candidate	514	exploratory
GBM	DS1	PJ018	PJ018	Malignant_hypoxia_stress_malignant	666	exploratory
GBM	DS1	PJ018	PJ018	Mural_Pericyte_Fibroblast	21	exploratory
GBM	DS1	PJ018	PJ018	Oligodendrocyte_myelinating	73	exploratory
GBM	DS1	PJ018	PJ018	Review_cluster_1_review_myeloid_C1Q_TREM2_APOE_TAM_mixed_CNV	23	exploratory
GBM	DS1	PJ018	PJ018	Review_cluster_3_review_myeloid_inflammatory_MES_associated_mixed_CNV	37	exploratory
GBM	DS1	PJ018	PJ018	Review_cluster_5_review_T_NK_cells_dataset_biased_mixed_CNV	1	exploratory
GBM	DS1	PJ018	PJ018	Review_cluster_6_review_myeloid_APC_HLA_CD163_TAM_mixed_CNV	5	exploratory
GBM	DS1	PJ018	PJ018	Review_cluster_9_review_ambiguous_mixed_Hb_T_NK_HLA	4	exploratory
GBM	DS1	PJ025	PJ025	Endothelial	148	exploratory
GBM	DS1	PJ025	PJ025	Malignant_AC_like_reactive_malignant	1008	exploratory
GBM	DS1	PJ025	PJ025	Malignant_NPC_neuronal_like_malignant	2	exploratory
GBM	DS1	PJ025	PJ025	Malignant_OPC_NPC_like_malignant	2847	exploratory
GBM	DS1	PJ025	PJ025	Malignant_cycling_candidate	782	exploratory
GBM	DS1	PJ025	PJ025	Malignant_hypoxia_stress_malignant	675	exploratory
GBM	DS1	PJ025	PJ025	Mural_Pericyte_Fibroblast	218	exploratory
GBM	DS1	PJ025	PJ025	Review_cluster_12_review_MES_ECM_stromal_like_ambiguous_CNV_high	6	exploratory
GBM	DS1	PJ025	PJ025	Review_cluster_17_review_erythroid_Hb_high_or_ambient_RBC	1	exploratory
GBM	DS1	PJ025	PJ025	Review_cluster_1_review_myeloid_C1Q_TREM2_APOE_TAM_mixed_CNV	65	exploratory
GBM	DS1	PJ025	PJ025	Review_cluster_3_review_myeloid_inflammatory_MES_associated_mixed_CNV	8	exploratory
GBM	DS1	PJ025	PJ025	Review_cluster_5_review_T_NK_cells_dataset_biased_mixed_CNV	9	exploratory
GBM	DS1	PJ025	PJ025	Review_cluster_6_review_myeloid_APC_HLA_CD163_TAM_mixed_CNV	44	exploratory
GBM	DS1	PJ025	PJ025	Review_cluster_9_review_ambiguous_mixed_Hb_T_NK_HLA	16	exploratory
GBM	DS1	PJ030	PJ030	Endothelial	233	exploratory
GBM	DS1	PJ030	PJ030	Malignant_AC_like_reactive_malignant	886	exploratory
GBM	DS1	PJ030	PJ030	Malignant_NPC_neuronal_like_malignant	42	exploratory
GBM	DS1	PJ030	PJ030	Malignant_OPC_NPC_like_malignant	971	exploratory
GBM	DS1	PJ030	PJ030	Malignant_cycling_candidate	362	exploratory
GBM	DS1	PJ030	PJ030	Malignant_hypoxia_stress_malignant	2	exploratory
GBM	DS1	PJ030	PJ030	Mural_Pericyte_Fibroblast	111	exploratory
GBM	DS1	PJ030	PJ030	Oligodendrocyte_myelinating	66	exploratory
GBM	DS1	PJ030	PJ030	Review_cluster_12_review_MES_ECM_stromal_like_ambiguous_CNV_high	3	exploratory
GBM	DS1	PJ030	PJ030	Review_cluster_1_review_myeloid_C1Q_TREM2_APOE_TAM_mixed_CNV	322	exploratory
GBM	DS1	PJ030	PJ030	Review_cluster_3_review_myeloid_inflammatory_MES_associated_mixed_CNV	3	exploratory
GBM	DS1	PJ030	PJ030	Review_cluster_5_review_T_NK_cells_dataset_biased_mixed_CNV	9	exploratory
GBM	DS1	PJ030	PJ030	Review_cluster_6_review_myeloid_APC_HLA_CD163_TAM_mixed_CNV	13	exploratory
GBM	DS1	PJ030	PJ030	Review_cluster_9_review_ambiguous_mixed_Hb_T_NK_HLA	25	exploratory
GBM	DS1	PJ032	PJ032	Endothelial	1	exploratory
GBM	DS1	PJ032	PJ032	Malignant_AC_like_reactive_malignant	174	exploratory
GBM	DS1	PJ032	PJ032	Malignant_OPC_NPC_like_malignant	205	exploratory
GBM	DS1	PJ032	PJ032	Malignant_cycling_candidate	5	exploratory
GBM	DS1	PJ032	PJ032	Malignant_hypoxia_stress_malignant	178	exploratory
GBM	DS1	PJ032	PJ032	Mural_Pericyte_Fibroblast	10	exploratory
GBM	DS1	PJ032	PJ032	Oligodendrocyte_myelinating	4	exploratory
GBM	DS1	PJ032	PJ032	Review_cluster_12_review_MES_ECM_stromal_like_ambiguous_CNV_high	6	exploratory
GBM	DS1	PJ032	PJ032	Review_cluster_1_review_myeloid_C1Q_TREM2_APOE_TAM_mixed_CNV	557	exploratory
GBM	DS1	PJ032	PJ032	Review_cluster_3_review_myeloid_inflammatory_MES_associated_mixed_CNV	122	exploratory
GBM	DS1	PJ032	PJ032	Review_cluster_5_review_T_NK_cells_dataset_biased_mixed_CNV	5	exploratory
GBM	DS1	PJ032	PJ032	Review_cluster_6_review_myeloid_APC_HLA_CD163_TAM_mixed_CNV	60	exploratory
GBM	DS1	PJ032	PJ032	Review_cluster_9_review_ambiguous_mixed_Hb_T_NK_HLA	27	exploratory
GBM	DS1	PJ035	PJ035	Endothelial	71	exploratory
GBM	DS1	PJ035	PJ035	Malignant_AC_like_reactive_malignant	485	exploratory
GBM	DS1	PJ035	PJ035	Malignant_NPC_neuronal_like_malignant	84	exploratory
GBM	DS1	PJ035	PJ035	Malignant_OPC_NPC_like_malignant	1112	exploratory
GBM	DS1	PJ035	PJ035	Malignant_cycling_candidate	1181	exploratory
GBM	DS1	PJ035	PJ035	Malignant_hypoxia_stress_malignant	154	exploratory
GBM	DS1	PJ035	PJ035	Mural_Pericyte_Fibroblast	69	exploratory
GBM	DS1	PJ035	PJ035	Oligodendrocyte_myelinating	6	exploratory
GBM	DS1	PJ035	PJ035	Review_cluster_12_review_MES_ECM_stromal_like_ambiguous_CNV_high	2	exploratory
GBM	DS1	PJ035	PJ035	Review_cluster_1_review_myeloid_C1Q_TREM2_APOE_TAM_mixed_CNV	433	exploratory
GBM	DS1	PJ035	PJ035	Review_cluster_3_review_myeloid_inflammatory_MES_associated_mixed_CNV	49	exploratory
GBM	DS1	PJ035	PJ035	Review_cluster_5_review_T_NK_cells_dataset_biased_mixed_CNV	5	exploratory
GBM	DS1	PJ035	PJ035	Review_cluster_6_review_myeloid_APC_HLA_CD163_TAM_mixed_CNV	9	exploratory
GBM	DS1	PJ035	PJ035	Review_cluster_9_review_ambiguous_mixed_Hb_T_NK_HLA	47	exploratory
GBM	DS1	PJ048	PJ048	B_Plasma	1	exploratory
GBM	DS1	PJ048	PJ048	Endothelial	28	exploratory
GBM	DS1	PJ048	PJ048	Malignant_AC_like_reactive_malignant	275	exploratory
GBM	DS1	PJ048	PJ048	Malignant_NPC_neuronal_like_malignant	802	exploratory
GBM	DS1	PJ048	PJ048	Malignant_OPC_NPC_like_malignant	611	exploratory
GBM	DS1	PJ048	PJ048	Malignant_cycling_candidate	989	exploratory
GBM	DS1	PJ048	PJ048	Malignant_hypoxia_stress_malignant	264	exploratory
GBM	DS1	PJ048	PJ048	Mural_Pericyte_Fibroblast	32	exploratory
GBM	DS1	PJ048	PJ048	Oligodendrocyte_myelinating	18	exploratory
GBM	DS1	PJ048	PJ048	Review_cluster_12_review_MES_ECM_stromal_like_ambiguous_CNV_high	3	exploratory
GBM	DS1	PJ048	PJ048	Review_cluster_1_review_myeloid_C1Q_TREM2_APOE_TAM_mixed_CNV	4	exploratory
GBM	DS1	PJ048	PJ048	Review_cluster_3_review_myeloid_inflammatory_MES_associated_mixed_CNV	2	exploratory
GBM	DS1	PJ048	PJ048	Review_cluster_5_review_T_NK_cells_dataset_biased_mixed_CNV	2	exploratory
GBM	DS2	PDC001	PDC001	Endothelial	223	exploratory
GBM	DS2	PDC001	PDC001	Malignant_AC_like_reactive_malignant	1663	exploratory
GBM	DS2	PDC001	PDC001	Malignant_NPC_neuronal_like_malignant	3	exploratory
GBM	DS2	PDC001	PDC001	Malignant_OPC_NPC_like_malignant	1985	exploratory
GBM	DS2	PDC001	PDC001	Malignant_cycling_candidate	1976	exploratory
GBM	DS2	PDC001	PDC001	Malignant_hypoxia_stress_malignant	94	exploratory
GBM	DS2	PDC001	PDC001	Mural_Pericyte_Fibroblast	23	exploratory
GBM	DS2	PDC001	PDC001	Oligodendrocyte_myelinating	4	exploratory
GBM	DS2	PDC001	PDC001	Review_cluster_1_review_myeloid_C1Q_TREM2_APOE_TAM_mixed_CNV	152	exploratory
GBM	DS2	PDC001	PDC001	Review_cluster_3_review_myeloid_inflammatory_MES_associated_mixed_CNV	22	exploratory
GBM	DS2	PDC001	PDC001	Review_cluster_5_review_T_NK_cells_dataset_biased_mixed_CNV	2	exploratory
GBM	DS2	PDC001	PDC001	Review_cluster_6_review_myeloid_APC_HLA_CD163_TAM_mixed_CNV	115	exploratory
GBM	DS2	PDC001	PDC001	Review_cluster_9_review_ambiguous_mixed_Hb_T_NK_HLA	63	exploratory
GBM	DS2	PJ052	PJ052	Endothelial	10	exploratory
GBM	DS2	PJ052	PJ052	Malignant_AC_like_reactive_malignant	77	exploratory
GBM	DS2	PJ052	PJ052	Malignant_NPC_neuronal_like_malignant	29	exploratory
GBM	DS2	PJ052	PJ052	Malignant_OPC_NPC_like_malignant	948	exploratory
GBM	DS2	PJ052	PJ052	Malignant_cycling_candidate	249	exploratory
GBM	DS2	PJ052	PJ052	Malignant_hypoxia_stress_malignant	23	exploratory
GBM	DS2	PJ052	PJ052	Mural_Pericyte_Fibroblast	1	exploratory
GBM	DS2	PJ052	PJ052	Review_cluster_12_review_MES_ECM_stromal_like_ambiguous_CNV_high	1	exploratory
GBM	DS2	PJ052	PJ052	Review_cluster_1_review_myeloid_C1Q_TREM2_APOE_TAM_mixed_CNV	21	exploratory
GBM	DS2	PJ052	PJ052	Review_cluster_3_review_myeloid_inflammatory_MES_associated_mixed_CNV	1	exploratory
GBM	DS2	PJ052	PJ052	Review_cluster_6_review_myeloid_APC_HLA_CD163_TAM_mixed_CNV	1	exploratory
GBM	DS2	PJ052	PJ052	Review_cluster_9_review_ambiguous_mixed_Hb_T_NK_HLA	3	exploratory
GBM	DS2	PJ053	PJ053	Endothelial	73	exploratory
GBM	DS2	PJ053	PJ053	Malignant_AC_like_reactive_malignant	182	exploratory
GBM	DS2	PJ053	PJ053	Malignant_NPC_neuronal_like_malignant	457	exploratory
GBM	DS2	PJ053	PJ053	Malignant_OPC_NPC_like_malignant	590	exploratory
GBM	DS2	PJ053	PJ053	Malignant_cycling_candidate	290	exploratory
GBM	DS2	PJ053	PJ053	Malignant_hypoxia_stress_malignant	1110	exploratory
GBM	DS2	PJ053	PJ053	Mural_Pericyte_Fibroblast	12	exploratory
GBM	DS2	PJ053	PJ053	Oligodendrocyte_myelinating	199	exploratory
GBM	DS2	PJ053	PJ053	Review_cluster_12_review_MES_ECM_stromal_like_ambiguous_CNV_high	7	exploratory
GBM	DS2	PJ053	PJ053	Review_cluster_1_review_myeloid_C1Q_TREM2_APOE_TAM_mixed_CNV	21	exploratory
GBM	DS2	PJ053	PJ053	Review_cluster_3_review_myeloid_inflammatory_MES_associated_mixed_CNV	88	exploratory
GBM	DS2	PJ053	PJ053	Review_cluster_9_review_ambiguous_mixed_Hb_T_NK_HLA	5	exploratory
GBM	DS2	PW016-703	PW016-703	Malignant_AC_like_reactive_malignant	173	exploratory
GBM	DS2	PW016-703	PW016-703	Malignant_NPC_neuronal_like_malignant	247	exploratory
GBM	DS2	PW016-703	PW016-703	Malignant_OPC_NPC_like_malignant	190	exploratory
GBM	DS2	PW016-703	PW016-703	Malignant_cycling_candidate	406	exploratory
GBM	DS2	PW016-703	PW016-703	Malignant_hypoxia_stress_malignant	146	exploratory
GBM	DS2	PW016-703	PW016-703	Mural_Pericyte_Fibroblast	1	exploratory
GBM	DS2	PW016-703	PW016-703	Oligodendrocyte_myelinating	59	exploratory
GBM	DS2	PW016-703	PW016-703	Review_cluster_1_review_myeloid_C1Q_TREM2_APOE_TAM_mixed_CNV	143	exploratory
GBM	DS2	PW016-703	PW016-703	Review_cluster_3_review_myeloid_inflammatory_MES_associated_mixed_CNV	125	exploratory
GBM	DS2	PW016-703	PW016-703	Review_cluster_5_review_T_NK_cells_dataset_biased_mixed_CNV	2	exploratory
GBM	DS2	PW016-703	PW016-703	Review_cluster_6_review_myeloid_APC_HLA_CD163_TAM_mixed_CNV	12	exploratory
GBM	DS2	PW016-703	PW016-703	Review_cluster_9_review_ambiguous_mixed_Hb_T_NK_HLA	26	exploratory
GBM	DS2	PW017-703	PW017-703	Endothelial	3	exploratory
GBM	DS2	PW017-703	PW017-703	Malignant_AC_like_reactive_malignant	297	exploratory
GBM	DS2	PW017-703	PW017-703	Malignant_NPC_neuronal_like_malignant	19	exploratory
GBM	DS2	PW017-703	PW017-703	Malignant_OPC_NPC_like_malignant	267	exploratory
GBM	DS2	PW017-703	PW017-703	Malignant_cycling_candidate	274	exploratory
GBM	DS2	PW017-703	PW017-703	Malignant_hypoxia_stress_malignant	215	exploratory
GBM	DS2	PW017-703	PW017-703	Mural_Pericyte_Fibroblast	7	exploratory
GBM	DS2	PW017-703	PW017-703	Oligodendrocyte_myelinating	10	exploratory
GBM	DS2	PW017-703	PW017-703	Review_cluster_10_review_myeloid_FCN1_inflammatory_monocyte_CNV_discordant	1	exploratory
GBM	DS2	PW017-703	PW017-703	Review_cluster_12_review_MES_ECM_stromal_like_ambiguous_CNV_high	3	exploratory
GBM	DS2	PW017-703	PW017-703	Review_cluster_1_review_myeloid_C1Q_TREM2_APOE_TAM_mixed_CNV	238	exploratory
GBM	DS2	PW017-703	PW017-703	Review_cluster_3_review_myeloid_inflammatory_MES_associated_mixed_CNV	146	exploratory
GBM	DS2	PW017-703	PW017-703	Review_cluster_5_review_T_NK_cells_dataset_biased_mixed_CNV	3	exploratory
GBM	DS2	PW017-703	PW017-703	Review_cluster_6_review_myeloid_APC_HLA_CD163_TAM_mixed_CNV	13	exploratory
GBM	DS2	PW017-703	PW017-703	Review_cluster_9_review_ambiguous_mixed_Hb_T_NK_HLA	18	exploratory
GBM	DS2	PW032-706	PW032-706	Endothelial	160	exploratory
GBM	DS2	PW032-706	PW032-706	Malignant_AC_like_reactive_malignant	407	exploratory
GBM	DS2	PW032-706	PW032-706	Malignant_NPC_neuronal_like_malignant	13	exploratory
GBM	DS2	PW032-706	PW032-706	Malignant_OPC_NPC_like_malignant	2446	exploratory
GBM	DS2	PW032-706	PW032-706	Malignant_cycling_candidate	1581	exploratory
GBM	DS2	PW032-706	PW032-706	Malignant_hypoxia_stress_malignant	86	exploratory
GBM	DS2	PW032-706	PW032-706	Mural_Pericyte_Fibroblast	12	exploratory
GBM	DS2	PW032-706	PW032-706	Review_cluster_12_review_MES_ECM_stromal_like_ambiguous_CNV_high	6	exploratory
GBM	DS2	PW032-706	PW032-706	Review_cluster_1_review_myeloid_C1Q_TREM2_APOE_TAM_mixed_CNV	6	exploratory
GBM	DS2	PW032-706	PW032-706	Review_cluster_3_review_myeloid_inflammatory_MES_associated_mixed_CNV	9	exploratory
GBM	DS2	PW032-706	PW032-706	Review_cluster_5_review_T_NK_cells_dataset_biased_mixed_CNV	10	exploratory
GBM	DS2	PW032-706	PW032-706	Review_cluster_9_review_ambiguous_mixed_Hb_T_NK_HLA	10	exploratory
GBM	DS2	PW032-710	PW032-710	Endothelial	21	exploratory
GBM	DS2	PW032-710	PW032-710	Malignant_AC_like_reactive_malignant	78	exploratory
GBM	DS2	PW032-710	PW032-710	Malignant_OPC_NPC_like_malignant	153	exploratory
GBM	DS2	PW032-710	PW032-710	Malignant_cycling_candidate	120	exploratory
GBM	DS2	PW032-710	PW032-710	Malignant_hypoxia_stress_malignant	185	exploratory
GBM	DS2	PW032-710	PW032-710	Mural_Pericyte_Fibroblast	29	exploratory
GBM	DS2	PW032-710	PW032-710	Oligodendrocyte_myelinating	65	exploratory
GBM	DS2	PW032-710	PW032-710	Review_cluster_12_review_MES_ECM_stromal_like_ambiguous_CNV_high	5	exploratory
GBM	DS2	PW032-710	PW032-710	Review_cluster_17_review_erythroid_Hb_high_or_ambient_RBC	1	exploratory
GBM	DS2	PW032-710	PW032-710	Review_cluster_1_review_myeloid_C1Q_TREM2_APOE_TAM_mixed_CNV	194	exploratory
GBM	DS2	PW032-710	PW032-710	Review_cluster_3_review_myeloid_inflammatory_MES_associated_mixed_CNV	120	exploratory
GBM	DS2	PW032-710	PW032-710	Review_cluster_6_review_myeloid_APC_HLA_CD163_TAM_mixed_CNV	3	exploratory
GBM	DS2	PW032-710	PW032-710	Review_cluster_9_review_ambiguous_mixed_Hb_T_NK_HLA	5	exploratory
GBM	DS2	PW035-710	PW035-710	Endothelial	1	exploratory
GBM	DS2	PW035-710	PW035-710	Malignant_AC_like_reactive_malignant	24	exploratory
GBM	DS2	PW035-710	PW035-710	Malignant_OPC_NPC_like_malignant	594	exploratory
GBM	DS2	PW035-710	PW035-710	Malignant_cycling_candidate	184	exploratory
GBM	DS2	PW035-710	PW035-710	Malignant_hypoxia_stress_malignant	7	exploratory
GBM	DS2	PW035-710	PW035-710	Oligodendrocyte_myelinating	13	exploratory
GBM	DS2	PW035-710	PW035-710	Review_cluster_12_review_MES_ECM_stromal_like_ambiguous_CNV_high	2	exploratory
GBM	DS2	PW035-710	PW035-710	Review_cluster_17_review_erythroid_Hb_high_or_ambient_RBC	1	exploratory
GBM	DS2	PW035-710	PW035-710	Review_cluster_1_review_myeloid_C1Q_TREM2_APOE_TAM_mixed_CNV	16	exploratory
GBM	DS2	PW035-710	PW035-710	Review_cluster_3_review_myeloid_inflammatory_MES_associated_mixed_CNV	2	exploratory
GBM	DS2	PW035-710	PW035-710	Review_cluster_5_review_T_NK_cells_dataset_biased_mixed_CNV	6	exploratory
GBM	DS2	PW035-710	PW035-710	Review_cluster_6_review_myeloid_APC_HLA_CD163_TAM_mixed_CNV	88	exploratory
GBM	DS2	PW035-710	PW035-710	Review_cluster_9_review_ambiguous_mixed_Hb_T_NK_HLA	15	exploratory
GBM	DS2	PW039-705	PW039-705	Endothelial	2	exploratory
GBM	DS2	PW039-705	PW039-705	Malignant_AC_like_reactive_malignant	33	exploratory
GBM	DS2	PW039-705	PW039-705	Malignant_NPC_neuronal_like_malignant	9	exploratory
GBM	DS2	PW039-705	PW039-705	Malignant_OPC_NPC_like_malignant	29	exploratory
GBM	DS2	PW039-705	PW039-705	Malignant_cycling_candidate	2	exploratory
GBM	DS2	PW039-705	PW039-705	Malignant_hypoxia_stress_malignant	428	exploratory
GBM	DS2	PW039-705	PW039-705	Oligodendrocyte_myelinating	249	exploratory
GBM	DS2	PW039-705	PW039-705	Review_cluster_12_review_MES_ECM_stromal_like_ambiguous_CNV_high	6	exploratory
GBM	DS2	PW039-705	PW039-705	Review_cluster_17_review_erythroid_Hb_high_or_ambient_RBC	1	exploratory
GBM	DS2	PW039-705	PW039-705	Review_cluster_1_review_myeloid_C1Q_TREM2_APOE_TAM_mixed_CNV	17	exploratory
GBM	DS2	PW039-705	PW039-705	Review_cluster_3_review_myeloid_inflammatory_MES_associated_mixed_CNV	159	exploratory
GBM	DS2	PW039-705	PW039-705	Review_cluster_5_review_T_NK_cells_dataset_biased_mixed_CNV	2	exploratory
GBM	DS2	PW039-705	PW039-705	Review_cluster_6_review_myeloid_APC_HLA_CD163_TAM_mixed_CNV	2	exploratory
GBM	DS2	PW039-705	PW039-705	Review_cluster_9_review_ambiguous_mixed_Hb_T_NK_HLA	7	exploratory
GBM	DS4	GSM8546833_BT356	GSM8546833_BT356	Endothelial	5	exploratory
GBM	DS4	GSM8546833_BT356	GSM8546833_BT356	Malignant_AC_like_reactive_malignant	928	exploratory
GBM	DS4	GSM8546833_BT356	GSM8546833_BT356	Malignant_NPC_neuronal_like_malignant	16	exploratory
GBM	DS4	GSM8546833_BT356	GSM8546833_BT356	Malignant_OPC_NPC_like_malignant	403	exploratory
GBM	DS4	GSM8546833_BT356	GSM8546833_BT356	Malignant_cycling_candidate	677	exploratory
GBM	DS4	GSM8546833_BT356	GSM8546833_BT356	Malignant_hypoxia_stress_malignant	4917	exploratory
GBM	DS4	GSM8546833_BT356	GSM8546833_BT356	Mural_Pericyte_Fibroblast	34	exploratory
GBM	DS4	GSM8546833_BT356	GSM8546833_BT356	Oligodendrocyte_myelinating	95	exploratory
GBM	DS4	GSM8546833_BT356	GSM8546833_BT356	Review_cluster_10_review_myeloid_FCN1_inflammatory_monocyte_CNV_discordant	1	exploratory
GBM	DS4	GSM8546833_BT356	GSM8546833_BT356	Review_cluster_12_review_MES_ECM_stromal_like_ambiguous_CNV_high	10	exploratory
GBM	DS4	GSM8546833_BT356	GSM8546833_BT356	Review_cluster_17_review_erythroid_Hb_high_or_ambient_RBC	2	exploratory
GBM	DS4	GSM8546833_BT356	GSM8546833_BT356	Review_cluster_1_review_myeloid_C1Q_TREM2_APOE_TAM_mixed_CNV	1	exploratory
GBM	DS4	GSM8546833_BT356	GSM8546833_BT356	Review_cluster_3_review_myeloid_inflammatory_MES_associated_mixed_CNV	18	exploratory
GBM	DS4	GSM8546833_BT356	GSM8546833_BT356	Review_cluster_5_review_T_NK_cells_dataset_biased_mixed_CNV	2	exploratory
GBM	DS4	GSM8546833_BT356	GSM8546833_BT356	Review_cluster_9_review_ambiguous_mixed_Hb_T_NK_HLA	3	exploratory
GBM	DS4	GSM8546834_BT363	GSM8546834_BT363	Endothelial	10	exploratory
GBM	DS4	GSM8546834_BT363	GSM8546834_BT363	Malignant_AC_like_reactive_malignant	2722	exploratory
GBM	DS4	GSM8546834_BT363	GSM8546834_BT363	Malignant_NPC_neuronal_like_malignant	41	exploratory
GBM	DS4	GSM8546834_BT363	GSM8546834_BT363	Malignant_OPC_NPC_like_malignant	2635	exploratory
GBM	DS4	GSM8546834_BT363	GSM8546834_BT363	Malignant_cycling_candidate	547	exploratory
GBM	DS4	GSM8546834_BT363	GSM8546834_BT363	Malignant_hypoxia_stress_malignant	2483	exploratory
GBM	DS4	GSM8546834_BT363	GSM8546834_BT363	Mural_Pericyte_Fibroblast	5	exploratory
GBM	DS4	GSM8546834_BT363	GSM8546834_BT363	Oligodendrocyte_myelinating	250	exploratory
GBM	DS4	GSM8546834_BT363	GSM8546834_BT363	Review_cluster_10_review_myeloid_FCN1_inflammatory_monocyte_CNV_discordant	1	exploratory
GBM	DS4	GSM8546834_BT363	GSM8546834_BT363	Review_cluster_12_review_MES_ECM_stromal_like_ambiguous_CNV_high	8	exploratory
GBM	DS4	GSM8546834_BT363	GSM8546834_BT363	Review_cluster_17_review_erythroid_Hb_high_or_ambient_RBC	2	exploratory
GBM	DS4	GSM8546834_BT363	GSM8546834_BT363	Review_cluster_1_review_myeloid_C1Q_TREM2_APOE_TAM_mixed_CNV	62	exploratory
GBM	DS4	GSM8546834_BT363	GSM8546834_BT363	Review_cluster_3_review_myeloid_inflammatory_MES_associated_mixed_CNV	115	exploratory
GBM	DS4	GSM8546834_BT363	GSM8546834_BT363	Review_cluster_6_review_myeloid_APC_HLA_CD163_TAM_mixed_CNV	17	exploratory
GBM	DS4	GSM8546834_BT363	GSM8546834_BT363	Review_cluster_9_review_ambiguous_mixed_Hb_T_NK_HLA	30	exploratory
GBM	DS4	GSM8546835_BT364	GSM8546835_BT364	Malignant_AC_like_reactive_malignant	526	exploratory
GBM	DS4	GSM8546835_BT364	GSM8546835_BT364	Malignant_NPC_neuronal_like_malignant	26	exploratory
GBM	DS4	GSM8546835_BT364	GSM8546835_BT364	Malignant_OPC_NPC_like_malignant	1860	exploratory
GBM	DS4	GSM8546835_BT364	GSM8546835_BT364	Malignant_cycling_candidate	765	exploratory
GBM	DS4	GSM8546835_BT364	GSM8546835_BT364	Malignant_hypoxia_stress_malignant	1803	exploratory
GBM	DS4	GSM8546835_BT364	GSM8546835_BT364	Oligodendrocyte_myelinating	221	exploratory
GBM	DS4	GSM8546835_BT364	GSM8546835_BT364	Review_cluster_10_review_myeloid_FCN1_inflammatory_monocyte_CNV_discordant	5	exploratory
GBM	DS4	GSM8546835_BT364	GSM8546835_BT364	Review_cluster_12_review_MES_ECM_stromal_like_ambiguous_CNV_high	33	exploratory
GBM	DS4	GSM8546835_BT364	GSM8546835_BT364	Review_cluster_17_review_erythroid_Hb_high_or_ambient_RBC	2	exploratory
GBM	DS4	GSM8546835_BT364	GSM8546835_BT364	Review_cluster_1_review_myeloid_C1Q_TREM2_APOE_TAM_mixed_CNV	212	exploratory
GBM	DS4	GSM8546835_BT364	GSM8546835_BT364	Review_cluster_3_review_myeloid_inflammatory_MES_associated_mixed_CNV	164	exploratory
GBM	DS4	GSM8546835_BT364	GSM8546835_BT364	Review_cluster_5_review_T_NK_cells_dataset_biased_mixed_CNV	3	exploratory
GBM	DS4	GSM8546835_BT364	GSM8546835_BT364	Review_cluster_6_review_myeloid_APC_HLA_CD163_TAM_mixed_CNV	87	exploratory
GBM	DS4	GSM8546835_BT364	GSM8546835_BT364	Review_cluster_9_review_ambiguous_mixed_Hb_T_NK_HLA	12	exploratory
GBM	DS4	GSM8546836_BT368	GSM8546836_BT368	Malignant_AC_like_reactive_malignant	172	exploratory
GBM	DS4	GSM8546836_BT368	GSM8546836_BT368	Malignant_NPC_neuronal_like_malignant	956	exploratory
GBM	DS4	GSM8546836_BT368	GSM8546836_BT368	Malignant_OPC_NPC_like_malignant	426	exploratory
GBM	DS4	GSM8546836_BT368	GSM8546836_BT368	Malignant_cycling_candidate	439	exploratory
GBM	DS4	GSM8546836_BT368	GSM8546836_BT368	Malignant_hypoxia_stress_malignant	152	exploratory
GBM	DS4	GSM8546836_BT368	GSM8546836_BT368	Mural_Pericyte_Fibroblast	3	exploratory
GBM	DS4	GSM8546836_BT368	GSM8546836_BT368	Oligodendrocyte_myelinating	20	exploratory
GBM	DS4	GSM8546836_BT368	GSM8546836_BT368	Review_cluster_10_review_myeloid_FCN1_inflammatory_monocyte_CNV_discordant	2	exploratory
GBM	DS4	GSM8546836_BT368	GSM8546836_BT368	Review_cluster_1_review_myeloid_C1Q_TREM2_APOE_TAM_mixed_CNV	41	exploratory
GBM	DS4	GSM8546836_BT368	GSM8546836_BT368	Review_cluster_3_review_myeloid_inflammatory_MES_associated_mixed_CNV	49	exploratory
GBM	DS4	GSM8546836_BT368	GSM8546836_BT368	Review_cluster_5_review_T_NK_cells_dataset_biased_mixed_CNV	2	exploratory
GBM	DS4	GSM8546836_BT368	GSM8546836_BT368	Review_cluster_6_review_myeloid_APC_HLA_CD163_TAM_mixed_CNV	77	exploratory
GBM	DS4	GSM8546836_BT368	GSM8546836_BT368	Review_cluster_9_review_ambiguous_mixed_Hb_T_NK_HLA	9	exploratory
GBM	DS4	GSM8546837_BT369	GSM8546837_BT369	B_Plasma	3	exploratory
GBM	DS4	GSM8546837_BT369	GSM8546837_BT369	Endothelial	3	exploratory
GBM	DS4	GSM8546837_BT369	GSM8546837_BT369	Malignant_AC_like_reactive_malignant	70	exploratory
GBM	DS4	GSM8546837_BT369	GSM8546837_BT369	Malignant_NPC_neuronal_like_malignant	7	exploratory
GBM	DS4	GSM8546837_BT369	GSM8546837_BT369	Malignant_OPC_NPC_like_malignant	901	exploratory
GBM	DS4	GSM8546837_BT369	GSM8546837_BT369	Malignant_cycling_candidate	282	exploratory
GBM	DS4	GSM8546837_BT369	GSM8546837_BT369	Malignant_hypoxia_stress_malignant	126	exploratory
GBM	DS4	GSM8546837_BT369	GSM8546837_BT369	Mast_cell	3	exploratory
GBM	DS4	GSM8546837_BT369	GSM8546837_BT369	Oligodendrocyte_myelinating	123	exploratory
GBM	DS4	GSM8546837_BT369	GSM8546837_BT369	Review_cluster_10_review_myeloid_FCN1_inflammatory_monocyte_CNV_discordant	9	exploratory
GBM	DS4	GSM8546837_BT369	GSM8546837_BT369	Review_cluster_12_review_MES_ECM_stromal_like_ambiguous_CNV_high	4	exploratory
GBM	DS4	GSM8546837_BT369	GSM8546837_BT369	Review_cluster_17_review_erythroid_Hb_high_or_ambient_RBC	1	exploratory
GBM	DS4	GSM8546837_BT369	GSM8546837_BT369	Review_cluster_1_review_myeloid_C1Q_TREM2_APOE_TAM_mixed_CNV	342	exploratory
GBM	DS4	GSM8546837_BT369	GSM8546837_BT369	Review_cluster_3_review_myeloid_inflammatory_MES_associated_mixed_CNV	152	exploratory
GBM	DS4	GSM8546837_BT369	GSM8546837_BT369	Review_cluster_5_review_T_NK_cells_dataset_biased_mixed_CNV	18	exploratory
GBM	DS4	GSM8546837_BT369	GSM8546837_BT369	Review_cluster_6_review_myeloid_APC_HLA_CD163_TAM_mixed_CNV	536	exploratory
GBM	DS4	GSM8546837_BT369	GSM8546837_BT369	Review_cluster_9_review_ambiguous_mixed_Hb_T_NK_HLA	37	exploratory
GBM	DS4	GSM8546838_BT373	GSM8546838_BT373	B_Plasma	1	exploratory
GBM	DS4	GSM8546838_BT373	GSM8546838_BT373	Malignant_AC_like_reactive_malignant	413	exploratory
GBM	DS4	GSM8546838_BT373	GSM8546838_BT373	Malignant_NPC_neuronal_like_malignant	123	exploratory
GBM	DS4	GSM8546838_BT373	GSM8546838_BT373	Malignant_OPC_NPC_like_malignant	798	exploratory
GBM	DS4	GSM8546838_BT373	GSM8546838_BT373	Malignant_cycling_candidate	796	exploratory
GBM	DS4	GSM8546838_BT373	GSM8546838_BT373	Malignant_hypoxia_stress_malignant	2763	exploratory
GBM	DS4	GSM8546838_BT373	GSM8546838_BT373	Mural_Pericyte_Fibroblast	1	exploratory
GBM	DS4	GSM8546838_BT373	GSM8546838_BT373	Oligodendrocyte_myelinating	178	exploratory
GBM	DS4	GSM8546838_BT373	GSM8546838_BT373	Review_cluster_10_review_myeloid_FCN1_inflammatory_monocyte_CNV_discordant	4	exploratory
GBM	DS4	GSM8546838_BT373	GSM8546838_BT373	Review_cluster_12_review_MES_ECM_stromal_like_ambiguous_CNV_high	11	exploratory
GBM	DS4	GSM8546838_BT373	GSM8546838_BT373	Review_cluster_17_review_erythroid_Hb_high_or_ambient_RBC	2	exploratory
GBM	DS4	GSM8546838_BT373	GSM8546838_BT373	Review_cluster_1_review_myeloid_C1Q_TREM2_APOE_TAM_mixed_CNV	213	exploratory
GBM	DS4	GSM8546838_BT373	GSM8546838_BT373	Review_cluster_3_review_myeloid_inflammatory_MES_associated_mixed_CNV	642	exploratory
GBM	DS4	GSM8546838_BT373	GSM8546838_BT373	Review_cluster_6_review_myeloid_APC_HLA_CD163_TAM_mixed_CNV	249	exploratory
GBM	DS4	GSM8546838_BT373	GSM8546838_BT373	Review_cluster_9_review_ambiguous_mixed_Hb_T_NK_HLA	47	exploratory
GBM	DS4	GSM8546839_BT374	GSM8546839_BT374	Malignant_AC_like_reactive_malignant	146	exploratory
GBM	DS4	GSM8546839_BT374	GSM8546839_BT374	Malignant_NPC_neuronal_like_malignant	1	exploratory
GBM	DS4	GSM8546839_BT374	GSM8546839_BT374	Malignant_OPC_NPC_like_malignant	757	exploratory
GBM	DS4	GSM8546839_BT374	GSM8546839_BT374	Malignant_cycling_candidate	154	exploratory
GBM	DS4	GSM8546839_BT374	GSM8546839_BT374	Malignant_hypoxia_stress_malignant	650	exploratory
GBM	DS4	GSM8546839_BT374	GSM8546839_BT374	Oligodendrocyte_myelinating	105	exploratory
GBM	DS4	GSM8546839_BT374	GSM8546839_BT374	Review_cluster_12_review_MES_ECM_stromal_like_ambiguous_CNV_high	39	exploratory
GBM	DS4	GSM8546839_BT374	GSM8546839_BT374	Review_cluster_1_review_myeloid_C1Q_TREM2_APOE_TAM_mixed_CNV	71	exploratory
GBM	DS4	GSM8546839_BT374	GSM8546839_BT374	Review_cluster_3_review_myeloid_inflammatory_MES_associated_mixed_CNV	102	exploratory
GBM	DS4	GSM8546839_BT374	GSM8546839_BT374	Review_cluster_5_review_T_NK_cells_dataset_biased_mixed_CNV	3	exploratory
GBM	DS4	GSM8546839_BT374	GSM8546839_BT374	Review_cluster_6_review_myeloid_APC_HLA_CD163_TAM_mixed_CNV	253	exploratory
GBM	DS4	GSM8546839_BT374	GSM8546839_BT374	Review_cluster_9_review_ambiguous_mixed_Hb_T_NK_HLA	2	exploratory
GBM	DS4	GSM8546840_BT377	GSM8546840_BT377	Endothelial	1	exploratory
GBM	DS4	GSM8546840_BT377	GSM8546840_BT377	Malignant_AC_like_reactive_malignant	15	exploratory
GBM	DS4	GSM8546840_BT377	GSM8546840_BT377	Malignant_NPC_neuronal_like_malignant	131	exploratory
GBM	DS4	GSM8546840_BT377	GSM8546840_BT377	Malignant_OPC_NPC_like_malignant	353	exploratory
GBM	DS4	GSM8546840_BT377	GSM8546840_BT377	Malignant_cycling_candidate	181	exploratory
GBM	DS4	GSM8546840_BT377	GSM8546840_BT377	Malignant_hypoxia_stress_malignant	28	exploratory
GBM	DS4	GSM8546840_BT377	GSM8546840_BT377	Oligodendrocyte_myelinating	58	exploratory
GBM	DS4	GSM8546840_BT377	GSM8546840_BT377	Review_cluster_10_review_myeloid_FCN1_inflammatory_monocyte_CNV_discordant	1	exploratory
GBM	DS4	GSM8546840_BT377	GSM8546840_BT377	Review_cluster_1_review_myeloid_C1Q_TREM2_APOE_TAM_mixed_CNV	2003	exploratory
GBM	DS4	GSM8546840_BT377	GSM8546840_BT377	Review_cluster_3_review_myeloid_inflammatory_MES_associated_mixed_CNV	472	exploratory
GBM	DS4	GSM8546840_BT377	GSM8546840_BT377	Review_cluster_5_review_T_NK_cells_dataset_biased_mixed_CNV	21	exploratory
GBM	DS4	GSM8546840_BT377	GSM8546840_BT377	Review_cluster_6_review_myeloid_APC_HLA_CD163_TAM_mixed_CNV	200	exploratory
GBM	DS4	GSM8546840_BT377	GSM8546840_BT377	Review_cluster_9_review_ambiguous_mixed_Hb_T_NK_HLA	23	exploratory
GBM	DS4	GSM8546841_BT380	GSM8546841_BT380	Malignant_AC_like_reactive_malignant	78	exploratory
GBM	DS4	GSM8546841_BT380	GSM8546841_BT380	Malignant_NPC_neuronal_like_malignant	9	exploratory
GBM	DS4	GSM8546841_BT380	GSM8546841_BT380	Malignant_OPC_NPC_like_malignant	270	exploratory
GBM	DS4	GSM8546841_BT380	GSM8546841_BT380	Malignant_cycling_candidate	167	exploratory
GBM	DS4	GSM8546841_BT380	GSM8546841_BT380	Malignant_hypoxia_stress_malignant	483	exploratory
GBM	DS4	GSM8546841_BT380	GSM8546841_BT380	Oligodendrocyte_myelinating	75	exploratory
GBM	DS4	GSM8546841_BT380	GSM8546841_BT380	Review_cluster_10_review_myeloid_FCN1_inflammatory_monocyte_CNV_discordant	2	exploratory
GBM	DS4	GSM8546841_BT380	GSM8546841_BT380	Review_cluster_12_review_MES_ECM_stromal_like_ambiguous_CNV_high	6	exploratory
GBM	DS4	GSM8546841_BT380	GSM8546841_BT380	Review_cluster_1_review_myeloid_C1Q_TREM2_APOE_TAM_mixed_CNV	1233	exploratory
GBM	DS4	GSM8546841_BT380	GSM8546841_BT380	Review_cluster_3_review_myeloid_inflammatory_MES_associated_mixed_CNV	1121	exploratory
GBM	DS4	GSM8546841_BT380	GSM8546841_BT380	Review_cluster_5_review_T_NK_cells_dataset_biased_mixed_CNV	6	exploratory
GBM	DS4	GSM8546841_BT380	GSM8546841_BT380	Review_cluster_6_review_myeloid_APC_HLA_CD163_TAM_mixed_CNV	368	exploratory
GBM	DS4	GSM8546841_BT380	GSM8546841_BT380	Review_cluster_9_review_ambiguous_mixed_Hb_T_NK_HLA	30	exploratory
GBM	DS4	GSM8546842_BT389A	GSM8546842_BT389A	Endothelial	1	exploratory
GBM	DS4	GSM8546842_BT389A	GSM8546842_BT389A	Malignant_AC_like_reactive_malignant	162	exploratory
GBM	DS4	GSM8546842_BT389A	GSM8546842_BT389A	Malignant_NPC_neuronal_like_malignant	3	exploratory
GBM	DS4	GSM8546842_BT389A	GSM8546842_BT389A	Malignant_OPC_NPC_like_malignant	128	exploratory
GBM	DS4	GSM8546842_BT389A	GSM8546842_BT389A	Malignant_cycling_candidate	102	exploratory
GBM	DS4	GSM8546842_BT389A	GSM8546842_BT389A	Malignant_hypoxia_stress_malignant	107	exploratory
GBM	DS4	GSM8546842_BT389A	GSM8546842_BT389A	Mural_Pericyte_Fibroblast	12	exploratory
GBM	DS4	GSM8546842_BT389A	GSM8546842_BT389A	Oligodendrocyte_myelinating	1464	exploratory
GBM	DS4	GSM8546842_BT389A	GSM8546842_BT389A	Review_cluster_10_review_myeloid_FCN1_inflammatory_monocyte_CNV_discordant	3	exploratory
GBM	DS4	GSM8546842_BT389A	GSM8546842_BT389A	Review_cluster_12_review_MES_ECM_stromal_like_ambiguous_CNV_high	2	exploratory
GBM	DS4	GSM8546842_BT389A	GSM8546842_BT389A	Review_cluster_17_review_erythroid_Hb_high_or_ambient_RBC	4	exploratory
GBM	DS4	GSM8546842_BT389A	GSM8546842_BT389A	Review_cluster_1_review_myeloid_C1Q_TREM2_APOE_TAM_mixed_CNV	531	exploratory
GBM	DS4	GSM8546842_BT389A	GSM8546842_BT389A	Review_cluster_3_review_myeloid_inflammatory_MES_associated_mixed_CNV	846	exploratory
GBM	DS4	GSM8546842_BT389A	GSM8546842_BT389A	Review_cluster_5_review_T_NK_cells_dataset_biased_mixed_CNV	25	exploratory
GBM	DS4	GSM8546842_BT389A	GSM8546842_BT389A	Review_cluster_6_review_myeloid_APC_HLA_CD163_TAM_mixed_CNV	1038	exploratory
GBM	DS4	GSM8546842_BT389A	GSM8546842_BT389A	Review_cluster_9_review_ambiguous_mixed_Hb_T_NK_HLA	50	exploratory
GBM	DS4	GSM8546843_BT389	GSM8546843_BT389	B_Plasma	1	exploratory
GBM	DS4	GSM8546843_BT389	GSM8546843_BT389	Malignant_AC_like_reactive_malignant	31	exploratory
GBM	DS4	GSM8546843_BT389	GSM8546843_BT389	Malignant_NPC_neuronal_like_malignant	314	exploratory
GBM	DS4	GSM8546843_BT389	GSM8546843_BT389	Malignant_OPC_NPC_like_malignant	219	exploratory
GBM	DS4	GSM8546843_BT389	GSM8546843_BT389	Malignant_cycling_candidate	347	exploratory
GBM	DS4	GSM8546843_BT389	GSM8546843_BT389	Malignant_hypoxia_stress_malignant	125	exploratory
GBM	DS4	GSM8546843_BT389	GSM8546843_BT389	Oligodendrocyte_myelinating	104	exploratory
GBM	DS4	GSM8546843_BT389	GSM8546843_BT389	Review_cluster_10_review_myeloid_FCN1_inflammatory_monocyte_CNV_discordant	7	exploratory
GBM	DS4	GSM8546843_BT389	GSM8546843_BT389	Review_cluster_1_review_myeloid_C1Q_TREM2_APOE_TAM_mixed_CNV	1586	exploratory
GBM	DS4	GSM8546843_BT389	GSM8546843_BT389	Review_cluster_3_review_myeloid_inflammatory_MES_associated_mixed_CNV	488	exploratory
GBM	DS4	GSM8546843_BT389	GSM8546843_BT389	Review_cluster_5_review_T_NK_cells_dataset_biased_mixed_CNV	23	exploratory
GBM	DS4	GSM8546843_BT389	GSM8546843_BT389	Review_cluster_6_review_myeloid_APC_HLA_CD163_TAM_mixed_CNV	667	exploratory
GBM	DS4	GSM8546843_BT389	GSM8546843_BT389	Review_cluster_9_review_ambiguous_mixed_Hb_T_NK_HLA	75	exploratory
GBM	DS4	GSM8546844_BT390	GSM8546844_BT390	Malignant_AC_like_reactive_malignant	123	exploratory
GBM	DS4	GSM8546844_BT390	GSM8546844_BT390	Malignant_NPC_neuronal_like_malignant	13	exploratory
GBM	DS4	GSM8546844_BT390	GSM8546844_BT390	Malignant_OPC_NPC_like_malignant	319	exploratory
GBM	DS4	GSM8546844_BT390	GSM8546844_BT390	Malignant_cycling_candidate	175	exploratory
GBM	DS4	GSM8546844_BT390	GSM8546844_BT390	Malignant_hypoxia_stress_malignant	434	exploratory
GBM	DS4	GSM8546844_BT390	GSM8546844_BT390	Oligodendrocyte_myelinating	702	exploratory
GBM	DS4	GSM8546844_BT390	GSM8546844_BT390	Review_cluster_10_review_myeloid_FCN1_inflammatory_monocyte_CNV_discordant	3	exploratory
GBM	DS4	GSM8546844_BT390	GSM8546844_BT390	Review_cluster_12_review_MES_ECM_stromal_like_ambiguous_CNV_high	4	exploratory
GBM	DS4	GSM8546844_BT390	GSM8546844_BT390	Review_cluster_1_review_myeloid_C1Q_TREM2_APOE_TAM_mixed_CNV	835	exploratory
GBM	DS4	GSM8546844_BT390	GSM8546844_BT390	Review_cluster_3_review_myeloid_inflammatory_MES_associated_mixed_CNV	626	exploratory
GBM	DS4	GSM8546844_BT390	GSM8546844_BT390	Review_cluster_5_review_T_NK_cells_dataset_biased_mixed_CNV	4	exploratory
GBM	DS4	GSM8546844_BT390	GSM8546844_BT390	Review_cluster_6_review_myeloid_APC_HLA_CD163_TAM_mixed_CNV	69	exploratory
GBM	DS4	GSM8546844_BT390	GSM8546844_BT390	Review_cluster_9_review_ambiguous_mixed_Hb_T_NK_HLA	29	exploratory
GBM	DS4	GSM8546845_BT396	GSM8546845_BT396	Malignant_AC_like_reactive_malignant	53	exploratory
GBM	DS4	GSM8546845_BT396	GSM8546845_BT396	Malignant_NPC_neuronal_like_malignant	64	exploratory
GBM	DS4	GSM8546845_BT396	GSM8546845_BT396	Malignant_OPC_NPC_like_malignant	332	exploratory
GBM	DS4	GSM8546845_BT396	GSM8546845_BT396	Malignant_cycling_candidate	113	exploratory
GBM	DS4	GSM8546845_BT396	GSM8546845_BT396	Malignant_hypoxia_stress_malignant	52	exploratory
GBM	DS4	GSM8546845_BT396	GSM8546845_BT396	Oligodendrocyte_myelinating	1680	exploratory
GBM	DS4	GSM8546845_BT396	GSM8546845_BT396	Review_cluster_10_review_myeloid_FCN1_inflammatory_monocyte_CNV_discordant	1	exploratory
GBM	DS4	GSM8546845_BT396	GSM8546845_BT396	Review_cluster_12_review_MES_ECM_stromal_like_ambiguous_CNV_high	1	exploratory
GBM	DS4	GSM8546845_BT396	GSM8546845_BT396	Review_cluster_1_review_myeloid_C1Q_TREM2_APOE_TAM_mixed_CNV	1053	exploratory
GBM	DS4	GSM8546845_BT396	GSM8546845_BT396	Review_cluster_3_review_myeloid_inflammatory_MES_associated_mixed_CNV	99	exploratory
GBM	DS4	GSM8546845_BT396	GSM8546845_BT396	Review_cluster_5_review_T_NK_cells_dataset_biased_mixed_CNV	23	exploratory
GBM	DS4	GSM8546845_BT396	GSM8546845_BT396	Review_cluster_6_review_myeloid_APC_HLA_CD163_TAM_mixed_CNV	104	exploratory
GBM	DS4	GSM8546845_BT396	GSM8546845_BT396	Review_cluster_9_review_ambiguous_mixed_Hb_T_NK_HLA	2	exploratory
GBM	DS4	GSM8546846_BT397	GSM8546846_BT397	B_Plasma	2	exploratory
GBM	DS4	GSM8546846_BT397	GSM8546846_BT397	Malignant_AC_like_reactive_malignant	25	exploratory
GBM	DS4	GSM8546846_BT397	GSM8546846_BT397	Malignant_NPC_neuronal_like_malignant	92	exploratory
GBM	DS4	GSM8546846_BT397	GSM8546846_BT397	Malignant_OPC_NPC_like_malignant	189	exploratory
GBM	DS4	GSM8546846_BT397	GSM8546846_BT397	Malignant_cycling_candidate	214	exploratory
GBM	DS4	GSM8546846_BT397	GSM8546846_BT397	Malignant_hypoxia_stress_malignant	19	exploratory
GBM	DS4	GSM8546846_BT397	GSM8546846_BT397	Mast_cell	1	exploratory
GBM	DS4	GSM8546846_BT397	GSM8546846_BT397	Oligodendrocyte_myelinating	33	exploratory
GBM	DS4	GSM8546846_BT397	GSM8546846_BT397	Review_cluster_10_review_myeloid_FCN1_inflammatory_monocyte_CNV_discordant	29	exploratory
GBM	DS4	GSM8546846_BT397	GSM8546846_BT397	Review_cluster_1_review_myeloid_C1Q_TREM2_APOE_TAM_mixed_CNV	1447	exploratory
GBM	DS4	GSM8546846_BT397	GSM8546846_BT397	Review_cluster_3_review_myeloid_inflammatory_MES_associated_mixed_CNV	304	exploratory
GBM	DS4	GSM8546846_BT397	GSM8546846_BT397	Review_cluster_5_review_T_NK_cells_dataset_biased_mixed_CNV	56	exploratory
GBM	DS4	GSM8546846_BT397	GSM8546846_BT397	Review_cluster_6_review_myeloid_APC_HLA_CD163_TAM_mixed_CNV	504	exploratory
GBM	DS4	GSM8546846_BT397	GSM8546846_BT397	Review_cluster_9_review_ambiguous_mixed_Hb_T_NK_HLA	1	exploratory
GBM	DS4	GSM8546847_BT400	GSM8546847_BT400	Endothelial	2	exploratory
GBM	DS4	GSM8546847_BT400	GSM8546847_BT400	Malignant_AC_like_reactive_malignant	109	exploratory
GBM	DS4	GSM8546847_BT400	GSM8546847_BT400	Malignant_NPC_neuronal_like_malignant	148	exploratory
GBM	DS4	GSM8546847_BT400	GSM8546847_BT400	Malignant_OPC_NPC_like_malignant	2281	exploratory
GBM	DS4	GSM8546847_BT400	GSM8546847_BT400	Malignant_cycling_candidate	1700	exploratory
GBM	DS4	GSM8546847_BT400	GSM8546847_BT400	Malignant_hypoxia_stress_malignant	172	exploratory
GBM	DS4	GSM8546847_BT400	GSM8546847_BT400	Mural_Pericyte_Fibroblast	8	exploratory
GBM	DS4	GSM8546847_BT400	GSM8546847_BT400	Oligodendrocyte_myelinating	6	exploratory
GBM	DS4	GSM8546847_BT400	GSM8546847_BT400	Review_cluster_12_review_MES_ECM_stromal_like_ambiguous_CNV_high	22	exploratory
GBM	DS4	GSM8546847_BT400	GSM8546847_BT400	Review_cluster_1_review_myeloid_C1Q_TREM2_APOE_TAM_mixed_CNV	348	exploratory
GBM	DS4	GSM8546847_BT400	GSM8546847_BT400	Review_cluster_3_review_myeloid_inflammatory_MES_associated_mixed_CNV	27	exploratory
GBM	DS4	GSM8546847_BT400	GSM8546847_BT400	Review_cluster_5_review_T_NK_cells_dataset_biased_mixed_CNV	1	exploratory
GBM	DS4	GSM8546847_BT400	GSM8546847_BT400	Review_cluster_6_review_myeloid_APC_HLA_CD163_TAM_mixed_CNV	50	exploratory
GBM	DS4	GSM8546847_BT400	GSM8546847_BT400	Review_cluster_9_review_ambiguous_mixed_Hb_T_NK_HLA	37	exploratory
GBM	DS4	GSM8546848_BT402	GSM8546848_BT402	B_Plasma	1	exploratory
GBM	DS4	GSM8546848_BT402	GSM8546848_BT402	Malignant_AC_like_reactive_malignant	15	exploratory
GBM	DS4	GSM8546848_BT402	GSM8546848_BT402	Malignant_NPC_neuronal_like_malignant	15	exploratory
GBM	DS4	GSM8546848_BT402	GSM8546848_BT402	Malignant_OPC_NPC_like_malignant	764	exploratory
GBM	DS4	GSM8546848_BT402	GSM8546848_BT402	Malignant_cycling_candidate	248	exploratory
GBM	DS4	GSM8546848_BT402	GSM8546848_BT402	Malignant_hypoxia_stress_malignant	2	exploratory
GBM	DS4	GSM8546848_BT402	GSM8546848_BT402	Mural_Pericyte_Fibroblast	1	exploratory
GBM	DS4	GSM8546848_BT402	GSM8546848_BT402	Oligodendrocyte_myelinating	45	exploratory
GBM	DS4	GSM8546848_BT402	GSM8546848_BT402	Review_cluster_10_review_myeloid_FCN1_inflammatory_monocyte_CNV_discordant	10	exploratory
GBM	DS4	GSM8546848_BT402	GSM8546848_BT402	Review_cluster_17_review_erythroid_Hb_high_or_ambient_RBC	1	exploratory
GBM	DS4	GSM8546848_BT402	GSM8546848_BT402	Review_cluster_1_review_myeloid_C1Q_TREM2_APOE_TAM_mixed_CNV	2861	exploratory
GBM	DS4	GSM8546848_BT402	GSM8546848_BT402	Review_cluster_3_review_myeloid_inflammatory_MES_associated_mixed_CNV	84	exploratory
GBM	DS4	GSM8546848_BT402	GSM8546848_BT402	Review_cluster_5_review_T_NK_cells_dataset_biased_mixed_CNV	75	exploratory
GBM	DS4	GSM8546848_BT402	GSM8546848_BT402	Review_cluster_6_review_myeloid_APC_HLA_CD163_TAM_mixed_CNV	586	exploratory
GBM	DS4	GSM8546848_BT402	GSM8546848_BT402	Review_cluster_9_review_ambiguous_mixed_Hb_T_NK_HLA	46	exploratory
GBM	DS4	GSM8546849_BT407	GSM8546849_BT407	B_Plasma	2	exploratory
GBM	DS4	GSM8546849_BT407	GSM8546849_BT407	Malignant_AC_like_reactive_malignant	43	exploratory
GBM	DS4	GSM8546849_BT407	GSM8546849_BT407	Malignant_NPC_neuronal_like_malignant	5	exploratory
GBM	DS4	GSM8546849_BT407	GSM8546849_BT407	Malignant_OPC_NPC_like_malignant	34	exploratory
GBM	DS4	GSM8546849_BT407	GSM8546849_BT407	Malignant_cycling_candidate	18	exploratory
GBM	DS4	GSM8546849_BT407	GSM8546849_BT407	Malignant_hypoxia_stress_malignant	11	exploratory
GBM	DS4	GSM8546849_BT407	GSM8546849_BT407	Oligodendrocyte_myelinating	127	exploratory
GBM	DS4	GSM8546849_BT407	GSM8546849_BT407	Review_cluster_10_review_myeloid_FCN1_inflammatory_monocyte_CNV_discordant	27	exploratory
GBM	DS4	GSM8546849_BT407	GSM8546849_BT407	Review_cluster_12_review_MES_ECM_stromal_like_ambiguous_CNV_high	1	exploratory
GBM	DS4	GSM8546849_BT407	GSM8546849_BT407	Review_cluster_17_review_erythroid_Hb_high_or_ambient_RBC	1	exploratory
GBM	DS4	GSM8546849_BT407	GSM8546849_BT407	Review_cluster_1_review_myeloid_C1Q_TREM2_APOE_TAM_mixed_CNV	2279	exploratory
GBM	DS4	GSM8546849_BT407	GSM8546849_BT407	Review_cluster_3_review_myeloid_inflammatory_MES_associated_mixed_CNV	305	exploratory
GBM	DS4	GSM8546849_BT407	GSM8546849_BT407	Review_cluster_5_review_T_NK_cells_dataset_biased_mixed_CNV	25	exploratory
GBM	DS4	GSM8546849_BT407	GSM8546849_BT407	Review_cluster_6_review_myeloid_APC_HLA_CD163_TAM_mixed_CNV	588	exploratory
GBM	DS4	GSM8546849_BT407	GSM8546849_BT407	Review_cluster_9_review_ambiguous_mixed_Hb_T_NK_HLA	8	exploratory
GBM	DS4	GSM8546850_BT408	GSM8546850_BT408	Endothelial	4	exploratory
GBM	DS4	GSM8546850_BT408	GSM8546850_BT408	Malignant_AC_like_reactive_malignant	39	exploratory
GBM	DS4	GSM8546850_BT408	GSM8546850_BT408	Malignant_cycling_candidate	3	exploratory
GBM	DS4	GSM8546850_BT408	GSM8546850_BT408	Malignant_hypoxia_stress_malignant	2	exploratory
GBM	DS4	GSM8546850_BT408	GSM8546850_BT408	Oligodendrocyte_myelinating	768	exploratory
GBM	DS4	GSM8546850_BT408	GSM8546850_BT408	Review_cluster_10_review_myeloid_FCN1_inflammatory_monocyte_CNV_discordant	13	exploratory
GBM	DS4	GSM8546850_BT408	GSM8546850_BT408	Review_cluster_17_review_erythroid_Hb_high_or_ambient_RBC	2	exploratory
GBM	DS4	GSM8546850_BT408	GSM8546850_BT408	Review_cluster_1_review_myeloid_C1Q_TREM2_APOE_TAM_mixed_CNV	546	exploratory
GBM	DS4	GSM8546850_BT408	GSM8546850_BT408	Review_cluster_3_review_myeloid_inflammatory_MES_associated_mixed_CNV	51	exploratory
GBM	DS4	GSM8546850_BT408	GSM8546850_BT408	Review_cluster_5_review_T_NK_cells_dataset_biased_mixed_CNV	38	exploratory
GBM	DS4	GSM8546850_BT408	GSM8546850_BT408	Review_cluster_6_review_myeloid_APC_HLA_CD163_TAM_mixed_CNV	1351	exploratory
GBM	DS4	GSM8546850_BT408	GSM8546850_BT408	Review_cluster_9_review_ambiguous_mixed_Hb_T_NK_HLA	19	exploratory
GBM	DS4	GSM8546851_BT409	GSM8546851_BT409	Malignant_AC_like_reactive_malignant	33	exploratory
GBM	DS4	GSM8546851_BT409	GSM8546851_BT409	Malignant_NPC_neuronal_like_malignant	44	exploratory
GBM	DS4	GSM8546851_BT409	GSM8546851_BT409	Malignant_OPC_NPC_like_malignant	309	exploratory
GBM	DS4	GSM8546851_BT409	GSM8546851_BT409	Malignant_cycling_candidate	355	exploratory
GBM	DS4	GSM8546851_BT409	GSM8546851_BT409	Malignant_hypoxia_stress_malignant	193	exploratory
GBM	DS4	GSM8546851_BT409	GSM8546851_BT409	Oligodendrocyte_myelinating	116	exploratory
GBM	DS4	GSM8546851_BT409	GSM8546851_BT409	Review_cluster_10_review_myeloid_FCN1_inflammatory_monocyte_CNV_discordant	2	exploratory
GBM	DS4	GSM8546851_BT409	GSM8546851_BT409	Review_cluster_1_review_myeloid_C1Q_TREM2_APOE_TAM_mixed_CNV	771	exploratory
GBM	DS4	GSM8546851_BT409	GSM8546851_BT409	Review_cluster_3_review_myeloid_inflammatory_MES_associated_mixed_CNV	188	exploratory
GBM	DS4	GSM8546851_BT409	GSM8546851_BT409	Review_cluster_5_review_T_NK_cells_dataset_biased_mixed_CNV	10	exploratory
GBM	DS4	GSM8546851_BT409	GSM8546851_BT409	Review_cluster_6_review_myeloid_APC_HLA_CD163_TAM_mixed_CNV	66	exploratory
GBM	DS4	GSM8546851_BT409	GSM8546851_BT409	Review_cluster_9_review_ambiguous_mixed_Hb_T_NK_HLA	30	exploratory
GBM	DS4	GSM8546852_BT419	GSM8546852_BT419	Malignant_AC_like_reactive_malignant	59	exploratory
GBM	DS4	GSM8546852_BT419	GSM8546852_BT419	Malignant_NPC_neuronal_like_malignant	2	exploratory
GBM	DS4	GSM8546852_BT419	GSM8546852_BT419	Malignant_OPC_NPC_like_malignant	34	exploratory
GBM	DS4	GSM8546852_BT419	GSM8546852_BT419	Malignant_cycling_candidate	22	exploratory
GBM	DS4	GSM8546852_BT419	GSM8546852_BT419	Malignant_hypoxia_stress_malignant	71	exploratory
GBM	DS4	GSM8546852_BT419	GSM8546852_BT419	Oligodendrocyte_myelinating	1389	exploratory
GBM	DS4	GSM8546852_BT419	GSM8546852_BT419	Review_cluster_10_review_myeloid_FCN1_inflammatory_monocyte_CNV_discordant	18	exploratory
GBM	DS4	GSM8546852_BT419	GSM8546852_BT419	Review_cluster_12_review_MES_ECM_stromal_like_ambiguous_CNV_high	4	exploratory
GBM	DS4	GSM8546852_BT419	GSM8546852_BT419	Review_cluster_1_review_myeloid_C1Q_TREM2_APOE_TAM_mixed_CNV	521	exploratory
GBM	DS4	GSM8546852_BT419	GSM8546852_BT419	Review_cluster_3_review_myeloid_inflammatory_MES_associated_mixed_CNV	707	exploratory
GBM	DS4	GSM8546852_BT419	GSM8546852_BT419	Review_cluster_5_review_T_NK_cells_dataset_biased_mixed_CNV	259	exploratory
GBM	DS4	GSM8546852_BT419	GSM8546852_BT419	Review_cluster_6_review_myeloid_APC_HLA_CD163_TAM_mixed_CNV	518	exploratory
GBM	DS4	GSM8546852_BT419	GSM8546852_BT419	Review_cluster_9_review_ambiguous_mixed_Hb_T_NK_HLA	10	exploratory
GBM	DS4	GSM8546853_BT420	GSM8546853_BT420	B_Plasma	1	exploratory
GBM	DS4	GSM8546853_BT420	GSM8546853_BT420	Endothelial	1	exploratory
GBM	DS4	GSM8546853_BT420	GSM8546853_BT420	Malignant_AC_like_reactive_malignant	236	exploratory
GBM	DS4	GSM8546853_BT420	GSM8546853_BT420	Malignant_NPC_neuronal_like_malignant	436	exploratory
GBM	DS4	GSM8546853_BT420	GSM8546853_BT420	Malignant_OPC_NPC_like_malignant	533	exploratory
GBM	DS4	GSM8546853_BT420	GSM8546853_BT420	Malignant_cycling_candidate	449	exploratory
GBM	DS4	GSM8546853_BT420	GSM8546853_BT420	Malignant_hypoxia_stress_malignant	289	exploratory
GBM	DS4	GSM8546853_BT420	GSM8546853_BT420	Review_cluster_10_review_myeloid_FCN1_inflammatory_monocyte_CNV_discordant	1	exploratory
GBM	DS4	GSM8546853_BT420	GSM8546853_BT420	Review_cluster_17_review_erythroid_Hb_high_or_ambient_RBC	1	exploratory
GBM	DS4	GSM8546853_BT420	GSM8546853_BT420	Review_cluster_1_review_myeloid_C1Q_TREM2_APOE_TAM_mixed_CNV	46	exploratory
GBM	DS4	GSM8546853_BT420	GSM8546853_BT420	Review_cluster_3_review_myeloid_inflammatory_MES_associated_mixed_CNV	77	exploratory
GBM	DS4	GSM8546853_BT420	GSM8546853_BT420	Review_cluster_5_review_T_NK_cells_dataset_biased_mixed_CNV	2	exploratory
GBM	DS4	GSM8546853_BT420	GSM8546853_BT420	Review_cluster_6_review_myeloid_APC_HLA_CD163_TAM_mixed_CNV	120	exploratory
GBM	DS4	GSM8546853_BT420	GSM8546853_BT420	Review_cluster_9_review_ambiguous_mixed_Hb_T_NK_HLA	3	exploratory
GBM	DS4	GSM8546854_BT426	GSM8546854_BT426	Malignant_AC_like_reactive_malignant	22	exploratory
GBM	DS4	GSM8546854_BT426	GSM8546854_BT426	Malignant_OPC_NPC_like_malignant	23	exploratory
GBM	DS4	GSM8546854_BT426	GSM8546854_BT426	Malignant_cycling_candidate	2	exploratory
GBM	DS4	GSM8546854_BT426	GSM8546854_BT426	Malignant_hypoxia_stress_malignant	469	exploratory
GBM	DS4	GSM8546854_BT426	GSM8546854_BT426	Mural_Pericyte_Fibroblast	8	exploratory
GBM	DS4	GSM8546854_BT426	GSM8546854_BT426	Oligodendrocyte_myelinating	715	exploratory
GBM	DS4	GSM8546854_BT426	GSM8546854_BT426	Review_cluster_10_review_myeloid_FCN1_inflammatory_monocyte_CNV_discordant	7	exploratory
GBM	DS4	GSM8546854_BT426	GSM8546854_BT426	Review_cluster_12_review_MES_ECM_stromal_like_ambiguous_CNV_high	10	exploratory
GBM	DS4	GSM8546854_BT426	GSM8546854_BT426	Review_cluster_17_review_erythroid_Hb_high_or_ambient_RBC	2	exploratory
GBM	DS4	GSM8546854_BT426	GSM8546854_BT426	Review_cluster_1_review_myeloid_C1Q_TREM2_APOE_TAM_mixed_CNV	404	exploratory
GBM	DS4	GSM8546854_BT426	GSM8546854_BT426	Review_cluster_3_review_myeloid_inflammatory_MES_associated_mixed_CNV	1233	exploratory
GBM	DS4	GSM8546854_BT426	GSM8546854_BT426	Review_cluster_5_review_T_NK_cells_dataset_biased_mixed_CNV	65	exploratory
GBM	DS4	GSM8546854_BT426	GSM8546854_BT426	Review_cluster_6_review_myeloid_APC_HLA_CD163_TAM_mixed_CNV	335	exploratory
GBM	DS4	GSM8546854_BT426	GSM8546854_BT426	Review_cluster_9_review_ambiguous_mixed_Hb_T_NK_HLA	21	exploratory
LGG	DS3	03	GSM5518638_LGG-03	Endothelial	125	exploratory
LGG	DS3	03	GSM5518638_LGG-03	Malignant_AC_like_reactive_malignant	440	exploratory
LGG	DS3	03	GSM5518638_LGG-03	Malignant_NPC_neuronal_like_malignant	2	exploratory
LGG	DS3	03	GSM5518638_LGG-03	Malignant_OPC_NPC_like_malignant	1104	exploratory
LGG	DS3	03	GSM5518638_LGG-03	Malignant_cycling_candidate	124	exploratory
LGG	DS3	03	GSM5518638_LGG-03	Malignant_hypoxia_stress_malignant	29	exploratory
LGG	DS3	03	GSM5518638_LGG-03	Mast_cell	3	exploratory
LGG	DS3	03	GSM5518638_LGG-03	Mural_Pericyte_Fibroblast	21	exploratory
LGG	DS3	03	GSM5518638_LGG-03	Oligodendrocyte_myelinating	906	exploratory
LGG	DS3	03	GSM5518638_LGG-03	Review_cluster_12_review_MES_ECM_stromal_like_ambiguous_CNV_high	2	exploratory
LGG	DS3	03	GSM5518638_LGG-03	Review_cluster_1_review_myeloid_C1Q_TREM2_APOE_TAM_mixed_CNV	3731	exploratory
LGG	DS3	03	GSM5518638_LGG-03	Review_cluster_3_review_myeloid_inflammatory_MES_associated_mixed_CNV	17	exploratory
LGG	DS3	03	GSM5518638_LGG-03	Review_cluster_5_review_T_NK_cells_dataset_biased_mixed_CNV	26	exploratory
LGG	DS3	03	GSM5518638_LGG-03	Review_cluster_6_review_myeloid_APC_HLA_CD163_TAM_mixed_CNV	130	exploratory
LGG	DS3	03	GSM5518638_LGG-03	Review_cluster_9_review_ambiguous_mixed_Hb_T_NK_HLA	173	exploratory
LGG	DS3	04	GSM5518630_LGG-04-1	B_Plasma	2	exploratory
LGG	DS3	04	GSM5518630_LGG-04-1	Endothelial	30	exploratory
LGG	DS3	04	GSM5518630_LGG-04-1	Malignant_AC_like_reactive_malignant	32	exploratory
LGG	DS3	04	GSM5518630_LGG-04-1	Malignant_NPC_neuronal_like_malignant	142	exploratory
LGG	DS3	04	GSM5518630_LGG-04-1	Malignant_OPC_NPC_like_malignant	1127	exploratory
LGG	DS3	04	GSM5518630_LGG-04-1	Malignant_cycling_candidate	92	exploratory
LGG	DS3	04	GSM5518630_LGG-04-1	Malignant_hypoxia_stress_malignant	6	exploratory
LGG	DS3	04	GSM5518630_LGG-04-1	Mural_Pericyte_Fibroblast	11	exploratory
LGG	DS3	04	GSM5518630_LGG-04-1	Oligodendrocyte_myelinating	91	exploratory
LGG	DS3	04	GSM5518630_LGG-04-1	Review_cluster_10_review_myeloid_FCN1_inflammatory_monocyte_CNV_discordant	1	exploratory
LGG	DS3	04	GSM5518630_LGG-04-1	Review_cluster_12_review_MES_ECM_stromal_like_ambiguous_CNV_high	48	exploratory
LGG	DS3	04	GSM5518630_LGG-04-1	Review_cluster_17_review_erythroid_Hb_high_or_ambient_RBC	17	exploratory
LGG	DS3	04	GSM5518630_LGG-04-1	Review_cluster_1_review_myeloid_C1Q_TREM2_APOE_TAM_mixed_CNV	1156	exploratory
LGG	DS3	04	GSM5518630_LGG-04-1	Review_cluster_3_review_myeloid_inflammatory_MES_associated_mixed_CNV	7	exploratory
LGG	DS3	04	GSM5518630_LGG-04-1	Review_cluster_5_review_T_NK_cells_dataset_biased_mixed_CNV	60	exploratory
LGG	DS3	04	GSM5518630_LGG-04-1	Review_cluster_6_review_myeloid_APC_HLA_CD163_TAM_mixed_CNV	15	exploratory
LGG	DS3	04	GSM5518630_LGG-04-1	Review_cluster_9_review_ambiguous_mixed_Hb_T_NK_HLA	79	exploratory
LGG	DS3	04	GSM5518631_LGG-04-2	Endothelial	11	exploratory
LGG	DS3	04	GSM5518631_LGG-04-2	Malignant_AC_like_reactive_malignant	9	exploratory
LGG	DS3	04	GSM5518631_LGG-04-2	Malignant_NPC_neuronal_like_malignant	35	exploratory
LGG	DS3	04	GSM5518631_LGG-04-2	Malignant_OPC_NPC_like_malignant	230	exploratory
LGG	DS3	04	GSM5518631_LGG-04-2	Malignant_cycling_candidate	30	exploratory
LGG	DS3	04	GSM5518631_LGG-04-2	Mural_Pericyte_Fibroblast	3	exploratory
LGG	DS3	04	GSM5518631_LGG-04-2	Oligodendrocyte_myelinating	36	exploratory
LGG	DS3	04	GSM5518631_LGG-04-2	Review_cluster_12_review_MES_ECM_stromal_like_ambiguous_CNV_high	6	exploratory
LGG	DS3	04	GSM5518631_LGG-04-2	Review_cluster_17_review_erythroid_Hb_high_or_ambient_RBC	2	exploratory
LGG	DS3	04	GSM5518631_LGG-04-2	Review_cluster_1_review_myeloid_C1Q_TREM2_APOE_TAM_mixed_CNV	1037	exploratory
LGG	DS3	04	GSM5518631_LGG-04-2	Review_cluster_3_review_myeloid_inflammatory_MES_associated_mixed_CNV	4	exploratory
LGG	DS3	04	GSM5518631_LGG-04-2	Review_cluster_5_review_T_NK_cells_dataset_biased_mixed_CNV	40	exploratory
LGG	DS3	04	GSM5518631_LGG-04-2	Review_cluster_6_review_myeloid_APC_HLA_CD163_TAM_mixed_CNV	31	exploratory
LGG	DS3	04	GSM5518631_LGG-04-2	Review_cluster_9_review_ambiguous_mixed_Hb_T_NK_HLA	18	exploratory
LGG	DS3	04	GSM5518632_LGG-04-3	Endothelial	2	exploratory
LGG	DS3	04	GSM5518632_LGG-04-3	Malignant_AC_like_reactive_malignant	26	exploratory
LGG	DS3	04	GSM5518632_LGG-04-3	Malignant_NPC_neuronal_like_malignant	41	exploratory
LGG	DS3	04	GSM5518632_LGG-04-3	Malignant_OPC_NPC_like_malignant	1514	exploratory
LGG	DS3	04	GSM5518632_LGG-04-3	Malignant_cycling_candidate	37	exploratory
LGG	DS3	04	GSM5518632_LGG-04-3	Malignant_hypoxia_stress_malignant	3	exploratory
LGG	DS3	04	GSM5518632_LGG-04-3	Mural_Pericyte_Fibroblast	1	exploratory
LGG	DS3	04	GSM5518632_LGG-04-3	Oligodendrocyte_myelinating	147	exploratory
LGG	DS3	04	GSM5518632_LGG-04-3	Review_cluster_10_review_myeloid_FCN1_inflammatory_monocyte_CNV_discordant	1	exploratory
LGG	DS3	04	GSM5518632_LGG-04-3	Review_cluster_12_review_MES_ECM_stromal_like_ambiguous_CNV_high	2	exploratory
LGG	DS3	04	GSM5518632_LGG-04-3	Review_cluster_1_review_myeloid_C1Q_TREM2_APOE_TAM_mixed_CNV	375	exploratory
LGG	DS3	04	GSM5518632_LGG-04-3	Review_cluster_3_review_myeloid_inflammatory_MES_associated_mixed_CNV	5	exploratory
LGG	DS3	04	GSM5518632_LGG-04-3	Review_cluster_5_review_T_NK_cells_dataset_biased_mixed_CNV	25	exploratory
LGG	DS3	04	GSM5518632_LGG-04-3	Review_cluster_6_review_myeloid_APC_HLA_CD163_TAM_mixed_CNV	32	exploratory
LGG	DS3	04	GSM5518632_LGG-04-3	Review_cluster_9_review_ambiguous_mixed_Hb_T_NK_HLA	35	exploratory
ndGBM	DS3	01	GSM5518600_ndGBM-01-A	B_Plasma	10	exploratory
ndGBM	DS3	01	GSM5518600_ndGBM-01-A	Malignant_AC_like_reactive_malignant	326	exploratory
ndGBM	DS3	01	GSM5518600_ndGBM-01-A	Malignant_NPC_neuronal_like_malignant	27	exploratory
ndGBM	DS3	01	GSM5518600_ndGBM-01-A	Malignant_OPC_NPC_like_malignant	1696	exploratory
ndGBM	DS3	01	GSM5518600_ndGBM-01-A	Malignant_cycling_candidate	939	exploratory
ndGBM	DS3	01	GSM5518600_ndGBM-01-A	Malignant_hypoxia_stress_malignant	1065	exploratory
ndGBM	DS3	01	GSM5518600_ndGBM-01-A	Mural_Pericyte_Fibroblast	11	exploratory
ndGBM	DS3	01	GSM5518600_ndGBM-01-A	Oligodendrocyte_myelinating	32	exploratory
ndGBM	DS3	01	GSM5518600_ndGBM-01-A	Review_cluster_10_review_myeloid_FCN1_inflammatory_monocyte_CNV_discordant	19	exploratory
ndGBM	DS3	01	GSM5518600_ndGBM-01-A	Review_cluster_12_review_MES_ECM_stromal_like_ambiguous_CNV_high	83	exploratory
ndGBM	DS3	01	GSM5518600_ndGBM-01-A	Review_cluster_1_review_myeloid_C1Q_TREM2_APOE_TAM_mixed_CNV	80	exploratory
ndGBM	DS3	01	GSM5518600_ndGBM-01-A	Review_cluster_3_review_myeloid_inflammatory_MES_associated_mixed_CNV	67	exploratory
ndGBM	DS3	01	GSM5518600_ndGBM-01-A	Review_cluster_5_review_T_NK_cells_dataset_biased_mixed_CNV	242	exploratory
ndGBM	DS3	01	GSM5518600_ndGBM-01-A	Review_cluster_6_review_myeloid_APC_HLA_CD163_TAM_mixed_CNV	5	exploratory
ndGBM	DS3	01	GSM5518600_ndGBM-01-A	Review_cluster_9_review_ambiguous_mixed_Hb_T_NK_HLA	29	exploratory
ndGBM	DS3	01	GSM5518601_ndGBM-01-C	B_Plasma	15	exploratory
ndGBM	DS3	01	GSM5518601_ndGBM-01-C	Endothelial	2	exploratory
ndGBM	DS3	01	GSM5518601_ndGBM-01-C	Malignant_AC_like_reactive_malignant	342	exploratory
ndGBM	DS3	01	GSM5518601_ndGBM-01-C	Malignant_NPC_neuronal_like_malignant	111	exploratory
ndGBM	DS3	01	GSM5518601_ndGBM-01-C	Malignant_OPC_NPC_like_malignant	3558	exploratory
ndGBM	DS3	01	GSM5518601_ndGBM-01-C	Malignant_cycling_candidate	1687	exploratory
ndGBM	DS3	01	GSM5518601_ndGBM-01-C	Malignant_hypoxia_stress_malignant	3134	exploratory
ndGBM	DS3	01	GSM5518601_ndGBM-01-C	Mural_Pericyte_Fibroblast	4	exploratory
ndGBM	DS3	01	GSM5518601_ndGBM-01-C	Oligodendrocyte_myelinating	14	exploratory
ndGBM	DS3	01	GSM5518601_ndGBM-01-C	Review_cluster_10_review_myeloid_FCN1_inflammatory_monocyte_CNV_discordant	11	exploratory
ndGBM	DS3	01	GSM5518601_ndGBM-01-C	Review_cluster_12_review_MES_ECM_stromal_like_ambiguous_CNV_high	214	exploratory
ndGBM	DS3	01	GSM5518601_ndGBM-01-C	Review_cluster_1_review_myeloid_C1Q_TREM2_APOE_TAM_mixed_CNV	62	exploratory
ndGBM	DS3	01	GSM5518601_ndGBM-01-C	Review_cluster_3_review_myeloid_inflammatory_MES_associated_mixed_CNV	108	exploratory
ndGBM	DS3	01	GSM5518601_ndGBM-01-C	Review_cluster_5_review_T_NK_cells_dataset_biased_mixed_CNV	171	exploratory
ndGBM	DS3	01	GSM5518601_ndGBM-01-C	Review_cluster_6_review_myeloid_APC_HLA_CD163_TAM_mixed_CNV	11	exploratory
ndGBM	DS3	01	GSM5518601_ndGBM-01-C	Review_cluster_9_review_ambiguous_mixed_Hb_T_NK_HLA	26	exploratory
ndGBM	DS3	01	GSM5518602_ndGBM-01-D	Endothelial	7	exploratory
ndGBM	DS3	01	GSM5518602_ndGBM-01-D	Malignant_AC_like_reactive_malignant	63	exploratory
ndGBM	DS3	01	GSM5518602_ndGBM-01-D	Malignant_NPC_neuronal_like_malignant	201	exploratory
ndGBM	DS3	01	GSM5518602_ndGBM-01-D	Malignant_OPC_NPC_like_malignant	3988	exploratory
ndGBM	DS3	01	GSM5518602_ndGBM-01-D	Malignant_cycling_candidate	2099	exploratory
ndGBM	DS3	01	GSM5518602_ndGBM-01-D	Malignant_hypoxia_stress_malignant	371	exploratory
ndGBM	DS3	01	GSM5518602_ndGBM-01-D	Mural_Pericyte_Fibroblast	14	exploratory
ndGBM	DS3	01	GSM5518602_ndGBM-01-D	Oligodendrocyte_myelinating	73	exploratory
ndGBM	DS3	01	GSM5518602_ndGBM-01-D	Review_cluster_10_review_myeloid_FCN1_inflammatory_monocyte_CNV_discordant	1	exploratory
ndGBM	DS3	01	GSM5518602_ndGBM-01-D	Review_cluster_12_review_MES_ECM_stromal_like_ambiguous_CNV_high	45	exploratory
ndGBM	DS3	01	GSM5518602_ndGBM-01-D	Review_cluster_1_review_myeloid_C1Q_TREM2_APOE_TAM_mixed_CNV	1531	exploratory
ndGBM	DS3	01	GSM5518602_ndGBM-01-D	Review_cluster_3_review_myeloid_inflammatory_MES_associated_mixed_CNV	37	exploratory
ndGBM	DS3	01	GSM5518602_ndGBM-01-D	Review_cluster_5_review_T_NK_cells_dataset_biased_mixed_CNV	40	exploratory
ndGBM	DS3	01	GSM5518602_ndGBM-01-D	Review_cluster_6_review_myeloid_APC_HLA_CD163_TAM_mixed_CNV	83	exploratory
ndGBM	DS3	01	GSM5518602_ndGBM-01-D	Review_cluster_9_review_ambiguous_mixed_Hb_T_NK_HLA	217	exploratory
ndGBM	DS3	01	GSM5518603_ndGBM-01-F	B_Plasma	2	exploratory
ndGBM	DS3	01	GSM5518603_ndGBM-01-F	Endothelial	8	exploratory
ndGBM	DS3	01	GSM5518603_ndGBM-01-F	Malignant_AC_like_reactive_malignant	68	exploratory
ndGBM	DS3	01	GSM5518603_ndGBM-01-F	Malignant_NPC_neuronal_like_malignant	42	exploratory
ndGBM	DS3	01	GSM5518603_ndGBM-01-F	Malignant_OPC_NPC_like_malignant	237	exploratory
ndGBM	DS3	01	GSM5518603_ndGBM-01-F	Malignant_cycling_candidate	103	exploratory
ndGBM	DS3	01	GSM5518603_ndGBM-01-F	Malignant_hypoxia_stress_malignant	37	exploratory
ndGBM	DS3	01	GSM5518603_ndGBM-01-F	Mural_Pericyte_Fibroblast	19	exploratory
ndGBM	DS3	01	GSM5518603_ndGBM-01-F	Oligodendrocyte_myelinating	379	exploratory
ndGBM	DS3	01	GSM5518603_ndGBM-01-F	Review_cluster_10_review_myeloid_FCN1_inflammatory_monocyte_CNV_discordant	4	exploratory
ndGBM	DS3	01	GSM5518603_ndGBM-01-F	Review_cluster_12_review_MES_ECM_stromal_like_ambiguous_CNV_high	39	exploratory
ndGBM	DS3	01	GSM5518603_ndGBM-01-F	Review_cluster_1_review_myeloid_C1Q_TREM2_APOE_TAM_mixed_CNV	3764	exploratory
ndGBM	DS3	01	GSM5518603_ndGBM-01-F	Review_cluster_3_review_myeloid_inflammatory_MES_associated_mixed_CNV	82	exploratory
ndGBM	DS3	01	GSM5518603_ndGBM-01-F	Review_cluster_5_review_T_NK_cells_dataset_biased_mixed_CNV	106	exploratory
ndGBM	DS3	01	GSM5518603_ndGBM-01-F	Review_cluster_6_review_myeloid_APC_HLA_CD163_TAM_mixed_CNV	27	exploratory
ndGBM	DS3	01	GSM5518603_ndGBM-01-F	Review_cluster_9_review_ambiguous_mixed_Hb_T_NK_HLA	45	exploratory
ndGBM	DS3	02	GSM5518608_ndGBM-02-1	B_Plasma	3	exploratory
ndGBM	DS3	02	GSM5518608_ndGBM-02-1	Endothelial	20	exploratory
ndGBM	DS3	02	GSM5518608_ndGBM-02-1	Malignant_AC_like_reactive_malignant	364	exploratory
ndGBM	DS3	02	GSM5518608_ndGBM-02-1	Malignant_NPC_neuronal_like_malignant	3	exploratory
ndGBM	DS3	02	GSM5518608_ndGBM-02-1	Malignant_OPC_NPC_like_malignant	1373	exploratory
ndGBM	DS3	02	GSM5518608_ndGBM-02-1	Malignant_cycling_candidate	438	exploratory
ndGBM	DS3	02	GSM5518608_ndGBM-02-1	Malignant_hypoxia_stress_malignant	1820	exploratory
ndGBM	DS3	02	GSM5518608_ndGBM-02-1	Mural_Pericyte_Fibroblast	560	exploratory
ndGBM	DS3	02	GSM5518608_ndGBM-02-1	Oligodendrocyte_myelinating	6	exploratory
ndGBM	DS3	02	GSM5518608_ndGBM-02-1	Review_cluster_10_review_myeloid_FCN1_inflammatory_monocyte_CNV_discordant	206	exploratory
ndGBM	DS3	02	GSM5518608_ndGBM-02-1	Review_cluster_12_review_MES_ECM_stromal_like_ambiguous_CNV_high	165	exploratory
ndGBM	DS3	02	GSM5518608_ndGBM-02-1	Review_cluster_17_review_erythroid_Hb_high_or_ambient_RBC	4	exploratory
ndGBM	DS3	02	GSM5518608_ndGBM-02-1	Review_cluster_1_review_myeloid_C1Q_TREM2_APOE_TAM_mixed_CNV	194	exploratory
ndGBM	DS3	02	GSM5518608_ndGBM-02-1	Review_cluster_3_review_myeloid_inflammatory_MES_associated_mixed_CNV	1298	exploratory
ndGBM	DS3	02	GSM5518608_ndGBM-02-1	Review_cluster_5_review_T_NK_cells_dataset_biased_mixed_CNV	594	exploratory
ndGBM	DS3	02	GSM5518608_ndGBM-02-1	Review_cluster_6_review_myeloid_APC_HLA_CD163_TAM_mixed_CNV	285	exploratory
ndGBM	DS3	02	GSM5518608_ndGBM-02-1	Review_cluster_9_review_ambiguous_mixed_Hb_T_NK_HLA	103	exploratory
ndGBM	DS3	02	GSM5518609_ndGBM-02-2	B_Plasma	16	exploratory
ndGBM	DS3	02	GSM5518609_ndGBM-02-2	Endothelial	176	exploratory
ndGBM	DS3	02	GSM5518609_ndGBM-02-2	Malignant_AC_like_reactive_malignant	113	exploratory
ndGBM	DS3	02	GSM5518609_ndGBM-02-2	Malignant_NPC_neuronal_like_malignant	9	exploratory
ndGBM	DS3	02	GSM5518609_ndGBM-02-2	Malignant_OPC_NPC_like_malignant	406	exploratory
ndGBM	DS3	02	GSM5518609_ndGBM-02-2	Malignant_cycling_candidate	164	exploratory
ndGBM	DS3	02	GSM5518609_ndGBM-02-2	Malignant_hypoxia_stress_malignant	120	exploratory
ndGBM	DS3	02	GSM5518609_ndGBM-02-2	Mural_Pericyte_Fibroblast	451	exploratory
ndGBM	DS3	02	GSM5518609_ndGBM-02-2	Oligodendrocyte_myelinating	14	exploratory
ndGBM	DS3	02	GSM5518609_ndGBM-02-2	Review_cluster_10_review_myeloid_FCN1_inflammatory_monocyte_CNV_discordant	51	exploratory
ndGBM	DS3	02	GSM5518609_ndGBM-02-2	Review_cluster_12_review_MES_ECM_stromal_like_ambiguous_CNV_high	35	exploratory
ndGBM	DS3	02	GSM5518609_ndGBM-02-2	Review_cluster_17_review_erythroid_Hb_high_or_ambient_RBC	8	exploratory
ndGBM	DS3	02	GSM5518609_ndGBM-02-2	Review_cluster_1_review_myeloid_C1Q_TREM2_APOE_TAM_mixed_CNV	2355	exploratory
ndGBM	DS3	02	GSM5518609_ndGBM-02-2	Review_cluster_3_review_myeloid_inflammatory_MES_associated_mixed_CNV	59	exploratory
ndGBM	DS3	02	GSM5518609_ndGBM-02-2	Review_cluster_5_review_T_NK_cells_dataset_biased_mixed_CNV	999	exploratory
ndGBM	DS3	02	GSM5518609_ndGBM-02-2	Review_cluster_6_review_myeloid_APC_HLA_CD163_TAM_mixed_CNV	710	exploratory
ndGBM	DS3	02	GSM5518609_ndGBM-02-2	Review_cluster_9_review_ambiguous_mixed_Hb_T_NK_HLA	42	exploratory
ndGBM	DS3	02	GSM5518610_ndGBM-02-4	B_Plasma	7	exploratory
ndGBM	DS3	02	GSM5518610_ndGBM-02-4	Endothelial	47	exploratory
ndGBM	DS3	02	GSM5518610_ndGBM-02-4	Malignant_AC_like_reactive_malignant	388	exploratory
ndGBM	DS3	02	GSM5518610_ndGBM-02-4	Malignant_NPC_neuronal_like_malignant	116	exploratory
ndGBM	DS3	02	GSM5518610_ndGBM-02-4	Malignant_OPC_NPC_like_malignant	845	exploratory
ndGBM	DS3	02	GSM5518610_ndGBM-02-4	Malignant_cycling_candidate	446	exploratory
ndGBM	DS3	02	GSM5518610_ndGBM-02-4	Malignant_hypoxia_stress_malignant	261	exploratory
ndGBM	DS3	02	GSM5518610_ndGBM-02-4	Mural_Pericyte_Fibroblast	277	exploratory
ndGBM	DS3	02	GSM5518610_ndGBM-02-4	Oligodendrocyte_myelinating	8	exploratory
ndGBM	DS3	02	GSM5518610_ndGBM-02-4	Review_cluster_10_review_myeloid_FCN1_inflammatory_monocyte_CNV_discordant	55	exploratory
ndGBM	DS3	02	GSM5518610_ndGBM-02-4	Review_cluster_12_review_MES_ECM_stromal_like_ambiguous_CNV_high	182	exploratory
ndGBM	DS3	02	GSM5518610_ndGBM-02-4	Review_cluster_17_review_erythroid_Hb_high_or_ambient_RBC	10	exploratory
ndGBM	DS3	02	GSM5518610_ndGBM-02-4	Review_cluster_1_review_myeloid_C1Q_TREM2_APOE_TAM_mixed_CNV	1345	exploratory
ndGBM	DS3	02	GSM5518610_ndGBM-02-4	Review_cluster_3_review_myeloid_inflammatory_MES_associated_mixed_CNV	332	exploratory
ndGBM	DS3	02	GSM5518610_ndGBM-02-4	Review_cluster_5_review_T_NK_cells_dataset_biased_mixed_CNV	671	exploratory
ndGBM	DS3	02	GSM5518610_ndGBM-02-4	Review_cluster_6_review_myeloid_APC_HLA_CD163_TAM_mixed_CNV	642	exploratory
ndGBM	DS3	02	GSM5518610_ndGBM-02-4	Review_cluster_9_review_ambiguous_mixed_Hb_T_NK_HLA	107	exploratory
ndGBM	DS3	02	GSM5518611_ndGBM-02-5	B_Plasma	5	exploratory
ndGBM	DS3	02	GSM5518611_ndGBM-02-5	Endothelial	102	exploratory
ndGBM	DS3	02	GSM5518611_ndGBM-02-5	Malignant_AC_like_reactive_malignant	415	exploratory
ndGBM	DS3	02	GSM5518611_ndGBM-02-5	Malignant_NPC_neuronal_like_malignant	46	exploratory
ndGBM	DS3	02	GSM5518611_ndGBM-02-5	Malignant_OPC_NPC_like_malignant	1142	exploratory
ndGBM	DS3	02	GSM5518611_ndGBM-02-5	Malignant_cycling_candidate	460	exploratory
ndGBM	DS3	02	GSM5518611_ndGBM-02-5	Malignant_hypoxia_stress_malignant	498	exploratory
ndGBM	DS3	02	GSM5518611_ndGBM-02-5	Mural_Pericyte_Fibroblast	537	exploratory
ndGBM	DS3	02	GSM5518611_ndGBM-02-5	Oligodendrocyte_myelinating	83	exploratory
ndGBM	DS3	02	GSM5518611_ndGBM-02-5	Review_cluster_10_review_myeloid_FCN1_inflammatory_monocyte_CNV_discordant	130	exploratory
ndGBM	DS3	02	GSM5518611_ndGBM-02-5	Review_cluster_12_review_MES_ECM_stromal_like_ambiguous_CNV_high	88	exploratory
ndGBM	DS3	02	GSM5518611_ndGBM-02-5	Review_cluster_17_review_erythroid_Hb_high_or_ambient_RBC	1	exploratory
ndGBM	DS3	02	GSM5518611_ndGBM-02-5	Review_cluster_1_review_myeloid_C1Q_TREM2_APOE_TAM_mixed_CNV	1344	exploratory
ndGBM	DS3	02	GSM5518611_ndGBM-02-5	Review_cluster_3_review_myeloid_inflammatory_MES_associated_mixed_CNV	532	exploratory
ndGBM	DS3	02	GSM5518611_ndGBM-02-5	Review_cluster_5_review_T_NK_cells_dataset_biased_mixed_CNV	617	exploratory
ndGBM	DS3	02	GSM5518611_ndGBM-02-5	Review_cluster_6_review_myeloid_APC_HLA_CD163_TAM_mixed_CNV	492	exploratory
ndGBM	DS3	02	GSM5518611_ndGBM-02-5	Review_cluster_9_review_ambiguous_mixed_Hb_T_NK_HLA	121	exploratory
ndGBM	DS3	03	GSM5518623_ndGBM-03-1	B_Plasma	2	exploratory
ndGBM	DS3	03	GSM5518623_ndGBM-03-1	Endothelial	5	exploratory
ndGBM	DS3	03	GSM5518623_ndGBM-03-1	Malignant_AC_like_reactive_malignant	296	exploratory
ndGBM	DS3	03	GSM5518623_ndGBM-03-1	Malignant_NPC_neuronal_like_malignant	7	exploratory
ndGBM	DS3	03	GSM5518623_ndGBM-03-1	Malignant_OPC_NPC_like_malignant	772	exploratory
ndGBM	DS3	03	GSM5518623_ndGBM-03-1	Malignant_cycling_candidate	869	exploratory
ndGBM	DS3	03	GSM5518623_ndGBM-03-1	Malignant_hypoxia_stress_malignant	165	exploratory
ndGBM	DS3	03	GSM5518623_ndGBM-03-1	Mural_Pericyte_Fibroblast	1	exploratory
ndGBM	DS3	03	GSM5518623_ndGBM-03-1	Oligodendrocyte_myelinating	1	exploratory
ndGBM	DS3	03	GSM5518623_ndGBM-03-1	Review_cluster_10_review_myeloid_FCN1_inflammatory_monocyte_CNV_discordant	7	exploratory
ndGBM	DS3	03	GSM5518623_ndGBM-03-1	Review_cluster_12_review_MES_ECM_stromal_like_ambiguous_CNV_high	77	exploratory
ndGBM	DS3	03	GSM5518623_ndGBM-03-1	Review_cluster_1_review_myeloid_C1Q_TREM2_APOE_TAM_mixed_CNV	426	exploratory
ndGBM	DS3	03	GSM5518623_ndGBM-03-1	Review_cluster_3_review_myeloid_inflammatory_MES_associated_mixed_CNV	226	exploratory
ndGBM	DS3	03	GSM5518623_ndGBM-03-1	Review_cluster_5_review_T_NK_cells_dataset_biased_mixed_CNV	425	exploratory
ndGBM	DS3	03	GSM5518623_ndGBM-03-1	Review_cluster_6_review_myeloid_APC_HLA_CD163_TAM_mixed_CNV	239	exploratory
ndGBM	DS3	03	GSM5518623_ndGBM-03-1	Review_cluster_9_review_ambiguous_mixed_Hb_T_NK_HLA	56	exploratory
ndGBM	DS3	03	GSM5518624_ndGBM-03-2	B_Plasma	2	exploratory
ndGBM	DS3	03	GSM5518624_ndGBM-03-2	Malignant_AC_like_reactive_malignant	104	exploratory
ndGBM	DS3	03	GSM5518624_ndGBM-03-2	Malignant_OPC_NPC_like_malignant	3	exploratory
ndGBM	DS3	03	GSM5518624_ndGBM-03-2	Mural_Pericyte_Fibroblast	2	exploratory
ndGBM	DS3	03	GSM5518624_ndGBM-03-2	Oligodendrocyte_myelinating	33	exploratory
ndGBM	DS3	03	GSM5518624_ndGBM-03-2	Review_cluster_10_review_myeloid_FCN1_inflammatory_monocyte_CNV_discordant	7	exploratory
ndGBM	DS3	03	GSM5518624_ndGBM-03-2	Review_cluster_12_review_MES_ECM_stromal_like_ambiguous_CNV_high	8	exploratory
ndGBM	DS3	03	GSM5518624_ndGBM-03-2	Review_cluster_17_review_erythroid_Hb_high_or_ambient_RBC	2	exploratory
ndGBM	DS3	03	GSM5518624_ndGBM-03-2	Review_cluster_1_review_myeloid_C1Q_TREM2_APOE_TAM_mixed_CNV	1943	exploratory
ndGBM	DS3	03	GSM5518624_ndGBM-03-2	Review_cluster_3_review_myeloid_inflammatory_MES_associated_mixed_CNV	12	exploratory
ndGBM	DS3	03	GSM5518624_ndGBM-03-2	Review_cluster_5_review_T_NK_cells_dataset_biased_mixed_CNV	140	exploratory
ndGBM	DS3	03	GSM5518624_ndGBM-03-2	Review_cluster_6_review_myeloid_APC_HLA_CD163_TAM_mixed_CNV	70	exploratory
ndGBM	DS3	03	GSM5518624_ndGBM-03-2	Review_cluster_9_review_ambiguous_mixed_Hb_T_NK_HLA	5	exploratory
ndGBM	DS3	03	GSM5518625_ndGBM-03-3	B_Plasma	1	exploratory
ndGBM	DS3	03	GSM5518625_ndGBM-03-3	Endothelial	1	exploratory
ndGBM	DS3	03	GSM5518625_ndGBM-03-3	Malignant_AC_like_reactive_malignant	221	exploratory
ndGBM	DS3	03	GSM5518625_ndGBM-03-3	Malignant_NPC_neuronal_like_malignant	5	exploratory
ndGBM	DS3	03	GSM5518625_ndGBM-03-3	Malignant_OPC_NPC_like_malignant	661	exploratory
ndGBM	DS3	03	GSM5518625_ndGBM-03-3	Malignant_cycling_candidate	452	exploratory
ndGBM	DS3	03	GSM5518625_ndGBM-03-3	Malignant_hypoxia_stress_malignant	13	exploratory
ndGBM	DS3	03	GSM5518625_ndGBM-03-3	Oligodendrocyte_myelinating	30	exploratory
ndGBM	DS3	03	GSM5518625_ndGBM-03-3	Review_cluster_10_review_myeloid_FCN1_inflammatory_monocyte_CNV_discordant	2	exploratory
ndGBM	DS3	03	GSM5518625_ndGBM-03-3	Review_cluster_12_review_MES_ECM_stromal_like_ambiguous_CNV_high	111	exploratory
ndGBM	DS3	03	GSM5518625_ndGBM-03-3	Review_cluster_1_review_myeloid_C1Q_TREM2_APOE_TAM_mixed_CNV	924	exploratory
ndGBM	DS3	03	GSM5518625_ndGBM-03-3	Review_cluster_3_review_myeloid_inflammatory_MES_associated_mixed_CNV	37	exploratory
ndGBM	DS3	03	GSM5518625_ndGBM-03-3	Review_cluster_5_review_T_NK_cells_dataset_biased_mixed_CNV	278	exploratory
ndGBM	DS3	03	GSM5518625_ndGBM-03-3	Review_cluster_6_review_myeloid_APC_HLA_CD163_TAM_mixed_CNV	309	exploratory
ndGBM	DS3	03	GSM5518625_ndGBM-03-3	Review_cluster_9_review_ambiguous_mixed_Hb_T_NK_HLA	45	exploratory
ndGBM	DS3	04	GSM5518633_ndGBM-04	B_Plasma	1	exploratory
ndGBM	DS3	04	GSM5518633_ndGBM-04	Endothelial	40	exploratory
ndGBM	DS3	04	GSM5518633_ndGBM-04	Malignant_AC_like_reactive_malignant	800	exploratory
ndGBM	DS3	04	GSM5518633_ndGBM-04	Malignant_NPC_neuronal_like_malignant	9	exploratory
ndGBM	DS3	04	GSM5518633_ndGBM-04	Malignant_OPC_NPC_like_malignant	1402	exploratory
ndGBM	DS3	04	GSM5518633_ndGBM-04	Malignant_cycling_candidate	1559	exploratory
ndGBM	DS3	04	GSM5518633_ndGBM-04	Malignant_hypoxia_stress_malignant	888	exploratory
ndGBM	DS3	04	GSM5518633_ndGBM-04	Mast_cell	2	exploratory
ndGBM	DS3	04	GSM5518633_ndGBM-04	Mural_Pericyte_Fibroblast	11	exploratory
ndGBM	DS3	04	GSM5518633_ndGBM-04	Oligodendrocyte_myelinating	7	exploratory
ndGBM	DS3	04	GSM5518633_ndGBM-04	Review_cluster_10_review_myeloid_FCN1_inflammatory_monocyte_CNV_discordant	8	exploratory
ndGBM	DS3	04	GSM5518633_ndGBM-04	Review_cluster_12_review_MES_ECM_stromal_like_ambiguous_CNV_high	84	exploratory
ndGBM	DS3	04	GSM5518633_ndGBM-04	Review_cluster_17_review_erythroid_Hb_high_or_ambient_RBC	5	exploratory
ndGBM	DS3	04	GSM5518633_ndGBM-04	Review_cluster_1_review_myeloid_C1Q_TREM2_APOE_TAM_mixed_CNV	686	exploratory
ndGBM	DS3	04	GSM5518633_ndGBM-04	Review_cluster_3_review_myeloid_inflammatory_MES_associated_mixed_CNV	446	exploratory
ndGBM	DS3	04	GSM5518633_ndGBM-04	Review_cluster_5_review_T_NK_cells_dataset_biased_mixed_CNV	79	exploratory
ndGBM	DS3	04	GSM5518633_ndGBM-04	Review_cluster_6_review_myeloid_APC_HLA_CD163_TAM_mixed_CNV	1013	exploratory
ndGBM	DS3	04	GSM5518633_ndGBM-04	Review_cluster_9_review_ambiguous_mixed_Hb_T_NK_HLA	295	exploratory
ndGBM	DS3	05	GSM5518634_ndGBM-05	B_Plasma	4	exploratory
ndGBM	DS3	05	GSM5518634_ndGBM-05	Endothelial	352	exploratory
ndGBM	DS3	05	GSM5518634_ndGBM-05	Malignant_AC_like_reactive_malignant	407	exploratory
ndGBM	DS3	05	GSM5518634_ndGBM-05	Malignant_NPC_neuronal_like_malignant	36	exploratory
ndGBM	DS3	05	GSM5518634_ndGBM-05	Malignant_OPC_NPC_like_malignant	1669	exploratory
ndGBM	DS3	05	GSM5518634_ndGBM-05	Malignant_cycling_candidate	928	exploratory
ndGBM	DS3	05	GSM5518634_ndGBM-05	Malignant_hypoxia_stress_malignant	59	exploratory
ndGBM	DS3	05	GSM5518634_ndGBM-05	Mural_Pericyte_Fibroblast	286	exploratory
ndGBM	DS3	05	GSM5518634_ndGBM-05	Oligodendrocyte_myelinating	105	exploratory
ndGBM	DS3	05	GSM5518634_ndGBM-05	Review_cluster_10_review_myeloid_FCN1_inflammatory_monocyte_CNV_discordant	13	exploratory
ndGBM	DS3	05	GSM5518634_ndGBM-05	Review_cluster_12_review_MES_ECM_stromal_like_ambiguous_CNV_high	23	exploratory
ndGBM	DS3	05	GSM5518634_ndGBM-05	Review_cluster_17_review_erythroid_Hb_high_or_ambient_RBC	3	exploratory
ndGBM	DS3	05	GSM5518634_ndGBM-05	Review_cluster_1_review_myeloid_C1Q_TREM2_APOE_TAM_mixed_CNV	1614	exploratory
ndGBM	DS3	05	GSM5518634_ndGBM-05	Review_cluster_3_review_myeloid_inflammatory_MES_associated_mixed_CNV	239	exploratory
ndGBM	DS3	05	GSM5518634_ndGBM-05	Review_cluster_5_review_T_NK_cells_dataset_biased_mixed_CNV	242	exploratory
ndGBM	DS3	05	GSM5518634_ndGBM-05	Review_cluster_6_review_myeloid_APC_HLA_CD163_TAM_mixed_CNV	226	exploratory
ndGBM	DS3	05	GSM5518634_ndGBM-05	Review_cluster_9_review_ambiguous_mixed_Hb_T_NK_HLA	171	exploratory
ndGBM	DS3	06	GSM5518635_ndGBM-06	Endothelial	8	exploratory
ndGBM	DS3	06	GSM5518635_ndGBM-06	Malignant_AC_like_reactive_malignant	31	exploratory
ndGBM	DS3	06	GSM5518635_ndGBM-06	Malignant_NPC_neuronal_like_malignant	9	exploratory
ndGBM	DS3	06	GSM5518635_ndGBM-06	Malignant_OPC_NPC_like_malignant	404	exploratory
ndGBM	DS3	06	GSM5518635_ndGBM-06	Malignant_cycling_candidate	82	exploratory
ndGBM	DS3	06	GSM5518635_ndGBM-06	Malignant_hypoxia_stress_malignant	514	exploratory
ndGBM	DS3	06	GSM5518635_ndGBM-06	Mural_Pericyte_Fibroblast	41	exploratory
ndGBM	DS3	06	GSM5518635_ndGBM-06	Oligodendrocyte_myelinating	129	exploratory
ndGBM	DS3	06	GSM5518635_ndGBM-06	Review_cluster_10_review_myeloid_FCN1_inflammatory_monocyte_CNV_discordant	3	exploratory
ndGBM	DS3	06	GSM5518635_ndGBM-06	Review_cluster_12_review_MES_ECM_stromal_like_ambiguous_CNV_high	1757	exploratory
ndGBM	DS3	06	GSM5518635_ndGBM-06	Review_cluster_1_review_myeloid_C1Q_TREM2_APOE_TAM_mixed_CNV	16	exploratory
ndGBM	DS3	06	GSM5518635_ndGBM-06	Review_cluster_3_review_myeloid_inflammatory_MES_associated_mixed_CNV	57	exploratory
ndGBM	DS3	06	GSM5518635_ndGBM-06	Review_cluster_5_review_T_NK_cells_dataset_biased_mixed_CNV	6	exploratory
ndGBM	DS3	06	GSM5518635_ndGBM-06	Review_cluster_9_review_ambiguous_mixed_Hb_T_NK_HLA	2	exploratory
ndGBM	DS3	07	GSM5518636_ndGBM-07	B_Plasma	434	exploratory
ndGBM	DS3	07	GSM5518636_ndGBM-07	Endothelial	6	exploratory
ndGBM	DS3	07	GSM5518636_ndGBM-07	Malignant_AC_like_reactive_malignant	259	exploratory
ndGBM	DS3	07	GSM5518636_ndGBM-07	Malignant_OPC_NPC_like_malignant	28	exploratory
ndGBM	DS3	07	GSM5518636_ndGBM-07	Malignant_cycling_candidate	137	exploratory
ndGBM	DS3	07	GSM5518636_ndGBM-07	Malignant_hypoxia_stress_malignant	182	exploratory
ndGBM	DS3	07	GSM5518636_ndGBM-07	Mast_cell	113	exploratory
ndGBM	DS3	07	GSM5518636_ndGBM-07	Mural_Pericyte_Fibroblast	2	exploratory
ndGBM	DS3	07	GSM5518636_ndGBM-07	Oligodendrocyte_myelinating	229	exploratory
ndGBM	DS3	07	GSM5518636_ndGBM-07	Review_cluster_10_review_myeloid_FCN1_inflammatory_monocyte_CNV_discordant	163	exploratory
ndGBM	DS3	07	GSM5518636_ndGBM-07	Review_cluster_12_review_MES_ECM_stromal_like_ambiguous_CNV_high	92	exploratory
ndGBM	DS3	07	GSM5518636_ndGBM-07	Review_cluster_1_review_myeloid_C1Q_TREM2_APOE_TAM_mixed_CNV	1536	exploratory
ndGBM	DS3	07	GSM5518636_ndGBM-07	Review_cluster_3_review_myeloid_inflammatory_MES_associated_mixed_CNV	1070	exploratory
ndGBM	DS3	07	GSM5518636_ndGBM-07	Review_cluster_5_review_T_NK_cells_dataset_biased_mixed_CNV	2275	exploratory
ndGBM	DS3	07	GSM5518636_ndGBM-07	Review_cluster_6_review_myeloid_APC_HLA_CD163_TAM_mixed_CNV	2045	exploratory
ndGBM	DS3	07	GSM5518636_ndGBM-07	Review_cluster_9_review_ambiguous_mixed_Hb_T_NK_HLA	56	exploratory
ndGBM	DS3	08	GSM5518637_ndGBM-08	B_Plasma	2	exploratory
ndGBM	DS3	08	GSM5518637_ndGBM-08	Endothelial	202	exploratory
ndGBM	DS3	08	GSM5518637_ndGBM-08	Malignant_AC_like_reactive_malignant	143	exploratory
ndGBM	DS3	08	GSM5518637_ndGBM-08	Malignant_NPC_neuronal_like_malignant	615	exploratory
ndGBM	DS3	08	GSM5518637_ndGBM-08	Malignant_OPC_NPC_like_malignant	271	exploratory
ndGBM	DS3	08	GSM5518637_ndGBM-08	Malignant_cycling_candidate	279	exploratory
ndGBM	DS3	08	GSM5518637_ndGBM-08	Malignant_hypoxia_stress_malignant	236	exploratory
ndGBM	DS3	08	GSM5518637_ndGBM-08	Mural_Pericyte_Fibroblast	167	exploratory
ndGBM	DS3	08	GSM5518637_ndGBM-08	Oligodendrocyte_myelinating	42	exploratory
ndGBM	DS3	08	GSM5518637_ndGBM-08	Review_cluster_10_review_myeloid_FCN1_inflammatory_monocyte_CNV_discordant	36	exploratory
ndGBM	DS3	08	GSM5518637_ndGBM-08	Review_cluster_12_review_MES_ECM_stromal_like_ambiguous_CNV_high	30	exploratory
ndGBM	DS3	08	GSM5518637_ndGBM-08	Review_cluster_17_review_erythroid_Hb_high_or_ambient_RBC	1	exploratory
ndGBM	DS3	08	GSM5518637_ndGBM-08	Review_cluster_1_review_myeloid_C1Q_TREM2_APOE_TAM_mixed_CNV	2134	exploratory
ndGBM	DS3	08	GSM5518637_ndGBM-08	Review_cluster_3_review_myeloid_inflammatory_MES_associated_mixed_CNV	604	exploratory
ndGBM	DS3	08	GSM5518637_ndGBM-08	Review_cluster_5_review_T_NK_cells_dataset_biased_mixed_CNV	149	exploratory
ndGBM	DS3	08	GSM5518637_ndGBM-08	Review_cluster_6_review_myeloid_APC_HLA_CD163_TAM_mixed_CNV	672	exploratory
ndGBM	DS3	08	GSM5518637_ndGBM-08	Review_cluster_9_review_ambiguous_mixed_Hb_T_NK_HLA	67	exploratory
ndGBM	DS3	09	GSM5518639_ndGBM-09	B_Plasma	115	exploratory
ndGBM	DS3	09	GSM5518639_ndGBM-09	Endothelial	18	exploratory
ndGBM	DS3	09	GSM5518639_ndGBM-09	Malignant_AC_like_reactive_malignant	505	exploratory
ndGBM	DS3	09	GSM5518639_ndGBM-09	Malignant_NPC_neuronal_like_malignant	5	exploratory
ndGBM	DS3	09	GSM5518639_ndGBM-09	Malignant_OPC_NPC_like_malignant	358	exploratory
ndGBM	DS3	09	GSM5518639_ndGBM-09	Malignant_cycling_candidate	88	exploratory
ndGBM	DS3	09	GSM5518639_ndGBM-09	Malignant_hypoxia_stress_malignant	113	exploratory
ndGBM	DS3	09	GSM5518639_ndGBM-09	Mast_cell	7	exploratory
ndGBM	DS3	09	GSM5518639_ndGBM-09	Mural_Pericyte_Fibroblast	60	exploratory
ndGBM	DS3	09	GSM5518639_ndGBM-09	Oligodendrocyte_myelinating	2	exploratory
ndGBM	DS3	09	GSM5518639_ndGBM-09	Review_cluster_10_review_myeloid_FCN1_inflammatory_monocyte_CNV_discordant	198	exploratory
ndGBM	DS3	09	GSM5518639_ndGBM-09	Review_cluster_12_review_MES_ECM_stromal_like_ambiguous_CNV_high	17	exploratory
ndGBM	DS3	09	GSM5518639_ndGBM-09	Review_cluster_1_review_myeloid_C1Q_TREM2_APOE_TAM_mixed_CNV	1517	exploratory
ndGBM	DS3	09	GSM5518639_ndGBM-09	Review_cluster_3_review_myeloid_inflammatory_MES_associated_mixed_CNV	428	exploratory
ndGBM	DS3	09	GSM5518639_ndGBM-09	Review_cluster_5_review_T_NK_cells_dataset_biased_mixed_CNV	1112	exploratory
ndGBM	DS3	09	GSM5518639_ndGBM-09	Review_cluster_6_review_myeloid_APC_HLA_CD163_TAM_mixed_CNV	426	exploratory
ndGBM	DS3	09	GSM5518639_ndGBM-09	Review_cluster_9_review_ambiguous_mixed_Hb_T_NK_HLA	141	exploratory
ndGBM	DS3	10	GSM5518629_ndGBM-10	Malignant_AC_like_reactive_malignant	2	exploratory
ndGBM	DS3	10	GSM5518629_ndGBM-10	Malignant_OPC_NPC_like_malignant	1	exploratory
ndGBM	DS3	10	GSM5518629_ndGBM-10	Review_cluster_1_review_myeloid_C1Q_TREM2_APOE_TAM_mixed_CNV	11	exploratory
ndGBM	DS3	10	GSM5518629_ndGBM-10	Review_cluster_3_review_myeloid_inflammatory_MES_associated_mixed_CNV	2	exploratory
ndGBM	DS3	10	GSM5518629_ndGBM-10	Review_cluster_5_review_T_NK_cells_dataset_biased_mixed_CNV	15	exploratory
ndGBM	DS3	10	GSM5518629_ndGBM-10	Review_cluster_6_review_myeloid_APC_HLA_CD163_TAM_mixed_CNV	6	exploratory
ndGBM	DS3	10	GSM5518629_ndGBM-10	Review_cluster_9_review_ambiguous_mixed_Hb_T_NK_HLA	9654	exploratory
ndGBM	DS3	11	GSM5518604_ndGBM-11-A	Review_cluster_17_review_erythroid_Hb_high_or_ambient_RBC	1	exploratory
ndGBM	DS3	11	GSM5518604_ndGBM-11-A	Review_cluster_1_review_myeloid_C1Q_TREM2_APOE_TAM_mixed_CNV	362	exploratory
ndGBM	DS3	11	GSM5518604_ndGBM-11-A	Review_cluster_5_review_T_NK_cells_dataset_biased_mixed_CNV	11	exploratory
ndGBM	DS3	11	GSM5518605_ndGBM-11-B	Endothelial	4	exploratory
ndGBM	DS3	11	GSM5518605_ndGBM-11-B	Mural_Pericyte_Fibroblast	1	exploratory
ndGBM	DS3	11	GSM5518605_ndGBM-11-B	Review_cluster_17_review_erythroid_Hb_high_or_ambient_RBC	1	exploratory
ndGBM	DS3	11	GSM5518605_ndGBM-11-B	Review_cluster_1_review_myeloid_C1Q_TREM2_APOE_TAM_mixed_CNV	264	exploratory
ndGBM	DS3	11	GSM5518605_ndGBM-11-B	Review_cluster_5_review_T_NK_cells_dataset_biased_mixed_CNV	16	exploratory
ndGBM	DS3	11	GSM5518605_ndGBM-11-B	Review_cluster_6_review_myeloid_APC_HLA_CD163_TAM_mixed_CNV	2	exploratory
ndGBM	DS3	11	GSM5518606_ndGBM-11-C	Endothelial	1	exploratory
ndGBM	DS3	11	GSM5518606_ndGBM-11-C	Malignant_AC_like_reactive_malignant	16	exploratory
ndGBM	DS3	11	GSM5518606_ndGBM-11-C	Malignant_OPC_NPC_like_malignant	15	exploratory
ndGBM	DS3	11	GSM5518606_ndGBM-11-C	Mural_Pericyte_Fibroblast	2	exploratory
ndGBM	DS3	11	GSM5518606_ndGBM-11-C	Oligodendrocyte_myelinating	53	exploratory
ndGBM	DS3	11	GSM5518606_ndGBM-11-C	Review_cluster_12_review_MES_ECM_stromal_like_ambiguous_CNV_high	8	exploratory
ndGBM	DS3	11	GSM5518606_ndGBM-11-C	Review_cluster_17_review_erythroid_Hb_high_or_ambient_RBC	5	exploratory
ndGBM	DS3	11	GSM5518606_ndGBM-11-C	Review_cluster_1_review_myeloid_C1Q_TREM2_APOE_TAM_mixed_CNV	2315	exploratory
ndGBM	DS3	11	GSM5518606_ndGBM-11-C	Review_cluster_3_review_myeloid_inflammatory_MES_associated_mixed_CNV	1	exploratory
ndGBM	DS3	11	GSM5518606_ndGBM-11-C	Review_cluster_5_review_T_NK_cells_dataset_biased_mixed_CNV	34	exploratory
ndGBM	DS3	11	GSM5518606_ndGBM-11-C	Review_cluster_6_review_myeloid_APC_HLA_CD163_TAM_mixed_CNV	2	exploratory
ndGBM	DS3	11	GSM5518607_ndGBM-11-D	Endothelial	3	exploratory
ndGBM	DS3	11	GSM5518607_ndGBM-11-D	Malignant_AC_like_reactive_malignant	1	exploratory
ndGBM	DS3	11	GSM5518607_ndGBM-11-D	Malignant_OPC_NPC_like_malignant	1	exploratory
ndGBM	DS3	11	GSM5518607_ndGBM-11-D	Oligodendrocyte_myelinating	1	exploratory
ndGBM	DS3	11	GSM5518607_ndGBM-11-D	Review_cluster_1_review_myeloid_C1Q_TREM2_APOE_TAM_mixed_CNV	1083	exploratory
ndGBM	DS3	11	GSM5518607_ndGBM-11-D	Review_cluster_5_review_T_NK_cells_dataset_biased_mixed_CNV	18	exploratory
ndGBM	DS3	11	GSM5518607_ndGBM-11-D	Review_cluster_6_review_myeloid_APC_HLA_CD163_TAM_mixed_CNV	1	exploratory
ndGBM	DS3	11	GSM5518607_ndGBM-11-D	Review_cluster_9_review_ambiguous_mixed_Hb_T_NK_HLA	1	exploratory
rGBM	DS3	01	GSM5518596_rGBM-01-A	B_Plasma	17	exploratory
rGBM	DS3	01	GSM5518596_rGBM-01-A	Endothelial	4	exploratory
rGBM	DS3	01	GSM5518596_rGBM-01-A	Malignant_AC_like_reactive_malignant	12	exploratory
rGBM	DS3	01	GSM5518596_rGBM-01-A	Malignant_OPC_NPC_like_malignant	45	exploratory
rGBM	DS3	01	GSM5518596_rGBM-01-A	Malignant_cycling_candidate	46	exploratory
rGBM	DS3	01	GSM5518596_rGBM-01-A	Malignant_hypoxia_stress_malignant	66	exploratory
rGBM	DS3	01	GSM5518596_rGBM-01-A	Mural_Pericyte_Fibroblast	3	exploratory
rGBM	DS3	01	GSM5518596_rGBM-01-A	Oligodendrocyte_myelinating	22	exploratory
rGBM	DS3	01	GSM5518596_rGBM-01-A	Review_cluster_10_review_myeloid_FCN1_inflammatory_monocyte_CNV_discordant	118	exploratory
rGBM	DS3	01	GSM5518596_rGBM-01-A	Review_cluster_12_review_MES_ECM_stromal_like_ambiguous_CNV_high	23	exploratory
rGBM	DS3	01	GSM5518596_rGBM-01-A	Review_cluster_1_review_myeloid_C1Q_TREM2_APOE_TAM_mixed_CNV	1577	exploratory
rGBM	DS3	01	GSM5518596_rGBM-01-A	Review_cluster_3_review_myeloid_inflammatory_MES_associated_mixed_CNV	1631	exploratory
rGBM	DS3	01	GSM5518596_rGBM-01-A	Review_cluster_5_review_T_NK_cells_dataset_biased_mixed_CNV	581	exploratory
rGBM	DS3	01	GSM5518596_rGBM-01-A	Review_cluster_6_review_myeloid_APC_HLA_CD163_TAM_mixed_CNV	150	exploratory
rGBM	DS3	01	GSM5518596_rGBM-01-A	Review_cluster_9_review_ambiguous_mixed_Hb_T_NK_HLA	29	exploratory
rGBM	DS3	01	GSM5518597_rGBM-01-B	B_Plasma	29	exploratory
rGBM	DS3	01	GSM5518597_rGBM-01-B	Endothelial	8	exploratory
rGBM	DS3	01	GSM5518597_rGBM-01-B	Malignant_AC_like_reactive_malignant	62	exploratory
rGBM	DS3	01	GSM5518597_rGBM-01-B	Malignant_OPC_NPC_like_malignant	70	exploratory
rGBM	DS3	01	GSM5518597_rGBM-01-B	Malignant_cycling_candidate	144	exploratory
rGBM	DS3	01	GSM5518597_rGBM-01-B	Malignant_hypoxia_stress_malignant	184	exploratory
rGBM	DS3	01	GSM5518597_rGBM-01-B	Mast_cell	2	exploratory
rGBM	DS3	01	GSM5518597_rGBM-01-B	Mural_Pericyte_Fibroblast	2	exploratory
rGBM	DS3	01	GSM5518597_rGBM-01-B	Oligodendrocyte_myelinating	170	exploratory
rGBM	DS3	01	GSM5518597_rGBM-01-B	Review_cluster_10_review_myeloid_FCN1_inflammatory_monocyte_CNV_discordant	73	exploratory
rGBM	DS3	01	GSM5518597_rGBM-01-B	Review_cluster_12_review_MES_ECM_stromal_like_ambiguous_CNV_high	33	exploratory
rGBM	DS3	01	GSM5518597_rGBM-01-B	Review_cluster_1_review_myeloid_C1Q_TREM2_APOE_TAM_mixed_CNV	369	exploratory
rGBM	DS3	01	GSM5518597_rGBM-01-B	Review_cluster_3_review_myeloid_inflammatory_MES_associated_mixed_CNV	7682	exploratory
rGBM	DS3	01	GSM5518597_rGBM-01-B	Review_cluster_5_review_T_NK_cells_dataset_biased_mixed_CNV	883	exploratory
rGBM	DS3	01	GSM5518597_rGBM-01-B	Review_cluster_6_review_myeloid_APC_HLA_CD163_TAM_mixed_CNV	954	exploratory
rGBM	DS3	01	GSM5518597_rGBM-01-B	Review_cluster_9_review_ambiguous_mixed_Hb_T_NK_HLA	295	exploratory
rGBM	DS3	01	GSM5518598_rGBM-01-C	B_Plasma	6	exploratory
rGBM	DS3	01	GSM5518598_rGBM-01-C	Endothelial	3	exploratory
rGBM	DS3	01	GSM5518598_rGBM-01-C	Malignant_AC_like_reactive_malignant	3	exploratory
rGBM	DS3	01	GSM5518598_rGBM-01-C	Malignant_OPC_NPC_like_malignant	5	exploratory
rGBM	DS3	01	GSM5518598_rGBM-01-C	Malignant_cycling_candidate	12	exploratory
rGBM	DS3	01	GSM5518598_rGBM-01-C	Malignant_hypoxia_stress_malignant	21	exploratory
rGBM	DS3	01	GSM5518598_rGBM-01-C	Mural_Pericyte_Fibroblast	3	exploratory
rGBM	DS3	01	GSM5518598_rGBM-01-C	Oligodendrocyte_myelinating	111	exploratory
rGBM	DS3	01	GSM5518598_rGBM-01-C	Review_cluster_10_review_myeloid_FCN1_inflammatory_monocyte_CNV_discordant	9	exploratory
rGBM	DS3	01	GSM5518598_rGBM-01-C	Review_cluster_12_review_MES_ECM_stromal_like_ambiguous_CNV_high	6	exploratory
rGBM	DS3	01	GSM5518598_rGBM-01-C	Review_cluster_17_review_erythroid_Hb_high_or_ambient_RBC	1	exploratory
rGBM	DS3	01	GSM5518598_rGBM-01-C	Review_cluster_1_review_myeloid_C1Q_TREM2_APOE_TAM_mixed_CNV	903	exploratory
rGBM	DS3	01	GSM5518598_rGBM-01-C	Review_cluster_3_review_myeloid_inflammatory_MES_associated_mixed_CNV	3445	exploratory
rGBM	DS3	01	GSM5518598_rGBM-01-C	Review_cluster_5_review_T_NK_cells_dataset_biased_mixed_CNV	286	exploratory
rGBM	DS3	01	GSM5518598_rGBM-01-C	Review_cluster_6_review_myeloid_APC_HLA_CD163_TAM_mixed_CNV	758	exploratory
rGBM	DS3	01	GSM5518598_rGBM-01-C	Review_cluster_9_review_ambiguous_mixed_Hb_T_NK_HLA	81	exploratory
rGBM	DS3	01	GSM5518599_rGBM-01-D	B_Plasma	10	exploratory
rGBM	DS3	01	GSM5518599_rGBM-01-D	Malignant_AC_like_reactive_malignant	74	exploratory
rGBM	DS3	01	GSM5518599_rGBM-01-D	Malignant_OPC_NPC_like_malignant	102	exploratory
rGBM	DS3	01	GSM5518599_rGBM-01-D	Malignant_cycling_candidate	165	exploratory
rGBM	DS3	01	GSM5518599_rGBM-01-D	Malignant_hypoxia_stress_malignant	114	exploratory
rGBM	DS3	01	GSM5518599_rGBM-01-D	Oligodendrocyte_myelinating	380	exploratory
rGBM	DS3	01	GSM5518599_rGBM-01-D	Review_cluster_10_review_myeloid_FCN1_inflammatory_monocyte_CNV_discordant	12	exploratory
rGBM	DS3	01	GSM5518599_rGBM-01-D	Review_cluster_12_review_MES_ECM_stromal_like_ambiguous_CNV_high	26	exploratory
rGBM	DS3	01	GSM5518599_rGBM-01-D	Review_cluster_1_review_myeloid_C1Q_TREM2_APOE_TAM_mixed_CNV	595	exploratory
rGBM	DS3	01	GSM5518599_rGBM-01-D	Review_cluster_3_review_myeloid_inflammatory_MES_associated_mixed_CNV	3569	exploratory
rGBM	DS3	01	GSM5518599_rGBM-01-D	Review_cluster_5_review_T_NK_cells_dataset_biased_mixed_CNV	295	exploratory
rGBM	DS3	01	GSM5518599_rGBM-01-D	Review_cluster_6_review_myeloid_APC_HLA_CD163_TAM_mixed_CNV	371	exploratory
rGBM	DS3	01	GSM5518599_rGBM-01-D	Review_cluster_9_review_ambiguous_mixed_Hb_T_NK_HLA	279	exploratory
rGBM	DS3	02	GSM5518612_rGBM-02-2	B_Plasma	31	exploratory
rGBM	DS3	02	GSM5518612_rGBM-02-2	Endothelial	9	exploratory
rGBM	DS3	02	GSM5518612_rGBM-02-2	Malignant_AC_like_reactive_malignant	2	exploratory
rGBM	DS3	02	GSM5518612_rGBM-02-2	Malignant_NPC_neuronal_like_malignant	1	exploratory
rGBM	DS3	02	GSM5518612_rGBM-02-2	Malignant_OPC_NPC_like_malignant	11	exploratory
rGBM	DS3	02	GSM5518612_rGBM-02-2	Malignant_hypoxia_stress_malignant	2	exploratory
rGBM	DS3	02	GSM5518612_rGBM-02-2	Mast_cell	1	exploratory
rGBM	DS3	02	GSM5518612_rGBM-02-2	Mural_Pericyte_Fibroblast	372	exploratory
rGBM	DS3	02	GSM5518612_rGBM-02-2	Oligodendrocyte_myelinating	3	exploratory
rGBM	DS3	02	GSM5518612_rGBM-02-2	Review_cluster_10_review_myeloid_FCN1_inflammatory_monocyte_CNV_discordant	418	exploratory
rGBM	DS3	02	GSM5518612_rGBM-02-2	Review_cluster_12_review_MES_ECM_stromal_like_ambiguous_CNV_high	1	exploratory
rGBM	DS3	02	GSM5518612_rGBM-02-2	Review_cluster_17_review_erythroid_Hb_high_or_ambient_RBC	1	exploratory
rGBM	DS3	02	GSM5518612_rGBM-02-2	Review_cluster_1_review_myeloid_C1Q_TREM2_APOE_TAM_mixed_CNV	1	exploratory
rGBM	DS3	02	GSM5518612_rGBM-02-2	Review_cluster_3_review_myeloid_inflammatory_MES_associated_mixed_CNV	142	exploratory
rGBM	DS3	02	GSM5518612_rGBM-02-2	Review_cluster_5_review_T_NK_cells_dataset_biased_mixed_CNV	887	exploratory
rGBM	DS3	02	GSM5518612_rGBM-02-2	Review_cluster_6_review_myeloid_APC_HLA_CD163_TAM_mixed_CNV	142	exploratory
rGBM	DS3	02	GSM5518612_rGBM-02-2	Review_cluster_9_review_ambiguous_mixed_Hb_T_NK_HLA	4	exploratory
rGBM	DS3	02	GSM5518613_rGBM-02-3	B_Plasma	211	exploratory
rGBM	DS3	02	GSM5518613_rGBM-02-3	Endothelial	53	exploratory
rGBM	DS3	02	GSM5518613_rGBM-02-3	Malignant_AC_like_reactive_malignant	62	exploratory
rGBM	DS3	02	GSM5518613_rGBM-02-3	Malignant_NPC_neuronal_like_malignant	94	exploratory
rGBM	DS3	02	GSM5518613_rGBM-02-3	Malignant_OPC_NPC_like_malignant	753	exploratory
rGBM	DS3	02	GSM5518613_rGBM-02-3	Malignant_cycling_candidate	210	exploratory
rGBM	DS3	02	GSM5518613_rGBM-02-3	Malignant_hypoxia_stress_malignant	26	exploratory
rGBM	DS3	02	GSM5518613_rGBM-02-3	Mast_cell	18	exploratory
rGBM	DS3	02	GSM5518613_rGBM-02-3	Mural_Pericyte_Fibroblast	10	exploratory
rGBM	DS3	02	GSM5518613_rGBM-02-3	Oligodendrocyte_myelinating	17	exploratory
rGBM	DS3	02	GSM5518613_rGBM-02-3	Review_cluster_10_review_myeloid_FCN1_inflammatory_monocyte_CNV_discordant	495	exploratory
rGBM	DS3	02	GSM5518613_rGBM-02-3	Review_cluster_12_review_MES_ECM_stromal_like_ambiguous_CNV_high	62	exploratory
rGBM	DS3	02	GSM5518613_rGBM-02-3	Review_cluster_17_review_erythroid_Hb_high_or_ambient_RBC	5	exploratory
rGBM	DS3	02	GSM5518613_rGBM-02-3	Review_cluster_1_review_myeloid_C1Q_TREM2_APOE_TAM_mixed_CNV	131	exploratory
rGBM	DS3	02	GSM5518613_rGBM-02-3	Review_cluster_3_review_myeloid_inflammatory_MES_associated_mixed_CNV	1094	exploratory
rGBM	DS3	02	GSM5518613_rGBM-02-3	Review_cluster_5_review_T_NK_cells_dataset_biased_mixed_CNV	4388	exploratory
rGBM	DS3	02	GSM5518613_rGBM-02-3	Review_cluster_6_review_myeloid_APC_HLA_CD163_TAM_mixed_CNV	747	exploratory
rGBM	DS3	02	GSM5518613_rGBM-02-3	Review_cluster_9_review_ambiguous_mixed_Hb_T_NK_HLA	351	exploratory
rGBM	DS3	02	GSM5518614_rGBM-02-4	B_Plasma	20	exploratory
rGBM	DS3	02	GSM5518614_rGBM-02-4	Mast_cell	1	exploratory
rGBM	DS3	02	GSM5518614_rGBM-02-4	Mural_Pericyte_Fibroblast	3	exploratory
rGBM	DS3	02	GSM5518614_rGBM-02-4	Review_cluster_10_review_myeloid_FCN1_inflammatory_monocyte_CNV_discordant	183	exploratory
rGBM	DS3	02	GSM5518614_rGBM-02-4	Review_cluster_12_review_MES_ECM_stromal_like_ambiguous_CNV_high	1	exploratory
rGBM	DS3	02	GSM5518614_rGBM-02-4	Review_cluster_3_review_myeloid_inflammatory_MES_associated_mixed_CNV	18	exploratory
rGBM	DS3	02	GSM5518614_rGBM-02-4	Review_cluster_5_review_T_NK_cells_dataset_biased_mixed_CNV	505	exploratory
rGBM	DS3	02	GSM5518614_rGBM-02-4	Review_cluster_6_review_myeloid_APC_HLA_CD163_TAM_mixed_CNV	37	exploratory
rGBM	DS3	02	GSM5518615_rGBM-02-5	B_Plasma	150	exploratory
rGBM	DS3	02	GSM5518615_rGBM-02-5	Endothelial	231	exploratory
rGBM	DS3	02	GSM5518615_rGBM-02-5	Malignant_AC_like_reactive_malignant	5	exploratory
rGBM	DS3	02	GSM5518615_rGBM-02-5	Malignant_NPC_neuronal_like_malignant	1	exploratory
rGBM	DS3	02	GSM5518615_rGBM-02-5	Malignant_OPC_NPC_like_malignant	25	exploratory
rGBM	DS3	02	GSM5518615_rGBM-02-5	Malignant_cycling_candidate	18	exploratory
rGBM	DS3	02	GSM5518615_rGBM-02-5	Malignant_hypoxia_stress_malignant	9	exploratory
rGBM	DS3	02	GSM5518615_rGBM-02-5	Mast_cell	30	exploratory
rGBM	DS3	02	GSM5518615_rGBM-02-5	Mural_Pericyte_Fibroblast	24	exploratory
rGBM	DS3	02	GSM5518615_rGBM-02-5	Oligodendrocyte_myelinating	42	exploratory
rGBM	DS3	02	GSM5518615_rGBM-02-5	Review_cluster_10_review_myeloid_FCN1_inflammatory_monocyte_CNV_discordant	3625	exploratory
rGBM	DS3	02	GSM5518615_rGBM-02-5	Review_cluster_12_review_MES_ECM_stromal_like_ambiguous_CNV_high	12	exploratory
rGBM	DS3	02	GSM5518615_rGBM-02-5	Review_cluster_17_review_erythroid_Hb_high_or_ambient_RBC	12	exploratory
rGBM	DS3	02	GSM5518615_rGBM-02-5	Review_cluster_1_review_myeloid_C1Q_TREM2_APOE_TAM_mixed_CNV	9	exploratory
rGBM	DS3	02	GSM5518615_rGBM-02-5	Review_cluster_3_review_myeloid_inflammatory_MES_associated_mixed_CNV	278	exploratory
rGBM	DS3	02	GSM5518615_rGBM-02-5	Review_cluster_5_review_T_NK_cells_dataset_biased_mixed_CNV	4666	exploratory
rGBM	DS3	02	GSM5518615_rGBM-02-5	Review_cluster_6_review_myeloid_APC_HLA_CD163_TAM_mixed_CNV	553	exploratory
rGBM	DS3	02	GSM5518615_rGBM-02-5	Review_cluster_9_review_ambiguous_mixed_Hb_T_NK_HLA	21	exploratory
rGBM	DS3	03	GSM5518616_rGBM-03-1	B_Plasma	6	exploratory
rGBM	DS3	03	GSM5518616_rGBM-03-1	Endothelial	8	exploratory
rGBM	DS3	03	GSM5518616_rGBM-03-1	Malignant_AC_like_reactive_malignant	354	exploratory
rGBM	DS3	03	GSM5518616_rGBM-03-1	Malignant_NPC_neuronal_like_malignant	13	exploratory
rGBM	DS3	03	GSM5518616_rGBM-03-1	Malignant_OPC_NPC_like_malignant	1219	exploratory
rGBM	DS3	03	GSM5518616_rGBM-03-1	Malignant_cycling_candidate	547	exploratory
rGBM	DS3	03	GSM5518616_rGBM-03-1	Malignant_hypoxia_stress_malignant	484	exploratory
rGBM	DS3	03	GSM5518616_rGBM-03-1	Oligodendrocyte_myelinating	131	exploratory
rGBM	DS3	03	GSM5518616_rGBM-03-1	Review_cluster_10_review_myeloid_FCN1_inflammatory_monocyte_CNV_discordant	13	exploratory
rGBM	DS3	03	GSM5518616_rGBM-03-1	Review_cluster_12_review_MES_ECM_stromal_like_ambiguous_CNV_high	223	exploratory
rGBM	DS3	03	GSM5518616_rGBM-03-1	Review_cluster_17_review_erythroid_Hb_high_or_ambient_RBC	1	exploratory
rGBM	DS3	03	GSM5518616_rGBM-03-1	Review_cluster_1_review_myeloid_C1Q_TREM2_APOE_TAM_mixed_CNV	360	exploratory
rGBM	DS3	03	GSM5518616_rGBM-03-1	Review_cluster_3_review_myeloid_inflammatory_MES_associated_mixed_CNV	48	exploratory
rGBM	DS3	03	GSM5518616_rGBM-03-1	Review_cluster_5_review_T_NK_cells_dataset_biased_mixed_CNV	29	exploratory
rGBM	DS3	03	GSM5518616_rGBM-03-1	Review_cluster_6_review_myeloid_APC_HLA_CD163_TAM_mixed_CNV	7	exploratory
rGBM	DS3	03	GSM5518616_rGBM-03-1	Review_cluster_9_review_ambiguous_mixed_Hb_T_NK_HLA	18	exploratory
rGBM	DS3	03	GSM5518617_rGBM-03-2	B_Plasma	8	exploratory
rGBM	DS3	03	GSM5518617_rGBM-03-2	Endothelial	22	exploratory
rGBM	DS3	03	GSM5518617_rGBM-03-2	Malignant_AC_like_reactive_malignant	69	exploratory
rGBM	DS3	03	GSM5518617_rGBM-03-2	Malignant_NPC_neuronal_like_malignant	1	exploratory
rGBM	DS3	03	GSM5518617_rGBM-03-2	Malignant_OPC_NPC_like_malignant	267	exploratory
rGBM	DS3	03	GSM5518617_rGBM-03-2	Malignant_cycling_candidate	94	exploratory
rGBM	DS3	03	GSM5518617_rGBM-03-2	Malignant_hypoxia_stress_malignant	316	exploratory
rGBM	DS3	03	GSM5518617_rGBM-03-2	Mural_Pericyte_Fibroblast	7	exploratory
rGBM	DS3	03	GSM5518617_rGBM-03-2	Oligodendrocyte_myelinating	49	exploratory
rGBM	DS3	03	GSM5518617_rGBM-03-2	Review_cluster_10_review_myeloid_FCN1_inflammatory_monocyte_CNV_discordant	12	exploratory
rGBM	DS3	03	GSM5518617_rGBM-03-2	Review_cluster_12_review_MES_ECM_stromal_like_ambiguous_CNV_high	55	exploratory
rGBM	DS3	03	GSM5518617_rGBM-03-2	Review_cluster_1_review_myeloid_C1Q_TREM2_APOE_TAM_mixed_CNV	153	exploratory
rGBM	DS3	03	GSM5518617_rGBM-03-2	Review_cluster_3_review_myeloid_inflammatory_MES_associated_mixed_CNV	270	exploratory
rGBM	DS3	03	GSM5518617_rGBM-03-2	Review_cluster_5_review_T_NK_cells_dataset_biased_mixed_CNV	135	exploratory
rGBM	DS3	03	GSM5518617_rGBM-03-2	Review_cluster_6_review_myeloid_APC_HLA_CD163_TAM_mixed_CNV	30	exploratory
rGBM	DS3	03	GSM5518617_rGBM-03-2	Review_cluster_9_review_ambiguous_mixed_Hb_T_NK_HLA	4	exploratory
rGBM	DS3	03	GSM5518618_rGBM-03-3	B_Plasma	31	exploratory
rGBM	DS3	03	GSM5518618_rGBM-03-3	Endothelial	22	exploratory
rGBM	DS3	03	GSM5518618_rGBM-03-3	Malignant_AC_like_reactive_malignant	123	exploratory
rGBM	DS3	03	GSM5518618_rGBM-03-3	Malignant_NPC_neuronal_like_malignant	6	exploratory
rGBM	DS3	03	GSM5518618_rGBM-03-3	Malignant_OPC_NPC_like_malignant	912	exploratory
rGBM	DS3	03	GSM5518618_rGBM-03-3	Malignant_cycling_candidate	346	exploratory
rGBM	DS3	03	GSM5518618_rGBM-03-3	Malignant_hypoxia_stress_malignant	335	exploratory
rGBM	DS3	03	GSM5518618_rGBM-03-3	Mural_Pericyte_Fibroblast	4	exploratory
rGBM	DS3	03	GSM5518618_rGBM-03-3	Oligodendrocyte_myelinating	41	exploratory
rGBM	DS3	03	GSM5518618_rGBM-03-3	Review_cluster_10_review_myeloid_FCN1_inflammatory_monocyte_CNV_discordant	58	exploratory
rGBM	DS3	03	GSM5518618_rGBM-03-3	Review_cluster_12_review_MES_ECM_stromal_like_ambiguous_CNV_high	228	exploratory
rGBM	DS3	03	GSM5518618_rGBM-03-3	Review_cluster_17_review_erythroid_Hb_high_or_ambient_RBC	1	exploratory
rGBM	DS3	03	GSM5518618_rGBM-03-3	Review_cluster_1_review_myeloid_C1Q_TREM2_APOE_TAM_mixed_CNV	1258	exploratory
rGBM	DS3	03	GSM5518618_rGBM-03-3	Review_cluster_3_review_myeloid_inflammatory_MES_associated_mixed_CNV	209	exploratory
rGBM	DS3	03	GSM5518618_rGBM-03-3	Review_cluster_5_review_T_NK_cells_dataset_biased_mixed_CNV	221	exploratory
rGBM	DS3	03	GSM5518618_rGBM-03-3	Review_cluster_6_review_myeloid_APC_HLA_CD163_TAM_mixed_CNV	63	exploratory
rGBM	DS3	03	GSM5518618_rGBM-03-3	Review_cluster_9_review_ambiguous_mixed_Hb_T_NK_HLA	63	exploratory
rGBM	DS3	04	GSM5518619_rGBM-04-1	B_Plasma	5	exploratory
rGBM	DS3	04	GSM5518619_rGBM-04-1	Endothelial	4	exploratory
rGBM	DS3	04	GSM5518619_rGBM-04-1	Malignant_AC_like_reactive_malignant	681	exploratory
rGBM	DS3	04	GSM5518619_rGBM-04-1	Malignant_NPC_neuronal_like_malignant	5	exploratory
rGBM	DS3	04	GSM5518619_rGBM-04-1	Malignant_OPC_NPC_like_malignant	1848	exploratory
rGBM	DS3	04	GSM5518619_rGBM-04-1	Malignant_cycling_candidate	1745	exploratory
rGBM	DS3	04	GSM5518619_rGBM-04-1	Malignant_hypoxia_stress_malignant	8	exploratory
rGBM	DS3	04	GSM5518619_rGBM-04-1	Mural_Pericyte_Fibroblast	1	exploratory
rGBM	DS3	04	GSM5518619_rGBM-04-1	Oligodendrocyte_myelinating	860	exploratory
rGBM	DS3	04	GSM5518619_rGBM-04-1	Review_cluster_10_review_myeloid_FCN1_inflammatory_monocyte_CNV_discordant	9	exploratory
rGBM	DS3	04	GSM5518619_rGBM-04-1	Review_cluster_12_review_MES_ECM_stromal_like_ambiguous_CNV_high	78	exploratory
rGBM	DS3	04	GSM5518619_rGBM-04-1	Review_cluster_1_review_myeloid_C1Q_TREM2_APOE_TAM_mixed_CNV	502	exploratory
rGBM	DS3	04	GSM5518619_rGBM-04-1	Review_cluster_3_review_myeloid_inflammatory_MES_associated_mixed_CNV	67	exploratory
rGBM	DS3	04	GSM5518619_rGBM-04-1	Review_cluster_5_review_T_NK_cells_dataset_biased_mixed_CNV	295	exploratory
rGBM	DS3	04	GSM5518619_rGBM-04-1	Review_cluster_6_review_myeloid_APC_HLA_CD163_TAM_mixed_CNV	195	exploratory
rGBM	DS3	04	GSM5518619_rGBM-04-1	Review_cluster_9_review_ambiguous_mixed_Hb_T_NK_HLA	75	exploratory
rGBM	DS3	04	GSM5518620_rGBM-04-2	B_Plasma	2	exploratory
rGBM	DS3	04	GSM5518620_rGBM-04-2	Endothelial	2	exploratory
rGBM	DS3	04	GSM5518620_rGBM-04-2	Malignant_AC_like_reactive_malignant	420	exploratory
rGBM	DS3	04	GSM5518620_rGBM-04-2	Malignant_NPC_neuronal_like_malignant	37	exploratory
rGBM	DS3	04	GSM5518620_rGBM-04-2	Malignant_OPC_NPC_like_malignant	1733	exploratory
rGBM	DS3	04	GSM5518620_rGBM-04-2	Malignant_cycling_candidate	2078	exploratory
rGBM	DS3	04	GSM5518620_rGBM-04-2	Malignant_hypoxia_stress_malignant	191	exploratory
rGBM	DS3	04	GSM5518620_rGBM-04-2	Mural_Pericyte_Fibroblast	1	exploratory
rGBM	DS3	04	GSM5518620_rGBM-04-2	Oligodendrocyte_myelinating	387	exploratory
rGBM	DS3	04	GSM5518620_rGBM-04-2	Review_cluster_10_review_myeloid_FCN1_inflammatory_monocyte_CNV_discordant	16	exploratory
rGBM	DS3	04	GSM5518620_rGBM-04-2	Review_cluster_12_review_MES_ECM_stromal_like_ambiguous_CNV_high	133	exploratory
rGBM	DS3	04	GSM5518620_rGBM-04-2	Review_cluster_1_review_myeloid_C1Q_TREM2_APOE_TAM_mixed_CNV	652	exploratory
rGBM	DS3	04	GSM5518620_rGBM-04-2	Review_cluster_3_review_myeloid_inflammatory_MES_associated_mixed_CNV	134	exploratory
rGBM	DS3	04	GSM5518620_rGBM-04-2	Review_cluster_5_review_T_NK_cells_dataset_biased_mixed_CNV	153	exploratory
rGBM	DS3	04	GSM5518620_rGBM-04-2	Review_cluster_6_review_myeloid_APC_HLA_CD163_TAM_mixed_CNV	199	exploratory
rGBM	DS3	04	GSM5518620_rGBM-04-2	Review_cluster_9_review_ambiguous_mixed_Hb_T_NK_HLA	71	exploratory
rGBM	DS3	04	GSM5518621_rGBM-04-3	B_Plasma	2	exploratory
rGBM	DS3	04	GSM5518621_rGBM-04-3	Endothelial	2	exploratory
rGBM	DS3	04	GSM5518621_rGBM-04-3	Malignant_AC_like_reactive_malignant	428	exploratory
rGBM	DS3	04	GSM5518621_rGBM-04-3	Malignant_NPC_neuronal_like_malignant	58	exploratory
rGBM	DS3	04	GSM5518621_rGBM-04-3	Malignant_OPC_NPC_like_malignant	2131	exploratory
rGBM	DS3	04	GSM5518621_rGBM-04-3	Malignant_cycling_candidate	2210	exploratory
rGBM	DS3	04	GSM5518621_rGBM-04-3	Malignant_hypoxia_stress_malignant	197	exploratory
rGBM	DS3	04	GSM5518621_rGBM-04-3	Oligodendrocyte_myelinating	837	exploratory
rGBM	DS3	04	GSM5518621_rGBM-04-3	Review_cluster_10_review_myeloid_FCN1_inflammatory_monocyte_CNV_discordant	7	exploratory
rGBM	DS3	04	GSM5518621_rGBM-04-3	Review_cluster_12_review_MES_ECM_stromal_like_ambiguous_CNV_high	91	exploratory
rGBM	DS3	04	GSM5518621_rGBM-04-3	Review_cluster_1_review_myeloid_C1Q_TREM2_APOE_TAM_mixed_CNV	994	exploratory
rGBM	DS3	04	GSM5518621_rGBM-04-3	Review_cluster_3_review_myeloid_inflammatory_MES_associated_mixed_CNV	133	exploratory
rGBM	DS3	04	GSM5518621_rGBM-04-3	Review_cluster_5_review_T_NK_cells_dataset_biased_mixed_CNV	239	exploratory
rGBM	DS3	04	GSM5518621_rGBM-04-3	Review_cluster_6_review_myeloid_APC_HLA_CD163_TAM_mixed_CNV	299	exploratory
rGBM	DS3	04	GSM5518621_rGBM-04-3	Review_cluster_9_review_ambiguous_mixed_Hb_T_NK_HLA	90	exploratory
rGBM	DS3	04	GSM5518622_rGBM-04-4	B_Plasma	3	exploratory
rGBM	DS3	04	GSM5518622_rGBM-04-4	Endothelial	4	exploratory
rGBM	DS3	04	GSM5518622_rGBM-04-4	Malignant_AC_like_reactive_malignant	333	exploratory
rGBM	DS3	04	GSM5518622_rGBM-04-4	Malignant_NPC_neuronal_like_malignant	58	exploratory
rGBM	DS3	04	GSM5518622_rGBM-04-4	Malignant_OPC_NPC_like_malignant	1452	exploratory
rGBM	DS3	04	GSM5518622_rGBM-04-4	Malignant_cycling_candidate	1535	exploratory
rGBM	DS3	04	GSM5518622_rGBM-04-4	Malignant_hypoxia_stress_malignant	165	exploratory
rGBM	DS3	04	GSM5518622_rGBM-04-4	Mural_Pericyte_Fibroblast	1	exploratory
rGBM	DS3	04	GSM5518622_rGBM-04-4	Oligodendrocyte_myelinating	293	exploratory
rGBM	DS3	04	GSM5518622_rGBM-04-4	Review_cluster_10_review_myeloid_FCN1_inflammatory_monocyte_CNV_discordant	83	exploratory
rGBM	DS3	04	GSM5518622_rGBM-04-4	Review_cluster_12_review_MES_ECM_stromal_like_ambiguous_CNV_high	72	exploratory
rGBM	DS3	04	GSM5518622_rGBM-04-4	Review_cluster_1_review_myeloid_C1Q_TREM2_APOE_TAM_mixed_CNV	704	exploratory
rGBM	DS3	04	GSM5518622_rGBM-04-4	Review_cluster_3_review_myeloid_inflammatory_MES_associated_mixed_CNV	287	exploratory
rGBM	DS3	04	GSM5518622_rGBM-04-4	Review_cluster_5_review_T_NK_cells_dataset_biased_mixed_CNV	360	exploratory
rGBM	DS3	04	GSM5518622_rGBM-04-4	Review_cluster_6_review_myeloid_APC_HLA_CD163_TAM_mixed_CNV	935	exploratory
rGBM	DS3	04	GSM5518622_rGBM-04-4	Review_cluster_9_review_ambiguous_mixed_Hb_T_NK_HLA	127	exploratory
rGBM	DS3	05	GSM5518626_rGBM-05-1	B_Plasma	2	exploratory
rGBM	DS3	05	GSM5518626_rGBM-05-1	Endothelial	37	exploratory
rGBM	DS3	05	GSM5518626_rGBM-05-1	Malignant_AC_like_reactive_malignant	219	exploratory
rGBM	DS3	05	GSM5518626_rGBM-05-1	Malignant_NPC_neuronal_like_malignant	3	exploratory
rGBM	DS3	05	GSM5518626_rGBM-05-1	Malignant_OPC_NPC_like_malignant	626	exploratory
rGBM	DS3	05	GSM5518626_rGBM-05-1	Malignant_cycling_candidate	797	exploratory
rGBM	DS3	05	GSM5518626_rGBM-05-1	Malignant_hypoxia_stress_malignant	232	exploratory
rGBM	DS3	05	GSM5518626_rGBM-05-1	Mural_Pericyte_Fibroblast	11	exploratory
rGBM	DS3	05	GSM5518626_rGBM-05-1	Review_cluster_10_review_myeloid_FCN1_inflammatory_monocyte_CNV_discordant	98	exploratory
rGBM	DS3	05	GSM5518626_rGBM-05-1	Review_cluster_12_review_MES_ECM_stromal_like_ambiguous_CNV_high	313	exploratory
rGBM	DS3	05	GSM5518626_rGBM-05-1	Review_cluster_1_review_myeloid_C1Q_TREM2_APOE_TAM_mixed_CNV	19	exploratory
rGBM	DS3	05	GSM5518626_rGBM-05-1	Review_cluster_3_review_myeloid_inflammatory_MES_associated_mixed_CNV	735	exploratory
rGBM	DS3	05	GSM5518626_rGBM-05-1	Review_cluster_5_review_T_NK_cells_dataset_biased_mixed_CNV	466	exploratory
rGBM	DS3	05	GSM5518626_rGBM-05-1	Review_cluster_6_review_myeloid_APC_HLA_CD163_TAM_mixed_CNV	1011	exploratory
rGBM	DS3	05	GSM5518626_rGBM-05-1	Review_cluster_9_review_ambiguous_mixed_Hb_T_NK_HLA	40	exploratory
rGBM	DS3	05	GSM5518627_rGBM-05-2	Endothelial	13	exploratory
rGBM	DS3	05	GSM5518627_rGBM-05-2	Malignant_AC_like_reactive_malignant	373	exploratory
rGBM	DS3	05	GSM5518627_rGBM-05-2	Malignant_NPC_neuronal_like_malignant	17	exploratory
rGBM	DS3	05	GSM5518627_rGBM-05-2	Malignant_OPC_NPC_like_malignant	170	exploratory
rGBM	DS3	05	GSM5518627_rGBM-05-2	Malignant_cycling_candidate	253	exploratory
rGBM	DS3	05	GSM5518627_rGBM-05-2	Malignant_hypoxia_stress_malignant	866	exploratory
rGBM	DS3	05	GSM5518627_rGBM-05-2	Mast_cell	2	exploratory
rGBM	DS3	05	GSM5518627_rGBM-05-2	Mural_Pericyte_Fibroblast	5	exploratory
rGBM	DS3	05	GSM5518627_rGBM-05-2	Review_cluster_10_review_myeloid_FCN1_inflammatory_monocyte_CNV_discordant	17	exploratory
rGBM	DS3	05	GSM5518627_rGBM-05-2	Review_cluster_12_review_MES_ECM_stromal_like_ambiguous_CNV_high	76	exploratory
rGBM	DS3	05	GSM5518627_rGBM-05-2	Review_cluster_1_review_myeloid_C1Q_TREM2_APOE_TAM_mixed_CNV	3	exploratory
rGBM	DS3	05	GSM5518627_rGBM-05-2	Review_cluster_3_review_myeloid_inflammatory_MES_associated_mixed_CNV	616	exploratory
rGBM	DS3	05	GSM5518627_rGBM-05-2	Review_cluster_5_review_T_NK_cells_dataset_biased_mixed_CNV	143	exploratory
rGBM	DS3	05	GSM5518627_rGBM-05-2	Review_cluster_6_review_myeloid_APC_HLA_CD163_TAM_mixed_CNV	152	exploratory
rGBM	DS3	05	GSM5518627_rGBM-05-2	Review_cluster_9_review_ambiguous_mixed_Hb_T_NK_HLA	6	exploratory
rGBM	DS3	05	GSM5518628_rGBM-05-3	B_Plasma	1	exploratory
rGBM	DS3	05	GSM5518628_rGBM-05-3	Endothelial	22	exploratory
rGBM	DS3	05	GSM5518628_rGBM-05-3	Malignant_AC_like_reactive_malignant	100	exploratory
rGBM	DS3	05	GSM5518628_rGBM-05-3	Malignant_NPC_neuronal_like_malignant	5	exploratory
rGBM	DS3	05	GSM5518628_rGBM-05-3	Malignant_OPC_NPC_like_malignant	95	exploratory
rGBM	DS3	05	GSM5518628_rGBM-05-3	Malignant_cycling_candidate	139	exploratory
rGBM	DS3	05	GSM5518628_rGBM-05-3	Malignant_hypoxia_stress_malignant	213	exploratory
rGBM	DS3	05	GSM5518628_rGBM-05-3	Mural_Pericyte_Fibroblast	14	exploratory
rGBM	DS3	05	GSM5518628_rGBM-05-3	Review_cluster_10_review_myeloid_FCN1_inflammatory_monocyte_CNV_discordant	30	exploratory
rGBM	DS3	05	GSM5518628_rGBM-05-3	Review_cluster_12_review_MES_ECM_stromal_like_ambiguous_CNV_high	29	exploratory
rGBM	DS3	05	GSM5518628_rGBM-05-3	Review_cluster_1_review_myeloid_C1Q_TREM2_APOE_TAM_mixed_CNV	4	exploratory
rGBM	DS3	05	GSM5518628_rGBM-05-3	Review_cluster_3_review_myeloid_inflammatory_MES_associated_mixed_CNV	368	exploratory
rGBM	DS3	05	GSM5518628_rGBM-05-3	Review_cluster_5_review_T_NK_cells_dataset_biased_mixed_CNV	264	exploratory
rGBM	DS3	05	GSM5518628_rGBM-05-3	Review_cluster_6_review_myeloid_APC_HLA_CD163_TAM_mixed_CNV	457	exploratory
rGBM	DS3	05	GSM5518628_rGBM-05-3	Review_cluster_9_review_ambiguous_mixed_Hb_T_NK_HLA	16	exploratory
