condition	candidate_axis	ligand	receptor	lr_pair	source_clean	target_clean	source_target	axis	biological_axis	rank_for_sorting	magnitude_rank	specificity_rank	lr_means	expr_prod	scaled_weight	lr_logfc	prioritization_rule
GBM	APP_CD74_axis	APP	CD74	APP→CD74	Oligodendrocyte_myelinating	Oligodendrocyte_myelinating	Oligodendrocyte_myelinating → Oligodendrocyte_myelinating	microenvironment_to_microenvironment	oligodendrocyte_reference_to_oligodendrocyte_reference	0.0095284052342913	0.0095284052342913	0.0512793211199019	1.6793778	2.7982204	0.619628569861384	0.9243168542708252	magnitude_rank<=0.05
GBM	APP_CD74_axis	APP	CD74	APP→CD74	Endothelial	Oligodendrocyte_myelinating	Endothelial → Oligodendrocyte_myelinating	microenvironment_to_microenvironment	endothelial_to_oligodendrocyte_reference	0.011250213227333	0.011250213227333	0.0512793211199019	1.6402962	2.6785717	0.5837388055924635	1.0699853013514828	magnitude_rank<=0.05
GBM	APP_CD74_axis	APP	CD74	APP→CD74	Malignant_AC_like_reactive_malignant	Oligodendrocyte_myelinating	Malignant_AC_like_reactive_malignant → Oligodendrocyte_myelinating	malignant_or_cycling_to_microenvironment	malignant_AC_reactive_to_oligodendrocyte_reference	0.0144706064534395	0.0144706064534395	0.0512793211199019	1.5690727	2.4605205	0.5183377476143096	0.8791062212297682	magnitude_rank<=0.05
GBM	APP_CD74_axis	APP	CD74	APP→CD74	Malignant_OPC_NPC_like_malignant	Oligodendrocyte_myelinating	Malignant_OPC_NPC_like_malignant → Oligodendrocyte_myelinating	malignant_or_cycling_to_microenvironment	malignant_OPC_NPC_to_oligodendrocyte_reference	0.0259600789240288	0.0259600789240288	0.0512793211199019	1.4224119	2.011518	0.3836580854044503	0.6737890172129573	magnitude_rank<=0.05
GBM	APP_CD74_axis	APP	CD74	APP→CD74	Malignant_hypoxia_stress_malignant	Oligodendrocyte_myelinating	Malignant_hypoxia_stress_malignant → Oligodendrocyte_myelinating	malignant_or_cycling_to_microenvironment	malignant_hypoxia_stress_to_oligodendrocyte_reference	0.0323380346342112	0.0323380346342112	0.0559352410924875	1.3857629	1.8993167	0.3500036024946387	0.4914438785926853	magnitude_rank<=0.05
GBM	APP_CD74_axis	APP	CD74	APP→CD74	Malignant_NPC_neuronal_like_malignant	Oligodendrocyte_myelinating	Malignant_NPC_neuronal_like_malignant → Oligodendrocyte_myelinating	malignant_or_cycling_to_microenvironment	malignant_NPC_neuronal_to_oligodendrocyte_reference	0.0329937589967724	0.0329937589967724	0.0571770492885397	1.3823581	1.8888927	0.3468798319526842	0.6106334885724134	magnitude_rank<=0.05
LGG	APP_CD74_axis	APP	CD74	APP→CD74	Oligodendrocyte_myelinating	Endothelial	Oligodendrocyte_myelinating → Endothelial	microenvironment_to_microenvironment	oligodendrocyte_reference_to_endothelial	0.0323093059606992	0.0323093059606992	0.0129069426979586	1.3270675	1.359364	0.8195705884952253	0.9298262883052112	magnitude_rank<=0.05
ndGBM	APP_CD74_axis	APP	CD74	APP→CD74	Oligodendrocyte_myelinating	Endothelial	Oligodendrocyte_myelinating → Endothelial	microenvironment_to_microenvironment	oligodendrocyte_reference_to_endothelial	0.0134902500698465	0.0134902500698465	0.0476302925017105	1.4779065	1.9959078	1.097148663868491	1.4111933431195207	magnitude_rank<=0.05
ndGBM	APP_CD74_axis	APP	CD74	APP→CD74	Endothelial	Endothelial	Endothelial → Endothelial	microenvironment_to_microenvironment	endothelial_to_endothelial	0.0155444059665557	0.0155444059665557	0.0476302925017105	1.4491267	1.9358176	1.0610979531798632	1.4573644923197515	magnitude_rank<=0.05
ndGBM	APP_CD74_axis	APP	CD74	APP→CD74	Oligodendrocyte_myelinating	Oligodendrocyte_myelinating	Oligodendrocyte_myelinating → Oligodendrocyte_myelinating	microenvironment_to_microenvironment	oligodendrocyte_reference_to_oligodendrocyte_reference	0.026777878635396	0.026777878635396	0.0476302925017105	1.322576	1.4019736	0.8608771065832121	1.2839062537842882	magnitude_rank<=0.05
ndGBM	APP_CD74_axis	APP	CD74	APP→CD74	Endothelial	Oligodendrocyte_myelinating	Endothelial → Oligodendrocyte_myelinating	microenvironment_to_microenvironment	endothelial_to_oligodendrocyte_reference	0.0302842713108779	0.0302842713108779	0.0476302925017105	1.2937964	1.3597648	0.8248263958945845	1.3300774029845193	magnitude_rank<=0.05
ndGBM	APP_CD74_axis	APP	CD74	APP→CD74	Oligodendrocyte_myelinating	Malignant_AC_like_reactive_malignant	Oligodendrocyte_myelinating → Malignant_AC_like_reactive_malignant	microenvironment_to_malignant_or_cycling	oligodendrocyte_reference_to_malignant_AC_reactive	0.0407503280919656	0.0407503280919656	0.0765546123826747	1.2304572	1.0497403	0.7207560286698652	0.982441621167036	magnitude_rank<=0.05
ndGBM	APP_CD74_axis	APP	CD74	APP→CD74	Endothelial	Malignant_AC_like_reactive_malignant	Endothelial → Malignant_AC_like_reactive_malignant	microenvironment_to_malignant_or_cycling	endothelial_to_malignant_AC_reactive	0.0476068580169336	0.0476068580169336	0.0861106847518453	1.2016776	1.0181361	0.6847053179812376	1.0286127703672672	magnitude_rank<=0.05
rGBM	APP_CD74_axis	APP	CD74	APP→CD74	Oligodendrocyte_myelinating	Endothelial	Oligodendrocyte_myelinating → Endothelial	microenvironment_to_microenvironment	oligodendrocyte_reference_to_endothelial	0.0029376071406992	0.0029376071406992	0.0395057426408424	1.8015752	3.197026	1.4188138194489466	1.5522005148998843	magnitude_rank<=0.05
rGBM	APP_CD74_axis	APP	CD74	APP→CD74	Endothelial	Endothelial	Endothelial → Endothelial	microenvironment_to_microenvironment	endothelial_to_endothelial	0.0067189814916924	0.0067189814916924	0.0395057426408424	1.6692805	2.7787063	1.246320075741573	1.3265417103104282	magnitude_rank<=0.05
rGBM	APP_CD74_axis	APP	CD74	APP→CD74	Mural_Pericyte_Fibroblast	Endothelial	Mural_Pericyte_Fibroblast → Endothelial	microenvironment_to_microenvironment	mural_pericyte_fibroblast_to_endothelial	0.0075856895805064	0.0075856895805064	0.0395057426408424	1.6463456	2.7061858	1.216416119886412	1.34419746200505	magnitude_rank<=0.05
rGBM	APP_CD74_axis	APP	CD74	APP→CD74	Malignant_AC_like_reactive_malignant	Endothelial	Malignant_AC_like_reactive_malignant → Endothelial	malignant_or_cycling_to_microenvironment	malignant_AC_reactive_to_endothelial	0.0084150161136032	0.0084150161136032	0.0395057426408424	1.6228304	2.6318297	1.1857569049324057	1.2148156179164482	magnitude_rank<=0.05
rGBM	APP_CD74_axis	APP	CD74	APP→CD74	Malignant_OPC_NPC_like_malignant	Endothelial	Malignant_OPC_NPC_like_malignant → Endothelial	malignant_or_cycling_to_microenvironment	malignant_OPC_NPC_to_endothelial	0.0123641462306066	0.0123641462306066	0.0395057426408424	1.5230486	2.3163173	1.055656497562402	1.0997177857555354	magnitude_rank<=0.05
rGBM	APP_CD74_axis	APP	CD74	APP→CD74	Malignant_hypoxia_stress_malignant	Endothelial	Malignant_hypoxia_stress_malignant → Endothelial	malignant_or_cycling_to_microenvironment	malignant_hypoxia_stress_to_endothelial	0.0152471314987729	0.0152471314987729	0.0395057426408424	1.4673897	2.1403222	0.9830854046140182	1.033358497145729	magnitude_rank<=0.05
rGBM	APP_CD74_axis	APP	CD74	APP→CD74	Malignant_cycling_candidate	Endothelial	Malignant_cycling_candidate → Endothelial	malignant_or_cycling_to_microenvironment	malignant_cycling_to_endothelial	0.0218020213530667	0.0218020213530667	0.0395057426408424	1.3900073	1.8956369	0.8821921703619451	0.8061422793378334	magnitude_rank<=0.05
rGBM	APP_CD74_axis	APP	CD74	APP→CD74	Malignant_NPC_neuronal_like_malignant	Endothelial	Malignant_NPC_neuronal_like_malignant → Endothelial	malignant_or_cycling_to_microenvironment	malignant_NPC_neuronal_to_endothelial	0.0218865074418925	0.0218865074418925	0.0395057426408424	1.3895335	1.8941389	0.8815721582737549	1.0096876201568925	magnitude_rank<=0.05
rGBM	APP_CD74_axis	APP	CD74	APP→CD74	Oligodendrocyte_myelinating	Mural_Pericyte_Fibroblast	Oligodendrocyte_myelinating → Mural_Pericyte_Fibroblast	microenvironment_to_microenvironment	oligodendrocyte_reference_to_mural_pericyte_fibroblast	0.0279041340645801	0.0279041340645801	0.0914205792628114	1.3382286	1.3231251	0.6666789006300666	0.6053399751080433	magnitude_rank<=0.05
rGBM	APP_CD74_axis	APP	CD74	APP→CD74	Oligodendrocyte_myelinating	Oligodendrocyte_myelinating	Oligodendrocyte_myelinating → Oligodendrocyte_myelinating	microenvironment_to_microenvironment	oligodendrocyte_reference_to_oligodendrocyte_reference	0.0387318610985876	0.0387318610985876	0.2017771234164676	1.2741926	1.064146	0.5627315563326991	0.9857556043621802	magnitude_rank<=0.05
GBM	HLA_A_APLP2_cautious_axis	HLA-A	APLP2	HLA-A→APLP2	Endothelial	Endothelial	Endothelial → Endothelial	microenvironment_to_microenvironment	endothelial_to_endothelial	0.000175056274983	0.000175056274983	0.0512793211199019	2.1665547	4.0616465	0.5625323835773773	1.0025104196331882	magnitude_rank<=0.05
GBM	HLA_A_APLP2_cautious_axis	HLA-A	APLP2	HLA-A→APLP2	Malignant_AC_like_reactive_malignant	Endothelial	Malignant_AC_like_reactive_malignant → Endothelial	malignant_or_cycling_to_microenvironment	malignant_AC_reactive_to_endothelial	0.0008949639576108	0.0008949639576108	0.0659922366601914	1.9782269	3.5451112	0.4135818362894035	0.7516527238302966	magnitude_rank<=0.05
GBM	HLA_A_APLP2_cautious_axis	HLA-A	APLP2	HLA-A→APLP2	Malignant_OPC_NPC_like_malignant	Endothelial	Malignant_OPC_NPC_like_malignant → Endothelial	malignant_or_cycling_to_microenvironment	malignant_OPC_NPC_to_endothelial	0.0010109732779738	0.0010109732779738	0.072386587713047	1.9504058	3.4688046	0.3915817580093721	0.9182339949561946	magnitude_rank<=0.05
GBM	HLA_A_APLP2_cautious_axis	HLA-A	APLP2	HLA-A→APLP2	Endothelial	Malignant_AC_like_reactive_malignant	Endothelial → Malignant_AC_like_reactive_malignant	microenvironment_to_malignant_or_cycling	endothelial_to_malignant_AC_reactive	0.0017628887733784	0.0017628887733784	0.20183183663887	1.9279767	2.6484373	0.3012156263782293	0.4143578460171762	magnitude_rank<=0.05
GBM	HLA_A_APLP2_cautious_axis	HLA-A	APLP2	HLA-A→APLP2	Endothelial	Malignant_hypoxia_stress_malignant	Endothelial → Malignant_hypoxia_stress_malignant	microenvironment_to_malignant_or_cycling	endothelial_to_malignant_hypoxia_stress	0.0019004115141911	0.0019004115141911	0.22089736567949	1.9187375	2.5937088	0.2910960649709856	0.3249417966063577	magnitude_rank<=0.05
GBM	HLA_A_APLP2_cautious_axis	HLA-A	APLP2	HLA-A→APLP2	Oligodendrocyte_myelinating	Endothelial	Oligodendrocyte_myelinating → Endothelial	microenvironment_to_microenvironment	oligodendrocyte_reference_to_endothelial	0.0020430454964311	0.0020430454964311	0.0908671343825405	1.8835557	3.285452	0.3387058885173936	0.6351018798934782	magnitude_rank<=0.05
GBM	HLA_A_APLP2_cautious_axis	HLA-A	APLP2	HLA-A→APLP2	Endothelial	Malignant_cycling_candidate	Endothelial → Malignant_cycling_candidate	microenvironment_to_malignant_or_cycling	endothelial_to_malignant_cycling	0.0022411652034878	0.0022411652034878	0.2538073832554898	1.9007294	2.4870384	0.2713710433502407	0.3421069801977358	magnitude_rank<=0.05
GBM	HLA_A_APLP2_cautious_axis	HLA-A	APLP2	HLA-A→APLP2	Endothelial	Malignant_OPC_NPC_like_malignant	Endothelial → Malignant_OPC_NPC_like_malignant	microenvironment_to_malignant_or_cycling	endothelial_to_malignant_OPC_NPC	0.0025553335977062	0.0025553335977062	0.2892576418026804	1.8858742	2.3990438	0.2551000985567084	0.3702374531741179	magnitude_rank<=0.05
GBM	HLA_A_APLP2_cautious_axis	HLA-A	APLP2	HLA-A→APLP2	Malignant_hypoxia_stress_malignant	Endothelial	Malignant_hypoxia_stress_malignant → Endothelial	malignant_or_cycling_to_microenvironment	malignant_hypoxia_stress_to_endothelial	0.0033057694254532	0.0033057694254532	0.1075143257064486	1.8354018	3.1533775	0.3006223808084122	0.542250259315006	magnitude_rank<=0.05
GBM	HLA_A_APLP2_cautious_axis	HLA-A	APLP2	HLA-A→APLP2	Malignant_cycling_candidate	Endothelial	Malignant_cycling_candidate → Endothelial	malignant_or_cycling_to_microenvironment	malignant_cycling_to_endothelial	0.0053216552824	0.0053216552824	0.1373930035149608	1.7640505	2.957679	0.2441879001999132	0.5804834362178495	magnitude_rank<=0.05
GBM	HLA_A_APLP2_cautious_axis	HLA-A	APLP2	HLA-A→APLP2	Mural_Pericyte_Fibroblast	Endothelial	Mural_Pericyte_Fibroblast → Endothelial	microenvironment_to_microenvironment	mural_pericyte_fibroblast_to_endothelial	0.0053605296038424	0.0053605296038424	0.1377385374620467	1.7632015	2.9553506	0.2435175280912762	0.5508562861558359	magnitude_rank<=0.05
GBM	HLA_A_APLP2_cautious_axis	HLA-A	APLP2	HLA-A→APLP2	Malignant_AC_like_reactive_malignant	Malignant_AC_like_reactive_malignant	Malignant_AC_like_reactive_malignant → Malignant_AC_like_reactive_malignant	malignant_or_cycling_to_malignant_or_cycling	malignant_AC_reactive_to_malignant_AC_reactive	0.0060840181612054	0.0060840181612054	0.3274142016455475	1.739649	2.3116252	0.1522650790902555	0.1635001502142845	magnitude_rank<=0.05
GBM	HLA_A_APLP2_cautious_axis	HLA-A	APLP2	HLA-A→APLP2	Malignant_AC_like_reactive_malignant	Malignant_hypoxia_stress_malignant	Malignant_AC_like_reactive_malignant → Malignant_hypoxia_stress_malignant	malignant_or_cycling_to_malignant_or_cycling	malignant_AC_reactive_to_malignant_hypoxia_stress	0.0066344703134265	0.0066344703134265	0.3535425444228285	1.7304099	2.263857	0.1421455176830118	0.074084100803466	magnitude_rank<=0.05
GBM	HLA_A_APLP2_cautious_axis	HLA-A	APLP2	HLA-A→APLP2	Malignant_AC_like_reactive_malignant	Malignant_cycling_candidate	Malignant_AC_like_reactive_malignant → Malignant_cycling_candidate	malignant_or_cycling_to_malignant_or_cycling	malignant_AC_reactive_to_malignant_cycling	0.007712022960223	0.007712022960223	0.4070698220550405	1.7124017	2.170752	0.1224204960622669	0.0912492843948441	magnitude_rank<=0.05
GBM	HLA_A_APLP2_cautious_axis	HLA-A	APLP2	HLA-A→APLP2	Malignant_OPC_NPC_like_malignant	Malignant_AC_like_reactive_malignant	Malignant_OPC_NPC_like_malignant → Malignant_AC_like_reactive_malignant	malignant_or_cycling_to_malignant_or_cycling	malignant_OPC_NPC_to_malignant_AC_reactive	0.0077586426573994	0.0077586426573994	0.3549473475057185	1.7118279	2.261869	0.1302650008102241	0.3300814213401826	magnitude_rank<=0.05
GBM	HLA_A_APLP2_cautious_axis	HLA-A	APLP2	HLA-A→APLP2	Malignant_OPC_NPC_like_malignant	Malignant_hypoxia_stress_malignant	Malignant_OPC_NPC_like_malignant → Malignant_hypoxia_stress_malignant	malignant_or_cycling_to_malignant_or_cycling	malignant_OPC_NPC_to_malignant_hypoxia_stress	0.0081365584640355	0.0081365584640355	0.3816993555667027	1.7025887	2.2151287	0.1201454394029804	0.2406653719293641	magnitude_rank<=0.05
GBM	HLA_A_APLP2_cautious_axis	HLA-A	APLP2	HLA-A→APLP2	Malignant_AC_like_reactive_malignant	Malignant_OPC_NPC_like_malignant	Malignant_AC_like_reactive_malignant → Malignant_OPC_NPC_like_malignant	malignant_or_cycling_to_malignant_or_cycling	malignant_AC_reactive_to_malignant_OPC_NPC	0.0084257644001766	0.0084257644001766	0.4542038536142255	1.6975465	2.0939481	0.1061495512687346	0.1193797573712263	magnitude_rank<=0.05
GBM	HLA_A_APLP2_cautious_axis	HLA-A	APLP2	HLA-A→APLP2	Malignant_OPC_NPC_like_malignant	Malignant_cycling_candidate	Malignant_OPC_NPC_like_malignant → Malignant_cycling_candidate	malignant_or_cycling_to_malignant_or_cycling	malignant_OPC_NPC_to_malignant_cycling	0.009221114816557	0.009221114816557	0.4350485900466636	1.6845806	2.124028	0.1004204177822355	0.2578305555207422	magnitude_rank<=0.05
GBM	HLA_A_APLP2_cautious_axis	HLA-A	APLP2	HLA-A→APLP2	Malignant_OPC_NPC_like_malignant	Malignant_OPC_NPC_like_malignant	Malignant_OPC_NPC_like_malignant → Malignant_OPC_NPC_like_malignant	malignant_or_cycling_to_malignant_or_cycling	malignant_OPC_NPC_to_malignant_OPC_NPC	0.0098931257717057	0.0098931257717057	0.4926035805172472	1.6697253	2.0488772	0.0841494729887032	0.2859610284971243	magnitude_rank<=0.05
GBM	HLA_A_APLP2_cautious_axis	HLA-A	APLP2	HLA-A→APLP2	Endothelial	Mural_Pericyte_Fibroblast	Endothelial → Mural_Pericyte_Fibroblast	microenvironment_to_microenvironment	endothelial_to_mural_pericyte_fibroblast	0.0104797629422956	0.0104797629422956	0.8879468600880431	1.7618244	1.6642382	0.1192274306712317	0.252299450739571	magnitude_rank<=0.05
GBM	HLA_A_APLP2_cautious_axis	HLA-A	APLP2	HLA-A→APLP2	Endothelial	Malignant_NPC_neuronal_like_malignant	Endothelial → Malignant_NPC_neuronal_like_malignant	microenvironment_to_malignant_or_cycling	endothelial_to_malignant_NPC_neuronal	0.0106426147492077	0.0106426147492077	0.8963722325651853	1.7608932	1.658723	0.1182071741917012	0.1293625915626804	magnitude_rank<=0.05
GBM	HLA_A_APLP2_cautious_axis	HLA-A	APLP2	HLA-A→APLP2	Oligodendrocyte_myelinating	Malignant_AC_like_reactive_malignant	Oligodendrocyte_myelinating → Malignant_AC_like_reactive_malignant	microenvironment_to_malignant_or_cycling	oligodendrocyte_reference_to_malignant_AC_reactive	0.0109167562682878	0.0109167562682878	0.4239573659596016	1.6449778	2.1423118	0.0773891313182456	0.0469493062774661	magnitude_rank<=0.05
GBM	HLA_A_APLP2_cautious_axis	HLA-A	APLP2	HLA-A→APLP2	Oligodendrocyte_myelinating	Malignant_hypoxia_stress_malignant	Oligodendrocyte_myelinating → Malignant_hypoxia_stress_malignant	microenvironment_to_malignant_or_cycling	oligodendrocyte_reference_to_malignant_hypoxia_stress	0.0115885583913972	0.0115885583913972	0.6843578527065747	1.6357386	2.098042	0.0672695699110019	-0.0424667431333523	magnitude_rank<=0.05
GBM	HLA_A_APLP2_cautious_axis	HLA-A	APLP2	HLA-A→APLP2	Oligodendrocyte_myelinating	Malignant_cycling_candidate	Oligodendrocyte_myelinating → Malignant_cycling_candidate	microenvironment_to_malignant_or_cycling	oligodendrocyte_reference_to_malignant_cycling	0.0122215335092094	0.0122215335092094	0.6086807828231939	1.6177305	2.011757	0.047544548290257	-0.0253015595419742	magnitude_rank<=0.05
GBM	HLA_A_APLP2_cautious_axis	HLA-A	APLP2	HLA-A→APLP2	Oligodendrocyte_myelinating	Malignant_OPC_NPC_like_malignant	Oligodendrocyte_myelinating → Malignant_OPC_NPC_like_malignant	microenvironment_to_malignant_or_cycling	oligodendrocyte_reference_to_malignant_OPC_NPC	0.0128111751612394	0.0128111751612394	0.5776672680100057	1.6028752	1.9405783	0.0312736034967247	0.0028289134344079	magnitude_rank<=0.05
GBM	HLA_A_APLP2_cautious_axis	HLA-A	APLP2	HLA-A→APLP2	Malignant_hypoxia_stress_malignant	Malignant_AC_like_reactive_malignant	Malignant_hypoxia_stress_malignant → Malignant_AC_like_reactive_malignant	malignant_or_cycling_to_malignant_or_cycling	malignant_hypoxia_stress_to_malignant_AC_reactive	0.0129907047161318	0.0129907047161318	0.696329124855319	1.5968238	2.0561914	0.0393056236092642	-0.045902314301006	magnitude_rank<=0.05
GBM	HLA_A_APLP2_cautious_axis	HLA-A	APLP2	HLA-A→APLP2	Malignant_hypoxia_stress_malignant	Malignant_hypoxia_stress_malignant	Malignant_hypoxia_stress_malignant → Malignant_hypoxia_stress_malignant	malignant_or_cycling_to_malignant_or_cycling	malignant_hypoxia_stress_to_malignant_hypoxia_stress	0.0132926168306729	0.0132926168306729	1.0	1.5875846	2.0137014	0.0291860622020205	-0.1353183637118244	magnitude_rank<=0.05
GBM	HLA_A_APLP2_cautious_axis	HLA-A	APLP2	HLA-A→APLP2	Malignant_hypoxia_stress_malignant	Malignant_cycling_candidate	Malignant_hypoxia_stress_malignant → Malignant_cycling_candidate	malignant_or_cycling_to_malignant_or_cycling	malignant_hypoxia_stress_to_malignant_cycling	0.0143443201608827	0.0143443201608827	1.0	1.5695765	1.9308847	0.0094610405812756	-0.1181531801204464	magnitude_rank<=0.05
GBM	HLA_A_APLP2_cautious_axis	HLA-A	APLP2	HLA-A→APLP2	Malignant_hypoxia_stress_malignant	Malignant_OPC_NPC_like_malignant	Malignant_hypoxia_stress_malignant → Malignant_OPC_NPC_like_malignant	malignant_or_cycling_to_malignant_or_cycling	malignant_hypoxia_stress_to_malignant_OPC_NPC	0.0154348658977456	0.0154348658977456	1.0	1.5547212	1.8625677	-0.0068099042122566	-0.0900227071440642	magnitude_rank<=0.05
GBM	HLA_A_APLP2_cautious_axis	HLA-A	APLP2	HLA-A→APLP2	Malignant_AC_like_reactive_malignant	Mural_Pericyte_Fibroblast	Malignant_AC_like_reactive_malignant → Mural_Pericyte_Fibroblast	malignant_or_cycling_to_microenvironment	malignant_AC_reactive_to_mural_pericyte_fibroblast	0.0158290159746966	0.0158290159746966	1.0	1.5734967	1.4525906	-0.029723116616742	0.0014417549366794	magnitude_rank<=0.05
GBM	HLA_A_APLP2_cautious_axis	HLA-A	APLP2	HLA-A→APLP2	Malignant_AC_like_reactive_malignant	Malignant_NPC_neuronal_like_malignant	Malignant_AC_like_reactive_malignant → Malignant_NPC_neuronal_like_malignant	malignant_or_cycling_to_malignant_or_cycling	malignant_AC_reactive_to_malignant_NPC_neuronal	0.0160944591650786	0.0160944591650786	1.0	1.5725656	1.4477768	-0.0307433730962725	-0.1214951042402111	magnitude_rank<=0.05
GBM	HLA_A_APLP2_cautious_axis	HLA-A	APLP2	HLA-A→APLP2	Malignant_cycling_candidate	Malignant_AC_like_reactive_malignant	Malignant_cycling_candidate → Malignant_AC_like_reactive_malignant	malignant_or_cycling_to_malignant_or_cycling	malignant_cycling_to_malignant_AC_reactive	0.0166995238550727	0.0166995238550727	1.0	1.5254725	1.9285842	-0.0171288569992346	-0.0076691373981625	magnitude_rank<=0.05
GBM	HLA_A_APLP2_cautious_axis	HLA-A	APLP2	HLA-A→APLP2	Mural_Pericyte_Fibroblast	Malignant_AC_like_reactive_malignant	Mural_Pericyte_Fibroblast → Malignant_AC_like_reactive_malignant	microenvironment_to_malignant_or_cycling	mural_pericyte_fibroblast_to_malignant_AC_reactive	0.0168354517539315	0.0168354517539315	1.0	1.5246236	1.9270661	-0.0177992291078717	-0.0372962874601761	magnitude_rank<=0.05
GBM	HLA_A_APLP2_cautious_axis	HLA-A	APLP2	HLA-A→APLP2	Malignant_OPC_NPC_like_malignant	Mural_Pericyte_Fibroblast	Malignant_OPC_NPC_like_malignant → Mural_Pericyte_Fibroblast	malignant_or_cycling_to_microenvironment	malignant_OPC_NPC_to_mural_pericyte_fibroblast	0.017108908267413	0.017108908267413	1.0	1.5456755	1.4213245	-0.0517231948967734	0.1680230260625774	magnitude_rank<=0.05
GBM	HLA_A_APLP2_cautious_axis	HLA-A	APLP2	HLA-A→APLP2	Malignant_OPC_NPC_like_malignant	Malignant_NPC_neuronal_like_malignant	Malignant_OPC_NPC_like_malignant → Malignant_NPC_neuronal_like_malignant	malignant_or_cycling_to_malignant_or_cycling	malignant_OPC_NPC_to_malignant_NPC_neuronal	0.0173153990218371	0.0173153990218371	1.0	1.5447444	1.4166142	-0.0527434513763039	0.0450861668856868	magnitude_rank<=0.05
GBM	HLA_A_APLP2_cautious_axis	HLA-A	APLP2	HLA-A→APLP2	Malignant_cycling_candidate	Malignant_hypoxia_stress_malignant	Malignant_cycling_candidate → Malignant_hypoxia_stress_malignant	malignant_or_cycling_to_malignant_or_cycling	malignant_cycling_to_malignant_hypoxia_stress	0.0174537266441823	0.0174537266441823	1.0	1.5162333	1.8887311	-0.0272484184064783	-0.097085186808981	magnitude_rank<=0.05
GBM	HLA_A_APLP2_cautious_axis	HLA-A	APLP2	HLA-A→APLP2	Mural_Pericyte_Fibroblast	Malignant_hypoxia_stress_malignant	Mural_Pericyte_Fibroblast → Malignant_hypoxia_stress_malignant	microenvironment_to_malignant_or_cycling	mural_pericyte_fibroblast_to_malignant_hypoxia_stress	0.0175230887937219	0.0175230887937219	1.0	1.5153844	1.8872443	-0.0279187905151154	-0.1267123368709946	magnitude_rank<=0.05
GBM	HLA_A_APLP2_cautious_axis	HLA-A	APLP2	HLA-A→APLP2	Malignant_cycling_candidate	Malignant_cycling_candidate	Malignant_cycling_candidate → Malignant_cycling_candidate	malignant_or_cycling_to_malignant_or_cycling	malignant_cycling_to_malignant_cycling	0.0185795039036112	0.0185795039036112	1.0	1.4982252	1.8110541	-0.0469734400272233	-0.0799200032176029	magnitude_rank<=0.05
GBM	HLA_A_APLP2_cautious_axis	HLA-A	APLP2	HLA-A→APLP2	Mural_Pericyte_Fibroblast	Malignant_cycling_candidate	Mural_Pericyte_Fibroblast → Malignant_cycling_candidate	microenvironment_to_malignant_or_cycling	mural_pericyte_fibroblast_to_malignant_cycling	0.0186509961475591	0.0186509961475591	1.0	1.4973763	1.8096284	-0.0476438121358603	-0.1095471532796165	magnitude_rank<=0.05
GBM	HLA_A_APLP2_cautious_axis	HLA-A	APLP2	HLA-A→APLP2	Malignant_cycling_candidate	Malignant_OPC_NPC_like_malignant	Malignant_cycling_candidate → Malignant_OPC_NPC_like_malignant	malignant_or_cycling_to_malignant_or_cycling	malignant_cycling_to_malignant_OPC_NPC	0.0196657879995338	0.0196657879995338	1.0	1.48337	1.7469767	-0.0632443848207556	-0.0517895302412207	magnitude_rank<=0.05
GBM	HLA_A_APLP2_cautious_axis	HLA-A	APLP2	HLA-A→APLP2	Mural_Pericyte_Fibroblast	Malignant_OPC_NPC_like_malignant	Mural_Pericyte_Fibroblast → Malignant_OPC_NPC_like_malignant	microenvironment_to_malignant_or_cycling	mural_pericyte_fibroblast_to_malignant_OPC_NPC	0.0197392653496637	0.0197392653496637	1.0	1.482521	1.7456015	-0.0639147569293926	-0.0814166803032343	magnitude_rank<=0.05
GBM	HLA_A_APLP2_cautious_axis	HLA-A	APLP2	HLA-A→APLP2	Oligodendrocyte_myelinating	Mural_Pericyte_Fibroblast	Oligodendrocyte_myelinating → Mural_Pericyte_Fibroblast	microenvironment_to_microenvironment	oligodendrocyte_reference_to_mural_pericyte_fibroblast	0.0208573115788579	0.0208573115788579	1.0	1.4788254	1.3461965	-0.1045990643887519	-0.1151090890001389	magnitude_rank<=0.05
GBM	HLA_A_APLP2_cautious_axis	HLA-A	APLP2	HLA-A→APLP2	Oligodendrocyte_myelinating	Malignant_NPC_neuronal_like_malignant	Oligodendrocyte_myelinating → Malignant_NPC_neuronal_like_malignant	microenvironment_to_malignant_or_cycling	oligodendrocyte_reference_to_malignant_NPC_neuronal	0.0211604748138161	0.0211604748138161	1.0	1.4778943	1.3417354	-0.1056193208682824	-0.2380459481770295	magnitude_rank<=0.05
GBM	HLA_A_APLP2_cautious_axis	HLA-A	APLP2	HLA-A→APLP2	Malignant_hypoxia_stress_malignant	Mural_Pericyte_Fibroblast	Malignant_hypoxia_stress_malignant → Mural_Pericyte_Fibroblast	malignant_or_cycling_to_microenvironment	malignant_hypoxia_stress_to_mural_pericyte_fibroblast	0.0253758557397476	0.0253758557397476	1.0	1.4306715	1.2920798	-0.1426825720977333	-0.2079607095786111	magnitude_rank<=0.05
GBM	HLA_A_APLP2_cautious_axis	HLA-A	APLP2	HLA-A→APLP2	Malignant_hypoxia_stress_malignant	Malignant_NPC_neuronal_like_malignant	Malignant_hypoxia_stress_malignant → Malignant_NPC_neuronal_like_malignant	malignant_or_cycling_to_malignant_or_cycling	malignant_hypoxia_stress_to_malignant_NPC_neuronal	0.0254589270775121	0.0254589270775121	1.0	1.4297403	1.2877979	-0.1437028285772638	-0.3308975687555017	magnitude_rank<=0.05
GBM	HLA_A_APLP2_cautious_axis	HLA-A	APLP2	HLA-A→APLP2	Malignant_cycling_candidate	Mural_Pericyte_Fibroblast	Malignant_cycling_candidate → Mural_Pericyte_Fibroblast	malignant_or_cycling_to_microenvironment	malignant_cycling_to_mural_pericyte_fibroblast	0.0376588559563562	0.0376588559563562	1.0	1.3593202	1.2118934	-0.1991170527062322	-0.1697275326757676	magnitude_rank<=0.05
GBM	HLA_A_APLP2_cautious_axis	HLA-A	APLP2	HLA-A→APLP2	Mural_Pericyte_Fibroblast	Mural_Pericyte_Fibroblast	Mural_Pericyte_Fibroblast → Mural_Pericyte_Fibroblast	microenvironment_to_microenvironment	mural_pericyte_fibroblast_to_mural_pericyte_fibroblast	0.0382626160195051	0.0382626160195051	1.0	1.3584713	1.2109394	-0.1997874248148693	-0.1993546827377812	magnitude_rank<=0.05
GBM	HLA_A_APLP2_cautious_axis	HLA-A	APLP2	HLA-A→APLP2	Malignant_cycling_candidate	Malignant_NPC_neuronal_like_malignant	Malignant_cycling_candidate → Malignant_NPC_neuronal_like_malignant	malignant_or_cycling_to_malignant_or_cycling	malignant_cycling_to_malignant_NPC_neuronal	0.0383636836602753	0.0383636836602753	1.0	1.358389	1.2078772	-0.2001373091857627	-0.2926643918526582	magnitude_rank<=0.05
GBM	HLA_A_APLP2_cautious_axis	HLA-A	APLP2	HLA-A→APLP2	Mural_Pericyte_Fibroblast	Malignant_NPC_neuronal_like_malignant	Mural_Pericyte_Fibroblast → Malignant_NPC_neuronal_like_malignant	microenvironment_to_malignant_or_cycling	mural_pericyte_fibroblast_to_malignant_NPC_neuronal	0.038566207420992	0.038566207420992	1.0	1.3575401	1.2069263	-0.2008076812943998	-0.3222915419146718	magnitude_rank<=0.05
GBM	HLA_A_APLP2_cautious_axis	HLA-A	APLP2	HLA-A→APLP2	Endothelial	Oligodendrocyte_myelinating	Endothelial → Oligodendrocyte_myelinating	microenvironment_to_microenvironment	endothelial_to_oligodendrocyte_reference	0.0440089136737908	0.0440089136737908	1.0	1.6598518	1.060207	0.0075361984508829	-0.1543361489514734	magnitude_rank<=0.05
LGG	HLA_A_APLP2_cautious_axis	HLA-A	APLP2	HLA-A→APLP2	Endothelial	Malignant_OPC_NPC_like_malignant	Endothelial → Malignant_OPC_NPC_like_malignant	microenvironment_to_malignant_or_cycling	endothelial_to_malignant_OPC_NPC	0.0011983150789873	0.0011983150789873	0.0129069426979586	1.9673381	3.087166	1.4115141979336585	1.7224506675095397	magnitude_rank<=0.05
LGG	HLA_A_APLP2_cautious_axis	HLA-A	APLP2	HLA-A→APLP2	Endothelial	Malignant_cycling_candidate	Endothelial → Malignant_cycling_candidate	microenvironment_to_malignant_or_cycling	endothelial_to_malignant_cycling	0.0013128111921078	0.0013128111921078	0.0129069426979586	1.944515	2.956967	1.3794944241916154	1.468256513205682	magnitude_rank<=0.05
LGG	HLA_A_APLP2_cautious_axis	HLA-A	APLP2	HLA-A→APLP2	Endothelial	Malignant_NPC_neuronal_like_malignant	Endothelial → Malignant_NPC_neuronal_like_malignant	microenvironment_to_malignant_or_cycling	endothelial_to_malignant_NPC_neuronal	0.001452934121909	0.001452934121909	0.0129069426979586	1.9169312	2.7996094	1.3407972902572074	1.5124202927012504	magnitude_rank<=0.05
LGG	HLA_A_APLP2_cautious_axis	HLA-A	APLP2	HLA-A→APLP2	Endothelial	Malignant_AC_like_reactive_malignant	Endothelial → Malignant_AC_like_reactive_malignant	microenvironment_to_malignant_or_cycling	endothelial_to_malignant_AC_reactive	0.0016434342000459	0.0016434342000459	0.0131712394273791	1.8853908	2.6196804	1.296549687884854	1.4318502543465912	magnitude_rank<=0.05
LGG	HLA_A_APLP2_cautious_axis	HLA-A	APLP2	HLA-A→APLP2	Endothelial	Endothelial	Endothelial → Endothelial	microenvironment_to_microenvironment	endothelial_to_endothelial	0.0017095165022831	0.0017095165022831	0.0149681940921962	1.8738259	2.553707	1.2803258892265148	1.456861140704436	magnitude_rank<=0.05
LGG	HLA_A_APLP2_cautious_axis	HLA-A	APLP2	HLA-A→APLP2	Endothelial	Oligodendrocyte_myelinating	Endothelial → Oligodendrocyte_myelinating	microenvironment_to_microenvironment	endothelial_to_oligodendrocyte_reference	0.0172433443066777	0.0172433443066777	0.1778961663056269	1.6552316	1.3066901	0.973663136370262	0.9907220121302344	magnitude_rank<=0.05
ndGBM	HLA_A_APLP2_cautious_axis	HLA-A	APLP2	HLA-A→APLP2	Malignant_OPC_NPC_like_malignant	Endothelial	Malignant_OPC_NPC_like_malignant → Endothelial	malignant_or_cycling_to_microenvironment	malignant_OPC_NPC_to_endothelial	0.0009165628496407	0.0009165628496407	0.0905366790730038	1.9045796	3.3874106	0.2556754011545245	0.5154389746120973	magnitude_rank<=0.05
ndGBM	HLA_A_APLP2_cautious_axis	HLA-A	APLP2	HLA-A→APLP2	Endothelial	Endothelial	Endothelial → Endothelial	microenvironment_to_microenvironment	endothelial_to_endothelial	0.001084061023568	0.001084061023568	0.1022179074279305	1.8700976	3.289849	0.2186150426167588	0.3847227348149982	magnitude_rank<=0.05
ndGBM	HLA_A_APLP2_cautious_axis	HLA-A	APLP2	HLA-A→APLP2	Malignant_cycling_candidate	Endothelial	Malignant_cycling_candidate → Endothelial	malignant_or_cycling_to_microenvironment	malignant_cycling_to_endothelial	0.0011515366094903	0.0011515366094903	0.1035239118410318	1.8656206	3.2771823	0.2138071572824949	0.3636423845460357	magnitude_rank<=0.05
ndGBM	HLA_A_APLP2_cautious_axis	HLA-A	APLP2	HLA-A→APLP2	Malignant_OPC_NPC_like_malignant	Malignant_AC_like_reactive_malignant	Malignant_OPC_NPC_like_malignant → Malignant_AC_like_reactive_malignant	malignant_or_cycling_to_malignant_or_cycling	malignant_OPC_NPC_to_malignant_AC_reactive	0.0014801649795527	0.0014801649795527	0.1346467230072126	1.8342478	3.0505927	0.1674318594823028	0.2535382408275459	magnitude_rank<=0.05
ndGBM	HLA_A_APLP2_cautious_axis	HLA-A	APLP2	HLA-A→APLP2	Malignant_hypoxia_stress_malignant	Endothelial	Malignant_hypoxia_stress_malignant → Endothelial	malignant_or_cycling_to_microenvironment	malignant_hypoxia_stress_to_endothelial	0.0015488062766221	0.0015488062766221	0.1189248801884608	1.8239522	3.1592884	0.1690221638036523	0.3452006355416963	magnitude_rank<=0.05
ndGBM	HLA_A_APLP2_cautious_axis	HLA-A	APLP2	HLA-A→APLP2	Malignant_OPC_NPC_like_malignant	Malignant_cycling_candidate	Malignant_OPC_NPC_like_malignant → Malignant_cycling_candidate	malignant_or_cycling_to_malignant_or_cycling	malignant_OPC_NPC_to_malignant_cycling	0.0015786958773559	0.0015786958773559	0.1438220978199662	1.8223462	2.993596	0.1525028922826279	0.1939951786775611	magnitude_rank<=0.05
ndGBM	HLA_A_APLP2_cautious_axis	HLA-A	APLP2	HLA-A→APLP2	Malignant_OPC_NPC_like_malignant	Malignant_OPC_NPC_like_malignant	Malignant_OPC_NPC_like_malignant → Malignant_OPC_NPC_like_malignant	malignant_or_cycling_to_malignant_or_cycling	malignant_OPC_NPC_to_malignant_OPC_NPC	0.0017534150466559	0.0017534150466559	0.1558226476245779	1.8091867	2.930575	0.1359883717518406	0.2252446621686976	magnitude_rank<=0.05
ndGBM	HLA_A_APLP2_cautious_axis	HLA-A	APLP2	HLA-A→APLP2	Endothelial	Malignant_AC_like_reactive_malignant	Endothelial → Malignant_AC_like_reactive_malignant	microenvironment_to_malignant_or_cycling	endothelial_to_malignant_AC_reactive	0.0018713055707982	0.0018713055707982	0.1622807682084402	1.7997658	2.962732	0.1303715009445371	0.1228220010304468	magnitude_rank<=0.05
ndGBM	HLA_A_APLP2_cautious_axis	HLA-A	APLP2	HLA-A→APLP2	Malignant_cycling_candidate	Malignant_AC_like_reactive_malignant	Malignant_cycling_candidate → Malignant_AC_like_reactive_malignant	malignant_or_cycling_to_malignant_or_cycling	malignant_cycling_to_malignant_AC_reactive	0.0019261474289826	0.0019261474289826	0.1704583919076777	1.7952888	2.9513247	0.1255636156102731	0.1017416507614843	magnitude_rank<=0.05
ndGBM	HLA_A_APLP2_cautious_axis	HLA-A	APLP2	HLA-A→APLP2	Endothelial	Malignant_cycling_candidate	Endothelial → Malignant_cycling_candidate	microenvironment_to_malignant_or_cycling	endothelial_to_malignant_cycling	0.0021184718915854	0.0021184718915854	0.2184407924858209	1.7878642	2.907377	0.1154425337448622	0.0632789388804619	magnitude_rank<=0.05
ndGBM	HLA_A_APLP2_cautious_axis	HLA-A	APLP2	HLA-A→APLP2	Malignant_cycling_candidate	Malignant_cycling_candidate	Malignant_cycling_candidate → Malignant_cycling_candidate	malignant_or_cycling_to_malignant_or_cycling	malignant_cycling_to_malignant_cycling	0.0022002953301461	0.0022002953301461	0.2684983840317107	1.7833872	2.8961828	0.1106346484105983	0.0421985886114995	magnitude_rank<=0.05
ndGBM	HLA_A_APLP2_cautious_axis	HLA-A	APLP2	HLA-A→APLP2	Endothelial	Malignant_OPC_NPC_like_malignant	Endothelial → Malignant_OPC_NPC_like_malignant	microenvironment_to_malignant_or_cycling	endothelial_to_malignant_OPC_NPC	0.0024177377296256	0.0024177377296256	0.2215974836502768	1.7747045	2.8461707	0.0989280132140749	0.0945284223715985	magnitude_rank<=0.05
ndGBM	HLA_A_APLP2_cautious_axis	HLA-A	APLP2	HLA-A→APLP2	Malignant_cycling_candidate	Malignant_OPC_NPC_like_malignant	Malignant_cycling_candidate → Malignant_OPC_NPC_like_malignant	malignant_or_cycling_to_malignant_or_cycling	malignant_cycling_to_malignant_OPC_NPC	0.0025302562090738	0.0025302562090738	0.2348100355764336	1.7702277	2.8352125	0.094120127879811	0.073448072102636	magnitude_rank<=0.05
ndGBM	HLA_A_APLP2_cautious_axis	HLA-A	APLP2	HLA-A→APLP2	Malignant_AC_like_reactive_malignant	Endothelial	Malignant_AC_like_reactive_malignant → Endothelial	malignant_or_cycling_to_microenvironment	malignant_AC_reactive_to_endothelial	0.0026066733853701	0.0026066733853701	0.2046145743224943	1.76647	2.9966514	0.1072469075531053	0.2594924234696438	magnitude_rank<=0.05
ndGBM	HLA_A_APLP2_cautious_axis	HLA-A	APLP2	HLA-A→APLP2	Malignant_hypoxia_stress_malignant	Malignant_AC_like_reactive_malignant	Malignant_hypoxia_stress_malignant → Malignant_AC_like_reactive_malignant	malignant_or_cycling_to_malignant_or_cycling	malignant_hypoxia_stress_to_malignant_AC_reactive	0.0028695071951947	0.0028695071951947	0.2709202023796682	1.7536204	2.8451533	0.0807786221314305	0.0832999017571449	magnitude_rank<=0.05
ndGBM	HLA_A_APLP2_cautious_axis	HLA-A	APLP2	HLA-A→APLP2	Malignant_hypoxia_stress_malignant	Malignant_cycling_candidate	Malignant_hypoxia_stress_malignant → Malignant_cycling_candidate	malignant_or_cycling_to_malignant_or_cycling	malignant_hypoxia_stress_to_malignant_cycling	0.0031871688994616	0.0031871688994616	0.3228879332673871	1.7417188	2.791995	0.0658496549317557	0.0237568396071601	magnitude_rank<=0.05
ndGBM	HLA_A_APLP2_cautious_axis	HLA-A	APLP2	HLA-A→APLP2	Malignant_hypoxia_stress_malignant	Malignant_OPC_NPC_like_malignant	Malignant_hypoxia_stress_malignant → Malignant_OPC_NPC_like_malignant	malignant_or_cycling_to_malignant_or_cycling	malignant_hypoxia_stress_to_malignant_OPC_NPC	0.0035810558775071	0.0035810558775071	0.3858535638536496	1.7285593	2.733218	0.0493351344009684	0.0550063230982966	magnitude_rank<=0.05
ndGBM	HLA_A_APLP2_cautious_axis	HLA-A	APLP2	HLA-A→APLP2	Malignant_OPC_NPC_like_malignant	Malignant_hypoxia_stress_malignant	Malignant_OPC_NPC_like_malignant → Malignant_hypoxia_stress_malignant	malignant_or_cycling_to_malignant_or_cycling	malignant_OPC_NPC_to_malignant_hypoxia_stress	0.0040611736773346	0.0040611736773346	0.5864046575013376	1.7095063	2.453207	0.0109233857449075	0.095945858060962	magnitude_rank<=0.05
ndGBM	HLA_A_APLP2_cautious_axis	HLA-A	APLP2	HLA-A→APLP2	Malignant_AC_like_reactive_malignant	Malignant_AC_like_reactive_malignant	Malignant_AC_like_reactive_malignant → Malignant_AC_like_reactive_malignant	malignant_or_cycling_to_malignant_or_cycling	malignant_AC_reactive_to_malignant_AC_reactive	0.0043867056566448	0.0043867056566448	1.0	1.6961381	2.6986878	0.0190033658808836	-0.0024083103149075	magnitude_rank<=0.05
ndGBM	HLA_A_APLP2_cautious_axis	HLA-A	APLP2	HLA-A→APLP2	Malignant_AC_like_reactive_malignant	Malignant_cycling_candidate	Malignant_AC_like_reactive_malignant → Malignant_cycling_candidate	malignant_or_cycling_to_malignant_or_cycling	malignant_AC_reactive_to_malignant_cycling	0.0046731179722994	0.0046731179722994	1.0	1.6842365	2.648266	0.0040743986812087	-0.0619513724648923	magnitude_rank<=0.05
ndGBM	HLA_A_APLP2_cautious_axis	HLA-A	APLP2	HLA-A→APLP2	Endothelial	Malignant_hypoxia_stress_malignant	Endothelial → Malignant_hypoxia_stress_malignant	microenvironment_to_malignant_or_cycling	endothelial_to_malignant_hypoxia_stress	0.0049156765490891	0.0049156765490891	1.0	1.675024	2.3825517	-0.0261369727928581	-0.0347703817361371	magnitude_rank<=0.05
ndGBM	HLA_A_APLP2_cautious_axis	HLA-A	APLP2	HLA-A→APLP2	Malignant_AC_like_reactive_malignant	Malignant_OPC_NPC_like_malignant	Malignant_AC_like_reactive_malignant → Malignant_OPC_NPC_like_malignant	malignant_or_cycling_to_malignant_or_cycling	malignant_AC_reactive_to_malignant_OPC_NPC	0.0051104924387879	0.0051104924387879	1.0	1.6710768	2.5925148	-0.0124401218495785	-0.0307018889737558	magnitude_rank<=0.05
ndGBM	HLA_A_APLP2_cautious_axis	HLA-A	APLP2	HLA-A→APLP2	Malignant_cycling_candidate	Malignant_hypoxia_stress_malignant	Malignant_cycling_candidate → Malignant_hypoxia_stress_malignant	malignant_or_cycling_to_malignant_or_cycling	malignant_cycling_to_malignant_hypoxia_stress	0.0051283876476195	0.0051283876476195	1.0	1.6705472	2.3733783	-0.030944858127122	-0.0558507320050996	magnitude_rank<=0.05
ndGBM	HLA_A_APLP2_cautious_axis	HLA-A	APLP2	HLA-A→APLP2	Malignant_hypoxia_stress_malignant	Malignant_hypoxia_stress_malignant	Malignant_hypoxia_stress_malignant → Malignant_hypoxia_stress_malignant	malignant_or_cycling_to_malignant_or_cycling	malignant_hypoxia_stress_to_malignant_hypoxia_stress	0.0064372734393285	0.0064372734393285	1.0	1.6288788	2.287998	-0.0757298516059646	-0.0742924810094389	magnitude_rank<=0.05
ndGBM	HLA_A_APLP2_cautious_axis	HLA-A	APLP2	HLA-A→APLP2	Oligodendrocyte_myelinating	Endothelial	Oligodendrocyte_myelinating → Endothelial	microenvironment_to_microenvironment	oligodendrocyte_reference_to_endothelial	0.0075415167810452	0.0075415167810452	1.0	1.5989211	2.5225997	-0.0728198516949214	0.1532769420493804	magnitude_rank<=0.05
ndGBM	HLA_A_APLP2_cautious_axis	HLA-A	APLP2	HLA-A→APLP2	Mural_Pericyte_Fibroblast	Endothelial	Mural_Pericyte_Fibroblast → Endothelial	microenvironment_to_microenvironment	mural_pericyte_fibroblast_to_endothelial	0.0086384526446239	0.0086384526446239	1.0	1.576055	2.4579039	-0.0973933737389353	-0.0627537827349862	magnitude_rank<=0.05
ndGBM	HLA_A_APLP2_cautious_axis	HLA-A	APLP2	HLA-A→APLP2	Malignant_AC_like_reactive_malignant	Malignant_hypoxia_stress_malignant	Malignant_AC_like_reactive_malignant → Malignant_hypoxia_stress_malignant	malignant_or_cycling_to_malignant_or_cycling	malignant_AC_reactive_to_malignant_hypoxia_stress	0.0088244591553705	0.0088244591553705	1.0	1.5713964	2.1702142	-0.1375051078565116	-0.1600006930814914	magnitude_rank<=0.05
ndGBM	HLA_A_APLP2_cautious_axis	HLA-A	APLP2	HLA-A→APLP2	Malignant_OPC_NPC_like_malignant	Mural_Pericyte_Fibroblast	Malignant_OPC_NPC_like_malignant → Mural_Pericyte_Fibroblast	malignant_or_cycling_to_microenvironment	malignant_OPC_NPC_to_mural_pericyte_fibroblast	0.0096121907551601	0.0096121907551601	1.0	1.549839	1.6885636	-0.1894035124154515	-0.1929943749031824	magnitude_rank<=0.05
ndGBM	HLA_A_APLP2_cautious_axis	HLA-A	APLP2	HLA-A→APLP2	Malignant_OPC_NPC_like_malignant	Malignant_NPC_neuronal_like_malignant	Malignant_OPC_NPC_like_malignant → Malignant_NPC_neuronal_like_malignant	malignant_or_cycling_to_malignant_or_cycling	malignant_OPC_NPC_to_malignant_NPC_neuronal	0.010080643900329	0.010080643900329	1.0	1.5362765	1.623613	-0.2064199985504775	-0.1861379469900095	magnitude_rank<=0.05
ndGBM	HLA_A_APLP2_cautious_axis	HLA-A	APLP2	HLA-A→APLP2	Oligodendrocyte_myelinating	Malignant_AC_like_reactive_malignant	Oligodendrocyte_myelinating → Malignant_AC_like_reactive_malignant	microenvironment_to_malignant_or_cycling	oligodendrocyte_reference_to_malignant_AC_reactive	0.0104074341107162	0.0104074341107162	1.0	1.5285892	2.271772	-0.1610633933671431	-0.1086237917351709	magnitude_rank<=0.05
ndGBM	HLA_A_APLP2_cautious_axis	HLA-A	APLP2	HLA-A→APLP2	Oligodendrocyte_myelinating	Malignant_cycling_candidate	Oligodendrocyte_myelinating → Malignant_cycling_candidate	microenvironment_to_malignant_or_cycling	oligodendrocyte_reference_to_malignant_cycling	0.0110501585123829	0.0110501585123829	1.0	1.5166876	2.2293265	-0.175992360566818	-0.1681668538851557	magnitude_rank<=0.05
ndGBM	HLA_A_APLP2_cautious_axis	HLA-A	APLP2	HLA-A→APLP2	Endothelial	Mural_Pericyte_Fibroblast	Endothelial → Mural_Pericyte_Fibroblast	microenvironment_to_microenvironment	endothelial_to_mural_pericyte_fibroblast	0.0111547373359041	0.0111547373359041	1.0	1.5153569	1.6399308	-0.2264638709532172	-0.3237106147002815	magnitude_rank<=0.05
ndGBM	HLA_A_APLP2_cautious_axis	HLA-A	APLP2	HLA-A→APLP2	Malignant_cycling_candidate	Mural_Pericyte_Fibroblast	Malignant_cycling_candidate → Mural_Pericyte_Fibroblast	malignant_or_cycling_to_microenvironment	malignant_cycling_to_mural_pericyte_fibroblast	0.011418282235745	0.011418282235745	1.0	1.51088	1.6336168	-0.2312717562874811	-0.344790964969244	magnitude_rank<=0.05
ndGBM	HLA_A_APLP2_cautious_axis	HLA-A	APLP2	HLA-A→APLP2	Mural_Pericyte_Fibroblast	Malignant_AC_like_reactive_malignant	Mural_Pericyte_Fibroblast → Malignant_AC_like_reactive_malignant	microenvironment_to_malignant_or_cycling	mural_pericyte_fibroblast_to_malignant_AC_reactive	0.0117653729187605	0.0117653729187605	1.0	1.5057232	2.213509	-0.185636915411157	-0.3246545165195376	magnitude_rank<=0.05
ndGBM	HLA_A_APLP2_cautious_axis	HLA-A	APLP2	HLA-A→APLP2	Oligodendrocyte_myelinating	Malignant_OPC_NPC_like_malignant	Oligodendrocyte_myelinating → Malignant_OPC_NPC_like_malignant	microenvironment_to_malignant_or_cycling	oligodendrocyte_reference_to_malignant_OPC_NPC	0.0119543656870379	0.0119543656870379	1.0	1.5035281	2.1823947	-0.1925068810976053	-0.1369173703940192	magnitude_rank<=0.05
ndGBM	HLA_A_APLP2_cautious_axis	HLA-A	APLP2	HLA-A→APLP2	Endothelial	Malignant_NPC_neuronal_like_malignant	Endothelial → Malignant_NPC_neuronal_like_malignant	microenvironment_to_malignant_or_cycling	endothelial_to_malignant_NPC_neuronal	0.0120902583500202	0.0120902583500202	1.0	1.5017943	1.576851	-0.2434803570882432	-0.3168541867871086	magnitude_rank<=0.05
ndGBM	HLA_A_APLP2_cautious_axis	HLA-A	APLP2	HLA-A→APLP2	Malignant_cycling_candidate	Malignant_NPC_neuronal_like_malignant	Malignant_cycling_candidate → Malignant_NPC_neuronal_like_malignant	malignant_or_cycling_to_malignant_or_cycling	malignant_cycling_to_malignant_NPC_neuronal	0.012364284318812	0.012364284318812	1.0	1.4973174	1.5707797	-0.2482882424225072	-0.3379345370560711	magnitude_rank<=0.05
ndGBM	HLA_A_APLP2_cautious_axis	HLA-A	APLP2	HLA-A→APLP2	Mural_Pericyte_Fibroblast	Malignant_cycling_candidate	Mural_Pericyte_Fibroblast → Malignant_cycling_candidate	microenvironment_to_malignant_or_cycling	mural_pericyte_fibroblast_to_malignant_cycling	0.0126412987074536	0.0126412987074536	1.0	1.4938216	2.1721523	-0.2005658826108318	-0.3841975786695224	magnitude_rank<=0.05
ndGBM	HLA_A_APLP2_cautious_axis	HLA-A	APLP2	HLA-A→APLP2	Mural_Pericyte_Fibroblast	Malignant_OPC_NPC_like_malignant	Mural_Pericyte_Fibroblast → Malignant_OPC_NPC_like_malignant	microenvironment_to_malignant_or_cycling	mural_pericyte_fibroblast_to_malignant_OPC_NPC	0.0133468948209444	0.0133468948209444	1.0	1.4806621	2.126424	-0.2170804031416191	-0.3529480951783859	magnitude_rank<=0.05
ndGBM	HLA_A_APLP2_cautious_axis	HLA-A	APLP2	HLA-A→APLP2	Malignant_hypoxia_stress_malignant	Mural_Pericyte_Fibroblast	Malignant_hypoxia_stress_malignant → Mural_Pericyte_Fibroblast	malignant_or_cycling_to_microenvironment	malignant_hypoxia_stress_to_mural_pericyte_fibroblast	0.0140711062862214	0.0140711062862214	1.0	1.4692116	1.5748488	-0.2760567497663238	-0.3632327139735833	magnitude_rank<=0.05
ndGBM	HLA_A_APLP2_cautious_axis	HLA-A	APLP2	HLA-A→APLP2	Malignant_hypoxia_stress_malignant	Malignant_NPC_neuronal_like_malignant	Malignant_hypoxia_stress_malignant → Malignant_NPC_neuronal_like_malignant	malignant_or_cycling_to_malignant_or_cycling	malignant_hypoxia_stress_to_malignant_NPC_neuronal	0.015085836758984	0.015085836758984	1.0	1.455649	1.5142722	-0.2930732359013498	-0.3563762860604105	magnitude_rank<=0.05
ndGBM	HLA_A_APLP2_cautious_axis	HLA-A	APLP2	HLA-A→APLP2	Malignant_AC_like_reactive_malignant	Mural_Pericyte_Fibroblast	Malignant_AC_like_reactive_malignant → Mural_Pericyte_Fibroblast	malignant_or_cycling_to_microenvironment	malignant_AC_reactive_to_mural_pericyte_fibroblast	0.0183017486366565	0.0183017486366565	1.0	1.4117292	1.4937772	-0.3378320060168707	-0.4489409260456358	magnitude_rank<=0.05
ndGBM	HLA_A_APLP2_cautious_axis	HLA-A	APLP2	HLA-A→APLP2	Oligodendrocyte_myelinating	Malignant_hypoxia_stress_malignant	Oligodendrocyte_myelinating → Malignant_hypoxia_stress_malignant	microenvironment_to_malignant_or_cycling	oligodendrocyte_reference_to_malignant_hypoxia_stress	0.0188725562458311	0.0188725562458311	1.0	1.4038477	1.8268996	-0.3175718671045384	-0.2662161745017548	magnitude_rank<=0.05
ndGBM	HLA_A_APLP2_cautious_axis	HLA-A	APLP2	HLA-A→APLP2	Malignant_AC_like_reactive_malignant	Malignant_NPC_neuronal_like_malignant	Malignant_AC_like_reactive_malignant → Malignant_NPC_neuronal_like_malignant	malignant_or_cycling_to_malignant_or_cycling	malignant_AC_reactive_to_malignant_NPC_neuronal	0.0192805780705184	0.0192805780705184	1.0	1.3981667	1.436319	-0.3548484921518967	-0.442084498132463	magnitude_rank<=0.05
ndGBM	HLA_A_APLP2_cautious_axis	HLA-A	APLP2	HLA-A→APLP2	Mural_Pericyte_Fibroblast	Malignant_hypoxia_stress_malignant	Mural_Pericyte_Fibroblast → Malignant_hypoxia_stress_malignant	microenvironment_to_malignant_or_cycling	mural_pericyte_fibroblast_to_malignant_hypoxia_stress	0.0207772407393122	0.0207772407393122	1.0	1.3809817	1.7800462	-0.3421453891485522	-0.4822468992861215	magnitude_rank<=0.05
ndGBM	HLA_A_APLP2_cautious_axis	HLA-A	APLP2	HLA-A→APLP2	Malignant_OPC_NPC_like_malignant	Oligodendrocyte_myelinating	Malignant_OPC_NPC_like_malignant → Oligodendrocyte_myelinating	malignant_or_cycling_to_microenvironment	malignant_OPC_NPC_to_oligodendrocyte_reference	0.0259829353082382	0.0259829353082382	1.0	1.4108151	1.0227807	-0.3638314637779062	-0.4014392985991617	magnitude_rank<=0.05
ndGBM	HLA_A_APLP2_cautious_axis	HLA-A	APLP2	HLA-A→APLP2	Endothelial	Oligodendrocyte_myelinating	Endothelial → Oligodendrocyte_myelinating	microenvironment_to_microenvironment	endothelial_to_oligodendrocyte_reference	0.0279100908350984	0.0279100908350984	1.0	1.376333	0.9933234	-0.4008918223156719	-0.5321555383962608	magnitude_rank<=0.05
ndGBM	HLA_A_APLP2_cautious_axis	HLA-A	APLP2	HLA-A→APLP2	Malignant_cycling_candidate	Oligodendrocyte_myelinating	Malignant_cycling_candidate → Oligodendrocyte_myelinating	malignant_or_cycling_to_microenvironment	malignant_cycling_to_oligodendrocyte_reference	0.0284022015561093	0.0284022015561093	1.0	1.3718561	0.98949885	-0.4056997076499358	-0.5532358886652233	magnitude_rank<=0.05
ndGBM	HLA_A_APLP2_cautious_axis	HLA-A	APLP2	HLA-A→APLP2	Malignant_hypoxia_stress_malignant	Oligodendrocyte_myelinating	Malignant_hypoxia_stress_malignant → Oligodendrocyte_myelinating	malignant_or_cycling_to_microenvironment	malignant_hypoxia_stress_to_oligodendrocyte_reference	0.0311392783336394	0.0311392783336394	1.0	1.3301877	0.9539024	-0.4504847011287785	-0.5716776376695627	magnitude_rank<=0.05
ndGBM	HLA_A_APLP2_cautious_axis	HLA-A	APLP2	HLA-A→APLP2	Malignant_AC_like_reactive_malignant	Oligodendrocyte_myelinating	Malignant_AC_like_reactive_malignant → Oligodendrocyte_myelinating	malignant_or_cycling_to_microenvironment	malignant_AC_reactive_to_oligodendrocyte_reference	0.0362755879358783	0.0362755879358783	1.0	1.2727053	0.9047965	-0.5122599573793254	-0.6573858497416152	magnitude_rank<=0.05
ndGBM	HLA_A_APLP2_cautious_axis	HLA-A	APLP2	HLA-A→APLP2	Oligodendrocyte_myelinating	Mural_Pericyte_Fibroblast	Oligodendrocyte_myelinating → Mural_Pericyte_Fibroblast	microenvironment_to_microenvironment	oligodendrocyte_reference_to_mural_pericyte_fibroblast	0.0380547318798038	0.0380547318798038	1.0	1.2441804	1.2574707	-0.5178987652648975	-0.5551564074658992	magnitude_rank<=0.05
ndGBM	HLA_A_APLP2_cautious_axis	HLA-A	APLP2	HLA-A→APLP2	Oligodendrocyte_myelinating	Malignant_NPC_neuronal_like_malignant	Oligodendrocyte_myelinating → Malignant_NPC_neuronal_like_malignant	microenvironment_to_malignant_or_cycling	oligodendrocyte_reference_to_malignant_NPC_neuronal	0.0407014204521967	0.0407014204521967	1.0	1.2306179	1.2091022	-0.5349152513999236	-0.5482999795527264	magnitude_rank<=0.05
ndGBM	HLA_A_APLP2_cautious_axis	HLA-A	APLP2	HLA-A→APLP2	Malignant_NPC_neuronal_like_malignant	Endothelial	Malignant_NPC_neuronal_like_malignant → Endothelial	malignant_or_cycling_to_microenvironment	malignant_NPC_neuronal_to_endothelial	0.0407992549881173	0.0407992549881173	1.0	1.230218	1.4794146	-0.4690687565956287	-0.357710669630396	magnitude_rank<=0.05
ndGBM	HLA_A_APLP2_cautious_axis	HLA-A	APLP2	HLA-A→APLP2	Mural_Pericyte_Fibroblast	Mural_Pericyte_Fibroblast	Mural_Pericyte_Fibroblast → Mural_Pericyte_Fibroblast	microenvironment_to_microenvironment	mural_pericyte_fibroblast_to_mural_pericyte_fibroblast	0.0427793068097908	0.0427793068097908	1.0	1.2213144	1.2252212	-0.5424722873089114	-0.7711871322502659	magnitude_rank<=0.05
ndGBM	HLA_A_APLP2_cautious_axis	HLA-A	APLP2	HLA-A→APLP2	Mural_Pericyte_Fibroblast	Malignant_NPC_neuronal_like_malignant	Mural_Pericyte_Fibroblast → Malignant_NPC_neuronal_like_malignant	microenvironment_to_malignant_or_cycling	mural_pericyte_fibroblast_to_malignant_NPC_neuronal	0.045832563955835	0.045832563955835	1.0	1.2077519	1.1780931	-0.5594887734439373	-0.764330704337093	magnitude_rank<=0.05
rGBM	HLA_A_APLP2_cautious_axis	HLA-A	APLP2	HLA-A→APLP2	Endothelial	Mural_Pericyte_Fibroblast	Endothelial → Mural_Pericyte_Fibroblast	microenvironment_to_microenvironment	endothelial_to_mural_pericyte_fibroblast	0.0008014453555719	0.0008014453555719	0.0441325987195271	1.9971063	3.7837343	0.8113500790448454	0.9109736497211096	magnitude_rank<=0.05
rGBM	HLA_A_APLP2_cautious_axis	HLA-A	APLP2	HLA-A→APLP2	Endothelial	Endothelial	Endothelial → Endothelial	microenvironment_to_microenvironment	endothelial_to_endothelial	0.0010072995140822	0.0010072995140822	0.052737313199712	1.9670056	3.6362681	0.7677070945466868	0.7965825734034927	magnitude_rank<=0.05
rGBM	HLA_A_APLP2_cautious_axis	HLA-A	APLP2	HLA-A→APLP2	Oligodendrocyte_myelinating	Mural_Pericyte_Fibroblast	Oligodendrocyte_myelinating → Mural_Pericyte_Fibroblast	microenvironment_to_microenvironment	oligodendrocyte_reference_to_mural_pericyte_fibroblast	0.0016198940150702	0.0016198940150702	0.062822418960375	1.9013879	3.4880276	0.6895083091983565	0.82211162428115	magnitude_rank<=0.05
rGBM	HLA_A_APLP2_cautious_axis	HLA-A	APLP2	HLA-A→APLP2	Endothelial	Malignant_AC_like_reactive_malignant	Endothelial → Malignant_AC_like_reactive_malignant	microenvironment_to_malignant_or_cycling	endothelial_to_malignant_AC_reactive	0.0018812911679794	0.0018812911679794	0.0900068063727807	1.8751152	3.186089	0.6344799402696606	0.6427227894549632	magnitude_rank<=0.05
rGBM	HLA_A_APLP2_cautious_axis	HLA-A	APLP2	HLA-A→APLP2	Oligodendrocyte_myelinating	Endothelial	Oligodendrocyte_myelinating → Endothelial	microenvironment_to_microenvironment	oligodendrocyte_reference_to_endothelial	0.0019496635552857	0.0019496635552857	0.0726362580247885	1.8712871	3.352086	0.645865324700198	0.707720547963533	magnitude_rank<=0.05
rGBM	HLA_A_APLP2_cautious_axis	HLA-A	APLP2	HLA-A→APLP2	Endothelial	Malignant_cycling_candidate	Endothelial → Malignant_cycling_candidate	microenvironment_to_malignant_or_cycling	endothelial_to_malignant_cycling	0.003273938198147	0.003273938198147	0.1586598771192851	1.783325	2.7364004	0.5014001198508584	0.5055332232871274	magnitude_rank<=0.05
rGBM	HLA_A_APLP2_cautious_axis	HLA-A	APLP2	HLA-A→APLP2	Oligodendrocyte_myelinating	Malignant_AC_like_reactive_malignant	Oligodendrocyte_myelinating → Malignant_AC_like_reactive_malignant	microenvironment_to_malignant_or_cycling	oligodendrocyte_reference_to_malignant_AC_reactive	0.003329868913207	0.003329868913207	0.1226982479635856	1.7793968	2.9370894	0.5126381704231717	0.5538607640150035	magnitude_rank<=0.05
rGBM	HLA_A_APLP2_cautious_axis	HLA-A	APLP2	HLA-A→APLP2	Endothelial	Malignant_OPC_NPC_like_malignant	Endothelial → Malignant_OPC_NPC_like_malignant	microenvironment_to_malignant_or_cycling	endothelial_to_malignant_OPC_NPC	0.0038542595568484	0.0038542595568484	0.189633824666097	1.7552216	2.5987194	0.4606525613892758	0.4661127852423832	magnitude_rank<=0.05
rGBM	HLA_A_APLP2_cautious_axis	HLA-A	APLP2	HLA-A→APLP2	Endothelial	Malignant_hypoxia_stress_malignant	Endothelial → Malignant_hypoxia_stress_malignant	microenvironment_to_malignant_or_cycling	endothelial_to_malignant_hypoxia_stress	0.0059935664593681	0.0059935664593681	0.2967802743862526	1.6888727	2.2736704	0.3644550545731623	0.4052116246224551	magnitude_rank<=0.05
rGBM	HLA_A_APLP2_cautious_axis	HLA-A	APLP2	HLA-A→APLP2	Oligodendrocyte_myelinating	Malignant_cycling_candidate	Oligodendrocyte_myelinating → Malignant_cycling_candidate	microenvironment_to_malignant_or_cycling	oligodendrocyte_reference_to_malignant_cycling	0.0060688045992519	0.0060688045992519	0.2095562801670851	1.6876065	2.522545	0.3795583500043694	0.4166711978471676	magnitude_rank<=0.05
rGBM	HLA_A_APLP2_cautious_axis	HLA-A	APLP2	HLA-A→APLP2	Oligodendrocyte_myelinating	Malignant_OPC_NPC_like_malignant	Oligodendrocyte_myelinating → Malignant_OPC_NPC_like_malignant	microenvironment_to_malignant_or_cycling	oligodendrocyte_reference_to_malignant_OPC_NPC	0.0070887719161259	0.0070887719161259	0.250954590004127	1.659503	2.395624	0.3388107915427868	0.3772507598024235	magnitude_rank<=0.05
rGBM	HLA_A_APLP2_cautious_axis	HLA-A	APLP2	HLA-A→APLP2	Malignant_OPC_NPC_like_malignant	Mural_Pericyte_Fibroblast	Malignant_OPC_NPC_like_malignant → Mural_Pericyte_Fibroblast	malignant_or_cycling_to_microenvironment	malignant_OPC_NPC_to_mural_pericyte_fibroblast	0.0072690602031035	0.0072690602031035	0.1607266205570738	1.654569	2.7255206	0.3753247054926156	0.4582291981845233	magnitude_rank<=0.05
rGBM	HLA_A_APLP2_cautious_axis	HLA-A	APLP2	HLA-A→APLP2	Malignant_OPC_NPC_like_malignant	Endothelial	Malignant_OPC_NPC_like_malignant → Endothelial	malignant_or_cycling_to_microenvironment	malignant_OPC_NPC_to_endothelial	0.0083796203378296	0.0083796203378296	0.1842944099890834	1.6244683	2.619297	0.3316817209944571	0.3438381218669063	magnitude_rank<=0.05
rGBM	HLA_A_APLP2_cautious_axis	HLA-A	APLP2	HLA-A→APLP2	Malignant_AC_like_reactive_malignant	Mural_Pericyte_Fibroblast	Malignant_AC_like_reactive_malignant → Mural_Pericyte_Fibroblast	malignant_or_cycling_to_microenvironment	malignant_AC_reactive_to_mural_pericyte_fibroblast	0.0084504838681371	0.0084504838681371	0.1823668923498119	1.6222093	2.6255505	0.3341332905520973	0.3422895248758545	magnitude_rank<=0.05
rGBM	HLA_A_APLP2_cautious_axis	HLA-A	APLP2	HLA-A→APLP2	Oligodendrocyte_myelinating	Malignant_hypoxia_stress_malignant	Oligodendrocyte_myelinating → Malignant_hypoxia_stress_malignant	microenvironment_to_malignant_or_cycling	oligodendrocyte_reference_to_malignant_hypoxia_stress	0.0093422324983084	0.0093422324983084	0.3805287241554481	1.5931542	2.0959783	0.2426132847266734	0.3163495991824954	magnitude_rank<=0.05
rGBM	HLA_A_APLP2_cautious_axis	HLA-A	APLP2	HLA-A→APLP2	Malignant_AC_like_reactive_malignant	Endothelial	Malignant_AC_like_reactive_malignant → Endothelial	malignant_or_cycling_to_microenvironment	malignant_AC_reactive_to_endothelial	0.0093982483088698	0.0093982483088698	0.2094411235383055	1.5921085	2.523223	0.2904903060539388	0.2278984485582375	magnitude_rank<=0.05
rGBM	HLA_A_APLP2_cautious_axis	HLA-A	APLP2	HLA-A→APLP2	Endothelial	Malignant_NPC_neuronal_like_malignant	Endothelial → Malignant_NPC_neuronal_like_malignant	microenvironment_to_malignant_or_cycling	endothelial_to_malignant_NPC_neuronal	0.0099866590624444	0.0099866590624444	0.6287400931268999	1.5792861	1.7367961	0.2055705450259761	0.2749980435284407	magnitude_rank<=0.05
rGBM	HLA_A_APLP2_cautious_axis	HLA-A	APLP2	HLA-A→APLP2	Malignant_cycling_candidate	Mural_Pericyte_Fibroblast	Malignant_cycling_candidate → Mural_Pericyte_Fibroblast	malignant_or_cycling_to_microenvironment	malignant_cycling_to_mural_pericyte_fibroblast	0.0105726836257832	0.0105726836257832	0.2339970828228565	1.563236	2.443362	0.2590658303752506	0.2344204083961353	magnitude_rank<=0.05
rGBM	HLA_A_APLP2_cautious_axis	HLA-A	APLP2	HLA-A→APLP2	Malignant_hypoxia_stress_malignant	Mural_Pericyte_Fibroblast	Malignant_hypoxia_stress_malignant → Mural_Pericyte_Fibroblast	malignant_or_cycling_to_microenvironment	malignant_hypoxia_stress_to_mural_pericyte_fibroblast	0.0106520523126234	0.0106520523126234	0.2364463889648953	1.56095	2.4363	0.2561531902298832	0.3491891524626632	magnitude_rank<=0.05
rGBM	HLA_A_APLP2_cautious_axis	HLA-A	APLP2	HLA-A→APLP2	Mural_Pericyte_Fibroblast	Mural_Pericyte_Fibroblast	Mural_Pericyte_Fibroblast → Mural_Pericyte_Fibroblast	microenvironment_to_microenvironment	mural_pericyte_fibroblast_to_mural_pericyte_fibroblast	0.010932119747587	0.010932119747587	0.2423646209486592	1.5564044	2.4222567	0.2503680885655693	0.3609503014255867	magnitude_rank<=0.05
rGBM	HLA_A_APLP2_cautious_axis	HLA-A	APLP2	HLA-A→APLP2	Endothelial	Oligodendrocyte_myelinating	Endothelial → Oligodendrocyte_myelinating	microenvironment_to_microenvironment	endothelial_to_oligodendrocyte_reference	0.0113588626795605	0.0113588626795605	0.8143955981702043	1.5438989	1.5634314	0.154264319060445	0.1572751004434255	magnitude_rank<=0.05
rGBM	HLA_A_APLP2_cautious_axis	HLA-A	APLP2	HLA-A→APLP2	Malignant_cycling_candidate	Endothelial	Malignant_cycling_candidate → Endothelial	malignant_or_cycling_to_microenvironment	malignant_cycling_to_endothelial	0.0118772678556776	0.0118772678556776	0.267708531438571	1.5331352	2.348135	0.2154228458770921	0.1200293320785182	magnitude_rank<=0.05
rGBM	HLA_A_APLP2_cautious_axis	HLA-A	APLP2	HLA-A→APLP2	Malignant_OPC_NPC_like_malignant	Malignant_AC_like_reactive_malignant	Malignant_OPC_NPC_like_malignant → Malignant_AC_like_reactive_malignant	malignant_or_cycling_to_malignant_or_cycling	malignant_OPC_NPC_to_malignant_AC_reactive	0.011898239749359	0.011898239749359	0.2885679618658256	1.5325779	2.2950215	0.1984545667174309	0.1899783379183768	magnitude_rank<=0.05
rGBM	HLA_A_APLP2_cautious_axis	HLA-A	APLP2	HLA-A→APLP2	Malignant_hypoxia_stress_malignant	Endothelial	Malignant_hypoxia_stress_malignant → Endothelial	malignant_or_cycling_to_microenvironment	malignant_hypoxia_stress_to_endothelial	0.0119612587662047	0.0119612587662047	0.2705571162140696	1.5308492	2.3413482	0.2125102057317247	0.2347980761450462	magnitude_rank<=0.05
rGBM	HLA_A_APLP2_cautious_axis	HLA-A	APLP2	HLA-A→APLP2	Mural_Pericyte_Fibroblast	Endothelial	Mural_Pericyte_Fibroblast → Endothelial	microenvironment_to_microenvironment	mural_pericyte_fibroblast_to_endothelial	0.0122149579352846	0.0122149579352846	0.2754730186293631	1.5263035	2.3278522	0.2067251040674108	0.2465592251079696	magnitude_rank<=0.05
rGBM	HLA_A_APLP2_cautious_axis	HLA-A	APLP2	HLA-A→APLP2	Malignant_AC_like_reactive_malignant	Malignant_AC_like_reactive_malignant	Malignant_AC_like_reactive_malignant → Malignant_AC_like_reactive_malignant	malignant_or_cycling_to_malignant_or_cycling	malignant_AC_reactive_to_malignant_AC_reactive	0.0133664338455489	0.0133664338455489	0.3234271801568086	1.5002182	2.2108417	0.1572631517769126	0.0740386646097079	magnitude_rank<=0.05
rGBM	HLA_A_APLP2_cautious_axis	HLA-A	APLP2	HLA-A→APLP2	Oligodendrocyte_myelinating	Malignant_NPC_neuronal_like_malignant	Oligodendrocyte_myelinating → Malignant_NPC_neuronal_like_malignant	microenvironment_to_malignant_or_cycling	oligodendrocyte_reference_to_malignant_NPC_neuronal	0.0141544668050422	0.0141544668050422	0.7689904183025843	1.4835676	1.6010618	0.0837287751794871	0.186136018088481	magnitude_rank<=0.05
rGBM	HLA_A_APLP2_cautious_axis	HLA-A	APLP2	HLA-A→APLP2	Oligodendrocyte_myelinating	Oligodendrocyte_myelinating	Oligodendrocyte_myelinating → Oligodendrocyte_myelinating	microenvironment_to_microenvironment	oligodendrocyte_reference_to_oligodendrocyte_reference	0.0167487263240786	0.0167487263240786	0.9670737053583632	1.4481804	1.4412459	0.0324225492139561	0.0684130750034658	magnitude_rank<=0.05
rGBM	HLA_A_APLP2_cautious_axis	HLA-A	APLP2	HLA-A→APLP2	Malignant_cycling_candidate	Malignant_AC_like_reactive_malignant	Malignant_cycling_candidate → Malignant_AC_like_reactive_malignant	malignant_or_cycling_to_malignant_or_cycling	malignant_cycling_to_malignant_AC_reactive	0.0172476779527609	0.0172476779527609	0.5684160469519255	1.4412448	2.05743	0.0821956916000659	-0.0338304518700112	magnitude_rank<=0.05
rGBM	HLA_A_APLP2_cautious_axis	HLA-A	APLP2	HLA-A→APLP2	Malignant_OPC_NPC_like_malignant	Malignant_cycling_candidate	Malignant_OPC_NPC_like_malignant → Malignant_cycling_candidate	malignant_or_cycling_to_malignant_or_cycling	malignant_OPC_NPC_to_malignant_cycling	0.0172979633928563	0.0172979633928563	0.452727568308241	1.4407876	1.9710993	0.0653747462986286	0.0527887717505409	magnitude_rank<=0.05
rGBM	HLA_A_APLP2_cautious_axis	HLA-A	APLP2	HLA-A→APLP2	Malignant_hypoxia_stress_malignant	Malignant_AC_like_reactive_malignant	Malignant_hypoxia_stress_malignant → Malignant_AC_like_reactive_malignant	malignant_or_cycling_to_malignant_or_cycling	malignant_hypoxia_stress_to_malignant_AC_reactive	0.0173987468654426	0.0173987468654426	0.4036495131402615	1.4389589	2.0514834	0.0792830514546985	0.0809382921965167	magnitude_rank<=0.05
rGBM	HLA_A_APLP2_cautious_axis	HLA-A	APLP2	HLA-A→APLP2	Mural_Pericyte_Fibroblast	Malignant_AC_like_reactive_malignant	Mural_Pericyte_Fibroblast → Malignant_AC_like_reactive_malignant	microenvironment_to_malignant_or_cycling	mural_pericyte_fibroblast_to_malignant_AC_reactive	0.017983744465062	0.017983744465062	0.7682475173206377	1.4344132	2.0396583	0.0734979497903846	0.0926994411594401	magnitude_rank<=0.05
rGBM	HLA_A_APLP2_cautious_axis	HLA-A	APLP2	HLA-A→APLP2	Malignant_OPC_NPC_like_malignant	Malignant_OPC_NPC_like_malignant	Malignant_OPC_NPC_like_malignant → Malignant_OPC_NPC_like_malignant	malignant_or_cycling_to_malignant_or_cycling	malignant_OPC_NPC_to_malignant_OPC_NPC	0.0195538140739288	0.0195538140739288	0.5301076086046798	1.4126842	1.871924	0.024627187837046	0.0133683337057968	magnitude_rank<=0.05
rGBM	HLA_A_APLP2_cautious_axis	HLA-A	APLP2	HLA-A→APLP2	Malignant_AC_like_reactive_malignant	Malignant_cycling_candidate	Malignant_AC_like_reactive_malignant → Malignant_cycling_candidate	malignant_or_cycling_to_malignant_or_cycling	malignant_AC_reactive_to_malignant_cycling	0.0199832149841962	0.0199832149841962	0.759129223955823	1.408428	1.8988008	0.0241833313581103	-0.0631509015581278	magnitude_rank<=0.05
rGBM	HLA_A_APLP2_cautious_axis	HLA-A	APLP2	HLA-A→APLP2	Malignant_AC_like_reactive_malignant	Malignant_OPC_NPC_like_malignant	Malignant_AC_like_reactive_malignant → Malignant_OPC_NPC_like_malignant	malignant_or_cycling_to_malignant_or_cycling	malignant_AC_reactive_to_malignant_OPC_NPC	0.0230569319268649	0.0230569319268649	1.0	1.3803245	1.8032633	-0.0165642271034722	-0.102571339602872	magnitude_rank<=0.05
rGBM	HLA_A_APLP2_cautious_axis	HLA-A	APLP2	HLA-A→APLP2	Malignant_cycling_candidate	Malignant_cycling_candidate	Malignant_cycling_candidate → Malignant_cycling_candidate	malignant_or_cycling_to_malignant_or_cycling	malignant_cycling_to_malignant_cycling	0.0264960243624498	0.0264960243624498	1.0	1.3494546	1.7670419	-0.0508841288187363	-0.171020018037847	magnitude_rank<=0.05
rGBM	HLA_A_APLP2_cautious_axis	HLA-A	APLP2	HLA-A→APLP2	Malignant_hypoxia_stress_malignant	Malignant_cycling_candidate	Malignant_hypoxia_stress_malignant → Malignant_cycling_candidate	malignant_or_cycling_to_malignant_or_cycling	malignant_hypoxia_stress_to_malignant_cycling	0.0268369992122082	0.0268369992122082	1.0	1.3471687	1.7619346	-0.0537967689641037	-0.0562512739713191	magnitude_rank<=0.05
rGBM	HLA_A_APLP2_cautious_axis	HLA-A	APLP2	HLA-A→APLP2	Malignant_OPC_NPC_like_malignant	Malignant_hypoxia_stress_malignant	Malignant_OPC_NPC_like_malignant → Malignant_hypoxia_stress_malignant	malignant_or_cycling_to_malignant_or_cycling	malignant_OPC_NPC_to_malignant_hypoxia_stress	0.0268992196928282	0.0268992196928282	1.0	1.3463353	1.637783	-0.0715703189790673	-0.0475328269141313	magnitude_rank<=0.05
rGBM	HLA_A_APLP2_cautious_axis	HLA-A	APLP2	HLA-A→APLP2	Mural_Pericyte_Fibroblast	Malignant_cycling_candidate	Mural_Pericyte_Fibroblast → Malignant_cycling_candidate	microenvironment_to_malignant_or_cycling	mural_pericyte_fibroblast_to_malignant_cycling	0.027336694391667	0.027336694391667	1.0	1.3426229	1.7517784	-0.0595818706284176	-0.0444901250083956	magnitude_rank<=0.05
rGBM	HLA_A_APLP2_cautious_axis	HLA-A	APLP2	HLA-A→APLP2	Malignant_NPC_neuronal_like_malignant	Mural_Pericyte_Fibroblast	Malignant_NPC_neuronal_like_malignant → Mural_Pericyte_Fibroblast	malignant_or_cycling_to_microenvironment	malignant_NPC_neuronal_to_mural_pericyte_fibroblast	0.027809170299532	0.027809170299532	1.0	1.3391256	1.7510096	-0.0262111302652364	0.1292316439736233	magnitude_rank<=0.05
rGBM	HLA_A_APLP2_cautious_axis	HLA-A	APLP2	HLA-A→APLP2	Malignant_cycling_candidate	Malignant_OPC_NPC_like_malignant	Malignant_cycling_candidate → Malignant_OPC_NPC_like_malignant	malignant_or_cycling_to_malignant_or_cycling	malignant_cycling_to_malignant_OPC_NPC	0.0306590495479056	0.0306590495479056	1.0	1.3213512	1.6781337	-0.0916316872803189	-0.2104404560825912	magnitude_rank<=0.05
rGBM	HLA_A_APLP2_cautious_axis	HLA-A	APLP2	HLA-A→APLP2	Malignant_hypoxia_stress_malignant	Malignant_OPC_NPC_like_malignant	Malignant_hypoxia_stress_malignant → Malignant_OPC_NPC_like_malignant	malignant_or_cycling_to_malignant_or_cycling	malignant_hypoxia_stress_to_malignant_OPC_NPC	0.0310246306826395	0.0310246306826395	1.0	1.3190652	1.6732835	-0.0945443274256863	-0.0956717120160632	magnitude_rank<=0.05
rGBM	HLA_A_APLP2_cautious_axis	HLA-A	APLP2	HLA-A→APLP2	Mural_Pericyte_Fibroblast	Malignant_OPC_NPC_like_malignant	Mural_Pericyte_Fibroblast → Malignant_OPC_NPC_like_malignant	microenvironment_to_malignant_or_cycling	mural_pericyte_fibroblast_to_malignant_OPC_NPC	0.0318631955124026	0.0318631955124026	1.0	1.3145194	1.6636382	-0.1003294290900002	-0.0839105630531398	magnitude_rank<=0.05
rGBM	HLA_A_APLP2_cautious_axis	HLA-A	APLP2	HLA-A→APLP2	Malignant_AC_like_reactive_malignant	Malignant_hypoxia_stress_malignant	Malignant_AC_like_reactive_malignant → Malignant_hypoxia_stress_malignant	malignant_or_cycling_to_malignant_or_cycling	malignant_AC_reactive_to_malignant_hypoxia_stress	0.0319983544249106	0.0319983544249106	1.0	1.3139756	1.5777103	-0.1127617339195856	-0.1634725002228001	magnitude_rank<=0.05
rGBM	HLA_A_APLP2_cautious_axis	HLA-A	APLP2	HLA-A→APLP2	Malignant_NPC_neuronal_like_malignant	Endothelial	Malignant_NPC_neuronal_like_malignant → Endothelial	malignant_or_cycling_to_microenvironment	malignant_NPC_neuronal_to_endothelial	0.0326441061212061	0.0326441061212061	1.0	1.3090249	1.6827662	-0.0698541147633949	0.0148405676560062	magnitude_rank<=0.05
rGBM	HLA_A_APLP2_cautious_axis	HLA-A	APLP2	HLA-A→APLP2	Malignant_cycling_candidate	Malignant_hypoxia_stress_malignant	Malignant_cycling_candidate → Malignant_hypoxia_stress_malignant	malignant_or_cycling_to_malignant_or_cycling	malignant_cycling_to_malignant_hypoxia_stress	0.0425205064824191	0.0425205064824191	1.0	1.2550023	1.468232	-0.1878291940964324	-0.2713416167025193	magnitude_rank<=0.05
rGBM	HLA_A_APLP2_cautious_axis	HLA-A	APLP2	HLA-A→APLP2	Malignant_hypoxia_stress_malignant	Malignant_hypoxia_stress_malignant	Malignant_hypoxia_stress_malignant → Malignant_hypoxia_stress_malignant	malignant_or_cycling_to_malignant_or_cycling	malignant_hypoxia_stress_to_malignant_hypoxia_stress	0.0429085804105899	0.0429085804105899	1.0	1.2527163	1.4639884	-0.1907418342417997	-0.1565728726359914	magnitude_rank<=0.05
rGBM	HLA_A_APLP2_cautious_axis	HLA-A	APLP2	HLA-A→APLP2	Mural_Pericyte_Fibroblast	Malignant_hypoxia_stress_malignant	Mural_Pericyte_Fibroblast → Malignant_hypoxia_stress_malignant	microenvironment_to_malignant_or_cycling	mural_pericyte_fibroblast_to_malignant_hypoxia_stress	0.0435721469631527	0.0435721469631527	1.0	1.2481706	1.4555497	-0.1965269359061136	-0.1448117236730679	magnitude_rank<=0.05
rGBM	HLA_A_APLP2_cautious_axis	HLA-A	APLP2	HLA-A→APLP2	Malignant_OPC_NPC_like_malignant	Malignant_NPC_neuronal_like_malignant	Malignant_OPC_NPC_like_malignant → Malignant_NPC_neuronal_like_malignant	malignant_or_cycling_to_malignant_or_cycling	malignant_OPC_NPC_to_malignant_NPC_neuronal	0.0463148211076927	0.0463148211076927	1.0	1.2367487	1.2510587	-0.2304548285262536	-0.1777464080081456	magnitude_rank<=0.05
GBM	LGALS1_ITGB1_axis	LGALS1	ITGB1	LGALS1→ITGB1	Mural_Pericyte_Fibroblast	Mural_Pericyte_Fibroblast	Mural_Pericyte_Fibroblast → Mural_Pericyte_Fibroblast	microenvironment_to_microenvironment	mural_pericyte_fibroblast_to_mural_pericyte_fibroblast	1.8275769411165343e-06	1.8275769411165343e-06	0.0150978620968531	2.770163	7.359127	1.8308899235500176	2.411371234196679	magnitude_rank<=0.05
GBM	LGALS1_ITGB1_axis	LGALS1	ITGB1	LGALS1→ITGB1	Mural_Pericyte_Fibroblast	Endothelial	Mural_Pericyte_Fibroblast → Endothelial	microenvironment_to_microenvironment	mural_pericyte_fibroblast_to_endothelial	2.366688849149e-05	2.366688849149e-05	0.0500136199501565	2.4805758	5.429826	1.4277048701960393	2.033483353999654	magnitude_rank<=0.05
GBM	LGALS1_ITGB1_axis	LGALS1	ITGB1	LGALS1→ITGB1	Malignant_hypoxia_stress_malignant	Mural_Pericyte_Fibroblast	Malignant_hypoxia_stress_malignant → Mural_Pericyte_Fibroblast	malignant_or_cycling_to_microenvironment	malignant_hypoxia_stress_to_mural_pericyte_fibroblast	6.139099162115369e-05	6.139099162115369e-05	0.0512793211199019	2.3177896	5.360357	1.5049277673090853	1.949663674443456	magnitude_rank<=0.05
GBM	LGALS1_ITGB1_axis	LGALS1	ITGB1	LGALS1→ITGB1	Malignant_hypoxia_stress_malignant	Endothelial	Malignant_hypoxia_stress_malignant → Endothelial	malignant_or_cycling_to_microenvironment	malignant_hypoxia_stress_to_endothelial	0.0006022371447866	0.0006022371447866	0.0512793211199019	2.028202	3.9550617	1.1017427139551068	1.5717757942464303	magnitude_rank<=0.05
GBM	LGALS1_ITGB1_axis	LGALS1	ITGB1	LGALS1→ITGB1	Malignant_cycling_candidate	Mural_Pericyte_Fibroblast	Malignant_cycling_candidate → Mural_Pericyte_Fibroblast	malignant_or_cycling_to_microenvironment	malignant_cycling_to_mural_pericyte_fibroblast	0.0006840230816205	0.0006840230816205	0.0512793211199019	2.021285	4.05028	1.2912765944695426	1.7030162922861685	magnitude_rank<=0.05
GBM	LGALS1_ITGB1_axis	LGALS1	ITGB1	LGALS1→ITGB1	Malignant_AC_like_reactive_malignant	Mural_Pericyte_Fibroblast	Malignant_AC_like_reactive_malignant → Mural_Pericyte_Fibroblast	malignant_or_cycling_to_microenvironment	malignant_AC_reactive_to_mural_pericyte_fibroblast	0.0006981571737864	0.0006981571737864	0.0512793211199019	2.0125916	4.011869	1.2850112313893496	1.4589963286189185	magnitude_rank<=0.05
GBM	LGALS1_ITGB1_axis	LGALS1	ITGB1	LGALS1→ITGB1	Malignant_OPC_NPC_like_malignant	Mural_Pericyte_Fibroblast	Malignant_OPC_NPC_like_malignant → Mural_Pericyte_Fibroblast	malignant_or_cycling_to_microenvironment	malignant_OPC_NPC_to_mural_pericyte_fibroblast	0.0027200501990644	0.0027200501990644	0.0512793211199019	1.8573112	3.3257775	1.1731201634334885	1.286376465918629	magnitude_rank<=0.05
GBM	LGALS1_ITGB1_axis	LGALS1	ITGB1	LGALS1→ITGB1	Mural_Pericyte_Fibroblast	Oligodendrocyte_myelinating	Mural_Pericyte_Fibroblast → Oligodendrocyte_myelinating	microenvironment_to_microenvironment	mural_pericyte_fibroblast_to_oligodendrocyte_reference	0.0046457263360471	0.0046457263360471	0.1716045615357926	1.9767351	2.0731146	0.7262168688567201	1.0534950015354043	magnitude_rank<=0.05
GBM	LGALS1_ITGB1_axis	LGALS1	ITGB1	LGALS1→ITGB1	Malignant_cycling_candidate	Endothelial	Malignant_cycling_candidate → Endothelial	malignant_or_cycling_to_microenvironment	malignant_cycling_to_endothelial	0.006548263194731	0.006548263194731	0.0512793211199019	1.7316978	2.9884405	0.8880915411155642	1.3251284120891431	magnitude_rank<=0.05
GBM	LGALS1_ITGB1_axis	LGALS1	ITGB1	LGALS1→ITGB1	Malignant_AC_like_reactive_malignant	Endothelial	Malignant_AC_like_reactive_malignant → Endothelial	malignant_or_cycling_to_microenvironment	malignant_AC_reactive_to_endothelial	0.0072082841883049	0.0072082841883049	0.0512793211199019	1.7230043	2.9600995	0.8818261780353711	1.081108448421893	magnitude_rank<=0.05
GBM	LGALS1_ITGB1_axis	LGALS1	ITGB1	LGALS1→ITGB1	Oligodendrocyte_myelinating	Mural_Pericyte_Fibroblast	Oligodendrocyte_myelinating → Mural_Pericyte_Fibroblast	microenvironment_to_microenvironment	oligodendrocyte_reference_to_mural_pericyte_fibroblast	0.0088190552246178	0.0088190552246178	0.0707637531576035	1.6919394	2.5950968	1.0539602839954898	1.0730542648591204	magnitude_rank<=0.05
GBM	LGALS1_ITGB1_axis	LGALS1	ITGB1	LGALS1→ITGB1	Endothelial	Mural_Pericyte_Fibroblast	Endothelial → Mural_Pericyte_Fibroblast	microenvironment_to_microenvironment	endothelial_to_mural_pericyte_fibroblast	0.0127516037275353	0.0127516037275353	0.1375081091771111	1.6035354	2.2044928	0.9902598310176208	1.0986554659673151	magnitude_rank<=0.05
GBM	LGALS1_ITGB1_axis	LGALS1	ITGB1	LGALS1→ITGB1	Mural_Pericyte_Fibroblast	Malignant_hypoxia_stress_malignant	Mural_Pericyte_Fibroblast → Malignant_hypoxia_stress_malignant	microenvironment_to_malignant_or_cycling	mural_pericyte_fibroblast_to_malignant_hypoxia_stress	0.0129307256763222	0.0129307256763222	0.4557434119062075	1.8986988	1.5532174	0.6175693083079549	0.8617819698480261	magnitude_rank<=0.05
GBM	LGALS1_ITGB1_axis	LGALS1	ITGB1	LGALS1→ITGB1	Malignant_OPC_NPC_like_malignant	Endothelial	Malignant_OPC_NPC_like_malignant → Endothelial	malignant_or_cycling_to_microenvironment	malignant_OPC_NPC_to_endothelial	0.0145974275586336	0.0145974275586336	0.0902778416493507	1.567724	2.4538767	0.7699351100795101	0.9084885857216036	magnitude_rank<=0.05
GBM	LGALS1_ITGB1_axis	LGALS1	ITGB1	LGALS1→ITGB1	Malignant_hypoxia_stress_malignant	Oligodendrocyte_myelinating	Malignant_hypoxia_stress_malignant → Oligodendrocyte_myelinating	malignant_or_cycling_to_microenvironment	malignant_hypoxia_stress_to_oligodendrocyte_reference	0.0169036144224495	0.0169036144224495	0.4557434119062075	1.5243615	1.5100479	0.4002547126157876	0.5917874417821811	magnitude_rank<=0.05
GBM	LGALS1_ITGB1_axis	LGALS1	ITGB1	LGALS1→ITGB1	Malignant_NPC_neuronal_like_malignant	Mural_Pericyte_Fibroblast	Malignant_NPC_neuronal_like_malignant → Mural_Pericyte_Fibroblast	malignant_or_cycling_to_microenvironment	malignant_NPC_neuronal_to_mural_pericyte_fibroblast	0.0179420654448554	0.0179420654448554	0.2945222590983778	1.507161	1.7786715	0.9208156020060064	0.7494750639532308	magnitude_rank<=0.05
GBM	LGALS1_ITGB1_axis	LGALS1	ITGB1	LGALS1→ITGB1	Oligodendrocyte_myelinating	Endothelial	Oligodendrocyte_myelinating → Endothelial	microenvironment_to_microenvironment	oligodendrocyte_reference_to_endothelial	0.0293316197017296	0.0293316197017296	0.2302427063598804	1.4023521	1.9147546	0.6507752306415112	0.695166384662095	magnitude_rank<=0.05
GBM	LGALS1_ITGB1_axis	LGALS1	ITGB1	LGALS1→ITGB1	Mural_Pericyte_Fibroblast	Malignant_AC_like_reactive_malignant	Mural_Pericyte_Fibroblast → Malignant_AC_like_reactive_malignant	microenvironment_to_malignant_or_cycling	mural_pericyte_fibroblast_to_malignant_AC_reactive	0.0331822632345553	0.0331822632345553	0.4557434119062075	1.8423779	1.1779941	0.5391549233833913	0.7765096153043104	magnitude_rank<=0.05
GBM	LGALS1_ITGB1_axis	LGALS1	ITGB1	LGALS1→ITGB1	Malignant_hypoxia_stress_malignant	Malignant_hypoxia_stress_malignant	Malignant_hypoxia_stress_malignant → Malignant_hypoxia_stress_malignant	malignant_or_cycling_to_malignant_or_cycling	malignant_hypoxia_stress_to_malignant_hypoxia_stress	0.0377591710683742	0.0377591710683742	0.4557434119062075	1.4463251	1.131357	0.2916071520670225	0.4000744100948029	magnitude_rank<=0.05
GBM	LGALS1_ITGB1_axis	LGALS1	ITGB1	LGALS1→ITGB1	Endothelial	Endothelial	Endothelial → Endothelial	microenvironment_to_microenvironment	endothelial_to_endothelial	0.0470801716237904	0.0470801716237904	0.3993298465075363	1.3139482	1.6265532	0.5870747776636422	0.7207675857702898	magnitude_rank<=0.05
GBM	LGALS1_ITGB1_axis	LGALS1	ITGB1	LGALS1→ITGB1	Mural_Pericyte_Fibroblast	Malignant_cycling_candidate	Mural_Pericyte_Fibroblast → Malignant_cycling_candidate	microenvironment_to_malignant_or_cycling	mural_pericyte_fibroblast_to_malignant_cycling	0.0497904111616711	0.0497904111616711	0.4557434119062075	1.8166051	1.0062892	0.503271328882973	0.69059093107335	magnitude_rank<=0.05
LGG	LGALS1_ITGB1_axis	LGALS1	ITGB1	LGALS1→ITGB1	Endothelial	Endothelial	Endothelial → Endothelial	microenvironment_to_microenvironment	endothelial_to_endothelial	0.0107265241746625	0.0107265241746625	0.001111030610973	1.5456538	2.2925746	2.2128077544076428	2.049560484354167	magnitude_rank<=0.05
ndGBM	LGALS1_ITGB1_axis	LGALS1	ITGB1	LGALS1→ITGB1	Mural_Pericyte_Fibroblast	Mural_Pericyte_Fibroblast	Mural_Pericyte_Fibroblast → Mural_Pericyte_Fibroblast	microenvironment_to_microenvironment	mural_pericyte_fibroblast_to_mural_pericyte_fibroblast	4.666565727070322e-06	4.666565727070322e-06	0.0432749913060679	2.879712	7.950893	1.4855737176654191	2.0024419211290456	magnitude_rank<=0.05
ndGBM	LGALS1_ITGB1_axis	LGALS1	ITGB1	LGALS1→ITGB1	Mural_Pericyte_Fibroblast	Endothelial	Mural_Pericyte_Fibroblast → Endothelial	microenvironment_to_microenvironment	mural_pericyte_fibroblast_to_endothelial	6.458366785595258e-06	6.458366785595258e-06	0.0476302925017105	2.7728167	7.210239	1.3556963857887876	1.8943270927454807	magnitude_rank<=0.05
ndGBM	LGALS1_ITGB1_axis	LGALS1	ITGB1	LGALS1→ITGB1	Malignant_hypoxia_stress_malignant	Mural_Pericyte_Fibroblast	Malignant_hypoxia_stress_malignant → Mural_Pericyte_Fibroblast	malignant_or_cycling_to_microenvironment	malignant_hypoxia_stress_to_mural_pericyte_fibroblast	3.717075081080956e-05	3.717075081080956e-05	0.0476302925017105	2.4252625	5.864939	1.1079648106653193	1.3831919953644614	magnitude_rank<=0.05
ndGBM	LGALS1_ITGB1_axis	LGALS1	ITGB1	LGALS1→ITGB1	Malignant_hypoxia_stress_malignant	Endothelial	Malignant_hypoxia_stress_malignant → Endothelial	malignant_or_cycling_to_microenvironment	malignant_hypoxia_stress_to_endothelial	9.311122435807572e-05	9.311122435807572e-05	0.0476302925017105	2.3183672	5.318599	0.9780874787886876	1.2750771669808965	magnitude_rank<=0.05
ndGBM	LGALS1_ITGB1_axis	LGALS1	ITGB1	LGALS1→ITGB1	Malignant_cycling_candidate	Mural_Pericyte_Fibroblast	Malignant_cycling_candidate → Mural_Pericyte_Fibroblast	malignant_or_cycling_to_microenvironment	malignant_cycling_to_mural_pericyte_fibroblast	0.0002020077635633	0.0002020077635633	0.0476302925017105	2.1777644	4.728905	0.90231394797961	1.0393566324415344	magnitude_rank<=0.05
ndGBM	LGALS1_ITGB1_axis	LGALS1	ITGB1	LGALS1→ITGB1	Malignant_OPC_NPC_like_malignant	Mural_Pericyte_Fibroblast	Malignant_OPC_NPC_like_malignant → Mural_Pericyte_Fibroblast	malignant_or_cycling_to_microenvironment	malignant_OPC_NPC_to_mural_pericyte_fibroblast	0.0002720177451764	0.0002720177451764	0.0476302925017105	2.1226892	4.476106	0.8565472059185104	0.8836950576524674	magnitude_rank<=0.05
ndGBM	LGALS1_ITGB1_axis	LGALS1	ITGB1	LGALS1→ITGB1	Malignant_cycling_candidate	Endothelial	Malignant_cycling_candidate → Endothelial	malignant_or_cycling_to_microenvironment	malignant_cycling_to_endothelial	0.0003765391051704	0.0003765391051704	0.0476302925017105	2.070869	4.2883906	0.7724366161029784	0.9312418040579696	magnitude_rank<=0.05
ndGBM	LGALS1_ITGB1_axis	LGALS1	ITGB1	LGALS1→ITGB1	Malignant_AC_like_reactive_malignant	Mural_Pericyte_Fibroblast	Malignant_AC_like_reactive_malignant → Mural_Pericyte_Fibroblast	malignant_or_cycling_to_microenvironment	malignant_AC_reactive_to_mural_pericyte_fibroblast	0.0003964397980543	0.0003964397980543	0.0476302925017105	2.0626888	4.200701	0.8066918137869186	0.877518967613967	magnitude_rank<=0.05
ndGBM	LGALS1_ITGB1_axis	LGALS1	ITGB1	LGALS1→ITGB1	Malignant_OPC_NPC_like_malignant	Endothelial	Malignant_OPC_NPC_like_malignant → Endothelial	malignant_or_cycling_to_microenvironment	malignant_OPC_NPC_to_endothelial	0.0005150066617106	0.0005150066617106	0.0476302925017105	2.0157938	4.059141	0.7266698740418789	0.7755802292689025	magnitude_rank<=0.05
ndGBM	LGALS1_ITGB1_axis	LGALS1	ITGB1	LGALS1→ITGB1	Mural_Pericyte_Fibroblast	Oligodendrocyte_myelinating	Mural_Pericyte_Fibroblast → Oligodendrocyte_myelinating	microenvironment_to_microenvironment	mural_pericyte_fibroblast_to_oligodendrocyte_reference	0.0005800672819554	0.0005800672819554	0.1282127942641185	2.1701932	3.0347939	0.6235101806821541	0.9003320009450569	magnitude_rank<=0.05
ndGBM	LGALS1_ITGB1_axis	LGALS1	ITGB1	LGALS1→ITGB1	Malignant_AC_like_reactive_malignant	Endothelial	Malignant_AC_like_reactive_malignant → Endothelial	malignant_or_cycling_to_microenvironment	malignant_AC_reactive_to_endothelial	0.0007353644327305	0.0007353644327305	0.0516121441671989	1.9557936	3.809391	0.6768144819102869	0.7694041392304021	magnitude_rank<=0.05
ndGBM	LGALS1_ITGB1_axis	LGALS1	ITGB1	LGALS1→ITGB1	Mural_Pericyte_Fibroblast	Malignant_hypoxia_stress_malignant	Mural_Pericyte_Fibroblast → Malignant_hypoxia_stress_malignant	microenvironment_to_malignant_or_cycling	mural_pericyte_fibroblast_to_malignant_hypoxia_stress	0.0011947350273869	0.0011947350273869	0.2338414152006267	2.1040819	2.5767226	0.5431852582224995	0.7965361592964333	magnitude_rank<=0.05
ndGBM	LGALS1_ITGB1_axis	LGALS1	ITGB1	LGALS1→ITGB1	Mural_Pericyte_Fibroblast	Malignant_OPC_NPC_like_malignant	Mural_Pericyte_Fibroblast → Malignant_OPC_NPC_like_malignant	microenvironment_to_malignant_or_cycling	mural_pericyte_fibroblast_to_malignant_OPC_NPC	0.0015488062766221	0.0015488062766221	0.3016681943873795	2.0763566	2.3846214	0.509500142521881	0.5882337121592164	magnitude_rank<=0.05
ndGBM	LGALS1_ITGB1_axis	LGALS1	ITGB1	LGALS1→ITGB1	Mural_Pericyte_Fibroblast	Malignant_cycling_candidate	Mural_Pericyte_Fibroblast → Malignant_cycling_candidate	microenvironment_to_malignant_or_cycling	mural_pericyte_fibroblast_to_malignant_cycling	0.0016907123426615	0.0016907123426615	0.3125433800861124	2.0717163	2.3524697	0.5038620594227996	0.5922547715630349	magnitude_rank<=0.05
ndGBM	LGALS1_ITGB1_axis	LGALS1	ITGB1	LGALS1→ITGB1	Endothelial	Mural_Pericyte_Fibroblast	Endothelial → Mural_Pericyte_Fibroblast	microenvironment_to_microenvironment	endothelial_to_mural_pericyte_fibroblast	0.0022836521899247	0.0022836521899247	0.1487539105163947	1.7814722	2.909897	0.5730229251483479	0.5912232968104743	magnitude_rank<=0.05
ndGBM	LGALS1_ITGB1_axis	LGALS1	ITGB1	LGALS1→ITGB1	Mural_Pericyte_Fibroblast	Malignant_AC_like_reactive_malignant	Mural_Pericyte_Fibroblast → Malignant_AC_like_reactive_malignant	microenvironment_to_malignant_or_cycling	mural_pericyte_fibroblast_to_malignant_AC_reactive	0.0028026299387779	0.0028026299387779	0.4338588866212191	2.0305839	2.0674706	0.4538847588710623	0.6122527943733633	magnitude_rank<=0.05
ndGBM	LGALS1_ITGB1_axis	LGALS1	ITGB1	LGALS1→ITGB1	Mural_Pericyte_Fibroblast	Malignant_NPC_neuronal_like_malignant	Mural_Pericyte_Fibroblast → Malignant_NPC_neuronal_like_malignant	microenvironment_to_malignant_or_cycling	mural_pericyte_fibroblast_to_malignant_NPC_neuronal	0.0029781307752118	0.0029781307752118	0.4338588866212191	2.024589	2.0259345	0.4466014067638381	0.6243147418657636	magnitude_rank<=0.05
ndGBM	LGALS1_ITGB1_axis	LGALS1	ITGB1	LGALS1→ITGB1	Malignant_hypoxia_stress_malignant	Oligodendrocyte_myelinating	Malignant_hypoxia_stress_malignant → Oligodendrocyte_myelinating	malignant_or_cycling_to_microenvironment	malignant_hypoxia_stress_to_oligodendrocyte_reference	0.0038717917286787	0.0038717917286787	0.3659516970279877	1.7157438	2.2386014	0.245901273682054	0.2810820751804727	magnitude_rank<=0.05
ndGBM	LGALS1_ITGB1_axis	LGALS1	ITGB1	LGALS1→ITGB1	Endothelial	Endothelial	Endothelial → Endothelial	microenvironment_to_microenvironment	endothelial_to_endothelial	0.0049332332697028	0.0049332332697028	0.2129790945677754	1.6745768	2.6388297	0.4431455932717162	0.4831084684269093	magnitude_rank<=0.05
ndGBM	LGALS1_ITGB1_axis	LGALS1	ITGB1	LGALS1→ITGB1	Malignant_hypoxia_stress_malignant	Malignant_hypoxia_stress_malignant	Malignant_hypoxia_stress_malignant → Malignant_hypoxia_stress_malignant	malignant_or_cycling_to_malignant_or_cycling	malignant_hypoxia_stress_to_malignant_hypoxia_stress	0.005793072777016	0.005793072777016	0.5811226675372133	1.6496325	1.9007075	0.1655763512223995	0.177286233531849	magnitude_rank<=0.05
ndGBM	LGALS1_ITGB1_axis	LGALS1	ITGB1	LGALS1→ITGB1	Malignant_hypoxia_stress_malignant	Malignant_OPC_NPC_like_malignant	Malignant_hypoxia_stress_malignant → Malignant_OPC_NPC_like_malignant	malignant_or_cycling_to_malignant_or_cycling	malignant_hypoxia_stress_to_malignant_OPC_NPC	0.0066797866590491	0.0066797866590491	0.7105037461652202	1.6219072	1.7590048	0.1318912355217809	-0.0310162136053678	magnitude_rank<=0.05
ndGBM	LGALS1_ITGB1_axis	LGALS1	ITGB1	LGALS1→ITGB1	Malignant_hypoxia_stress_malignant	Malignant_cycling_candidate	Malignant_hypoxia_stress_malignant → Malignant_cycling_candidate	malignant_or_cycling_to_malignant_or_cycling	malignant_hypoxia_stress_to_malignant_cycling	0.0069474699993857	0.0069474699993857	0.7316952663016001	1.617267	1.7352883	0.1262531524226995	-0.0269951542015494	magnitude_rank<=0.05
ndGBM	LGALS1_ITGB1_axis	LGALS1	ITGB1	LGALS1→ITGB1	Malignant_hypoxia_stress_malignant	Malignant_AC_like_reactive_malignant	Malignant_hypoxia_stress_malignant → Malignant_AC_like_reactive_malignant	malignant_or_cycling_to_malignant_or_cycling	malignant_hypoxia_stress_to_malignant_AC_reactive	0.0086153380943625	0.0086153380943625	1.0	1.5761343	1.5250599	0.0762758518709622	-0.0069971313912209	magnitude_rank<=0.05
ndGBM	LGALS1_ITGB1_axis	LGALS1	ITGB1	LGALS1→ITGB1	Malignant_hypoxia_stress_malignant	Malignant_NPC_neuronal_like_malignant	Malignant_hypoxia_stress_malignant → Malignant_NPC_neuronal_like_malignant	malignant_or_cycling_to_malignant_or_cycling	malignant_hypoxia_stress_to_malignant_NPC_neuronal	0.0088712634906294	0.0088712634906294	1.0	1.5701396	1.4944211	0.068992499763738	0.0050648161011793	magnitude_rank<=0.05
ndGBM	LGALS1_ITGB1_axis	LGALS1	ITGB1	LGALS1→ITGB1	Malignant_NPC_neuronal_like_malignant	Mural_Pericyte_Fibroblast	Malignant_NPC_neuronal_like_malignant → Mural_Pericyte_Fibroblast	malignant_or_cycling_to_microenvironment	malignant_NPC_neuronal_to_mural_pericyte_fibroblast	0.0101056009479906	0.0101056009479906	0.4338588866212191	1.53597	1.7830254	0.3690301530079387	0.2520364499949425	magnitude_rank<=0.05
ndGBM	LGALS1_ITGB1_axis	LGALS1	ITGB1	LGALS1→ITGB1	Oligodendrocyte_myelinating	Mural_Pericyte_Fibroblast	Oligodendrocyte_myelinating → Mural_Pericyte_Fibroblast	microenvironment_to_microenvironment	oligodendrocyte_reference_to_mural_pericyte_fibroblast	0.0103568275825999	0.0103568275825999	0.6069593007193385	1.5296773	1.7541413	0.3638013233170885	0.1654770100627615	magnitude_rank<=0.05
ndGBM	LGALS1_ITGB1_axis	LGALS1	ITGB1	LGALS1→ITGB1	Malignant_cycling_candidate	Oligodendrocyte_myelinating	Malignant_cycling_candidate → Oligodendrocyte_myelinating	malignant_or_cycling_to_microenvironment	malignant_cycling_to_oligodendrocyte_reference	0.0141298466247597	0.0141298466247597	0.8492817207880027	1.4682455	1.8049862	0.0402504109963449	-0.0627532877424542	magnitude_rank<=0.05
ndGBM	LGALS1_ITGB1_axis	LGALS1	ITGB1	LGALS1→ITGB1	Malignant_NPC_neuronal_like_malignant	Endothelial	Malignant_NPC_neuronal_like_malignant → Endothelial	malignant_or_cycling_to_microenvironment	malignant_NPC_neuronal_to_endothelial	0.0168958352924372	0.0168958352924372	1.0	1.4290746	1.6169302	0.2391528211313071	0.1439216216113776	magnitude_rank<=0.05
ndGBM	LGALS1_ITGB1_axis	LGALS1	ITGB1	LGALS1→ITGB1	Oligodendrocyte_myelinating	Endothelial	Oligodendrocyte_myelinating → Endothelial	microenvironment_to_microenvironment	oligodendrocyte_reference_to_endothelial	0.0176083450017932	0.0176083450017932	1.0	1.422782	1.5907369	0.2339239914404568	0.0573621816791966	magnitude_rank<=0.05
ndGBM	LGALS1_ITGB1_axis	LGALS1	ITGB1	LGALS1→ITGB1	Malignant_OPC_NPC_like_malignant	Oligodendrocyte_myelinating	Malignant_OPC_NPC_like_malignant → Oligodendrocyte_myelinating	malignant_or_cycling_to_microenvironment	malignant_OPC_NPC_to_oligodendrocyte_reference	0.0182018974993753	0.0182018974993753	1.0	1.4131703	1.7084949	-0.0055163310647546	-0.2184148625315213	magnitude_rank<=0.05
ndGBM	LGALS1_ITGB1_axis	LGALS1	ITGB1	LGALS1→ITGB1	Malignant_cycling_candidate	Malignant_hypoxia_stress_malignant	Malignant_cycling_candidate → Malignant_hypoxia_stress_malignant	malignant_or_cycling_to_malignant_or_cycling	malignant_cycling_to_malignant_hypoxia_stress	0.0191100582080157	0.0191100582080157	1.0	1.4021342	1.5325419	-0.0400745114633096	-0.1665491293910779	magnitude_rank<=0.05
ndGBM	LGALS1_ITGB1_axis	LGALS1	ITGB1	LGALS1→ITGB1	Malignant_cycling_candidate	Malignant_OPC_NPC_like_malignant	Malignant_cycling_candidate → Malignant_OPC_NPC_like_malignant	malignant_or_cycling_to_malignant_or_cycling	malignant_cycling_to_malignant_OPC_NPC	0.0215638304752247	0.0215638304752247	1.0	1.374409	1.4182869	-0.0737596271639282	-0.3748515765282948	magnitude_rank<=0.05
ndGBM	LGALS1_ITGB1_axis	LGALS1	ITGB1	LGALS1→ITGB1	Malignant_cycling_candidate	Malignant_cycling_candidate	Malignant_cycling_candidate → Malignant_cycling_candidate	malignant_or_cycling_to_malignant_or_cycling	malignant_cycling_to_malignant_cycling	0.0220352546160724	0.0220352546160724	1.0	1.3697687	1.3991643	-0.0793977102630095	-0.3708305171244763	magnitude_rank<=0.05
ndGBM	LGALS1_ITGB1_axis	LGALS1	ITGB1	LGALS1→ITGB1	Malignant_AC_like_reactive_malignant	Oligodendrocyte_myelinating	Malignant_AC_like_reactive_malignant → Oligodendrocyte_myelinating	malignant_or_cycling_to_microenvironment	malignant_AC_reactive_to_oligodendrocyte_reference	0.0235165688356893	0.0235165688356893	1.0	1.3531702	1.603375	-0.0553717231963465	-0.2245909525700217	magnitude_rank<=0.05
ndGBM	LGALS1_ITGB1_axis	LGALS1	ITGB1	LGALS1→ITGB1	Malignant_OPC_NPC_like_malignant	Malignant_hypoxia_stress_malignant	Malignant_OPC_NPC_like_malignant → Malignant_hypoxia_stress_malignant	malignant_or_cycling_to_malignant_or_cycling	malignant_OPC_NPC_to_malignant_hypoxia_stress	0.0240079759085057	0.0240079759085057	1.0	1.347059	1.4506149	-0.0858412535244092	-0.3222107041801449	magnitude_rank<=0.05
ndGBM	LGALS1_ITGB1_axis	LGALS1	ITGB1	LGALS1→ITGB1	Malignant_cycling_candidate	Malignant_AC_like_reactive_malignant	Malignant_cycling_candidate → Malignant_AC_like_reactive_malignant	malignant_or_cycling_to_malignant_or_cycling	malignant_cycling_to_malignant_AC_reactive	0.0259829353082382	0.0259829353082382	1.0	1.328636	1.229657	-0.1293750108147468	-0.3508324943141478	magnitude_rank<=0.05
ndGBM	LGALS1_ITGB1_axis	LGALS1	ITGB1	LGALS1→ITGB1	Malignant_cycling_candidate	Malignant_NPC_neuronal_like_malignant	Malignant_cycling_candidate → Malignant_NPC_neuronal_like_malignant	malignant_or_cycling_to_malignant_or_cycling	malignant_cycling_to_malignant_NPC_neuronal	0.0267378582885902	0.0267378582885902	1.0	1.3226414	1.204953	-0.1366583629219711	-0.3387705468217475	magnitude_rank<=0.05
ndGBM	LGALS1_ITGB1_axis	LGALS1	ITGB1	LGALS1→ITGB1	Malignant_OPC_NPC_like_malignant	Malignant_OPC_NPC_like_malignant	Malignant_OPC_NPC_like_malignant → Malignant_OPC_NPC_like_malignant	malignant_or_cycling_to_malignant_or_cycling	malignant_OPC_NPC_to_malignant_OPC_NPC	0.0272603584996374	0.0272603584996374	1.0	1.3193338	1.3424679	-0.1195263692250277	-0.5305131513173619	magnitude_rank<=0.05
ndGBM	LGALS1_ITGB1_axis	LGALS1	ITGB1	LGALS1→ITGB1	Malignant_OPC_NPC_like_malignant	Malignant_cycling_candidate	Malignant_OPC_NPC_like_malignant → Malignant_cycling_candidate	malignant_or_cycling_to_malignant_or_cycling	malignant_OPC_NPC_to_malignant_cycling	0.0279509428992143	0.0279509428992143	1.0	1.3146936	1.3243675	-0.1251644523241091	-0.5264920919135434	magnitude_rank<=0.05
ndGBM	LGALS1_ITGB1_axis	LGALS1	ITGB1	LGALS1→ITGB1	Malignant_AC_like_reactive_malignant	Malignant_hypoxia_stress_malignant	Malignant_AC_like_reactive_malignant → Malignant_hypoxia_stress_malignant	malignant_or_cycling_to_malignant_or_cycling	malignant_AC_reactive_to_malignant_hypoxia_stress	0.0313548088120851	0.0313548088120851	1.0	1.2870588	1.3613619	-0.1356966456560011	-0.3283867942186453	magnitude_rank<=0.05
ndGBM	LGALS1_ITGB1_axis	LGALS1	ITGB1	LGALS1→ITGB1	Malignant_OPC_NPC_like_malignant	Malignant_AC_like_reactive_malignant	Malignant_OPC_NPC_like_malignant → Malignant_AC_like_reactive_malignant	malignant_or_cycling_to_malignant_or_cycling	malignant_OPC_NPC_to_malignant_AC_reactive	0.0331489135246024	0.0331489135246024	1.0	1.2735609	1.1639218	-0.1751417528758464	-0.5064940691032149	magnitude_rank<=0.05
ndGBM	LGALS1_ITGB1_axis	LGALS1	ITGB1	LGALS1→ITGB1	Malignant_OPC_NPC_like_malignant	Malignant_NPC_neuronal_like_malignant	Malignant_OPC_NPC_like_malignant → Malignant_NPC_neuronal_like_malignant	malignant_or_cycling_to_malignant_or_cycling	malignant_OPC_NPC_to_malignant_NPC_neuronal	0.034086285526074	0.034086285526074	1.0	1.2675662	1.1405383	-0.1824251049830707	-0.4944321216108146	magnitude_rank<=0.05
ndGBM	LGALS1_ITGB1_axis	LGALS1	ITGB1	LGALS1→ITGB1	Malignant_AC_like_reactive_malignant	Malignant_OPC_NPC_like_malignant	Malignant_AC_like_reactive_malignant → Malignant_OPC_NPC_like_malignant	malignant_or_cycling_to_malignant_or_cycling	malignant_AC_reactive_to_malignant_OPC_NPC	0.0352640945710443	0.0352640945710443	1.0	1.2593336	1.2598689	-0.1693817613566197	-0.5366892413558623	magnitude_rank<=0.05
ndGBM	LGALS1_ITGB1_axis	LGALS1	ITGB1	LGALS1→ITGB1	Malignant_AC_like_reactive_malignant	Malignant_cycling_candidate	Malignant_AC_like_reactive_malignant → Malignant_cycling_candidate	malignant_or_cycling_to_malignant_or_cycling	malignant_AC_reactive_to_malignant_cycling	0.0360906670179489	0.0360906670179489	1.0	1.2546934	1.2428821	-0.175019844455701	-0.5326681819520438	magnitude_rank<=0.05
ndGBM	LGALS1_ITGB1_axis	LGALS1	ITGB1	LGALS1→ITGB1	Malignant_AC_like_reactive_malignant	Malignant_AC_like_reactive_malignant	Malignant_AC_like_reactive_malignant → Malignant_AC_like_reactive_malignant	malignant_or_cycling_to_malignant_or_cycling	malignant_AC_reactive_to_malignant_AC_reactive	0.0447014782221111	0.0447014782221111	1.0	1.2135607	1.0923083	-0.2249971450074383	-0.5126701591417153	magnitude_rank<=0.05
ndGBM	LGALS1_ITGB1_axis	LGALS1	ITGB1	LGALS1→ITGB1	Malignant_AC_like_reactive_malignant	Malignant_NPC_neuronal_like_malignant	Malignant_AC_like_reactive_malignant → Malignant_NPC_neuronal_like_malignant	malignant_or_cycling_to_malignant_or_cycling	malignant_AC_reactive_to_malignant_NPC_neuronal	0.0459360531598871	0.0459360531598871	1.0	1.207566	1.0703635	-0.2322804971146626	-0.500608211649315	magnitude_rank<=0.05
rGBM	LGALS1_ITGB1_axis	LGALS1	ITGB1	LGALS1→ITGB1	Mural_Pericyte_Fibroblast	Endothelial	Mural_Pericyte_Fibroblast → Endothelial	microenvironment_to_microenvironment	mural_pericyte_fibroblast_to_endothelial	0.0002701961384301	0.0002701961384301	0.0395057426408424	2.1820214	4.7490363	1.2704438377225744	1.4556909492689698	magnitude_rank<=0.05
rGBM	LGALS1_ITGB1_axis	LGALS1	ITGB1	LGALS1→ITGB1	Malignant_AC_like_reactive_malignant	Endothelial	Malignant_AC_like_reactive_malignant → Endothelial	malignant_or_cycling_to_microenvironment	malignant_AC_reactive_to_endothelial	0.0003606719700053	0.0003606719700053	0.0395057426408424	2.115149	4.471963	1.209499538899695	1.1409197481486644	magnitude_rank<=0.05
rGBM	LGALS1_ITGB1_axis	LGALS1	ITGB1	LGALS1→ITGB1	Malignant_hypoxia_stress_malignant	Endothelial	Malignant_hypoxia_stress_malignant → Endothelial	malignant_or_cycling_to_microenvironment	malignant_hypoxia_stress_to_endothelial	0.0005252030095374	0.0005252030095374	0.0395057426408424	2.0492773	4.199036	1.1494674369137767	1.1419779761853983	magnitude_rank<=0.05
rGBM	LGALS1_ITGB1_axis	LGALS1	ITGB1	LGALS1→ITGB1	Malignant_cycling_candidate	Endothelial	Malignant_cycling_candidate → Endothelial	malignant_or_cycling_to_microenvironment	malignant_cycling_to_endothelial	0.0006189634386784	0.0006189634386784	0.0395057426408424	2.0226126	4.0885572	1.1251659657242306	1.143754670554562	magnitude_rank<=0.05
rGBM	LGALS1_ITGB1_axis	LGALS1	ITGB1	LGALS1→ITGB1	Malignant_OPC_NPC_like_malignant	Endothelial	Malignant_OPC_NPC_like_malignant → Endothelial	malignant_or_cycling_to_microenvironment	malignant_OPC_NPC_to_endothelial	0.0011354031150485	0.0011354031150485	0.0395057426408424	1.9503938	3.789332	1.0593518733063128	0.9968223825655308	magnitude_rank<=0.05
rGBM	LGALS1_ITGB1_axis	LGALS1	ITGB1	LGALS1→ITGB1	Mural_Pericyte_Fibroblast	Mural_Pericyte_Fibroblast	Mural_Pericyte_Fibroblast → Mural_Pericyte_Fibroblast	microenvironment_to_microenvironment	mural_pericyte_fibroblast_to_mural_pericyte_fibroblast	0.0047851569845666	0.0047851569845666	0.0938558303076853	1.7229872	2.6444664	0.5498705558661771	0.814780466716338	magnitude_rank<=0.05
rGBM	LGALS1_ITGB1_axis	LGALS1	ITGB1	LGALS1→ITGB1	Endothelial	Endothelial	Endothelial → Endothelial	microenvironment_to_microenvironment	endothelial_to_endothelial	0.0065612337439256	0.0065612337439256	0.0944880135105314	1.672921	2.639676	0.8064797176081965	0.6807955976772402	magnitude_rank<=0.05
rGBM	LGALS1_ITGB1_axis	LGALS1	ITGB1	LGALS1→ITGB1	Mural_Pericyte_Fibroblast	Oligodendrocyte_myelinating	Mural_Pericyte_Fibroblast → Oligodendrocyte_myelinating	microenvironment_to_microenvironment	mural_pericyte_fibroblast_to_oligodendrocyte_reference	0.0066872847209623	0.0066872847209623	0.1349674314311972	1.6699549	2.4013255	0.4666224386104052	0.6990297551423194	magnitude_rank<=0.05
rGBM	LGALS1_ITGB1_axis	LGALS1	ITGB1	LGALS1→ITGB1	Malignant_AC_like_reactive_malignant	Mural_Pericyte_Fibroblast	Malignant_AC_like_reactive_malignant → Mural_Pericyte_Fibroblast	malignant_or_cycling_to_microenvironment	malignant_AC_reactive_to_mural_pericyte_fibroblast	0.0071704464758766	0.0071704464758766	0.1181749492617017	1.6561146	2.4901803	0.4889262570432977	0.5000092655960325	magnitude_rank<=0.05
rGBM	LGALS1_ITGB1_axis	LGALS1	ITGB1	LGALS1→ITGB1	Oligodendrocyte_myelinating	Endothelial	Oligodendrocyte_myelinating → Endothelial	microenvironment_to_microenvironment	oligodendrocyte_reference_to_endothelial	0.0084860256011063	0.0084860256011063	0.1306722195803465	1.6208192	2.4238029	0.7589964004545822	0.6440079112989054	magnitude_rank<=0.05
rGBM	LGALS1_ITGB1_axis	LGALS1	ITGB1	LGALS1→ITGB1	Malignant_AC_like_reactive_malignant	Oligodendrocyte_myelinating	Malignant_AC_like_reactive_malignant → Oligodendrocyte_myelinating	malignant_or_cycling_to_microenvironment	malignant_AC_reactive_to_oligodendrocyte_reference	0.0090278984655722	0.0090278984655722	0.1665143315923091	1.6030824	2.261225	0.4056781397875258	0.3842585540220139	magnitude_rank<=0.05
rGBM	LGALS1_ITGB1_axis	LGALS1	ITGB1	LGALS1→ITGB1	Malignant_hypoxia_stress_malignant	Mural_Pericyte_Fibroblast	Malignant_hypoxia_stress_malignant → Mural_Pericyte_Fibroblast	malignant_or_cycling_to_microenvironment	malignant_hypoxia_stress_to_mural_pericyte_fibroblast	0.009567279269176	0.009567279269176	0.1480013870902013	1.5902429	2.338203	0.4288941550573793	0.5010674936327665	magnitude_rank<=0.05
rGBM	LGALS1_ITGB1_axis	LGALS1	ITGB1	LGALS1→ITGB1	Malignant_cycling_candidate	Mural_Pericyte_Fibroblast	Malignant_cycling_candidate → Mural_Pericyte_Fibroblast	malignant_or_cycling_to_microenvironment	malignant_cycling_to_mural_pericyte_fibroblast	0.0105528878200896	0.0105528878200896	0.1627658366719876	1.5635784	2.2766833	0.4045926838678332	0.5028441880019302	magnitude_rank<=0.05
rGBM	LGALS1_ITGB1_axis	LGALS1	ITGB1	LGALS1→ITGB1	Malignant_hypoxia_stress_malignant	Oligodendrocyte_myelinating	Malignant_hypoxia_stress_malignant → Oligodendrocyte_myelinating	malignant_or_cycling_to_microenvironment	malignant_hypoxia_stress_to_oligodendrocyte_reference	0.0116893436243298	0.0116893436243298	0.207376408561461	1.5372107	2.123221	0.3456460378016074	0.3853167820587478	magnitude_rank<=0.05
rGBM	LGALS1_ITGB1_axis	LGALS1	ITGB1	LGALS1→ITGB1	Mural_Pericyte_Fibroblast	Malignant_AC_like_reactive_malignant	Mural_Pericyte_Fibroblast → Malignant_AC_like_reactive_malignant	microenvironment_to_malignant_or_cycling	mural_pericyte_fibroblast_to_malignant_AC_reactive	0.0121937183290484	0.0121937183290484	0.3888846945787715	1.5264084	1.7431972	0.2412901005323399	0.4183397099490281	magnitude_rank<=0.05
rGBM	LGALS1_ITGB1_axis	LGALS1	ITGB1	LGALS1→ITGB1	Malignant_NPC_neuronal_like_malignant	Endothelial	Malignant_NPC_neuronal_like_malignant → Endothelial	malignant_or_cycling_to_microenvironment	malignant_NPC_neuronal_to_endothelial	0.0125142159201513	0.0125142159201513	0.2575453863389553	1.5170814	1.993985	0.664457019910951	0.4439429174424423	magnitude_rank<=0.05
rGBM	LGALS1_ITGB1_axis	LGALS1	ITGB1	LGALS1→ITGB1	Malignant_cycling_candidate	Oligodendrocyte_myelinating	Malignant_cycling_candidate → Oligodendrocyte_myelinating	malignant_or_cycling_to_microenvironment	malignant_cycling_to_oligodendrocyte_reference	0.0128823394287618	0.0128823394287618	0.2260309073880804	1.5105462	2.0673575	0.3213445666120613	0.3870934764279116	magnitude_rank<=0.05
rGBM	LGALS1_ITGB1_axis	LGALS1	ITGB1	LGALS1→ITGB1	Malignant_OPC_NPC_like_malignant	Mural_Pericyte_Fibroblast	Malignant_OPC_NPC_like_malignant → Mural_Pericyte_Fibroblast	malignant_or_cycling_to_microenvironment	malignant_OPC_NPC_to_mural_pericyte_fibroblast	0.0137014764753537	0.0137014764753537	0.2114052524864645	1.4913595	2.110062	0.3387785914499154	0.3559119000128991	magnitude_rank<=0.05
rGBM	LGALS1_ITGB1_axis	LGALS1	ITGB1	LGALS1→ITGB1	Mural_Pericyte_Fibroblast	Malignant_hypoxia_stress_malignant	Mural_Pericyte_Fibroblast → Malignant_hypoxia_stress_malignant	microenvironment_to_malignant_or_cycling	mural_pericyte_fibroblast_to_malignant_hypoxia_stress	0.0148473609044097	0.0148473609044097	0.5868956131754319	1.4735477	1.5008421	0.1583105308202642	0.3811961994777857	magnitude_rank<=0.05
rGBM	LGALS1_ITGB1_axis	LGALS1	ITGB1	LGALS1→ITGB1	Malignant_AC_like_reactive_malignant	Malignant_AC_like_reactive_malignant	Malignant_AC_like_reactive_malignant → Malignant_AC_like_reactive_malignant	malignant_or_cycling_to_malignant_or_cycling	malignant_AC_reactive_to_malignant_AC_reactive	0.0157000326188715	0.0157000326188715	0.4624516183168327	1.4595361	1.6414938	0.1803458017094605	0.1035685088287227	magnitude_rank<=0.05
rGBM	LGALS1_ITGB1_axis	LGALS1	ITGB1	LGALS1→ITGB1	Mural_Pericyte_Fibroblast	Malignant_OPC_NPC_like_malignant	Mural_Pericyte_Fibroblast → Malignant_OPC_NPC_like_malignant	microenvironment_to_malignant_or_cycling	mural_pericyte_fibroblast_to_malignant_OPC_NPC	0.0157961968701915	0.0157961968701915	0.658532620200229	1.4583738	1.4312736	0.1344924229307418	0.2623591767964296	magnitude_rank<=0.05
rGBM	LGALS1_ITGB1_axis	LGALS1	ITGB1	LGALS1→ITGB1	Mural_Pericyte_Fibroblast	Malignant_NPC_neuronal_like_malignant	Mural_Pericyte_Fibroblast → Malignant_NPC_neuronal_like_malignant	microenvironment_to_malignant_or_cycling	mural_pericyte_fibroblast_to_malignant_NPC_neuronal	0.0159409811488851	0.0159409811488851	0.6652183501445758	1.4571403	1.4256182	0.1325550437273452	0.3416233781741401	magnitude_rank<=0.05
rGBM	LGALS1_ITGB1_axis	LGALS1	ITGB1	LGALS1→ITGB1	Mural_Pericyte_Fibroblast	Malignant_cycling_candidate	Mural_Pericyte_Fibroblast → Malignant_cycling_candidate	microenvironment_to_malignant_or_cycling	mural_pericyte_fibroblast_to_malignant_cycling	0.0160864057668897	0.0160864057668897	0.6776307355823573	1.4548451	1.415095	0.1289522215675727	0.2487451879304076	magnitude_rank<=0.05
rGBM	LGALS1_ITGB1_axis	LGALS1	ITGB1	LGALS1→ITGB1	Malignant_OPC_NPC_like_malignant	Oligodendrocyte_myelinating	Malignant_OPC_NPC_like_malignant → Oligodendrocyte_myelinating	malignant_or_cycling_to_microenvironment	malignant_OPC_NPC_to_oligodendrocyte_reference	0.0175757983596373	0.0175757983596373	0.2926155236379309	1.4383273	1.9160559	0.2555304741941435	0.2401611884388804	magnitude_rank<=0.05
rGBM	LGALS1_ITGB1_axis	LGALS1	ITGB1	LGALS1→ITGB1	Malignant_AC_like_reactive_malignant	Malignant_hypoxia_stress_malignant	Malignant_AC_like_reactive_malignant → Malignant_hypoxia_stress_malignant	malignant_or_cycling_to_malignant_or_cycling	malignant_AC_reactive_to_malignant_hypoxia_stress	0.020118325649485	0.020118325649485	0.6795770502343667	1.4066752	1.4132785	0.0973662319973848	0.0664249983574802	magnitude_rank<=0.05
rGBM	LGALS1_ITGB1_axis	LGALS1	ITGB1	LGALS1→ITGB1	Malignant_hypoxia_stress_malignant	Malignant_AC_like_reactive_malignant	Malignant_hypoxia_stress_malignant → Malignant_AC_like_reactive_malignant	malignant_or_cycling_to_malignant_or_cycling	malignant_hypoxia_stress_to_malignant_AC_reactive	0.0213262386838702	0.0213262386838702	0.5468205799365455	1.3936644	1.5413123	0.1203136997235421	0.1046267368654566	magnitude_rank<=0.05
rGBM	LGALS1_ITGB1_axis	LGALS1	ITGB1	LGALS1→ITGB1	Malignant_AC_like_reactive_malignant	Malignant_OPC_NPC_like_malignant	Malignant_AC_like_reactive_malignant → Malignant_OPC_NPC_like_malignant	malignant_or_cycling_to_malignant_or_cycling	malignant_AC_reactive_to_malignant_OPC_NPC	0.0215774941592097	0.0215774941592097	0.761232695497108	1.3915014	1.3477687	0.0735481241078623	-0.0524120243238758	magnitude_rank<=0.05
rGBM	LGALS1_ITGB1_axis	LGALS1	ITGB1	LGALS1→ITGB1	Malignant_AC_like_reactive_malignant	Malignant_NPC_neuronal_like_malignant	Malignant_AC_like_reactive_malignant → Malignant_NPC_neuronal_like_malignant	malignant_or_cycling_to_malignant_or_cycling	malignant_AC_reactive_to_malignant_NPC_neuronal	0.0217738953843369	0.0217738953843369	0.7692958459299607	1.3902678	1.3424432	0.0716107449044658	0.0268521770538346	magnitude_rank<=0.05
rGBM	LGALS1_ITGB1_axis	LGALS1	ITGB1	LGALS1→ITGB1	Malignant_AC_like_reactive_malignant	Malignant_cycling_candidate	Malignant_AC_like_reactive_malignant → Malignant_cycling_candidate	malignant_or_cycling_to_malignant_or_cycling	malignant_AC_reactive_to_malignant_cycling	0.0222828648799855	0.0222828648799855	0.7842186316050694	1.3879726	1.3325341	0.0680079227446933	-0.0660260131898977	magnitude_rank<=0.05
rGBM	LGALS1_ITGB1_axis	LGALS1	ITGB1	LGALS1→ITGB1	Malignant_cycling_candidate	Malignant_AC_like_reactive_malignant	Malignant_cycling_candidate → Malignant_AC_like_reactive_malignant	malignant_or_cycling_to_malignant_or_cycling	malignant_cycling_to_malignant_AC_reactive	0.0244644394370215	0.0244644394370215	0.5872697398260519	1.3669999	1.5007595	0.0960122285339959	0.1064034312346203	magnitude_rank<=0.05
rGBM	LGALS1_ITGB1_axis	LGALS1	ITGB1	LGALS1→ITGB1	Malignant_hypoxia_stress_malignant	Malignant_hypoxia_stress_malignant	Malignant_hypoxia_stress_malignant → Malignant_hypoxia_stress_malignant	malignant_or_cycling_to_malignant_or_cycling	malignant_hypoxia_stress_to_malignant_hypoxia_stress	0.0276512470309763	0.0276512470309763	0.7926196490038827	1.3408035	1.327025	0.0373341300114665	0.0674832263942142	magnitude_rank<=0.05
rGBM	LGALS1_ITGB1_axis	LGALS1	ITGB1	LGALS1→ITGB1	Malignant_hypoxia_stress_malignant	Malignant_OPC_NPC_like_malignant	Malignant_hypoxia_stress_malignant → Malignant_OPC_NPC_like_malignant	malignant_or_cycling_to_malignant_or_cycling	malignant_hypoxia_stress_to_malignant_OPC_NPC	0.0298358963845994	0.0298358963845994	0.8781968639482709	1.3256297	1.2655134	0.013516022121944	-0.0513537962871418	magnitude_rank<=0.05
rGBM	LGALS1_ITGB1_axis	LGALS1	ITGB1	LGALS1→ITGB1	Malignant_hypoxia_stress_malignant	Malignant_NPC_neuronal_like_malignant	Malignant_hypoxia_stress_malignant → Malignant_NPC_neuronal_like_malignant	malignant_or_cycling_to_malignant_or_cycling	malignant_hypoxia_stress_to_malignant_NPC_neuronal	0.030098137329227	0.030098137329227	0.8863216013625986	1.3243961	1.2605131	0.0115786429185475	0.0279104050905686	magnitude_rank<=0.05
rGBM	LGALS1_ITGB1_axis	LGALS1	ITGB1	LGALS1→ITGB1	Malignant_hypoxia_stress_malignant	Malignant_cycling_candidate	Malignant_hypoxia_stress_malignant → Malignant_cycling_candidate	malignant_or_cycling_to_malignant_or_cycling	malignant_hypoxia_stress_to_malignant_cycling	0.0305266241170764	0.0305266241170764	0.8993009012049111	1.3221009	1.2512087	0.007975820758775	-0.0649677851531638	magnitude_rank<=0.05
rGBM	LGALS1_ITGB1_axis	LGALS1	ITGB1	LGALS1→ITGB1	Malignant_cycling_candidate	Malignant_hypoxia_stress_malignant	Malignant_cycling_candidate → Malignant_hypoxia_stress_malignant	malignant_or_cycling_to_malignant_or_cycling	malignant_cycling_to_malignant_hypoxia_stress	0.0319645400326447	0.0319645400326447	0.8369425474808352	1.314139	1.2921103	0.0130326588219203	0.0692599207633779	magnitude_rank<=0.05
rGBM	LGALS1_ITGB1_axis	LGALS1	ITGB1	LGALS1→ITGB1	Malignant_cycling_candidate	Malignant_OPC_NPC_like_malignant	Malignant_cycling_candidate → Malignant_OPC_NPC_like_malignant	malignant_or_cycling_to_malignant_or_cycling	malignant_cycling_to_malignant_OPC_NPC	0.0346533867705291	0.0346533867705291	0.928321598403724	1.2989652	1.2322171	-0.0107854490676021	-0.0495771019179781	magnitude_rank<=0.05
rGBM	LGALS1_ITGB1_axis	LGALS1	ITGB1	LGALS1→ITGB1	Malignant_cycling_candidate	Malignant_NPC_neuronal_like_malignant	Malignant_cycling_candidate → Malignant_NPC_neuronal_like_malignant	malignant_or_cycling_to_malignant_or_cycling	malignant_cycling_to_malignant_NPC_neuronal	0.0347588698611314	0.0347588698611314	0.9357294384146831	1.2977316	1.2273482	-0.0127228282709986	0.0296870994597323	magnitude_rank<=0.05
rGBM	LGALS1_ITGB1_axis	LGALS1	ITGB1	LGALS1→ITGB1	Malignant_cycling_candidate	Malignant_cycling_candidate	Malignant_cycling_candidate → Malignant_cycling_candidate	malignant_or_cycling_to_malignant_or_cycling	malignant_cycling_to_malignant_cycling	0.0349350198704632	0.0349350198704632	0.9515734433227035	1.2954364	1.2182885	-0.0163256504307711	-0.063191090784	magnitude_rank<=0.05
rGBM	LGALS1_ITGB1_axis	LGALS1	ITGB1	LGALS1→ITGB1	Malignant_OPC_NPC_like_malignant	Malignant_AC_like_reactive_malignant	Malignant_OPC_NPC_like_malignant → Malignant_AC_like_reactive_malignant	malignant_or_cycling_to_malignant_or_cycling	malignant_OPC_NPC_to_malignant_AC_reactive	0.035253149374092	0.035253149374092	0.7616741190007967	1.294781	1.3909249	0.0301981361160782	-0.0405288567544107	magnitude_rank<=0.05
rGBM	LGALS1_ITGB1_axis	LGALS1	ITGB1	LGALS1→ITGB1	Malignant_OPC_NPC_like_malignant	Malignant_hypoxia_stress_malignant	Malignant_OPC_NPC_like_malignant → Malignant_hypoxia_stress_malignant	malignant_or_cycling_to_malignant_or_cycling	malignant_OPC_NPC_to_malignant_hypoxia_stress	0.0450330091813347	0.0450330091813347	1.0	1.2419201	1.1975459	-0.0527814335959973	-0.0776723672256531	magnitude_rank<=0.05
rGBM	LGALS1_ITGB1_axis	LGALS1	ITGB1	LGALS1→ITGB1	Malignant_OPC_NPC_like_malignant	Malignant_OPC_NPC_like_malignant	Malignant_OPC_NPC_like_malignant → Malignant_OPC_NPC_like_malignant	malignant_or_cycling_to_malignant_or_cycling	malignant_OPC_NPC_to_malignant_OPC_NPC	0.0482282652926735	0.0482282652926735	1.0	1.2267463	1.142036	-0.0765995414855198	-0.1965093899070092	magnitude_rank<=0.05
rGBM	LGALS1_ITGB1_axis	LGALS1	ITGB1	LGALS1→ITGB1	Malignant_OPC_NPC_like_malignant	Malignant_NPC_neuronal_like_malignant	Malignant_OPC_NPC_like_malignant → Malignant_NPC_neuronal_like_malignant	malignant_or_cycling_to_malignant_or_cycling	malignant_OPC_NPC_to_malignant_NPC_neuronal	0.048392800160688	0.048392800160688	1.0	1.2255127	1.1375234	-0.0785369206889164	-0.1172451885292987	magnitude_rank<=0.05
rGBM	LGALS1_ITGB1_axis	LGALS1	ITGB1	LGALS1→ITGB1	Malignant_OPC_NPC_like_malignant	Malignant_cycling_candidate	Malignant_OPC_NPC_like_malignant → Malignant_cycling_candidate	malignant_or_cycling_to_malignant_or_cycling	malignant_OPC_NPC_to_malignant_cycling	0.0488052889712381	0.0488052889712381	1.0	1.2232175	1.1291269	-0.0821397428486889	-0.2101233787730312	magnitude_rank<=0.05
GBM	MDK_PTPRZ1_NCL_axis	MDK	PTPRZ1	MDK→PTPRZ1	Malignant_cycling_candidate	Malignant_OPC_NPC_like_malignant	Malignant_cycling_candidate → Malignant_OPC_NPC_like_malignant	malignant_or_cycling_to_malignant_or_cycling	malignant_cycling_to_malignant_OPC_NPC	0.0036197333942896	0.0036197333942896	0.0512793211199019	1.8235382	2.9893234	0.3986357070169652	0.7401180272555601	magnitude_rank<=0.05
GBM	MDK_PTPRZ1_NCL_axis	MDK	PTPRZ1	MDK→PTPRZ1	Malignant_OPC_NPC_like_malignant	Malignant_OPC_NPC_like_malignant	Malignant_OPC_NPC_like_malignant → Malignant_OPC_NPC_like_malignant	malignant_or_cycling_to_malignant_or_cycling	malignant_OPC_NPC_to_malignant_OPC_NPC	0.0036842112955281	0.0036842112955281	0.0512793211199019	1.8213899	2.9789982	0.3966703192869615	0.8125082524123546	magnitude_rank<=0.05
GBM	MDK_PTPRZ1_NCL_axis	MDK	PTPRZ1	MDK→PTPRZ1	Malignant_hypoxia_stress_malignant	Malignant_OPC_NPC_like_malignant	Malignant_hypoxia_stress_malignant → Malignant_OPC_NPC_like_malignant	malignant_or_cycling_to_malignant_or_cycling	malignant_hypoxia_stress_to_malignant_OPC_NPC	0.0051675490521667	0.0051675490521667	0.0512793211199019	1.7707286	2.735503	0.3503656292769287	0.6704131383903844	magnitude_rank<=0.05
GBM	MDK_PTPRZ1_NCL_axis	MDK	PTPRZ1	MDK→PTPRZ1	Malignant_NPC_neuronal_like_malignant	Malignant_OPC_NPC_like_malignant	Malignant_NPC_neuronal_like_malignant → Malignant_OPC_NPC_like_malignant	malignant_or_cycling_to_malignant_or_cycling	malignant_NPC_neuronal_to_malignant_OPC_NPC	0.0066777812391843	0.0066777812391843	0.0512793211199019	1.7290874	2.5353613	0.3123042461510522	0.6296805063041948	magnitude_rank<=0.05
GBM	MDK_PTPRZ1_NCL_axis	MDK	PTPRZ1	MDK→PTPRZ1	Malignant_cycling_candidate	Malignant_cycling_candidate	Malignant_cycling_candidate → Malignant_cycling_candidate	malignant_or_cycling_to_malignant_or_cycling	malignant_cycling_to_malignant_cycling	0.0110828745146798	0.0110828745146798	0.0638284728142761	1.6425709	2.539109	0.2594790876274733	0.2957037467479775	magnitude_rank<=0.05
GBM	MDK_PTPRZ1_NCL_axis	MDK	PTPRZ1	MDK→PTPRZ1	Malignant_OPC_NPC_like_malignant	Malignant_cycling_candidate	Malignant_OPC_NPC_like_malignant → Malignant_cycling_candidate	malignant_or_cycling_to_malignant_or_cycling	malignant_OPC_NPC_to_malignant_cycling	0.0111942986090585	0.0111942986090585	0.0512793211199019	1.6404226	2.530339	0.2575136998974695	0.368093971904772	magnitude_rank<=0.05
GBM	MDK_PTPRZ1_NCL_axis	MDK	PTPRZ1	MDK→PTPRZ1	Mural_Pericyte_Fibroblast	Malignant_OPC_NPC_like_malignant	Mural_Pericyte_Fibroblast → Malignant_OPC_NPC_like_malignant	microenvironment_to_malignant_or_cycling	mural_pericyte_fibroblast_to_malignant_OPC_NPC	0.0131714467219652	0.0131714467219652	0.0714659432987955	1.592987	1.8812176	0.1879070716930507	0.5113851850439346	magnitude_rank<=0.05
GBM	MDK_PTPRZ1_NCL_axis	MDK	PTPRZ1	MDK→PTPRZ1	Malignant_hypoxia_stress_malignant	Malignant_cycling_candidate	Malignant_hypoxia_stress_malignant → Malignant_cycling_candidate	malignant_or_cycling_to_malignant_or_cycling	malignant_hypoxia_stress_to_malignant_cycling	0.0132319630808615	0.0132319630808615	0.1053291947053719	1.5897613	2.323516	0.2112090098874367	0.2259988578828018	magnitude_rank<=0.05
GBM	MDK_PTPRZ1_NCL_axis	MDK	PTPRZ1	MDK→PTPRZ1	Malignant_AC_like_reactive_malignant	Malignant_OPC_NPC_like_malignant	Malignant_AC_like_reactive_malignant → Malignant_OPC_NPC_like_malignant	malignant_or_cycling_to_malignant_or_cycling	malignant_AC_reactive_to_malignant_OPC_NPC	0.0133534029317061	0.0133534029317061	0.0790825505577694	1.5833402	1.834852	0.1790892469985933	0.3566257526461637	magnitude_rank<=0.05
GBM	MDK_PTPRZ1_NCL_axis	MDK	PTPRZ1	MDK→PTPRZ1	Malignant_NPC_neuronal_like_malignant	Malignant_cycling_candidate	Malignant_NPC_neuronal_like_malignant → Malignant_cycling_candidate	malignant_or_cycling_to_malignant_or_cycling	malignant_NPC_neuronal_to_malignant_cycling	0.015762990989291	0.015762990989291	0.1397088902275973	1.54812	2.153517	0.1731476267615602	0.1852662257966122	magnitude_rank<=0.05
GBM	MDK_PTPRZ1_NCL_axis	MDK	PTPRZ1	MDK→PTPRZ1	Malignant_cycling_candidate	Malignant_AC_like_reactive_malignant	Malignant_cycling_candidate → Malignant_AC_like_reactive_malignant	malignant_or_cycling_to_malignant_or_cycling	malignant_cycling_to_malignant_AC_reactive	0.0210844877651182	0.0210844877651182	0.2390087897563891	1.4666353	2.101413	0.1241999858259924	0.1118157449854417	magnitude_rank<=0.05
GBM	MDK_PTPRZ1_NCL_axis	MDK	PTPRZ1	MDK→PTPRZ1	Malignant_OPC_NPC_like_malignant	Malignant_AC_like_reactive_malignant	Malignant_OPC_NPC_like_malignant → Malignant_AC_like_reactive_malignant	malignant_or_cycling_to_malignant_or_cycling	malignant_OPC_NPC_to_malignant_AC_reactive	0.0213892299529938	0.0213892299529938	0.1523512967855283	1.4644871	2.0941546	0.1222345980959887	0.1842059701422362	magnitude_rank<=0.05
GBM	MDK_PTPRZ1_NCL_axis	MDK	PTPRZ1	MDK→PTPRZ1	Malignant_hypoxia_stress_malignant	Malignant_AC_like_reactive_malignant	Malignant_hypoxia_stress_malignant → Malignant_AC_like_reactive_malignant	malignant_or_cycling_to_malignant_or_cycling	malignant_hypoxia_stress_to_malignant_AC_reactive	0.0273194009564758	0.0273194009564758	0.3929646300233823	1.4138258	1.922984	0.0759299080859559	0.0421108561202661	magnitude_rank<=0.05
GBM	MDK_PTPRZ1_NCL_axis	MDK	PTPRZ1	MDK→PTPRZ1	Mural_Pericyte_Fibroblast	Malignant_cycling_candidate	Mural_Pericyte_Fibroblast → Malignant_cycling_candidate	microenvironment_to_malignant_or_cycling	mural_pericyte_fibroblast_to_malignant_cycling	0.0274054614352651	0.0274054614352651	0.3634642857035701	1.4120196	1.5978922	0.0487504523035587	0.066970904536352	magnitude_rank<=0.05
GBM	MDK_PTPRZ1_NCL_axis	MDK	PTPRZ1	MDK→PTPRZ1	Malignant_AC_like_reactive_malignant	Malignant_cycling_candidate	Malignant_AC_like_reactive_malignant → Malignant_cycling_candidate	malignant_or_cycling_to_malignant_or_cycling	malignant_AC_reactive_to_malignant_cycling	0.0292427098116831	0.0292427098116831	0.8671432806286988	1.4023728	1.5585096	0.0399326276091013	-0.0877885278614188	magnitude_rank<=0.05
GBM	MDK_PTPRZ1_NCL_axis	MDK	PTPRZ1	MDK→PTPRZ1	Malignant_NPC_neuronal_like_malignant	Malignant_AC_like_reactive_malignant	Malignant_NPC_neuronal_like_malignant → Malignant_AC_like_reactive_malignant	malignant_or_cycling_to_malignant_or_cycling	malignant_NPC_neuronal_to_malignant_AC_reactive	0.0349018320562882	0.0349018320562882	0.5071533550839937	1.3721845	1.78229	0.0378685249600794	0.0013782240340765	magnitude_rank<=0.05
LGG	MDK_PTPRZ1_NCL_axis	MDK	PTPRZ1	MDK→PTPRZ1	Endothelial	Malignant_OPC_NPC_like_malignant	Endothelial → Malignant_OPC_NPC_like_malignant	microenvironment_to_malignant_or_cycling	endothelial_to_malignant_OPC_NPC	0.0074479158730763	0.0074479158730763	0.0129069426979586	1.9791852	1.7523279	0.5549468341754631	1.2153872034675277	magnitude_rank<=0.05
LGG	MDK_PTPRZ1_NCL_axis	MDK	PTPRZ1	MDK→PTPRZ1	Malignant_cycling_candidate	Malignant_OPC_NPC_like_malignant	Malignant_cycling_candidate → Malignant_OPC_NPC_like_malignant	malignant_or_cycling_to_malignant_or_cycling	malignant_cycling_to_malignant_OPC_NPC	0.0098654510072523	0.0098654510072523	0.0138611139937631	1.9576429	1.6036627	0.5057542160154778	1.1303989536867098	magnitude_rank<=0.05
LGG	MDK_PTPRZ1_NCL_axis	MDK	PTPRZ1	MDK→PTPRZ1	Endothelial	Malignant_cycling_candidate	Endothelial → Malignant_cycling_candidate	microenvironment_to_malignant_or_cycling	endothelial_to_malignant_cycling	0.0109472837131474	0.0109472837131474	0.0380972850525999	1.7668028	1.5366138	0.3981726247544877	0.206146329706375	magnitude_rank<=0.05
LGG	MDK_PTPRZ1_NCL_axis	MDK	PTPRZ1	MDK→PTPRZ1	Malignant_cycling_candidate	Malignant_cycling_candidate	Malignant_cycling_candidate → Malignant_cycling_candidate	malignant_or_cycling_to_malignant_or_cycling	malignant_cycling_to_malignant_cycling	0.0142042672171845	0.0142042672171845	0.0937026387926237	1.7452605	1.4062495	0.3489800065945024	0.1211580799255574	magnitude_rank<=0.05
LGG	MDK_PTPRZ1_NCL_axis	MDK	PTPRZ1	MDK→PTPRZ1	Endothelial	Malignant_NPC_neuronal_like_malignant	Endothelial → Malignant_NPC_neuronal_like_malignant	microenvironment_to_malignant_or_cycling	endothelial_to_malignant_NPC_neuronal	0.0173819423236696	0.0173819423236696	0.4630559519176304	1.5388997	1.3051355	0.229941777000605	-0.0323090915231931	magnitude_rank<=0.05
LGG	MDK_PTPRZ1_NCL_axis	MDK	PTPRZ1	MDK→PTPRZ1	Malignant_cycling_candidate	Malignant_NPC_neuronal_like_malignant	Malignant_cycling_candidate → Malignant_NPC_neuronal_like_malignant	malignant_or_cycling_to_malignant_or_cycling	malignant_cycling_to_malignant_NPC_neuronal	0.0207931800620091	0.0207931800620091	0.7686093556334658	1.5173573	1.1944095	0.1807491588406198	-0.1172973413040107	magnitude_rank<=0.05
LGG	MDK_PTPRZ1_NCL_axis	MDK	PTPRZ1	MDK→PTPRZ1	Endothelial	Malignant_AC_like_reactive_malignant	Endothelial → Malignant_AC_like_reactive_malignant	microenvironment_to_malignant_or_cycling	endothelial_to_malignant_AC_reactive	0.0214799983639947	0.0214799983639947	1.0	1.4179407	1.1822791	0.1406538240842104	-0.2806354510239777	magnitude_rank<=0.05
LGG	MDK_PTPRZ1_NCL_axis	MDK	PTPRZ1	MDK→PTPRZ1	Malignant_cycling_candidate	Malignant_AC_like_reactive_malignant	Malignant_cycling_candidate → Malignant_AC_like_reactive_malignant	malignant_or_cycling_to_malignant_or_cycling	malignant_cycling_to_malignant_AC_reactive	0.0282306213124963	0.0282306213124963	1.0	1.3963984	1.081976	0.0914612059242251	-0.3656237008047953	magnitude_rank<=0.05
LGG	MDK_PTPRZ1_NCL_axis	MDK	PTPRZ1	MDK→PTPRZ1	Malignant_OPC_NPC_like_malignant	Malignant_OPC_NPC_like_malignant	Malignant_OPC_NPC_like_malignant → Malignant_OPC_NPC_like_malignant	malignant_or_cycling_to_malignant_or_cycling	malignant_OPC_NPC_to_malignant_OPC_NPC	0.037851439477484	0.037851439477484	0.1276081467620524	1.8656539	0.9688415	0.2956957654841007	0.9858479933123896	magnitude_rank<=0.05
LGG	MDK_PTPRZ1_NCL_axis	MDK	PTPRZ1	MDK→PTPRZ1	Malignant_AC_like_reactive_malignant	Malignant_OPC_NPC_like_malignant	Malignant_AC_like_reactive_malignant → Malignant_OPC_NPC_like_malignant	malignant_or_cycling_to_malignant_or_cycling	malignant_AC_reactive_to_malignant_OPC_NPC	0.040830866616824	0.040830866616824	0.1431350338715672	1.8611469	0.93773913	0.2854040505290267	0.9734720091992854	magnitude_rank<=0.05
ndGBM	MDK_PTPRZ1_NCL_axis	MDK	PTPRZ1	MDK→PTPRZ1	Malignant_cycling_candidate	Malignant_OPC_NPC_like_malignant	Malignant_cycling_candidate → Malignant_OPC_NPC_like_malignant	malignant_or_cycling_to_malignant_or_cycling	malignant_cycling_to_malignant_OPC_NPC	7.455744533801505e-05	7.455744533801505e-05	0.0476302925017105	2.3832746	4.747995	0.4149425712446815	0.601170471975329	magnitude_rank<=0.05
ndGBM	MDK_PTPRZ1_NCL_axis	MDK	PTPRZ1	MDK→PTPRZ1	Malignant_cycling_candidate	Malignant_AC_like_reactive_malignant	Malignant_cycling_candidate → Malignant_AC_like_reactive_malignant	malignant_or_cycling_to_malignant_or_cycling	malignant_cycling_to_malignant_AC_reactive	8.127425842419938e-05	8.127425842419938e-05	0.0476302925017105	2.363193	4.6910486	0.3997704638951059	0.4353160127819568	magnitude_rank<=0.05
ndGBM	MDK_PTPRZ1_NCL_axis	MDK	PTPRZ1	MDK→PTPRZ1	Malignant_OPC_NPC_like_malignant	Malignant_OPC_NPC_like_malignant	Malignant_OPC_NPC_like_malignant → Malignant_OPC_NPC_like_malignant	malignant_or_cycling_to_malignant_or_cycling	malignant_OPC_NPC_to_malignant_OPC_NPC	0.0001305232037992	0.0001305232037992	0.0476302925017105	2.3262975	4.3664	0.351950860497549	0.6035089652209769	magnitude_rank<=0.05
ndGBM	MDK_PTPRZ1_NCL_axis	MDK	PTPRZ1	MDK→PTPRZ1	Malignant_OPC_NPC_like_malignant	Malignant_AC_like_reactive_malignant	Malignant_OPC_NPC_like_malignant → Malignant_AC_like_reactive_malignant	malignant_or_cycling_to_malignant_or_cycling	malignant_OPC_NPC_to_malignant_AC_reactive	0.0001423669451717	0.0001423669451717	0.0476302925017105	2.3062158	4.31403	0.3367787531479734	0.4376545060276047	magnitude_rank<=0.05
ndGBM	MDK_PTPRZ1_NCL_axis	MDK	PTPRZ1	MDK→PTPRZ1	Malignant_cycling_candidate	Malignant_cycling_candidate	Malignant_cycling_candidate → Malignant_cycling_candidate	malignant_or_cycling_to_malignant_or_cycling	malignant_cycling_to_malignant_cycling	0.0001675928155185	0.0001675928155185	0.0629228618172519	2.2132564	4.2658668	0.286443445623468	0.1888415786150179	magnitude_rank<=0.05
ndGBM	MDK_PTPRZ1_NCL_axis	MDK	PTPRZ1	MDK→PTPRZ1	Malignant_OPC_NPC_like_malignant	Malignant_cycling_candidate	Malignant_OPC_NPC_like_malignant → Malignant_cycling_candidate	malignant_or_cycling_to_malignant_or_cycling	malignant_OPC_NPC_to_malignant_cycling	0.0002435605210338	0.0002435605210338	0.070466542269297	2.156279	3.92302	0.2234517348763355	0.1911800718606657	magnitude_rank<=0.05
ndGBM	MDK_PTPRZ1_NCL_axis	MDK	PTPRZ1	MDK→PTPRZ1	Malignant_NPC_neuronal_like_malignant	Malignant_OPC_NPC_like_malignant	Malignant_NPC_neuronal_like_malignant → Malignant_OPC_NPC_like_malignant	malignant_or_cycling_to_malignant_or_cycling	malignant_NPC_neuronal_to_malignant_OPC_NPC	0.000247529959295	0.000247529959295	0.0476302925017105	2.2559924	3.8955417	0.2742260464554462	0.4624114479138039	magnitude_rank<=0.05
ndGBM	MDK_PTPRZ1_NCL_axis	MDK	PTPRZ1	MDK→PTPRZ1	Malignant_NPC_neuronal_like_malignant	Malignant_AC_like_reactive_malignant	Malignant_NPC_neuronal_like_malignant → Malignant_AC_like_reactive_malignant	malignant_or_cycling_to_malignant_or_cycling	malignant_NPC_neuronal_to_malignant_AC_reactive	0.0002555647014122	0.0002555647014122	0.0530278892322935	2.235911	3.8488195	0.2590539391058706	0.2965569887204318	magnitude_rank<=0.05
ndGBM	MDK_PTPRZ1_NCL_axis	MDK	PTPRZ1	MDK→PTPRZ1	Malignant_NPC_neuronal_like_malignant	Malignant_cycling_candidate	Malignant_NPC_neuronal_like_malignant → Malignant_cycling_candidate	malignant_or_cycling_to_malignant_or_cycling	malignant_NPC_neuronal_to_malignant_cycling	0.00034294083495	0.00034294083495	0.2485204327136793	2.0859742	3.4999745	0.1457269208342327	0.0500825545534928	magnitude_rank<=0.05
ndGBM	MDK_PTPRZ1_NCL_axis	MDK	PTPRZ1	MDK→PTPRZ1	Malignant_hypoxia_stress_malignant	Malignant_OPC_NPC_like_malignant	Malignant_hypoxia_stress_malignant → Malignant_OPC_NPC_like_malignant	malignant_or_cycling_to_malignant_or_cycling	malignant_hypoxia_stress_to_malignant_OPC_NPC	0.0003864256801657	0.0003864256801657	0.1018717363937613	2.1701493	3.3206196	0.1793230212898523	0.3879442207331149	magnitude_rank<=0.05
ndGBM	MDK_PTPRZ1_NCL_axis	MDK	PTPRZ1	MDK→PTPRZ1	Malignant_hypoxia_stress_malignant	Malignant_AC_like_reactive_malignant	Malignant_hypoxia_stress_malignant → Malignant_AC_like_reactive_malignant	malignant_or_cycling_to_malignant_or_cycling	malignant_hypoxia_stress_to_malignant_AC_reactive	0.0004168505749018	0.0004168505749018	0.117475477486919	2.1500676	3.2807927	0.1641509139402767	0.2220897615397428	magnitude_rank<=0.05
ndGBM	MDK_PTPRZ1_NCL_axis	MDK	PTPRZ1	MDK→PTPRZ1	Malignant_hypoxia_stress_malignant	Malignant_cycling_candidate	Malignant_hypoxia_stress_malignant → Malignant_cycling_candidate	malignant_or_cycling_to_malignant_or_cycling	malignant_hypoxia_stress_to_malignant_cycling	0.0006684343492319	0.0006684343492319	0.5030812828935122	2.000131	2.983432	0.0508238956686389	-0.0243846726271961	magnitude_rank<=0.05
ndGBM	MDK_PTPRZ1_NCL_axis	MDK	PTPRZ1	MDK→PTPRZ1	Malignant_AC_like_reactive_malignant	Malignant_OPC_NPC_like_malignant	Malignant_AC_like_reactive_malignant → Malignant_OPC_NPC_like_malignant	malignant_or_cycling_to_malignant_or_cycling	malignant_AC_reactive_to_malignant_OPC_NPC	0.0008126514449451	0.0008126514449451	0.2105848337717279	2.1025088	2.8676076	0.1045437272131179	0.2212259926042029	magnitude_rank<=0.05
ndGBM	MDK_PTPRZ1_NCL_axis	MDK	PTPRZ1	MDK→PTPRZ1	Malignant_AC_like_reactive_malignant	Malignant_AC_like_reactive_malignant	Malignant_AC_like_reactive_malignant → Malignant_AC_like_reactive_malignant	malignant_or_cycling_to_malignant_or_cycling	malignant_AC_reactive_to_malignant_AC_reactive	0.0008564247295062	0.0008564247295062	0.2469214916251798	2.0824273	2.833214	0.0893716198635423	0.0553715334108307	magnitude_rank<=0.05
ndGBM	MDK_PTPRZ1_NCL_axis	MDK	PTPRZ1	MDK→PTPRZ1	Malignant_AC_like_reactive_malignant	Malignant_cycling_candidate	Malignant_AC_like_reactive_malignant → Malignant_cycling_candidate	malignant_or_cycling_to_malignant_or_cycling	malignant_AC_reactive_to_malignant_cycling	0.0012034694862223	0.0012034694862223	1.0	1.9324906	2.5764205	-0.0239553984080955	-0.1911029007561081	magnitude_rank<=0.05
ndGBM	MDK_PTPRZ1_NCL_axis	MDK	PTPRZ1	MDK→PTPRZ1	Mural_Pericyte_Fibroblast	Malignant_OPC_NPC_like_malignant	Mural_Pericyte_Fibroblast → Malignant_OPC_NPC_like_malignant	microenvironment_to_malignant_or_cycling	mural_pericyte_fibroblast_to_malignant_OPC_NPC	0.0040611736773346	0.0040611736773346	1.0	1.9482019	1.8341585	-0.0660497120754891	0.0031770711270442	magnitude_rank<=0.05
ndGBM	MDK_PTPRZ1_NCL_axis	MDK	PTPRZ1	MDK→PTPRZ1	Mural_Pericyte_Fibroblast	Malignant_AC_like_reactive_malignant	Mural_Pericyte_Fibroblast → Malignant_AC_like_reactive_malignant	microenvironment_to_malignant_or_cycling	mural_pericyte_fibroblast_to_malignant_AC_reactive	0.0042550098872991	0.0042550098872991	1.0	1.9281201	1.8121601	-0.0812218194250647	-0.1626773880663279	magnitude_rank<=0.05
ndGBM	MDK_PTPRZ1_NCL_axis	MDK	PTPRZ1	MDK→PTPRZ1	Malignant_cycling_candidate	Malignant_hypoxia_stress_malignant	Malignant_cycling_candidate → Malignant_hypoxia_stress_malignant	malignant_or_cycling_to_malignant_or_cycling	malignant_cycling_to_malignant_hypoxia_stress	0.0058693819972702	0.0058693819972702	1.0	1.6475297	2.6616113	-0.1411486103376046	-0.4706935242717545	magnitude_rank<=0.05
ndGBM	MDK_PTPRZ1_NCL_axis	MDK	PTPRZ1	MDK→PTPRZ1	Mural_Pericyte_Fibroblast	Malignant_cycling_candidate	Mural_Pericyte_Fibroblast → Malignant_cycling_candidate	microenvironment_to_malignant_or_cycling	mural_pericyte_fibroblast_to_malignant_cycling	0.0058693819972702	0.0058693819972702	1.0	1.7781835	1.6479115	-0.1945488376967025	-0.4091518222332668	magnitude_rank<=0.05
ndGBM	MDK_PTPRZ1_NCL_axis	MDK	NCL	MDK→NCL	Malignant_cycling_candidate	Malignant_cycling_candidate	Malignant_cycling_candidate → Malignant_cycling_candidate	malignant_or_cycling_to_malignant_or_cycling	malignant_cycling_to_malignant_cycling	0.0078695718229061	0.0078695718229061	0.0476302925017105	1.5933852	2.5080717	0.3486121586511777	0.378382699298436	magnitude_rank<=0.05
ndGBM	MDK_PTPRZ1_NCL_axis	MDK	PTPRZ1	MDK→PTPRZ1	Malignant_OPC_NPC_like_malignant	Malignant_hypoxia_stress_malignant	Malignant_OPC_NPC_like_malignant → Malignant_hypoxia_stress_malignant	malignant_or_cycling_to_malignant_or_cycling	malignant_OPC_NPC_to_malignant_hypoxia_stress	0.0080027077151784	0.0080027077151784	1.0	1.5905527	2.447698	-0.2041403210847371	-0.4683550310261066	magnitude_rank<=0.05
ndGBM	MDK_PTPRZ1_NCL_axis	MDK	NCL	MDK→NCL	Malignant_OPC_NPC_like_malignant	Malignant_cycling_candidate	Malignant_OPC_NPC_like_malignant → Malignant_cycling_candidate	malignant_or_cycling_to_malignant_or_cycling	malignant_OPC_NPC_to_malignant_cycling	0.0100059556909255	0.0100059556909255	0.0476302925017105	1.5364082	2.3064985	0.2856204479040452	0.3807211925440839	magnitude_rank<=0.05
ndGBM	MDK_PTPRZ1_NCL_axis	MDK	PTPRZ1	MDK→PTPRZ1	Malignant_NPC_neuronal_like_malignant	Malignant_hypoxia_stress_malignant	Malignant_NPC_neuronal_like_malignant → Malignant_hypoxia_stress_malignant	malignant_or_cycling_to_malignant_or_cycling	malignant_NPC_neuronal_to_malignant_hypoxia_stress	0.0107650460966358	0.0107650460966358	1.0	1.5202477	2.1837466	-0.2818651351268399	-0.6094525483332796	magnitude_rank<=0.05
ndGBM	MDK_PTPRZ1_NCL_axis	MDK	NCL	MDK→NCL	Malignant_cycling_candidate	Malignant_OPC_NPC_like_malignant	Malignant_cycling_candidate → Malignant_OPC_NPC_like_malignant	malignant_or_cycling_to_malignant_or_cycling	malignant_cycling_to_malignant_OPC_NPC	0.0140417806962652	0.0140417806962652	0.0855027352441654	1.4693799	2.1564243	0.2000618686131443	0.2131620149137325	magnitude_rank<=0.05
ndGBM	MDK_PTPRZ1_NCL_axis	MDK	NCL	MDK→NCL	Malignant_NPC_neuronal_like_malignant	Malignant_cycling_candidate	Malignant_NPC_neuronal_like_malignant → Malignant_cycling_candidate	malignant_or_cycling_to_malignant_or_cycling	malignant_NPC_neuronal_to_malignant_cycling	0.014247683859681	0.014247683859681	0.0799945390122038	1.4661032	2.0577734	0.2078956338619424	0.2396236752369109	magnitude_rank<=0.05
ndGBM	MDK_PTPRZ1_NCL_axis	MDK	PTPRZ1	MDK→PTPRZ1	Malignant_hypoxia_stress_malignant	Malignant_hypoxia_stress_malignant	Malignant_hypoxia_stress_malignant → Malignant_hypoxia_stress_malignant	malignant_or_cycling_to_malignant_or_cycling	malignant_hypoxia_stress_to_malignant_hypoxia_stress	0.0165449242858384	0.0165449242858384	1.0	1.4344045	1.8614591	-0.3767681602924337	-0.6839197755139685	magnitude_rank<=0.05
ndGBM	MDK_PTPRZ1_NCL_axis	MDK	NCL	MDK→NCL	Malignant_OPC_NPC_like_malignant	Malignant_OPC_NPC_like_malignant	Malignant_OPC_NPC_like_malignant → Malignant_OPC_NPC_like_malignant	malignant_or_cycling_to_malignant_or_cycling	malignant_OPC_NPC_to_malignant_OPC_NPC	0.0182684355697308	0.0182684355697308	0.1522283080313113	1.4124029	1.9831128	0.1370701578660118	0.2155005081593803	magnitude_rank<=0.05
ndGBM	MDK_PTPRZ1_NCL_axis	MDK	PTPRZ1	MDK→PTPRZ1	Endothelial	Malignant_OPC_NPC_like_malignant	Endothelial → Malignant_OPC_NPC_like_malignant	microenvironment_to_malignant_or_cycling	endothelial_to_malignant_OPC_NPC	0.0189063972065589	0.0189063972065589	1.0	1.8454263	1.1458348	-0.1796722304175079	-0.2099403638368222	magnitude_rank<=0.05
ndGBM	MDK_PTPRZ1_NCL_axis	MDK	PTPRZ1	MDK→PTPRZ1	Endothelial	Malignant_AC_like_reactive_malignant	Endothelial → Malignant_AC_like_reactive_malignant	microenvironment_to_malignant_or_cycling	endothelial_to_malignant_AC_reactive	0.0196583037569333	0.0196583037569333	1.0	1.8253447	1.1320919	-0.1948443377670835	-0.3757948230301944	magnitude_rank<=0.05
ndGBM	MDK_PTPRZ1_NCL_axis	MDK	NCL	MDK→NCL	Malignant_cycling_candidate	Mural_Pericyte_Fibroblast	Malignant_cycling_candidate → Mural_Pericyte_Fibroblast	malignant_or_cycling_to_microenvironment	malignant_cycling_to_mural_pericyte_fibroblast	0.0196583037569333	0.0196583037569333	0.2041774416866703	1.3921051	1.9372927	0.1074984298972258	0.0938819222129023	magnitude_rank<=0.05
ndGBM	MDK_PTPRZ1_NCL_axis	MDK	NCL	MDK→NCL	Malignant_hypoxia_stress_malignant	Malignant_cycling_candidate	Malignant_hypoxia_stress_malignant → Malignant_cycling_candidate	malignant_or_cycling_to_malignant_or_cycling	malignant_hypoxia_stress_to_malignant_cycling	0.0208836704868824	0.0208836704868824	0.1931954254546461	1.38026	1.7540776	0.1129926086963485	0.1651564480562219	magnitude_rank<=0.05
ndGBM	MDK_PTPRZ1_NCL_axis	MDK	PTPRZ1	MDK→PTPRZ1	Malignant_cycling_candidate	Malignant_NPC_neuronal_like_malignant	Malignant_cycling_candidate → Malignant_NPC_neuronal_like_malignant	malignant_or_cycling_to_malignant_or_cycling	malignant_cycling_to_malignant_NPC_neuronal	0.0214557375740156	0.0214557375740156	1.0	1.375072	1.8889912	-0.3470799550590052	-0.8491951257357877	magnitude_rank<=0.05
ndGBM	MDK_PTPRZ1_NCL_axis	MDK	NCL	MDK→NCL	Malignant_cycling_candidate	Malignant_AC_like_reactive_malignant	Malignant_cycling_candidate → Malignant_AC_like_reactive_malignant	malignant_or_cycling_to_malignant_or_cycling	malignant_cycling_to_malignant_AC_reactive	0.022108217914062	0.022108217914062	0.2829968841253626	1.3688914	1.8714645	0.079690582529383	0.0380326932343826	magnitude_rank<=0.05
ndGBM	MDK_PTPRZ1_NCL_axis	MDK	PTPRZ1	MDK→PTPRZ1	Malignant_AC_like_reactive_malignant	Malignant_hypoxia_stress_malignant	Malignant_AC_like_reactive_malignant → Malignant_hypoxia_stress_malignant	malignant_or_cycling_to_malignant_or_cycling	malignant_AC_reactive_to_malignant_hypoxia_stress	0.0223278049786299	0.0223278049786299	1.0	1.3667641	1.6075116	-0.4515474543691682	-0.8506380036428806	magnitude_rank<=0.05
ndGBM	MDK_PTPRZ1_NCL_axis	MDK	NCL	MDK→NCL	Malignant_cycling_candidate	Malignant_NPC_neuronal_like_malignant	Malignant_cycling_candidate → Malignant_NPC_neuronal_like_malignant	malignant_or_cycling_to_malignant_or_cycling	malignant_cycling_to_malignant_NPC_neuronal	0.0229556396343586	0.0229556396343586	0.3049988069766602	1.3607802	1.8484635	0.0699742918232297	0.0612760492137307	magnitude_rank<=0.05
ndGBM	MDK_PTPRZ1_NCL_axis	MDK	NCL	MDK→NCL	Malignant_NPC_neuronal_like_malignant	Malignant_OPC_NPC_like_malignant	Malignant_NPC_neuronal_like_malignant → Malignant_OPC_NPC_like_malignant	malignant_or_cycling_to_malignant_or_cycling	malignant_NPC_neuronal_to_malignant_OPC_NPC	0.0246194924365607	0.0246194924365607	0.3460722337080079	1.3420978	1.7692606	0.059345343823909	0.0744029908522074	magnitude_rank<=0.05
ndGBM	MDK_PTPRZ1_NCL_axis	MDK	NCL	MDK→NCL	Malignant_OPC_NPC_like_malignant	Mural_Pericyte_Fibroblast	Malignant_OPC_NPC_like_malignant → Mural_Pericyte_Fibroblast	malignant_or_cycling_to_microenvironment	malignant_OPC_NPC_to_mural_pericyte_fibroblast	0.025277326368645	0.025277326368645	0.4069225556902375	1.3351281	1.7815928	0.0445067191500933	0.0962204154585502	magnitude_rank<=0.05
ndGBM	MDK_PTPRZ1_NCL_axis	MDK	PTPRZ1	MDK→PTPRZ1	Endothelial	Malignant_cycling_candidate	Endothelial → Malignant_cycling_candidate	microenvironment_to_malignant_or_cycling	endothelial_to_malignant_cycling	0.025394280362972	0.025394280362972	1.0	1.675408	1.0294826	-0.3081713560387214	-0.6222692571971333	magnitude_rank<=0.05
ndGBM	MDK_PTPRZ1_NCL_axis	MDK	NCL	MDK→NCL	Malignant_cycling_candidate	Oligodendrocyte_myelinating	Malignant_cycling_candidate → Oligodendrocyte_myelinating	malignant_or_cycling_to_microenvironment	malignant_cycling_to_oligodendrocyte_reference	0.0266579037611621	0.0266579037611621	0.81070793216478	1.3228827	1.7409958	0.0245764007037033	0.0259856189248479	magnitude_rank<=0.05
ndGBM	MDK_PTPRZ1_NCL_axis	MDK	NCL	MDK→NCL	Malignant_cycling_candidate	Endothelial	Malignant_cycling_candidate → Endothelial	malignant_or_cycling_to_microenvironment	malignant_cycling_to_endothelial	0.027179657618904	0.027179657618904	0.888157765716729	1.3195664	1.7315915	0.020603782502925	0.0139051020616551	magnitude_rank<=0.05
ndGBM	MDK_PTPRZ1_NCL_axis	MDK	PTPRZ1	MDK→PTPRZ1	Malignant_OPC_NPC_like_malignant	Malignant_NPC_neuronal_like_malignant	Malignant_OPC_NPC_like_malignant → Malignant_NPC_neuronal_like_malignant	malignant_or_cycling_to_malignant_or_cycling	malignant_OPC_NPC_to_malignant_NPC_neuronal	0.0273816249555692	0.0273816249555692	1.0	1.318095	1.7371733	-0.4100716658061377	-0.8468566324901399	magnitude_rank<=0.05
ndGBM	MDK_PTPRZ1_NCL_axis	MDK	NCL	MDK→NCL	Malignant_AC_like_reactive_malignant	Malignant_cycling_candidate	Malignant_AC_like_reactive_malignant → Malignant_cycling_candidate	malignant_or_cycling_to_malignant_or_cycling	malignant_AC_reactive_to_malignant_cycling	0.0283610346159384	0.0283610346159384	0.4362568811354503	1.3126196	1.5147794	0.0382133146196141	-0.00156178007269	magnitude_rank<=0.05
ndGBM	MDK_PTPRZ1_NCL_axis	MDK	NCL	MDK→NCL	Malignant_OPC_NPC_like_malignant	Malignant_AC_like_reactive_malignant	Malignant_OPC_NPC_like_malignant → Malignant_AC_like_reactive_malignant	malignant_or_cycling_to_malignant_or_cycling	malignant_OPC_NPC_to_malignant_AC_reactive	0.0284846212604068	0.0284846212604068	0.5544755394548045	1.3119143	1.7210553	0.0166988717822505	0.0403711864800304	magnitude_rank<=0.05
ndGBM	MDK_PTPRZ1_NCL_axis	MDK	NCL	MDK→NCL	Malignant_OPC_NPC_like_malignant	Malignant_NPC_neuronal_like_malignant	Malignant_OPC_NPC_like_malignant → Malignant_NPC_neuronal_like_malignant	malignant_or_cycling_to_malignant_or_cycling	malignant_OPC_NPC_to_malignant_NPC_neuronal	0.0295245104461401	0.0295245104461401	0.9931253843283548	1.3038032	1.6999029	0.0069825810760972	0.0636145424593785	magnitude_rank<=0.05
ndGBM	MDK_PTPRZ1_NCL_axis	MDK	NCL	MDK→NCL	Malignant_OPC_NPC_like_malignant	Oligodendrocyte_myelinating	Malignant_OPC_NPC_like_malignant → Oligodendrocyte_myelinating	malignant_or_cycling_to_microenvironment	malignant_OPC_NPC_to_oligodendrocyte_reference	0.0342662464675511	0.0342662464675511	1.0	1.2659056	1.6010723	-0.0384153100434291	0.0283241121704957	magnitude_rank<=0.05
ndGBM	MDK_PTPRZ1_NCL_axis	MDK	NCL	MDK→NCL	Malignant_NPC_neuronal_like_malignant	Mural_Pericyte_Fibroblast	Malignant_NPC_neuronal_like_malignant → Mural_Pericyte_Fibroblast	malignant_or_cycling_to_microenvironment	malignant_NPC_neuronal_to_mural_pericyte_fibroblast	0.034491828973061	0.034491828973061	1.0	1.264823	1.5894719	-0.0332180948920094	-0.0448771018486227	magnitude_rank<=0.05
ndGBM	MDK_PTPRZ1_NCL_axis	MDK	NCL	MDK→NCL	Malignant_OPC_NPC_like_malignant	Endothelial	Malignant_OPC_NPC_like_malignant → Endothelial	malignant_or_cycling_to_microenvironment	malignant_OPC_NPC_to_endothelial	0.0348088393002382	0.0348088393002382	1.0	1.2625893	1.5924238	-0.0423879282442074	0.016243595307303	magnitude_rank<=0.05
ndGBM	MDK_PTPRZ1_NCL_axis	MDK	NCL	MDK→NCL	Malignant_hypoxia_stress_malignant	Malignant_OPC_NPC_like_malignant	Malignant_hypoxia_stress_malignant → Malignant_OPC_NPC_like_malignant	malignant_or_cycling_to_malignant_or_cycling	malignant_hypoxia_stress_to_malignant_OPC_NPC	0.0359061961326672	0.0359061961326672	1.0	1.2562547	1.5081449	-0.0355576813416848	-6.423632848151506e-05	magnitude_rank<=0.05
ndGBM	MDK_PTPRZ1_NCL_axis	MDK	NCL	MDK→NCL	Malignant_cycling_candidate	Malignant_hypoxia_stress_malignant	Malignant_cycling_candidate → Malignant_hypoxia_stress_malignant	malignant_or_cycling_to_malignant_or_cycling	malignant_cycling_to_malignant_hypoxia_stress	0.0367864354134669	0.0367864354134669	1.0	1.2510657	1.5373412	-0.0614532715246942	-0.1264210654381481	magnitude_rank<=0.05
ndGBM	MDK_PTPRZ1_NCL_axis	MDK	LRP1	MDK→LRP1	Malignant_cycling_candidate	Malignant_AC_like_reactive_malignant	Malignant_cycling_candidate → Malignant_AC_like_reactive_malignant	malignant_or_cycling_to_malignant_or_cycling	malignant_cycling_to_malignant_AC_reactive	0.0372069286439763	0.0372069286439763	0.0476302925017105	1.248654	1.5305022	0.3623458456321619	0.4341955951523049	magnitude_rank<=0.05
ndGBM	MDK_PTPRZ1_NCL_axis	MDK	PTPRZ1	MDK→PTPRZ1	Malignant_NPC_neuronal_like_malignant	Malignant_NPC_neuronal_like_malignant	Malignant_NPC_neuronal_like_malignant → Malignant_NPC_neuronal_like_malignant	malignant_or_cycling_to_malignant_or_cycling	malignant_NPC_neuronal_to_malignant_NPC_neuronal	0.0373006812394738	0.0373006812394738	1.0	1.2477899	1.5498424	-0.4877964798482405	-0.9879541497973128	magnitude_rank<=0.05
ndGBM	MDK_PTPRZ1_NCL_axis	MDK	NCL	MDK→NCL	Malignant_NPC_neuronal_like_malignant	Malignant_AC_like_reactive_malignant	Malignant_NPC_neuronal_like_malignant → Malignant_AC_like_reactive_malignant	malignant_or_cycling_to_malignant_or_cycling	malignant_NPC_neuronal_to_malignant_AC_reactive	0.0384344511820495	0.0384344511820495	1.0	1.2416093	1.5354624	-0.0610259422598522	-0.1007263308271424	magnitude_rank<=0.05
ndGBM	MDK_PTPRZ1_NCL_axis	MDK	NCL	MDK→NCL	Malignant_NPC_neuronal_like_malignant	Malignant_NPC_neuronal_like_malignant	Malignant_NPC_neuronal_like_malignant → Malignant_NPC_neuronal_like_malignant	malignant_or_cycling_to_malignant_or_cycling	malignant_NPC_neuronal_to_malignant_NPC_neuronal	0.0402139198989515	0.0402139198989515	1.0	1.2334982	1.5165911	-0.0707422329660055	-0.0774829748477943	magnitude_rank<=0.05
ndGBM	MDK_PTPRZ1_NCL_axis	MDK	PTPRZ1	MDK→PTPRZ1	Mural_Pericyte_Fibroblast	Malignant_hypoxia_stress_malignant	Mural_Pericyte_Fibroblast → Malignant_hypoxia_stress_malignant	microenvironment_to_malignant_or_cycling	mural_pericyte_fibroblast_to_malignant_hypoxia_stress	0.0449573669657726	0.0449573669657726	1.0	1.212457	1.028185	-0.6221408936577753	-1.0686869251200393	magnitude_rank<=0.05
ndGBM	MDK_PTPRZ1_NCL_axis	MDK	NCL	MDK→NCL	Malignant_NPC_neuronal_like_malignant	Oligodendrocyte_myelinating	Malignant_NPC_neuronal_like_malignant → Oligodendrocyte_myelinating	malignant_or_cycling_to_microenvironment	malignant_NPC_neuronal_to_oligodendrocyte_reference	0.0491453450247123	0.0491453450247123	1.0	1.1956006	1.428418	-0.1161401240855319	-0.1127734051366771	magnitude_rank<=0.05
ndGBM	MDK_PTPRZ1_NCL_axis	MDK	NCL	MDK→NCL	Malignant_OPC_NPC_like_malignant	Malignant_hypoxia_stress_malignant	Malignant_OPC_NPC_like_malignant → Malignant_hypoxia_stress_malignant	malignant_or_cycling_to_malignant_or_cycling	malignant_OPC_NPC_to_malignant_hypoxia_stress	0.0495201565143955	0.0495201565143955	1.0	1.1940887	1.4137855	-0.1244449822718267	-0.1240825721925003	magnitude_rank<=0.05
rGBM	MDK_PTPRZ1_NCL_axis	MDK	PTPRZ1	MDK→PTPRZ1	Malignant_cycling_candidate	Malignant_OPC_NPC_like_malignant	Malignant_cycling_candidate → Malignant_OPC_NPC_like_malignant	malignant_or_cycling_to_malignant_or_cycling	malignant_cycling_to_malignant_OPC_NPC	1.880723111065365e-05	1.880723111065365e-05	0.0395057426408424	2.7251735	6.179941	0.4672031117224008	0.6978379511909427	magnitude_rank<=0.05
rGBM	MDK_PTPRZ1_NCL_axis	MDK	PTPRZ1	MDK→PTPRZ1	Mural_Pericyte_Fibroblast	Malignant_OPC_NPC_like_malignant	Mural_Pericyte_Fibroblast → Malignant_OPC_NPC_like_malignant	microenvironment_to_malignant_or_cycling	mural_pericyte_fibroblast_to_malignant_OPC_NPC	2.1457871535167563e-05	2.1457871535167563e-05	0.0395057426408424	2.6986675	5.9762855	0.4394573086339832	0.6424176899369287	magnitude_rank<=0.05
rGBM	MDK_PTPRZ1_NCL_axis	MDK	PTPRZ1	MDK→PTPRZ1	Malignant_NPC_neuronal_like_malignant	Malignant_OPC_NPC_like_malignant	Malignant_NPC_neuronal_like_malignant → Malignant_OPC_NPC_like_malignant	malignant_or_cycling_to_malignant_or_cycling	malignant_NPC_neuronal_to_malignant_OPC_NPC	2.7282583520881456e-05	2.7282583520881456e-05	0.0395057426408424	2.6446352	5.5611334	0.3828977353905354	0.6345317741554963	magnitude_rank<=0.05
rGBM	MDK_PTPRZ1_NCL_axis	MDK	PTPRZ1	MDK→PTPRZ1	Malignant_cycling_candidate	Malignant_AC_like_reactive_malignant	Malignant_cycling_candidate → Malignant_AC_like_reactive_malignant	malignant_or_cycling_to_malignant_or_cycling	malignant_cycling_to_malignant_AC_reactive	2.832120612053768e-05	2.832120612053768e-05	0.0395057426408424	2.574911	5.6965027	0.360784888458447	0.3963358353343746	magnitude_rank<=0.05
rGBM	MDK_PTPRZ1_NCL_axis	MDK	PTPRZ1	MDK→PTPRZ1	Malignant_OPC_NPC_like_malignant	Malignant_OPC_NPC_like_malignant	Malignant_OPC_NPC_like_malignant → Malignant_OPC_NPC_like_malignant	malignant_or_cycling_to_malignant_or_cycling	malignant_OPC_NPC_to_malignant_OPC_NPC	3.155334081040222e-05	3.155334081040222e-05	0.0395057426408424	2.6368065	5.500982	0.3747016701458685	0.6419320814485714	magnitude_rank<=0.05
rGBM	MDK_PTPRZ1_NCL_axis	MDK	PTPRZ1	MDK→PTPRZ1	Mural_Pericyte_Fibroblast	Malignant_AC_like_reactive_malignant	Mural_Pericyte_Fibroblast → Malignant_AC_like_reactive_malignant	microenvironment_to_malignant_or_cycling	mural_pericyte_fibroblast_to_malignant_AC_reactive	3.155334081040222e-05	3.155334081040222e-05	0.0395057426408424	2.5484052	5.508778	0.3330390853700294	0.3409155740803606	magnitude_rank<=0.05
rGBM	MDK_PTPRZ1_NCL_axis	MDK	PTPRZ1	MDK→PTPRZ1	Malignant_NPC_neuronal_like_malignant	Malignant_AC_like_reactive_malignant	Malignant_NPC_neuronal_like_malignant → Malignant_AC_like_reactive_malignant	malignant_or_cycling_to_malignant_or_cycling	malignant_NPC_neuronal_to_malignant_AC_reactive	5.607144720511386e-05	5.607144720511386e-05	0.0604081145398553	2.4943728	5.1261024	0.2764795121265817	0.3330296582989283	magnitude_rank<=0.05
rGBM	MDK_PTPRZ1_NCL_axis	MDK	PTPRZ1	MDK→PTPRZ1	Malignant_OPC_NPC_like_malignant	Malignant_AC_like_reactive_malignant	Malignant_OPC_NPC_like_malignant → Malignant_AC_like_reactive_malignant	malignant_or_cycling_to_malignant_or_cycling	malignant_OPC_NPC_to_malignant_AC_reactive	6.212357191632231e-05	6.212357191632231e-05	0.064829273197814	2.4865441	5.0706563	0.2682834468819147	0.3404299655920033	magnitude_rank<=0.05
rGBM	MDK_PTPRZ1_NCL_axis	MDK	PTPRZ1	MDK→PTPRZ1	Malignant_cycling_candidate	Malignant_cycling_candidate	Malignant_cycling_candidate → Malignant_cycling_candidate	malignant_or_cycling_to_malignant_or_cycling	malignant_cycling_to_malignant_cycling	6.368496985736236e-05	6.368496985736236e-05	0.0528397008086717	2.4793444	5.389036	0.2931052966875383	0.2283410220670956	magnitude_rank<=0.05
rGBM	MDK_PTPRZ1_NCL_axis	MDK	PTPRZ1	MDK→PTPRZ1	Mural_Pericyte_Fibroblast	Malignant_cycling_candidate	Mural_Pericyte_Fibroblast → Malignant_cycling_candidate	microenvironment_to_malignant_or_cycling	mural_pericyte_fibroblast_to_malignant_cycling	7.012399031986518e-05	7.012399031986518e-05	0.0661047030491708	2.4528384	5.211444	0.2653594935991207	0.1729207608130816	magnitude_rank<=0.05
rGBM	MDK_PTPRZ1_NCL_axis	MDK	PTPRZ1	MDK→PTPRZ1	Malignant_NPC_neuronal_like_malignant	Malignant_cycling_candidate	Malignant_NPC_neuronal_like_malignant → Malignant_cycling_candidate	malignant_or_cycling_to_malignant_or_cycling	malignant_NPC_neuronal_to_malignant_cycling	9.129727171455114e-05	9.129727171455114e-05	0.1076756830701771	2.398806	4.849423	0.2087999203556729	0.1650348450316492	magnitude_rank<=0.05
rGBM	MDK_PTPRZ1_NCL_axis	MDK	PTPRZ1	MDK→PTPRZ1	Malignant_OPC_NPC_like_malignant	Malignant_cycling_candidate	Malignant_OPC_NPC_like_malignant → Malignant_cycling_candidate	malignant_or_cycling_to_malignant_or_cycling	malignant_OPC_NPC_to_malignant_cycling	0.000102927529885	0.000102927529885	0.1148379322078388	2.3909774	4.7969694	0.200603855111006	0.1724351523247242	magnitude_rank<=0.05
rGBM	MDK_PTPRZ1_NCL_axis	MDK	PTPRZ1	MDK→PTPRZ1	Malignant_AC_like_reactive_malignant	Malignant_OPC_NPC_like_malignant	Malignant_AC_like_reactive_malignant → Malignant_OPC_NPC_like_malignant	malignant_or_cycling_to_malignant_or_cycling	malignant_AC_reactive_to_malignant_OPC_NPC	0.0001689383690672	0.0001689383690672	0.0980222988918941	2.4885364	4.3617644	0.2194974330248818	0.3079454319401831	magnitude_rank<=0.05
rGBM	MDK_PTPRZ1_NCL_axis	MDK	PTPRZ1	MDK→PTPRZ1	Malignant_AC_like_reactive_malignant	Malignant_AC_like_reactive_malignant	Malignant_AC_like_reactive_malignant → Malignant_AC_like_reactive_malignant	malignant_or_cycling_to_malignant_or_cycling	malignant_AC_reactive_to_malignant_AC_reactive	0.0002419058482037	0.0002419058482037	0.3970054110697877	2.338274	4.0205564	0.113079209760928	0.006443316083615	magnitude_rank<=0.05
rGBM	MDK_PTPRZ1_NCL_axis	MDK	PTPRZ1	MDK→PTPRZ1	Malignant_AC_like_reactive_malignant	Malignant_cycling_candidate	Malignant_AC_like_reactive_malignant → Malignant_cycling_candidate	malignant_or_cycling_to_malignant_or_cycling	malignant_AC_reactive_to_malignant_cycling	0.0003138101935167	0.0003138101935167	1.0	2.2427073	3.8035486	0.0453996179900193	-0.161551497183664	magnitude_rank<=0.05
rGBM	MDK_PTPRZ1_NCL_axis	MDK	PTPRZ1	MDK→PTPRZ1	Malignant_cycling_candidate	Malignant_hypoxia_stress_malignant	Malignant_cycling_candidate → Malignant_hypoxia_stress_malignant	malignant_or_cycling_to_malignant_or_cycling	malignant_cycling_to_malignant_hypoxia_stress	0.0018058172360997	0.0018058172360997	1.0	1.8789735	3.4574652	-0.1320820706699654	-0.3050256043658024	magnitude_rank<=0.05
rGBM	MDK_PTPRZ1_NCL_axis	MDK	PTPRZ1	MDK→PTPRZ1	Malignant_cycling_candidate	Malignant_NPC_neuronal_like_malignant	Malignant_cycling_candidate → Malignant_NPC_neuronal_like_malignant	malignant_or_cycling_to_malignant_or_cycling	malignant_cycling_to_malignant_NPC_neuronal	0.0020192435353192	0.0020192435353192	1.0	1.8646877	3.411504	-0.1421989629228497	-0.4098679924784159	magnitude_rank<=0.05
rGBM	MDK_PTPRZ1_NCL_axis	MDK	PTPRZ1	MDK→PTPRZ1	Mural_Pericyte_Fibroblast	Malignant_hypoxia_stress_malignant	Mural_Pericyte_Fibroblast → Malignant_hypoxia_stress_malignant	microenvironment_to_malignant_or_cycling	mural_pericyte_fibroblast_to_malignant_hypoxia_stress	0.0021168869062346	0.0021168869062346	1.0	1.8524675	3.3435268	-0.1598278737583831	-0.3604458656198164	magnitude_rank<=0.05
rGBM	MDK_PTPRZ1_NCL_axis	MDK	PTPRZ1	MDK→PTPRZ1	Mural_Pericyte_Fibroblast	Malignant_NPC_neuronal_like_malignant	Mural_Pericyte_Fibroblast → Malignant_NPC_neuronal_like_malignant	microenvironment_to_malignant_or_cycling	mural_pericyte_fibroblast_to_malignant_NPC_neuronal	0.0023284179871277	0.0023284179871277	1.0	1.8381817	3.2990801	-0.1699447660112673	-0.4652882537324299	magnitude_rank<=0.05
rGBM	MDK_PTPRZ1_NCL_axis	MDK	PTPRZ1	MDK→PTPRZ1	Malignant_hypoxia_stress_malignant	Malignant_OPC_NPC_like_malignant	Malignant_hypoxia_stress_malignant → Malignant_OPC_NPC_like_malignant	malignant_or_cycling_to_malignant_or_cycling	malignant_hypoxia_stress_to_malignant_OPC_NPC	0.0029376071406992	0.0029376071406992	1.0	2.2051406	2.1843226	-0.0771535559731808	-0.1225049294242091	magnitude_rank<=0.05
rGBM	MDK_PTPRZ1_NCL_axis	MDK	PTPRZ1	MDK→PTPRZ1	Malignant_NPC_neuronal_like_malignant	Malignant_hypoxia_stress_malignant	Malignant_NPC_neuronal_like_malignant → Malignant_hypoxia_stress_malignant	malignant_or_cycling_to_malignant_or_cycling	malignant_NPC_neuronal_to_malignant_hypoxia_stress	0.0030119804099939	0.0030119804099939	1.0	1.7984352	3.1112635	-0.2163874470018308	-0.3683317814012488	magnitude_rank<=0.05
rGBM	MDK_PTPRZ1_NCL_axis	MDK	PTPRZ1	MDK→PTPRZ1	Malignant_OPC_NPC_like_malignant	Malignant_hypoxia_stress_malignant	Malignant_OPC_NPC_like_malignant → Malignant_hypoxia_stress_malignant	malignant_or_cycling_to_malignant_or_cycling	malignant_OPC_NPC_to_malignant_hypoxia_stress	0.0031307057564507	0.0031307057564507	1.0	1.7906064	3.077611	-0.2245835122464977	-0.3609314741081737	magnitude_rank<=0.05
rGBM	MDK_PTPRZ1_NCL_axis	MDK	PTPRZ1	MDK→PTPRZ1	Malignant_NPC_neuronal_like_malignant	Malignant_NPC_neuronal_like_malignant	Malignant_NPC_neuronal_like_malignant → Malignant_NPC_neuronal_like_malignant	malignant_or_cycling_to_malignant_or_cycling	malignant_NPC_neuronal_to_malignant_NPC_neuronal	0.0032628080267158	0.0032628080267158	1.0	1.7841494	3.0699046	-0.2265043392547151	-0.4731741695138622	magnitude_rank<=0.05
rGBM	MDK_PTPRZ1_NCL_axis	MDK	PTPRZ1	MDK→PTPRZ1	Malignant_OPC_NPC_like_malignant	Malignant_NPC_neuronal_like_malignant	Malignant_OPC_NPC_like_malignant → Malignant_NPC_neuronal_like_malignant	malignant_or_cycling_to_malignant_or_cycling	malignant_OPC_NPC_to_malignant_NPC_neuronal	0.003386266991217	0.003386266991217	1.0	1.7763207	3.036699	-0.234700404499382	-0.4657738622207872	magnitude_rank<=0.05
rGBM	MDK_PTPRZ1_NCL_axis	MDK	PTPRZ1	MDK→PTPRZ1	Malignant_hypoxia_stress_malignant	Malignant_AC_like_reactive_malignant	Malignant_hypoxia_stress_malignant → Malignant_AC_like_reactive_malignant	malignant_or_cycling_to_malignant_or_cycling	malignant_hypoxia_stress_to_malignant_AC_reactive	0.0040004761871405	0.0040004761871405	1.0	2.0548782	2.0134497	-0.1835717792371346	-0.4240070452807771	magnitude_rank<=0.05
rGBM	MDK_PTPRZ1_NCL_axis	MDK	NCL	MDK→NCL	Malignant_cycling_candidate	Malignant_cycling_candidate	Malignant_cycling_candidate → Malignant_cycling_candidate	malignant_or_cycling_to_malignant_or_cycling	malignant_cycling_to_malignant_cycling	0.0040621909307029	0.0040621909307029	0.0482626217647089	1.7497544	3.0417297	0.3317550837808423	0.4336894369000825	magnitude_rank<=0.05
rGBM	MDK_PTPRZ1_NCL_axis	MDK	NCL	MDK→NCL	Mural_Pericyte_Fibroblast	Malignant_cycling_candidate	Mural_Pericyte_Fibroblast → Malignant_cycling_candidate	microenvironment_to_malignant_or_cycling	mural_pericyte_fibroblast_to_malignant_cycling	0.0047717369185191	0.0047717369185191	0.0560240838319672	1.7232485	2.9414916	0.3040092806924246	0.3782691756460685	magnitude_rank<=0.05
rGBM	MDK_PTPRZ1_NCL_axis	MDK	PTPRZ1	MDK→PTPRZ1	Malignant_hypoxia_stress_malignant	Malignant_cycling_candidate	Malignant_hypoxia_stress_malignant → Malignant_cycling_candidate	malignant_or_cycling_to_malignant_or_cycling	malignant_hypoxia_stress_to_malignant_cycling	0.0048525392503595	0.0048525392503595	1.0	1.9593116	1.9047744	-0.2512513710080433	-0.5920018585480562	magnitude_rank<=0.05
rGBM	MDK_PTPRZ1_NCL_axis	MDK	PTPRZ1	MDK→PTPRZ1	Oligodendrocyte_myelinating	Malignant_OPC_NPC_like_malignant	Oligodendrocyte_myelinating → Malignant_OPC_NPC_like_malignant	microenvironment_to_malignant_or_cycling	oligodendrocyte_reference_to_malignant_OPC_NPC	0.0060537199381157	0.0060537199381157	1.0	2.1569738	1.8142368	-0.1275739177363214	-0.2225828296795051	magnitude_rank<=0.05
rGBM	MDK_PTPRZ1_NCL_axis	MDK	NCL	MDK→NCL	Malignant_NPC_neuronal_like_malignant	Malignant_cycling_candidate	Malignant_NPC_neuronal_like_malignant → Malignant_cycling_candidate	malignant_or_cycling_to_malignant_or_cycling	malignant_NPC_neuronal_to_malignant_cycling	0.00673485744067	0.00673485744067	0.0768619580063665	1.6692162	2.7371564	0.2474497074489768	0.3703832598646361	magnitude_rank<=0.05
rGBM	MDK_PTPRZ1_NCL_axis	MDK	NCL	MDK→NCL	Malignant_cycling_candidate	Malignant_OPC_NPC_like_malignant	Malignant_cycling_candidate → Malignant_OPC_NPC_like_malignant	malignant_or_cycling_to_malignant_or_cycling	malignant_cycling_to_malignant_OPC_NPC	0.0070399882408958	0.0070399882408958	0.1043593800293288	1.6626053	2.761345	0.2120169003454003	0.2632904621310421	magnitude_rank<=0.05
rGBM	MDK_PTPRZ1_NCL_axis	MDK	NCL	MDK→NCL	Malignant_OPC_NPC_like_malignant	Malignant_cycling_candidate	Malignant_OPC_NPC_like_malignant → Malignant_cycling_candidate	malignant_or_cycling_to_malignant_or_cycling	malignant_OPC_NPC_to_malignant_cycling	0.0070562305046449	0.0070562305046449	0.0829521392665714	1.6613874	2.70755	0.2392536422043099	0.3777835671577112	magnitude_rank<=0.05
rGBM	MDK_PTPRZ1_NCL_axis	MDK	PTPRZ1	MDK→PTPRZ1	Malignant_AC_like_reactive_malignant	Malignant_hypoxia_stress_malignant	Malignant_AC_like_reactive_malignant → Malignant_hypoxia_stress_malignant	malignant_or_cycling_to_malignant_or_cycling	malignant_AC_reactive_to_malignant_hypoxia_stress	0.0076701126498904	0.0076701126498904	1.0	1.6423364	2.4402578	-0.3797877493674845	-0.694918123616562	magnitude_rank<=0.05
rGBM	MDK_PTPRZ1_NCL_axis	MDK	NCL	MDK→NCL	Mural_Pericyte_Fibroblast	Malignant_OPC_NPC_like_malignant	Mural_Pericyte_Fibroblast → Malignant_OPC_NPC_like_malignant	microenvironment_to_malignant_or_cycling	mural_pericyte_fibroblast_to_malignant_OPC_NPC	0.0078403302462472	0.0078403302462472	0.1315635546447204	1.6360993	2.6703467	0.1842710972569827	0.2078702008770281	magnitude_rank<=0.05
rGBM	MDK_PTPRZ1_NCL_axis	MDK	PTPRZ1	MDK→PTPRZ1	Oligodendrocyte_myelinating	Malignant_AC_like_reactive_malignant	Oligodendrocyte_myelinating → Malignant_AC_like_reactive_malignant	microenvironment_to_malignant_or_cycling	oligodendrocyte_reference_to_malignant_AC_reactive	0.0080817064167368	0.0080817064167368	1.0	2.0067115	1.6723144	-0.2339921410002751	-0.5240849455360732	magnitude_rank<=0.05
rGBM	MDK_PTPRZ1_NCL_axis	MDK	PTPRZ1	MDK→PTPRZ1	Malignant_AC_like_reactive_malignant	Malignant_NPC_neuronal_like_malignant	Malignant_AC_like_reactive_malignant → Malignant_NPC_neuronal_like_malignant	malignant_or_cycling_to_malignant_or_cycling	malignant_AC_reactive_to_malignant_NPC_neuronal	0.0082212437998562	0.0082212437998562	1.0	1.6280507	2.4078186	-0.3899046416203687	-0.7997605117291755	magnitude_rank<=0.05
rGBM	MDK_PTPRZ1_NCL_axis	MDK	NCL	MDK→NCL	Malignant_NPC_neuronal_like_malignant	Malignant_OPC_NPC_like_malignant	Malignant_NPC_neuronal_like_malignant → Malignant_OPC_NPC_like_malignant	malignant_or_cycling_to_malignant_or_cycling	malignant_NPC_neuronal_to_malignant_OPC_NPC	0.0098140329918841	0.0098140329918841	0.6489534003698264	1.582067	2.484847	0.1277115240135349	0.1999842850955957	magnitude_rank<=0.05
rGBM	MDK_PTPRZ1_NCL_axis	MDK	PTPRZ1	MDK→PTPRZ1	Oligodendrocyte_myelinating	Malignant_cycling_candidate	Oligodendrocyte_myelinating → Malignant_cycling_candidate	microenvironment_to_malignant_or_cycling	oligodendrocyte_reference_to_malignant_cycling	0.0098331422919567	0.0098331422919567	1.0	1.9111446	1.5820519	-0.3016717327711839	-0.6920797588033523	magnitude_rank<=0.05
rGBM	MDK_PTPRZ1_NCL_axis	MDK	NCL	MDK→NCL	Malignant_OPC_NPC_like_malignant	Malignant_OPC_NPC_like_malignant	Malignant_OPC_NPC_like_malignant → Malignant_OPC_NPC_like_malignant	malignant_or_cycling_to_malignant_or_cycling	malignant_OPC_NPC_to_malignant_OPC_NPC	0.0101607542530977	0.0101607542530977	0.2308848419870631	1.5742383	2.45797	0.119515458768868	0.2073845923886708	magnitude_rank<=0.05
rGBM	MDK_PTPRZ1_NCL_axis	MDK	NCL	MDK→NCL	Malignant_cycling_candidate	Endothelial	Malignant_cycling_candidate → Endothelial	malignant_or_cycling_to_microenvironment	malignant_cycling_to_endothelial	0.0109522591961158	0.0109522591961158	0.3692159894166513	1.5559537	2.4182153	0.0654887981455393	0.1073446377885931	magnitude_rank<=0.05
rGBM	MDK_PTPRZ1_NCL_axis	MDK	NCL	MDK→NCL	Malignant_cycling_candidate	Malignant_AC_like_reactive_malignant	Malignant_cycling_candidate → Malignant_AC_like_reactive_malignant	malignant_or_cycling_to_malignant_or_cycling	malignant_cycling_to_malignant_AC_reactive	0.0110330022892809	0.0110330022892809	0.3769380087553363	1.5545156	2.4135885	0.0635126558967718	0.0735528165737984	magnitude_rank<=0.05
rGBM	MDK_PTPRZ1_NCL_axis	MDK	NCL	MDK→NCL	Malignant_cycling_candidate	Oligodendrocyte_myelinating	Malignant_cycling_candidate → Oligodendrocyte_myelinating	malignant_or_cycling_to_microenvironment	malignant_cycling_to_oligodendrocyte_reference	0.0117101533078088	0.0117101533078088	0.4692667179684008	1.5368662	2.3568053	0.0392655957207181	0.0932102095988638	magnitude_rank<=0.05
rGBM	MDK_PTPRZ1_NCL_axis	MDK	NCL	MDK→NCL	Mural_Pericyte_Fibroblast	Endothelial	Mural_Pericyte_Fibroblast → Endothelial	microenvironment_to_microenvironment	mural_pericyte_fibroblast_to_endothelial	0.0120455378722514	0.0120455378722514	0.7714582433521157	1.5294478	2.3385248	0.0377429950571217	0.0519243765345791	magnitude_rank<=0.05
rGBM	MDK_PTPRZ1_NCL_axis	MDK	NCL	MDK→NCL	Mural_Pericyte_Fibroblast	Malignant_AC_like_reactive_malignant	Mural_Pericyte_Fibroblast → Malignant_AC_like_reactive_malignant	microenvironment_to_malignant_or_cycling	mural_pericyte_fibroblast_to_malignant_AC_reactive	0.0121089350818136	0.0121089350818136	0.6749169535193581	1.5280097	2.3340502	0.0357668528083541	0.0181325553197844	magnitude_rank<=0.05
rGBM	MDK_PTPRZ1_NCL_axis	MDK	NCL	MDK→NCL	Malignant_AC_like_reactive_malignant	Malignant_cycling_candidate	Malignant_AC_like_reactive_malignant → Malignant_cycling_candidate	malignant_or_cycling_to_malignant_or_cycling	malignant_AC_reactive_to_malignant_cycling	0.0127518201419884	0.0127518201419884	0.3129507653378763	1.5131174	2.1468341	0.0840494050833232	0.0437969176493229	magnitude_rank<=0.05
rGBM	MDK_PTPRZ1_NCL_axis	MDK	SDC3	MDK→SDC3	Malignant_cycling_candidate	Malignant_AC_like_reactive_malignant	Malignant_cycling_candidate → Malignant_AC_like_reactive_malignant	malignant_or_cycling_to_malignant_or_cycling	malignant_cycling_to_malignant_AC_reactive	0.012773529682271	0.012773529682271	0.0395057426408424	1.5128789	2.2796307	0.4566543366710706	0.6244733669195192	magnitude_rank<=0.05
rGBM	MDK_PTPRZ1_NCL_axis	MDK	NCL	MDK→NCL	Mural_Pericyte_Fibroblast	Oligodendrocyte_myelinating	Mural_Pericyte_Fibroblast → Oligodendrocyte_myelinating	microenvironment_to_microenvironment	mural_pericyte_fibroblast_to_oligodendrocyte_reference	0.01290415426428	0.01290415426428	0.7985443954429149	1.5103602	2.2791383	0.0115197926323004	0.0377899483448498	magnitude_rank<=0.05
rGBM	MDK_PTPRZ1_NCL_axis	MDK	NCL	MDK→NCL	Malignant_cycling_candidate	Malignant_hypoxia_stress_malignant	Malignant_cycling_candidate → Malignant_hypoxia_stress_malignant	malignant_or_cycling_to_malignant_or_cycling	malignant_cycling_to_malignant_hypoxia_stress	0.0132556500403032	0.0132556500403032	0.6941669542741983	1.5027844	2.2471538	-0.0075615620097566	0.046593426932602	magnitude_rank<=0.05
rGBM	MDK_PTPRZ1_NCL_axis	MDK	SDC3	MDK→SDC3	Mural_Pericyte_Fibroblast	Malignant_AC_like_reactive_malignant	Mural_Pericyte_Fibroblast → Malignant_AC_like_reactive_malignant	microenvironment_to_malignant_or_cycling	mural_pericyte_fibroblast_to_malignant_AC_reactive	0.0140632956026469	0.0140632956026469	0.0395057426408424	1.486373	2.2045069	0.428908533582653	0.5690531056655052	magnitude_rank<=0.05
rGBM	MDK_PTPRZ1_NCL_axis	MDK	LRP1	MDK→LRP1	Malignant_cycling_candidate	Mural_Pericyte_Fibroblast	Malignant_cycling_candidate → Mural_Pericyte_Fibroblast	malignant_or_cycling_to_microenvironment	malignant_cycling_to_mural_pericyte_fibroblast	0.014131645882083	0.014131645882083	0.0395057426408424	1.4836854	2.1857066	0.4297389401767616	0.5283663256302442	magnitude_rank<=0.05
rGBM	MDK_PTPRZ1_NCL_axis	MDK	NCL	MDK→NCL	Mural_Pericyte_Fibroblast	Malignant_hypoxia_stress_malignant	Mural_Pericyte_Fibroblast → Malignant_hypoxia_stress_malignant	microenvironment_to_malignant_or_cycling	mural_pericyte_fibroblast_to_malignant_hypoxia_stress	0.0147074950319716	0.0147074950319716	0.9670551042363108	1.4762784	2.1731005	-0.0353073650981742	-0.0088268343214119	magnitude_rank<=0.05
rGBM	MDK_PTPRZ1_NCL_axis	MDK	NCL	MDK→NCL	Malignant_NPC_neuronal_like_malignant	Endothelial	Malignant_NPC_neuronal_like_malignant → Endothelial	malignant_or_cycling_to_microenvironment	malignant_NPC_neuronal_to_endothelial	0.0147307627028927	0.0147307627028927	1.0	1.4754155	2.1760755	-0.018816578186326	0.0440384607531467	magnitude_rank<=0.05
rGBM	MDK_PTPRZ1_NCL_axis	MDK	NCL	MDK→NCL	Malignant_NPC_neuronal_like_malignant	Malignant_AC_like_reactive_malignant	Malignant_NPC_neuronal_like_malignant → Malignant_AC_like_reactive_malignant	malignant_or_cycling_to_malignant_or_cycling	malignant_NPC_neuronal_to_malignant_AC_reactive	0.0148006675492357	0.0148006675492357	1.0	1.4739773	2.171912	-0.0207927204350936	0.010246639538352	magnitude_rank<=0.05
rGBM	MDK_PTPRZ1_NCL_axis	MDK	NCL	MDK→NCL	Malignant_OPC_NPC_like_malignant	Endothelial	Malignant_OPC_NPC_like_malignant → Endothelial	malignant_or_cycling_to_microenvironment	malignant_OPC_NPC_to_endothelial	0.0152234740323697	0.0152234740323697	1.0	1.4675868	2.152538	-0.0270126434309929	0.0514387680462218	magnitude_rank<=0.05
rGBM	MDK_PTPRZ1_NCL_axis	MDK	NCL	MDK→NCL	Malignant_OPC_NPC_like_malignant	Malignant_AC_like_reactive_malignant	Malignant_OPC_NPC_like_malignant → Malignant_AC_like_reactive_malignant	malignant_or_cycling_to_malignant_or_cycling	malignant_OPC_NPC_to_malignant_AC_reactive	0.0153894586033107	0.0153894586033107	1.0	1.4661486	2.1484196	-0.0289887856797604	0.017646946831427	magnitude_rank<=0.05
rGBM	MDK_PTPRZ1_NCL_axis	MDK	NCL	MDK→NCL	Malignant_cycling_candidate	Malignant_NPC_neuronal_like_malignant	Malignant_cycling_candidate → Malignant_NPC_neuronal_like_malignant	malignant_or_cycling_to_malignant_or_cycling	malignant_cycling_to_malignant_NPC_neuronal	0.0158685103172762	0.0158685103172762	1.0	1.4579211	2.1028154	-0.0692005392018744	0.0136008242062544	magnitude_rank<=0.05
rGBM	MDK_PTPRZ1_NCL_axis	MDK	LRP1	MDK→LRP1	Mural_Pericyte_Fibroblast	Mural_Pericyte_Fibroblast	Mural_Pericyte_Fibroblast → Mural_Pericyte_Fibroblast	microenvironment_to_microenvironment	mural_pericyte_fibroblast_to_mural_pericyte_fibroblast	0.0159168073297317	0.0159168073297317	0.0395057426408424	1.4571794	2.1136782	0.401993137088344	0.4729460643762302	magnitude_rank<=0.05
rGBM	MDK_PTPRZ1_NCL_axis	MDK	NCL	MDK→NCL	Malignant_NPC_neuronal_like_malignant	Oligodendrocyte_myelinating	Malignant_NPC_neuronal_like_malignant → Oligodendrocyte_myelinating	malignant_or_cycling_to_microenvironment	malignant_NPC_neuronal_to_oligodendrocyte_reference	0.0159893848863784	0.0159893848863784	1.0	1.4563279	2.1208146	-0.0450397806111472	0.0299040325634174	magnitude_rank<=0.05
rGBM	MDK_PTPRZ1_NCL_axis	MDK	NCL	MDK→NCL	Malignant_OPC_NPC_like_malignant	Oligodendrocyte_myelinating	Malignant_OPC_NPC_like_malignant → Oligodendrocyte_myelinating	malignant_or_cycling_to_microenvironment	malignant_OPC_NPC_to_oligodendrocyte_reference	0.0166992239012644	0.0166992239012644	1.0	1.4484992	2.0978749	-0.0532358458558141	0.0373043398564925	magnitude_rank<=0.05
rGBM	MDK_PTPRZ1_NCL_axis	MDK	PTPRZ1	MDK→PTPRZ1	Endothelial	Malignant_OPC_NPC_like_malignant	Endothelial → Malignant_OPC_NPC_like_malignant	microenvironment_to_malignant_or_cycling	endothelial_to_malignant_OPC_NPC	0.0181636444227277	0.0181636444227277	1.0	2.08747	1.2802126	-0.2003286435039105	-0.4262693066799157	magnitude_rank<=0.05
rGBM	MDK_PTPRZ1_NCL_axis	MDK	SDC3	MDK→SDC3	Malignant_NPC_neuronal_like_malignant	Malignant_AC_like_reactive_malignant	Malignant_NPC_neuronal_like_malignant → Malignant_AC_like_reactive_malignant	malignant_or_cycling_to_malignant_or_cycling	malignant_NPC_neuronal_to_malignant_AC_reactive	0.0181894138672647	0.0181894138672647	0.0395057426408424	1.4323406	2.0513675	0.3723489603392052	0.5611671898840728	magnitude_rank<=0.05
rGBM	MDK_PTPRZ1_NCL_axis	MDK	NCL	MDK→NCL	Mural_Pericyte_Fibroblast	Malignant_NPC_neuronal_like_malignant	Mural_Pericyte_Fibroblast → Malignant_NPC_neuronal_like_malignant	microenvironment_to_malignant_or_cycling	mural_pericyte_fibroblast_to_malignant_NPC_neuronal	0.0183444103637625	0.0183444103637625	1.0	1.4314152	2.0335186	-0.096946342290292	-0.0418194370477595	magnitude_rank<=0.05
rGBM	MDK_PTPRZ1_NCL_axis	MDK	NCL	MDK→NCL	Malignant_AC_like_reactive_malignant	Malignant_OPC_NPC_like_malignant	Malignant_AC_like_reactive_malignant → Malignant_OPC_NPC_like_malignant	malignant_or_cycling_to_malignant_or_cycling	malignant_AC_reactive_to_malignant_OPC_NPC	0.018604147925138	0.018604147925138	1.0	1.4259682	1.9489403	-0.0356887783521186	-0.1266020571197175	magnitude_rank<=0.05
rGBM	MDK_PTPRZ1_NCL_axis	MDK	SDC3	MDK→SDC3	Malignant_OPC_NPC_like_malignant	Malignant_AC_like_reactive_malignant	Malignant_OPC_NPC_like_malignant → Malignant_AC_like_reactive_malignant	malignant_or_cycling_to_malignant_or_cycling	malignant_OPC_NPC_to_malignant_AC_reactive	0.0187346816725277	0.0187346816725277	0.0395057426408424	1.4245118	2.029179	0.3641528950945383	0.5685674971771478	magnitude_rank<=0.05
rGBM	MDK_PTPRZ1_NCL_axis	MDK	LRP1	MDK→LRP1	Malignant_cycling_candidate	Malignant_OPC_NPC_like_malignant	Malignant_cycling_candidate → Malignant_OPC_NPC_like_malignant	malignant_or_cycling_to_malignant_or_cycling	malignant_cycling_to_malignant_OPC_NPC	0.0190234007494847	0.0190234007494847	0.0395057426408424	1.4232223	1.9911791	0.347203084673901	0.4742981787162762	magnitude_rank<=0.05
rGBM	MDK_PTPRZ1_NCL_axis	MDK	NCL	MDK→NCL	Malignant_NPC_neuronal_like_malignant	Malignant_hypoxia_stress_malignant	Malignant_NPC_neuronal_like_malignant → Malignant_hypoxia_stress_malignant	malignant_or_cycling_to_malignant_or_cycling	malignant_NPC_neuronal_to_malignant_hypoxia_stress	0.0191553455634505	0.0191553455634505	1.0	1.4222461	2.0221426	-0.091866938341622	-0.0167127501028443	magnitude_rank<=0.05
rGBM	MDK_PTPRZ1_NCL_axis	MDK	LRP1	MDK→LRP1	Malignant_cycling_candidate	Malignant_AC_like_reactive_malignant	Malignant_cycling_candidate → Malignant_AC_like_reactive_malignant	malignant_or_cycling_to_malignant_or_cycling	malignant_cycling_to_malignant_AC_reactive	0.0192612144712856	0.0192612144712856	0.0395057426408424	1.4178332	1.9738407	0.339845342220936	0.3664780457284797	magnitude_rank<=0.05
rGBM	MDK_PTPRZ1_NCL_axis	MDK	NCL	MDK→NCL	Malignant_OPC_NPC_like_malignant	Malignant_hypoxia_stress_malignant	Malignant_OPC_NPC_like_malignant → Malignant_hypoxia_stress_malignant	malignant_or_cycling_to_malignant_or_cycling	malignant_OPC_NPC_to_malignant_hypoxia_stress	0.0194738039430803	0.0194738039430803	1.0	1.4144173	2.0002701	-0.1000630035862889	-0.0093124428097692	magnitude_rank<=0.05
rGBM	MDK_PTPRZ1_NCL_axis	MDK	SDC3	MDK→SDC3	Malignant_cycling_candidate	Malignant_OPC_NPC_like_malignant	Malignant_cycling_candidate → Malignant_OPC_NPC_like_malignant	malignant_or_cycling_to_malignant_or_cycling	malignant_cycling_to_malignant_OPC_NPC	0.0195805213476705	0.0195805213476705	0.0395057426408424	1.4125023	1.9566896	0.3348555521907319	0.4635133173253626	magnitude_rank<=0.05
rGBM	MDK_PTPRZ1_NCL_axis	MDK	LRP1	MDK→LRP1	Malignant_NPC_neuronal_like_malignant	Mural_Pericyte_Fibroblast	Malignant_NPC_neuronal_like_malignant → Mural_Pericyte_Fibroblast	malignant_or_cycling_to_microenvironment	malignant_NPC_neuronal_to_mural_pericyte_fibroblast	0.0203354191914754	0.0203354191914754	0.0395057426408424	1.4031471	1.9668483	0.3454335638448962	0.4650601485947978	magnitude_rank<=0.05
rGBM	MDK_PTPRZ1_NCL_axis	MDK	LRP1	MDK→LRP1	Mural_Pericyte_Fibroblast	Malignant_OPC_NPC_like_malignant	Mural_Pericyte_Fibroblast → Malignant_OPC_NPC_like_malignant	microenvironment_to_malignant_or_cycling	mural_pericyte_fibroblast_to_malignant_OPC_NPC	0.0211317993104741	0.0211317993104741	0.0426129087767692	1.3967164	1.9255611	0.3194572815854833	0.4188779174622622	magnitude_rank<=0.05
rGBM	MDK_PTPRZ1_NCL_axis	MDK	LRP1	MDK→LRP1	Malignant_OPC_NPC_like_malignant	Mural_Pericyte_Fibroblast	Malignant_OPC_NPC_like_malignant → Mural_Pericyte_Fibroblast	malignant_or_cycling_to_microenvironment	malignant_OPC_NPC_to_mural_pericyte_fibroblast	0.0212428001153072	0.0212428001153072	0.0395057426408424	1.3953183	1.945574	0.3372374986002293	0.4724604558878729	magnitude_rank<=0.05
rGBM	MDK_PTPRZ1_NCL_axis	MDK	LRP1	MDK→LRP1	Mural_Pericyte_Fibroblast	Malignant_AC_like_reactive_malignant	Mural_Pericyte_Fibroblast → Malignant_AC_like_reactive_malignant	microenvironment_to_malignant_or_cycling	mural_pericyte_fibroblast_to_malignant_AC_reactive	0.021633521714167	0.021633521714167	0.0455090922504868	1.3913273	1.9087942	0.3120995391325184	0.3110577844744657	magnitude_rank<=0.05
rGBM	MDK_PTPRZ1_NCL_axis	MDK	SDC3	MDK→SDC3	Mural_Pericyte_Fibroblast	Malignant_OPC_NPC_like_malignant	Mural_Pericyte_Fibroblast → Malignant_OPC_NPC_like_malignant	microenvironment_to_malignant_or_cycling	mural_pericyte_fibroblast_to_malignant_OPC_NPC	0.0224537780686398	0.0224537780686398	0.0474067962792237	1.3859963	1.8922082	0.3071097491023142	0.4080930560713486	magnitude_rank<=0.05
rGBM	MDK_PTPRZ1_NCL_axis	MDK	PTPRZ1	MDK→PTPRZ1	Endothelial	Malignant_AC_like_reactive_malignant	Endothelial → Malignant_AC_like_reactive_malignant	microenvironment_to_malignant_or_cycling	endothelial_to_malignant_AC_reactive	0.0227687565721504	0.0227687565721504	1.0	1.9372077	1.1800654	-0.3067468667678642	-0.7277714225364837	magnitude_rank<=0.05
rGBM	MDK_PTPRZ1_NCL_axis	MDK	NCL	MDK→NCL	Malignant_NPC_neuronal_like_malignant	Malignant_NPC_neuronal_like_malignant	Malignant_NPC_neuronal_like_malignant → Malignant_NPC_neuronal_like_malignant	malignant_or_cycling_to_malignant_or_cycling	malignant_NPC_neuronal_to_malignant_NPC_neuronal	0.0234924686465426	0.0234924686465426	1.0	1.3773829	1.8922572	-0.1535059155337398	-0.0497053528291919	magnitude_rank<=0.05
rGBM	MDK_PTPRZ1_NCL_axis	MDK	NCL	MDK→NCL	Malignant_OPC_NPC_like_malignant	Malignant_NPC_neuronal_like_malignant	Malignant_OPC_NPC_like_malignant → Malignant_NPC_neuronal_like_malignant	malignant_or_cycling_to_malignant_or_cycling	malignant_OPC_NPC_to_malignant_NPC_neuronal	0.0242270714391446	0.0242270714391446	1.0	1.369554	1.8717897	-0.1617019807784067	-0.0423050455361169	magnitude_rank<=0.05
rGBM	MDK_PTPRZ1_NCL_axis	MDK	PTPRZ1	MDK→PTPRZ1	Malignant_hypoxia_stress_malignant	Malignant_hypoxia_stress_malignant	Malignant_hypoxia_stress_malignant → Malignant_hypoxia_stress_malignant	malignant_or_cycling_to_malignant_or_cycling	malignant_hypoxia_stress_to_malignant_hypoxia_stress	0.0254553436379403	0.0254553436379403	1.0	1.3589407	1.2220536	-0.6764387383655471	-1.1253684849809542	magnitude_rank<=0.05
rGBM	MDK_PTPRZ1_NCL_axis	MDK	PTPRZ1	MDK→PTPRZ1	Endothelial	Malignant_cycling_candidate	Endothelial → Malignant_cycling_candidate	microenvironment_to_malignant_or_cycling	endothelial_to_malignant_cycling	0.0263109191853458	0.0263109191853458	1.0	1.841641	1.1163719	-0.374426458538773	-0.8957662358037628	magnitude_rank<=0.05
rGBM	MDK_PTPRZ1_NCL_axis	MDK	PTPRZ1	MDK→PTPRZ1	Malignant_hypoxia_stress_malignant	Malignant_NPC_neuronal_like_malignant	Malignant_hypoxia_stress_malignant → Malignant_NPC_neuronal_like_malignant	malignant_or_cycling_to_malignant_or_cycling	malignant_hypoxia_stress_to_malignant_NPC_neuronal	0.027180061795113	0.027180061795113	1.0	1.344655	1.2058085	-0.6865556306184314	-1.2302108730935677	magnitude_rank<=0.05
rGBM	MDK_PTPRZ1_NCL_axis	MDK	LRP1	MDK→LRP1	Malignant_NPC_neuronal_like_malignant	Malignant_OPC_NPC_like_malignant	Malignant_NPC_neuronal_like_malignant → Malignant_OPC_NPC_like_malignant	malignant_or_cycling_to_malignant_or_cycling	malignant_NPC_neuronal_to_malignant_OPC_NPC	0.0273053319191293	0.0273053319191293	0.0673005305920944	1.342684	1.7917991	0.2628977083420356	0.4109920016808298	magnitude_rank<=0.05
rGBM	MDK_PTPRZ1_NCL_axis	MDK	LRP1	MDK→LRP1	Malignant_NPC_neuronal_like_malignant	Malignant_AC_like_reactive_malignant	Malignant_NPC_neuronal_like_malignant → Malignant_AC_like_reactive_malignant	malignant_or_cycling_to_malignant_or_cycling	malignant_NPC_neuronal_to_malignant_AC_reactive	0.0281263135394701	0.0281263135394701	0.0713698464698507	1.3372949	1.7761968	0.2555399658890706	0.3031718686930333	magnitude_rank<=0.05
rGBM	MDK_PTPRZ1_NCL_axis	MDK	LRP1	MDK→LRP1	Malignant_OPC_NPC_like_malignant	Malignant_OPC_NPC_like_malignant	Malignant_OPC_NPC_like_malignant → Malignant_OPC_NPC_like_malignant	malignant_or_cycling_to_malignant_or_cycling	malignant_OPC_NPC_to_malignant_OPC_NPC	0.0284451762611458	0.0284451762611458	0.071858921669363	1.3348553	1.7724181	0.2547016430973687	0.4183923089739049	magnitude_rank<=0.05
rGBM	MDK_PTPRZ1_NCL_axis	MDK	SDC3	MDK→SDC3	Malignant_NPC_neuronal_like_malignant	Malignant_OPC_NPC_like_malignant	Malignant_NPC_neuronal_like_malignant → Malignant_OPC_NPC_like_malignant	malignant_or_cycling_to_malignant_or_cycling	malignant_NPC_neuronal_to_malignant_OPC_NPC	0.0289589395954831	0.0289589395954831	0.0750594544696145	1.331964	1.760763	0.2505501758588664	0.4002071402899162	magnitude_rank<=0.05
rGBM	MDK_PTPRZ1_NCL_axis	MDK	NCL	MDK→NCL	Malignant_cycling_candidate	Mural_Pericyte_Fibroblast	Malignant_cycling_candidate → Mural_Pericyte_Fibroblast	malignant_or_cycling_to_microenvironment	malignant_cycling_to_mural_pericyte_fibroblast	0.0292174707213356	0.0292174707213356	1.0	1.3298452	1.690757	-0.245166388893792	-0.1941484456691362	magnitude_rank<=0.05
rGBM	MDK_PTPRZ1_NCL_axis	MDK	LRP1	MDK→LRP1	Malignant_OPC_NPC_like_malignant	Malignant_AC_like_reactive_malignant	Malignant_OPC_NPC_like_malignant → Malignant_AC_like_reactive_malignant	malignant_or_cycling_to_malignant_or_cycling	malignant_OPC_NPC_to_malignant_AC_reactive	0.0292498667626346	0.0292498667626346	0.0768891045190175	1.3294661	1.7569847	0.2473439006444037	0.3105721759861084	magnitude_rank<=0.05
rGBM	MDK_PTPRZ1_NCL_axis	MDK	SDC3	MDK→SDC3	Malignant_OPC_NPC_like_malignant	Malignant_OPC_NPC_like_malignant	Malignant_OPC_NPC_like_malignant → Malignant_OPC_NPC_like_malignant	malignant_or_cycling_to_malignant_or_cycling	malignant_OPC_NPC_to_malignant_OPC_NPC	0.0301309969753745	0.0301309969753745	0.0806766911441455	1.3241353	1.7417179	0.2423541106141996	0.4076074475829913	magnitude_rank<=0.05
rGBM	MDK_PTPRZ1_NCL_axis	MDK	NCL	MDK→NCL	Malignant_AC_like_reactive_malignant	Endothelial	Malignant_AC_like_reactive_malignant → Endothelial	malignant_or_cycling_to_microenvironment	malignant_AC_reactive_to_endothelial	0.0309580069387063	0.0309580069387063	1.0	1.3193166	1.7067616	-0.1822168805519796	-0.2825478814621665	magnitude_rank<=0.05
rGBM	MDK_PTPRZ1_NCL_axis	MDK	SDC3	MDK→SDC3	Malignant_cycling_candidate	Malignant_cycling_candidate	Malignant_cycling_candidate → Malignant_cycling_candidate	malignant_or_cycling_to_malignant_or_cycling	malignant_cycling_to_malignant_cycling	0.0309913083637214	0.0309913083637214	0.0965646834012329	1.3192067	1.6565301	0.221649421469369	0.2255192476487074	magnitude_rank<=0.05
rGBM	MDK_PTPRZ1_NCL_axis	MDK	NCL	MDK→NCL	Malignant_AC_like_reactive_malignant	Malignant_AC_like_reactive_malignant	Malignant_AC_like_reactive_malignant → Malignant_AC_like_reactive_malignant	malignant_or_cycling_to_malignant_or_cycling	malignant_AC_reactive_to_malignant_AC_reactive	0.0312583510177355	0.0312583510177355	1.0	1.3178785	1.7034959	-0.1841930228007472	-0.3163397026769612	magnitude_rank<=0.05
rGBM	MDK_PTPRZ1_NCL_axis	MDK	PTPRZ1	MDK→PTPRZ1	Oligodendrocyte_myelinating	Malignant_hypoxia_stress_malignant	Oligodendrocyte_myelinating → Malignant_hypoxia_stress_malignant	microenvironment_to_malignant_or_cycling	oligodendrocyte_reference_to_malignant_hypoxia_stress	0.0335031553876223	0.0335031553876223	1.0	1.3107737	1.0150033	-0.7268591001286877	-1.2254463852362505	magnitude_rank<=0.05
rGBM	MDK_PTPRZ1_NCL_axis	MDK	NCL	MDK→NCL	Mural_Pericyte_Fibroblast	Mural_Pericyte_Fibroblast	Mural_Pericyte_Fibroblast → Mural_Pericyte_Fibroblast	microenvironment_to_microenvironment	mural_pericyte_fibroblast_to_mural_pericyte_fibroblast	0.033676241872308	0.033676241872308	1.0	1.3033392	1.6350393	-0.2729121919822097	-0.2495687069231502	magnitude_rank<=0.05
rGBM	MDK_PTPRZ1_NCL_axis	MDK	NCL	MDK→NCL	Malignant_AC_like_reactive_malignant	Oligodendrocyte_myelinating	Malignant_AC_like_reactive_malignant → Oligodendrocyte_myelinating	malignant_or_cycling_to_microenvironment	malignant_AC_reactive_to_oligodendrocyte_reference	0.0342679179645289	0.0342679179645289	1.0	1.3002292	1.6634187	-0.2084400829768009	-0.2966823096518958	magnitude_rank<=0.05
rGBM	MDK_PTPRZ1_NCL_axis	MDK	PTPRZ1	MDK→PTPRZ1	Oligodendrocyte_myelinating	Malignant_NPC_neuronal_like_malignant	Oligodendrocyte_myelinating → Malignant_NPC_neuronal_like_malignant	microenvironment_to_malignant_or_cycling	oligodendrocyte_reference_to_malignant_NPC_neuronal	0.0348292821323234	0.0348292821323234	1.0	1.296488	1.0015105	-0.736975992381572	-1.3302887733488638	magnitude_rank<=0.05
rGBM	MDK_PTPRZ1_NCL_axis	MDK	LRP1	MDK→LRP1	Malignant_cycling_candidate	Malignant_cycling_candidate	Malignant_cycling_candidate → Malignant_cycling_candidate	malignant_or_cycling_to_malignant_or_cycling	malignant_cycling_to_malignant_cycling	0.0352885845884365	0.0352885845884365	0.1460588193203333	1.2947638	1.57789	0.1718484131784539	0.1525565856363494	magnitude_rank<=0.05
rGBM	MDK_PTPRZ1_NCL_axis	MDK	SDC3	MDK→SDC3	Mural_Pericyte_Fibroblast	Malignant_cycling_candidate	Mural_Pericyte_Fibroblast → Malignant_cycling_candidate	microenvironment_to_malignant_or_cycling	mural_pericyte_fibroblast_to_malignant_cycling	0.0356082403893272	0.0356082403893272	0.121545889208543	1.2927008	1.6019403	0.1939036183809514	0.1700989863946934	magnitude_rank<=0.05
rGBM	MDK_PTPRZ1_NCL_axis	MDK	SDC3	MDK→SDC3	Malignant_AC_like_reactive_malignant	Malignant_AC_like_reactive_malignant	Malignant_AC_like_reactive_malignant → Malignant_AC_like_reactive_malignant	malignant_or_cycling_to_malignant_or_cycling	malignant_AC_reactive_to_malignant_AC_reactive	0.038325365298472	0.038325365298472	0.1074661294188416	1.2762418	1.6089493	0.2089486579735516	0.2345808476687595	magnitude_rank<=0.05
rGBM	MDK_PTPRZ1_NCL_axis	MDK	LRP1	MDK→LRP1	Malignant_cycling_candidate	Malignant_hypoxia_stress_malignant	Malignant_cycling_candidate → Malignant_hypoxia_stress_malignant	malignant_or_cycling_to_malignant_or_cycling	malignant_cycling_to_malignant_hypoxia_stress	0.0393267671461249	0.0393267671461249	0.1922116476798568	1.271333	1.502506	0.1398623005212504	0.2222545362637951	magnitude_rank<=0.05
rGBM	MDK_PTPRZ1_NCL_axis	MDK	LRP1	MDK→LRP1	Mural_Pericyte_Fibroblast	Malignant_cycling_candidate	Mural_Pericyte_Fibroblast → Malignant_cycling_candidate	microenvironment_to_malignant_or_cycling	mural_pericyte_fibroblast_to_malignant_cycling	0.0398132921399404	0.0398132921399404	0.1849752596299378	1.2682579	1.5258918	0.1441026100900362	0.0971363243823354	magnitude_rank<=0.05
rGBM	MDK_PTPRZ1_NCL_axis	MDK	NCL	MDK→NCL	Malignant_AC_like_reactive_malignant	Malignant_hypoxia_stress_malignant	Malignant_AC_like_reactive_malignant → Malignant_hypoxia_stress_malignant	malignant_or_cycling_to_malignant_or_cycling	malignant_AC_reactive_to_malignant_hypoxia_stress	0.0402271881036068	0.0402271881036068	1.0	1.2661474	1.5860273	-0.2552672407072756	-0.3432990923181576	magnitude_rank<=0.05
rGBM	MDK_PTPRZ1_NCL_axis	MDK	NCL	MDK→NCL	Malignant_NPC_neuronal_like_malignant	Mural_Pericyte_Fibroblast	Malignant_NPC_neuronal_like_malignant → Mural_Pericyte_Fibroblast	malignant_or_cycling_to_microenvironment	malignant_NPC_neuronal_to_mural_pericyte_fibroblast	0.0434938258881081	0.0434938258881081	1.0	1.2493069	1.5214587	-0.3294717652256574	-0.2574546227045826	magnitude_rank<=0.05
rGBM	MDK_PTPRZ1_NCL_axis	MDK	LRP1	MDK→LRP1	Malignant_AC_like_reactive_malignant	Mural_Pericyte_Fibroblast	Malignant_AC_like_reactive_malignant → Mural_Pericyte_Fibroblast	malignant_or_cycling_to_microenvironment	malignant_AC_reactive_to_mural_pericyte_fibroblast	0.0437682236750898	0.0437682236750898	0.1339764701579905	1.2470484	1.5426583	0.1820332614792426	0.1384738063794846	magnitude_rank<=0.05
rGBM	MDK_PTPRZ1_NCL_axis	MDK	LRP1	MDK→LRP1	Mural_Pericyte_Fibroblast	Malignant_hypoxia_stress_malignant	Mural_Pericyte_Fibroblast → Malignant_hypoxia_stress_malignant	microenvironment_to_malignant_or_cycling	mural_pericyte_fibroblast_to_malignant_hypoxia_stress	0.044319469041996	0.044319469041996	0.2463713640400237	1.244827	1.452992	0.1121164974328327	0.1668342750097811	magnitude_rank<=0.05
rGBM	MDK_PTPRZ1_NCL_axis	MDK	NCL	MDK→NCL	Malignant_OPC_NPC_like_malignant	Mural_Pericyte_Fibroblast	Malignant_OPC_NPC_like_malignant → Mural_Pericyte_Fibroblast	malignant_or_cycling_to_microenvironment	malignant_OPC_NPC_to_mural_pericyte_fibroblast	0.045311951817529	0.045311951817529	1.0	1.2414781	1.505002	-0.3376678304703243	-0.2500543154115076	magnitude_rank<=0.05
rGBM	MDK_PTPRZ1_NCL_axis	MDK	SDC3	MDK→SDC3	Malignant_NPC_neuronal_like_malignant	Malignant_cycling_candidate	Malignant_NPC_neuronal_like_malignant → Malignant_cycling_candidate	malignant_or_cycling_to_malignant_or_cycling	malignant_NPC_neuronal_to_malignant_cycling	0.0459124301087973	0.0459124301087973	0.1960727549564038	1.2386684	1.4906591	0.1373440451375036	0.162213070613261	magnitude_rank<=0.05
rGBM	MDK_PTPRZ1_NCL_axis	MDK	SDC3	MDK→SDC3	Malignant_OPC_NPC_like_malignant	Malignant_cycling_candidate	Malignant_OPC_NPC_like_malignant → Malignant_cycling_candidate	malignant_or_cycling_to_malignant_or_cycling	malignant_OPC_NPC_to_malignant_cycling	0.0474095682135794	0.0474095682135794	0.2103637067602267	1.2308397	1.4745355	0.1291479798928367	0.1696133779063361	magnitude_rank<=0.05
rGBM	MDK_PTPRZ1_NCL_axis	MDK	NCL	MDK→NCL	Malignant_hypoxia_stress_malignant	Malignant_cycling_candidate	Malignant_hypoxia_stress_malignant → Malignant_cycling_candidate	malignant_or_cycling_to_malignant_or_cycling	malignant_hypoxia_stress_to_malignant_cycling	0.0475727708943821	0.0475727708943821	1.0	1.2297218	1.0751104	-0.2126015839147394	-0.3866534437150692	magnitude_rank<=0.05
rGBM	MDK_PTPRZ1_NCL_axis	MDK	NCL	MDK→NCL	Malignant_AC_like_reactive_malignant	Malignant_NPC_neuronal_like_malignant	Malignant_AC_like_reactive_malignant → Malignant_NPC_neuronal_like_malignant	malignant_or_cycling_to_malignant_or_cycling	malignant_AC_reactive_to_malignant_NPC_neuronal	0.0493439912864984	0.0493439912864984	1.0	1.2212842	1.4841542	-0.3169062178993934	-0.3762916950445052	magnitude_rank<=0.05
GBM	MIF_EGFR_CD74_axis	MIF	EGFR	MIF→EGFR	Malignant_hypoxia_stress_malignant	Malignant_cycling_candidate	Malignant_hypoxia_stress_malignant → Malignant_cycling_candidate	malignant_or_cycling_to_malignant_or_cycling	malignant_hypoxia_stress_to_malignant_cycling	0.0018540023242111	0.0018540023242111	0.0512793211199019	1.8963184	3.4279988	0.3854113487044539	0.6517513668959276	magnitude_rank<=0.05
GBM	MIF_EGFR_CD74_axis	MIF	EGFR	MIF→EGFR	Oligodendrocyte_myelinating	Malignant_cycling_candidate	Oligodendrocyte_myelinating → Malignant_cycling_candidate	microenvironment_to_malignant_or_cycling	oligodendrocyte_reference_to_malignant_cycling	0.0018771359163094	0.0018771359163094	0.0512793211199019	1.8940387	3.4212215	0.3835120191563962	0.6826432375733518	magnitude_rank<=0.05
GBM	MIF_EGFR_CD74_axis	MIF	EGFR	MIF→EGFR	Malignant_hypoxia_stress_malignant	Malignant_OPC_NPC_like_malignant	Malignant_hypoxia_stress_malignant → Malignant_OPC_NPC_like_malignant	malignant_or_cycling_to_malignant_or_cycling	malignant_hypoxia_stress_to_malignant_OPC_NPC	0.0021658074172977	0.0021658074172977	0.0512793211199019	1.8801904	3.3536086	0.3733091168291768	0.8188980522725879	magnitude_rank<=0.05
GBM	MIF_EGFR_CD74_axis	MIF	EGFR	MIF→EGFR	Oligodendrocyte_myelinating	Malignant_OPC_NPC_like_malignant	Oligodendrocyte_myelinating → Malignant_OPC_NPC_like_malignant	microenvironment_to_malignant_or_cycling	oligodendrocyte_reference_to_malignant_OPC_NPC	0.0022411652034878	0.0022411652034878	0.0512793211199019	1.8779106	3.3469784	0.371409787281119	0.8497899229500121	magnitude_rank<=0.05
GBM	MIF_EGFR_CD74_axis	MIF	EGFR	MIF→EGFR	Malignant_hypoxia_stress_malignant	Malignant_AC_like_reactive_malignant	Malignant_hypoxia_stress_malignant → Malignant_AC_like_reactive_malignant	malignant_or_cycling_to_malignant_or_cycling	malignant_hypoxia_stress_to_malignant_AC_reactive	0.0113062659427891	0.0113062659427891	0.1173104001592362	1.6394372	2.2431457	0.1926485204184188	0.2114713807978792	magnitude_rank<=0.05
GBM	MIF_EGFR_CD74_axis	MIF	EGFR	MIF→EGFR	Oligodendrocyte_myelinating	Malignant_AC_like_reactive_malignant	Oligodendrocyte_myelinating → Malignant_AC_like_reactive_malignant	microenvironment_to_malignant_or_cycling	oligodendrocyte_reference_to_malignant_AC_reactive	0.0114752338876951	0.0114752338876951	0.091969183832349	1.6371574	2.2387109	0.190749190870361	0.2423632514753033	magnitude_rank<=0.05
GBM	MIF_EGFR_CD74_axis	MIF	EGFR	MIF→EGFR	Malignant_hypoxia_stress_malignant	Malignant_hypoxia_stress_malignant	Malignant_hypoxia_stress_malignant → Malignant_hypoxia_stress_malignant	malignant_or_cycling_to_malignant_or_cycling	malignant_hypoxia_stress_to_malignant_hypoxia_stress	0.0125736976436719	0.0125736976436719	0.7251396484181274	1.6075499	2.096067	0.1687202082615622	-0.0542182495316279	magnitude_rank<=0.05
GBM	MIF_EGFR_CD74_axis	MIF	EGFR	MIF→EGFR	Oligodendrocyte_myelinating	Malignant_hypoxia_stress_malignant	Oligodendrocyte_myelinating → Malignant_hypoxia_stress_malignant	microenvironment_to_malignant_or_cycling	oligodendrocyte_reference_to_malignant_hypoxia_stress	0.0126921649325505	0.0126921649325505	0.6009871263945376	1.6052701	2.091923	0.1668208787135044	-0.0233263788542037	magnitude_rank<=0.05
GBM	MIF_EGFR_CD74_axis	MIF	EGFR	MIF→EGFR	Malignant_OPC_NPC_like_malignant	Malignant_cycling_candidate	Malignant_OPC_NPC_like_malignant → Malignant_cycling_candidate	malignant_or_cycling_to_malignant_or_cycling	malignant_OPC_NPC_to_malignant_cycling	0.017108908267413	0.017108908267413	0.2679509896996074	1.5215915	2.314003	0.0734142545062767	0.1201922673927953	magnitude_rank<=0.05
GBM	MIF_EGFR_CD74_axis	MIF	EGFR	MIF→EGFR	Malignant_OPC_NPC_like_malignant	Malignant_OPC_NPC_like_malignant	Malignant_OPC_NPC_like_malignant → Malignant_OPC_NPC_like_malignant	malignant_or_cycling_to_malignant_or_cycling	malignant_OPC_NPC_to_malignant_OPC_NPC	0.0180123619549443	0.0180123619549443	0.3150141832781774	1.5054634	2.2637875	0.0613120226309995	0.2873389527694556	magnitude_rank<=0.05
GBM	MIF_EGFR_CD74_axis	MIF	EGFR	MIF→EGFR	Malignant_cycling_candidate	Malignant_cycling_candidate	Malignant_cycling_candidate → Malignant_cycling_candidate	malignant_or_cycling_to_malignant_or_cycling	malignant_cycling_to_malignant_cycling	0.0180827885194512	0.0180827885194512	0.3188912353169623	1.5054288	2.2659543	0.0599599851938459	0.1070109640138556	magnitude_rank<=0.05
GBM	MIF_EGFR_CD74_axis	MIF	EGFR	MIF→EGFR	Malignant_cycling_candidate	Malignant_OPC_NPC_like_malignant	Malignant_cycling_candidate → Malignant_OPC_NPC_like_malignant	malignant_or_cycling_to_malignant_or_cycling	malignant_cycling_to_malignant_OPC_NPC	0.019227695177588	0.019227695177588	0.3663370340820492	1.4893007	2.2167814	0.0478577533185688	0.274157649390516	magnitude_rank<=0.05
GBM	MIF_EGFR_CD74_axis	MIF	EGFR	MIF→EGFR	Malignant_AC_like_reactive_malignant	Malignant_cycling_candidate	Malignant_AC_like_reactive_malignant → Malignant_cycling_candidate	malignant_or_cycling_to_malignant_or_cycling	malignant_AC_reactive_to_malignant_cycling	0.0202573227098154	0.0202573227098154	0.4252984716458051	1.4766484	2.1803954	0.0359982099940364	0.0737872648004993	magnitude_rank<=0.05
GBM	MIF_EGFR_CD74_axis	MIF	EGFR	MIF→EGFR	Malignant_AC_like_reactive_malignant	Malignant_OPC_NPC_like_malignant	Malignant_AC_like_reactive_malignant → Malignant_OPC_NPC_like_malignant	malignant_or_cycling_to_malignant_or_cycling	malignant_AC_reactive_to_malignant_OPC_NPC	0.0218502998996522	0.0218502998996522	0.50226810850135	1.4605203	2.133079	0.0238959781187592	0.2409339501771596	magnitude_rank<=0.05
GBM	MIF_EGFR_CD74_axis	MIF	EGFR	MIF→EGFR	Malignant_NPC_neuronal_like_malignant	Malignant_cycling_candidate	Malignant_NPC_neuronal_like_malignant → Malignant_cycling_candidate	malignant_or_cycling_to_malignant_or_cycling	malignant_NPC_neuronal_to_malignant_cycling	0.0227866459608398	0.0227866459608398	0.5662651877004349	1.4512117	2.1047764	0.0148193103763938	0.0409938260102604	magnitude_rank<=0.05
GBM	MIF_EGFR_CD74_axis	MIF	EGFR	MIF→EGFR	Malignant_NPC_neuronal_like_malignant	Malignant_OPC_NPC_like_malignant	Malignant_NPC_neuronal_like_malignant → Malignant_OPC_NPC_like_malignant	malignant_or_cycling_to_malignant_or_cycling	malignant_NPC_neuronal_to_malignant_OPC_NPC	0.02496246633799	0.02496246633799	0.8837742675109369	1.4350836	2.059101	0.0027170785011166	0.2081405113869208	magnitude_rank<=0.05
GBM	MIF_EGFR_CD74_axis	MIF	EGFR	MIF→EGFR	Malignant_hypoxia_stress_malignant	Malignant_NPC_neuronal_like_malignant	Malignant_hypoxia_stress_malignant → Malignant_NPC_neuronal_like_malignant	malignant_or_cycling_to_malignant_or_cycling	malignant_hypoxia_stress_to_malignant_NPC_neuronal	0.0409315380944931	0.0409315380944931	1.0	1.3898994	1.0921638	0.0053954467922184	-0.3482844783016446	magnitude_rank<=0.05
GBM	MIF_EGFR_CD74_axis	MIF	EGFR	MIF→EGFR	Oligodendrocyte_myelinating	Malignant_NPC_neuronal_like_malignant	Oligodendrocyte_myelinating → Malignant_NPC_neuronal_like_malignant	microenvironment_to_malignant_or_cycling	oligodendrocyte_reference_to_malignant_NPC_neuronal	0.0411403712255253	0.0411403712255253	1.0	1.3876196	1.0900046	0.0034961172441606	-0.3173926076242205	magnitude_rank<=0.05
GBM	MIF_EGFR_CD74_axis	MIF	EGFR	MIF→EGFR	Mural_Pericyte_Fibroblast	Malignant_cycling_candidate	Mural_Pericyte_Fibroblast → Malignant_cycling_candidate	microenvironment_to_malignant_or_cycling	mural_pericyte_fibroblast_to_malignant_cycling	0.0425100881484035	0.0425100881484035	1.0	1.3342566	1.7570903	-0.0825553720431964	-0.0255727779887509	magnitude_rank<=0.05
GBM	MIF_EGFR_CD74_axis	MIF	EGFR	MIF→EGFR	Mural_Pericyte_Fibroblast	Malignant_OPC_NPC_like_malignant	Mural_Pericyte_Fibroblast → Malignant_OPC_NPC_like_malignant	microenvironment_to_malignant_or_cycling	mural_pericyte_fibroblast_to_malignant_OPC_NPC	0.0461926799073019	0.0461926799073019	1.0	1.3181286	1.7189602	-0.0946576039184735	0.1415739073879094	magnitude_rank<=0.05
LGG	MIF_EGFR_CD74_axis	MIF	EGFR	MIF→EGFR	Oligodendrocyte_myelinating	Malignant_cycling_candidate	Oligodendrocyte_myelinating → Malignant_cycling_candidate	microenvironment_to_malignant_or_cycling	oligodendrocyte_reference_to_malignant_cycling	0.0026303776517625	0.0026303776517625	0.0872028820474159	1.791606	2.953398	0.2873558594501079	0.2643776375986002	magnitude_rank<=0.05
LGG	MIF_EGFR_CD74_axis	MIF	EGFR	MIF→EGFR	Malignant_OPC_NPC_like_malignant	Malignant_cycling_candidate	Malignant_OPC_NPC_like_malignant → Malignant_cycling_candidate	malignant_or_cycling_to_malignant_or_cycling	malignant_OPC_NPC_to_malignant_cycling	0.0030890219107513	0.0030890219107513	0.094922368861843	1.766552	2.889	0.2531705589793498	0.2512973610976654	magnitude_rank<=0.05
LGG	MIF_EGFR_CD74_axis	MIF	EGFR	MIF→EGFR	Malignant_cycling_candidate	Malignant_cycling_candidate	Malignant_cycling_candidate → Malignant_cycling_candidate	malignant_or_cycling_to_malignant_or_cycling	malignant_cycling_to_malignant_cycling	0.0031188949042498	0.0031188949042498	0.0953608592694053	1.7659261	2.8873909	0.2523176614218729	0.198931011274082	magnitude_rank<=0.05
LGG	MIF_EGFR_CD74_axis	MIF	EGFR	MIF→EGFR	Oligodendrocyte_myelinating	Malignant_NPC_neuronal_like_malignant	Oligodendrocyte_myelinating → Malignant_NPC_neuronal_like_malignant	microenvironment_to_malignant_or_cycling	oligodendrocyte_reference_to_malignant_NPC_neuronal	0.0043237128155447	0.0043237128155447	0.1521563799908264	1.7064571	2.562051	0.1856964689518611	0.2235529064336673	magnitude_rank<=0.05
LGG	MIF_EGFR_CD74_axis	MIF	EGFR	MIF→EGFR	Oligodendrocyte_myelinating	Malignant_OPC_NPC_like_malignant	Oligodendrocyte_myelinating → Malignant_OPC_NPC_like_malignant	microenvironment_to_malignant_or_cycling	oligodendrocyte_reference_to_malignant_OPC_NPC	0.0045733919425108	0.0045733919425108	0.1680865219220661	1.6935756	2.5028474	0.1703179851425013	0.4205976080759774	magnitude_rank<=0.05
LGG	MIF_EGFR_CD74_axis	MIF	EGFR	MIF→EGFR	Malignant_OPC_NPC_like_malignant	Malignant_NPC_neuronal_like_malignant	Malignant_OPC_NPC_like_malignant → Malignant_NPC_neuronal_like_malignant	malignant_or_cycling_to_malignant_or_cycling	malignant_OPC_NPC_to_malignant_NPC_neuronal	0.0049796731495523	0.0049796731495523	0.1660797408391078	1.6814033	2.5061862	0.1515111684811031	0.2104726299327325	magnitude_rank<=0.05
LGG	MIF_EGFR_CD74_axis	MIF	EGFR	MIF→EGFR	Malignant_cycling_candidate	Malignant_NPC_neuronal_like_malignant	Malignant_cycling_candidate → Malignant_NPC_neuronal_like_malignant	malignant_or_cycling_to_malignant_or_cycling	malignant_cycling_to_malignant_NPC_neuronal	0.0050934276409633	0.0050934276409633	0.1671477743179942	1.6807773	2.5047905	0.1506582709236262	0.1581062801091491	magnitude_rank<=0.05
LGG	MIF_EGFR_CD74_axis	MIF	EGFR	MIF→EGFR	Malignant_OPC_NPC_like_malignant	Malignant_OPC_NPC_like_malignant	Malignant_OPC_NPC_like_malignant → Malignant_OPC_NPC_like_malignant	malignant_or_cycling_to_malignant_or_cycling	malignant_OPC_NPC_to_malignant_OPC_NPC	0.0055610687961231	0.0055610687961231	0.1806536088598509	1.6685219	2.4482737	0.1361326846717432	0.4075173315750426	magnitude_rank<=0.05
LGG	MIF_EGFR_CD74_axis	MIF	EGFR	MIF→EGFR	Malignant_cycling_candidate	Malignant_OPC_NPC_like_malignant	Malignant_cycling_candidate → Malignant_OPC_NPC_like_malignant	malignant_or_cycling_to_malignant_or_cycling	malignant_cycling_to_malignant_OPC_NPC	0.0056009500408839	0.0056009500408839	0.1812217015312729	1.6678958	2.4469101	0.1352797871142664	0.3551509817514593	magnitude_rank<=0.05
LGG	MIF_EGFR_CD74_axis	MIF	EGFR	MIF→EGFR	Malignant_AC_like_reactive_malignant	Malignant_cycling_candidate	Malignant_AC_like_reactive_malignant → Malignant_cycling_candidate	malignant_or_cycling_to_malignant_or_cycling	malignant_AC_reactive_to_malignant_cycling	0.0056811316812853	0.0056811316812853	0.2176705579384375	1.6636899	2.6246042	0.1128289029335625	0.0408940411143756	magnitude_rank<=0.05
LGG	MIF_EGFR_CD74_axis	MIF	EGFR	MIF→EGFR	Oligodendrocyte_myelinating	Malignant_AC_like_reactive_malignant	Oligodendrocyte_myelinating → Malignant_AC_like_reactive_malignant	microenvironment_to_malignant_or_cycling	oligodendrocyte_reference_to_malignant_AC_reactive	0.0082490439813386	0.0082490439813386	0.3337829743490674	1.5949436	2.049531	0.0525598850850287	-0.0042068278195148	magnitude_rank<=0.05
LGG	MIF_EGFR_CD74_axis	MIF	EGFR	MIF→EGFR	Malignant_AC_like_reactive_malignant	Malignant_NPC_neuronal_like_malignant	Malignant_AC_like_reactive_malignant → Malignant_NPC_neuronal_like_malignant	malignant_or_cycling_to_malignant_or_cycling	malignant_AC_reactive_to_malignant_NPC_neuronal	0.0089891418365647	0.0089891418365647	0.5299399197915775	1.578541	2.276825	0.0111695124353157	6.930994944276403e-05	magnitude_rank<=0.05
LGG	MIF_EGFR_CD74_axis	MIF	EGFR	MIF→EGFR	Malignant_OPC_NPC_like_malignant	Malignant_AC_like_reactive_malignant	Malignant_OPC_NPC_like_malignant → Malignant_AC_like_reactive_malignant	malignant_or_cycling_to_malignant_or_cycling	malignant_OPC_NPC_to_malignant_AC_reactive	0.0093451530384634	0.0093451530384634	0.5042687298229831	1.5698898	2.0048416	0.0183745846142706	-0.0172871043204496	magnitude_rank<=0.05
LGG	MIF_EGFR_CD74_axis	MIF	EGFR	MIF→EGFR	Malignant_cycling_candidate	Malignant_AC_like_reactive_malignant	Malignant_cycling_candidate → Malignant_AC_like_reactive_malignant	malignant_or_cycling_to_malignant_or_cycling	malignant_cycling_to_malignant_AC_reactive	0.0094997957685978	0.0094997957685978	0.5573658259600033	1.5692638	2.003725	0.0175216870567937	-0.069653454144033	magnitude_rank<=0.05
LGG	MIF_EGFR_CD74_axis	MIF	EGFR	MIF→EGFR	Malignant_AC_like_reactive_malignant	Malignant_OPC_NPC_like_malignant	Malignant_AC_like_reactive_malignant → Malignant_OPC_NPC_like_malignant	malignant_or_cycling_to_malignant_or_cycling	malignant_AC_reactive_to_malignant_OPC_NPC	0.0096556780695886	0.0096556780695886	0.5487565103036871	1.5656595	2.2242122	-0.004208971374044	0.1971140115917529	magnitude_rank<=0.05
LGG	MIF_EGFR_CD74_axis	MIF	EGFR	MIF→EGFR	Malignant_NPC_neuronal_like_malignant	Malignant_cycling_candidate	Malignant_NPC_neuronal_like_malignant → Malignant_cycling_candidate	malignant_or_cycling_to_malignant_or_cycling	malignant_NPC_neuronal_to_malignant_cycling	0.0135199263816812	0.0135199263816812	1.0	1.5008762	2.2061105	-0.1093121021016542	-0.1463871278431492	magnitude_rank<=0.05
LGG	MIF_EGFR_CD74_axis	MIF	EGFR	MIF→EGFR	Malignant_AC_like_reactive_malignant	Malignant_AC_like_reactive_malignant	Malignant_AC_like_reactive_malignant → Malignant_AC_like_reactive_malignant	malignant_or_cycling_to_malignant_or_cycling	malignant_AC_reactive_to_malignant_AC_reactive	0.0160869591173751	0.0160869591173751	1.0	1.4670275	1.8213623	-0.1219670714315167	-0.2276904243037394	magnitude_rank<=0.05
LGG	MIF_EGFR_CD74_axis	MIF	EGFR	MIF→EGFR	Oligodendrocyte_myelinating	Endothelial	Oligodendrocyte_myelinating → Endothelial	microenvironment_to_microenvironment	oligodendrocyte_reference_to_endothelial	0.0196724330482917	0.0196724330482917	1.0	1.419095	1.2413242	-0.1573865557534237	-0.2916226040597495	magnitude_rank<=0.05
LGG	MIF_EGFR_CD74_axis	MIF	EGFR	MIF→EGFR	Malignant_NPC_neuronal_like_malignant	Malignant_NPC_neuronal_like_malignant	Malignant_NPC_neuronal_like_malignant → Malignant_NPC_neuronal_like_malignant	malignant_or_cycling_to_malignant_or_cycling	malignant_NPC_neuronal_to_malignant_NPC_neuronal	0.020042684604409	0.020042684604409	1.0	1.4157275	1.9137846	-0.210971492599901	-0.1872118590080821	magnitude_rank<=0.05
LGG	MIF_EGFR_CD74_axis	MIF	EGFR	MIF→EGFR	Malignant_NPC_neuronal_like_malignant	Malignant_OPC_NPC_like_malignant	Malignant_NPC_neuronal_like_malignant → Malignant_OPC_NPC_like_malignant	malignant_or_cycling_to_malignant_or_cycling	malignant_NPC_neuronal_to_malignant_OPC_NPC	0.0217113275315245	0.0217113275315245	1.0	1.4028461	1.8695611	-0.2263499764092608	0.009832842634228	magnitude_rank<=0.05
LGG	MIF_EGFR_CD74_axis	MIF	EGFR	MIF→EGFR	Malignant_OPC_NPC_like_malignant	Endothelial	Malignant_OPC_NPC_like_malignant → Endothelial	malignant_or_cycling_to_microenvironment	malignant_OPC_NPC_to_endothelial	0.0230447372190005	0.0230447372190005	1.0	1.3940412	1.2142575	-0.1915718562241818	-0.3047028805606843	magnitude_rank<=0.05
LGG	MIF_EGFR_CD74_axis	MIF	EGFR	MIF→EGFR	Endothelial	Malignant_cycling_candidate	Endothelial → Malignant_cycling_candidate	microenvironment_to_malignant_or_cycling	endothelial_to_malignant_cycling	0.0232041251141953	0.0232041251141953	1.0	1.3936152	1.9304081	-0.2556582096753649	-0.2847500399010756	magnitude_rank<=0.05
LGG	MIF_EGFR_CD74_axis	MIF	EGFR	MIF→EGFR	Malignant_cycling_candidate	Endothelial	Malignant_cycling_candidate → Endothelial	malignant_or_cycling_to_microenvironment	malignant_cycling_to_endothelial	0.0232840140596638	0.0232840140596638	1.0	1.3934152	1.2135812	-0.1924247537816587	-0.3570692303842676	magnitude_rank<=0.05
LGG	MIF_EGFR_CD74_axis	MIF	EGFR	MIF→EGFR	Endothelial	Malignant_NPC_neuronal_like_malignant	Endothelial → Malignant_NPC_neuronal_like_malignant	microenvironment_to_malignant_or_cycling	endothelial_to_malignant_NPC_neuronal	0.0352716198309888	0.0352716198309888	1.0	1.3084664	1.6746149	-0.3573176001736116	-0.3255747710660085	magnitude_rank<=0.05
LGG	MIF_EGFR_CD74_axis	MIF	EGFR	MIF→EGFR	Malignant_NPC_neuronal_like_malignant	Malignant_AC_like_reactive_malignant	Malignant_NPC_neuronal_like_malignant → Malignant_AC_like_reactive_malignant	malignant_or_cycling_to_malignant_or_cycling	malignant_NPC_neuronal_to_malignant_AC_reactive	0.0363525062908658	0.0363525062908658	1.0	1.304214	1.5309457	-0.3441080764667334	-0.4149715932612643	magnitude_rank<=0.05
LGG	MIF_EGFR_CD74_axis	MIF	EGFR	MIF→EGFR	Endothelial	Malignant_OPC_NPC_like_malignant	Endothelial → Malignant_OPC_NPC_like_malignant	microenvironment_to_malignant_or_cycling	endothelial_to_malignant_OPC_NPC	0.0380534744752842	0.0380534744752842	1.0	1.295585	1.6359181	-0.3726960839829714	-0.1285300694236983	magnitude_rank<=0.05
LGG	MIF_EGFR_CD74_axis	MIF	EGFR	MIF→EGFR	Malignant_AC_like_reactive_malignant	Endothelial	Malignant_AC_like_reactive_malignant → Endothelial	malignant_or_cycling_to_microenvironment	malignant_AC_reactive_to_endothelial	0.0385607939542117	0.0385607939542117	1.0	1.291179	1.1031309	-0.3319135122699691	-0.515106200543974	magnitude_rank<=0.05
ndGBM	MIF_EGFR_CD74_axis	MIF	EGFR	MIF→EGFR	Malignant_hypoxia_stress_malignant	Malignant_AC_like_reactive_malignant	Malignant_hypoxia_stress_malignant → Malignant_AC_like_reactive_malignant	malignant_or_cycling_to_malignant_or_cycling	malignant_hypoxia_stress_to_malignant_AC_reactive	0.000319899282489	0.000319899282489	0.0476302925017105	2.0950985	3.7694907	0.451705469562086	0.7105052074808631	magnitude_rank<=0.05
ndGBM	MIF_EGFR_CD74_axis	MIF	EGFR	MIF→EGFR	Malignant_hypoxia_stress_malignant	Malignant_cycling_candidate	Malignant_hypoxia_stress_malignant → Malignant_cycling_candidate	malignant_or_cycling_to_malignant_or_cycling	malignant_hypoxia_stress_to_malignant_cycling	0.0004756089314902	0.0004756089314902	0.0476302925017105	2.0261137	3.3717976	0.4018900815837448	0.8162035540478838	magnitude_rank<=0.05
ndGBM	MIF_EGFR_CD74_axis	MIF	EGFR	MIF→EGFR	Oligodendrocyte_myelinating	Malignant_AC_like_reactive_malignant	Oligodendrocyte_myelinating → Malignant_AC_like_reactive_malignant	microenvironment_to_malignant_or_cycling	oligodendrocyte_reference_to_malignant_AC_reactive	0.0008787389763269	0.0008787389763269	0.0476302925017105	1.9143629	3.2967832	0.2777595573156624	0.4435979063385076	magnitude_rank<=0.05
ndGBM	MIF_EGFR_CD74_axis	MIF	EGFR	MIF→EGFR	Malignant_hypoxia_stress_malignant	Malignant_OPC_NPC_like_malignant	Malignant_hypoxia_stress_malignant → Malignant_OPC_NPC_like_malignant	malignant_or_cycling_to_malignant_or_cycling	malignant_hypoxia_stress_to_malignant_OPC_NPC	0.0012565387126279	0.0012565387126279	0.0476302925017105	1.8810709	2.5356355	0.2971502037013966	0.738801693315567	magnitude_rank<=0.05
ndGBM	MIF_EGFR_CD74_axis	MIF	EGFR	MIF→EGFR	Oligodendrocyte_myelinating	Malignant_cycling_candidate	Oligodendrocyte_myelinating → Malignant_cycling_candidate	microenvironment_to_malignant_or_cycling	oligodendrocyte_reference_to_malignant_cycling	0.0013754165071757	0.0013754165071757	0.0683599473991127	1.8453779	2.9489622	0.2279441693373213	0.5492962529055283	magnitude_rank<=0.05
ndGBM	MIF_EGFR_CD74_axis	MIF	EGFR	MIF→EGFR	Mural_Pericyte_Fibroblast	Malignant_AC_like_reactive_malignant	Mural_Pericyte_Fibroblast → Malignant_AC_like_reactive_malignant	microenvironment_to_malignant_or_cycling	mural_pericyte_fibroblast_to_malignant_AC_reactive	0.0017745670536341	0.0017745670536341	0.1071126606288271	1.8069239	3.0157804	0.1743602864382095	0.2022632387698875	magnitude_rank<=0.05
ndGBM	MIF_EGFR_CD74_axis	MIF	EGFR	MIF→EGFR	Malignant_cycling_candidate	Malignant_AC_like_reactive_malignant	Malignant_cycling_candidate → Malignant_AC_like_reactive_malignant	malignant_or_cycling_to_malignant_or_cycling	malignant_cycling_to_malignant_AC_reactive	0.0018279968439936	0.0018279968439936	0.1109320557993621	1.8029699	3.0054395	0.170556975189682	0.1733330682501643	magnitude_rank<=0.05
ndGBM	MIF_EGFR_CD74_axis	MIF	EGFR	MIF→EGFR	Malignant_OPC_NPC_like_malignant	Malignant_AC_like_reactive_malignant	Malignant_OPC_NPC_like_malignant → Malignant_AC_like_reactive_malignant	malignant_or_cycling_to_malignant_or_cycling	malignant_OPC_NPC_to_malignant_AC_reactive	0.0026582420941885	0.0026582420941885	0.2034504442179337	1.7652333	2.9067407	0.1342358280701338	0.0700202261422755	magnitude_rank<=0.05
ndGBM	MIF_EGFR_CD74_axis	MIF	EGFR	MIF→EGFR	Mural_Pericyte_Fibroblast	Malignant_cycling_candidate	Mural_Pericyte_Fibroblast → Malignant_cycling_candidate	microenvironment_to_malignant_or_cycling	mural_pericyte_fibroblast_to_malignant_cycling	0.0033304131763921	0.0033304131763921	0.1728873098295849	1.7379389	2.697606	0.1245448984598683	0.3079615853369082	magnitude_rank<=0.05
ndGBM	MIF_EGFR_CD74_axis	MIF	EGFR	MIF→EGFR	Malignant_cycling_candidate	Malignant_cycling_candidate	Malignant_cycling_candidate → Malignant_cycling_candidate	malignant_or_cycling_to_malignant_or_cycling	malignant_cycling_to_malignant_cycling	0.0034619891419997	0.0034619891419997	0.1795354412952344	1.7339852	2.6883562	0.1207415872113409	0.2790314148171851	magnitude_rank<=0.05
ndGBM	MIF_EGFR_CD74_axis	MIF	EGFR	MIF→EGFR	Malignant_NPC_neuronal_like_malignant	Malignant_AC_like_reactive_malignant	Malignant_NPC_neuronal_like_malignant → Malignant_AC_like_reactive_malignant	malignant_or_cycling_to_malignant_or_cycling	malignant_NPC_neuronal_to_malignant_AC_reactive	0.0041252913750224	0.0041252913750224	0.2760867004502009	1.7077329	2.7563503	0.0788980169542554	0.1084340148164042	magnitude_rank<=0.05
ndGBM	MIF_EGFR_CD74_axis	MIF	EGFR	MIF→EGFR	Oligodendrocyte_myelinating	Malignant_OPC_NPC_like_malignant	Oligodendrocyte_myelinating → Malignant_OPC_NPC_like_malignant	microenvironment_to_malignant_or_cycling	oligodendrocyte_reference_to_malignant_OPC_NPC	0.0042877486967959	0.0042877486967959	0.1754070441216592	1.7003351	2.2176578	0.1232042914549731	0.4718943921732115	magnitude_rank<=0.05
ndGBM	MIF_EGFR_CD74_axis	MIF	EGFR	MIF→EGFR	Malignant_OPC_NPC_like_malignant	Malignant_cycling_candidate	Malignant_OPC_NPC_like_malignant → Malignant_cycling_candidate	malignant_or_cycling_to_malignant_or_cycling	malignant_OPC_NPC_to_malignant_cycling	0.0043701355111661	0.0043701355111661	0.2605427754715705	1.6962485	2.6000705	0.0844204400917927	0.1757185727092962	magnitude_rank<=0.05
ndGBM	MIF_EGFR_CD74_axis	MIF	EGFR	MIF→EGFR	Malignant_NPC_neuronal_like_malignant	Malignant_cycling_candidate	Malignant_NPC_neuronal_like_malignant → Malignant_cycling_candidate	malignant_or_cycling_to_malignant_or_cycling	malignant_NPC_neuronal_to_malignant_cycling	0.0061012492425805	0.0061012492425805	0.4623172248697759	1.6387479	2.4655466	0.0290826289759142	0.2141323613834249	magnitude_rank<=0.05
ndGBM	MIF_EGFR_CD74_axis	MIF	EGFR	MIF→EGFR	Mural_Pericyte_Fibroblast	Malignant_OPC_NPC_like_malignant	Mural_Pericyte_Fibroblast → Malignant_OPC_NPC_like_malignant	microenvironment_to_malignant_or_cycling	mural_pericyte_fibroblast_to_malignant_OPC_NPC	0.0078916843939738	0.0078916843939738	0.81070793216478	1.5928961	2.0286348	0.0198050205775201	0.2305597246045914	magnitude_rank<=0.05
ndGBM	MIF_EGFR_CD74_axis	MIF	EGFR	MIF→EGFR	Malignant_cycling_candidate	Malignant_OPC_NPC_like_malignant	Malignant_cycling_candidate → Malignant_OPC_NPC_like_malignant	malignant_or_cycling_to_malignant_or_cycling	malignant_cycling_to_malignant_OPC_NPC	0.0081369366897906	0.0081369366897906	0.5584903845954622	1.5889423	2.0216787	0.0160017093289927	0.2016295540848682	magnitude_rank<=0.05
ndGBM	MIF_EGFR_CD74_axis	MIF	EGFR	MIF→EGFR	Malignant_AC_like_reactive_malignant	Malignant_AC_like_reactive_malignant	Malignant_AC_like_reactive_malignant → Malignant_AC_like_reactive_malignant	malignant_or_cycling_to_malignant_or_cycling	malignant_AC_reactive_to_malignant_AC_reactive	0.0084772879845277	0.0084772879845277	0.9995587611410992	1.5774496	2.4155993	-0.0464889752330786	-0.0673437977945361	magnitude_rank<=0.05
ndGBM	MIF_EGFR_CD74_axis	MIF	EGFR	MIF→EGFR	Malignant_OPC_NPC_like_malignant	Malignant_OPC_NPC_like_malignant	Malignant_OPC_NPC_like_malignant → Malignant_OPC_NPC_like_malignant	malignant_or_cycling_to_malignant_or_cycling	malignant_OPC_NPC_to_malignant_OPC_NPC	0.0095878366806786	0.0095878366806786	1.0	1.5512056	1.9552865	-0.0203194377905554	0.0983167119769794	magnitude_rank<=0.05
ndGBM	MIF_EGFR_CD74_axis	MIF	EGFR	MIF→EGFR	Malignant_AC_like_reactive_malignant	Malignant_cycling_candidate	Malignant_AC_like_reactive_malignant → Malignant_cycling_candidate	malignant_or_cycling_to_malignant_or_cycling	malignant_AC_reactive_to_malignant_cycling	0.0115778497996426	0.0115778497996426	1.0	1.5084648	2.160746	-0.0963043632114198	0.0383545487724845	magnitude_rank<=0.05
ndGBM	MIF_EGFR_CD74_axis	MIF	EGFR	MIF→EGFR	Malignant_NPC_neuronal_like_malignant	Malignant_OPC_NPC_like_malignant	Malignant_NPC_neuronal_like_malignant → Malignant_OPC_NPC_like_malignant	malignant_or_cycling_to_malignant_or_cycling	malignant_NPC_neuronal_to_malignant_OPC_NPC	0.0126691646491551	0.0126691646491551	1.0	1.4937052	1.854123	-0.0756572489064339	0.1367305006511081	magnitude_rank<=0.05
ndGBM	MIF_EGFR_CD74_axis	MIF	EGFR	MIF→EGFR	Endothelial	Malignant_AC_like_reactive_malignant	Endothelial → Malignant_AC_like_reactive_malignant	microenvironment_to_malignant_or_cycling	endothelial_to_malignant_AC_reactive	0.0152990079819109	0.0152990079819109	1.0	1.4536641	2.091843	-0.1656204483748255	-0.2952738084638544	magnitude_rank<=0.05
ndGBM	MIF_EGFR_CD74_axis	MIF	EGFR	MIF→EGFR	Endothelial	Malignant_cycling_candidate	Endothelial → Malignant_cycling_candidate	microenvironment_to_malignant_or_cycling	endothelial_to_malignant_cycling	0.0201441592247326	0.0201441592247326	1.0	1.3846793	1.871147	-0.2154358363531666	-0.1895754618968337	magnitude_rank<=0.05
ndGBM	MIF_EGFR_CD74_axis	MIF	EGFR	MIF→EGFR	Malignant_AC_like_reactive_malignant	Malignant_OPC_NPC_like_malignant	Malignant_AC_like_reactive_malignant → Malignant_OPC_NPC_like_malignant	malignant_or_cycling_to_malignant_or_cycling	malignant_AC_reactive_to_malignant_OPC_NPC	0.0226591420719803	0.0226591420719803	1.0	1.3634219	1.6249089	-0.201044241093768	-0.0390473119598322	magnitude_rank<=0.05
ndGBM	MIF_EGFR_CD74_axis	MIF	EGFR	MIF→EGFR	Malignant_hypoxia_stress_malignant	Malignant_hypoxia_stress_malignant	Malignant_hypoxia_stress_malignant → Malignant_hypoxia_stress_malignant	malignant_or_cycling_to_malignant_or_cycling	malignant_hypoxia_stress_to_malignant_hypoxia_stress	0.0306676174420208	0.0306676174420208	1.0	1.6080647	0.96177363	0.1000040297961323	-0.4586764841871715	magnitude_rank<=0.05
ndGBM	MIF_EGFR_CD74_axis	MIF	EGFR	MIF→EGFR	Malignant_hypoxia_stress_malignant	Endothelial	Malignant_hypoxia_stress_malignant → Endothelial	malignant_or_cycling_to_microenvironment	malignant_hypoxia_stress_to_endothelial	0.0309673656913615	0.0309673656913615	1.0	1.6073146	0.9574494	0.0994624175280546	-0.5729918837435508	magnitude_rank<=0.05
ndGBM	MIF_EGFR_CD74_axis	MIF	EGFR	MIF→EGFR	Endothelial	Malignant_OPC_NPC_like_malignant	Endothelial → Malignant_OPC_NPC_like_malignant	microenvironment_to_malignant_or_cycling	endothelial_to_malignant_OPC_NPC	0.0386249826843703	0.0386249826843703	1.0	1.2396364	1.4071268	-0.3201757142355148	-0.2669773226291505	magnitude_rank<=0.05
ndGBM	MIF_EGFR_CD74_axis	MIF	EGFR	MIF→EGFR	Oligodendrocyte_myelinating	Malignant_hypoxia_stress_malignant	Oligodendrocyte_myelinating → Malignant_hypoxia_stress_malignant	microenvironment_to_malignant_or_cycling	oligodendrocyte_reference_to_malignant_hypoxia_stress	0.0432812653823581	0.0432812653823581	1.0	1.427329	0.8411638	-0.0739418824502912	-0.725583785329527	magnitude_rank<=0.05
ndGBM	MIF_EGFR_CD74_axis	MIF	EGFR	MIF→EGFR	Oligodendrocyte_myelinating	Endothelial	Oligodendrocyte_myelinating → Endothelial	microenvironment_to_microenvironment	oligodendrocyte_reference_to_endothelial	0.0440393952554178	0.0440393952554178	1.0	1.4265789	0.83738184	-0.0744834947183689	-0.8398991848859063	magnitude_rank<=0.05
rGBM	MIF_EGFR_CD74_axis	MIF	EGFR	MIF→EGFR	Malignant_hypoxia_stress_malignant	Malignant_hypoxia_stress_malignant	Malignant_hypoxia_stress_malignant → Malignant_hypoxia_stress_malignant	malignant_or_cycling_to_malignant_or_cycling	malignant_hypoxia_stress_to_malignant_hypoxia_stress	0.0056679948288403	0.0056679948288403	0.0395057426408424	1.697083	2.7513375	0.4369057398788339	0.9062108251786318	magnitude_rank<=0.05
rGBM	MIF_EGFR_CD74_axis	MIF	EGFR	MIF→EGFR	Malignant_hypoxia_stress_malignant	Malignant_OPC_NPC_like_malignant	Malignant_hypoxia_stress_malignant → Malignant_OPC_NPC_like_malignant	malignant_or_cycling_to_malignant_or_cycling	malignant_hypoxia_stress_to_malignant_OPC_NPC	0.0066398782960193	0.0066398782960193	0.0395057426408424	1.6705649	2.6423	0.4158881220579301	1.0846703398355453	magnitude_rank<=0.05
rGBM	MIF_EGFR_CD74_axis	MIF	EGFR	MIF→EGFR	Oligodendrocyte_myelinating	Malignant_hypoxia_stress_malignant	Oligodendrocyte_myelinating → Malignant_hypoxia_stress_malignant	microenvironment_to_malignant_or_cycling	oligodendrocyte_reference_to_malignant_hypoxia_stress	0.0087910731809112	0.0087910731809112	0.0395057426408424	1.60925	2.5162504	0.3363781023027691	0.6275032273173742	magnitude_rank<=0.05
rGBM	MIF_EGFR_CD74_axis	MIF	EGFR	MIF→EGFR	Oligodendrocyte_myelinating	Malignant_OPC_NPC_like_malignant	Oligodendrocyte_myelinating → Malignant_OPC_NPC_like_malignant	microenvironment_to_malignant_or_cycling	oligodendrocyte_reference_to_malignant_OPC_NPC	0.0097949440054084	0.0097949440054084	0.0440789121542303	1.5827317	2.4165292	0.3153604844818651	0.8059627419742876	magnitude_rank<=0.05
rGBM	MIF_EGFR_CD74_axis	MIF	EGFR	MIF→EGFR	Malignant_hypoxia_stress_malignant	Malignant_cycling_candidate	Malignant_hypoxia_stress_malignant → Malignant_cycling_candidate	malignant_or_cycling_to_malignant_or_cycling	malignant_hypoxia_stress_to_malignant_cycling	0.0146378044181351	0.0146378044181351	0.0748995976705869	1.4767113	1.8452104	0.2622531985400405	0.2111126992087661	magnitude_rank<=0.05
rGBM	MIF_EGFR_CD74_axis	MIF	EGFR	MIF→EGFR	Malignant_hypoxia_stress_malignant	Malignant_AC_like_reactive_malignant	Malignant_hypoxia_stress_malignant → Malignant_AC_like_reactive_malignant	malignant_or_cycling_to_malignant_or_cycling	malignant_hypoxia_stress_to_malignant_AC_reactive	0.0146610158903378	0.0146610158903378	0.0750061404669437	1.476619	1.8448312	0.262180463125044	0.3448769126466378	magnitude_rank<=0.05
rGBM	MIF_EGFR_CD74_axis	MIF	EGFR	MIF→EGFR	Endothelial	Malignant_hypoxia_stress_malignant	Endothelial → Malignant_hypoxia_stress_malignant	microenvironment_to_malignant_or_cycling	endothelial_to_malignant_hypoxia_stress	0.0190761251912002	0.0190761251912002	0.2233608621879428	1.4227116	2.016976	0.1228819262033701	0.2003542327107623	magnitude_rank<=0.05
rGBM	MIF_EGFR_CD74_axis	MIF	EGFR	MIF→EGFR	Malignant_cycling_candidate	Malignant_hypoxia_stress_malignant	Malignant_cycling_candidate → Malignant_hypoxia_stress_malignant	malignant_or_cycling_to_malignant_or_cycling	malignant_cycling_to_malignant_hypoxia_stress	0.0205536340231098	0.0205536340231098	0.2775291091998482	1.4013977	1.9599295	0.0984864343048221	0.1859181108546244	magnitude_rank<=0.05
rGBM	MIF_EGFR_CD74_axis	MIF	EGFR	MIF→EGFR	Endothelial	Malignant_OPC_NPC_like_malignant	Endothelial → Malignant_OPC_NPC_like_malignant	microenvironment_to_malignant_or_cycling	endothelial_to_malignant_OPC_NPC	0.0212150244095877	0.0212150244095877	0.2699298790637202	1.3961934	1.9370419	0.1018643083824662	0.3788137473676758	magnitude_rank<=0.05
rGBM	MIF_EGFR_CD74_axis	MIF	EGFR	MIF→EGFR	Oligodendrocyte_myelinating	Malignant_cycling_candidate	Oligodendrocyte_myelinating → Malignant_cycling_candidate	microenvironment_to_malignant_or_cycling	oligodendrocyte_reference_to_malignant_cycling	0.0220842593084433	0.0220842593084433	0.7375711848085269	1.3888781	1.687547	0.1617255609639756	-0.0675948986524914	magnitude_rank<=0.05
rGBM	MIF_EGFR_CD74_axis	MIF	EGFR	MIF→EGFR	Oligodendrocyte_myelinating	Malignant_AC_like_reactive_malignant	Oligodendrocyte_myelinating → Malignant_AC_like_reactive_malignant	microenvironment_to_malignant_or_cycling	oligodendrocyte_reference_to_malignant_AC_reactive	0.0221125777039561	0.0221125777039561	0.2123924813251421	1.388786	1.6872002	0.1616528255489791	0.0661693147853801	magnitude_rank<=0.05
rGBM	MIF_EGFR_CD74_axis	MIF	EGFR	MIF→EGFR	Malignant_OPC_NPC_like_malignant	Malignant_hypoxia_stress_malignant	Malignant_OPC_NPC_like_malignant → Malignant_hypoxia_stress_malignant	malignant_or_cycling_to_malignant_or_cycling	malignant_OPC_NPC_to_malignant_hypoxia_stress	0.0235216423341035	0.0235216423341035	0.3521693372914256	1.3772593	1.895322	0.070861840277286	0.1190993361869789	magnitude_rank<=0.05
rGBM	MIF_EGFR_CD74_axis	MIF	EGFR	MIF→EGFR	Malignant_cycling_candidate	Malignant_OPC_NPC_like_malignant	Malignant_cycling_candidate → Malignant_OPC_NPC_like_malignant	malignant_or_cycling_to_malignant_or_cycling	malignant_cycling_to_malignant_OPC_NPC	0.023755672217321	0.023755672217321	0.3323701756422347	1.3748796	1.8822559	0.0774688164839181	0.3643776255115378	magnitude_rank<=0.05
rGBM	MIF_EGFR_CD74_axis	MIF	EGFR	MIF→EGFR	Malignant_AC_like_reactive_malignant	Malignant_hypoxia_stress_malignant	Malignant_AC_like_reactive_malignant → Malignant_hypoxia_stress_malignant	malignant_or_cycling_to_malignant_or_cycling	malignant_AC_reactive_to_malignant_hypoxia_stress	0.0238731051329518	0.0238731051329518	0.3633504973435221	1.3739204	1.8863858	0.0670384822051085	0.1871132830896351	magnitude_rank<=0.05
rGBM	MIF_EGFR_CD74_axis	MIF	EGFR	MIF→EGFR	Mural_Pericyte_Fibroblast	Malignant_hypoxia_stress_malignant	Mural_Pericyte_Fibroblast → Malignant_hypoxia_stress_malignant	microenvironment_to_malignant_or_cycling	mural_pericyte_fibroblast_to_malignant_hypoxia_stress	0.0239025052203714	0.0239025052203714	0.3653560870484467	1.3733774	1.8849324	0.066418178793436	0.2363958356470472	magnitude_rank<=0.05
rGBM	MIF_EGFR_CD74_axis	MIF	EGFR	MIF→EGFR	Malignant_hypoxia_stress_malignant	Mural_Pericyte_Fibroblast	Malignant_hypoxia_stress_malignant → Mural_Pericyte_Fibroblast	malignant_or_cycling_to_microenvironment	malignant_hypoxia_stress_to_mural_pericyte_fibroblast	0.0261878618210295	0.0261878618210295	1.0	1.3510821	1.3286473	0.1626885097002351	-0.4478896037376505	magnitude_rank<=0.05
rGBM	MIF_EGFR_CD74_axis	MIF	EGFR	MIF→EGFR	Malignant_OPC_NPC_like_malignant	Malignant_OPC_NPC_like_malignant	Malignant_OPC_NPC_like_malignant → Malignant_OPC_NPC_like_malignant	malignant_or_cycling_to_malignant_or_cycling	malignant_OPC_NPC_to_malignant_OPC_NPC	0.0262493558876603	0.0262493558876603	0.4295814362872449	1.350741	1.8202089	0.049844222456382	0.2975588508438924	magnitude_rank<=0.05
rGBM	MIF_EGFR_CD74_axis	MIF	EGFR	MIF→EGFR	Malignant_AC_like_reactive_malignant	Malignant_OPC_NPC_like_malignant	Malignant_AC_like_reactive_malignant → Malignant_OPC_NPC_like_malignant	malignant_or_cycling_to_malignant_or_cycling	malignant_AC_reactive_to_malignant_OPC_NPC	0.0267748478654763	0.0267748478654763	0.4409400083222525	1.3474023	1.8116268	0.0460208643842046	0.3655727977465486	magnitude_rank<=0.05
rGBM	MIF_EGFR_CD74_axis	MIF	EGFR	MIF→EGFR	Mural_Pericyte_Fibroblast	Malignant_OPC_NPC_like_malignant	Mural_Pericyte_Fibroblast → Malignant_OPC_NPC_like_malignant	microenvironment_to_malignant_or_cycling	mural_pericyte_fibroblast_to_malignant_OPC_NPC	0.026868099048502	0.026868099048502	0.4434607394111344	1.3468592	1.8102311	0.0454005609725321	0.4148553503039607	magnitude_rank<=0.05
rGBM	MIF_EGFR_CD74_axis	MIF	EGFR	MIF→EGFR	Oligodendrocyte_myelinating	Mural_Pericyte_Fibroblast	Oligodendrocyte_myelinating → Mural_Pericyte_Fibroblast	microenvironment_to_microenvironment	oligodendrocyte_reference_to_mural_pericyte_fibroblast	0.0406810297210144	0.0406810297210144	1.0	1.263249	1.2151214	0.0621608721241702	-0.7265972015989082	magnitude_rank<=0.05
GBM	PTN_PTPRZ1_NCL_SDC3_axis	PTN	PTPRZ1	PTN→PTPRZ1	Mural_Pericyte_Fibroblast	Malignant_OPC_NPC_like_malignant	Mural_Pericyte_Fibroblast → Malignant_OPC_NPC_like_malignant	microenvironment_to_malignant_or_cycling	mural_pericyte_fibroblast_to_malignant_OPC_NPC	6.58006795662552e-07	6.58006795662552e-07	0.0512793211199019	2.8053403	7.70819	0.544189600182236	1.025504983935815	magnitude_rank<=0.05
GBM	PTN_PTPRZ1_NCL_SDC3_axis	PTN	PTPRZ1	PTN→PTPRZ1	Malignant_OPC_NPC_like_malignant	Malignant_OPC_NPC_like_malignant	Malignant_OPC_NPC_like_malignant → Malignant_OPC_NPC_like_malignant	malignant_or_cycling_to_malignant_or_cycling	malignant_OPC_NPC_to_malignant_OPC_NPC	1.1697195506351152e-06	1.1697195506351152e-06	0.0512793211199019	2.7933598	7.6506076	0.5358984980400394	1.0572846167860217	magnitude_rank<=0.05
GBM	PTN_PTPRZ1_NCL_SDC3_axis	PTN	PTPRZ1	PTN→PTPRZ1	Malignant_cycling_candidate	Malignant_OPC_NPC_like_malignant	Malignant_cycling_candidate → Malignant_OPC_NPC_like_malignant	malignant_or_cycling_to_malignant_or_cycling	malignant_cycling_to_malignant_OPC_NPC	3.5816201661251434e-06	3.5816201661251434e-06	0.0512793211199019	2.6797526	7.1045737	0.4572552526352887	0.8028254409761424	magnitude_rank<=0.05
GBM	PTN_PTPRZ1_NCL_SDC3_axis	PTN	PTPRZ1	PTN→PTPRZ1	Mural_Pericyte_Fibroblast	Malignant_cycling_candidate	Mural_Pericyte_Fibroblast → Malignant_cycling_candidate	microenvironment_to_malignant_or_cycling	mural_pericyte_fibroblast_to_malignant_cycling	5.919925545726781e-06	5.919925545726781e-06	0.0512793211199019	2.624373	6.547279	0.4050329807927441	0.5810907034282324	magnitude_rank<=0.05
GBM	PTN_PTPRZ1_NCL_SDC3_axis	PTN	PTPRZ1	PTN→PTPRZ1	Malignant_OPC_NPC_like_malignant	Malignant_cycling_candidate	Malignant_OPC_NPC_like_malignant → Malignant_cycling_candidate	malignant_or_cycling_to_malignant_or_cycling	malignant_OPC_NPC_to_malignant_cycling	7.308110629449486e-06	7.308110629449486e-06	0.0512793211199019	2.6123924	6.498369	0.3967418786505474	0.6128703362784391	magnitude_rank<=0.05
GBM	PTN_PTPRZ1_NCL_SDC3_axis	PTN	PTPRZ1	PTN→PTPRZ1	Malignant_AC_like_reactive_malignant	Malignant_OPC_NPC_like_malignant	Malignant_AC_like_reactive_malignant → Malignant_OPC_NPC_like_malignant	malignant_or_cycling_to_malignant_or_cycling	malignant_AC_reactive_to_malignant_OPC_NPC	1.432045172601488e-05	1.432045172601488e-05	0.0512793211199019	2.5228734	6.3505607	0.3486567297646598	0.6905452610858249	magnitude_rank<=0.05
GBM	PTN_PTPRZ1_NCL_SDC3_axis	PTN	PTPRZ1	PTN→PTPRZ1	Malignant_cycling_candidate	Malignant_cycling_candidate	Malignant_cycling_candidate → Malignant_cycling_candidate	malignant_or_cycling_to_malignant_or_cycling	malignant_cycling_to_malignant_cycling	1.8702013612619524e-05	1.8702013612619524e-05	0.0512793211199019	2.4987853	6.034572	0.3180986332457967	0.3584111604685598	magnitude_rank<=0.05
GBM	PTN_PTPRZ1_NCL_SDC3_axis	PTN	PTPRZ1	PTN→PTPRZ1	Mural_Pericyte_Fibroblast	Malignant_AC_like_reactive_malignant	Mural_Pericyte_Fibroblast → Malignant_AC_like_reactive_malignant	microenvironment_to_malignant_or_cycling	mural_pericyte_fibroblast_to_malignant_AC_reactive	2.921486543766472e-05	2.921486543766472e-05	0.0512793211199019	2.4484375	5.418648	0.2697538789912633	0.3972027016656967	magnitude_rank<=0.05
GBM	PTN_PTPRZ1_NCL_SDC3_axis	PTN	PTPRZ1	PTN→PTPRZ1	Malignant_OPC_NPC_like_malignant	Malignant_AC_like_reactive_malignant	Malignant_OPC_NPC_like_malignant → Malignant_AC_like_reactive_malignant	malignant_or_cycling_to_malignant_or_cycling	malignant_OPC_NPC_to_malignant_AC_reactive	3.220745325146535e-05	3.220745325146535e-05	0.0512793211199019	2.436457	5.3781686	0.2614627768490666	0.4289823345159034	magnitude_rank<=0.05
GBM	PTN_PTPRZ1_NCL_SDC3_axis	PTN	PTPRZ1	PTN→PTPRZ1	Malignant_AC_like_reactive_malignant	Malignant_cycling_candidate	Malignant_AC_like_reactive_malignant → Malignant_cycling_candidate	malignant_or_cycling_to_malignant_or_cycling	malignant_AC_reactive_to_malignant_cycling	4.563449279677138e-05	4.563449279677138e-05	0.088692777710772	2.341906	5.3941193	0.2095001103751679	0.2461309805782423	magnitude_rank<=0.05
GBM	PTN_PTPRZ1_NCL_SDC3_axis	PTN	PTPRZ1	PTN→PTPRZ1	Malignant_cycling_candidate	Malignant_AC_like_reactive_malignant	Malignant_cycling_candidate → Malignant_AC_like_reactive_malignant	malignant_or_cycling_to_malignant_or_cycling	malignant_cycling_to_malignant_AC_reactive	5.3221670843888046e-05	5.3221670843888046e-05	0.1522269918073672	2.3228498	4.994322	0.1828195314443159	0.174523158706024	magnitude_rank<=0.05
GBM	PTN_PTPRZ1_NCL_SDC3_axis	PTN	NCL	PTN→NCL	Mural_Pericyte_Fibroblast	Malignant_cycling_candidate	Mural_Pericyte_Fibroblast → Malignant_cycling_candidate	microenvironment_to_malignant_or_cycling	mural_pericyte_fibroblast_to_malignant_cycling	9.988561956200552e-05	9.988561956200552e-05	0.0636344408649519	2.245082	4.1141157	0.3576817787132232	0.629163811488122	magnitude_rank<=0.05
GBM	PTN_PTPRZ1_NCL_SDC3_axis	PTN	NCL	PTN→NCL	Malignant_OPC_NPC_like_malignant	Malignant_cycling_candidate	Malignant_OPC_NPC_like_malignant → Malignant_cycling_candidate	malignant_or_cycling_to_malignant_or_cycling	malignant_OPC_NPC_to_malignant_cycling	0.0001053514555162	0.0001053514555162	0.0655287284500101	2.2331014	4.083382	0.3493906765710265	0.6609434443383286	magnitude_rank<=0.05
GBM	PTN_PTPRZ1_NCL_SDC3_axis	PTN	PTPRZ1	PTN→PTPRZ1	Malignant_AC_like_reactive_malignant	Malignant_AC_like_reactive_malignant	Malignant_AC_like_reactive_malignant → Malignant_AC_like_reactive_malignant	malignant_or_cycling_to_malignant_or_cycling	malignant_AC_reactive_to_malignant_AC_reactive	0.0001822633293312	0.0001822633293312	0.3458905170106139	2.1659708	4.4642715	0.074221008573687	0.0622429788157066	magnitude_rank<=0.05
GBM	PTN_PTPRZ1_NCL_SDC3_axis	PTN	NCL	PTN→NCL	Mural_Pericyte_Fibroblast	Malignant_OPC_NPC_like_malignant	Mural_Pericyte_Fibroblast → Malignant_OPC_NPC_like_malignant	microenvironment_to_malignant_or_cycling	mural_pericyte_fibroblast_to_malignant_OPC_NPC	0.0002204722023753	0.0002204722023753	0.1195752131194573	2.1537168	3.5280063	0.2654903249749578	0.5011535768412623	magnitude_rank<=0.05
GBM	PTN_PTPRZ1_NCL_SDC3_axis	PTN	NCL	PTN→NCL	Malignant_OPC_NPC_like_malignant	Malignant_OPC_NPC_like_malignant	Malignant_OPC_NPC_like_malignant → Malignant_OPC_NPC_like_malignant	malignant_or_cycling_to_malignant_or_cycling	malignant_OPC_NPC_to_malignant_OPC_NPC	0.0002451352791058	0.0002451352791058	0.1236705150175604	2.1417363	3.501651	0.2571992228327612	0.532933209691469	magnitude_rank<=0.05
GBM	PTN_PTPRZ1_NCL_SDC3_axis	PTN	PTPRZ1	PTN→PTPRZ1	Malignant_hypoxia_stress_malignant	Malignant_OPC_NPC_like_malignant	Malignant_hypoxia_stress_malignant → Malignant_OPC_NPC_like_malignant	malignant_or_cycling_to_malignant_or_cycling	malignant_hypoxia_stress_to_malignant_OPC_NPC	0.0002800454223929	0.0002800454223929	0.3947391630692484	2.1275938	4.450715	0.0750283669816084	0.0414209160481884	magnitude_rank<=0.05
GBM	PTN_PTPRZ1_NCL_SDC3_axis	PTN	NCL	PTN→NCL	Malignant_cycling_candidate	Malignant_cycling_candidate	Malignant_cycling_candidate → Malignant_cycling_candidate	malignant_or_cycling_to_malignant_or_cycling	malignant_cycling_to_malignant_cycling	0.0003172693659718	0.0003172693659718	0.0892742996549549	2.1194942	3.791946	0.2707474311662758	0.4064842685284493	magnitude_rank<=0.05
GBM	PTN_PTPRZ1_NCL_SDC3_axis	PTN	PTPRZ1	PTN→PTPRZ1	Mural_Pericyte_Fibroblast	Malignant_hypoxia_stress_malignant	Mural_Pericyte_Fibroblast → Malignant_hypoxia_stress_malignant	microenvironment_to_malignant_or_cycling	mural_pericyte_fibroblast_to_malignant_hypoxia_stress	0.0004315522789876	0.0004315522789876	1.0	2.1239364	3.336964	0.0202334890069109	-0.1690147025871682	magnitude_rank<=0.05
GBM	PTN_PTPRZ1_NCL_SDC3_axis	PTN	NCL	PTN→NCL	Mural_Pericyte_Fibroblast	Malignant_hypoxia_stress_malignant	Mural_Pericyte_Fibroblast → Malignant_hypoxia_stress_malignant	microenvironment_to_malignant_or_cycling	mural_pericyte_fibroblast_to_malignant_hypoxia_stress	0.000442807503081	0.000442807503081	0.1471956383770252	2.1231327	3.3318074	0.2346303350056155	0.3237934804538946	magnitude_rank<=0.05
GBM	PTN_PTPRZ1_NCL_SDC3_axis	PTN	PTPRZ1	PTN→PTPRZ1	Malignant_OPC_NPC_like_malignant	Malignant_hypoxia_stress_malignant	Malignant_OPC_NPC_like_malignant → Malignant_hypoxia_stress_malignant	malignant_or_cycling_to_malignant_or_cycling	malignant_OPC_NPC_to_malignant_hypoxia_stress	0.0004892700156834	0.0004892700156834	1.0	2.111956	3.3120358	0.0119423868647143	-0.1372350697369615	magnitude_rank<=0.05
GBM	PTN_PTPRZ1_NCL_SDC3_axis	PTN	NCL	PTN→NCL	Malignant_OPC_NPC_like_malignant	Malignant_hypoxia_stress_malignant	Malignant_OPC_NPC_like_malignant → Malignant_hypoxia_stress_malignant	malignant_or_cycling_to_malignant_or_cycling	malignant_OPC_NPC_to_malignant_hypoxia_stress	0.0005012458838258	0.0005012458838258	0.1513589855121271	2.1111522	3.3069177	0.2263392328634189	0.3555731133041013	magnitude_rank<=0.05
GBM	PTN_PTPRZ1_NCL_SDC3_axis	PTN	PTPRZ1	PTN→PTPRZ1	Malignant_NPC_neuronal_like_malignant	Malignant_OPC_NPC_like_malignant	Malignant_NPC_neuronal_like_malignant → Malignant_OPC_NPC_like_malignant	malignant_or_cycling_to_malignant_or_cycling	malignant_NPC_neuronal_to_malignant_OPC_NPC	0.0005380378766635	0.0005380378766635	1.0	2.0486627	4.071346	0.0203914314918688	0.0513985634125737	magnitude_rank<=0.05
GBM	PTN_PTPRZ1_NCL_SDC3_axis	PTN	NCL	PTN→NCL	Malignant_cycling_candidate	Malignant_OPC_NPC_like_malignant	Malignant_cycling_candidate → Malignant_OPC_NPC_like_malignant	malignant_or_cycling_to_malignant_or_cycling	malignant_cycling_to_malignant_OPC_NPC	0.0006155086838149	0.0006155086838149	0.1611138590336705	2.028129	3.2517338	0.1785559774280105	0.2784740338815896	magnitude_rank<=0.05
GBM	PTN_PTPRZ1_NCL_SDC3_axis	PTN	PTPRZ1	PTN→PTPRZ1	Malignant_cycling_candidate	Malignant_hypoxia_stress_malignant	Malignant_cycling_candidate → Malignant_hypoxia_stress_malignant	malignant_or_cycling_to_malignant_or_cycling	malignant_cycling_to_malignant_hypoxia_stress	0.0008318255262051	0.0008318255262051	1.0	1.9983487	3.0756514	-0.0667008585400364	-0.3916942455468408	magnitude_rank<=0.05
GBM	PTN_PTPRZ1_NCL_SDC3_axis	PTN	NCL	PTN→NCL	Malignant_cycling_candidate	Malignant_hypoxia_stress_malignant	Malignant_cycling_candidate → Malignant_hypoxia_stress_malignant	malignant_or_cycling_to_malignant_or_cycling	malignant_cycling_to_malignant_hypoxia_stress	0.0008631080713317	0.0008631080713317	0.2606212436684693	1.9975449	3.0708988	0.1476959874586682	0.101113937494222	magnitude_rank<=0.05
GBM	PTN_PTPRZ1_NCL_SDC3_axis	PTN	NCL	PTN→NCL	Mural_Pericyte_Fibroblast	Malignant_AC_like_reactive_malignant	Mural_Pericyte_Fibroblast → Malignant_AC_like_reactive_malignant	microenvironment_to_malignant_or_cycling	mural_pericyte_fibroblast_to_malignant_AC_reactive	0.0008631080713317	0.0008631080713317	0.2131160613505107	2.0715122	3.0006604	0.1825420046046671	0.3180486961083939	magnitude_rank<=0.05
GBM	PTN_PTPRZ1_NCL_SDC3_axis	PTN	NCL	PTN→NCL	Malignant_OPC_NPC_like_malignant	Malignant_AC_like_reactive_malignant	Malignant_OPC_NPC_like_malignant → Malignant_AC_like_reactive_malignant	malignant_or_cycling_to_malignant_or_cycling	malignant_OPC_NPC_to_malignant_AC_reactive	0.0009438228962689	0.0009438228962689	0.2212261430971318	2.0595317	2.9782445	0.1742509024624705	0.3498283289586006	magnitude_rank<=0.05
GBM	PTN_PTPRZ1_NCL_SDC3_axis	PTN	NCL	PTN→NCL	Malignant_AC_like_reactive_malignant	Malignant_cycling_candidate	Malignant_AC_like_reactive_malignant → Malignant_cycling_candidate	malignant_or_cycling_to_malignant_or_cycling	malignant_AC_reactive_to_malignant_cycling	0.0009438228962689	0.0009438228962689	0.1379692552297099	1.9626151	3.3895042	0.162148908295647	0.2942040886381318	magnitude_rank<=0.05
GBM	PTN_PTPRZ1_NCL_SDC3_axis	PTN	NCL	PTN→NCL	Mural_Pericyte_Fibroblast	Malignant_NPC_neuronal_like_malignant	Mural_Pericyte_Fibroblast → Malignant_NPC_neuronal_like_malignant	microenvironment_to_malignant_or_cycling	mural_pericyte_fibroblast_to_malignant_NPC_neuronal	0.0010281188307108	0.0010281188307108	0.2348529670612519	2.0614572	2.9361582	0.1723964204667149	0.3116429070737194	magnitude_rank<=0.05
GBM	PTN_PTPRZ1_NCL_SDC3_axis	PTN	NCL	PTN→NCL	Malignant_OPC_NPC_like_malignant	Malignant_NPC_neuronal_like_malignant	Malignant_OPC_NPC_like_malignant → Malignant_NPC_neuronal_like_malignant	malignant_or_cycling_to_malignant_or_cycling	malignant_OPC_NPC_to_malignant_NPC_neuronal	0.0010628392492498	0.0010628392492498	0.240756561565501	2.0494766	2.9142241	0.1641053183245183	0.3434225399239261	magnitude_rank<=0.05
GBM	PTN_PTPRZ1_NCL_SDC3_axis	PTN	PTPRZ1	PTN→PTPRZ1	Malignant_hypoxia_stress_malignant	Malignant_cycling_candidate	Malignant_hypoxia_stress_malignant → Malignant_cycling_candidate	malignant_or_cycling_to_malignant_or_cycling	malignant_hypoxia_stress_to_malignant_cycling	0.0010804138799971	0.0010804138799971	1.0	1.9466264	3.780404	-0.0641282524078835	-0.4029933644593941	magnitude_rank<=0.05
GBM	PTN_PTPRZ1_NCL_SDC3_axis	PTN	NCL	PTN→NCL	Malignant_cycling_candidate	Malignant_AC_like_reactive_malignant	Malignant_cycling_candidate → Malignant_AC_like_reactive_malignant	malignant_or_cycling_to_malignant_or_cycling	malignant_cycling_to_malignant_AC_reactive	0.0013611849657172	0.0013611849657172	0.2844609356284642	1.9459244	2.7656834	0.0956076570577197	0.0953691531487213	magnitude_rank<=0.05
GBM	PTN_PTPRZ1_NCL_SDC3_axis	PTN	PTPRZ1	PTN→PTPRZ1	Oligodendrocyte_myelinating	Malignant_OPC_NPC_like_malignant	Oligodendrocyte_myelinating → Malignant_OPC_NPC_like_malignant	microenvironment_to_malignant_or_cycling	oligodendrocyte_reference_to_malignant_OPC_NPC	0.0014010477494994	0.0014010477494994	1.0	1.9189036	3.4476814	-0.0694324954632066	-0.4017854972219232	magnitude_rank<=0.05
GBM	PTN_PTPRZ1_NCL_SDC3_axis	PTN	NCL	PTN→NCL	Malignant_cycling_candidate	Malignant_NPC_neuronal_like_malignant	Malignant_cycling_candidate → Malignant_NPC_neuronal_like_malignant	malignant_or_cycling_to_malignant_or_cycling	malignant_cycling_to_malignant_NPC_neuronal	0.001587485929234	0.001587485929234	0.3084200400627005	1.9358696	2.7062323	0.0854620729197676	0.0889633641140468	magnitude_rank<=0.05
GBM	PTN_PTPRZ1_NCL_SDC3_axis	PTN	PTPRZ1	PTN→PTPRZ1	Mural_Pericyte_Fibroblast	Malignant_NPC_neuronal_like_malignant	Mural_Pericyte_Fibroblast → Malignant_NPC_neuronal_like_malignant	microenvironment_to_malignant_or_cycling	mural_pericyte_fibroblast_to_malignant_NPC_neuronal	0.0018540023242111	0.0018540023242111	1.0	2.0097678	2.604568	-0.0675538721162026	-0.2633008705427453	magnitude_rank<=0.05
GBM	PTN_PTPRZ1_NCL_SDC3_axis	PTN	PTPRZ1	PTN→PTPRZ1	Malignant_OPC_NPC_like_malignant	Malignant_NPC_neuronal_like_malignant	Malignant_OPC_NPC_like_malignant → Malignant_NPC_neuronal_like_malignant	malignant_or_cycling_to_malignant_or_cycling	malignant_OPC_NPC_to_malignant_NPC_neuronal	0.0019473886218411	0.0019473886218411	1.0	1.9977871	2.5851111	-0.0758449742583992	-0.2315212376925386	magnitude_rank<=0.05
GBM	PTN_PTPRZ1_NCL_SDC3_axis	PTN	NCL	PTN→NCL	Mural_Pericyte_Fibroblast	Oligodendrocyte_myelinating	Mural_Pericyte_Fibroblast → Oligodendrocyte_myelinating	microenvironment_to_microenvironment	mural_pericyte_fibroblast_to_oligodendrocyte_reference	0.0019710898332596	0.0019710898332596	0.3637030338920625	2.006122	2.581182	0.1165604122730706	0.1890031366894941	magnitude_rank<=0.05
GBM	PTN_PTPRZ1_NCL_SDC3_axis	PTN	NCL	PTN→NCL	Malignant_OPC_NPC_like_malignant	Oligodendrocyte_myelinating	Malignant_OPC_NPC_like_malignant → Oligodendrocyte_myelinating	malignant_or_cycling_to_microenvironment	malignant_OPC_NPC_to_oligodendrocyte_reference	0.0020189184189964	0.0020189184189964	0.3731063235258588	1.9941416	2.5619	0.108269310130874	0.2207827695397007	magnitude_rank<=0.05
GBM	PTN_PTPRZ1_NCL_SDC3_axis	PTN	NCL	PTN→NCL	Malignant_AC_like_reactive_malignant	Malignant_OPC_NPC_like_malignant	Malignant_AC_like_reactive_malignant → Malignant_OPC_NPC_like_malignant	malignant_or_cycling_to_malignant_or_cycling	malignant_AC_reactive_to_malignant_OPC_NPC	0.0023695928301229	0.0023695928301229	0.2818877645990811	1.8712502	2.9066253	0.0699574545573816	0.1661938539912721	magnitude_rank<=0.05
GBM	PTN_PTPRZ1_NCL_SDC3_axis	PTN	PTPRZ1	PTN→PTPRZ1	Malignant_cycling_candidate	Malignant_NPC_neuronal_like_malignant	Malignant_cycling_candidate → Malignant_NPC_neuronal_like_malignant	malignant_or_cycling_to_malignant_or_cycling	malignant_cycling_to_malignant_NPC_neuronal	0.0025283751096855	0.0025283751096855	1.0	1.88418	2.4006085	-0.1544882196631499	-0.4859804135024179	magnitude_rank<=0.05
GBM	PTN_PTPRZ1_NCL_SDC3_axis	PTN	PTPRZ1	PTN→PTPRZ1	Malignant_NPC_neuronal_like_malignant	Malignant_cycling_candidate	Malignant_NPC_neuronal_like_malignant → Malignant_cycling_candidate	malignant_or_cycling_to_malignant_or_cycling	malignant_NPC_neuronal_to_malignant_cycling	0.0025553335977062	0.0025553335977062	1.0	1.8676953	3.458171	-0.1187651878976231	-0.3930157170950088	magnitude_rank<=0.05
GBM	PTN_PTPRZ1_NCL_SDC3_axis	PTN	NCL	PTN→NCL	Malignant_cycling_candidate	Oligodendrocyte_myelinating	Malignant_cycling_candidate → Oligodendrocyte_myelinating	malignant_or_cycling_to_microenvironment	malignant_cycling_to_oligodendrocyte_reference	0.0025824328181819	0.0025824328181819	0.6438536459334766	1.8805344	2.3790538	0.0296260647261232	-0.0336764062701785	magnitude_rank<=0.05
GBM	PTN_PTPRZ1_NCL_SDC3_axis	PTN	NCL	PTN→NCL	Mural_Pericyte_Fibroblast	Mural_Pericyte_Fibroblast	Mural_Pericyte_Fibroblast → Mural_Pericyte_Fibroblast	microenvironment_to_microenvironment	mural_pericyte_fibroblast_to_mural_pericyte_fibroblast	0.0030943594279123	0.0030943594279123	0.5646027589126213	1.9535141	2.2436996	0.0634763460301423	0.2521141469198934	magnitude_rank<=0.05
GBM	PTN_PTPRZ1_NCL_SDC3_axis	PTN	PTPRZ1	PTN→PTPRZ1	Malignant_AC_like_reactive_malignant	Malignant_hypoxia_stress_malignant	Malignant_AC_like_reactive_malignant → Malignant_hypoxia_stress_malignant	malignant_or_cycling_to_malignant_or_cycling	malignant_AC_reactive_to_malignant_hypoxia_stress	0.0031540588962576	0.0031540588962576	1.0	1.8414696	2.7492306	-0.1752993814106652	-0.5039744254371583	magnitude_rank<=0.05
GBM	PTN_PTPRZ1_NCL_SDC3_axis	PTN	NCL	PTN→NCL	Malignant_AC_like_reactive_malignant	Malignant_hypoxia_stress_malignant	Malignant_AC_like_reactive_malignant → Malignant_hypoxia_stress_malignant	malignant_or_cycling_to_malignant_or_cycling	malignant_AC_reactive_to_malignant_hypoxia_stress	0.0031841197539556	0.0031841197539556	0.5514347476758918	1.8406658	2.7449822	0.0390974645880393	-0.0111662423960954	magnitude_rank<=0.05
GBM	PTN_PTPRZ1_NCL_SDC3_axis	PTN	NCL	PTN→NCL	Malignant_OPC_NPC_like_malignant	Mural_Pericyte_Fibroblast	Malignant_OPC_NPC_like_malignant → Mural_Pericyte_Fibroblast	malignant_or_cycling_to_microenvironment	malignant_OPC_NPC_to_mural_pericyte_fibroblast	0.0032143206999728	0.0032143206999728	0.5796971363967915	1.9415336	2.2269385	0.0551852438879456	0.2838937797701001	magnitude_rank<=0.05
GBM	PTN_PTPRZ1_NCL_SDC3_axis	PTN	NCL	PTN→NCL	Mural_Pericyte_Fibroblast	Endothelial	Mural_Pericyte_Fibroblast → Endothelial	microenvironment_to_microenvironment	mural_pericyte_fibroblast_to_endothelial	0.004430457430898	0.004430457430898	0.6905171308170175	1.9295058	2.0896857	0.0392511812198381	0.2389811341882806	magnitude_rank<=0.05
GBM	PTN_PTPRZ1_NCL_SDC3_axis	PTN	NCL	PTN→NCL	Malignant_OPC_NPC_like_malignant	Endothelial	Malignant_OPC_NPC_like_malignant → Endothelial	malignant_or_cycling_to_microenvironment	malignant_OPC_NPC_to_endothelial	0.0045734120380452	0.0045734120380452	0.7084567718666634	1.9175253	2.0740752	0.0309600790776415	0.2707607670384873	magnitude_rank<=0.05
GBM	PTN_PTPRZ1_NCL_SDC3_axis	PTN	SDC3	PTN→SDC3	Mural_Pericyte_Fibroblast	Malignant_AC_like_reactive_malignant	Mural_Pericyte_Fibroblast → Malignant_AC_like_reactive_malignant	microenvironment_to_malignant_or_cycling	mural_pericyte_fibroblast_to_malignant_AC_reactive	0.0046094997720021	0.0046094997720021	0.0512793211199019	1.9269611	2.0733612	0.3895182664509776	0.7921595452417014	magnitude_rank<=0.05
GBM	PTN_PTPRZ1_NCL_SDC3_axis	PTN	NCL	PTN→NCL	Malignant_cycling_candidate	Mural_Pericyte_Fibroblast	Malignant_cycling_candidate → Mural_Pericyte_Fibroblast	malignant_or_cycling_to_microenvironment	malignant_cycling_to_mural_pericyte_fibroblast	0.0047185995934139	0.0047185995934139	0.8976000623088961	1.8279264	2.067999	-0.023458001516805	0.0294346039602207	magnitude_rank<=0.05
GBM	PTN_PTPRZ1_NCL_SDC3_axis	PTN	NCL	PTN→NCL	Malignant_AC_like_reactive_malignant	Malignant_AC_like_reactive_malignant	Malignant_AC_like_reactive_malignant → Malignant_AC_like_reactive_malignant	malignant_or_cycling_to_malignant_or_cycling	malignant_AC_reactive_to_malignant_AC_reactive	0.0047920308549395	0.0047920308549395	1.0	1.7890453	2.4721596	-0.012990865812909	-0.0169110267415961	magnitude_rank<=0.05
GBM	PTN_PTPRZ1_NCL_SDC3_axis	PTN	SDC3	PTN→SDC3	Malignant_OPC_NPC_like_malignant	Malignant_AC_like_reactive_malignant	Malignant_OPC_NPC_like_malignant → Malignant_AC_like_reactive_malignant	malignant_or_cycling_to_malignant_or_cycling	malignant_OPC_NPC_to_malignant_AC_reactive	0.0048289556713475	0.0048289556713475	0.0512793211199019	1.9149805	2.0578725	0.381227164308781	0.8239391780919081	magnitude_rank<=0.05
GBM	PTN_PTPRZ1_NCL_SDC3_axis	PTN	NCL	PTN→NCL	Malignant_AC_like_reactive_malignant	Malignant_NPC_neuronal_like_malignant	Malignant_AC_like_reactive_malignant → Malignant_NPC_neuronal_like_malignant	malignant_or_cycling_to_malignant_or_cycling	malignant_AC_reactive_to_malignant_NPC_neuronal	0.0049405665467627	0.0049405665467627	1.0	1.7789905	2.419018	-0.0231364499508612	-0.0233168157762706	magnitude_rank<=0.05
GBM	PTN_PTPRZ1_NCL_SDC3_axis	PTN	PTPRZ1	PTN→PTPRZ1	Malignant_hypoxia_stress_malignant	Malignant_AC_like_reactive_malignant	Malignant_hypoxia_stress_malignant → Malignant_AC_like_reactive_malignant	malignant_or_cycling_to_malignant_or_cycling	malignant_hypoxia_stress_to_malignant_AC_reactive	0.0052058668986629	0.0052058668986629	1.0	1.7706909	3.1287315	-0.1994073542093643	-0.5868813662219299	magnitude_rank<=0.05
GBM	PTN_PTPRZ1_NCL_SDC3_axis	PTN	NCL	PTN→NCL	Malignant_cycling_candidate	Endothelial	Malignant_cycling_candidate → Endothelial	malignant_or_cycling_to_microenvironment	malignant_cycling_to_endothelial	0.0061255299719941	0.0061255299719941	1.0	1.8039181	1.9260457	-0.0476831663271091	0.0163015912286079	magnitude_rank<=0.05
GBM	PTN_PTPRZ1_NCL_SDC3_axis	PTN	PTPRZ1	PTN→PTPRZ1	Oligodendrocyte_myelinating	Malignant_cycling_candidate	Oligodendrocyte_myelinating → Malignant_cycling_candidate	microenvironment_to_malignant_or_cycling	oligodendrocyte_reference_to_malignant_cycling	0.0062508966101383	0.0062508966101383	1.0	1.7379363	2.9284348	-0.2085891148526986	-0.8461997777295058	magnitude_rank<=0.05
GBM	PTN_PTPRZ1_NCL_SDC3_axis	PTN	SDC3	PTN→SDC3	Malignant_cycling_candidate	Malignant_AC_like_reactive_malignant	Malignant_cycling_candidate → Malignant_AC_like_reactive_malignant	malignant_or_cycling_to_malignant_or_cycling	malignant_cycling_to_malignant_AC_reactive	0.0062929624702265	0.0062929624702265	0.0512793211199019	1.8013734	1.9109995	0.3025839189040303	0.5694800022820288	magnitude_rank<=0.05
GBM	PTN_PTPRZ1_NCL_SDC3_axis	PTN	PTPRZ1	PTN→PTPRZ1	Malignant_AC_like_reactive_malignant	Malignant_NPC_neuronal_like_malignant	Malignant_AC_like_reactive_malignant → Malignant_NPC_neuronal_like_malignant	malignant_or_cycling_to_malignant_or_cycling	malignant_AC_reactive_to_malignant_NPC_neuronal	0.0069405473488907	0.0069405473488907	1.0	1.7273009	2.1458304	-0.2630867425337788	-0.5982605933927354	magnitude_rank<=0.05
GBM	PTN_PTPRZ1_NCL_SDC3_axis	PTN	NCL	PTN→NCL	Malignant_AC_like_reactive_malignant	Oligodendrocyte_myelinating	Malignant_AC_like_reactive_malignant → Oligodendrocyte_myelinating	malignant_or_cycling_to_microenvironment	malignant_AC_reactive_to_oligodendrocyte_reference	0.0071633164961099	0.0071633164961099	1.0	1.7236555	2.1265633	-0.0789724581445056	-0.145956586160496	magnitude_rank<=0.05
GBM	PTN_PTPRZ1_NCL_SDC3_axis	PTN	SDC3	PTN→SDC3	Mural_Pericyte_Fibroblast	Malignant_OPC_NPC_like_malignant	Mural_Pericyte_Fibroblast → Malignant_OPC_NPC_like_malignant	microenvironment_to_malignant_or_cycling	mural_pericyte_fibroblast_to_malignant_OPC_NPC	0.0080412547925657	0.0080412547925657	0.0512793211199019	1.8821323	1.7857833	0.3326522159483155	0.6516282629946433	magnitude_rank<=0.05
GBM	PTN_PTPRZ1_NCL_SDC3_axis	PTN	SDC3	PTN→SDC3	Malignant_OPC_NPC_like_malignant	Malignant_OPC_NPC_like_malignant	Malignant_OPC_NPC_like_malignant → Malignant_OPC_NPC_like_malignant	malignant_or_cycling_to_malignant_or_cycling	malignant_OPC_NPC_to_malignant_OPC_NPC	0.0082805431499084	0.0082805431499084	0.0512793211199019	1.8701518	1.7724429	0.324361113806119	0.68340789584485	magnitude_rank<=0.05
GBM	PTN_PTPRZ1_NCL_SDC3_axis	PTN	PTPRZ1	PTN→PTPRZ1	Malignant_NPC_neuronal_like_malignant	Malignant_AC_like_reactive_malignant	Malignant_NPC_neuronal_like_malignant → Malignant_AC_like_reactive_malignant	malignant_or_cycling_to_malignant_or_cycling	malignant_NPC_neuronal_to_malignant_AC_reactive	0.0088688344934544	0.0088688344934544	1.0	1.6917598	2.8620453	-0.2540442896991039	-0.5769037188575445	magnitude_rank<=0.05
GBM	PTN_PTPRZ1_NCL_SDC3_axis	PTN	NCL	PTN→NCL	Malignant_AC_like_reactive_malignant	Mural_Pericyte_Fibroblast	Malignant_AC_like_reactive_malignant → Mural_Pericyte_Fibroblast	malignant_or_cycling_to_microenvironment	malignant_AC_reactive_to_mural_pericyte_fibroblast	0.0097359962516759	0.0097359962516759	1.0	1.6710473	1.8485209	-0.1320565243874339	-0.0828455759300966	magnitude_rank<=0.05
GBM	PTN_PTPRZ1_NCL_SDC3_axis	PTN	NCL	PTN→NCL	Malignant_AC_like_reactive_malignant	Endothelial	Malignant_AC_like_reactive_malignant → Endothelial	malignant_or_cycling_to_microenvironment	malignant_AC_reactive_to_endothelial	0.0108616568876828	0.0108616568876828	1.0	1.647039	1.7216333	-0.156281689197738	-0.0959785886617095	magnitude_rank<=0.05
GBM	PTN_PTPRZ1_NCL_SDC3_axis	PTN	SDC3	PTN→SDC3	Malignant_AC_like_reactive_malignant	Malignant_AC_like_reactive_malignant	Malignant_AC_like_reactive_malignant → Malignant_AC_like_reactive_malignant	malignant_or_cycling_to_malignant_or_cycling	malignant_AC_reactive_to_malignant_AC_reactive	0.0109719938705792	0.0109719938705792	0.0666586513387025	1.6444943	1.708184	0.1939853960334014	0.4571998223917113	magnitude_rank<=0.05
GBM	PTN_PTPRZ1_NCL_SDC3_axis	PTN	SDC3	PTN→SDC3	Malignant_cycling_candidate	Malignant_OPC_NPC_like_malignant	Malignant_cycling_candidate → Malignant_OPC_NPC_like_malignant	malignant_or_cycling_to_malignant_or_cycling	malignant_cycling_to_malignant_OPC_NPC	0.0110273651025349	0.0110273651025349	0.0537966409791682	1.7565446	1.6459414	0.2457178684013682	0.4289487200349706	magnitude_rank<=0.05
GBM	PTN_PTPRZ1_NCL_SDC3_axis	PTN	SDC4	PTN→SDC4	Mural_Pericyte_Fibroblast	Malignant_hypoxia_stress_malignant	Mural_Pericyte_Fibroblast → Malignant_hypoxia_stress_malignant	microenvironment_to_malignant_or_cycling	mural_pericyte_fibroblast_to_malignant_hypoxia_stress	0.0144706064534395	0.0144706064534395	0.0512793211199019	1.8374109	1.4988942	0.5498288754896294	0.9442822563775348	magnitude_rank<=0.05
GBM	PTN_PTPRZ1_NCL_SDC3_axis	PTN	NCL	PTN→NCL	Malignant_hypoxia_stress_malignant	Malignant_cycling_candidate	Malignant_hypoxia_stress_malignant → Malignant_cycling_candidate	malignant_or_cycling_to_malignant_or_cycling	malignant_hypoxia_stress_to_malignant_cycling	0.0146610422083812	0.0146610422083812	1.0	1.5673354	2.3754938	-0.1114794544874044	-0.3549202563995046	magnitude_rank<=0.05
GBM	PTN_PTPRZ1_NCL_SDC3_axis	PTN	PTPRZ1	PTN→PTPRZ1	Oligodendrocyte_myelinating	Malignant_AC_like_reactive_malignant	Oligodendrocyte_myelinating → Malignant_AC_like_reactive_malignant	microenvironment_to_malignant_or_cycling	oligodendrocyte_reference_to_malignant_AC_reactive	0.0151100926104635	0.0151100926104635	1.0	1.5620008	2.4236262	-0.3438682166541794	-1.0300877794920416	magnitude_rank<=0.05
GBM	PTN_PTPRZ1_NCL_SDC3_axis	PTN	SDC4	PTN→SDC4	Malignant_OPC_NPC_like_malignant	Malignant_hypoxia_stress_malignant	Malignant_OPC_NPC_like_malignant → Malignant_hypoxia_stress_malignant	malignant_or_cycling_to_malignant_or_cycling	malignant_OPC_NPC_to_malignant_hypoxia_stress	0.0151747807891658	0.0151747807891658	0.0512793211199019	1.8254304	1.487697	0.5415377733474328	0.9760618892277414	magnitude_rank<=0.05
GBM	PTN_PTPRZ1_NCL_SDC3_axis	PTN	SDC3	PTN→SDC3	Malignant_AC_like_reactive_malignant	Malignant_OPC_NPC_like_malignant	Malignant_AC_like_reactive_malignant → Malignant_OPC_NPC_like_malignant	malignant_or_cycling_to_malignant_or_cycling	malignant_AC_reactive_to_malignant_OPC_NPC	0.0154348658977456	0.0154348658977456	0.1274345410627155	1.5996655	1.4712566	0.1371193455307393	0.3166685401446532	magnitude_rank<=0.05
GBM	PTN_PTPRZ1_NCL_SDC3_axis	PTN	PTPRZ1	PTN→PTPRZ1	Endothelial	Malignant_OPC_NPC_like_malignant	Endothelial → Malignant_OPC_NPC_like_malignant	microenvironment_to_malignant_or_cycling	endothelial_to_malignant_OPC_NPC	0.0155657136810114	0.0155657136810114	1.0	1.551197	1.6803613	-0.3239723847876294	-0.6425898887208896	magnitude_rank<=0.05
GBM	PTN_PTPRZ1_NCL_SDC3_axis	PTN	SDC3	PTN→SDC3	Mural_Pericyte_Fibroblast	Endothelial	Mural_Pericyte_Fibroblast → Endothelial	microenvironment_to_microenvironment	mural_pericyte_fibroblast_to_endothelial	0.0182948686202935	0.0182948686202935	0.1099278432680948	1.8201041	1.3878708	0.2539681336087765	0.4646408940365103	magnitude_rank<=0.05
GBM	PTN_PTPRZ1_NCL_SDC3_axis	PTN	SDC4	PTN→SDC4	Malignant_cycling_candidate	Malignant_hypoxia_stress_malignant	Malignant_cycling_candidate → Malignant_hypoxia_stress_malignant	malignant_or_cycling_to_malignant_or_cycling	malignant_cycling_to_malignant_hypoxia_stress	0.0186509961475591	0.0186509961475591	0.0512793211199019	1.7118232	1.3815181	0.4628945279426821	0.7216027134178621	magnitude_rank<=0.05
GBM	PTN_PTPRZ1_NCL_SDC3_axis	PTN	SDC3	PTN→SDC3	Malignant_OPC_NPC_like_malignant	Endothelial	Malignant_OPC_NPC_like_malignant → Endothelial	malignant_or_cycling_to_microenvironment	malignant_OPC_NPC_to_endothelial	0.0189382862064813	0.0189382862064813	0.1140737487959411	1.8081236	1.3775029	0.2456770314665799	0.496420526886717	magnitude_rank<=0.05
GBM	PTN_PTPRZ1_NCL_SDC3_axis	PTN	NCL	PTN→NCL	Malignant_NPC_neuronal_like_malignant	Malignant_cycling_candidate	Malignant_NPC_neuronal_like_malignant → Malignant_cycling_candidate	malignant_or_cycling_to_malignant_or_cycling	malignant_NPC_neuronal_to_malignant_cycling	0.019300381019733	0.019300381019733	1.0	1.4884043	2.173012	-0.166116389977144	-0.3449426090351193	magnitude_rank<=0.05
GBM	PTN_PTPRZ1_NCL_SDC3_axis	PTN	PTPRZ1	PTN→PTPRZ1	Mural_Pericyte_Fibroblast	Endothelial	Mural_Pericyte_Fibroblast → Endothelial	microenvironment_to_microenvironment	mural_pericyte_fibroblast_to_endothelial	0.0198128780688472	0.0198128780688472	1.0	1.8160635	1.3619504	-0.2164988963459623	-0.5620417623680146	magnitude_rank<=0.05
GBM	PTN_PTPRZ1_NCL_SDC3_axis	PTN	NCL	PTN→NCL	Malignant_hypoxia_stress_malignant	Malignant_OPC_NPC_like_malignant	Malignant_hypoxia_stress_malignant → Malignant_OPC_NPC_like_malignant	malignant_or_cycling_to_malignant_or_cycling	malignant_hypoxia_stress_to_malignant_OPC_NPC	0.0203318579363489	0.0203318579363489	1.0	1.4759703	2.0370736	-0.2036709082256698	-0.4829304910463643	magnitude_rank<=0.05
GBM	PTN_PTPRZ1_NCL_SDC3_axis	PTN	PTPRZ1	PTN→PTPRZ1	Malignant_OPC_NPC_like_malignant	Endothelial	Malignant_OPC_NPC_like_malignant → Endothelial	malignant_or_cycling_to_microenvironment	malignant_OPC_NPC_to_endothelial	0.0206313259206921	0.0206313259206921	1.0	1.804083	1.3517762	-0.2247899984881589	-0.5302621295178079	magnitude_rank<=0.05
GBM	PTN_PTPRZ1_NCL_SDC3_axis	PTN	PTPRZ1	PTN→PTPRZ1	Malignant_hypoxia_stress_malignant	Malignant_hypoxia_stress_malignant	Malignant_hypoxia_stress_malignant → Malignant_hypoxia_stress_malignant	malignant_or_cycling_to_malignant_or_cycling	malignant_hypoxia_stress_to_malignant_hypoxia_stress	0.0235813732097797	0.0235813732097797	1.0	1.4461899	1.9267656	-0.4489277441937167	-1.1530987704747948	magnitude_rank<=0.05
GBM	PTN_PTPRZ1_NCL_SDC3_axis	PTN	NCL	PTN→NCL	Malignant_hypoxia_stress_malignant	Malignant_hypoxia_stress_malignant	Malignant_hypoxia_stress_malignant → Malignant_hypoxia_stress_malignant	malignant_or_cycling_to_malignant_or_cycling	malignant_hypoxia_stress_to_malignant_hypoxia_stress	0.0236615689159652	0.0236615689159652	1.0	1.4453859	1.9237882	-0.234530898195012	-0.6602905874337319	magnitude_rank<=0.05
GBM	PTN_PTPRZ1_NCL_SDC3_axis	PTN	SDC3	PTN→SDC3	Mural_Pericyte_Fibroblast	Malignant_cycling_candidate	Mural_Pericyte_Fibroblast → Malignant_cycling_candidate	microenvironment_to_malignant_or_cycling	mural_pericyte_fibroblast_to_malignant_cycling	0.023741892290072	0.023741892290072	0.1398254478520701	1.8064386	1.3002058	0.2366330898288149	0.3354239628996054	magnitude_rank<=0.05
GBM	PTN_PTPRZ1_NCL_SDC3_axis	PTN	SDC3	PTN→SDC3	Malignant_OPC_NPC_like_malignant	Malignant_cycling_candidate	Malignant_OPC_NPC_like_malignant → Malignant_cycling_candidate	malignant_or_cycling_to_malignant_or_cycling	malignant_OPC_NPC_to_malignant_cycling	0.0246341034212867	0.0246341034212867	0.1443089473695971	1.794458	1.290493	0.2283419876866183	0.3672035957498121	magnitude_rank<=0.05
GBM	PTN_PTPRZ1_NCL_SDC3_axis	PTN	SDC3	PTN→SDC3	Malignant_cycling_candidate	Endothelial	Malignant_cycling_candidate → Endothelial	malignant_or_cycling_to_microenvironment	malignant_cycling_to_endothelial	0.0261281729394125	0.0261281729394125	0.1484111202718275	1.6945164	1.2791888	0.1670337860618291	0.2419613510768377	magnitude_rank<=0.05
GBM	PTN_PTPRZ1_NCL_SDC3_axis	PTN	PTPRZ1	PTN→PTPRZ1	Malignant_cycling_candidate	Endothelial	Malignant_cycling_candidate → Endothelial	malignant_or_cycling_to_microenvironment	malignant_cycling_to_endothelial	0.0278377173708611	0.0278377173708611	1.0	1.6904758	1.2552981	-0.3034332438929096	-0.7847213053276872	magnitude_rank<=0.05
GBM	PTN_PTPRZ1_NCL_SDC3_axis	PTN	SDC4	PTN→SDC4	Malignant_AC_like_reactive_malignant	Malignant_hypoxia_stress_malignant	Malignant_AC_like_reactive_malignant → Malignant_hypoxia_stress_malignant	malignant_or_cycling_to_malignant_or_cycling	malignant_AC_reactive_to_malignant_hypoxia_stress	0.0290652741150345	0.0290652741150345	0.0512793211199019	1.5549442	1.2348968	0.3542960050720532	0.6093225335275446	magnitude_rank<=0.05
GBM	PTN_PTPRZ1_NCL_SDC3_axis	PTN	PTPRZ1	PTN→PTPRZ1	Mural_Pericyte_Fibroblast	Mural_Pericyte_Fibroblast	Mural_Pericyte_Fibroblast → Mural_Pericyte_Fibroblast	microenvironment_to_microenvironment	mural_pericyte_fibroblast_to_mural_pericyte_fibroblast	0.0295991282380729	0.0295991282380729	1.0	1.7955877	1.2305967	-0.2322434384761694	-0.57888353049085	magnitude_rank<=0.05
GBM	PTN_PTPRZ1_NCL_SDC3_axis	PTN	PTPRZ1	PTN→PTPRZ1	Malignant_OPC_NPC_like_malignant	Mural_Pericyte_Fibroblast	Malignant_OPC_NPC_like_malignant → Mural_Pericyte_Fibroblast	malignant_or_cycling_to_microenvironment	malignant_OPC_NPC_to_mural_pericyte_fibroblast	0.0300475631576506	0.0300475631576506	1.0	1.7836071	1.2214038	-0.240534540618366	-0.5471038976406433	magnitude_rank<=0.05
GBM	PTN_PTPRZ1_NCL_SDC3_axis	PTN	NCL	PTN→NCL	Malignant_NPC_neuronal_like_malignant	Malignant_OPC_NPC_like_malignant	Malignant_NPC_neuronal_like_malignant → Malignant_OPC_NPC_like_malignant	malignant_or_cycling_to_malignant_or_cycling	malignant_NPC_neuronal_to_malignant_OPC_NPC	0.030408628167626	0.030408628167626	1.0	1.3970392	1.863438	-0.2583078437154094	-0.472952843681979	magnitude_rank<=0.05
GBM	PTN_PTPRZ1_NCL_SDC3_axis	PTN	NCL	PTN→NCL	Malignant_hypoxia_stress_malignant	Malignant_AC_like_reactive_malignant	Malignant_hypoxia_stress_malignant → Malignant_AC_like_reactive_malignant	malignant_or_cycling_to_malignant_or_cycling	malignant_hypoxia_stress_to_malignant_AC_reactive	0.0311369512369596	0.0311369512369596	1.0	1.3937654	1.7325836	-0.2866192285959605	-0.6660353717792327	magnitude_rank<=0.05
GBM	PTN_PTPRZ1_NCL_SDC3_axis	PTN	SDC3	PTN→SDC3	Malignant_cycling_candidate	Malignant_cycling_candidate	Malignant_cycling_candidate → Malignant_cycling_candidate	malignant_or_cycling_to_malignant_or_cycling	malignant_cycling_to_malignant_cycling	0.0320589356900785	0.0320589356900785	0.2362321696225221	1.6808509	1.1983888	0.1496987422818676	0.1127444199399327	magnitude_rank<=0.05
GBM	PTN_PTPRZ1_NCL_SDC3_axis	PTN	NCL	PTN→NCL	Malignant_hypoxia_stress_malignant	Malignant_NPC_neuronal_like_malignant	Malignant_hypoxia_stress_malignant → Malignant_NPC_neuronal_like_malignant	malignant_or_cycling_to_malignant_or_cycling	malignant_hypoxia_stress_to_malignant_NPC_neuronal	0.0328057674141052	0.0328057674141052	1.0	1.3837106	1.69534	-0.2967648127339127	-0.6724411608139071	magnitude_rank<=0.05
GBM	PTN_PTPRZ1_NCL_SDC3_axis	PTN	PTPRZ1	PTN→PTPRZ1	Endothelial	Malignant_cycling_candidate	Endothelial → Malignant_cycling_candidate	microenvironment_to_malignant_or_cycling	endothelial_to_malignant_cycling	0.0353868348009709	0.0353868348009709	1.0	1.3702297	1.4272863	-0.4631290041771214	-1.0870041692284722	magnitude_rank<=0.05
GBM	PTN_PTPRZ1_NCL_SDC3_axis	PTN	PTPRZ1	PTN→PTPRZ1	Malignant_NPC_neuronal_like_malignant	Malignant_hypoxia_stress_malignant	Malignant_NPC_neuronal_like_malignant → Malignant_hypoxia_stress_malignant	malignant_or_cycling_to_malignant_or_cycling	malignant_NPC_neuronal_to_malignant_hypoxia_stress	0.035581733447597	0.035581733447597	1.0	1.3672588	1.7625324	-0.5035646796834563	-1.1431211231104097	magnitude_rank<=0.05
GBM	PTN_PTPRZ1_NCL_SDC3_axis	PTN	NCL	PTN→NCL	Malignant_NPC_neuronal_like_malignant	Malignant_hypoxia_stress_malignant	Malignant_NPC_neuronal_like_malignant → Malignant_hypoxia_stress_malignant	malignant_or_cycling_to_malignant_or_cycling	malignant_NPC_neuronal_to_malignant_hypoxia_stress	0.0357771338366441	0.0357771338366441	1.0	1.3664548	1.7598088	-0.2891678336847517	-0.6503129400693466	magnitude_rank<=0.05
GBM	PTN_PTPRZ1_NCL_SDC3_axis	PTN	SDC3	PTN→SDC3	Malignant_AC_like_reactive_malignant	Endothelial	Malignant_AC_like_reactive_malignant → Endothelial	malignant_or_cycling_to_microenvironment	malignant_AC_reactive_to_endothelial	0.0364650630421365	0.0364650630421365	0.3243352649502373	1.5376374	1.1434277	0.0584352631912003	0.1296811711865202	magnitude_rank<=0.05
GBM	PTN_PTPRZ1_NCL_SDC3_axis	PTN	PTPRZ1	PTN→PTPRZ1	Malignant_cycling_candidate	Mural_Pericyte_Fibroblast	Malignant_cycling_candidate → Mural_Pericyte_Fibroblast	malignant_or_cycling_to_microenvironment	malignant_cycling_to_mural_pericyte_fibroblast	0.0374586230304943	0.0374586230304943	1.0	1.67	1.1342306	-0.3191777860231168	-0.8015630734505226	magnitude_rank<=0.05
GBM	PTN_PTPRZ1_NCL_SDC3_axis	PTN	NCL	PTN→NCL	Oligodendrocyte_myelinating	Malignant_cycling_candidate	Oligodendrocyte_myelinating → Malignant_cycling_candidate	microenvironment_to_malignant_or_cycling	oligodendrocyte_reference_to_malignant_cycling	0.0378596047610601	0.0378596047610601	1.0	1.3586452	1.8401415	-0.2559403169322194	-0.7981266696696163	magnitude_rank<=0.05
GBM	PTN_PTPRZ1_NCL_SDC3_axis	PTN	PTPRZ1	PTN→PTPRZ1	Malignant_AC_like_reactive_malignant	Endothelial	Malignant_AC_like_reactive_malignant → Endothelial	malignant_or_cycling_to_microenvironment	malignant_AC_reactive_to_endothelial	0.038566207420992	0.038566207420992	1.0	1.5335968	1.1220726	-0.4120317667635385	-0.8970014852180047	magnitude_rank<=0.05
GBM	PTN_PTPRZ1_NCL_SDC3_axis	PTN	SDC3	PTN→SDC3	Malignant_AC_like_reactive_malignant	Malignant_cycling_candidate	Malignant_AC_like_reactive_malignant → Malignant_cycling_candidate	malignant_or_cycling_to_malignant_or_cycling	malignant_AC_reactive_to_malignant_cycling	0.0428291972956329	0.0428291972956329	0.5114571024359302	1.5239718	1.0712031	0.0411002194112387	0.0004642400496153	magnitude_rank<=0.05
GBM	PTN_PTPRZ1_NCL_SDC3_axis	PTN	PTPRZ1	PTN→PTPRZ1	Malignant_hypoxia_stress_malignant	Malignant_NPC_neuronal_like_malignant	Malignant_hypoxia_stress_malignant → Malignant_NPC_neuronal_like_malignant	malignant_or_cycling_to_malignant_or_cycling	malignant_hypoxia_stress_to_malignant_NPC_neuronal	0.0430425587937836	0.0430425587937836	1.0	1.3320211	1.5038797	-0.5367151053168302	-1.247384938430372	magnitude_rank<=0.05
GBM	PTN_PTPRZ1_NCL_SDC3_axis	PTN	NCL	PTN→NCL	Malignant_hypoxia_stress_malignant	Oligodendrocyte_myelinating	Malignant_hypoxia_stress_malignant → Oligodendrocyte_myelinating	malignant_or_cycling_to_microenvironment	malignant_hypoxia_stress_to_oligodendrocyte_reference	0.0439010413807455	0.0439010413807455	1.0	1.3283756	1.4903766	-0.352600820927557	-0.7950809311981325	magnitude_rank<=0.05
GBM	PTN_PTPRZ1_NCL_SDC3_axis	PTN	NCL	PTN→NCL	Malignant_NPC_neuronal_like_malignant	Malignant_AC_like_reactive_malignant	Malignant_NPC_neuronal_like_malignant → Malignant_AC_like_reactive_malignant	malignant_or_cycling_to_malignant_or_cycling	malignant_NPC_neuronal_to_malignant_AC_reactive	0.0467464250725093	0.0467464250725093	1.0	1.3148344	1.584902	-0.3412561640857001	-0.6560577244148473	magnitude_rank<=0.05
GBM	PTN_PTPRZ1_NCL_SDC3_axis	PTN	PTPRZ1	PTN→PTPRZ1	Malignant_AC_like_reactive_malignant	Mural_Pericyte_Fibroblast	Malignant_AC_like_reactive_malignant → Mural_Pericyte_Fibroblast	malignant_or_cycling_to_microenvironment	malignant_AC_reactive_to_mural_pericyte_fibroblast	0.0487656861199829	0.0487656861199829	1.0	1.5131209	1.013854	-0.4277763088937457	-0.91384325334084	magnitude_rank<=0.05
GBM	PTN_PTPRZ1_NCL_SDC3_axis	PTN	NCL	PTN→NCL	Malignant_NPC_neuronal_like_malignant	Malignant_NPC_neuronal_like_malignant	Malignant_NPC_neuronal_like_malignant → Malignant_NPC_neuronal_like_malignant	malignant_or_cycling_to_malignant_or_cycling	malignant_NPC_neuronal_to_malignant_NPC_neuronal	0.0492198801032805	0.0492198801032805	1.0	1.3047795	1.5508331	-0.3514017482236523	-0.6624635134495218	magnitude_rank<=0.05
LGG	PTN_PTPRZ1_NCL_SDC3_axis	PTN	PTPRZ1	PTN→PTPRZ1	Malignant_cycling_candidate	Malignant_OPC_NPC_like_malignant	Malignant_cycling_candidate → Malignant_OPC_NPC_like_malignant	malignant_or_cycling_to_malignant_or_cycling	malignant_cycling_to_malignant_OPC_NPC	2.947986661446022e-07	2.947986661446022e-07	0.0282735869375935	2.855062	7.7968016	0.6005422640343524	1.2733206809256443	magnitude_rank<=0.05
LGG	PTN_PTPRZ1_NCL_SDC3_axis	PTN	PTPRZ1	PTN→PTPRZ1	Malignant_cycling_candidate	Malignant_cycling_candidate	Malignant_cycling_candidate → Malignant_cycling_candidate	malignant_or_cycling_to_malignant_or_cycling	malignant_cycling_to_malignant_cycling	5.96715219588737e-06	5.96715219588737e-06	0.0510479700554046	2.6426797	6.8370037	0.443768054613377	0.2640798071644918	magnitude_rank<=0.05
LGG	PTN_PTPRZ1_NCL_SDC3_axis	PTN	PTPRZ1	PTN→PTPRZ1	Malignant_OPC_NPC_like_malignant	Malignant_OPC_NPC_like_malignant	Malignant_OPC_NPC_like_malignant → Malignant_OPC_NPC_like_malignant	malignant_or_cycling_to_malignant_or_cycling	malignant_OPC_NPC_to_malignant_OPC_NPC	1.2446976416139796e-05	1.2446976416139796e-05	0.0841228163135879	2.603762	6.062565	0.2865195860308068	0.9169527440179832	magnitude_rank<=0.05
LGG	PTN_PTPRZ1_NCL_SDC3_axis	PTN	PTPRZ1	PTN→PTPRZ1	Malignant_NPC_neuronal_like_malignant	Malignant_OPC_NPC_like_malignant	Malignant_NPC_neuronal_like_malignant → Malignant_OPC_NPC_like_malignant	malignant_or_cycling_to_malignant_or_cycling	malignant_NPC_neuronal_to_malignant_OPC_NPC	2.1279927213034905e-05	2.1279927213034905e-05	0.0955366801202318	2.5778894	5.884017	0.2541898641596302	0.9515624001362304	magnitude_rank<=0.05
LGG	PTN_PTPRZ1_NCL_SDC3_axis	PTN	PTPRZ1	PTN→PTPRZ1	Malignant_AC_like_reactive_malignant	Malignant_OPC_NPC_like_malignant	Malignant_AC_like_reactive_malignant → Malignant_OPC_NPC_like_malignant	malignant_or_cycling_to_malignant_or_cycling	malignant_AC_reactive_to_malignant_OPC_NPC	3.246429524322534e-05	3.246429524322534e-05	0.1139814797040231	2.5425875	5.6403975	0.2100773596127086	0.9920349556159848	magnitude_rank<=0.05
LGG	PTN_PTPRZ1_NCL_SDC3_axis	PTN	PTPRZ1	PTN→PTPRZ1	Oligodendrocyte_myelinating	Malignant_OPC_NPC_like_malignant	Oligodendrocyte_myelinating → Malignant_OPC_NPC_like_malignant	microenvironment_to_malignant_or_cycling	oligodendrocyte_reference_to_malignant_OPC_NPC	3.893772490765385e-05	3.893772490765385e-05	0.130696190485593	2.5139132	5.442515	0.1742450264205292	0.8129751296939416	magnitude_rank<=0.05
LGG	PTN_PTPRZ1_NCL_SDC3_axis	PTN	PTPRZ1	PTN→PTPRZ1	Malignant_cycling_candidate	Malignant_NPC_neuronal_like_malignant	Malignant_cycling_candidate → Malignant_NPC_neuronal_like_malignant	malignant_or_cycling_to_malignant_or_cycling	malignant_cycling_to_malignant_NPC_neuronal	0.000191126081375	0.000191126081375	0.2558423681561765	2.4147766	5.8070655	0.2755372068594944	0.0256243859349236	magnitude_rank<=0.05
LGG	PTN_PTPRZ1_NCL_SDC3_axis	PTN	PTPRZ1	PTN→PTPRZ1	Malignant_OPC_NPC_like_malignant	Malignant_cycling_candidate	Malignant_OPC_NPC_like_malignant → Malignant_cycling_candidate	malignant_or_cycling_to_malignant_or_cycling	malignant_OPC_NPC_to_malignant_cycling	0.0002470879590291	0.0002470879590291	0.6463852106285102	2.3913794	5.3162546	0.1297453766098315	-0.0922881297431692	magnitude_rank<=0.05
LGG	PTN_PTPRZ1_NCL_SDC3_axis	PTN	PTPRZ1	PTN→PTPRZ1	Endothelial	Malignant_OPC_NPC_like_malignant	Endothelial → Malignant_OPC_NPC_like_malignant	microenvironment_to_malignant_or_cycling	endothelial_to_malignant_OPC_NPC	0.0003197960121614	0.0003197960121614	0.395162861915223	2.3769627	4.4974113	0.0031134747962314	1.0028387801132352	magnitude_rank<=0.05
LGG	PTN_PTPRZ1_NCL_SDC3_axis	PTN	PTPRZ1	PTN→PTPRZ1	Malignant_NPC_neuronal_like_malignant	Malignant_cycling_candidate	Malignant_NPC_neuronal_like_malignant → Malignant_cycling_candidate	malignant_or_cycling_to_malignant_or_cycling	malignant_NPC_neuronal_to_malignant_cycling	0.0003596466646842	0.0003596466646842	0.5029380037874813	2.365507	5.159686	0.0974156547386549	-0.057678473624922	magnitude_rank<=0.05
LGG	PTN_PTPRZ1_NCL_SDC3_axis	PTN	PTPRZ1	PTN→PTPRZ1	Malignant_AC_like_reactive_malignant	Malignant_cycling_candidate	Malignant_AC_like_reactive_malignant → Malignant_cycling_candidate	malignant_or_cycling_to_malignant_or_cycling	malignant_AC_reactive_to_malignant_cycling	0.0004463325809318	0.0004463325809318	0.3675933962553131	2.3302052	4.9460564	0.0533031501917332	-0.0172059181451675	magnitude_rank<=0.05
LGG	PTN_PTPRZ1_NCL_SDC3_axis	PTN	PTPRZ1	PTN→PTPRZ1	Oligodendrocyte_myelinating	Malignant_cycling_candidate	Oligodendrocyte_myelinating → Malignant_cycling_candidate	microenvironment_to_malignant_or_cycling	oligodendrocyte_reference_to_malignant_cycling	0.0004694579676046	0.0004694579676046	1.0	2.3015308	4.7725334	0.0174708169995538	-0.1962657440672108	magnitude_rank<=0.05
LGG	PTN_PTPRZ1_NCL_SDC3_axis	PTN	PTPRZ1	PTN→PTPRZ1	Malignant_cycling_candidate	Malignant_AC_like_reactive_malignant	Malignant_cycling_candidate → Malignant_AC_like_reactive_malignant	malignant_or_cycling_to_malignant_or_cycling	malignant_cycling_to_malignant_AC_reactive	0.0004931644851356	0.0004931644851356	1.0	2.2938175	5.2604284	0.1862492539430997	-0.2227019735658608	magnitude_rank<=0.05
LGG	PTN_PTPRZ1_NCL_SDC3_axis	PTN	PTPRZ1	PTN→PTPRZ1	Endothelial	Malignant_cycling_candidate	Endothelial → Malignant_cycling_candidate	microenvironment_to_malignant_or_cycling	endothelial_to_malignant_cycling	0.0006753637694808	0.0006753637694808	1.0	2.1645803	3.9437733	-0.1536607346247439	-0.0064020936479172	magnitude_rank<=0.05
LGG	PTN_PTPRZ1_NCL_SDC3_axis	PTN	PTPRZ1	PTN→PTPRZ1	Malignant_OPC_NPC_like_malignant	Malignant_NPC_neuronal_like_malignant	Malignant_OPC_NPC_like_malignant → Malignant_NPC_neuronal_like_malignant	malignant_or_cycling_to_malignant_or_cycling	malignant_OPC_NPC_to_malignant_NPC_neuronal	0.0006894652577171	0.0006894652577171	1.0	2.1634765	4.515404	-0.0384854711440511	-0.3307435509727374	magnitude_rank<=0.05
LGG	PTN_PTPRZ1_NCL_SDC3_axis	PTN	PTPRZ1	PTN→PTPRZ1	Malignant_NPC_neuronal_like_malignant	Malignant_NPC_neuronal_like_malignant	Malignant_NPC_neuronal_like_malignant → Malignant_NPC_neuronal_like_malignant	malignant_or_cycling_to_malignant_or_cycling	malignant_NPC_neuronal_to_malignant_NPC_neuronal	0.0007326387363017	0.0007326387363017	1.0	2.1376038	4.3824215	-0.0708151930152277	-0.2961338948544902	magnitude_rank<=0.05
LGG	PTN_PTPRZ1_NCL_SDC3_axis	PTN	PTPRZ1	PTN→PTPRZ1	Malignant_AC_like_reactive_malignant	Malignant_NPC_neuronal_like_malignant	Malignant_AC_like_reactive_malignant → Malignant_NPC_neuronal_like_malignant	malignant_or_cycling_to_malignant_or_cycling	malignant_AC_reactive_to_malignant_NPC_neuronal	0.0008074890595082	0.0008074890595082	1.0	2.102302	4.2009735	-0.1149276975621494	-0.2556613393747358	magnitude_rank<=0.05
LGG	PTN_PTPRZ1_NCL_SDC3_axis	PTN	PTPRZ1	PTN→PTPRZ1	Oligodendrocyte_myelinating	Malignant_NPC_neuronal_like_malignant	Oligodendrocyte_myelinating → Malignant_NPC_neuronal_like_malignant	microenvironment_to_malignant_or_cycling	oligodendrocyte_reference_to_malignant_NPC_neuronal	0.0008859547706949	0.0008859547706949	1.0	2.0736277	4.0535903	-0.1507600307543287	-0.434721165296779	magnitude_rank<=0.05
LGG	PTN_PTPRZ1_NCL_SDC3_axis	PTN	PTPRZ1	PTN→PTPRZ1	Malignant_OPC_NPC_like_malignant	Malignant_AC_like_reactive_malignant	Malignant_OPC_NPC_like_malignant → Malignant_AC_like_reactive_malignant	malignant_or_cycling_to_malignant_or_cycling	malignant_OPC_NPC_to_malignant_AC_reactive	0.0009513280407854	0.0009513280407854	1.0	2.0425174	4.0903554	-0.1277734240604458	-0.579069910473522	magnitude_rank<=0.05
LGG	PTN_PTPRZ1_NCL_SDC3_axis	PTN	PTPRZ1	PTN→PTPRZ1	Malignant_NPC_neuronal_like_malignant	Malignant_AC_like_reactive_malignant	Malignant_NPC_neuronal_like_malignant → Malignant_AC_like_reactive_malignant	malignant_or_cycling_to_malignant_or_cycling	malignant_NPC_neuronal_to_malignant_AC_reactive	0.001019011484599	0.001019011484599	1.0	2.016645	3.9698906	-0.1601031459316224	-0.5444602543552748	magnitude_rank<=0.05
LGG	PTN_PTPRZ1_NCL_SDC3_axis	PTN	PTPRZ1	PTN→PTPRZ1	Malignant_AC_like_reactive_malignant	Malignant_AC_like_reactive_malignant	Malignant_AC_like_reactive_malignant → Malignant_AC_like_reactive_malignant	malignant_or_cycling_to_malignant_or_cycling	malignant_AC_reactive_to_malignant_AC_reactive	0.001124864273808	0.001124864273808	1.0	1.981343	3.8055232	-0.204215650478544	-0.5039876988755203	magnitude_rank<=0.05
LGG	PTN_PTPRZ1_NCL_SDC3_axis	PTN	NCL	PTN→NCL	Malignant_cycling_candidate	Malignant_OPC_NPC_like_malignant	Malignant_cycling_candidate → Malignant_OPC_NPC_like_malignant	malignant_or_cycling_to_malignant_or_cycling	malignant_cycling_to_malignant_OPC_NPC	0.0011613015671819	0.0011613015671819	0.1280459101570366	1.9702947	3.7983654	0.4244287614676295	0.5556623015695097	magnitude_rank<=0.05
LGG	PTN_PTPRZ1_NCL_SDC3_axis	PTN	NCL	PTN→NCL	Malignant_cycling_candidate	Malignant_cycling_candidate	Malignant_cycling_candidate → Malignant_cycling_candidate	malignant_or_cycling_to_malignant_or_cycling	malignant_cycling_to_malignant_cycling	0.0012170380435171	0.0012170380435171	0.1315886921737048	1.9644266	3.7718463	0.4161520557937567	0.3613664365153619	magnitude_rank<=0.05
LGG	PTN_PTPRZ1_NCL_SDC3_axis	PTN	PTPRZ1	PTN→PTPRZ1	Oligodendrocyte_myelinating	Malignant_AC_like_reactive_malignant	Oligodendrocyte_myelinating → Malignant_AC_like_reactive_malignant	microenvironment_to_malignant_or_cycling	oligodendrocyte_reference_to_malignant_AC_reactive	0.001293368612695	0.001293368612695	1.0	1.9526688	3.6720133	-0.2400479836707234	-0.6830475247975636	magnitude_rank<=0.05
LGG	PTN_PTPRZ1_NCL_SDC3_axis	PTN	PTPRZ1	PTN→PTPRZ1	Endothelial	Malignant_NPC_neuronal_like_malignant	Endothelial → Malignant_NPC_neuronal_like_malignant	microenvironment_to_malignant_or_cycling	endothelial_to_malignant_NPC_neuronal	0.001392018857107	0.001392018857107	1.0	1.9366771	3.3496761	-0.3218915823786265	-0.2448575148774854	magnitude_rank<=0.05
LGG	PTN_PTPRZ1_NCL_SDC3_axis	PTN	NCL	PTN→NCL	Malignant_cycling_candidate	Malignant_NPC_neuronal_like_malignant	Malignant_cycling_candidate → Malignant_NPC_neuronal_like_malignant	malignant_or_cycling_to_malignant_or_cycling	malignant_cycling_to_malignant_NPC_neuronal	0.0015361654532464	0.0015361654532464	0.171744492682574	1.9087702	3.520324	0.3376416300570813	0.3668038662483597	magnitude_rank<=0.05
LGG	PTN_PTPRZ1_NCL_SDC3_axis	PTN	NCL	PTN→NCL	Malignant_cycling_candidate	Malignant_AC_like_reactive_malignant	Malignant_cycling_candidate → Malignant_AC_like_reactive_malignant	malignant_or_cycling_to_malignant_or_cycling	malignant_cycling_to_malignant_AC_reactive	0.0020107713967903	0.0020107713967903	0.2377433214552551	1.8416708	3.2170885	0.242989162598644	0.2093364307397494	magnitude_rank<=0.05
LGG	PTN_PTPRZ1_NCL_SDC3_axis	PTN	PTPRZ1	PTN→PTPRZ1	Endothelial	Malignant_AC_like_reactive_malignant	Endothelial → Malignant_AC_like_reactive_malignant	microenvironment_to_malignant_or_cycling	endothelial_to_malignant_AC_reactive	0.0023622230058546	0.0023622230058546	1.0	1.8157182	3.034361	-0.4111795352950211	-0.4931838743782699	magnitude_rank<=0.05
LGG	PTN_PTPRZ1_NCL_SDC3_axis	PTN	NCL	PTN→NCL	Malignant_cycling_candidate	Oligodendrocyte_myelinating	Malignant_cycling_candidate → Oligodendrocyte_myelinating	malignant_or_cycling_to_microenvironment	malignant_cycling_to_oligodendrocyte_reference	0.0033941314074576	0.0033941314074576	0.3888226316685161	1.7447197	2.778948	0.1062279263761612	0.0554447137316005	magnitude_rank<=0.05
LGG	PTN_PTPRZ1_NCL_SDC3_axis	PTN	NCL	PTN→NCL	Malignant_OPC_NPC_like_malignant	Malignant_OPC_NPC_like_malignant	Malignant_OPC_NPC_like_malignant → Malignant_OPC_NPC_like_malignant	malignant_or_cycling_to_malignant_or_cycling	malignant_OPC_NPC_to_malignant_OPC_NPC	0.0038450769806147	0.0038450769806147	0.3125050859578619	1.7189945	2.953498	0.1104060834640839	0.1992943646618485	magnitude_rank<=0.05
LGG	PTN_PTPRZ1_NCL_SDC3_axis	PTN	NCL	PTN→NCL	Malignant_OPC_NPC_like_malignant	Malignant_cycling_candidate	Malignant_OPC_NPC_like_malignant → Malignant_cycling_candidate	malignant_or_cycling_to_malignant_or_cycling	malignant_OPC_NPC_to_malignant_cycling	0.0040468198699297	0.0040468198699297	0.3202795474541117	1.7131264	2.9328775	0.1021293777902112	0.0049984996077008	magnitude_rank<=0.05
LGG	PTN_PTPRZ1_NCL_SDC3_axis	PTN	NCL	PTN→NCL	Malignant_NPC_neuronal_like_malignant	Malignant_OPC_NPC_like_malignant	Malignant_NPC_neuronal_like_malignant → Malignant_OPC_NPC_like_malignant	malignant_or_cycling_to_malignant_or_cycling	malignant_NPC_neuronal_to_malignant_OPC_NPC	0.0046096238021193	0.0046096238021193	0.3486371105309057	1.6931219	2.8665147	0.0780763615929073	0.2339040207800957	magnitude_rank<=0.05
LGG	PTN_PTPRZ1_NCL_SDC3_axis	PTN	NCL	PTN→NCL	Malignant_NPC_neuronal_like_malignant	Malignant_cycling_candidate	Malignant_NPC_neuronal_like_malignant → Malignant_cycling_candidate	malignant_or_cycling_to_malignant_or_cycling	malignant_NPC_neuronal_to_malignant_cycling	0.0047191626919966	0.0047191626919966	0.3574087344319479	1.6872538	2.8465016	0.0697996559190346	0.039608155725948	magnitude_rank<=0.05
LGG	PTN_PTPRZ1_NCL_SDC3_axis	PTN	NCL	PTN→NCL	Malignant_cycling_candidate	Endothelial	Malignant_cycling_candidate → Endothelial	malignant_or_cycling_to_microenvironment	malignant_cycling_to_endothelial	0.0057618731041781	0.0057618731041781	0.5948585855733362	1.6614025	2.4024208	-0.0113024954927464	0.0361890051286626	magnitude_rank<=0.05
LGG	PTN_PTPRZ1_NCL_SDC3_axis	PTN	NCL	PTN→NCL	Malignant_AC_like_reactive_malignant	Malignant_OPC_NPC_like_malignant	Malignant_AC_like_reactive_malignant → Malignant_OPC_NPC_like_malignant	malignant_or_cycling_to_malignant_or_cycling	malignant_AC_reactive_to_malignant_OPC_NPC	0.0058024540856944	0.0058024540856944	0.434947052360575	1.6578202	2.7478309	0.0339638570459856	0.2743765762598502	magnitude_rank<=0.05
LGG	PTN_PTPRZ1_NCL_SDC3_axis	PTN	NCL	PTN→NCL	Malignant_OPC_NPC_like_malignant	Malignant_NPC_neuronal_like_malignant	Malignant_OPC_NPC_like_malignant → Malignant_NPC_neuronal_like_malignant	malignant_or_cycling_to_malignant_or_cycling	malignant_OPC_NPC_to_malignant_NPC_neuronal	0.0058840347849776	0.0058840347849776	0.4873245855073947	1.65747	2.737301	0.0236189520535357	0.0104359293406985	magnitude_rank<=0.05
LGG	PTN_PTPRZ1_NCL_SDC3_axis	PTN	NCL	PTN→NCL	Malignant_AC_like_reactive_malignant	Malignant_cycling_candidate	Malignant_AC_like_reactive_malignant → Malignant_cycling_candidate	malignant_or_cycling_to_malignant_or_cycling	malignant_AC_reactive_to_malignant_cycling	0.0062159488015874	0.0062159488015874	0.5207151989935657	1.651952	2.7286463	0.0256871513721129	0.0800807112057024	magnitude_rank<=0.05
LGG	PTN_PTPRZ1_NCL_SDC3_axis	PTN	NCL	PTN→NCL	Malignant_NPC_neuronal_like_malignant	Malignant_NPC_neuronal_like_malignant	Malignant_NPC_neuronal_like_malignant → Malignant_NPC_neuronal_like_malignant	malignant_or_cycling_to_malignant_or_cycling	malignant_NPC_neuronal_to_malignant_NPC_neuronal	0.0066434034509861	0.0066434034509861	0.6653970945040169	1.6315974	2.656685	-0.0087107698176407	0.0450455854589457	magnitude_rank<=0.05
LGG	PTN_PTPRZ1_NCL_SDC3_axis	PTN	NCL	PTN→NCL	Oligodendrocyte_myelinating	Malignant_OPC_NPC_like_malignant	Oligodendrocyte_myelinating → Malignant_OPC_NPC_like_malignant	microenvironment_to_malignant_or_cycling	oligodendrocyte_reference_to_malignant_OPC_NPC	0.0068623574126786	0.0068623574126786	0.8580043071241967	1.6291459	2.6514282	-0.0018684761461936	0.0953167503378069	magnitude_rank<=0.05
LGG	PTN_PTPRZ1_NCL_SDC3_axis	PTN	NCL	PTN→NCL	Oligodendrocyte_myelinating	Malignant_cycling_candidate	Oligodendrocyte_myelinating → Malignant_cycling_candidate	microenvironment_to_malignant_or_cycling	oligodendrocyte_reference_to_malignant_cycling	0.0071747383887735	0.0071747383887735	0.7724604457671269	1.6232778	2.6329167	-0.0101451818200664	-0.0989791147163408	magnitude_rank<=0.05
LGG	PTN_PTPRZ1_NCL_SDC3_axis	PTN	NCL	PTN→NCL	Malignant_AC_like_reactive_malignant	Malignant_NPC_neuronal_like_malignant	Malignant_AC_like_reactive_malignant → Malignant_NPC_neuronal_like_malignant	malignant_or_cycling_to_malignant_or_cycling	malignant_AC_reactive_to_malignant_NPC_neuronal	0.0082008099208913	0.0082008099208913	1.0	1.5962956	2.5466888	-0.0528232743645624	0.0855181409387002	magnitude_rank<=0.05
LGG	PTN_PTPRZ1_NCL_SDC3_axis	PTN	NCL	PTN→NCL	Malignant_OPC_NPC_like_malignant	Malignant_AC_like_reactive_malignant	Malignant_OPC_NPC_like_malignant → Malignant_AC_like_reactive_malignant	malignant_or_cycling_to_malignant_or_cycling	malignant_OPC_NPC_to_malignant_AC_reactive	0.0085413507959125	0.0085413507959125	1.0	1.5903705	2.5015142	-0.0710335154049015	-0.1470315061679117	magnitude_rank<=0.05
LGG	PTN_PTPRZ1_NCL_SDC3_axis	PTN	NCL	PTN→NCL	Oligodendrocyte_myelinating	Malignant_NPC_neuronal_like_malignant	Oligodendrocyte_myelinating → Malignant_NPC_neuronal_like_malignant	microenvironment_to_malignant_or_cycling	oligodendrocyte_reference_to_malignant_NPC_neuronal	0.0096035810448208	0.0096035810448208	1.0	1.5676214	2.457343	-0.0886556075567418	-0.093541684983343	magnitude_rank<=0.05
LGG	PTN_PTPRZ1_NCL_SDC3_axis	PTN	NCL	PTN→NCL	Malignant_NPC_neuronal_like_malignant	Malignant_AC_like_reactive_malignant	Malignant_NPC_neuronal_like_malignant → Malignant_AC_like_reactive_malignant	malignant_or_cycling_to_malignant_or_cycling	malignant_NPC_neuronal_to_malignant_AC_reactive	0.0097602893374933	0.0097602893374933	1.0	1.564498	2.4278421	-0.1033632372760781	-0.1124218500496645	magnitude_rank<=0.05
LGG	PTN_PTPRZ1_NCL_SDC3_axis	PTN	PTPRZ1	PTN→PTPRZ1	Malignant_cycling_candidate	Oligodendrocyte_myelinating	Malignant_cycling_candidate → Oligodendrocyte_myelinating	malignant_or_cycling_to_microenvironment	malignant_cycling_to_oligodendrocyte_reference	0.0117946353551464	0.0117946353551464	1.0	1.5317074	1.8163037	-0.3763168005277253	-1.0027361638091374	magnitude_rank<=0.05
LGG	PTN_PTPRZ1_NCL_SDC3_axis	PTN	NCL	PTN→NCL	Malignant_AC_like_reactive_malignant	Malignant_AC_like_reactive_malignant	Malignant_AC_like_reactive_malignant → Malignant_AC_like_reactive_malignant	malignant_or_cycling_to_malignant_or_cycling	malignant_AC_reactive_to_malignant_AC_reactive	0.0120257902495166	0.0120257902495166	1.0	1.5291963	2.3273208	-0.1474757418229998	-0.07194929456991	magnitude_rank<=0.05
LGG	PTN_PTPRZ1_NCL_SDC3_axis	PTN	NCL	PTN→NCL	Oligodendrocyte_myelinating	Malignant_AC_like_reactive_malignant	Oligodendrocyte_myelinating → Malignant_AC_like_reactive_malignant	microenvironment_to_malignant_or_cycling	oligodendrocyte_reference_to_malignant_AC_reactive	0.0135814609926018	0.0135814609926018	1.0	1.5005219	2.245671	-0.1833080750151791	-0.2510091204919533	magnitude_rank<=0.05
LGG	PTN_PTPRZ1_NCL_SDC3_axis	PTN	NCL	PTN→NCL	Malignant_OPC_NPC_like_malignant	Oligodendrocyte_myelinating	Malignant_OPC_NPC_like_malignant → Oligodendrocyte_myelinating	malignant_or_cycling_to_microenvironment	malignant_OPC_NPC_to_oligodendrocyte_reference	0.0139535146533391	0.0139535146533391	1.0	1.4934195	2.1608288	-0.2077947516273843	-0.3009232231760606	magnitude_rank<=0.05
LGG	PTN_PTPRZ1_NCL_SDC3_axis	PTN	NCL	PTN→NCL	Endothelial	Malignant_OPC_NPC_like_malignant	Endothelial → Malignant_OPC_NPC_like_malignant	microenvironment_to_malignant_or_cycling	endothelial_to_malignant_OPC_NPC	0.014015999382019	0.014015999382019	1.0	1.4921952	2.1910024	-0.1730000277704914	0.2851804007571006	magnitude_rank<=0.05
LGG	PTN_PTPRZ1_NCL_SDC3_axis	PTN	NCL	PTN→NCL	Endothelial	Malignant_cycling_candidate	Endothelial → Malignant_cycling_candidate	microenvironment_to_malignant_or_cycling	endothelial_to_malignant_cycling	0.0143304542785869	0.0143304542785869	1.0	1.4863272	2.1757054	-0.1812767334443641	0.0908845357029528	magnitude_rank<=0.05
LGG	PTN_PTPRZ1_NCL_SDC3_axis	PTN	NCL	PTN→NCL	Malignant_NPC_neuronal_like_malignant	Oligodendrocyte_myelinating	Malignant_NPC_neuronal_like_malignant → Oligodendrocyte_myelinating	malignant_or_cycling_to_microenvironment	malignant_NPC_neuronal_to_oligodendrocyte_reference	0.0160201476252675	0.0160201476252675	1.0	1.4675469	2.0971904	-0.2401244734985609	-0.2663135670578134	magnitude_rank<=0.05
LGG	PTN_PTPRZ1_NCL_SDC3_axis	PTN	NCL	PTN→NCL	Malignant_AC_like_reactive_malignant	Oligodendrocyte_myelinating	Malignant_AC_like_reactive_malignant → Oligodendrocyte_myelinating	malignant_or_cycling_to_microenvironment	malignant_AC_reactive_to_oligodendrocyte_reference	0.0182959233967966	0.0182959233967966	1.0	1.4322453	2.0103593	-0.2842369780454826	-0.2258410115780589	magnitude_rank<=0.05
LGG	PTN_PTPRZ1_NCL_SDC3_axis	PTN	NCL	PTN→NCL	Endothelial	Malignant_NPC_neuronal_like_malignant	Endothelial → Malignant_NPC_neuronal_like_malignant	microenvironment_to_malignant_or_cycling	endothelial_to_malignant_NPC_neuronal	0.0185100566526873	0.0185100566526873	1.0	1.4306707	2.0306206	-0.2597871591810396	0.0963219654359506	magnitude_rank<=0.05
LGG	PTN_PTPRZ1_NCL_SDC3_axis	PTN	SDC3	PTN→SDC3	Malignant_cycling_candidate	Malignant_AC_like_reactive_malignant	Malignant_cycling_candidate → Malignant_AC_like_reactive_malignant	malignant_or_cycling_to_malignant_or_cycling	malignant_cycling_to_malignant_AC_reactive	0.0188696237312619	0.0188696237312619	0.024618041114682	1.4265292	1.3409829	0.5733946856162861	0.5678155404254389	magnitude_rank<=0.05
LGG	PTN_PTPRZ1_NCL_SDC3_axis	PTN	NCL	PTN→NCL	Malignant_OPC_NPC_like_malignant	Endothelial	Malignant_OPC_NPC_like_malignant → Endothelial	malignant_or_cycling_to_microenvironment	malignant_OPC_NPC_to_endothelial	0.0207931800620091	0.0207931800620091	1.0	1.4101021	1.8680522	-0.325325173496292	-0.3201789317789985	magnitude_rank<=0.05
LGG	PTN_PTPRZ1_NCL_SDC3_axis	PTN	NCL	PTN→NCL	Oligodendrocyte_myelinating	Oligodendrocyte_myelinating	Oligodendrocyte_myelinating → Oligodendrocyte_myelinating	microenvironment_to_microenvironment	oligodendrocyte_reference_to_oligodendrocyte_reference	0.0216340872041074	0.0216340872041074	1.0	1.4035709	1.9398296	-0.3200693112376619	-0.4049008375001022	magnitude_rank<=0.05
LGG	PTN_PTPRZ1_NCL_SDC3_axis	PTN	NCL	PTN→NCL	Malignant_NPC_neuronal_like_malignant	Endothelial	Malignant_NPC_neuronal_like_malignant → Endothelial	malignant_or_cycling_to_microenvironment	malignant_NPC_neuronal_to_endothelial	0.0244163629389026	0.0244163629389026	1.0	1.3842297	1.8130364	-0.3576548953674686	-0.2855692756607513	magnitude_rank<=0.05
LGG	PTN_PTPRZ1_NCL_SDC3_axis	PTN	NCL	PTN→NCL	Endothelial	Malignant_AC_like_reactive_malignant	Endothelial → Malignant_AC_like_reactive_malignant	microenvironment_to_malignant_or_cycling	endothelial_to_malignant_AC_reactive	0.0271014542059086	0.0271014542059086	1.0	1.3635713	1.8557059	-0.3544396266394769	-0.0611454700726596	magnitude_rank<=0.05
LGG	PTN_PTPRZ1_NCL_SDC3_axis	PTN	NCL	PTN→NCL	Malignant_AC_like_reactive_malignant	Endothelial	Malignant_AC_like_reactive_malignant → Endothelial	malignant_or_cycling_to_microenvironment	malignant_AC_reactive_to_endothelial	0.0287592217684206	0.0287592217684206	1.0	1.3489279	1.7379702	-0.4017673999143902	-0.2450967201809968	magnitude_rank<=0.05
LGG	PTN_PTPRZ1_NCL_SDC3_axis	PTN	NCL	PTN→NCL	Oligodendrocyte_myelinating	Endothelial	Oligodendrocyte_myelinating → Endothelial	microenvironment_to_microenvironment	oligodendrocyte_reference_to_endothelial	0.034206296345948	0.034206296345948	1.0	1.3202536	1.6769968	-0.4375997331065696	-0.4241565461030401	magnitude_rank<=0.05
LGG	PTN_PTPRZ1_NCL_SDC3_axis	PTN	PTPRZ1	PTN→PTPRZ1	Malignant_OPC_NPC_like_malignant	Oligodendrocyte_myelinating	Malignant_OPC_NPC_like_malignant → Oligodendrocyte_myelinating	malignant_or_cycling_to_microenvironment	malignant_OPC_NPC_to_oligodendrocyte_reference	0.0399982531831439	0.0399982531831439	1.0	1.2804072	1.4123048	-0.6903394785312709	-1.3591041007167983	magnitude_rank<=0.05
LGG	PTN_PTPRZ1_NCL_SDC3_axis	PTN	NCL	PTN→NCL	Endothelial	Oligodendrocyte_myelinating	Endothelial → Oligodendrocyte_myelinating	microenvironment_to_microenvironment	endothelial_to_oligodendrocyte_reference	0.0419889953207105	0.0419889953207105	1.0	1.2666203	1.6029743	-0.4912008628619597	-0.2150371870808085	magnitude_rank<=0.05
LGG	PTN_PTPRZ1_NCL_SDC3_axis	PTN	SDC3	PTN→SDC3	Malignant_cycling_candidate	Malignant_OPC_NPC_like_malignant	Malignant_cycling_candidate → Malignant_OPC_NPC_like_malignant	malignant_or_cycling_to_malignant_or_cycling	malignant_cycling_to_malignant_OPC_NPC	0.0441339552033927	0.0441339552033927	0.135318667953862	1.329214	0.9011968	0.374647870732206	0.4017690332310492	magnitude_rank<=0.05
LGG	PTN_PTPRZ1_NCL_SDC3_axis	PTN	PTPRZ1	PTN→PTPRZ1	Malignant_NPC_neuronal_like_malignant	Oligodendrocyte_myelinating	Malignant_NPC_neuronal_like_malignant → Oligodendrocyte_myelinating	malignant_or_cycling_to_microenvironment	malignant_NPC_neuronal_to_oligodendrocyte_reference	0.0441339552033927	0.0441339552033927	1.0	1.2545346	1.3707111	-0.7226692004024475	-1.3244944445985514	magnitude_rank<=0.05
ndGBM	PTN_PTPRZ1_NCL_SDC3_axis	PTN	PTPRZ1	PTN→PTPRZ1	Malignant_cycling_candidate	Malignant_OPC_NPC_like_malignant	Malignant_cycling_candidate → Malignant_OPC_NPC_like_malignant	malignant_or_cycling_to_malignant_or_cycling	malignant_cycling_to_malignant_OPC_NPC	1.6154587202726065e-08	1.6154587202726065e-08	0.0476302925017105	3.3891091	11.4844265	0.4817549053520234	0.682790499302838	magnitude_rank<=0.05
ndGBM	PTN_PTPRZ1_NCL_SDC3_axis	PTN	PTPRZ1	PTN→PTPRZ1	Malignant_cycling_candidate	Malignant_AC_like_reactive_malignant	Malignant_cycling_candidate → Malignant_AC_like_reactive_malignant	malignant_or_cycling_to_malignant_or_cycling	malignant_cycling_to_malignant_AC_reactive	6.461652361420264e-08	6.461652361420264e-08	0.0476302925017105	3.3690276	11.346685	0.4665827980024478	0.5169360401094658	magnitude_rank<=0.05
ndGBM	PTN_PTPRZ1_NCL_SDC3_axis	PTN	PTPRZ1	PTN→PTPRZ1	Malignant_OPC_NPC_like_malignant	Malignant_OPC_NPC_like_malignant	Malignant_OPC_NPC_like_malignant → Malignant_OPC_NPC_like_malignant	malignant_or_cycling_to_malignant_or_cycling	malignant_OPC_NPC_to_malignant_OPC_NPC	1.4538304647315873e-07	1.4538304647315873e-07	0.0476302925017105	3.3457499	11.194034	0.4435394300075923	0.686954288989936	magnitude_rank<=0.05
ndGBM	PTN_PTPRZ1_NCL_SDC3_axis	PTN	PTPRZ1	PTN→PTPRZ1	Malignant_OPC_NPC_like_malignant	Malignant_AC_like_reactive_malignant	Malignant_OPC_NPC_like_malignant → Malignant_AC_like_reactive_malignant	malignant_or_cycling_to_malignant_or_cycling	malignant_OPC_NPC_to_malignant_AC_reactive	2.584514928831976e-07	2.584514928831976e-07	0.0476302925017105	3.3256683	11.059774	0.4283673226580167	0.5210998297965639	magnitude_rank<=0.05
ndGBM	PTN_PTPRZ1_NCL_SDC3_axis	PTN	PTPRZ1	PTN→PTPRZ1	Malignant_AC_like_reactive_malignant	Malignant_OPC_NPC_like_malignant	Malignant_AC_like_reactive_malignant → Malignant_OPC_NPC_like_malignant	malignant_or_cycling_to_malignant_or_cycling	malignant_AC_reactive_to_malignant_OPC_NPC	5.814829055943859e-07	5.814829055943859e-07	0.0476302925017105	3.2868254	10.799396	0.391595135247025	0.6016178483811614	magnitude_rank<=0.05
ndGBM	PTN_PTPRZ1_NCL_SDC3_axis	PTN	PTPRZ1	PTN→PTPRZ1	Malignant_AC_like_reactive_malignant	Malignant_AC_like_reactive_malignant	Malignant_AC_like_reactive_malignant → Malignant_AC_like_reactive_malignant	malignant_or_cycling_to_malignant_or_cycling	malignant_AC_reactive_to_malignant_AC_reactive	1.033689158943887e-06	1.033689158943887e-06	0.0476302925017105	3.2667437	10.66987	0.3764230278974494	0.4357633891877892	magnitude_rank<=0.05
ndGBM	PTN_PTPRZ1_NCL_SDC3_axis	PTN	PTPRZ1	PTN→PTPRZ1	Malignant_cycling_candidate	Malignant_cycling_candidate	Malignant_cycling_candidate → Malignant_cycling_candidate	malignant_or_cycling_to_malignant_or_cycling	malignant_cycling_to_malignant_cycling	1.6150479955507109e-06	1.6150479955507109e-06	0.0476302925017105	3.219091	10.318257	0.3532557797308099	0.2704616059425269	magnitude_rank<=0.05
ndGBM	PTN_PTPRZ1_NCL_SDC3_axis	PTN	PTPRZ1	PTN→PTPRZ1	Malignant_OPC_NPC_like_malignant	Malignant_cycling_candidate	Malignant_OPC_NPC_like_malignant → Malignant_cycling_candidate	malignant_or_cycling_to_malignant_or_cycling	malignant_OPC_NPC_to_malignant_cycling	1.9541528380158413e-06	1.9541528380158413e-06	0.0476302925017105	3.1757317	10.057351	0.3150403043863788	0.2746253956296249	magnitude_rank<=0.05
ndGBM	PTN_PTPRZ1_NCL_SDC3_axis	PTN	PTPRZ1	PTN→PTPRZ1	Malignant_AC_like_reactive_malignant	Malignant_cycling_candidate	Malignant_AC_like_reactive_malignant → Malignant_cycling_candidate	malignant_or_cycling_to_malignant_or_cycling	malignant_AC_reactive_to_malignant_cycling	2.729199393921528e-06	2.729199393921528e-06	0.0626823255282789	3.116807	9.702786	0.2630960096258116	0.1892889550208503	magnitude_rank<=0.05
ndGBM	PTN_PTPRZ1_NCL_SDC3_axis	PTN	PTPRZ1	PTN→PTPRZ1	Malignant_hypoxia_stress_malignant	Malignant_OPC_NPC_like_malignant	Malignant_hypoxia_stress_malignant → Malignant_OPC_NPC_like_malignant	malignant_or_cycling_to_malignant_or_cycling	malignant_hypoxia_stress_to_malignant_OPC_NPC	5.231572858023711e-06	5.231572858023711e-06	1.0	2.7980824	7.526109	-0.0392462455056631	-0.0162056620645172	magnitude_rank<=0.05
ndGBM	PTN_PTPRZ1_NCL_SDC3_axis	PTN	PTPRZ1	PTN→PTPRZ1	Malignant_hypoxia_stress_malignant	Malignant_AC_like_reactive_malignant	Malignant_hypoxia_stress_malignant → Malignant_AC_like_reactive_malignant	malignant_or_cycling_to_malignant_or_cycling	malignant_hypoxia_stress_to_malignant_AC_reactive	5.82884079013014e-06	5.82884079013014e-06	1.0	2.7780006	7.4358425	-0.0544183528552387	-0.1820601212578894	magnitude_rank<=0.05
ndGBM	PTN_PTPRZ1_NCL_SDC3_axis	PTN	PTPRZ1	PTN→PTPRZ1	Malignant_hypoxia_stress_malignant	Malignant_cycling_candidate	Malignant_hypoxia_stress_malignant → Malignant_cycling_candidate	malignant_or_cycling_to_malignant_or_cycling	malignant_hypoxia_stress_to_malignant_cycling	7.814182015424183e-06	7.814182015424183e-06	1.0	2.628064	6.7618814	-0.1677453711268766	-0.4285345554248283	magnitude_rank<=0.05
ndGBM	PTN_PTPRZ1_NCL_SDC3_axis	PTN	PTPRZ1	PTN→PTPRZ1	Malignant_cycling_candidate	Malignant_hypoxia_stress_malignant	Malignant_cycling_candidate → Malignant_hypoxia_stress_malignant	malignant_or_cycling_to_malignant_or_cycling	malignant_cycling_to_malignant_hypoxia_stress	1.0912787619565628e-05	1.0912787619565628e-05	1.0	2.6533644	6.4378924	-0.0743362762302627	-0.3890734969442455	magnitude_rank<=0.05
ndGBM	PTN_PTPRZ1_NCL_SDC3_axis	PTN	PTPRZ1	PTN→PTPRZ1	Malignant_OPC_NPC_like_malignant	Malignant_hypoxia_stress_malignant	Malignant_OPC_NPC_like_malignant → Malignant_hypoxia_stress_malignant	malignant_or_cycling_to_malignant_or_cycling	malignant_OPC_NPC_to_malignant_hypoxia_stress	1.3575260574125968e-05	1.3575260574125968e-05	1.0	2.610005	6.275105	-0.1125517515746938	-0.3849097072571474	magnitude_rank<=0.05
ndGBM	PTN_PTPRZ1_NCL_SDC3_axis	PTN	NCL	PTN→NCL	Malignant_cycling_candidate	Malignant_cycling_candidate	Malignant_cycling_candidate → Malignant_cycling_candidate	malignant_or_cycling_to_malignant_or_cycling	malignant_cycling_to_malignant_cycling	1.652781253456744e-05	1.652781253456744e-05	0.0476302925017105	2.59922	6.066511	0.4154244927585196	0.460002726625945	magnitude_rank<=0.05
ndGBM	PTN_PTPRZ1_NCL_SDC3_axis	PTN	PTPRZ1	PTN→PTPRZ1	Mural_Pericyte_Fibroblast	Malignant_OPC_NPC_like_malignant	Mural_Pericyte_Fibroblast → Malignant_OPC_NPC_like_malignant	microenvironment_to_malignant_or_cycling	mural_pericyte_fibroblast_to_malignant_OPC_NPC	1.757644425867774e-05	1.757644425867774e-05	1.0	2.5788198	6.0576315	-0.2325356388145207	-0.1369602000340992	magnitude_rank<=0.05
ndGBM	PTN_PTPRZ1_NCL_SDC3_axis	PTN	PTPRZ1	PTN→PTPRZ1	Malignant_AC_like_reactive_malignant	Malignant_hypoxia_stress_malignant	Malignant_AC_like_reactive_malignant → Malignant_hypoxia_stress_malignant	malignant_or_cycling_to_malignant_or_cycling	malignant_AC_reactive_to_malignant_hypoxia_stress	1.8657295717022112e-05	1.8657295717022112e-05	1.0	2.5510807	6.0538807	-0.1644960463352611	-0.4702461478659221	magnitude_rank<=0.05
ndGBM	PTN_PTPRZ1_NCL_SDC3_axis	PTN	PTPRZ1	PTN→PTPRZ1	Mural_Pericyte_Fibroblast	Malignant_AC_like_reactive_malignant	Mural_Pericyte_Fibroblast → Malignant_AC_like_reactive_malignant	microenvironment_to_malignant_or_cycling	mural_pericyte_fibroblast_to_malignant_AC_reactive	2.091564688523567e-05	2.091564688523567e-05	1.0	2.5587382	5.9849772	-0.2477077461640963	-0.3028146592274714	magnitude_rank<=0.05
ndGBM	PTN_PTPRZ1_NCL_SDC3_axis	PTN	NCL	PTN→NCL	Malignant_OPC_NPC_like_malignant	Malignant_cycling_candidate	Malignant_OPC_NPC_like_malignant → Malignant_cycling_candidate	malignant_or_cycling_to_malignant_or_cycling	malignant_OPC_NPC_to_malignant_cycling	2.209314111951617e-05	2.209314111951617e-05	0.0506841931921401	2.5558605	5.9131145	0.3772090174140885	0.464166516313043	magnitude_rank<=0.05
ndGBM	PTN_PTPRZ1_NCL_SDC3_axis	PTN	NCL	PTN→NCL	Malignant_AC_like_reactive_malignant	Malignant_cycling_candidate	Malignant_AC_like_reactive_malignant → Malignant_cycling_candidate	malignant_or_cycling_to_malignant_or_cycling	malignant_AC_reactive_to_malignant_cycling	2.7125178509261496e-05	2.7125178509261496e-05	0.0595887791382478	2.496936	5.704652	0.3252647226535212	0.3788300757042684	magnitude_rank<=0.05
ndGBM	PTN_PTPRZ1_NCL_SDC3_axis	PTN	PTPRZ1	PTN→PTPRZ1	Oligodendrocyte_myelinating	Malignant_OPC_NPC_like_malignant	Oligodendrocyte_myelinating → Malignant_OPC_NPC_like_malignant	microenvironment_to_malignant_or_cycling	oligodendrocyte_reference_to_malignant_OPC_NPC	2.846368928088193e-05	2.846368928088193e-05	1.0	2.5166237	5.6410823	-0.2873640018539324	-0.4456766495366586	magnitude_rank<=0.05
ndGBM	PTN_PTPRZ1_NCL_SDC3_axis	PTN	PTPRZ1	PTN→PTPRZ1	Oligodendrocyte_myelinating	Malignant_AC_like_reactive_malignant	Oligodendrocyte_myelinating → Malignant_AC_like_reactive_malignant	microenvironment_to_malignant_or_cycling	oligodendrocyte_reference_to_malignant_AC_reactive	2.9834395146587295e-05	2.9834395146587295e-05	1.0	2.4965422	5.5734243	-0.302536109203508	-0.6115311087300308	magnitude_rank<=0.05
ndGBM	PTN_PTPRZ1_NCL_SDC3_axis	PTN	PTPRZ1	PTN→PTPRZ1	Malignant_NPC_neuronal_like_malignant	Malignant_OPC_NPC_like_malignant	Malignant_NPC_neuronal_like_malignant → Malignant_OPC_NPC_like_malignant	malignant_or_cycling_to_malignant_or_cycling	malignant_NPC_neuronal_to_malignant_OPC_NPC	3.123729336858327e-05	3.123729336858327e-05	1.0	2.5054529	5.566266	-0.2972107751661179	-0.315874488652075	magnitude_rank<=0.05
ndGBM	PTN_PTPRZ1_NCL_SDC3_axis	PTN	PTPRZ1	PTN→PTPRZ1	Malignant_NPC_neuronal_like_malignant	Malignant_AC_like_reactive_malignant	Malignant_NPC_neuronal_like_malignant → Malignant_AC_like_reactive_malignant	malignant_or_cycling_to_malignant_or_cycling	malignant_NPC_neuronal_to_malignant_AC_reactive	3.56391106300174e-05	3.56391106300174e-05	1.0	2.485371	5.4995055	-0.3123828825156934	-0.4817289478454472	magnitude_rank<=0.05
ndGBM	PTN_PTPRZ1_NCL_SDC3_axis	PTN	PTPRZ1	PTN→PTPRZ1	Mural_Pericyte_Fibroblast	Malignant_cycling_candidate	Mural_Pericyte_Fibroblast → Malignant_cycling_candidate	microenvironment_to_malignant_or_cycling	mural_pericyte_fibroblast_to_malignant_cycling	4.195873240596699e-05	4.195873240596699e-05	1.0	2.4088016	5.4425178	-0.3610347644357342	-0.5492890933944103	magnitude_rank<=0.05
ndGBM	PTN_PTPRZ1_NCL_SDC3_axis	PTN	NCL	PTN→NCL	Malignant_cycling_candidate	Malignant_OPC_NPC_like_malignant	Malignant_cycling_candidate → Malignant_OPC_NPC_like_malignant	malignant_or_cycling_to_malignant_or_cycling	malignant_cycling_to_malignant_OPC_NPC	4.531157696877924e-05	4.531157696877924e-05	0.086034514314441	2.4752145	5.215948	0.2668742027204862	0.2947820422412415	magnitude_rank<=0.05
ndGBM	PTN_PTPRZ1_NCL_SDC3_axis	PTN	NCL	PTN→NCL	Malignant_OPC_NPC_like_malignant	Malignant_OPC_NPC_like_malignant	Malignant_OPC_NPC_like_malignant → Malignant_OPC_NPC_like_malignant	malignant_or_cycling_to_malignant_or_cycling	malignant_OPC_NPC_to_malignant_OPC_NPC	5.058207430617162e-05	5.058207430617162e-05	0.0953776985864797	2.4318552	5.084059	0.2286587273760551	0.2989458319283395	magnitude_rank<=0.05
ndGBM	PTN_PTPRZ1_NCL_SDC3_axis	PTN	PTPRZ1	PTN→PTPRZ1	Oligodendrocyte_myelinating	Malignant_cycling_candidate	Oligodendrocyte_myelinating → Malignant_cycling_candidate	microenvironment_to_malignant_or_cycling	oligodendrocyte_reference_to_malignant_cycling	6.60514420927511e-05	6.60514420927511e-05	1.0	2.3466055	5.0682664	-0.4158631274751459	-0.8580055428969697	magnitude_rank<=0.05
ndGBM	PTN_PTPRZ1_NCL_SDC3_axis	PTN	NCL	PTN→NCL	Malignant_AC_like_reactive_malignant	Malignant_OPC_NPC_like_malignant	Malignant_AC_like_reactive_malignant → Malignant_OPC_NPC_like_malignant	malignant_or_cycling_to_malignant_or_cycling	malignant_AC_reactive_to_malignant_OPC_NPC	6.60514420927511e-05	6.60514420927511e-05	0.1095108234404713	2.3729308	4.904824	0.1767144326154878	0.2136093913195649	magnitude_rank<=0.05
ndGBM	PTN_PTPRZ1_NCL_SDC3_axis	PTN	PTPRZ1	PTN→PTPRZ1	Malignant_NPC_neuronal_like_malignant	Malignant_cycling_candidate	Malignant_NPC_neuronal_like_malignant → Malignant_cycling_candidate	malignant_or_cycling_to_malignant_or_cycling	malignant_NPC_neuronal_to_malignant_cycling	7.455744533801505e-05	7.455744533801505e-05	1.0	2.3354344	5.0010476	-0.4257099007873313	-0.7282033820123861	magnitude_rank<=0.05
ndGBM	PTN_PTPRZ1_NCL_SDC3_axis	PTN	NCL	PTN→NCL	Malignant_cycling_candidate	Mural_Pericyte_Fibroblast	Malignant_cycling_candidate → Mural_Pericyte_Fibroblast	malignant_or_cycling_to_microenvironment	malignant_cycling_to_mural_pericyte_fibroblast	8.357743116606931e-05	8.357743116606931e-05	0.1290364008549367	2.3979397	4.685914	0.1743107640045678	0.1755019495404113	magnitude_rank<=0.05
ndGBM	PTN_PTPRZ1_NCL_SDC3_axis	PTN	PTPRZ1	PTN→PTPRZ1	Malignant_cycling_candidate	Malignant_NPC_neuronal_like_malignant	Malignant_cycling_candidate → Malignant_NPC_neuronal_like_malignant	malignant_or_cycling_to_malignant_or_cycling	malignant_cycling_to_malignant_NPC_neuronal	9.311122435807572e-05	9.311122435807572e-05	1.0	2.3809066	4.5690827	-0.2802676209516633	-0.7675750984082788	magnitude_rank<=0.05
ndGBM	PTN_PTPRZ1_NCL_SDC3_axis	PTN	NCL	PTN→NCL	Malignant_OPC_NPC_like_malignant	Mural_Pericyte_Fibroblast	Malignant_OPC_NPC_like_malignant → Mural_Pericyte_Fibroblast	malignant_or_cycling_to_microenvironment	malignant_OPC_NPC_to_mural_pericyte_fibroblast	9.557493452323724e-05	9.557493452323724e-05	0.1539292484010505	2.3545804	4.5674267	0.1360952886601366	0.1796657392275094	magnitude_rank<=0.05
ndGBM	PTN_PTPRZ1_NCL_SDC3_axis	PTN	NCL	PTN→NCL	Malignant_cycling_candidate	Malignant_AC_like_reactive_malignant	Malignant_cycling_candidate → Malignant_AC_like_reactive_malignant	malignant_or_cycling_to_malignant_or_cycling	malignant_cycling_to_malignant_AC_reactive	0.0001057507405186	0.0001057507405186	0.1465276716414068	2.374726	4.526689	0.1465029166367249	0.1196527205618915	magnitude_rank<=0.05
ndGBM	PTN_PTPRZ1_NCL_SDC3_axis	PTN	NCL	PTN→NCL	Malignant_cycling_candidate	Malignant_NPC_neuronal_like_malignant	Malignant_cycling_candidate → Malignant_NPC_neuronal_like_malignant	malignant_or_cycling_to_malignant_or_cycling	malignant_cycling_to_malignant_NPC_neuronal	0.0001164399596357	0.0001164399596357	0.1531650047896751	2.366615	4.4710546	0.1367866259305716	0.1428960765412397	magnitude_rank<=0.05
ndGBM	PTN_PTPRZ1_NCL_SDC3_axis	PTN	PTPRZ1	PTN→PTPRZ1	Malignant_OPC_NPC_like_malignant	Malignant_NPC_neuronal_like_malignant	Malignant_OPC_NPC_like_malignant → Malignant_NPC_neuronal_like_malignant	malignant_or_cycling_to_malignant_or_cycling	malignant_OPC_NPC_to_malignant_NPC_neuronal	0.0001191924646817	0.0001191924646817	1.0	2.3375473	4.4535494	-0.3184830962960945	-0.7634113087211807	magnitude_rank<=0.05
ndGBM	PTN_PTPRZ1_NCL_SDC3_axis	PTN	NCL	PTN→NCL	Malignant_OPC_NPC_like_malignant	Malignant_AC_like_reactive_malignant	Malignant_OPC_NPC_like_malignant → Malignant_AC_like_reactive_malignant	malignant_or_cycling_to_malignant_or_cycling	malignant_OPC_NPC_to_malignant_AC_reactive	0.0001219770443589	0.0001219770443589	0.2027978079876581	2.3313665	4.412228	0.1082874412922937	0.1238165102489896	magnitude_rank<=0.05
ndGBM	PTN_PTPRZ1_NCL_SDC3_axis	PTN	NCL	PTN→NCL	Malignant_AC_like_reactive_malignant	Mural_Pericyte_Fibroblast	Malignant_AC_like_reactive_malignant → Mural_Pericyte_Fibroblast	malignant_or_cycling_to_microenvironment	malignant_AC_reactive_to_mural_pericyte_fibroblast	0.0001247936959294	0.0001247936959294	0.2614178868872114	2.295656	4.4064054	0.0841509938995693	0.0943292986187347	magnitude_rank<=0.05
ndGBM	PTN_PTPRZ1_NCL_SDC3_axis	PTN	NCL	PTN→NCL	Malignant_OPC_NPC_like_malignant	Malignant_NPC_neuronal_like_malignant	Malignant_OPC_NPC_like_malignant → Malignant_NPC_neuronal_like_malignant	malignant_or_cycling_to_malignant_or_cycling	malignant_OPC_NPC_to_malignant_NPC_neuronal	0.0001334360546229	0.0001334360546229	0.2231496884462885	2.3232555	4.3580003	0.0985711505861405	0.1470598662283377	magnitude_rank<=0.05
ndGBM	PTN_PTPRZ1_NCL_SDC3_axis	PTN	PTPRZ1	PTN→PTPRZ1	Malignant_AC_like_reactive_malignant	Malignant_NPC_neuronal_like_malignant	Malignant_AC_like_reactive_malignant → Malignant_NPC_neuronal_like_malignant	malignant_or_cycling_to_malignant_or_cycling	malignant_AC_reactive_to_malignant_NPC_neuronal	0.0001454080399614	0.0001454080399614	1.0	2.2786229	4.2965426	-0.3704273910566618	-0.8487477493299553	magnitude_rank<=0.05
ndGBM	PTN_PTPRZ1_NCL_SDC3_axis	PTN	NCL	PTN→NCL	Malignant_AC_like_reactive_malignant	Malignant_AC_like_reactive_malignant	Malignant_AC_like_reactive_malignant → Malignant_AC_like_reactive_malignant	malignant_or_cycling_to_malignant_or_cycling	malignant_AC_reactive_to_malignant_AC_reactive	0.0001547235461242	0.0001547235461242	0.3580108055870561	2.2724423	4.256678	0.0563431465317265	0.038480069640215	magnitude_rank<=0.05
ndGBM	PTN_PTPRZ1_NCL_SDC3_axis	PTN	NCL	PTN→NCL	Malignant_cycling_candidate	Oligodendrocyte_myelinating	Malignant_cycling_candidate → Oligodendrocyte_myelinating	malignant_or_cycling_to_microenvironment	malignant_cycling_to_oligodendrocyte_reference	0.0001675928155185	0.0001675928155185	0.242502053550431	2.3287175	4.211112	0.0913887348110452	0.1076056462523569	magnitude_rank<=0.05
ndGBM	PTN_PTPRZ1_NCL_SDC3_axis	PTN	NCL	PTN→NCL	Malignant_AC_like_reactive_malignant	Malignant_NPC_neuronal_like_malignant	Malignant_AC_like_reactive_malignant → Malignant_NPC_neuronal_like_malignant	malignant_or_cycling_to_malignant_or_cycling	malignant_AC_reactive_to_malignant_NPC_neuronal	0.0001742196461254	0.0001742196461254	0.396642289541323	2.264331	4.204362	0.0466268558255732	0.0617234256195631	magnitude_rank<=0.05
ndGBM	PTN_PTPRZ1_NCL_SDC3_axis	PTN	NCL	PTN→NCL	Malignant_cycling_candidate	Endothelial	Malignant_cycling_candidate → Endothelial	malignant_or_cycling_to_microenvironment	malignant_cycling_to_endothelial	0.0001809745781357	0.0001809745781357	0.2521677555828533	2.325401	4.188365	0.0874161166102669	0.0955251293891641	magnitude_rank<=0.05
ndGBM	PTN_PTPRZ1_NCL_SDC3_axis	PTN	NCL	PTN→NCL	Malignant_OPC_NPC_like_malignant	Oligodendrocyte_myelinating	Malignant_OPC_NPC_like_malignant → Oligodendrocyte_myelinating	malignant_or_cycling_to_microenvironment	malignant_OPC_NPC_to_oligodendrocyte_reference	0.000187857589647	0.000187857589647	0.3699144746712757	2.285358	4.1046305	0.0531732594666141	0.1117694359394549	magnitude_rank<=0.05
ndGBM	PTN_PTPRZ1_NCL_SDC3_axis	PTN	NCL	PTN→NCL	Malignant_OPC_NPC_like_malignant	Endothelial	Malignant_OPC_NPC_like_malignant → Endothelial	malignant_or_cycling_to_microenvironment	malignant_OPC_NPC_to_endothelial	0.0001984222276835	0.0001984222276835	0.3864405695116415	2.2820415	4.0824585	0.0492006412658357	0.0996889190762622	magnitude_rank<=0.05
ndGBM	PTN_PTPRZ1_NCL_SDC3_axis	PTN	NCL	PTN→NCL	Malignant_AC_like_reactive_malignant	Oligodendrocyte_myelinating	Malignant_AC_like_reactive_malignant → Oligodendrocyte_myelinating	malignant_or_cycling_to_microenvironment	malignant_AC_reactive_to_oligodendrocyte_reference	0.0002280026163015	0.0002280026163015	0.7760887511113561	2.2264335	3.9599247	0.0012289647060468	0.0264329953306803	magnitude_rank<=0.05
ndGBM	PTN_PTPRZ1_NCL_SDC3_axis	PTN	NCL	PTN→NCL	Malignant_AC_like_reactive_malignant	Endothelial	Malignant_AC_like_reactive_malignant → Endothelial	malignant_or_cycling_to_microenvironment	malignant_AC_reactive_to_endothelial	0.0002396230995575	0.0002396230995575	0.853508508260732	2.2231174	3.9385343	-0.0027436534947314	0.0143524784674875	magnitude_rank<=0.05
ndGBM	PTN_PTPRZ1_NCL_SDC3_axis	PTN	NCL	PTN→NCL	Malignant_cycling_candidate	Malignant_hypoxia_stress_malignant	Malignant_cycling_candidate → Malignant_hypoxia_stress_malignant	malignant_or_cycling_to_malignant_or_cycling	malignant_cycling_to_malignant_hypoxia_stress	0.000284693032865	0.000284693032865	0.62726042790348	2.2569003	3.7185135	0.0053590625826476	-0.0448010381106391	magnitude_rank<=0.05
ndGBM	PTN_PTPRZ1_NCL_SDC3_axis	PTN	NCL	PTN→NCL	Malignant_OPC_NPC_like_malignant	Malignant_hypoxia_stress_malignant	Malignant_OPC_NPC_like_malignant → Malignant_hypoxia_stress_malignant	malignant_or_cycling_to_malignant_or_cycling	malignant_OPC_NPC_to_malignant_hypoxia_stress	0.0003020406776481	0.0003020406776481	0.8966898032580664	2.213541	3.6244876	-0.0328564127617835	-0.0406372484235411	magnitude_rank<=0.05
ndGBM	PTN_PTPRZ1_NCL_SDC3_axis	PTN	NCL	PTN→NCL	Malignant_AC_like_reactive_malignant	Malignant_hypoxia_stress_malignant	Malignant_AC_like_reactive_malignant → Malignant_hypoxia_stress_malignant	malignant_or_cycling_to_malignant_or_cycling	malignant_AC_reactive_to_malignant_hypoxia_stress	0.0003153867630666	0.0003153867630666	1.0	2.1546166	3.4967089	-0.0848007075223507	-0.1259736890323157	magnitude_rank<=0.05
ndGBM	PTN_PTPRZ1_NCL_SDC3_axis	PTN	PTPRZ1	PTN→PTPRZ1	Malignant_hypoxia_stress_malignant	Malignant_hypoxia_stress_malignant	Malignant_hypoxia_stress_malignant → Malignant_hypoxia_stress_malignant	malignant_or_cycling_to_malignant_or_cycling	malignant_hypoxia_stress_to_malignant_hypoxia_stress	0.0004014947066058	0.0004014947066058	1.0	2.0623374	4.218955	-0.5953374270879492	-1.0880696583116007	magnitude_rank<=0.05
ndGBM	PTN_PTPRZ1_NCL_SDC3_axis	PTN	SDC3	PTN→SDC3	Malignant_cycling_candidate	Malignant_AC_like_reactive_malignant	Malignant_cycling_candidate → Malignant_AC_like_reactive_malignant	malignant_or_cycling_to_malignant_or_cycling	malignant_cycling_to_malignant_AC_reactive	0.0004065814369338	0.0004065814369338	0.0476302925017105	2.1946063	3.2912328	0.4187054078668639	0.4962462110405669	magnitude_rank<=0.05
ndGBM	PTN_PTPRZ1_NCL_SDC3_axis	PTN	SDC3	PTN→SDC3	Malignant_OPC_NPC_like_malignant	Malignant_AC_like_reactive_malignant	Malignant_OPC_NPC_like_malignant → Malignant_AC_like_reactive_malignant	malignant_or_cycling_to_malignant_or_cycling	malignant_OPC_NPC_to_malignant_AC_reactive	0.0004430811138678	0.0004430811138678	0.0476302925017105	2.151247	3.2080114	0.3804899325224328	0.500410000727665	magnitude_rank<=0.05
ndGBM	PTN_PTPRZ1_NCL_SDC3_axis	PTN	SDC3	PTN→SDC3	Malignant_AC_like_reactive_malignant	Malignant_AC_like_reactive_malignant	Malignant_AC_like_reactive_malignant → Malignant_AC_like_reactive_malignant	malignant_or_cycling_to_malignant_or_cycling	malignant_AC_reactive_to_malignant_AC_reactive	0.0005323688032933	0.0005323688032933	0.0476302925017105	2.0923223	3.0949152	0.3285456377618655	0.4150735601188903	magnitude_rank<=0.05
ndGBM	PTN_PTPRZ1_NCL_SDC3_axis	PTN	NCL	PTN→NCL	Malignant_hypoxia_stress_malignant	Malignant_cycling_candidate	Malignant_hypoxia_stress_malignant → Malignant_cycling_candidate	malignant_or_cycling_to_malignant_or_cycling	malignant_hypoxia_stress_to_malignant_cycling	0.0005323688032933	0.0005323688032933	1.0	2.008193	3.9755774	-0.1055766580991669	-0.2389934347414102	magnitude_rank<=0.05
ndGBM	PTN_PTPRZ1_NCL_SDC3_axis	PTN	SDC3	PTN→SDC3	Malignant_cycling_candidate	Malignant_OPC_NPC_like_malignant	Malignant_cycling_candidate → Malignant_OPC_NPC_like_malignant	malignant_or_cycling_to_malignant_or_cycling	malignant_cycling_to_malignant_OPC_NPC	0.0009319139072057	0.0009319139072057	0.0476302925017105	2.1188612	2.7716904	0.3167755137675387	0.3949654505804582	magnitude_rank<=0.05
ndGBM	PTN_PTPRZ1_NCL_SDC3_axis	PTN	SDC3	PTN→SDC3	Malignant_OPC_NPC_like_malignant	Malignant_OPC_NPC_like_malignant	Malignant_OPC_NPC_like_malignant → Malignant_OPC_NPC_like_malignant	malignant_or_cycling_to_malignant_or_cycling	malignant_OPC_NPC_to_malignant_OPC_NPC	0.001018607725957	0.001018607725957	0.0476302925017105	2.0755017	2.7016058	0.2785600384231076	0.3991292402675562	magnitude_rank<=0.05
ndGBM	PTN_PTPRZ1_NCL_SDC3_axis	PTN	NCL	PTN→NCL	Malignant_hypoxia_stress_malignant	Malignant_OPC_NPC_like_malignant	Malignant_hypoxia_stress_malignant → Malignant_OPC_NPC_like_malignant	malignant_or_cycling_to_malignant_or_cycling	malignant_hypoxia_stress_to_malignant_OPC_NPC	0.0010347812949425	0.0010347812949425	1.0	1.8841876	3.4181764	-0.2541269481372003	-0.4042141191261137	magnitude_rank<=0.05
ndGBM	PTN_PTPRZ1_NCL_SDC3_axis	PTN	SDC3	PTN→SDC3	Malignant_AC_like_reactive_malignant	Malignant_OPC_NPC_like_malignant	Malignant_AC_like_reactive_malignant → Malignant_OPC_NPC_like_malignant	malignant_or_cycling_to_malignant_or_cycling	malignant_AC_reactive_to_malignant_OPC_NPC	0.0011601130384058	0.0011601130384058	0.0690030280856723	2.0165772	2.6063626	0.2266157436625404	0.3137927996587816	magnitude_rank<=0.05
ndGBM	PTN_PTPRZ1_NCL_SDC3_axis	PTN	SDC3	PTN→SDC3	Malignant_cycling_candidate	Malignant_cycling_candidate	Malignant_cycling_candidate → Malignant_cycling_candidate	malignant_or_cycling_to_malignant_or_cycling	malignant_cycling_to_malignant_cycling	0.0013660830796182	0.0013660830796182	0.0534795553081732	2.0752378	2.4724746	0.2580705158804015	0.2138764450926341	magnitude_rank<=0.05
ndGBM	PTN_PTPRZ1_NCL_SDC3_axis	PTN	PTPRZ1	PTN→PTPRZ1	Mural_Pericyte_Fibroblast	Malignant_hypoxia_stress_malignant	Mural_Pericyte_Fibroblast → Malignant_hypoxia_stress_malignant	microenvironment_to_malignant_or_cycling	mural_pericyte_fibroblast_to_malignant_hypoxia_stress	0.0013941782939639	0.0013941782939639	1.0	1.843075	3.395762	-0.788626820396807	-1.2088241962811828	magnitude_rank<=0.05
ndGBM	PTN_PTPRZ1_NCL_SDC3_axis	PTN	SDC3	PTN→SDC3	Malignant_OPC_NPC_like_malignant	Malignant_cycling_candidate	Malignant_OPC_NPC_like_malignant → Malignant_cycling_candidate	malignant_or_cycling_to_malignant_or_cycling	malignant_OPC_NPC_to_malignant_cycling	0.0014996193391344	0.0014996193391344	0.0728900490630116	2.0318785	2.409956	0.2198550405359703	0.2180402347797322	magnitude_rank<=0.05
ndGBM	PTN_PTPRZ1_NCL_SDC3_axis	PTN	SDC3	PTN→SDC3	Malignant_AC_like_reactive_malignant	Malignant_cycling_candidate	Malignant_AC_like_reactive_malignant → Malignant_cycling_candidate	malignant_or_cycling_to_malignant_or_cycling	malignant_AC_reactive_to_malignant_cycling	0.0017745670536341	0.0017745670536341	0.1129729851550306	1.972954	2.3249946	0.1679107457754031	0.1327037941709575	magnitude_rank<=0.05
ndGBM	PTN_PTPRZ1_NCL_SDC3_axis	PTN	NCL	PTN→NCL	Malignant_hypoxia_stress_malignant	Mural_Pericyte_Fibroblast	Malignant_hypoxia_stress_malignant → Mural_Pericyte_Fibroblast	malignant_or_cycling_to_microenvironment	malignant_hypoxia_stress_to_mural_pericyte_fibroblast	0.0017851902725	0.0017851902725	1.0	1.8069128	3.0708282	-0.3466903868531187	-0.5234942118269439	magnitude_rank<=0.05
ndGBM	PTN_PTPRZ1_NCL_SDC3_axis	PTN	PTPRZ1	PTN→PTPRZ1	Malignant_hypoxia_stress_malignant	Malignant_NPC_neuronal_like_malignant	Malignant_hypoxia_stress_malignant → Malignant_NPC_neuronal_like_malignant	malignant_or_cycling_to_malignant_or_cycling	malignant_hypoxia_stress_to_malignant_NPC_neuronal	0.0020495585267494	0.0020495585267494	1.0	1.7898797	2.9942648	-0.8012687718093499	-1.466571259775634	magnitude_rank<=0.05
ndGBM	PTN_PTPRZ1_NCL_SDC3_axis	PTN	NCL	PTN→NCL	Mural_Pericyte_Fibroblast	Malignant_cycling_candidate	Mural_Pericyte_Fibroblast → Malignant_cycling_candidate	microenvironment_to_malignant_or_cycling	mural_pericyte_fibroblast_to_malignant_cycling	0.0020953754018263	0.0020953754018263	1.0	1.7889307	3.1998713	-0.2988660514080246	-0.3597479727109922	magnitude_rank<=0.05
ndGBM	PTN_PTPRZ1_NCL_SDC3_axis	PTN	NCL	PTN→NCL	Malignant_hypoxia_stress_malignant	Malignant_AC_like_reactive_malignant	Malignant_hypoxia_stress_malignant → Malignant_AC_like_reactive_malignant	malignant_or_cycling_to_malignant_or_cycling	malignant_hypoxia_stress_to_malignant_AC_reactive	0.002188512288755	0.002188512288755	1.0	1.783699	2.9664829	-0.3744982342209616	-0.5793434408054636	magnitude_rank<=0.05
ndGBM	PTN_PTPRZ1_NCL_SDC3_axis	PTN	PTPRZ1	PTN→PTPRZ1	Oligodendrocyte_myelinating	Malignant_hypoxia_stress_malignant	Oligodendrocyte_myelinating → Malignant_hypoxia_stress_malignant	microenvironment_to_malignant_or_cycling	oligodendrocyte_reference_to_malignant_hypoxia_stress	0.0022956855109107	0.0022956855109107	1.0	1.780879	3.1622546	-0.8434551834362186	-1.517540645783742	magnitude_rank<=0.05
ndGBM	PTN_PTPRZ1_NCL_SDC3_axis	PTN	NCL	PTN→NCL	Malignant_hypoxia_stress_malignant	Malignant_NPC_neuronal_like_malignant	Malignant_hypoxia_stress_malignant → Malignant_NPC_neuronal_like_malignant	malignant_or_cycling_to_malignant_or_cycling	malignant_hypoxia_stress_to_malignant_NPC_neuronal	0.0024053918052054	0.0024053918052054	1.0	1.775588	2.930024	-0.3842145249271149	-0.5561000848261155	magnitude_rank<=0.05
ndGBM	PTN_PTPRZ1_NCL_SDC3_axis	PTN	PTPRZ1	PTN→PTPRZ1	Malignant_NPC_neuronal_like_malignant	Malignant_hypoxia_stress_malignant	Malignant_NPC_neuronal_like_malignant → Malignant_hypoxia_stress_malignant	malignant_or_cycling_to_malignant_or_cycling	malignant_NPC_neuronal_to_malignant_hypoxia_stress	0.0025683240627525	0.0025683240627525	1.0	1.7697079	3.1203144	-0.853301956748404	-1.3877384848991583	magnitude_rank<=0.05
ndGBM	PTN_PTPRZ1_NCL_SDC3_axis	PTN	NCL	PTN→NCL	Malignant_hypoxia_stress_malignant	Oligodendrocyte_myelinating	Malignant_hypoxia_stress_malignant → Oligodendrocyte_myelinating	malignant_or_cycling_to_microenvironment	malignant_hypoxia_stress_to_oligodendrocyte_reference	0.0033449085997249	0.0033449085997249	1.0	1.7376904	2.7596753	-0.4296124160466412	-0.5913905151149983	magnitude_rank<=0.05
ndGBM	PTN_PTPRZ1_NCL_SDC3_axis	PTN	NCL	PTN→NCL	Malignant_hypoxia_stress_malignant	Endothelial	Malignant_hypoxia_stress_malignant → Endothelial	malignant_or_cycling_to_microenvironment	malignant_hypoxia_stress_to_endothelial	0.0034472453445873	0.0034472453445873	1.0	1.734374	2.7447684	-0.4335850342474196	-0.6034710319781911	magnitude_rank<=0.05
ndGBM	PTN_PTPRZ1_NCL_SDC3_axis	PTN	NCL	PTN→NCL	Oligodendrocyte_myelinating	Malignant_cycling_candidate	Oligodendrocyte_myelinating → Malignant_cycling_candidate	microenvironment_to_malignant_or_cycling	oligodendrocyte_reference_to_malignant_cycling	0.0036262179316192	0.0036262179316192	1.0	1.7267345	2.9798343	-0.3536944144474362	-0.6684644222135516	magnitude_rank<=0.05
ndGBM	PTN_PTPRZ1_NCL_SDC3_axis	PTN	NCL	PTN→NCL	Malignant_NPC_neuronal_like_malignant	Malignant_cycling_candidate	Malignant_NPC_neuronal_like_malignant → Malignant_cycling_candidate	malignant_or_cycling_to_malignant_or_cycling	malignant_NPC_neuronal_to_malignant_cycling	0.0038874034561945	0.0038874034561945	1.0	1.7155635	2.9403136	-0.3635411877596216	-0.538662261328968	magnitude_rank<=0.05
ndGBM	PTN_PTPRZ1_NCL_SDC3_axis	PTN	PTPRZ1	PTN→PTPRZ1	Endothelial	Malignant_OPC_NPC_like_malignant	Endothelial → Malignant_OPC_NPC_like_malignant	microenvironment_to_malignant_or_cycling	endothelial_to_malignant_OPC_NPC	0.0045035602292165	0.0045035602292165	1.0	1.9402432	1.7808567	-0.7954609987479038	-1.0575636874656087	magnitude_rank<=0.05
ndGBM	PTN_PTPRZ1_NCL_SDC3_axis	PTN	PTPRZ1	PTN→PTPRZ1	Endothelial	Malignant_AC_like_reactive_malignant	Endothelial → Malignant_AC_like_reactive_malignant	microenvironment_to_malignant_or_cycling	endothelial_to_malignant_AC_reactive	0.0047763321499287	0.0047763321499287	1.0	1.9201615	1.7594975	-0.8106331060974793	-1.2234181466589809	magnitude_rank<=0.05
ndGBM	PTN_PTPRZ1_NCL_SDC3_axis	PTN	NCL	PTN→NCL	Malignant_hypoxia_stress_malignant	Malignant_hypoxia_stress_malignant	Malignant_hypoxia_stress_malignant → Malignant_hypoxia_stress_malignant	malignant_or_cycling_to_malignant_or_cycling	malignant_hypoxia_stress_to_malignant_hypoxia_stress	0.0052908265902486	0.0052908265902486	1.0	1.6658734	2.4368598	-0.515642088275039	-0.7437971994779944	magnitude_rank<=0.05
ndGBM	PTN_PTPRZ1_NCL_SDC3_axis	PTN	NCL	PTN→NCL	Mural_Pericyte_Fibroblast	Malignant_OPC_NPC_like_malignant	Mural_Pericyte_Fibroblast → Malignant_OPC_NPC_like_malignant	microenvironment_to_malignant_or_cycling	mural_pericyte_fibroblast_to_malignant_OPC_NPC	0.0053455266807786	0.0053455266807786	1.0	1.6649252	2.7512293	-0.4474163414460579	-0.5249686570956957	magnitude_rank<=0.05
ndGBM	PTN_PTPRZ1_NCL_SDC3_axis	PTN	PTPRZ1	PTN→PTPRZ1	Malignant_cycling_candidate	Endothelial	Malignant_cycling_candidate → Endothelial	malignant_or_cycling_to_microenvironment	malignant_cycling_to_endothelial	0.0056983768792942	0.0056983768792942	1.0	1.9582111	1.6697781	-0.5997531475269408	-1.3623701149252274	magnitude_rank<=0.05
ndGBM	PTN_PTPRZ1_NCL_SDC3_axis	PTN	PTPRZ1	PTN→PTPRZ1	Malignant_OPC_NPC_like_malignant	Endothelial	Malignant_OPC_NPC_like_malignant → Endothelial	malignant_or_cycling_to_microenvironment	malignant_OPC_NPC_to_endothelial	0.0061012492425805	0.0061012492425805	1.0	1.9148517	1.6275564	-0.6379686228713719	-1.3582063252381291	magnitude_rank<=0.05
ndGBM	PTN_PTPRZ1_NCL_SDC3_axis	PTN	SDC3	PTN→SDC3	Malignant_cycling_candidate	Malignant_hypoxia_stress_malignant	Malignant_cycling_candidate → Malignant_hypoxia_stress_malignant	malignant_or_cycling_to_malignant_or_cycling	malignant_cycling_to_malignant_hypoxia_stress	0.0064773869220484	0.0064773869220484	0.249280530334792	1.9491435	1.6075836	0.0883849210657057	0.0782697621507856	magnitude_rank<=0.05
ndGBM	PTN_PTPRZ1_NCL_SDC3_axis	PTN	PTPRZ1	PTN→PTPRZ1	Endothelial	Malignant_cycling_candidate	Endothelial → Malignant_cycling_candidate	microenvironment_to_malignant_or_cycling	endothelial_to_malignant_cycling	0.0065782045080222	0.0065782045080222	1.0	1.7702248	1.6000222	-0.9239601243691172	-1.4698925808259198	magnitude_rank<=0.05
ndGBM	PTN_PTPRZ1_NCL_SDC3_axis	PTN	PTPRZ1	PTN→PTPRZ1	Malignant_AC_like_reactive_malignant	Endothelial	Malignant_AC_like_reactive_malignant → Endothelial	malignant_or_cycling_to_microenvironment	malignant_AC_reactive_to_endothelial	0.0071358092133936	0.0071358092133936	1.0	1.8559272	1.570178	-0.6899129176319392	-1.443542765846904	magnitude_rank<=0.05
ndGBM	PTN_PTPRZ1_NCL_SDC3_axis	PTN	SDC3	PTN→SDC3	Malignant_OPC_NPC_like_malignant	Malignant_hypoxia_stress_malignant	Malignant_OPC_NPC_like_malignant → Malignant_hypoxia_stress_malignant	malignant_or_cycling_to_malignant_or_cycling	malignant_OPC_NPC_to_malignant_hypoxia_stress	0.007284001654352	0.007284001654352	0.3822290412576146	1.9057841	1.5669345	0.0501694457212746	0.0824335518378837	magnitude_rank<=0.05
ndGBM	PTN_PTPRZ1_NCL_SDC3_axis	PTN	SDC3	PTN→SDC3	Malignant_hypoxia_stress_malignant	Malignant_AC_like_reactive_malignant	Malignant_hypoxia_stress_malignant → Malignant_AC_like_reactive_malignant	malignant_or_cycling_to_malignant_or_cycling	malignant_hypoxia_stress_to_malignant_AC_reactive	0.0073693526900247	0.0073693526900247	1.0	1.6035793	2.1568494	-0.1022957429908226	-0.2027499503267883	magnitude_rank<=0.05
ndGBM	PTN_PTPRZ1_NCL_SDC3_axis	PTN	NCL	PTN→NCL	Oligodendrocyte_myelinating	Malignant_OPC_NPC_like_malignant	Oligodendrocyte_myelinating → Malignant_OPC_NPC_like_malignant	microenvironment_to_malignant_or_cycling	oligodendrocyte_reference_to_malignant_OPC_NPC	0.0073907667977435	0.0073907667977435	1.0	1.6027291	2.5620427	-0.5022447044854697	-0.8336851065982551	magnitude_rank<=0.05
ndGBM	PTN_PTPRZ1_NCL_SDC3_axis	PTN	NCL	PTN→NCL	Malignant_NPC_neuronal_like_malignant	Malignant_OPC_NPC_like_malignant	Malignant_NPC_neuronal_like_malignant → Malignant_OPC_NPC_like_malignant	malignant_or_cycling_to_malignant_or_cycling	malignant_NPC_neuronal_to_malignant_OPC_NPC	0.0079582072760018	0.0079582072760018	1.0	1.5915582	2.528063	-0.5120914777976551	-0.7038829457136715	magnitude_rank<=0.05
ndGBM	PTN_PTPRZ1_NCL_SDC3_axis	PTN	NCL	PTN→NCL	Mural_Pericyte_Fibroblast	Mural_Pericyte_Fibroblast	Mural_Pericyte_Fibroblast → Mural_Pericyte_Fibroblast	microenvironment_to_microenvironment	mural_pericyte_fibroblast_to_mural_pericyte_fibroblast	0.0081819228163754	0.0081819228163754	1.0	1.5876504	2.471655	-0.5399797801619765	-0.6442487497965259	magnitude_rank<=0.05
ndGBM	PTN_PTPRZ1_NCL_SDC3_axis	PTN	SDC3	PTN→SDC3	Malignant_AC_like_reactive_malignant	Malignant_hypoxia_stress_malignant	Malignant_AC_like_reactive_malignant → Malignant_hypoxia_stress_malignant	malignant_or_cycling_to_malignant_or_cycling	malignant_AC_reactive_to_malignant_hypoxia_stress	0.0083176083168806	0.0083176083168806	0.6666712482525957	1.8468597	1.5116934	-0.0017748490392926	-0.0029028887708909	magnitude_rank<=0.05
ndGBM	PTN_PTPRZ1_NCL_SDC3_axis	PTN	PTPRZ1	PTN→PTPRZ1	Mural_Pericyte_Fibroblast	Malignant_NPC_neuronal_like_malignant	Mural_Pericyte_Fibroblast → Malignant_NPC_neuronal_like_malignant	microenvironment_to_malignant_or_cycling	mural_pericyte_fibroblast_to_malignant_NPC_neuronal	0.0088478461917281	0.0088478461917281	1.0	1.5706173	2.4100304	-0.9945581651182076	-1.587325797745216	magnitude_rank<=0.05
ndGBM	PTN_PTPRZ1_NCL_SDC3_axis	PTN	NCL	PTN→NCL	Mural_Pericyte_Fibroblast	Malignant_AC_like_reactive_malignant	Mural_Pericyte_Fibroblast → Malignant_AC_like_reactive_malignant	microenvironment_to_malignant_or_cycling	mural_pericyte_fibroblast_to_malignant_AC_reactive	0.0090596889232396	0.0090596889232396	1.0	1.5644367	2.3876693	-0.5677876275298193	-0.7000979787750456	magnitude_rank<=0.05
ndGBM	PTN_PTPRZ1_NCL_SDC3_axis	PTN	NCL	PTN→NCL	Mural_Pericyte_Fibroblast	Malignant_NPC_neuronal_like_malignant	Mural_Pericyte_Fibroblast → Malignant_NPC_neuronal_like_malignant	microenvironment_to_malignant_or_cycling	mural_pericyte_fibroblast_to_malignant_NPC_neuronal	0.0092979424282743	0.0092979424282743	1.0	1.5563257	2.358324	-0.5775039182359725	-0.6768546227956975	magnitude_rank<=0.05
ndGBM	PTN_PTPRZ1_NCL_SDC3_axis	PTN	SDC3	PTN→SDC3	Malignant_hypoxia_stress_malignant	Malignant_OPC_NPC_like_malignant	Malignant_hypoxia_stress_malignant → Malignant_OPC_NPC_like_malignant	malignant_or_cycling_to_malignant_or_cycling	malignant_hypoxia_stress_to_malignant_OPC_NPC	0.0104327825071277	0.0104327825071277	1.0	1.527834	1.8163766	-0.2042256370901477	-0.304030710786897	magnitude_rank<=0.05
ndGBM	PTN_PTPRZ1_NCL_SDC3_axis	PTN	NCL	PTN→NCL	Oligodendrocyte_myelinating	Mural_Pericyte_Fibroblast	Oligodendrocyte_myelinating → Mural_Pericyte_Fibroblast	microenvironment_to_microenvironment	oligodendrocyte_reference_to_mural_pericyte_fibroblast	0.0105599734598369	0.0105599734598369	1.0	1.5254543	2.3016932	-0.5948081432013881	-0.9529651992990852	magnitude_rank<=0.05
ndGBM	PTN_PTPRZ1_NCL_SDC3_axis	PTN	NCL	PTN→NCL	Mural_Pericyte_Fibroblast	Oligodendrocyte_myelinating	Mural_Pericyte_Fibroblast → Oligodendrocyte_myelinating	microenvironment_to_microenvironment	mural_pericyte_fibroblast_to_oligodendrocyte_reference	0.0109720395833727	0.0109720395833727	1.0	1.5184281	2.2212136	-0.6229018093554989	-0.7121450530845803	magnitude_rank<=0.05
ndGBM	PTN_PTPRZ1_NCL_SDC3_axis	PTN	NCL	PTN→NCL	Mural_Pericyte_Fibroblast	Endothelial	Mural_Pericyte_Fibroblast → Endothelial	microenvironment_to_microenvironment	mural_pericyte_fibroblast_to_endothelial	0.0111809570684442	0.0111809570684442	1.0	1.5151117	2.2092152	-0.6268744275562772	-0.7242255699477731	magnitude_rank<=0.05
ndGBM	PTN_PTPRZ1_NCL_SDC3_axis	PTN	NCL	PTN→NCL	Malignant_NPC_neuronal_like_malignant	Mural_Pericyte_Fibroblast	Malignant_NPC_neuronal_like_malignant → Mural_Pericyte_Fibroblast	malignant_or_cycling_to_microenvironment	malignant_NPC_neuronal_to_mural_pericyte_fibroblast	0.0112597962862426	0.0112597962862426	1.0	1.5142834	2.2711663	-0.6046549165135735	-0.8231630384145017	magnitude_rank<=0.05
ndGBM	PTN_PTPRZ1_NCL_SDC3_axis	PTN	PTPRZ1	PTN→PTPRZ1	Oligodendrocyte_myelinating	Malignant_NPC_neuronal_like_malignant	Oligodendrocyte_myelinating → Malignant_NPC_neuronal_like_malignant	microenvironment_to_malignant_or_cycling	oligodendrocyte_reference_to_malignant_NPC_neuronal	0.0116045492840194	0.0116045492840194	1.0	1.5084212	2.244306	-1.0493865281576191	-1.8960422472477756	magnitude_rank<=0.05
ndGBM	PTN_PTPRZ1_NCL_SDC3_axis	PTN	NCL	PTN→NCL	Oligodendrocyte_myelinating	Malignant_AC_like_reactive_malignant	Oligodendrocyte_myelinating → Malignant_AC_like_reactive_malignant	microenvironment_to_malignant_or_cycling	oligodendrocyte_reference_to_malignant_AC_reactive	0.012063019982268	0.012063019982268	1.0	1.5022407	2.2234828	-0.622615990569231	-1.008814428277605	magnitude_rank<=0.05
ndGBM	PTN_PTPRZ1_NCL_SDC3_axis	PTN	PTPRZ1	PTN→PTPRZ1	Malignant_cycling_candidate	Oligodendrocyte_myelinating	Malignant_cycling_candidate → Oligodendrocyte_myelinating	malignant_or_cycling_to_microenvironment	malignant_cycling_to_oligodendrocyte_reference	0.0122543142027607	0.0122543142027607	1.0	1.9084243	1.3282864	-0.6373834749354973	-1.3132345088384554	magnitude_rank<=0.05
ndGBM	PTN_PTPRZ1_NCL_SDC3_axis	PTN	PTPRZ1	PTN→PTPRZ1	Malignant_NPC_neuronal_like_malignant	Malignant_NPC_neuronal_like_malignant	Malignant_NPC_neuronal_like_malignant → Malignant_NPC_neuronal_like_malignant	malignant_or_cycling_to_malignant_or_cycling	malignant_NPC_neuronal_to_malignant_NPC_neuronal	0.0123918515664795	0.0123918515664795	1.0	1.4972503	2.2145407	-1.0592333014698043	-1.7662400863631915	magnitude_rank<=0.05
ndGBM	PTN_PTPRZ1_NCL_SDC3_axis	PTN	NCL	PTN→NCL	Oligodendrocyte_myelinating	Malignant_NPC_neuronal_like_malignant	Oligodendrocyte_myelinating → Malignant_NPC_neuronal_like_malignant	microenvironment_to_malignant_or_cycling	oligodendrocyte_reference_to_malignant_NPC_neuronal	0.0125578824783702	0.0125578824783702	1.0	1.4941295	2.1961555	-0.6323322812753842	-0.9855710722982568	magnitude_rank<=0.05
ndGBM	PTN_PTPRZ1_NCL_SDC3_axis	PTN	NCL	PTN→NCL	Malignant_NPC_neuronal_like_malignant	Malignant_AC_like_reactive_malignant	Malignant_NPC_neuronal_like_malignant → Malignant_AC_like_reactive_malignant	malignant_or_cycling_to_malignant_or_cycling	malignant_NPC_neuronal_to_malignant_AC_reactive	0.0128089421220264	0.0128089421220264	1.0	1.4910696	2.1939933	-0.6324627638814164	-0.8790122673930214	magnitude_rank<=0.05
ndGBM	PTN_PTPRZ1_NCL_SDC3_axis	PTN	SDC3	PTN→SDC3	Malignant_cycling_candidate	Endothelial	Malignant_cycling_candidate → Endothelial	malignant_or_cycling_to_microenvironment	malignant_cycling_to_endothelial	0.0129494656178689	0.0129494656178689	0.6872398040148558	1.9051479	1.3058137	0.0291796551618079	-0.063781633286972	magnitude_rank<=0.05
ndGBM	PTN_PTPRZ1_NCL_SDC3_axis	PTN	SDC3	PTN→SDC3	Malignant_hypoxia_stress_malignant	Malignant_cycling_candidate	Malignant_hypoxia_stress_malignant → Malignant_cycling_candidate	malignant_or_cycling_to_malignant_or_cycling	malignant_hypoxia_stress_to_malignant_cycling	0.0130341376640328	0.0130341376640328	1.0	1.4842107	1.620291	-0.262930634977285	-0.485119716274721	magnitude_rank<=0.05
ndGBM	PTN_PTPRZ1_NCL_SDC3_axis	PTN	NCL	PTN→NCL	Malignant_NPC_neuronal_like_malignant	Malignant_NPC_neuronal_like_malignant	Malignant_NPC_neuronal_like_malignant → Malignant_NPC_neuronal_like_malignant	malignant_or_cycling_to_malignant_or_cycling	malignant_NPC_neuronal_to_malignant_NPC_neuronal	0.0131474486829465	0.0131474486829465	1.0	1.4829586	2.1670284	-0.6421790545875696	-0.8557689114136733	magnitude_rank<=0.05
ndGBM	PTN_PTPRZ1_NCL_SDC3_axis	PTN	PTPRZ1	PTN→PTPRZ1	Malignant_OPC_NPC_like_malignant	Oligodendrocyte_myelinating	Malignant_OPC_NPC_like_malignant → Oligodendrocyte_myelinating	malignant_or_cycling_to_microenvironment	malignant_OPC_NPC_to_oligodendrocyte_reference	0.013318313126913	0.013318313126913	1.0	1.8650649	1.2946997	-0.6755989502799284	-1.3090707191513573	magnitude_rank<=0.05
ndGBM	PTN_PTPRZ1_NCL_SDC3_axis	PTN	SDC3	PTN→SDC3	Malignant_OPC_NPC_like_malignant	Endothelial	Malignant_OPC_NPC_like_malignant → Endothelial	malignant_or_cycling_to_microenvironment	malignant_OPC_NPC_to_endothelial	0.0137791908125513	0.0137791908125513	0.7215100650244838	1.8617885	1.2727951	-0.0090358201826232	-0.0596178435998739	magnitude_rank<=0.05
ndGBM	PTN_PTPRZ1_NCL_SDC3_axis	PTN	PTPRZ1	PTN→PTPRZ1	Malignant_AC_like_reactive_malignant	Oligodendrocyte_myelinating	Malignant_AC_like_reactive_malignant → Oligodendrocyte_myelinating	malignant_or_cycling_to_microenvironment	malignant_AC_reactive_to_oligodendrocyte_reference	0.0148439928487778	0.0148439928487778	1.0	1.8061404	1.2490559	-0.7275432450404957	-1.394407159760132	magnitude_rank<=0.05
ndGBM	PTN_PTPRZ1_NCL_SDC3_axis	PTN	NCL	PTN→NCL	Oligodendrocyte_myelinating	Oligodendrocyte_myelinating	Oligodendrocyte_myelinating → Oligodendrocyte_myelinating	microenvironment_to_microenvironment	oligodendrocyte_reference_to_oligodendrocyte_reference	0.0150555022147089	0.0150555022147089	1.0	1.456232	2.068473	-0.6777301723949106	-1.0208615025871397	magnitude_rank<=0.05
ndGBM	PTN_PTPRZ1_NCL_SDC3_axis	PTN	NCL	PTN→NCL	Oligodendrocyte_myelinating	Endothelial	Oligodendrocyte_myelinating → Endothelial	microenvironment_to_microenvironment	oligodendrocyte_reference_to_endothelial	0.0153908112552632	0.0153908112552632	1.0	1.4529157	2.0572999	-0.681702790595689	-1.0329420194503325	magnitude_rank<=0.05
ndGBM	PTN_PTPRZ1_NCL_SDC3_axis	PTN	SDC3	PTN→SDC3	Malignant_AC_like_reactive_malignant	Endothelial	Malignant_AC_like_reactive_malignant → Endothelial	malignant_or_cycling_to_microenvironment	malignant_AC_reactive_to_endothelial	0.0156060520521794	0.0156060520521794	1.0	1.8028641	1.2279236	-0.0609801149431904	-0.1449542842086486	magnitude_rank<=0.05
ndGBM	PTN_PTPRZ1_NCL_SDC3_axis	PTN	NCL	PTN→NCL	Mural_Pericyte_Fibroblast	Malignant_hypoxia_stress_malignant	Mural_Pericyte_Fibroblast → Malignant_hypoxia_stress_malignant	microenvironment_to_malignant_or_cycling	mural_pericyte_fibroblast_to_malignant_hypoxia_stress	0.0157296991714305	0.0157296991714305	1.0	1.446611	1.961385	-0.7089314815838965	-0.8645517374475764	magnitude_rank<=0.05
ndGBM	PTN_PTPRZ1_NCL_SDC3_axis	PTN	NCL	PTN→NCL	Malignant_NPC_neuronal_like_malignant	Oligodendrocyte_myelinating	Malignant_NPC_neuronal_like_malignant → Oligodendrocyte_myelinating	malignant_or_cycling_to_microenvironment	malignant_NPC_neuronal_to_oligodendrocyte_reference	0.0158227450041301	0.0158227450041301	1.0	1.445061	2.0410395	-0.687576945707096	-0.8910593417025561	magnitude_rank<=0.05
ndGBM	PTN_PTPRZ1_NCL_SDC3_axis	PTN	NCL	PTN→NCL	Malignant_NPC_neuronal_like_malignant	Endothelial	Malignant_NPC_neuronal_like_malignant → Endothelial	malignant_or_cycling_to_microenvironment	malignant_NPC_neuronal_to_endothelial	0.0161034757818375	0.0161034757818375	1.0	1.4417446	2.0300145	-0.6915495639078744	-0.9031398585657489	magnitude_rank<=0.05
ndGBM	PTN_PTPRZ1_NCL_SDC3_axis	PTN	NCL	PTN→NCL	Oligodendrocyte_myelinating	Malignant_hypoxia_stress_malignant	Oligodendrocyte_myelinating → Malignant_hypoxia_stress_malignant	microenvironment_to_malignant_or_cycling	oligodendrocyte_reference_to_malignant_hypoxia_stress	0.0202490136162111	0.0202490136162111	1.0	1.3844149	1.8265116	-0.7637598446233083	-1.1732681869501358	magnitude_rank<=0.05
ndGBM	PTN_PTPRZ1_NCL_SDC3_axis	PTN	SDC3	PTN→SDC3	Mural_Pericyte_Fibroblast	Malignant_AC_like_reactive_malignant	Mural_Pericyte_Fibroblast → Malignant_AC_like_reactive_malignant	microenvironment_to_malignant_or_cycling	mural_pericyte_fibroblast_to_malignant_AC_reactive	0.0202840244964175	0.0202840244964175	1.0	1.3843169	1.7360096	-0.2955851362996803	-0.3235044882963703	magnitude_rank<=0.05
ndGBM	PTN_PTPRZ1_NCL_SDC3_axis	PTN	NCL	PTN→NCL	Malignant_NPC_neuronal_like_malignant	Malignant_hypoxia_stress_malignant	Malignant_NPC_neuronal_like_malignant → Malignant_hypoxia_stress_malignant	malignant_or_cycling_to_malignant_or_cycling	malignant_NPC_neuronal_to_malignant_hypoxia_stress	0.0217808017280256	0.0217808017280256	1.0	1.373244	1.8022871	-0.7736066179354937	-1.0434660260655522	magnitude_rank<=0.05
ndGBM	PTN_PTPRZ1_NCL_SDC3_axis	PTN	PTPRZ1	PTN→PTPRZ1	Malignant_hypoxia_stress_malignant	Endothelial	Malignant_hypoxia_stress_malignant → Endothelial	malignant_or_cycling_to_microenvironment	malignant_hypoxia_stress_to_endothelial	0.0222544931172435	0.0222544931172435	1.0	1.367184	1.0942585	-1.1207542983846273	-2.061366276292582	magnitude_rank<=0.05
ndGBM	PTN_PTPRZ1_NCL_SDC3_axis	PTN	SDC3	PTN→SDC3	Malignant_hypoxia_stress_malignant	Malignant_hypoxia_stress_malignant	Malignant_hypoxia_stress_malignant → Malignant_hypoxia_stress_malignant	malignant_or_cycling_to_malignant_or_cycling	malignant_hypoxia_stress_to_malignant_hypoxia_stress	0.0238562520050632	0.0238562520050632	1.0	1.3581165	1.0535005	-0.4326162297919808	-0.6207263992165696	magnitude_rank<=0.05
ndGBM	PTN_PTPRZ1_NCL_SDC3_axis	PTN	PTPRZ1	PTN→PTPRZ1	Malignant_cycling_candidate	Mural_Pericyte_Fibroblast	Malignant_cycling_candidate → Mural_Pericyte_Fibroblast	malignant_or_cycling_to_microenvironment	malignant_cycling_to_mural_pericyte_fibroblast	0.026777878635396	0.026777878635396	1.0	1.8625066	1.0133338	-0.6720893246276278	-1.6509619314737969	magnitude_rank<=0.05
ndGBM	PTN_PTPRZ1_NCL_SDC3_axis	PTN	SDC3	PTN→SDC3	Oligodendrocyte_myelinating	Malignant_AC_like_reactive_malignant	Oligodendrocyte_myelinating → Malignant_AC_like_reactive_malignant	microenvironment_to_malignant_or_cycling	oligodendrocyte_reference_to_malignant_AC_reactive	0.0268179277006124	0.0268179277006124	1.0	1.3221209	1.616634	-0.3504134993390919	-0.6322209377989297	magnitude_rank<=0.05
ndGBM	PTN_PTPRZ1_NCL_SDC3_axis	PTN	PTPRZ1	PTN→PTPRZ1	Malignant_OPC_NPC_like_malignant	Mural_Pericyte_Fibroblast	Malignant_OPC_NPC_like_malignant → Mural_Pericyte_Fibroblast	malignant_or_cycling_to_microenvironment	malignant_OPC_NPC_to_mural_pericyte_fibroblast	0.0285671553783929	0.0285671553783929	1.0	1.8191472	0.9877108	-0.710304799972059	-1.6467981417866986	magnitude_rank<=0.05
ndGBM	PTN_PTPRZ1_NCL_SDC3_axis	PTN	SDC3	PTN→SDC3	Malignant_NPC_neuronal_like_malignant	Malignant_AC_like_reactive_malignant	Malignant_NPC_neuronal_like_malignant → Malignant_AC_like_reactive_malignant	malignant_or_cycling_to_malignant_or_cycling	malignant_NPC_neuronal_to_malignant_AC_reactive	0.0286911710331258	0.0286911710331258	1.0	1.3109498	1.595193	-0.3602602726512773	-0.5024187769143461	magnitude_rank<=0.05
ndGBM	PTN_PTPRZ1_NCL_SDC3_axis	PTN	SDC3	PTN→SDC3	Mural_Pericyte_Fibroblast	Malignant_OPC_NPC_like_malignant	Mural_Pericyte_Fibroblast → Malignant_OPC_NPC_like_malignant	microenvironment_to_malignant_or_cycling	mural_pericyte_fibroblast_to_malignant_OPC_NPC	0.0290231335345499	0.0290231335345499	1.0	1.3085717	1.4619691	-0.3975150303990054	-0.424785248756479	magnitude_rank<=0.05
ndGBM	PTN_PTPRZ1_NCL_SDC3_axis	PTN	PTPRZ1	PTN→PTPRZ1	Malignant_AC_like_reactive_malignant	Mural_Pericyte_Fibroblast	Malignant_AC_like_reactive_malignant → Mural_Pericyte_Fibroblast	malignant_or_cycling_to_microenvironment	malignant_AC_reactive_to_mural_pericyte_fibroblast	0.0312685113497919	0.0312685113497919	1.0	1.7602228	0.95288974	-0.7622490947326263	-1.7321345823954732	magnitude_rank<=0.05
ndGBM	PTN_PTPRZ1_NCL_SDC3_axis	PTN	SDC3	PTN→SDC3	Mural_Pericyte_Fibroblast	Malignant_cycling_candidate	Mural_Pericyte_Fibroblast → Malignant_cycling_candidate	microenvironment_to_malignant_or_cycling	mural_pericyte_fibroblast_to_malignant_cycling	0.0344466591938853	0.0344466591938853	1.0	1.2649484	1.3041434	-0.4562200282861426	-0.6058742542443031	magnitude_rank<=0.05
ndGBM	PTN_PTPRZ1_NCL_SDC3_axis	PTN	SDC4	PTN→SDC4	Malignant_cycling_candidate	Malignant_hypoxia_stress_malignant	Malignant_cycling_candidate → Malignant_hypoxia_stress_malignant	malignant_or_cycling_to_malignant_or_cycling	malignant_cycling_to_malignant_hypoxia_stress	0.0346728061741367	0.0346728061741367	0.0476302925017105	1.8487842	0.91921055	0.4461645183495146	0.5325539014271908	magnitude_rank<=0.05
ndGBM	PTN_PTPRZ1_NCL_SDC3_axis	PTN	SDC3	PTN→SDC3	Malignant_cycling_candidate	Malignant_NPC_neuronal_like_malignant	Malignant_cycling_candidate → Malignant_NPC_neuronal_like_malignant	malignant_or_cycling_to_malignant_or_cycling	malignant_cycling_to_malignant_NPC_neuronal	0.0349905983287324	0.0349905983287324	1.0	1.8482518	0.91555876	-0.0473857282152198	-0.1644067639210925	magnitude_rank<=0.05
ndGBM	PTN_PTPRZ1_NCL_SDC3_axis	PTN	SDC4	PTN→SDC4	Malignant_OPC_NPC_like_malignant	Malignant_hypoxia_stress_malignant	Malignant_OPC_NPC_like_malignant → Malignant_hypoxia_stress_malignant	malignant_or_cycling_to_malignant_or_cycling	malignant_OPC_NPC_to_malignant_hypoxia_stress	0.0368796827374285	0.0368796827374285	0.0476302925017105	1.8054248	0.89596754	0.4079490430050835	0.5367176911142889	magnitude_rank<=0.05
ndGBM	PTN_PTPRZ1_NCL_SDC3_axis	PTN	SDC3	PTN→SDC3	Malignant_OPC_NPC_like_malignant	Malignant_NPC_neuronal_like_malignant	Malignant_OPC_NPC_like_malignant → Malignant_NPC_neuronal_like_malignant	malignant_or_cycling_to_malignant_or_cycling	malignant_OPC_NPC_to_malignant_NPC_neuronal	0.0371132882938101	0.0371132882938101	1.0	1.8048924	0.8924081	-0.0856012035596509	-0.1602429742339944	magnitude_rank<=0.05
ndGBM	PTN_PTPRZ1_NCL_SDC3_axis	PTN	SDC3	PTN→SDC3	Oligodendrocyte_myelinating	Malignant_OPC_NPC_like_malignant	Oligodendrocyte_myelinating → Malignant_OPC_NPC_like_malignant	microenvironment_to_malignant_or_cycling	oligodendrocyte_reference_to_malignant_OPC_NPC	0.0376296947980308	0.0376296947980308	1.0	1.2463757	1.3614378	-0.4523433934384171	-0.7335016982590384	magnitude_rank<=0.05
ndGBM	PTN_PTPRZ1_NCL_SDC3_axis	PTN	PTPRZ1	PTN→PTPRZ1	Malignant_hypoxia_stress_malignant	Oligodendrocyte_myelinating	Malignant_hypoxia_stress_malignant → Oligodendrocyte_myelinating	malignant_or_cycling_to_microenvironment	malignant_hypoxia_stress_to_oligodendrocyte_reference	0.0396326092937481	0.0396326092937481	1.0	1.3173972	0.87046826	-1.1583846257931838	-2.0122306702058106	magnitude_rank<=0.05
ndGBM	PTN_PTPRZ1_NCL_SDC3_axis	PTN	SDC3	PTN→SDC3	Malignant_NPC_neuronal_like_malignant	Malignant_OPC_NPC_like_malignant	Malignant_NPC_neuronal_like_malignant → Malignant_OPC_NPC_like_malignant	malignant_or_cycling_to_malignant_or_cycling	malignant_NPC_neuronal_to_malignant_OPC_NPC	0.0396326092937481	0.0396326092937481	1.0	1.2352047	1.3433814	-0.4621901667506025	-0.6036995373744548	magnitude_rank<=0.05
ndGBM	PTN_PTPRZ1_NCL_SDC3_axis	PTN	SDC4	PTN→SDC4	Malignant_AC_like_reactive_malignant	Malignant_hypoxia_stress_malignant	Malignant_AC_like_reactive_malignant → Malignant_hypoxia_stress_malignant	malignant_or_cycling_to_malignant_or_cycling	malignant_AC_reactive_to_malignant_hypoxia_stress	0.0405548819075737	0.0405548819075737	0.0476302925017105	1.7465004	0.86438084	0.3560047482445162	0.4513812505055142	magnitude_rank<=0.05
ndGBM	PTN_PTPRZ1_NCL_SDC3_axis	PTN	SDC3	PTN→SDC3	Malignant_AC_like_reactive_malignant	Malignant_NPC_neuronal_like_malignant	Malignant_AC_like_reactive_malignant → Malignant_NPC_neuronal_like_malignant	malignant_or_cycling_to_malignant_or_cycling	malignant_AC_reactive_to_malignant_NPC_neuronal	0.0408482183475148	0.0408482183475148	1.0	1.745968	0.8609469	-0.1375454983202182	-0.2455794148427691	magnitude_rank<=0.05
ndGBM	PTN_PTPRZ1_NCL_SDC3_axis	PTN	SDC3	PTN→SDC3	Malignant_hypoxia_stress_malignant	Endothelial	Malignant_hypoxia_stress_malignant → Endothelial	malignant_or_cycling_to_microenvironment	malignant_hypoxia_stress_to_endothelial	0.0412900985894292	0.0412900985894292	1.0	1.3141209	0.85574114	-0.4918214956958786	-0.7627777946543273	magnitude_rank<=0.05
ndGBM	PTN_PTPRZ1_NCL_SDC3_axis	PTN	PTPRZ1	PTN→PTPRZ1	Endothelial	Malignant_hypoxia_stress_malignant	Endothelial → Malignant_hypoxia_stress_malignant	microenvironment_to_malignant_or_cycling	endothelial_to_malignant_hypoxia_stress	0.0467157321231542	0.0467157321231542	1.0	1.2044983	0.99830526	-1.3515521803301898	-2.1294276837126924	magnitude_rank<=0.05
ndGBM	PTN_PTPRZ1_NCL_SDC3_axis	PTN	SDC3	PTN→SDC3	Oligodendrocyte_myelinating	Malignant_cycling_candidate	Oligodendrocyte_myelinating → Malignant_cycling_candidate	microenvironment_to_malignant_or_cycling	oligodendrocyte_reference_to_malignant_cycling	0.0472389636626638	0.0472389636626638	1.0	1.2027524	1.2144648	-0.5110483913255544	-0.9145907037468624	magnitude_rank<=0.05
rGBM	PTN_PTPRZ1_NCL_SDC3_axis	PTN	PTPRZ1	PTN→PTPRZ1	Malignant_AC_like_reactive_malignant	Malignant_OPC_NPC_like_malignant	Malignant_AC_like_reactive_malignant → Malignant_OPC_NPC_like_malignant	malignant_or_cycling_to_malignant_or_cycling	malignant_AC_reactive_to_malignant_OPC_NPC	9.723641958645036e-09	9.723641958645036e-09	0.0395057426408424	3.7892237	14.355462	0.491255002060873	0.7656483002282584	magnitude_rank<=0.05
rGBM	PTN_PTPRZ1_NCL_SDC3_axis	PTN	PTPRZ1	PTN→PTPRZ1	Malignant_cycling_candidate	Malignant_OPC_NPC_like_malignant	Malignant_cycling_candidate → Malignant_OPC_NPC_like_malignant	malignant_or_cycling_to_malignant_or_cycling	malignant_cycling_to_malignant_OPC_NPC	3.8893715509650323e-08	3.8893715509650323e-08	0.0395057426408424	3.7557707	14.098429	0.4623910287580429	0.6356590403432723	magnitude_rank<=0.05
rGBM	PTN_PTPRZ1_NCL_SDC3_axis	PTN	PTPRZ1	PTN→PTPRZ1	Malignant_OPC_NPC_like_malignant	Malignant_OPC_NPC_like_malignant	Malignant_OPC_NPC_like_malignant → Malignant_OPC_NPC_like_malignant	malignant_or_cycling_to_malignant_or_cycling	malignant_OPC_NPC_to_malignant_OPC_NPC	8.750893570894398e-08	8.750893570894398e-08	0.0395057426408424	3.709842	13.745542	0.4227707450420613	0.6104802866107502	magnitude_rank<=0.05
rGBM	PTN_PTPRZ1_NCL_SDC3_axis	PTN	PTPRZ1	PTN→PTPRZ1	Malignant_AC_like_reactive_malignant	Malignant_AC_like_reactive_malignant	Malignant_AC_like_reactive_malignant → Malignant_AC_like_reactive_malignant	malignant_or_cycling_to_malignant_or_cycling	malignant_AC_reactive_to_malignant_AC_reactive	1.5556804343916269e-07	1.5556804343916269e-07	0.0395057426408424	3.6389613	13.232477	0.3848367787969193	0.4641461843716903	magnitude_rank<=0.05
rGBM	PTN_PTPRZ1_NCL_SDC3_axis	PTN	PTPRZ1	PTN→PTPRZ1	Malignant_cycling_candidate	Malignant_AC_like_reactive_malignant	Malignant_cycling_candidate → Malignant_AC_like_reactive_malignant	malignant_or_cycling_to_malignant_or_cycling	malignant_cycling_to_malignant_AC_reactive	2.430697300824591e-07	2.430697300824591e-07	0.0395057426408424	3.6055083	12.99555	0.3559728054940891	0.3341569244867042	magnitude_rank<=0.05
rGBM	PTN_PTPRZ1_NCL_SDC3_axis	PTN	PTPRZ1	PTN→PTPRZ1	Malignant_OPC_NPC_like_malignant	Malignant_AC_like_reactive_malignant	Malignant_OPC_NPC_like_malignant → Malignant_AC_like_reactive_malignant	malignant_or_cycling_to_malignant_or_cycling	malignant_OPC_NPC_to_malignant_AC_reactive	3.500127300652175e-07	3.500127300652175e-07	0.0436511810023717	3.5595796	12.670268	0.3163525217781076	0.3089781707541821	magnitude_rank<=0.05
rGBM	PTN_PTPRZ1_NCL_SDC3_axis	PTN	PTPRZ1	PTN→PTPRZ1	Malignant_AC_like_reactive_malignant	Malignant_cycling_candidate	Malignant_AC_like_reactive_malignant → Malignant_cycling_candidate	malignant_or_cycling_to_malignant_or_cycling	malignant_AC_reactive_to_malignant_cycling	4.763957649004677e-07	4.763957649004677e-07	0.0433324313176311	3.5433946	12.518259	0.3171571870260106	0.2961513711044112	magnitude_rank<=0.05
rGBM	PTN_PTPRZ1_NCL_SDC3_axis	PTN	PTPRZ1	PTN→PTPRZ1	Malignant_cycling_candidate	Malignant_cycling_candidate	Malignant_cycling_candidate → Malignant_cycling_candidate	malignant_or_cycling_to_malignant_or_cycling	malignant_cycling_to_malignant_cycling	6.222176249611418e-07	6.222176249611418e-07	0.0682390192449552	3.5099416	12.294121	0.2882932137231804	0.1661621112194251	magnitude_rank<=0.05
rGBM	PTN_PTPRZ1_NCL_SDC3_axis	PTN	PTPRZ1	PTN→PTPRZ1	Malignant_OPC_NPC_like_malignant	Malignant_cycling_candidate	Malignant_OPC_NPC_like_malignant → Malignant_cycling_candidate	malignant_or_cycling_to_malignant_or_cycling	malignant_OPC_NPC_to_malignant_cycling	7.87476902645405e-07	7.87476902645405e-07	0.0899151769696861	3.4640129	11.986396	0.2486729300071989	0.140983357486903	magnitude_rank<=0.05
rGBM	PTN_PTPRZ1_NCL_SDC3_axis	PTN	PTPRZ1	PTN→PTPRZ1	Malignant_hypoxia_stress_malignant	Malignant_OPC_NPC_like_malignant	Malignant_hypoxia_stress_malignant → Malignant_OPC_NPC_like_malignant	malignant_or_cycling_to_malignant_or_cycling	malignant_hypoxia_stress_to_malignant_OPC_NPC	9.72172379720683e-07	9.72172379720683e-07	1.0	3.030888	8.52887	-0.1629626454653357	-0.0530477702692682	magnitude_rank<=0.05
rGBM	PTN_PTPRZ1_NCL_SDC3_axis	PTN	PTPRZ1	PTN→PTPRZ1	Oligodendrocyte_myelinating	Malignant_OPC_NPC_like_malignant	Oligodendrocyte_myelinating → Malignant_OPC_NPC_like_malignant	microenvironment_to_malignant_or_cycling	oligodendrocyte_reference_to_malignant_OPC_NPC	1.176302777700006e-06	1.176302777700006e-06	1.0	3.0044196	8.3255005	-0.185798566268078	-0.4451068070368413	magnitude_rank<=0.05
rGBM	PTN_PTPRZ1_NCL_SDC3_axis	PTN	PTPRZ1	PTN→PTPRZ1	Malignant_NPC_neuronal_like_malignant	Malignant_OPC_NPC_like_malignant	Malignant_NPC_neuronal_like_malignant → Malignant_OPC_NPC_like_malignant	malignant_or_cycling_to_malignant_or_cycling	malignant_NPC_neuronal_to_malignant_OPC_NPC	1.3998668180964036e-06	1.3998668180964036e-06	1.0	2.986165	8.185245	-0.2015458869495191	-0.2449421464347438	magnitude_rank<=0.05
rGBM	PTN_PTPRZ1_NCL_SDC3_axis	PTN	PTPRZ1	PTN→PTPRZ1	Malignant_AC_like_reactive_malignant	Malignant_hypoxia_stress_malignant	Malignant_AC_like_reactive_malignant → Malignant_hypoxia_stress_malignant	malignant_or_cycling_to_malignant_or_cycling	malignant_AC_reactive_to_malignant_hypoxia_stress	1.6428632224229055e-06	1.6428632224229055e-06	1.0	2.9430237	8.031389	-0.1080301803314932	-0.2372152553284867	magnitude_rank<=0.05
rGBM	PTN_PTPRZ1_NCL_SDC3_axis	PTN	PTPRZ1	PTN→PTPRZ1	Malignant_AC_like_reactive_malignant	Malignant_NPC_neuronal_like_malignant	Malignant_AC_like_reactive_malignant → Malignant_NPC_neuronal_like_malignant	malignant_or_cycling_to_malignant_or_cycling	malignant_AC_reactive_to_malignant_NPC_neuronal	1.9052907121925416e-06	1.9052907121925416e-06	1.0	2.928738	7.9246254	-0.1181470725843774	-0.3420576434411002	magnitude_rank<=0.05
rGBM	PTN_PTPRZ1_NCL_SDC3_axis	PTN	PTPRZ1	PTN→PTPRZ1	Malignant_cycling_candidate	Malignant_hypoxia_stress_malignant	Malignant_cycling_candidate → Malignant_hypoxia_stress_malignant	malignant_or_cycling_to_malignant_or_cycling	malignant_cycling_to_malignant_hypoxia_stress	2.1871482670835463e-06	2.1871482670835463e-06	1.0	2.9095707	7.887588	-0.1368941536343233	-0.3672045152134728	magnitude_rank<=0.05
rGBM	PTN_PTPRZ1_NCL_SDC3_axis	PTN	PTPRZ1	PTN→PTPRZ1	Malignant_hypoxia_stress_malignant	Malignant_AC_like_reactive_malignant	Malignant_hypoxia_stress_malignant → Malignant_AC_like_reactive_malignant	malignant_or_cycling_to_malignant_or_cycling	malignant_hypoxia_stress_to_malignant_AC_reactive	2.809147201858537e-06	2.809147201858537e-06	1.0	2.8806257	7.861681	-0.2693808687292894	-0.3545498861258362	magnitude_rank<=0.05
rGBM	PTN_PTPRZ1_NCL_SDC3_axis	PTN	PTPRZ1	PTN→PTPRZ1	Malignant_cycling_candidate	Malignant_NPC_neuronal_like_malignant	Malignant_cycling_candidate → Malignant_NPC_neuronal_like_malignant	malignant_or_cycling_to_malignant_or_cycling	malignant_cycling_to_malignant_NPC_neuronal	3.149286265730699e-06	3.149286265730699e-06	1.0	2.895285	7.7827353	-0.1470110458872076	-0.4720469033260863	magnitude_rank<=0.05
rGBM	PTN_PTPRZ1_NCL_SDC3_axis	PTN	PTPRZ1	PTN→PTPRZ1	Malignant_OPC_NPC_like_malignant	Malignant_hypoxia_stress_malignant	Malignant_OPC_NPC_like_malignant → Malignant_hypoxia_stress_malignant	malignant_or_cycling_to_malignant_or_cycling	malignant_OPC_NPC_to_malignant_hypoxia_stress	3.508850022610012e-06	3.508850022610012e-06	1.0	2.863642	7.6901593	-0.1765144373503049	-0.3923832689459949	magnitude_rank<=0.05
rGBM	PTN_PTPRZ1_NCL_SDC3_axis	PTN	PTPRZ1	PTN→PTPRZ1	Oligodendrocyte_myelinating	Malignant_AC_like_reactive_malignant	Oligodendrocyte_myelinating → Malignant_AC_like_reactive_malignant	microenvironment_to_malignant_or_cycling	oligodendrocyte_reference_to_malignant_AC_reactive	3.887837194009505e-06	3.887837194009505e-06	1.0	2.8541572	7.674221	-0.2922167895320318	-0.7466089228934094	magnitude_rank<=0.05
rGBM	PTN_PTPRZ1_NCL_SDC3_axis	PTN	PTPRZ1	PTN→PTPRZ1	Malignant_OPC_NPC_like_malignant	Malignant_NPC_neuronal_like_malignant	Malignant_OPC_NPC_like_malignant → Malignant_NPC_neuronal_like_malignant	malignant_or_cycling_to_malignant_or_cycling	malignant_OPC_NPC_to_malignant_NPC_neuronal	4.28624650144221e-06	4.28624650144221e-06	1.0	2.8493562	7.5879316	-0.1866313296031891	-0.4972256570586084	magnitude_rank<=0.05
rGBM	PTN_PTPRZ1_NCL_SDC3_axis	PTN	PTPRZ1	PTN→PTPRZ1	Malignant_NPC_neuronal_like_malignant	Malignant_AC_like_reactive_malignant	Malignant_NPC_neuronal_like_malignant → Malignant_AC_like_reactive_malignant	malignant_or_cycling_to_malignant_or_cycling	malignant_NPC_neuronal_to_malignant_AC_reactive	4.704076666421154e-06	4.704076666421154e-06	1.0	2.8359027	7.544937	-0.3079641102134729	-0.5464442622913119	magnitude_rank<=0.05
rGBM	PTN_PTPRZ1_NCL_SDC3_axis	PTN	PTPRZ1	PTN→PTPRZ1	Malignant_hypoxia_stress_malignant	Malignant_cycling_candidate	Malignant_hypoxia_stress_malignant → Malignant_cycling_candidate	malignant_or_cycling_to_malignant_or_cycling	malignant_hypoxia_stress_to_malignant_cycling	6.074079521765725e-06	6.074079521765725e-06	1.0	2.785059	7.43735	-0.3370604605001982	-0.5225446993931153	magnitude_rank<=0.05
rGBM	PTN_PTPRZ1_NCL_SDC3_axis	PTN	PTPRZ1	PTN→PTPRZ1	Mural_Pericyte_Fibroblast	Malignant_OPC_NPC_like_malignant	Mural_Pericyte_Fibroblast → Malignant_OPC_NPC_like_malignant	microenvironment_to_malignant_or_cycling	mural_pericyte_fibroblast_to_malignant_OPC_NPC	6.569580332059928e-06	6.569580332059928e-06	1.0	2.8512213	7.148417	-0.3179619642825335	-0.5447778235177878	magnitude_rank<=0.05
rGBM	PTN_PTPRZ1_NCL_SDC3_axis	PTN	PTPRZ1	PTN→PTPRZ1	Oligodendrocyte_myelinating	Malignant_cycling_candidate	Oligodendrocyte_myelinating → Malignant_cycling_candidate	microenvironment_to_malignant_or_cycling	oligodendrocyte_reference_to_malignant_cycling	7.084495607465519e-06	7.084495607465519e-06	1.0	2.7585905	7.260008	-0.3598963813029405	-0.9146037361606884	magnitude_rank<=0.05
rGBM	PTN_PTPRZ1_NCL_SDC3_axis	PTN	NCL	PTN→NCL	Malignant_AC_like_reactive_malignant	Malignant_cycling_candidate	Malignant_AC_like_reactive_malignant → Malignant_cycling_candidate	malignant_or_cycling_to_malignant_or_cycling	malignant_AC_reactive_to_malignant_cycling	7.618824069495529e-06	7.618824069495529e-06	0.0441863343111594	2.8138046	7.065672	0.3558069741193145	0.5014997859373982	magnitude_rank<=0.05
rGBM	PTN_PTPRZ1_NCL_SDC3_axis	PTN	PTPRZ1	PTN→PTPRZ1	Malignant_NPC_neuronal_like_malignant	Malignant_cycling_candidate	Malignant_NPC_neuronal_like_malignant → Malignant_cycling_candidate	malignant_or_cycling_to_malignant_or_cycling	malignant_NPC_neuronal_to_malignant_cycling	7.618824069495529e-06	7.618824069495529e-06	1.0	2.740336	7.137702	-0.3756437019843816	-0.714439075558591	magnitude_rank<=0.05
rGBM	PTN_PTPRZ1_NCL_SDC3_axis	PTN	NCL	PTN→NCL	Malignant_cycling_candidate	Malignant_cycling_candidate	Malignant_cycling_candidate → Malignant_cycling_candidate	malignant_or_cycling_to_malignant_or_cycling	malignant_cycling_to_malignant_cycling	8.172564439662989e-06	8.172564439662989e-06	0.0477667443636797	2.7803516	6.939162	0.3269430008164844	0.3715105260524121	magnitude_rank<=0.05
rGBM	PTN_PTPRZ1_NCL_SDC3_axis	PTN	NCL	PTN→NCL	Malignant_OPC_NPC_like_malignant	Malignant_cycling_candidate	Malignant_OPC_NPC_like_malignant → Malignant_cycling_candidate	malignant_or_cycling_to_malignant_or_cycling	malignant_OPC_NPC_to_malignant_cycling	8.745716471632343e-06	8.745716471632343e-06	0.0550244859158116	2.7344232	6.7654724	0.2873227171005028	0.34633177231989	magnitude_rank<=0.05
rGBM	PTN_PTPRZ1_NCL_SDC3_axis	PTN	PTPRZ1	PTN→PTPRZ1	Mural_Pericyte_Fibroblast	Malignant_AC_like_reactive_malignant	Mural_Pericyte_Fibroblast → Malignant_AC_like_reactive_malignant	microenvironment_to_malignant_or_cycling	mural_pericyte_fibroblast_to_malignant_AC_reactive	1.0581620567222384e-05	1.0581620567222384e-05	1.0	2.700959	6.589217	-0.4243801875464872	-0.8462799393743559	magnitude_rank<=0.05
rGBM	PTN_PTPRZ1_NCL_SDC3_axis	PTN	NCL	PTN→NCL	Malignant_AC_like_reactive_malignant	Malignant_OPC_NPC_like_malignant	Malignant_AC_like_reactive_malignant → Malignant_OPC_NPC_like_malignant	malignant_or_cycling_to_malignant_or_cycling	malignant_AC_reactive_to_malignant_OPC_NPC	1.1902586340262364e-05	1.1902586340262364e-05	0.0851287690894772	2.7266555	6.414363	0.2360687906838726	0.3311008111683577	magnitude_rank<=0.05
rGBM	PTN_PTPRZ1_NCL_SDC3_axis	PTN	NCL	PTN→NCL	Malignant_cycling_candidate	Malignant_OPC_NPC_like_malignant	Malignant_cycling_candidate → Malignant_OPC_NPC_like_malignant	malignant_or_cycling_to_malignant_or_cycling	malignant_cycling_to_malignant_OPC_NPC	1.3301163948207917e-05	1.3301163948207917e-05	0.1090099818381319	2.6932025	6.299514	0.2072048173810424	0.2011115512833716	magnitude_rank<=0.05
rGBM	PTN_PTPRZ1_NCL_SDC3_axis	PTN	PTPRZ1	PTN→PTPRZ1	Mural_Pericyte_Fibroblast	Malignant_cycling_candidate	Mural_Pericyte_Fibroblast → Malignant_cycling_candidate	microenvironment_to_malignant_or_cycling	mural_pericyte_fibroblast_to_malignant_cycling	1.880723111065365e-05	1.880723111065365e-05	1.0	2.6053922	6.2335668	-0.492059779317396	-1.014274752641635	magnitude_rank<=0.05
rGBM	PTN_PTPRZ1_NCL_SDC3_axis	PTN	NCL	PTN→NCL	Malignant_OPC_NPC_like_malignant	Malignant_OPC_NPC_like_malignant	Malignant_OPC_NPC_like_malignant → Malignant_OPC_NPC_like_malignant	malignant_or_cycling_to_malignant_or_cycling	malignant_OPC_NPC_to_malignant_OPC_NPC	1.967138817113059e-05	1.967138817113059e-05	0.1514925748069102	2.6472738	6.141835	0.1675845336650609	0.1759327975508495	magnitude_rank<=0.05
rGBM	PTN_PTPRZ1_NCL_SDC3_axis	PTN	NCL	PTN→NCL	Malignant_AC_like_reactive_malignant	Endothelial	Malignant_AC_like_reactive_malignant → Endothelial	malignant_or_cycling_to_microenvironment	malignant_AC_reactive_to_endothelial	2.4283000511626234e-05	2.4283000511626234e-05	0.3006117076484756	2.620004	5.617303	0.0895406884840116	0.1751549868259088	magnitude_rank<=0.05
rGBM	PTN_PTPRZ1_NCL_SDC3_axis	PTN	NCL	PTN→NCL	Malignant_AC_like_reactive_malignant	Malignant_AC_like_reactive_malignant	Malignant_AC_like_reactive_malignant → Malignant_AC_like_reactive_malignant	malignant_or_cycling_to_malignant_or_cycling	malignant_AC_reactive_to_malignant_AC_reactive	2.526347943793876e-05	2.526347943793876e-05	0.3050902999829273	2.6185658	5.606555	0.087564546235244	0.141363165611114	magnitude_rank<=0.05
rGBM	PTN_PTPRZ1_NCL_SDC3_axis	PTN	NCL	PTN→NCL	Malignant_cycling_candidate	Endothelial	Malignant_cycling_candidate → Endothelial	malignant_or_cycling_to_microenvironment	malignant_cycling_to_endothelial	2.832120612053768e-05	2.832120612053768e-05	0.3867829286786041	2.586551	5.5167255	0.0606767151811814	0.0451657269409226	magnitude_rank<=0.05
rGBM	PTN_PTPRZ1_NCL_SDC3_axis	PTN	NCL	PTN→NCL	Malignant_cycling_candidate	Malignant_AC_like_reactive_malignant	Malignant_cycling_candidate → Malignant_AC_like_reactive_malignant	malignant_or_cycling_to_malignant_or_cycling	malignant_cycling_to_malignant_AC_reactive	3.0456586043785028e-05	3.0456586043785028e-05	0.3961690969682407	2.5851128	5.50617	0.0587005729324139	0.0113739057261279	magnitude_rank<=0.05
rGBM	PTN_PTPRZ1_NCL_SDC3_axis	PTN	NCL	PTN→NCL	Malignant_AC_like_reactive_malignant	Oligodendrocyte_myelinating	Malignant_AC_like_reactive_malignant → Oligodendrocyte_myelinating	malignant_or_cycling_to_microenvironment	malignant_AC_reactive_to_oligodendrocyte_reference	3.2669470409032455e-05	3.2669470409032455e-05	0.3775645417741824	2.6009164	5.4746523	0.0633174860591903	0.1610205586361794	magnitude_rank<=0.05
rGBM	PTN_PTPRZ1_NCL_SDC3_axis	PTN	NCL	PTN→NCL	Malignant_OPC_NPC_like_malignant	Endothelial	Malignant_OPC_NPC_like_malignant → Endothelial	malignant_or_cycling_to_microenvironment	malignant_OPC_NPC_to_endothelial	3.613409960526626e-05	3.613409960526626e-05	0.5455211230010305	2.5406222	5.37864	0.0210564314651999	0.0199869732084005	magnitude_rank<=0.05
rGBM	PTN_PTPRZ1_NCL_SDC3_axis	PTN	NCL	PTN→NCL	Malignant_cycling_candidate	Oligodendrocyte_myelinating	Malignant_cycling_candidate → Oligodendrocyte_myelinating	malignant_or_cycling_to_microenvironment	malignant_cycling_to_oligodendrocyte_reference	3.732771581567852e-05	3.732771581567852e-05	0.4884240237749752	2.5674634	5.3766294	0.0344535127563602	0.0310312987511933	magnitude_rank<=0.05
rGBM	PTN_PTPRZ1_NCL_SDC3_axis	PTN	NCL	PTN→NCL	Malignant_OPC_NPC_like_malignant	Malignant_AC_like_reactive_malignant	Malignant_OPC_NPC_like_malignant → Malignant_AC_like_reactive_malignant	malignant_or_cycling_to_malignant_or_cycling	malignant_OPC_NPC_to_malignant_AC_reactive	3.854070046566444e-05	3.854070046566444e-05	0.5570601648078505	2.539184	5.368349	0.0190802892164323	-0.0138048480063941	magnitude_rank<=0.05
rGBM	PTN_PTPRZ1_NCL_SDC3_axis	PTN	SDC3	PTN→SDC3	Malignant_AC_like_reactive_malignant	Malignant_AC_like_reactive_malignant	Malignant_AC_like_reactive_malignant → Malignant_AC_like_reactive_malignant	malignant_or_cycling_to_malignant_or_cycling	malignant_AC_reactive_to_malignant_AC_reactive	4.229585226819452e-05	4.229585226819452e-05	0.0395057426408424	2.576929	5.2953825	0.4807062270095429	0.6922837159568348	magnitude_rank<=0.05
rGBM	PTN_PTPRZ1_NCL_SDC3_axis	PTN	NCL	PTN→NCL	Malignant_OPC_NPC_like_malignant	Oligodendrocyte_myelinating	Malignant_OPC_NPC_like_malignant → Oligodendrocyte_myelinating	malignant_or_cycling_to_microenvironment	malignant_OPC_NPC_to_oligodendrocyte_reference	4.358629789160543e-05	4.358629789160543e-05	0.6770754143776743	2.521535	5.2420506	-0.0051667709596213	0.0058525450186712	magnitude_rank<=0.05
rGBM	PTN_PTPRZ1_NCL_SDC3_axis	PTN	NCL	PTN→NCL	Malignant_AC_like_reactive_malignant	Malignant_hypoxia_stress_malignant	Malignant_AC_like_reactive_malignant → Malignant_hypoxia_stress_malignant	malignant_or_cycling_to_malignant_or_cycling	malignant_AC_reactive_to_malignant_hypoxia_stress	4.489610556215515e-05	4.489610556215515e-05	0.5682943337119338	2.5668347	5.2199416	0.0164903283287156	0.1144037759699176	magnitude_rank<=0.05
rGBM	PTN_PTPRZ1_NCL_SDC3_axis	PTN	SDC3	PTN→SDC3	Malignant_cycling_candidate	Malignant_AC_like_reactive_malignant	Malignant_cycling_candidate → Malignant_AC_like_reactive_malignant	malignant_or_cycling_to_malignant_or_cycling	malignant_cycling_to_malignant_AC_reactive	4.757380193072315e-05	4.757380193072315e-05	0.0395057426408424	2.543476	5.200569	0.4518422537067127	0.5622944560718487	magnitude_rank<=0.05
rGBM	PTN_PTPRZ1_NCL_SDC3_axis	PTN	NCL	PTN→NCL	Malignant_cycling_candidate	Malignant_hypoxia_stress_malignant	Malignant_cycling_candidate → Malignant_hypoxia_stress_malignant	malignant_or_cycling_to_malignant_or_cycling	malignant_cycling_to_malignant_hypoxia_stress	5.173552987494201e-05	5.173552987494201e-05	0.7239043246085411	2.5333815	5.126479	-0.0123736449741145	-0.0155854839150684	magnitude_rank<=0.05
rGBM	PTN_PTPRZ1_NCL_SDC3_axis	PTN	SDC3	PTN→SDC3	Malignant_OPC_NPC_like_malignant	Malignant_AC_like_reactive_malignant	Malignant_OPC_NPC_like_malignant → Malignant_AC_like_reactive_malignant	malignant_or_cycling_to_malignant_or_cycling	malignant_OPC_NPC_to_malignant_AC_reactive	6.212357191632231e-05	6.212357191632231e-05	0.0395057426408424	2.4975474	5.0703974	0.4122219699907312	0.5371157023393266	magnitude_rank<=0.05
rGBM	PTN_PTPRZ1_NCL_SDC3_axis	PTN	NCL	PTN→NCL	Malignant_OPC_NPC_like_malignant	Malignant_hypoxia_stress_malignant	Malignant_OPC_NPC_like_malignant → Malignant_hypoxia_stress_malignant	malignant_or_cycling_to_malignant_or_cycling	malignant_OPC_NPC_to_malignant_hypoxia_stress	6.526571194672364e-05	6.526571194672364e-05	0.9941909878335272	2.487453	4.998162	-0.051993928690096	-0.0407642376475905	magnitude_rank<=0.05
rGBM	PTN_PTPRZ1_NCL_SDC3_axis	PTN	NCL	PTN→NCL	Malignant_AC_like_reactive_malignant	Malignant_NPC_neuronal_like_malignant	Malignant_AC_like_reactive_malignant → Malignant_NPC_neuronal_like_malignant	malignant_or_cycling_to_malignant_or_cycling	malignant_AC_reactive_to_malignant_NPC_neuronal	8.03626664750806e-05	8.03626664750806e-05	0.9408701881179384	2.5219715	4.8846564	-0.0451486488634021	0.08141117324357	magnitude_rank<=0.05
rGBM	PTN_PTPRZ1_NCL_SDC3_axis	PTN	NCL	PTN→NCL	Malignant_cycling_candidate	Malignant_NPC_neuronal_like_malignant	Malignant_cycling_candidate → Malignant_NPC_neuronal_like_malignant	malignant_or_cycling_to_malignant_or_cycling	malignant_cycling_to_malignant_NPC_neuronal	0.0001009408560114	0.0001009408560114	1.0	2.4885182	4.797197	-0.0740126221662322	-0.048578086641416	magnitude_rank<=0.05
rGBM	PTN_PTPRZ1_NCL_SDC3_axis	PTN	NCL	PTN→NCL	Malignant_OPC_NPC_like_malignant	Malignant_NPC_neuronal_like_malignant	Malignant_OPC_NPC_like_malignant → Malignant_NPC_neuronal_like_malignant	malignant_or_cycling_to_malignant_or_cycling	malignant_OPC_NPC_to_malignant_NPC_neuronal	0.0001173750240101	0.0001173750240101	1.0	2.4425898	4.6771216	-0.1136329058822138	-0.0737568403739381	magnitude_rank<=0.05
rGBM	PTN_PTPRZ1_NCL_SDC3_axis	PTN	SDC3	PTN→SDC3	Malignant_AC_like_reactive_malignant	Malignant_OPC_NPC_like_malignant	Malignant_AC_like_reactive_malignant → Malignant_OPC_NPC_like_malignant	malignant_or_cycling_to_malignant_or_cycling	malignant_AC_reactive_to_malignant_OPC_NPC	0.0001396553102627	0.0001396553102627	0.0395057426408424	2.4765525	4.545219	0.3589074425292041	0.5313236663626782	magnitude_rank<=0.05
rGBM	PTN_PTPRZ1_NCL_SDC3_axis	PTN	SDC3	PTN→SDC3	Malignant_cycling_candidate	Malignant_OPC_NPC_like_malignant	Malignant_cycling_candidate → Malignant_OPC_NPC_like_malignant	malignant_or_cycling_to_malignant_or_cycling	malignant_cycling_to_malignant_OPC_NPC	0.0001563995688142	0.0001563995688142	0.039559491280467	2.4430995	4.463837	0.330043469226374	0.4013344064776921	magnitude_rank<=0.05
rGBM	PTN_PTPRZ1_NCL_SDC3_axis	PTN	SDC3	PTN→SDC3	Malignant_OPC_NPC_like_malignant	Malignant_OPC_NPC_like_malignant	Malignant_OPC_NPC_like_malignant → Malignant_OPC_NPC_like_malignant	malignant_or_cycling_to_malignant_or_cycling	malignant_OPC_NPC_to_malignant_OPC_NPC	0.0001740888437673	0.0001740888437673	0.0538925914446383	2.3971708	4.3521056	0.2904231855103925	0.37615565274517	magnitude_rank<=0.05
rGBM	PTN_PTPRZ1_NCL_SDC3_axis	PTN	PTPRZ1	PTN→PTPRZ1	Malignant_hypoxia_stress_malignant	Malignant_hypoxia_stress_malignant	Malignant_hypoxia_stress_malignant → Malignant_hypoxia_stress_malignant	malignant_or_cycling_to_malignant_or_cycling	malignant_hypoxia_stress_to_malignant_hypoxia_stress	0.0002637747302534	0.0002637747302534	1.0	2.184688	4.7716103	-0.7622478278577021	-1.055911325826013	magnitude_rank<=0.05
rGBM	PTN_PTPRZ1_NCL_SDC3_axis	PTN	NCL	PTN→NCL	Malignant_AC_like_reactive_malignant	Mural_Pericyte_Fibroblast	Malignant_AC_like_reactive_malignant → Mural_Pericyte_Fibroblast	malignant_or_cycling_to_microenvironment	malignant_AC_reactive_to_mural_pericyte_fibroblast	0.0002734357174705	0.0002734357174705	1.0	2.3938954	3.9274807	-0.2211144985553198	-0.1263380966318206	magnitude_rank<=0.05
rGBM	PTN_PTPRZ1_NCL_SDC3_axis	PTN	PTPRZ1	PTN→PTPRZ1	Malignant_hypoxia_stress_malignant	Malignant_NPC_neuronal_like_malignant	Malignant_hypoxia_stress_malignant → Malignant_NPC_neuronal_like_malignant	malignant_or_cycling_to_malignant_or_cycling	malignant_hypoxia_stress_to_malignant_NPC_neuronal	0.000286586258531	0.000286586258531	1.0	2.1704025	4.7081795	-0.7723647201105863	-1.1607537139386268	magnitude_rank<=0.05
rGBM	PTN_PTPRZ1_NCL_SDC3_axis	PTN	PTPRZ1	PTN→PTPRZ1	Oligodendrocyte_myelinating	Malignant_hypoxia_stress_malignant	Oligodendrocyte_myelinating → Malignant_hypoxia_stress_malignant	microenvironment_to_malignant_or_cycling	oligodendrocyte_reference_to_malignant_hypoxia_stress	0.0002966510367954	0.0002966510367954	1.0	2.1582196	4.657832	-0.7850837486604443	-1.4479703625935865	magnitude_rank<=0.05
rGBM	PTN_PTPRZ1_NCL_SDC3_axis	PTN	NCL	PTN→NCL	Malignant_cycling_candidate	Mural_Pericyte_Fibroblast	Malignant_cycling_candidate → Mural_Pericyte_Fibroblast	malignant_or_cycling_to_microenvironment	malignant_cycling_to_mural_pericyte_fibroblast	0.0002966510367954	0.0002966510367954	1.0	2.3604422	3.8571596	-0.2499784718581499	-0.2563273565168067	magnitude_rank<=0.05
rGBM	PTN_PTPRZ1_NCL_SDC3_axis	PTN	SDC3	PTN→SDC3	Malignant_AC_like_reactive_malignant	Malignant_cycling_candidate	Malignant_AC_like_reactive_malignant → Malignant_cycling_candidate	malignant_or_cycling_to_malignant_or_cycling	malignant_AC_reactive_to_malignant_cycling	0.0003000444444874	0.0003000444444874	0.0780906873817058	2.383257	3.8479745	0.2457013118078413	0.2933295966860231	magnitude_rank<=0.05
rGBM	PTN_PTPRZ1_NCL_SDC3_axis	PTN	PTPRZ1	PTN→PTPRZ1	Oligodendrocyte_myelinating	Malignant_NPC_neuronal_like_malignant	Oligodendrocyte_myelinating → Malignant_NPC_neuronal_like_malignant	microenvironment_to_malignant_or_cycling	oligodendrocyte_reference_to_malignant_NPC_neuronal	0.0003278834237955	0.0003278834237955	1.0	2.1439338	4.595914	-0.7952006409133285	-1.5528127507062	magnitude_rank<=0.05
rGBM	PTN_PTPRZ1_NCL_SDC3_axis	PTN	SDC3	PTN→SDC3	Malignant_cycling_candidate	Malignant_cycling_candidate	Malignant_cycling_candidate → Malignant_cycling_candidate	malignant_or_cycling_to_malignant_or_cycling	malignant_cycling_to_malignant_cycling	0.000331449740392	0.000331449740392	0.1002561485494711	2.349804	3.7790768	0.2168373385050112	0.163340336801037	magnitude_rank<=0.05
rGBM	PTN_PTPRZ1_NCL_SDC3_axis	PTN	PTPRZ1	PTN→PTPRZ1	Malignant_NPC_neuronal_like_malignant	Malignant_hypoxia_stress_malignant	Malignant_NPC_neuronal_like_malignant → Malignant_hypoxia_stress_malignant	malignant_or_cycling_to_malignant_or_cycling	malignant_NPC_neuronal_to_malignant_hypoxia_stress	0.0003350353188339	0.0003350353188339	1.0	2.139965	4.579364	-0.8008310693418854	-1.247805701991489	magnitude_rank<=0.05
rGBM	PTN_PTPRZ1_NCL_SDC3_axis	PTN	NCL	PTN→NCL	Malignant_OPC_NPC_like_malignant	Mural_Pericyte_Fibroblast	Malignant_OPC_NPC_like_malignant → Mural_Pericyte_Fibroblast	malignant_or_cycling_to_microenvironment	malignant_OPC_NPC_to_mural_pericyte_fibroblast	0.0003350353188339	0.0003350353188339	1.0	2.3145137	3.7606137	-0.2895987555741315	-0.2815061102493288	magnitude_rank<=0.05
rGBM	PTN_PTPRZ1_NCL_SDC3_axis	PTN	PTPRZ1	PTN→PTPRZ1	Malignant_NPC_neuronal_like_malignant	Malignant_NPC_neuronal_like_malignant	Malignant_NPC_neuronal_like_malignant → Malignant_NPC_neuronal_like_malignant	malignant_or_cycling_to_malignant_or_cycling	malignant_NPC_neuronal_to_malignant_NPC_neuronal	0.0003422640535009	0.0003422640535009	1.0	2.1256795	4.518489	-0.8109479615947697	-1.3526480901041025	magnitude_rank<=0.05
rGBM	PTN_PTPRZ1_NCL_SDC3_axis	PTN	SDC3	PTN→SDC3	Malignant_OPC_NPC_like_malignant	Malignant_cycling_candidate	Malignant_OPC_NPC_like_malignant → Malignant_cycling_candidate	malignant_or_cycling_to_malignant_or_cycling	malignant_OPC_NPC_to_malignant_cycling	0.0003644111929953	0.0003644111929953	0.139410088647018	2.3038752	3.6844854	0.1772170547890296	0.1381615830685149	magnitude_rank<=0.05
rGBM	PTN_PTPRZ1_NCL_SDC3_axis	PTN	NCL	PTN→NCL	Malignant_hypoxia_stress_malignant	Malignant_cycling_candidate	Malignant_hypoxia_stress_malignant → Malignant_cycling_candidate	malignant_or_cycling_to_malignant_or_cycling	malignant_hypoxia_stress_to_malignant_cycling	0.0004941959385301	0.0004941959385301	1.0	2.0554693	4.197858	-0.2984106734068943	-0.3171962845601284	magnitude_rank<=0.05
rGBM	PTN_PTPRZ1_NCL_SDC3_axis	PTN	NCL	PTN→NCL	Oligodendrocyte_myelinating	Malignant_cycling_candidate	Oligodendrocyte_myelinating → Malignant_cycling_candidate	microenvironment_to_malignant_or_cycling	oligodendrocyte_reference_to_malignant_cycling	0.0005711264069996	0.0005711264069996	1.0	2.0290008	4.097761	-0.3212465942096366	-0.7092553213277015	magnitude_rank<=0.05
rGBM	PTN_PTPRZ1_NCL_SDC3_axis	PTN	NCL	PTN→NCL	Malignant_NPC_neuronal_like_malignant	Malignant_cycling_candidate	Malignant_NPC_neuronal_like_malignant → Malignant_cycling_candidate	malignant_or_cycling_to_malignant_or_cycling	malignant_NPC_neuronal_to_malignant_cycling	0.0006891480363027	0.0006891480363027	1.0	2.0107462	4.028728	-0.3369939148910776	-0.509090660725604	magnitude_rank<=0.05
rGBM	PTN_PTPRZ1_NCL_SDC3_axis	PTN	PTPRZ1	PTN→PTPRZ1	Mural_Pericyte_Fibroblast	Malignant_hypoxia_stress_malignant	Mural_Pericyte_Fibroblast → Malignant_hypoxia_stress_malignant	microenvironment_to_malignant_or_cycling	mural_pericyte_fibroblast_to_malignant_hypoxia_stress	0.0007415727332768	0.0007415727332768	1.0	2.0050213	3.9992943	-0.9172471466748996	-1.547641379074533	magnitude_rank<=0.05
rGBM	PTN_PTPRZ1_NCL_SDC3_axis	PTN	PTPRZ1	PTN→PTPRZ1	Mural_Pericyte_Fibroblast	Malignant_NPC_neuronal_like_malignant	Mural_Pericyte_Fibroblast → Malignant_NPC_neuronal_like_malignant	microenvironment_to_malignant_or_cycling	mural_pericyte_fibroblast_to_malignant_NPC_neuronal	0.0008636264433303	0.0008636264433303	1.0	1.9907355	3.9461303	-0.927364038927784	-1.6524837671871464	magnitude_rank<=0.05
rGBM	PTN_PTPRZ1_NCL_SDC3_axis	PTN	NCL	PTN→NCL	Malignant_hypoxia_stress_malignant	Malignant_OPC_NPC_like_malignant	Malignant_hypoxia_stress_malignant → Malignant_OPC_NPC_like_malignant	malignant_or_cycling_to_malignant_or_cycling	malignant_hypoxia_stress_to_malignant_OPC_NPC	0.00098874046664	0.00098874046664	1.0	1.9683201	3.810902	-0.4181488568423362	-0.4875952593291688	magnitude_rank<=0.05
rGBM	PTN_PTPRZ1_NCL_SDC3_axis	PTN	NCL	PTN→NCL	Oligodendrocyte_myelinating	Malignant_OPC_NPC_like_malignant	Oligodendrocyte_myelinating → Malignant_OPC_NPC_like_malignant	microenvironment_to_malignant_or_cycling	oligodendrocyte_reference_to_malignant_OPC_NPC	0.0012227486141484	0.0012227486141484	1.0	1.9418514	3.720032	-0.4409847776450785	-0.879654296096742	magnitude_rank<=0.05
rGBM	PTN_PTPRZ1_NCL_SDC3_axis	PTN	NCL	PTN→NCL	Malignant_NPC_neuronal_like_malignant	Malignant_OPC_NPC_like_malignant	Malignant_NPC_neuronal_like_malignant → Malignant_OPC_NPC_like_malignant	malignant_or_cycling_to_malignant_or_cycling	malignant_NPC_neuronal_to_malignant_OPC_NPC	0.0014070658362924	0.0014070658362924	1.0	1.9235971	3.6573622	-0.4567320983265196	-0.6794896354946445	magnitude_rank<=0.05
rGBM	PTN_PTPRZ1_NCL_SDC3_axis	PTN	NCL	PTN→NCL	Mural_Pericyte_Fibroblast	Malignant_cycling_candidate	Mural_Pericyte_Fibroblast → Malignant_cycling_candidate	microenvironment_to_malignant_or_cycling	mural_pericyte_fibroblast_to_malignant_cycling	0.0018391724000211	0.0018391724000211	1.0	1.8758023	3.5184076	-0.453409992224092	-0.808926337808648	magnitude_rank<=0.05
rGBM	PTN_PTPRZ1_NCL_SDC3_axis	PTN	NCL	PTN→NCL	Malignant_hypoxia_stress_malignant	Endothelial	Malignant_hypoxia_stress_malignant → Endothelial	malignant_or_cycling_to_microenvironment	malignant_hypoxia_stress_to_endothelial	0.0020633438961172	0.0020633438961172	1.0	1.8616686	3.3373528	-0.5646769590421972	-0.6435410836716178	magnitude_rank<=0.05
rGBM	PTN_PTPRZ1_NCL_SDC3_axis	PTN	NCL	PTN→NCL	Malignant_hypoxia_stress_malignant	Malignant_AC_like_reactive_malignant	Malignant_hypoxia_stress_malignant → Malignant_AC_like_reactive_malignant	malignant_or_cycling_to_malignant_or_cycling	malignant_hypoxia_stress_to_malignant_AC_reactive	0.0020900306935087	0.0020900306935087	1.0	1.8602304	3.3309672	-0.5666531012909648	-0.6773329048864125	magnitude_rank<=0.05
rGBM	PTN_PTPRZ1_NCL_SDC3_axis	PTN	NCL	PTN→NCL	Malignant_hypoxia_stress_malignant	Oligodendrocyte_myelinating	Malignant_hypoxia_stress_malignant → Oligodendrocyte_myelinating	malignant_or_cycling_to_microenvironment	malignant_hypoxia_stress_to_oligodendrocyte_reference	0.0022168111540677	0.0022168111540677	1.0	1.842581	3.2526014	-0.5909001614670184	-0.6576755118613471	magnitude_rank<=0.05
rGBM	PTN_PTPRZ1_NCL_SDC3_axis	PTN	PTPRZ1	PTN→PTPRZ1	Malignant_AC_like_reactive_malignant	Oligodendrocyte_myelinating	Malignant_AC_like_reactive_malignant → Oligodendrocyte_myelinating	malignant_or_cycling_to_microenvironment	malignant_AC_reactive_to_oligodendrocyte_reference	0.0023284179871277	0.0023284179871277	1.0	2.1840515	2.359214	-0.6455377420734728	-1.29680648960096	magnitude_rank<=0.05
rGBM	PTN_PTPRZ1_NCL_SDC3_axis	PTN	NCL	PTN→NCL	Oligodendrocyte_myelinating	Endothelial	Oligodendrocyte_myelinating → Endothelial	microenvironment_to_microenvironment	oligodendrocyte_reference_to_endothelial	0.0023378409970123	0.0023378409970123	1.0	1.8351998	3.2577744	-0.5875128798449395	-1.035600120439191	magnitude_rank<=0.05
rGBM	PTN_PTPRZ1_NCL_SDC3_axis	PTN	NCL	PTN→NCL	Oligodendrocyte_myelinating	Malignant_AC_like_reactive_malignant	Oligodendrocyte_myelinating → Malignant_AC_like_reactive_malignant	microenvironment_to_malignant_or_cycling	oligodendrocyte_reference_to_malignant_AC_reactive	0.0023947736419129	0.0023947736419129	1.0	1.8337617	3.251541	-0.589489022093707	-1.0693919416539857	magnitude_rank<=0.05
rGBM	PTN_PTPRZ1_NCL_SDC3_axis	PTN	PTPRZ1	PTN→PTPRZ1	Malignant_cycling_candidate	Oligodendrocyte_myelinating	Malignant_cycling_candidate → Oligodendrocyte_myelinating	malignant_or_cycling_to_microenvironment	malignant_cycling_to_oligodendrocyte_reference	0.0024620509721296	0.0024620509721296	1.0	2.1505985	2.3169725	-0.6744017153763029	-1.426795749485946	magnitude_rank<=0.05
rGBM	PTN_PTPRZ1_NCL_SDC3_axis	PTN	SDC3	PTN→SDC3	Malignant_hypoxia_stress_malignant	Malignant_AC_like_reactive_malignant	Malignant_hypoxia_stress_malignant → Malignant_AC_like_reactive_malignant	malignant_or_cycling_to_malignant_or_cycling	malignant_hypoxia_stress_to_malignant_AC_reactive	0.0026292735011589	0.0026292735011589	1.0	1.8185936	3.1460934	-0.1735114205166659	-0.1264123545406917	magnitude_rank<=0.05
rGBM	PTN_PTPRZ1_NCL_SDC3_axis	PTN	NCL	PTN→NCL	Malignant_NPC_neuronal_like_malignant	Endothelial	Malignant_NPC_neuronal_like_malignant → Endothelial	malignant_or_cycling_to_microenvironment	malignant_NPC_neuronal_to_endothelial	0.0026493037974923	0.0026493037974923	1.0	1.8169456	3.202892	-0.6032602005263806	-0.8354354598370934	magnitude_rank<=0.05
rGBM	PTN_PTPRZ1_NCL_SDC3_axis	PTN	PTPRZ1	PTN→PTPRZ1	Malignant_OPC_NPC_like_malignant	Oligodendrocyte_myelinating	Malignant_OPC_NPC_like_malignant → Oligodendrocyte_myelinating	malignant_or_cycling_to_microenvironment	malignant_OPC_NPC_to_oligodendrocyte_reference	0.0026895891282774	0.0026895891282774	1.0	2.10467	2.2589781	-0.7140219990922845	-1.451974503218468	magnitude_rank<=0.05
rGBM	PTN_PTPRZ1_NCL_SDC3_axis	PTN	NCL	PTN→NCL	Oligodendrocyte_myelinating	Oligodendrocyte_myelinating	Oligodendrocyte_myelinating → Oligodendrocyte_myelinating	microenvironment_to_microenvironment	oligodendrocyte_reference_to_oligodendrocyte_reference	0.0026997075354479	0.0026997075354479	1.0	1.8161124	3.1750436	-0.6137360822697607	-1.0497345486289202	magnitude_rank<=0.05
rGBM	PTN_PTPRZ1_NCL_SDC3_axis	PTN	NCL	PTN→NCL	Malignant_NPC_neuronal_like_malignant	Malignant_AC_like_reactive_malignant	Malignant_NPC_neuronal_like_malignant → Malignant_AC_like_reactive_malignant	malignant_or_cycling_to_malignant_or_cycling	malignant_NPC_neuronal_to_malignant_AC_reactive	0.002709844712992	0.002709844712992	1.0	1.8155074	3.1967638	-0.6052363427751482	-0.8692272810518882	magnitude_rank<=0.05
rGBM	PTN_PTPRZ1_NCL_SDC3_axis	PTN	NCL	PTN→NCL	Malignant_hypoxia_stress_malignant	Malignant_hypoxia_stress_malignant	Malignant_hypoxia_stress_malignant → Malignant_hypoxia_stress_malignant	malignant_or_cycling_to_malignant_or_cycling	malignant_hypoxia_stress_to_malignant_hypoxia_stress	0.0027608121115682	0.0027608121115682	1.0	1.8084991	3.1012723	-0.6377273191974931	-0.7042922945276089	magnitude_rank<=0.05
rGBM	PTN_PTPRZ1_NCL_SDC3_axis	PTN	NCL	PTN→NCL	Malignant_NPC_neuronal_like_malignant	Oligodendrocyte_myelinating	Malignant_NPC_neuronal_like_malignant → Oligodendrocyte_myelinating	malignant_or_cycling_to_microenvironment	malignant_NPC_neuronal_to_oligodendrocyte_reference	0.0030226794942033	0.0030226794942033	1.0	1.797858	3.1215553	-0.6294834029512019	-0.8495698880268228	magnitude_rank<=0.05
rGBM	PTN_PTPRZ1_NCL_SDC3_axis	PTN	SDC3	PTN→SDC3	Oligodendrocyte_myelinating	Malignant_AC_like_reactive_malignant	Oligodendrocyte_myelinating → Malignant_AC_like_reactive_malignant	microenvironment_to_malignant_or_cycling	oligodendrocyte_reference_to_malignant_AC_reactive	0.0030981017133001	0.0030981017133001	1.0	1.792125	3.0710754	-0.1963473413194082	-0.5184713913082649	magnitude_rank<=0.05
rGBM	PTN_PTPRZ1_NCL_SDC3_axis	PTN	NCL	PTN→NCL	Mural_Pericyte_Fibroblast	Malignant_OPC_NPC_like_malignant	Mural_Pericyte_Fibroblast → Malignant_OPC_NPC_like_malignant	microenvironment_to_malignant_or_cycling	mural_pericyte_fibroblast_to_malignant_OPC_NPC	0.0031634788754716	0.0031634788754716	1.0	1.7886531	3.194083	-0.5731481756595339	-0.9793253125776884	magnitude_rank<=0.05
rGBM	PTN_PTPRZ1_NCL_SDC3_axis	PTN	NCL	PTN→NCL	Oligodendrocyte_myelinating	Malignant_hypoxia_stress_malignant	Oligodendrocyte_myelinating → Malignant_hypoxia_stress_malignant	microenvironment_to_malignant_or_cycling	oligodendrocyte_reference_to_malignant_hypoxia_stress	0.0032962540103727	0.0032962540103727	1.0	1.7820306	3.0273232	-0.6605632400002355	-1.096351331295182	magnitude_rank<=0.05
rGBM	PTN_PTPRZ1_NCL_SDC3_axis	PTN	SDC3	PTN→SDC3	Malignant_NPC_neuronal_like_malignant	Malignant_AC_like_reactive_malignant	Malignant_NPC_neuronal_like_malignant → Malignant_AC_like_reactive_malignant	malignant_or_cycling_to_malignant_or_cycling	malignant_NPC_neuronal_to_malignant_AC_reactive	0.0033976028048886	0.0033976028048886	1.0	1.7738706	3.0193386	-0.2120946620008493	-0.3183067307061674	magnitude_rank<=0.05
rGBM	PTN_PTPRZ1_NCL_SDC3_axis	PTN	NCL	PTN→NCL	Malignant_NPC_neuronal_like_malignant	Malignant_hypoxia_stress_malignant	Malignant_NPC_neuronal_like_malignant → Malignant_hypoxia_stress_malignant	malignant_or_cycling_to_malignant_or_cycling	malignant_NPC_neuronal_to_malignant_hypoxia_stress	0.0036870661774972	0.0036870661774972	1.0	1.7637761	2.9763234	-0.6763105606816766	-0.8961866706930846	magnitude_rank<=0.05
rGBM	PTN_PTPRZ1_NCL_SDC3_axis	PTN	NCL	PTN→NCL	Malignant_hypoxia_stress_malignant	Malignant_NPC_neuronal_like_malignant	Malignant_hypoxia_stress_malignant → Malignant_NPC_neuronal_like_malignant	malignant_or_cycling_to_malignant_or_cycling	malignant_hypoxia_stress_to_malignant_NPC_neuronal	0.0036988874415196	0.0036988874415196	1.0	1.7636359	2.902073	-0.699366296389611	-0.7372848972539565	magnitude_rank<=0.05
rGBM	PTN_PTPRZ1_NCL_SDC3_axis	PTN	NCL	PTN→NCL	Oligodendrocyte_myelinating	Malignant_NPC_neuronal_like_malignant	Oligodendrocyte_myelinating → Malignant_NPC_neuronal_like_malignant	microenvironment_to_malignant_or_cycling	oligodendrocyte_reference_to_malignant_NPC_neuronal	0.0043009511733167	0.0043009511733167	1.0	1.7371674	2.8328736	-0.7222022171923532	-1.1293439340215297	magnitude_rank<=0.05
rGBM	PTN_PTPRZ1_NCL_SDC3_axis	PTN	NCL	PTN→NCL	Malignant_NPC_neuronal_like_malignant	Malignant_NPC_neuronal_like_malignant	Malignant_NPC_neuronal_like_malignant → Malignant_NPC_neuronal_like_malignant	malignant_or_cycling_to_malignant_or_cycling	malignant_NPC_neuronal_to_malignant_NPC_neuronal	0.0048796219294254	0.0048796219294254	1.0	1.7189128	2.7851493	-0.7379495378737944	-0.9291792734194322	magnitude_rank<=0.05
rGBM	PTN_PTPRZ1_NCL_SDC3_axis	PTN	SDC3	PTN→SDC3	Malignant_hypoxia_stress_malignant	Malignant_OPC_NPC_like_malignant	Malignant_hypoxia_stress_malignant → Malignant_OPC_NPC_like_malignant	malignant_or_cycling_to_malignant_or_cycling	malignant_hypoxia_stress_to_malignant_OPC_NPC	0.0049749943198379	0.0049749943198379	1.0	1.7182171	2.700406	-0.2953102049970046	-0.2873724041348483	magnitude_rank<=0.05
rGBM	PTN_PTPRZ1_NCL_SDC3_axis	PTN	SDC3	PTN→SDC3	Oligodendrocyte_myelinating	Malignant_OPC_NPC_like_malignant	Oligodendrocyte_myelinating → Malignant_OPC_NPC_like_malignant	microenvironment_to_malignant_or_cycling	oligodendrocyte_reference_to_malignant_OPC_NPC	0.0058444721238087	0.0058444721238087	1.0	1.6917484	2.6360154	-0.318146125799747	-0.6794314409024215	magnitude_rank<=0.05
rGBM	PTN_PTPRZ1_NCL_SDC3_axis	PTN	NCL	PTN→NCL	Mural_Pericyte_Fibroblast	Endothelial	Mural_Pericyte_Fibroblast → Endothelial	microenvironment_to_microenvironment	mural_pericyte_fibroblast_to_endothelial	0.0063126629097234	0.0063126629097234	1.0	1.6820016	2.7971807	-0.7196762778593949	-1.1352711369201374	magnitude_rank<=0.05
rGBM	PTN_PTPRZ1_NCL_SDC3_axis	PTN	NCL	PTN→NCL	Mural_Pericyte_Fibroblast	Malignant_AC_like_reactive_malignant	Mural_Pericyte_Fibroblast → Malignant_AC_like_reactive_malignant	microenvironment_to_malignant_or_cycling	mural_pericyte_fibroblast_to_malignant_AC_reactive	0.0063589114654426	0.0063589114654426	1.0	1.6805634	2.7918286	-0.7216524201081624	-1.169062958134932	magnitude_rank<=0.05
rGBM	PTN_PTPRZ1_NCL_SDC3_axis	PTN	SDC3	PTN→SDC3	Malignant_NPC_neuronal_like_malignant	Malignant_OPC_NPC_like_malignant	Malignant_NPC_neuronal_like_malignant → Malignant_OPC_NPC_like_malignant	malignant_or_cycling_to_malignant_or_cycling	malignant_NPC_neuronal_to_malignant_OPC_NPC	0.0065455599926944	0.0065455599926944	1.0	1.6734941	2.5916078	-0.333893446481188	-0.479266780300324	magnitude_rank<=0.05
rGBM	PTN_PTPRZ1_NCL_SDC3_axis	PTN	NCL	PTN→NCL	Mural_Pericyte_Fibroblast	Oligodendrocyte_myelinating	Mural_Pericyte_Fibroblast → Oligodendrocyte_myelinating	microenvironment_to_microenvironment	mural_pericyte_fibroblast_to_oligodendrocyte_reference	0.0070237634059219	0.0070237634059219	1.0	1.662914	2.7261467	-0.7458994802842162	-1.1494055651098667	magnitude_rank<=0.05
rGBM	PTN_PTPRZ1_NCL_SDC3_axis	PTN	SDC3	PTN→SDC3	Mural_Pericyte_Fibroblast	Malignant_AC_like_reactive_malignant	Mural_Pericyte_Fibroblast → Malignant_AC_like_reactive_malignant	microenvironment_to_malignant_or_cycling	mural_pericyte_fibroblast_to_malignant_AC_reactive	0.0077549922837528	0.0077549922837528	1.0	1.6389267	2.636878	-0.3285107393338636	-0.6181424077892114	magnitude_rank<=0.05
rGBM	PTN_PTPRZ1_NCL_SDC3_axis	PTN	NCL	PTN→NCL	Malignant_hypoxia_stress_malignant	Mural_Pericyte_Fibroblast	Malignant_hypoxia_stress_malignant → Mural_Pericyte_Fibroblast	malignant_or_cycling_to_microenvironment	malignant_hypoxia_stress_to_mural_pericyte_fibroblast	0.0078574527089914	0.0078574527089914	1.0	1.6355599	2.3333955	-0.8753321460815287	-0.9450341671293472	magnitude_rank<=0.05
rGBM	PTN_PTPRZ1_NCL_SDC3_axis	PTN	NCL	PTN→NCL	Mural_Pericyte_Fibroblast	Malignant_hypoxia_stress_malignant	Mural_Pericyte_Fibroblast → Malignant_hypoxia_stress_malignant	microenvironment_to_malignant_or_cycling	mural_pericyte_fibroblast_to_malignant_hypoxia_stress	0.0081687799250551	0.0081687799250551	1.0	1.6288322	2.5993116	-0.7927266380146909	-1.1960223477761285	magnitude_rank<=0.05
rGBM	PTN_PTPRZ1_NCL_SDC3_axis	PTN	SDC3	PTN→SDC3	Malignant_hypoxia_stress_malignant	Malignant_cycling_candidate	Malignant_hypoxia_stress_malignant → Malignant_cycling_candidate	malignant_or_cycling_to_malignant_or_cycling	malignant_hypoxia_stress_to_malignant_cycling	0.0083442975570297	0.0083442975570297	1.0	1.6249216	2.2861593	-0.4085163357183675	-0.5253664738115035	magnitude_rank<=0.05
rGBM	PTN_PTPRZ1_NCL_SDC3_axis	PTN	NCL	PTN→NCL	Oligodendrocyte_myelinating	Mural_Pericyte_Fibroblast	Oligodendrocyte_myelinating → Mural_Pericyte_Fibroblast	microenvironment_to_microenvironment	oligodendrocyte_reference_to_mural_pericyte_fibroblast	0.0088091802835504	0.0088091802835504	1.0	1.6090913	2.2777562	-0.8981680668842709	-1.3370932038969203	magnitude_rank<=0.05
rGBM	PTN_PTPRZ1_NCL_SDC3_axis	PTN	SDC3	PTN→SDC3	Malignant_AC_like_reactive_malignant	Malignant_NPC_neuronal_like_malignant	Malignant_AC_like_reactive_malignant → Malignant_NPC_neuronal_like_malignant	malignant_or_cycling_to_malignant_or_cycling	malignant_AC_reactive_to_malignant_NPC_neuronal	0.0088999952019475	0.0088999952019475	1.0	2.0868154	1.6325196	-0.1140092236493185	-0.1623189802629542	magnitude_rank<=0.05
rGBM	PTN_PTPRZ1_NCL_SDC3_axis	PTN	SDC3	PTN→SDC3	Malignant_AC_like_reactive_malignant	Malignant_hypoxia_stress_malignant	Malignant_AC_like_reactive_malignant → Malignant_hypoxia_stress_malignant	malignant_or_cycling_to_malignant_or_cycling	malignant_AC_reactive_to_malignant_hypoxia_stress	0.0091382385509569	0.0091382385509569	1.0	2.0843627	1.6141896	-0.1169854486554484	-0.1891724637462196	magnitude_rank<=0.05
rGBM	PTN_PTPRZ1_NCL_SDC3_axis	PTN	SDC3	PTN→SDC3	Oligodendrocyte_myelinating	Malignant_cycling_candidate	Oligodendrocyte_myelinating → Malignant_cycling_candidate	microenvironment_to_malignant_or_cycling	oligodendrocyte_reference_to_malignant_cycling	0.0091936563313741	0.0091936563313741	1.0	1.5984528	2.2316463	-0.4313522565211098	-0.9174255105790766	magnitude_rank<=0.05
rGBM	PTN_PTPRZ1_NCL_SDC3_axis	PTN	SDC3	PTN→SDC3	Malignant_cycling_candidate	Malignant_NPC_neuronal_like_malignant	Malignant_cycling_candidate → Malignant_NPC_neuronal_like_malignant	malignant_or_cycling_to_malignant_or_cycling	malignant_cycling_to_malignant_NPC_neuronal	0.0094169580145828	0.0094169580145828	1.0	2.0533624	1.6032895	-0.1428731969521486	-0.2923082401479404	magnitude_rank<=0.05
rGBM	PTN_PTPRZ1_NCL_SDC3_axis	PTN	NCL	PTN→NCL	Malignant_NPC_neuronal_like_malignant	Mural_Pericyte_Fibroblast	Malignant_NPC_neuronal_like_malignant → Mural_Pericyte_Fibroblast	malignant_or_cycling_to_microenvironment	malignant_NPC_neuronal_to_mural_pericyte_fibroblast	0.0095484263218994	0.0095484263218994	1.0	1.5908369	2.2393837	-0.913915387565712	-1.1369285432948228	magnitude_rank<=0.05
rGBM	PTN_PTPRZ1_NCL_SDC3_axis	PTN	SDC3	PTN→SDC3	Malignant_cycling_candidate	Malignant_hypoxia_stress_malignant	Malignant_cycling_candidate → Malignant_hypoxia_stress_malignant	malignant_or_cycling_to_malignant_or_cycling	malignant_cycling_to_malignant_hypoxia_stress	0.0097377816278469	0.0097377816278469	1.0	2.0509098	1.5852877	-0.1458494219582786	-0.3191617236312057	magnitude_rank<=0.05
rGBM	PTN_PTPRZ1_NCL_SDC3_axis	PTN	NCL	PTN→NCL	Mural_Pericyte_Fibroblast	Malignant_NPC_neuronal_like_malignant	Mural_Pericyte_Fibroblast → Malignant_NPC_neuronal_like_malignant	microenvironment_to_malignant_or_cycling	mural_pericyte_fibroblast_to_malignant_NPC_neuronal	0.0097758710067114	0.0097758710067114	1.0	1.583969	2.4323535	-0.8543656152068086	-1.229014950502476	magnitude_rank<=0.05
rGBM	PTN_PTPRZ1_NCL_SDC3_axis	PTN	SDC3	PTN→SDC3	Malignant_NPC_neuronal_like_malignant	Malignant_cycling_candidate	Malignant_NPC_neuronal_like_malignant → Malignant_cycling_candidate	malignant_or_cycling_to_malignant_or_cycling	malignant_NPC_neuronal_to_malignant_cycling	0.0099097544528634	0.0099097544528634	1.0	1.5801985	2.1940508	-0.4470995772025509	-0.7172608499769791	magnitude_rank<=0.05
rGBM	PTN_PTPRZ1_NCL_SDC3_axis	PTN	SDC3	PTN→SDC3	Malignant_OPC_NPC_like_malignant	Malignant_NPC_neuronal_like_malignant	Malignant_OPC_NPC_like_malignant → Malignant_NPC_neuronal_like_malignant	malignant_or_cycling_to_malignant_or_cycling	malignant_OPC_NPC_to_malignant_NPC_neuronal	0.0102971764687256	0.0102971764687256	1.0	2.0074337	1.5631588	-0.1824934806681301	-0.3174869938804625	magnitude_rank<=0.05
rGBM	PTN_PTPRZ1_NCL_SDC3_axis	PTN	SDC3	PTN→SDC3	Malignant_OPC_NPC_like_malignant	Malignant_hypoxia_stress_malignant	Malignant_OPC_NPC_like_malignant → Malignant_hypoxia_stress_malignant	malignant_or_cycling_to_malignant_or_cycling	malignant_OPC_NPC_to_malignant_hypoxia_stress	0.0106918452254234	0.0106918452254234	1.0	2.004981	1.5456074	-0.1854697056742601	-0.3443404773637278	magnitude_rank<=0.05
rGBM	PTN_PTPRZ1_NCL_SDC3_axis	PTN	SDC3	PTN→SDC3	Mural_Pericyte_Fibroblast	Malignant_OPC_NPC_like_malignant	Mural_Pericyte_Fibroblast → Malignant_OPC_NPC_like_malignant	microenvironment_to_malignant_or_cycling	mural_pericyte_fibroblast_to_malignant_OPC_NPC	0.0116062899102579	0.0116062899102579	1.0	1.5385501	2.2633278	-0.4503095238142024	-0.7791024573833679	magnitude_rank<=0.05
rGBM	PTN_PTPRZ1_NCL_SDC3_axis	PTN	NCL	PTN→NCL	Mural_Pericyte_Fibroblast	Mural_Pericyte_Fibroblast	Mural_Pericyte_Fibroblast → Mural_Pericyte_Fibroblast	microenvironment_to_microenvironment	mural_pericyte_fibroblast_to_mural_pericyte_fibroblast	0.0160136120592741	0.0160136120592741	1.0	1.455893	1.9557203	-1.0303314648987263	-1.4367642203778668	magnitude_rank<=0.05
rGBM	PTN_PTPRZ1_NCL_SDC3_axis	PTN	SDC3	PTN→SDC3	Mural_Pericyte_Fibroblast	Malignant_cycling_candidate	Mural_Pericyte_Fibroblast → Malignant_cycling_candidate	microenvironment_to_malignant_or_cycling	mural_pericyte_fibroblast_to_malignant_cycling	0.0169474569267306	0.0169474569267306	1.0	1.4452546	1.9161296	-0.5635156545355652	-1.0170965270600232	magnitude_rank<=0.05
rGBM	PTN_PTPRZ1_NCL_SDC3_axis	PTN	PTPRZ1	PTN→PTPRZ1	Malignant_hypoxia_stress_malignant	Oligodendrocyte_myelinating	Malignant_hypoxia_stress_malignant → Oligodendrocyte_myelinating	malignant_or_cycling_to_microenvironment	malignant_hypoxia_stress_to_oligodendrocyte_reference	0.0186563078852504	0.0186563078852504	1.0	1.4257162	1.4016566	-1.2997553895996816	-2.1155025600984865	magnitude_rank<=0.05
rGBM	PTN_PTPRZ1_NCL_SDC3_axis	PTN	PTPRZ1	PTN→PTPRZ1	Oligodendrocyte_myelinating	Oligodendrocyte_myelinating	Oligodendrocyte_myelinating → Oligodendrocyte_myelinating	microenvironment_to_microenvironment	oligodendrocyte_reference_to_oligodendrocyte_reference	0.0208004708001801	0.0208004708001801	1.0	1.3992475	1.3682344	-1.3225913104024238	-2.50756159686606	magnitude_rank<=0.05
rGBM	PTN_PTPRZ1_NCL_SDC3_axis	PTN	PTPRZ1	PTN→PTPRZ1	Malignant_NPC_neuronal_like_malignant	Oligodendrocyte_myelinating	Malignant_NPC_neuronal_like_malignant → Oligodendrocyte_myelinating	malignant_or_cycling_to_microenvironment	malignant_NPC_neuronal_to_oligodendrocyte_reference	0.0229414543441727	0.0229414543441727	1.0	1.3809931	1.3451844	-1.338338631083865	-2.307396936263962	magnitude_rank<=0.05
rGBM	PTN_PTPRZ1_NCL_SDC3_axis	PTN	SDC3	PTN→SDC3	Malignant_AC_like_reactive_malignant	Oligodendrocyte_myelinating	Malignant_AC_like_reactive_malignant → Oligodendrocyte_myelinating	malignant_or_cycling_to_microenvironment	malignant_AC_reactive_to_oligodendrocyte_reference	0.0341631483832908	0.0341631483832908	1.0	2.0033736	1.0089167	-0.2152595153591408	-0.3732673887582736	magnitude_rank<=0.05
rGBM	PTN_PTPRZ1_NCL_SDC3_axis	PTN	SDC3	PTN→SDC3	Malignant_cycling_candidate	Oligodendrocyte_myelinating	Malignant_cycling_candidate → Oligodendrocyte_myelinating	malignant_or_cycling_to_microenvironment	malignant_cycling_to_oligodendrocyte_reference	0.0355370897947902	0.0355370897947902	1.0	1.9699204	0.9908522	-0.2441234886619709	-0.5032566486432597	magnitude_rank<=0.05
rGBM	PTN_PTPRZ1_NCL_SDC3_axis	PTN	SDC3	PTN→SDC3	Malignant_hypoxia_stress_malignant	Malignant_NPC_neuronal_like_malignant	Malignant_hypoxia_stress_malignant → Malignant_NPC_neuronal_like_malignant	malignant_or_cycling_to_malignant_or_cycling	malignant_hypoxia_stress_to_malignant_NPC_neuronal	0.0374455489427735	0.0374455489427735	1.0	1.32848	0.9699128	-0.7682268711755273	-0.9810150507604808	magnitude_rank<=0.05
rGBM	PTN_PTPRZ1_NCL_SDC3_axis	PTN	SDC3	PTN→SDC3	Malignant_OPC_NPC_like_malignant	Oligodendrocyte_myelinating	Malignant_OPC_NPC_like_malignant → Oligodendrocyte_myelinating	malignant_or_cycling_to_microenvironment	malignant_OPC_NPC_to_oligodendrocyte_reference	0.037774346696769	0.037774346696769	1.0	1.9239918	0.96605086	-0.2837437723779525	-0.5284354023757818	magnitude_rank<=0.05
rGBM	PTN_PTPRZ1_NCL_SDC3_axis	PTN	SDC3	PTN→SDC3	Malignant_hypoxia_stress_malignant	Malignant_hypoxia_stress_malignant	Malignant_hypoxia_stress_malignant → Malignant_hypoxia_stress_malignant	malignant_or_cycling_to_malignant_or_cycling	malignant_hypoxia_stress_to_malignant_hypoxia_stress	0.0385838078730937	0.0385838078730937	1.0	1.3260273	0.9590226	-0.7712030961816573	-1.0078685342437463	magnitude_rank<=0.05
rGBM	PTN_PTPRZ1_NCL_SDC3_axis	PTN	SDC3	PTN→SDC3	Oligodendrocyte_myelinating	Malignant_NPC_neuronal_like_malignant	Oligodendrocyte_myelinating → Malignant_NPC_neuronal_like_malignant	microenvironment_to_malignant_or_cycling	oligodendrocyte_reference_to_malignant_NPC_neuronal	0.0400011778715027	0.0400011778715027	1.0	1.3020114	0.94678545	-0.7910627919782696	-1.373074087528054	magnitude_rank<=0.05
rGBM	PTN_PTPRZ1_NCL_SDC3_axis	PTN	SDC3	PTN→SDC3	Oligodendrocyte_myelinating	Malignant_hypoxia_stress_malignant	Oligodendrocyte_myelinating → Malignant_hypoxia_stress_malignant	microenvironment_to_malignant_or_cycling	oligodendrocyte_reference_to_malignant_hypoxia_stress	0.0414810557952938	0.0414810557952938	1.0	1.2995586	0.9361549	-0.7940390169843996	-1.3999275710113197	magnitude_rank<=0.05
rGBM	PTN_PTPRZ1_NCL_SDC3_axis	PTN	SDC3	PTN→SDC3	Malignant_NPC_neuronal_like_malignant	Malignant_NPC_neuronal_like_malignant	Malignant_NPC_neuronal_like_malignant → Malignant_NPC_neuronal_like_malignant	malignant_or_cycling_to_malignant_or_cycling	malignant_NPC_neuronal_to_malignant_NPC_neuronal	0.0420185094419131	0.0420185094419131	1.0	1.283757	0.93083537	-0.8068101126597107	-1.1729094269259566	magnitude_rank<=0.05
rGBM	PTN_PTPRZ1_NCL_SDC3_axis	PTN	SDC3	PTN→SDC3	Malignant_AC_like_reactive_malignant	Endothelial	Malignant_AC_like_reactive_malignant → Endothelial	malignant_or_cycling_to_microenvironment	malignant_AC_reactive_to_endothelial	0.0425592413400285	0.0425592413400285	1.0	1.9923735	0.92670834	-0.2286071953058557	-0.3830424513840068	magnitude_rank<=0.05
rGBM	PTN_PTPRZ1_NCL_SDC3_axis	PTN	SDC3	PTN→SDC3	Malignant_NPC_neuronal_like_malignant	Malignant_hypoxia_stress_malignant	Malignant_NPC_neuronal_like_malignant → Malignant_hypoxia_stress_malignant	malignant_or_cycling_to_malignant_or_cycling	malignant_NPC_neuronal_to_malignant_hypoxia_stress	0.0431812265480263	0.0431812265480263	1.0	1.2813042	0.92038393	-0.8097863376658407	-1.199762910409222	magnitude_rank<=0.05
rGBM	PTN_PTPRZ1_NCL_SDC3_axis	PTN	PTPRZ1	PTN→PTPRZ1	Mural_Pericyte_Fibroblast	Oligodendrocyte_myelinating	Mural_Pericyte_Fibroblast → Oligodendrocyte_myelinating	microenvironment_to_microenvironment	mural_pericyte_fibroblast_to_oligodendrocyte_reference	0.0440040693073163	0.0440040693073163	1.0	1.2460492	1.1747894	-1.4547547084168793	-2.607232613347006	magnitude_rank<=0.05
rGBM	PTN_PTPRZ1_NCL_SDC3_axis	PTN	SDC3	PTN→SDC3	Malignant_cycling_candidate	Endothelial	Malignant_cycling_candidate → Endothelial	malignant_or_cycling_to_microenvironment	malignant_cycling_to_endothelial	0.044319469041996	0.044319469041996	1.0	1.9589205	0.9101157	-0.2574711686086858	-0.5130317112689929	magnitude_rank<=0.05
rGBM	PTN_PTPRZ1_NCL_SDC3_axis	PTN	SDC3	PTN→SDC3	Malignant_OPC_NPC_like_malignant	Endothelial	Malignant_OPC_NPC_like_malignant → Endothelial	malignant_or_cycling_to_microenvironment	malignant_OPC_NPC_to_endothelial	0.0472873261316386	0.0472873261316386	1.0	1.9129918	0.88733524	-0.2970914523246674	-0.538210465001515	magnitude_rank<=0.05
GBM	TIMP1_CD63_axis	TIMP1	CD63	TIMP1→CD63	Mural_Pericyte_Fibroblast	Mural_Pericyte_Fibroblast	Mural_Pericyte_Fibroblast → Mural_Pericyte_Fibroblast	microenvironment_to_microenvironment	mural_pericyte_fibroblast_to_mural_pericyte_fibroblast	4.677753269411934e-06	4.677753269411934e-06	0.0512793211199019	2.6356578	6.9454794	0.7185299042738269	1.2890026434984103	magnitude_rank<=0.05
GBM	TIMP1_CD63_axis	TIMP1	CD63	TIMP1→CD63	Mural_Pericyte_Fibroblast	Oligodendrocyte_myelinating	Mural_Pericyte_Fibroblast → Oligodendrocyte_myelinating	microenvironment_to_microenvironment	mural_pericyte_fibroblast_to_oligodendrocyte_reference	8.842283192790162e-06	8.842283192790162e-06	0.0512793211199019	2.5872464	6.69366	0.6777320927491647	1.162730119975881	magnitude_rank<=0.05
GBM	TIMP1_CD63_axis	TIMP1	CD63	TIMP1→CD63	Mural_Pericyte_Fibroblast	Malignant_OPC_NPC_like_malignant	Mural_Pericyte_Fibroblast → Malignant_OPC_NPC_like_malignant	microenvironment_to_malignant_or_cycling	mural_pericyte_fibroblast_to_malignant_OPC_NPC	1.0522413756637667e-05	1.0522413756637667e-05	0.0512793211199019	2.5802069	6.657042	0.6718013503674255	1.314616203485738	magnitude_rank<=0.05
GBM	TIMP1_CD63_axis	TIMP1	CD63	TIMP1→CD63	Mural_Pericyte_Fibroblast	Malignant_AC_like_reactive_malignant	Mural_Pericyte_Fibroblast → Malignant_AC_like_reactive_malignant	microenvironment_to_malignant_or_cycling	mural_pericyte_fibroblast_to_malignant_AC_reactive	1.2348480295168137e-05	1.2348480295168137e-05	0.0512793211199019	2.5341692	6.4175673	0.6330008840087777	1.1050532930589283	magnitude_rank<=0.05
GBM	TIMP1_CD63_axis	TIMP1	CD63	TIMP1→CD63	Mural_Pericyte_Fibroblast	Malignant_hypoxia_stress_malignant	Mural_Pericyte_Fibroblast → Malignant_hypoxia_stress_malignant	microenvironment_to_malignant_or_cycling	mural_pericyte_fibroblast_to_malignant_hypoxia_stress	1.6438306777186246e-05	1.6438306777186246e-05	0.0512793211199019	2.5196114	6.341842	0.6207335170189224	1.0767022416345258	magnitude_rank<=0.05
GBM	TIMP1_CD63_axis	TIMP1	CD63	TIMP1→CD63	Mural_Pericyte_Fibroblast	Malignant_cycling_candidate	Mural_Pericyte_Fibroblast → Malignant_cycling_candidate	microenvironment_to_malignant_or_cycling	mural_pericyte_fibroblast_to_malignant_cycling	3.862968800242798e-05	3.862968800242798e-05	0.0530600026459797	2.3882692	5.658642	0.5100513836548077	0.972577831067861	magnitude_rank<=0.05
GBM	TIMP1_CD63_axis	TIMP1	CD63	TIMP1→CD63	Mural_Pericyte_Fibroblast	Endothelial	Mural_Pericyte_Fibroblast → Endothelial	microenvironment_to_microenvironment	mural_pericyte_fibroblast_to_endothelial	0.0002536458103082	0.0002536458103082	0.1546018318151331	2.1342056	4.3370833	0.2959478373623176	0.6881032657875297	magnitude_rank<=0.05
GBM	TIMP1_CD63_axis	TIMP1	CD63	TIMP1→CD63	Malignant_hypoxia_stress_malignant	Mural_Pericyte_Fibroblast	Malignant_hypoxia_stress_malignant → Mural_Pericyte_Fibroblast	malignant_or_cycling_to_microenvironment	malignant_hypoxia_stress_to_mural_pericyte_fibroblast	0.000271100885774	0.000271100885774	0.1693050353994299	2.1279514	4.233848	0.2906034577275301	0.6074868540858249	magnitude_rank<=0.05
GBM	TIMP1_CD63_axis	TIMP1	CD63	TIMP1→CD63	Malignant_hypoxia_stress_malignant	Oligodendrocyte_myelinating	Malignant_hypoxia_stress_malignant → Oligodendrocyte_myelinating	malignant_or_cycling_to_microenvironment	malignant_hypoxia_stress_to_oligodendrocyte_reference	0.0004204413324256	0.0004204413324256	0.18982592706731	2.0795403	4.0803432	0.2498056462028678	0.4812143305632954	magnitude_rank<=0.05
GBM	TIMP1_CD63_axis	TIMP1	CD63	TIMP1→CD63	Malignant_hypoxia_stress_malignant	Malignant_OPC_NPC_like_malignant	Malignant_hypoxia_stress_malignant → Malignant_OPC_NPC_like_malignant	malignant_or_cycling_to_malignant_or_cycling	malignant_hypoxia_stress_to_malignant_OPC_NPC	0.000442807503081	0.000442807503081	0.1938162919741836	2.0725007	4.058022	0.2438749038211287	0.6331004140731524	magnitude_rank<=0.05
GBM	TIMP1_CD63_axis	TIMP1	CD63	TIMP1→CD63	Malignant_hypoxia_stress_malignant	Malignant_AC_like_reactive_malignant	Malignant_hypoxia_stress_malignant → Malignant_AC_like_reactive_malignant	malignant_or_cycling_to_malignant_or_cycling	malignant_hypoxia_stress_to_malignant_AC_reactive	0.0006289240478613	0.0006289240478613	0.225366903866565	2.0264628	3.9120421	0.2050744374624809	0.4235375036463429	magnitude_rank<=0.05
GBM	TIMP1_CD63_axis	TIMP1	CD63	TIMP1→CD63	Malignant_hypoxia_stress_malignant	Malignant_hypoxia_stress_malignant	Malignant_hypoxia_stress_malignant → Malignant_hypoxia_stress_malignant	malignant_or_cycling_to_malignant_or_cycling	malignant_hypoxia_stress_to_malignant_hypoxia_stress	0.000712434932776	0.000712434932776	0.236059437945526	2.011905	3.8658812	0.1928070704726256	0.3951864522219401	magnitude_rank<=0.05
GBM	TIMP1_CD63_axis	TIMP1	CD63	TIMP1→CD63	Malignant_OPC_NPC_like_malignant	Mural_Pericyte_Fibroblast	Malignant_OPC_NPC_like_malignant → Mural_Pericyte_Fibroblast	malignant_or_cycling_to_microenvironment	malignant_OPC_NPC_to_mural_pericyte_fibroblast	0.0008163993847575	0.0008163993847575	0.3130889685417934	2.0004125	3.55267	0.1831031586570264	0.2379430874243997	magnitude_rank<=0.05
GBM	TIMP1_CD63_axis	TIMP1	CD63	TIMP1→CD63	Mural_Pericyte_Fibroblast	Malignant_NPC_neuronal_like_malignant	Mural_Pericyte_Fibroblast → Malignant_NPC_neuronal_like_malignant	microenvironment_to_malignant_or_cycling	mural_pericyte_fibroblast_to_malignant_NPC_neuronal	0.0009273933032563	0.0009273933032563	0.3314049838628397	1.9712033	3.4891963	0.1585836483268055	0.3751403256360814	magnitude_rank<=0.05
GBM	TIMP1_CD63_axis	TIMP1	CD63	TIMP1→CD63	Malignant_OPC_NPC_like_malignant	Oligodendrocyte_myelinating	Malignant_OPC_NPC_like_malignant → Oligodendrocyte_myelinating	malignant_or_cycling_to_microenvironment	malignant_OPC_NPC_to_oligodendrocyte_reference	0.0009771116173936	0.0009771116173936	0.3563563329297873	1.9520013	3.4238622	0.1423053471323642	0.1116705639018702	magnitude_rank<=0.05
GBM	TIMP1_CD63_axis	TIMP1	CD63	TIMP1→CD63	Malignant_OPC_NPC_like_malignant	Malignant_OPC_NPC_like_malignant	Malignant_OPC_NPC_like_malignant → Malignant_OPC_NPC_like_malignant	malignant_or_cycling_to_malignant_or_cycling	malignant_OPC_NPC_to_malignant_OPC_NPC	0.001115992578956	0.001115992578956	0.3634642857035701	1.9449618	3.405132	0.136374604750625	0.2635566474117272	magnitude_rank<=0.05
GBM	TIMP1_CD63_axis	TIMP1	CD63	TIMP1→CD63	Endothelial	Mural_Pericyte_Fibroblast	Endothelial → Mural_Pericyte_Fibroblast	microenvironment_to_microenvironment	endothelial_to_mural_pericyte_fibroblast	0.0013611849657172	0.0013611849657172	0.4716588734062794	1.9236667	3.142775	0.118417822566444	0.3042479088003245	magnitude_rank<=0.05
GBM	TIMP1_CD63_axis	TIMP1	CD63	TIMP1→CD63	Malignant_OPC_NPC_like_malignant	Malignant_AC_like_reactive_malignant	Malignant_OPC_NPC_like_malignant → Malignant_AC_like_reactive_malignant	malignant_or_cycling_to_malignant_or_cycling	malignant_OPC_NPC_to_malignant_AC_reactive	0.0017628887733784	0.0017628887733784	0.4096746438371954	1.8989239	3.2826388	0.0975741383919772	0.0539937369849177	magnitude_rank<=0.05
GBM	TIMP1_CD63_axis	TIMP1	CD63	TIMP1→CD63	Malignant_AC_like_reactive_malignant	Mural_Pericyte_Fibroblast	Malignant_AC_like_reactive_malignant → Mural_Pericyte_Fibroblast	malignant_or_cycling_to_microenvironment	malignant_AC_reactive_to_mural_pericyte_fibroblast	0.0018310107642619	0.0018310107642619	0.5407456766726698	1.8972037	3.0014381	0.0961135910435202	0.0314176021630576	magnitude_rank<=0.05
GBM	TIMP1_CD63_axis	TIMP1	CD63	TIMP1→CD63	Malignant_OPC_NPC_like_malignant	Malignant_hypoxia_stress_malignant	Malignant_OPC_NPC_like_malignant → Malignant_hypoxia_stress_malignant	malignant_or_cycling_to_malignant_or_cycling	malignant_OPC_NPC_to_malignant_hypoxia_stress	0.0019949331891507	0.0019949331891507	0.4355951334341495	1.884366	3.2439046	0.0853067714021219	0.0256426855605149	magnitude_rank<=0.05
GBM	TIMP1_CD63_axis	TIMP1	CD63	TIMP1→CD63	Malignant_hypoxia_stress_malignant	Malignant_cycling_candidate	Malignant_hypoxia_stress_malignant → Malignant_cycling_candidate	malignant_or_cycling_to_malignant_or_cycling	malignant_hypoxia_stress_to_malignant_cycling	0.0021162772962008	0.0021162772962008	0.3468113564801457	1.8805629	3.4494138	0.0821249371085109	0.2910620416552754	magnitude_rank<=0.05
GBM	TIMP1_CD63_axis	TIMP1	CD63	TIMP1→CD63	Endothelial	Oligodendrocyte_myelinating	Endothelial → Oligodendrocyte_myelinating	microenvironment_to_microenvironment	endothelial_to_oligodendrocyte_reference	0.0022921112937339	0.0022921112937339	0.5289465833630415	1.8752556	3.0288286	0.0776200110417817	0.177975385277795	magnitude_rank<=0.05
GBM	TIMP1_CD63_axis	TIMP1	CD63	TIMP1→CD63	Endothelial	Malignant_OPC_NPC_like_malignant	Endothelial → Malignant_OPC_NPC_like_malignant	microenvironment_to_malignant_or_cycling	endothelial_to_malignant_OPC_NPC	0.0025283751096855	0.0025283751096855	0.5359387221720896	1.868216	3.0122595	0.0716892686600425	0.329861468787652	magnitude_rank<=0.05
GBM	TIMP1_CD63_axis	TIMP1	CD63	TIMP1→CD63	Malignant_cycling_candidate	Mural_Pericyte_Fibroblast	Malignant_cycling_candidate → Mural_Pericyte_Fibroblast	malignant_or_cycling_to_microenvironment	malignant_cycling_to_mural_pericyte_fibroblast	0.0028043144670929	0.0028043144670929	0.8481392082827576	1.854852	2.7752395	0.0604164063822479	-0.0598628189094063	magnitude_rank<=0.05
GBM	TIMP1_CD63_axis	TIMP1	CD63	TIMP1→CD63	Malignant_AC_like_reactive_malignant	Oligodendrocyte_myelinating	Malignant_AC_like_reactive_malignant → Oligodendrocyte_myelinating	malignant_or_cycling_to_microenvironment	malignant_AC_reactive_to_oligodendrocyte_reference	0.0029475750952484	0.0029475750952484	0.902966640546518	1.8487926	2.892616	0.055315779518858	-0.0948549213594718	magnitude_rank<=0.05
GBM	TIMP1_CD63_axis	TIMP1	CD63	TIMP1→CD63	Malignant_AC_like_reactive_malignant	Malignant_OPC_NPC_like_malignant	Malignant_AC_like_reactive_malignant → Malignant_OPC_NPC_like_malignant	malignant_or_cycling_to_malignant_or_cycling	malignant_AC_reactive_to_malignant_OPC_NPC	0.0031241387787879	0.0031241387787879	0.6168028885879324	1.841753	2.876792	0.0493850371371188	0.0570311621503851	magnitude_rank<=0.05
GBM	TIMP1_CD63_axis	TIMP1	CD63	TIMP1→CD63	Endothelial	Malignant_AC_like_reactive_malignant	Endothelial → Malignant_AC_like_reactive_malignant	microenvironment_to_malignant_or_cycling	endothelial_to_malignant_AC_reactive	0.0036519021857203	0.0036519021857203	0.9330203117857532	1.8221781	2.903899	0.0328888023013948	0.1202985583608424	magnitude_rank<=0.05
GBM	TIMP1_CD63_axis	TIMP1	CD63	TIMP1→CD63	Endothelial	Malignant_hypoxia_stress_malignant	Endothelial → Malignant_hypoxia_stress_malignant	microenvironment_to_malignant_or_cycling	endothelial_to_malignant_hypoxia_stress	0.0040488642747427	0.0040488642747427	1.0	1.8076203	2.869634	0.0206214353115394	0.0919475069364397	magnitude_rank<=0.05
GBM	TIMP1_CD63_axis	TIMP1	CD63	TIMP1→CD63	Malignant_cycling_candidate	Oligodendrocyte_myelinating	Malignant_cycling_candidate → Oligodendrocyte_myelinating	malignant_or_cycling_to_microenvironment	malignant_cycling_to_oligodendrocyte_reference	0.0040828551456521	0.0040828551456521	1.0	1.8064408	2.6746187	0.0196185948575856	-0.1861353424319358	magnitude_rank<=0.05
GBM	TIMP1_CD63_axis	TIMP1	CD63	TIMP1→CD63	Malignant_cycling_candidate	Malignant_OPC_NPC_like_malignant	Malignant_cycling_candidate → Malignant_OPC_NPC_like_malignant	malignant_or_cycling_to_malignant_or_cycling	malignant_cycling_to_malignant_OPC_NPC	0.0043598182936535	0.0043598182936535	0.8300620496901806	1.7994013	2.6599872	0.0136878524758465	-0.0342492589220788	magnitude_rank<=0.05
GBM	TIMP1_CD63_axis	TIMP1	CD63	TIMP1→CD63	Malignant_AC_like_reactive_malignant	Malignant_AC_like_reactive_malignant	Malignant_AC_like_reactive_malignant → Malignant_AC_like_reactive_malignant	malignant_or_cycling_to_malignant_or_cycling	malignant_AC_reactive_to_malignant_AC_reactive	0.004501655416004	0.004501655416004	1.0	1.7957151	2.7733047	0.0105845707784711	-0.1525317482764243	magnitude_rank<=0.05
GBM	TIMP1_CD63_axis	TIMP1	CD63	TIMP1→CD63	Malignant_AC_like_reactive_malignant	Malignant_hypoxia_stress_malignant	Malignant_AC_like_reactive_malignant → Malignant_hypoxia_stress_malignant	malignant_or_cycling_to_malignant_or_cycling	malignant_AC_reactive_to_malignant_hypoxia_stress	0.0048660199096978	0.0048660199096978	1.0	1.7811573	2.7405806	-0.0016827962113842	-0.1808827997008271	magnitude_rank<=0.05
GBM	TIMP1_CD63_axis	TIMP1	CD63	TIMP1→CD63	Malignant_cycling_candidate	Malignant_AC_like_reactive_malignant	Malignant_cycling_candidate → Malignant_AC_like_reactive_malignant	malignant_or_cycling_to_malignant_or_cycling	malignant_cycling_to_malignant_AC_reactive	0.0056765270345422	0.0056765270345422	1.0	1.7533634	2.564299	-0.0251126138828012	-0.2438121693488883	magnitude_rank<=0.05
GBM	TIMP1_CD63_axis	TIMP1	CD63	TIMP1→CD63	Malignant_OPC_NPC_like_malignant	Malignant_cycling_candidate	Malignant_OPC_NPC_like_malignant → Malignant_cycling_candidate	malignant_or_cycling_to_malignant_or_cycling	malignant_OPC_NPC_to_malignant_cycling	0.0057166518793471	0.0057166518793471	1.0	1.753024	2.894442	-0.0253753619619927	-0.0784817250061498	magnitude_rank<=0.05
GBM	TIMP1_CD63_axis	TIMP1	CD63	TIMP1→CD63	Malignant_cycling_candidate	Malignant_hypoxia_stress_malignant	Malignant_cycling_candidate → Malignant_hypoxia_stress_malignant	malignant_or_cycling_to_malignant_or_cycling	malignant_cycling_to_malignant_hypoxia_stress	0.0061671803346564	0.0061671803346564	1.0	1.7388055	2.5340412	-0.0373799808726565	-0.2721632207732911	magnitude_rank<=0.05
GBM	TIMP1_CD63_axis	TIMP1	CD63	TIMP1→CD63	Endothelial	Malignant_cycling_candidate	Endothelial → Malignant_cycling_candidate	microenvironment_to_malignant_or_cycling	endothelial_to_malignant_cycling	0.0096319265273052	0.0096319265273052	1.0	1.6762781	2.560491	-0.0900606980525752	-0.012176903630225	magnitude_rank<=0.05
GBM	TIMP1_CD63_axis	TIMP1	CD63	TIMP1→CD63	Malignant_AC_like_reactive_malignant	Malignant_cycling_candidate	Malignant_AC_like_reactive_malignant → Malignant_cycling_candidate	malignant_or_cycling_to_malignant_or_cycling	malignant_AC_reactive_to_malignant_cycling	0.0107518637769169	0.0107518637769169	1.0	1.6498153	2.4453406	-0.1123649295754989	-0.2850072102674919	magnitude_rank<=0.05
GBM	TIMP1_CD63_axis	TIMP1	CD63	TIMP1→CD63	Malignant_hypoxia_stress_malignant	Endothelial	Malignant_hypoxia_stress_malignant → Endothelial	malignant_or_cycling_to_microenvironment	malignant_hypoxia_stress_to_endothelial	0.0118168346912124	0.0118168346912124	1.0	1.6264994	2.6438136	-0.1319786091839792	0.006587476374944	magnitude_rank<=0.05
GBM	TIMP1_CD63_axis	TIMP1	CD63	TIMP1→CD63	Malignant_cycling_candidate	Malignant_cycling_candidate	Malignant_cycling_candidate → Malignant_cycling_candidate	malignant_or_cycling_to_malignant_or_cycling	malignant_cycling_to_malignant_cycling	0.0126328637155563	0.0126328637155563	1.0	1.6074635	2.2610517	-0.1480621142367713	-0.3762876313399559	magnitude_rank<=0.05
GBM	TIMP1_CD63_axis	TIMP1	CD63	TIMP1→CD63	Oligodendrocyte_myelinating	Mural_Pericyte_Fibroblast	Oligodendrocyte_myelinating → Mural_Pericyte_Fibroblast	microenvironment_to_microenvironment	oligodendrocyte_reference_to_mural_pericyte_fibroblast	0.0140933607361518	0.0140933607361518	1.0	1.6189237	1.5151597	-0.1384389049752113	-0.4711534099264358	magnitude_rank<=0.05
GBM	TIMP1_CD63_axis	TIMP1	CD63	TIMP1→CD63	Oligodendrocyte_myelinating	Oligodendrocyte_myelinating	Oligodendrocyte_myelinating → Oligodendrocyte_myelinating	microenvironment_to_microenvironment	oligodendrocyte_reference_to_oligodendrocyte_reference	0.0156313398105505	0.0156313398105505	1.0	1.5705125	1.4602252	-0.1792367164998736	-0.5974259334489653	magnitude_rank<=0.05
GBM	TIMP1_CD63_axis	TIMP1	CD63	TIMP1→CD63	Oligodendrocyte_myelinating	Malignant_OPC_NPC_like_malignant	Oligodendrocyte_myelinating → Malignant_OPC_NPC_like_malignant	microenvironment_to_malignant_or_cycling	oligodendrocyte_reference_to_malignant_OPC_NPC	0.0158951774976666	0.0158951774976666	1.0	1.563473	1.4522371	-0.1851674588816128	-0.4455398499391083	magnitude_rank<=0.05
GBM	TIMP1_CD63_axis	TIMP1	CD63	TIMP1→CD63	Oligodendrocyte_myelinating	Malignant_AC_like_reactive_malignant	Oligodendrocyte_myelinating → Malignant_AC_like_reactive_malignant	microenvironment_to_malignant_or_cycling	oligodendrocyte_reference_to_malignant_AC_reactive	0.017871904825899	0.017871904825899	1.0	1.5174351	1.3999956	-0.2239679252402605	-0.6551027603659179	magnitude_rank<=0.05
GBM	TIMP1_CD63_axis	TIMP1	CD63	TIMP1→CD63	Oligodendrocyte_myelinating	Malignant_hypoxia_stress_malignant	Oligodendrocyte_myelinating → Malignant_hypoxia_stress_malignant	microenvironment_to_malignant_or_cycling	oligodendrocyte_reference_to_malignant_hypoxia_stress	0.0184369206536597	0.0184369206536597	1.0	1.5028772	1.383476	-0.2362352922301158	-0.6834538117903206	magnitude_rank<=0.05
GBM	TIMP1_CD63_axis	TIMP1	CD63	TIMP1→CD63	Malignant_OPC_NPC_like_malignant	Endothelial	Malignant_OPC_NPC_like_malignant → Endothelial	malignant_or_cycling_to_microenvironment	malignant_OPC_NPC_to_endothelial	0.0185081473629258	0.0185081473629258	1.0	1.4989605	2.218454	-0.2394789082544828	-0.3629562902864811	magnitude_rank<=0.05
GBM	TIMP1_CD63_axis	TIMP1	CD63	TIMP1→CD63	Malignant_hypoxia_stress_malignant	Malignant_NPC_neuronal_like_malignant	Malignant_hypoxia_stress_malignant → Malignant_NPC_neuronal_like_malignant	malignant_or_cycling_to_malignant_or_cycling	malignant_hypoxia_stress_to_malignant_NPC_neuronal	0.0215423932183778	0.0215423932183778	1.0	1.463497	2.1269557	-0.2693427982194912	-0.3063754637765041	magnitude_rank<=0.05
GBM	TIMP1_CD63_axis	TIMP1	CD63	TIMP1→CD63	Endothelial	Endothelial	Endothelial → Endothelial	microenvironment_to_microenvironment	endothelial_to_endothelial	0.0260440625583277	0.0260440625583277	1.0	1.4222146	1.9624962	-0.3041642443450653	-0.2966514689105564	magnitude_rank<=0.05
GBM	TIMP1_CD63_axis	TIMP1	CD63	TIMP1→CD63	Malignant_AC_like_reactive_malignant	Endothelial	Malignant_AC_like_reactive_malignant → Endothelial	malignant_or_cycling_to_microenvironment	malignant_AC_reactive_to_endothelial	0.0305899360501578	0.0305899360501578	1.0	1.3957517	1.8742387	-0.326468475867989	-0.5694817755478232	magnitude_rank<=0.05
GBM	TIMP1_CD63_axis	TIMP1	CD63	TIMP1→CD63	Oligodendrocyte_myelinating	Malignant_cycling_candidate	Oligodendrocyte_myelinating → Malignant_cycling_candidate	microenvironment_to_malignant_or_cycling	oligodendrocyte_reference_to_malignant_cycling	0.0351924542170093	0.0351924542170093	1.0	1.3715352	1.2344356	-0.3469174255942305	-0.7875782223569854	magnitude_rank<=0.05
GBM	TIMP1_CD63_axis	TIMP1	CD63	TIMP1→CD63	Malignant_cycling_candidate	Endothelial	Malignant_cycling_candidate → Endothelial	malignant_or_cycling_to_microenvironment	malignant_cycling_to_endothelial	0.0395863965212297	0.0395863965212297	1.0	1.3534	1.7329898	-0.3621656605292613	-0.6607621966202872	magnitude_rank<=0.05
GBM	TIMP1_CD63_axis	TIMP1	CD63	TIMP1→CD63	Malignant_OPC_NPC_like_malignant	Malignant_NPC_neuronal_like_malignant	Malignant_OPC_NPC_like_malignant → Malignant_NPC_neuronal_like_malignant	malignant_or_cycling_to_malignant_or_cycling	malignant_OPC_NPC_to_malignant_NPC_neuronal	0.0421921099480722	0.0421921099480722	1.0	1.3359581	1.7847527	-0.3768430972899949	-0.6759192304379293	magnitude_rank<=0.05
LGG	TIMP1_CD63_axis	TIMP1	CD63	TIMP1→CD63	Endothelial	Malignant_AC_like_reactive_malignant	Endothelial → Malignant_AC_like_reactive_malignant	microenvironment_to_malignant_or_cycling	endothelial_to_malignant_AC_reactive	0.0389689427504194	0.0389689427504194	0.0019405160553907	1.2963932	0.9580277	1.816379577316681	1.0171002963682256	magnitude_rank<=0.05
LGG	TIMP1_CD63_axis	TIMP1	CD63	TIMP1→CD63	Endothelial	Endothelial	Endothelial → Endothelial	microenvironment_to_microenvironment	endothelial_to_endothelial	0.0498316908116954	0.0498316908116954	0.0042618238354204	1.2281022	0.8970671	1.7192811535871382	0.9083678601383652	magnitude_rank<=0.05
ndGBM	TIMP1_CD63_axis	TIMP1	CD63	TIMP1→CD63	Mural_Pericyte_Fibroblast	Mural_Pericyte_Fibroblast	Mural_Pericyte_Fibroblast → Mural_Pericyte_Fibroblast	microenvironment_to_microenvironment	mural_pericyte_fibroblast_to_mural_pericyte_fibroblast	5.814829055943859e-07	5.814829055943859e-07	0.0476302925017105	3.3193607	10.713111	0.8236743439795186	1.5832857405954548	magnitude_rank<=0.05
ndGBM	TIMP1_CD63_axis	TIMP1	CD63	TIMP1→CD63	Mural_Pericyte_Fibroblast	Malignant_OPC_NPC_like_malignant	Mural_Pericyte_Fibroblast → Malignant_OPC_NPC_like_malignant	microenvironment_to_malignant_or_cycling	mural_pericyte_fibroblast_to_malignant_OPC_NPC	1.033689158943887e-06	1.033689158943887e-06	0.0476302925017105	3.2712953	10.340924	0.7737702208439785	1.6603546908480955	magnitude_rank<=0.05
ndGBM	TIMP1_CD63_axis	TIMP1	CD63	TIMP1→CD63	Mural_Pericyte_Fibroblast	Malignant_cycling_candidate	Mural_Pericyte_Fibroblast → Malignant_cycling_candidate	microenvironment_to_malignant_or_cycling	mural_pericyte_fibroblast_to_malignant_cycling	1.9541528380158413e-06	1.9541528380158413e-06	0.0476302925017105	3.2280917	10.006384	0.7289205904373147	1.5334281050592935	magnitude_rank<=0.05
ndGBM	TIMP1_CD63_axis	TIMP1	CD63	TIMP1→CD63	Mural_Pericyte_Fibroblast	Malignant_AC_like_reactive_malignant	Mural_Pericyte_Fibroblast → Malignant_AC_like_reactive_malignant	microenvironment_to_malignant_or_cycling	mural_pericyte_fibroblast_to_malignant_AC_reactive	2.729199393921528e-06	2.729199393921528e-06	0.0476302925017105	3.1653929	9.520886	0.6638220268768231	1.4547846582312047	magnitude_rank<=0.05
ndGBM	TIMP1_CD63_axis	TIMP1	CD63	TIMP1→CD63	Mural_Pericyte_Fibroblast	Malignant_hypoxia_stress_malignant	Mural_Pericyte_Fibroblast → Malignant_hypoxia_stress_malignant	microenvironment_to_malignant_or_cycling	mural_pericyte_fibroblast_to_malignant_hypoxia_stress	3.1651358979800405e-06	3.1651358979800405e-06	0.0476302925017105	3.0518353	8.641571	0.545925457220178	1.3247314956012648	magnitude_rank<=0.05
ndGBM	TIMP1_CD63_axis	TIMP1	CD63	TIMP1→CD63	Mural_Pericyte_Fibroblast	Endothelial	Mural_Pericyte_Fibroblast → Endothelial	microenvironment_to_microenvironment	mural_pericyte_fibroblast_to_endothelial	4.133822135064318e-06	4.133822135064318e-06	0.0641054048088655	2.9580853	7.915633	0.4485952670944113	1.136270268977274	magnitude_rank<=0.05
ndGBM	TIMP1_CD63_axis	TIMP1	CD63	TIMP1→CD63	Mural_Pericyte_Fibroblast	Oligodendrocyte_myelinating	Mural_Pericyte_Fibroblast → Oligodendrocyte_myelinating	microenvironment_to_microenvironment	mural_pericyte_fibroblast_to_oligodendrocyte_reference	4.666565727070322e-06	4.666565727070322e-06	0.0765894991322689	2.916635	7.594671	0.405561059202018	1.1665144545189372	magnitude_rank<=0.05
ndGBM	TIMP1_CD63_axis	TIMP1	CD63	TIMP1→CD63	Malignant_hypoxia_stress_malignant	Mural_Pericyte_Fibroblast	Malignant_hypoxia_stress_malignant → Mural_Pericyte_Fibroblast	malignant_or_cycling_to_microenvironment	malignant_hypoxia_stress_to_mural_pericyte_fibroblast	1.0912787619565628e-05	1.0912787619565628e-05	0.1215182194916296	2.6015663	6.7407618	0.2328702585225736	0.3660012647634807	magnitude_rank<=0.05
ndGBM	TIMP1_CD63_axis	TIMP1	CD63	TIMP1→CD63	Malignant_OPC_NPC_like_malignant	Mural_Pericyte_Fibroblast	Malignant_OPC_NPC_like_malignant → Mural_Pericyte_Fibroblast	malignant_or_cycling_to_microenvironment	malignant_OPC_NPC_to_mural_pericyte_fibroblast	1.452721658020984e-05	1.452721658020984e-05	0.8596518029185735	2.5624166	6.5241036	0.2006488667268041	-0.2357212395099281	magnitude_rank<=0.05
ndGBM	TIMP1_CD63_axis	TIMP1	CD63	TIMP1→CD63	Malignant_hypoxia_stress_malignant	Malignant_OPC_NPC_like_malignant	Malignant_hypoxia_stress_malignant → Malignant_OPC_NPC_like_malignant	malignant_or_cycling_to_malignant_or_cycling	malignant_hypoxia_stress_to_malignant_OPC_NPC	1.757644425867774e-05	1.757644425867774e-05	0.137546578372987	2.553501	6.5065794	0.1829661353870335	0.4430702150161216	magnitude_rank<=0.05
ndGBM	TIMP1_CD63_axis	TIMP1	CD63	TIMP1→CD63	Malignant_OPC_NPC_like_malignant	Malignant_OPC_NPC_like_malignant	Malignant_OPC_NPC_like_malignant → Malignant_OPC_NPC_like_malignant	malignant_or_cycling_to_malignant_or_cycling	malignant_OPC_NPC_to_malignant_OPC_NPC	2.091564688523567e-05	2.091564688523567e-05	0.932825657319602	2.5143514	6.297448	0.150744743591264	-0.1586522892572872	magnitude_rank<=0.05
ndGBM	TIMP1_CD63_axis	TIMP1	CD63	TIMP1→CD63	Malignant_hypoxia_stress_malignant	Malignant_cycling_candidate	Malignant_hypoxia_stress_malignant → Malignant_cycling_candidate	malignant_or_cycling_to_malignant_or_cycling	malignant_hypoxia_stress_to_malignant_cycling	2.209314111951617e-05	2.209314111951617e-05	0.1552883735969133	2.5102973	6.296084	0.1381165049803698	0.3161436292273194	magnitude_rank<=0.05
ndGBM	TIMP1_CD63_axis	TIMP1	CD63	TIMP1→CD63	Malignant_OPC_NPC_like_malignant	Malignant_cycling_candidate	Malignant_OPC_NPC_like_malignant → Malignant_cycling_candidate	malignant_or_cycling_to_malignant_or_cycling	malignant_OPC_NPC_to_malignant_cycling	3.123729336858327e-05	3.123729336858327e-05	1.0	2.4711475	6.093718	0.1058951131846003	-0.2855788750460895	magnitude_rank<=0.05
ndGBM	TIMP1_CD63_axis	TIMP1	CD63	TIMP1→CD63	Malignant_hypoxia_stress_malignant	Malignant_AC_like_reactive_malignant	Malignant_hypoxia_stress_malignant → Malignant_AC_like_reactive_malignant	malignant_or_cycling_to_malignant_or_cycling	malignant_hypoxia_stress_to_malignant_AC_reactive	3.2672381209075504e-05	3.2672381209075504e-05	0.2941304859526892	2.4475985	5.9906054	0.0730179414198782	0.2375001823992306	magnitude_rank<=0.05
ndGBM	TIMP1_CD63_axis	TIMP1	CD63	TIMP1→CD63	Malignant_cycling_candidate	Mural_Pericyte_Fibroblast	Malignant_cycling_candidate → Mural_Pericyte_Fibroblast	malignant_or_cycling_to_microenvironment	malignant_cycling_to_mural_pericyte_fibroblast	3.873456965892812e-05	3.873456965892812e-05	1.0	2.4148118	5.707243	0.0791597636265955	-0.4756608364022259	magnitude_rank<=0.05
ndGBM	TIMP1_CD63_axis	TIMP1	CD63	TIMP1→CD63	Malignant_OPC_NPC_like_malignant	Malignant_AC_like_reactive_malignant	Malignant_OPC_NPC_like_malignant → Malignant_AC_like_reactive_malignant	malignant_or_cycling_to_malignant_or_cycling	malignant_OPC_NPC_to_malignant_AC_reactive	4.361907082929862e-05	4.361907082929862e-05	1.0	2.4084487	5.7980585	0.0407965496241087	-0.3642223218741782	magnitude_rank<=0.05
ndGBM	TIMP1_CD63_axis	TIMP1	CD63	TIMP1→CD63	Mural_Pericyte_Fibroblast	Malignant_NPC_neuronal_like_malignant	Mural_Pericyte_Fibroblast → Malignant_NPC_neuronal_like_malignant	microenvironment_to_malignant_or_cycling	mural_pericyte_fibroblast_to_malignant_NPC_neuronal	4.703624808661451e-05	4.703624808661451e-05	0.301960969515075	2.6085339	5.2089386	0.0856884382299915	0.690794815701554	magnitude_rank<=0.05
ndGBM	TIMP1_CD63_axis	TIMP1	CD63	TIMP1→CD63	Malignant_cycling_candidate	Malignant_OPC_NPC_like_malignant	Malignant_cycling_candidate → Malignant_OPC_NPC_like_malignant	malignant_or_cycling_to_malignant_or_cycling	malignant_cycling_to_malignant_OPC_NPC	5.4256527585615146e-05	5.4256527585615146e-05	1.0	2.3667464	5.508966	0.0292556404910554	-0.3985918861495849	magnitude_rank<=0.05
ndGBM	TIMP1_CD63_axis	TIMP1	CD63	TIMP1→CD63	Malignant_hypoxia_stress_malignant	Malignant_hypoxia_stress_malignant	Malignant_hypoxia_stress_malignant → Malignant_hypoxia_stress_malignant	malignant_or_cycling_to_malignant_or_cycling	malignant_hypoxia_stress_to_malignant_hypoxia_stress	7.67642627723779e-05	7.67642627723779e-05	1.0	2.3340409	5.437335	-0.0448786282367668	0.1074470197692907	magnitude_rank<=0.05
ndGBM	TIMP1_CD63_axis	TIMP1	CD63	TIMP1→CD63	Malignant_cycling_candidate	Malignant_cycling_candidate	Malignant_cycling_candidate → Malignant_cycling_candidate	malignant_or_cycling_to_malignant_or_cycling	malignant_cycling_to_malignant_cycling	8.82801127927559e-05	8.82801127927559e-05	1.0	2.3235426	5.3307447	-0.0155939899156082	-0.5255184719383872	magnitude_rank<=0.05
ndGBM	TIMP1_CD63_axis	TIMP1	CD63	TIMP1→CD63	Malignant_OPC_NPC_like_malignant	Malignant_hypoxia_stress_malignant	Malignant_OPC_NPC_like_malignant → Malignant_hypoxia_stress_malignant	malignant_or_cycling_to_malignant_or_cycling	malignant_OPC_NPC_to_malignant_hypoxia_stress	0.0001031586496951	0.0001031586496951	1.0	2.2948914	5.262571	-0.0771000200325363	-0.4942754845041182	magnitude_rank<=0.05
ndGBM	TIMP1_CD63_axis	TIMP1	CD63	TIMP1→CD63	Malignant_AC_like_reactive_malignant	Mural_Pericyte_Fibroblast	Malignant_AC_like_reactive_malignant → Mural_Pericyte_Fibroblast	malignant_or_cycling_to_microenvironment	malignant_AC_reactive_to_mural_pericyte_fibroblast	0.0001247936959294	0.0001247936959294	1.0	2.2667184	4.887678	-0.0427356980913789	-0.4662177966810112	magnitude_rank<=0.05
ndGBM	TIMP1_CD63_axis	TIMP1	CD63	TIMP1→CD63	Malignant_cycling_candidate	Malignant_AC_like_reactive_malignant	Malignant_cycling_candidate → Malignant_AC_like_reactive_malignant	malignant_or_cycling_to_malignant_or_cycling	malignant_cycling_to_malignant_AC_reactive	0.0001334360546229	0.0001334360546229	1.0	2.260844	5.0721035	-0.0806925534760998	-0.604161918766476	magnitude_rank<=0.05
ndGBM	TIMP1_CD63_axis	TIMP1	CD63	TIMP1→CD63	Malignant_hypoxia_stress_malignant	Endothelial	Malignant_hypoxia_stress_malignant → Endothelial	malignant_or_cycling_to_microenvironment	malignant_hypoxia_stress_to_endothelial	0.0001484811511416	0.0001484811511416	1.0	2.2402909	4.98057	-0.1422088183625335	-0.0810142068546999	magnitude_rank<=0.05
ndGBM	TIMP1_CD63_axis	TIMP1	CD63	TIMP1→CD63	Malignant_AC_like_reactive_malignant	Malignant_OPC_NPC_like_malignant	Malignant_AC_like_reactive_malignant → Malignant_OPC_NPC_like_malignant	malignant_or_cycling_to_malignant_or_cycling	malignant_AC_reactive_to_malignant_OPC_NPC	0.0001610941082173	0.0001610941082173	1.0	2.218653	4.717874	-0.092639821226919	-0.3891488464283703	magnitude_rank<=0.05
ndGBM	TIMP1_CD63_axis	TIMP1	CD63	TIMP1→CD63	Malignant_OPC_NPC_like_malignant	Endothelial	Malignant_OPC_NPC_like_malignant → Endothelial	malignant_or_cycling_to_microenvironment	malignant_OPC_NPC_to_endothelial	0.0001742196461254	0.0001742196461254	1.0	2.2011414	4.8204865	-0.1744302101583031	-0.6827367111281089	magnitude_rank<=0.05
ndGBM	TIMP1_CD63_axis	TIMP1	CD63	TIMP1→CD63	Malignant_hypoxia_stress_malignant	Oligodendrocyte_myelinating	Malignant_hypoxia_stress_malignant → Oligodendrocyte_myelinating	malignant_or_cycling_to_microenvironment	malignant_hypoxia_stress_to_oligodendrocyte_reference	0.0001775811193849	0.0001775811193849	1.0	2.1988406	4.778618	-0.1852430262549269	-0.0507700213130368	magnitude_rank<=0.05
ndGBM	TIMP1_CD63_axis	TIMP1	CD63	TIMP1→CD63	Malignant_AC_like_reactive_malignant	Malignant_cycling_candidate	Malignant_AC_like_reactive_malignant → Malignant_cycling_candidate	malignant_or_cycling_to_malignant_or_cycling	malignant_AC_reactive_to_malignant_cycling	0.0002056253424763	0.0002056253424763	1.0	2.1754494	4.565245	-0.1374894516335827	-0.5160754322171726	magnitude_rank<=0.05
ndGBM	TIMP1_CD63_axis	TIMP1	CD63	TIMP1→CD63	Malignant_OPC_NPC_like_malignant	Oligodendrocyte_myelinating	Malignant_OPC_NPC_like_malignant → Oligodendrocyte_myelinating	malignant_or_cycling_to_microenvironment	malignant_OPC_NPC_to_oligodendrocyte_reference	0.0002241930731364	0.0002241930731364	1.0	2.159691	4.625026	-0.2174644180506964	-0.6524925255864458	magnitude_rank<=0.05
ndGBM	TIMP1_CD63_axis	TIMP1	CD63	TIMP1→CD63	Malignant_cycling_candidate	Malignant_hypoxia_stress_malignant	Malignant_cycling_candidate → Malignant_hypoxia_stress_malignant	malignant_or_cycling_to_malignant_or_cycling	malignant_cycling_to_malignant_hypoxia_stress	0.0002555647014122	0.0002555647014122	1.0	2.1472864	4.6036625	-0.1985891231327449	-0.7342150813964159	magnitude_rank<=0.05
ndGBM	TIMP1_CD63_axis	TIMP1	CD63	TIMP1→CD63	Endothelial	Mural_Pericyte_Fibroblast	Endothelial → Mural_Pericyte_Fibroblast	microenvironment_to_microenvironment	endothelial_to_mural_pericyte_fibroblast	0.0002804360030185	0.0002804360030185	1.0	2.1214612	4.0838094	-0.1622939136678781	-0.5552179770076062	magnitude_rank<=0.05
ndGBM	TIMP1_CD63_axis	TIMP1	CD63	TIMP1→CD63	Malignant_AC_like_reactive_malignant	Malignant_AC_like_reactive_malignant	Malignant_AC_like_reactive_malignant → Malignant_AC_like_reactive_malignant	malignant_or_cycling_to_malignant_or_cycling	malignant_AC_reactive_to_malignant_AC_reactive	0.0002933029742981	0.0002933029742981	1.0	2.1127505	4.343745	-0.2025880151940743	-0.5947188790452613	magnitude_rank<=0.05
ndGBM	TIMP1_CD63_axis	TIMP1	CD63	TIMP1→CD63	Endothelial	Malignant_OPC_NPC_like_malignant	Endothelial → Malignant_OPC_NPC_like_malignant	microenvironment_to_malignant_or_cycling	endothelial_to_malignant_OPC_NPC	0.0003667800949707	0.0003667800949707	1.0	2.0733957	3.9419327	-0.2121980368034182	-0.4781490267549653	magnitude_rank<=0.05
ndGBM	TIMP1_CD63_axis	TIMP1	CD63	TIMP1→CD63	Malignant_cycling_candidate	Endothelial	Malignant_cycling_candidate → Endothelial	malignant_or_cycling_to_microenvironment	malignant_cycling_to_endothelial	0.0004117000981177	0.0004117000981177	1.0	2.0535364	4.2169304	-0.2959193132585117	-0.9226763080204066	magnitude_rank<=0.05
ndGBM	TIMP1_CD63_axis	TIMP1	CD63	TIMP1→CD63	Endothelial	Malignant_cycling_candidate	Endothelial → Malignant_cycling_candidate	microenvironment_to_malignant_or_cycling	endothelial_to_malignant_cycling	0.0004592016796124	0.0004592016796124	1.0	2.030192	3.8144066	-0.2570476672100819	-0.6050756125437675	magnitude_rank<=0.05
ndGBM	TIMP1_CD63_axis	TIMP1	CD63	TIMP1→CD63	Malignant_cycling_candidate	Oligodendrocyte_myelinating	Malignant_cycling_candidate → Oligodendrocyte_myelinating	malignant_or_cycling_to_microenvironment	malignant_cycling_to_oligodendrocyte_reference	0.0005265495859346	0.0005265495859346	1.0	2.0120864	4.0459423	-0.338953521150905	-0.8924321224787435	magnitude_rank<=0.05
ndGBM	TIMP1_CD63_axis	TIMP1	CD63	TIMP1→CD63	Malignant_AC_like_reactive_malignant	Malignant_hypoxia_stress_malignant	Malignant_AC_like_reactive_malignant → Malignant_hypoxia_stress_malignant	malignant_or_cycling_to_malignant_or_cycling	malignant_AC_reactive_to_malignant_hypoxia_stress	0.0005861727087268	0.0005861727087268	1.0	1.999193	3.9425726	-0.3204845848507194	-0.7247720416752013	magnitude_rank<=0.05
ndGBM	TIMP1_CD63_axis	TIMP1	CD63	TIMP1→CD63	Endothelial	Malignant_AC_like_reactive_malignant	Endothelial → Malignant_AC_like_reactive_malignant	microenvironment_to_malignant_or_cycling	endothelial_to_malignant_AC_reactive	0.000674984549237	0.000674984549237	1.0	1.9674933	3.6293364	-0.3221462307705735	-0.6837190593718563	magnitude_rank<=0.05
ndGBM	TIMP1_CD63_axis	TIMP1	CD63	TIMP1→CD63	Malignant_AC_like_reactive_malignant	Endothelial	Malignant_AC_like_reactive_malignant → Endothelial	malignant_or_cycling_to_microenvironment	malignant_AC_reactive_to_endothelial	0.0009013382470414	0.0009013382470414	1.0	1.905443	3.6113756	-0.4178147749764861	-0.913233268299192	magnitude_rank<=0.05
ndGBM	TIMP1_CD63_axis	TIMP1	CD63	TIMP1→CD63	Malignant_hypoxia_stress_malignant	Malignant_NPC_neuronal_like_malignant	Malignant_hypoxia_stress_malignant → Malignant_NPC_neuronal_like_malignant	malignant_or_cycling_to_malignant_or_cycling	malignant_hypoxia_stress_to_malignant_NPC_neuronal	0.0009866398733154	0.0009866398733154	1.0	1.8907394	3.277499	-0.5051156472269533	-0.5264896601304201	magnitude_rank<=0.05
ndGBM	TIMP1_CD63_axis	TIMP1	CD63	TIMP1→CD63	Malignant_AC_like_reactive_malignant	Oligodendrocyte_myelinating	Malignant_AC_like_reactive_malignant → Oligodendrocyte_myelinating	malignant_or_cycling_to_microenvironment	malignant_AC_reactive_to_oligodendrocyte_reference	0.0011773609917506	0.0011773609917506	1.0	1.8639928	3.4649417	-0.4608489828688794	-0.8829890827575289	magnitude_rank<=0.05
ndGBM	TIMP1_CD63_axis	TIMP1	CD63	TIMP1→CD63	Endothelial	Malignant_hypoxia_stress_malignant	Endothelial → Malignant_hypoxia_stress_malignant	microenvironment_to_malignant_or_cycling	endothelial_to_malignant_hypoxia_stress	0.0012925490392662	0.0012925490392662	1.0	1.8539357	3.294144	-0.4400428004272185	-0.8137722220017962	magnitude_rank<=0.05
ndGBM	TIMP1_CD63_axis	TIMP1	CD63	TIMP1→CD63	Malignant_OPC_NPC_like_malignant	Malignant_NPC_neuronal_like_malignant	Malignant_OPC_NPC_like_malignant → Malignant_NPC_neuronal_like_malignant	malignant_or_cycling_to_malignant_or_cycling	malignant_OPC_NPC_to_malignant_NPC_neuronal	0.0013016303091589	0.0013016303091589	1.0	1.8515898	3.1721554	-0.5373370390227229	-1.128212164403829	magnitude_rank<=0.05
ndGBM	TIMP1_CD63_axis	TIMP1	CD63	TIMP1→CD63	Endothelial	Endothelial	Endothelial → Endothelial	microenvironment_to_microenvironment	endothelial_to_endothelial	0.0027103104615258	0.0027103104615258	1.0	1.7601857	3.0174184	-0.5373729905529854	-1.002233448625787	magnitude_rank<=0.05
ndGBM	TIMP1_CD63_axis	TIMP1	CD63	TIMP1→CD63	Endothelial	Oligodendrocyte_myelinating	Endothelial → Oligodendrocyte_myelinating	microenvironment_to_microenvironment	endothelial_to_oligodendrocyte_reference	0.0037941982350546	0.0037941982350546	1.0	1.7187356	2.8950682	-0.5804071984453787	-0.9719892630841238	magnitude_rank<=0.05
ndGBM	TIMP1_CD63_axis	TIMP1	CD63	TIMP1→CD63	Malignant_cycling_candidate	Malignant_NPC_neuronal_like_malignant	Malignant_cycling_candidate → Malignant_NPC_neuronal_like_malignant	malignant_or_cycling_to_malignant_or_cycling	malignant_cycling_to_malignant_NPC_neuronal	0.0042223946577274	0.0042223946577274	1.0	1.703985	2.7749805	-0.6588261421229316	-1.3681517612961267	magnitude_rank<=0.05
ndGBM	TIMP1_CD63_axis	TIMP1	CD63	TIMP1→CD63	Oligodendrocyte_myelinating	Mural_Pericyte_Fibroblast	Oligodendrocyte_myelinating → Mural_Pericyte_Fibroblast	microenvironment_to_microenvironment	oligodendrocyte_reference_to_mural_pericyte_fibroblast	0.005660712859992	0.005660712859992	1.0	1.6854111	1.6706626	-0.5211985621100433	-1.3570431706291703	magnitude_rank<=0.05
ndGBM	TIMP1_CD63_axis	TIMP1	CD63	TIMP1→CD63	Malignant_NPC_neuronal_like_malignant	Mural_Pericyte_Fibroblast	Malignant_NPC_neuronal_like_malignant → Mural_Pericyte_Fibroblast	malignant_or_cycling_to_microenvironment	malignant_NPC_neuronal_to_mural_pericyte_fibroblast	0.006179518734448	0.006179518734448	1.0	1.6771213	1.6247861	-0.5280219345453484	-1.2941229617658976	magnitude_rank<=0.05
ndGBM	TIMP1_CD63_axis	TIMP1	CD63	TIMP1→CD63	Oligodendrocyte_myelinating	Malignant_OPC_NPC_like_malignant	Oligodendrocyte_myelinating → Malignant_OPC_NPC_like_malignant	microenvironment_to_malignant_or_cycling	oligodendrocyte_reference_to_malignant_OPC_NPC	0.0063773324704109	0.0063773324704109	1.0	1.6373457	1.6126217	-0.5711026852455834	-1.2799742203765294	magnitude_rank<=0.05
ndGBM	TIMP1_CD63_axis	TIMP1	CD63	TIMP1→CD63	Malignant_NPC_neuronal_like_malignant	Malignant_OPC_NPC_like_malignant	Malignant_NPC_neuronal_like_malignant → Malignant_OPC_NPC_like_malignant	malignant_or_cycling_to_malignant_or_cycling	malignant_NPC_neuronal_to_malignant_OPC_NPC	0.0072203074314442	0.0072203074314442	1.0	1.6290559	1.568339	-0.5779260576808884	-1.2170540115132569	magnitude_rank<=0.05
ndGBM	TIMP1_CD63_axis	TIMP1	CD63	TIMP1→CD63	Oligodendrocyte_myelinating	Malignant_cycling_candidate	Oligodendrocyte_myelinating → Malignant_cycling_candidate	microenvironment_to_malignant_or_cycling	oligodendrocyte_reference_to_malignant_cycling	0.0078254358785938	0.0078254358785938	1.0	1.594142	1.5604515	-0.6159523156522472	-1.4069008061653316	magnitude_rank<=0.05
ndGBM	TIMP1_CD63_axis	TIMP1	CD63	TIMP1→CD63	Malignant_NPC_neuronal_like_malignant	Malignant_cycling_candidate	Malignant_NPC_neuronal_like_malignant → Malignant_cycling_candidate	malignant_or_cycling_to_malignant_or_cycling	malignant_NPC_neuronal_to_malignant_cycling	0.0082949180720056	0.0082949180720056	1.0	1.5858521	1.5176014	-0.6227756880875522	-1.3439805973020589	magnitude_rank<=0.05
ndGBM	TIMP1_CD63_axis	TIMP1	CD63	TIMP1→CD63	Malignant_AC_like_reactive_malignant	Malignant_NPC_neuronal_like_malignant	Malignant_AC_like_reactive_malignant → Malignant_NPC_neuronal_like_malignant	malignant_or_cycling_to_malignant_or_cycling	malignant_AC_reactive_to_malignant_NPC_neuronal	0.0093459561595217	0.0093459561595217	1.0	1.5558915	2.376491	-0.7807216038409059	-1.358708721574912	magnitude_rank<=0.05
ndGBM	TIMP1_CD63_axis	TIMP1	CD63	TIMP1→CD63	Oligodendrocyte_myelinating	Malignant_AC_like_reactive_malignant	Oligodendrocyte_myelinating → Malignant_AC_like_reactive_malignant	microenvironment_to_malignant_or_cycling	oligodendrocyte_reference_to_malignant_AC_reactive	0.0103063414256782	0.0103063414256782	1.0	1.5314432	1.4847404	-0.6810508792127388	-1.4855442529934204	magnitude_rank<=0.05
ndGBM	TIMP1_CD63_axis	TIMP1	CD63	TIMP1→CD63	Malignant_NPC_neuronal_like_malignant	Malignant_AC_like_reactive_malignant	Malignant_NPC_neuronal_like_malignant → Malignant_AC_like_reactive_malignant	malignant_or_cycling_to_malignant_or_cycling	malignant_NPC_neuronal_to_malignant_AC_reactive	0.0106110612484165	0.0106110612484165	1.0	1.5231534	1.4439692	-0.6878742516480438	-1.4226240441301476	magnitude_rank<=0.05
ndGBM	TIMP1_CD63_axis	TIMP1	CD63	TIMP1→CD63	Oligodendrocyte_myelinating	Malignant_hypoxia_stress_malignant	Oligodendrocyte_myelinating → Malignant_hypoxia_stress_malignant	microenvironment_to_malignant_or_cycling	oligodendrocyte_reference_to_malignant_hypoxia_stress	0.0179369227014741	0.0179369227014741	1.0	1.4178857	1.3476151	-0.7989474488693838	-1.6155974156233603	magnitude_rank<=0.05
ndGBM	TIMP1_CD63_axis	TIMP1	CD63	TIMP1→CD63	Endothelial	Malignant_NPC_neuronal_like_malignant	Endothelial → Malignant_NPC_neuronal_like_malignant	microenvironment_to_malignant_or_cycling	endothelial_to_malignant_NPC_neuronal	0.0185022433101994	0.0185022433101994	1.0	1.4106343	1.9856334	-0.9002798194174051	-1.447708901901507	magnitude_rank<=0.05
ndGBM	TIMP1_CD63_axis	TIMP1	CD63	TIMP1→CD63	Malignant_NPC_neuronal_like_malignant	Malignant_hypoxia_stress_malignant	Malignant_NPC_neuronal_like_malignant → Malignant_hypoxia_stress_malignant	malignant_or_cycling_to_malignant_or_cycling	malignant_NPC_neuronal_to_malignant_hypoxia_stress	0.0185357617755681	0.0185357617755681	1.0	1.4095958	1.3106095	-0.8057708213046889	-1.5526772067600876	magnitude_rank<=0.05
ndGBM	TIMP1_CD63_axis	TIMP1	CD63	TIMP1→CD63	Oligodendrocyte_myelinating	Endothelial	Oligodendrocyte_myelinating → Endothelial	microenvironment_to_microenvironment	oligodendrocyte_reference_to_endothelial	0.0266179695860155	0.0266179695860155	1.0	1.3241357	1.2344083	-0.8962776389951506	-1.804058642247351	magnitude_rank<=0.05
ndGBM	TIMP1_CD63_axis	TIMP1	CD63	TIMP1→CD63	Malignant_NPC_neuronal_like_malignant	Endothelial	Malignant_NPC_neuronal_like_malignant → Endothelial	malignant_or_cycling_to_microenvironment	malignant_NPC_neuronal_to_endothelial	0.0277469690235299	0.0277469690235299	1.0	1.3158458	1.2005113	-0.9031010114304556	-1.7411384333840785	magnitude_rank<=0.05
ndGBM	TIMP1_CD63_axis	TIMP1	CD63	TIMP1→CD63	Oligodendrocyte_myelinating	Oligodendrocyte_myelinating	Oligodendrocyte_myelinating → Oligodendrocyte_myelinating	microenvironment_to_microenvironment	oligodendrocyte_reference_to_oligodendrocyte_reference	0.0319185081911668	0.0319185081911668	1.0	1.2826855	1.1843556	-0.939311846887544	-1.773814456705688	magnitude_rank<=0.05
ndGBM	TIMP1_CD63_axis	TIMP1	CD63	TIMP1→CD63	Malignant_NPC_neuronal_like_malignant	Oligodendrocyte_myelinating	Malignant_NPC_neuronal_like_malignant → Oligodendrocyte_myelinating	malignant_or_cycling_to_microenvironment	malignant_NPC_neuronal_to_oligodendrocyte_reference	0.0330602902405475	0.0330602902405475	1.0	1.2743957	1.151833	-0.9461352193228488	-1.7108942478424152	magnitude_rank<=0.05
rGBM	TIMP1_CD63_axis	TIMP1	CD63	TIMP1→CD63	Mural_Pericyte_Fibroblast	Malignant_AC_like_reactive_malignant	Mural_Pericyte_Fibroblast → Malignant_AC_like_reactive_malignant	microenvironment_to_malignant_or_cycling	mural_pericyte_fibroblast_to_malignant_AC_reactive	2.055493540546422e-05	2.055493540546422e-05	0.0920715051666747	2.5942883	6.511926	0.3924825927876488	1.210440793201612	magnitude_rank<=0.05
rGBM	TIMP1_CD63_axis	TIMP1	CD63	TIMP1→CD63	Mural_Pericyte_Fibroblast	Malignant_OPC_NPC_like_malignant	Mural_Pericyte_Fibroblast → Malignant_OPC_NPC_like_malignant	microenvironment_to_malignant_or_cycling	mural_pericyte_fibroblast_to_malignant_OPC_NPC	2.1457871535167563e-05	2.1457871535167563e-05	0.0923515348878127	2.5932698	6.5075936	0.3912984227639391	1.2613337906789004	magnitude_rank<=0.05
rGBM	TIMP1_CD63_axis	TIMP1	CD63	TIMP1→CD63	Malignant_AC_like_reactive_malignant	Malignant_AC_like_reactive_malignant	Malignant_AC_like_reactive_malignant → Malignant_AC_like_reactive_malignant	malignant_or_cycling_to_malignant_or_cycling	malignant_AC_reactive_to_malignant_AC_reactive	2.526347943793876e-05	2.526347943793876e-05	0.0977294645451041	2.5786004	6.415865	0.3752783165862968	0.489202375441981	magnitude_rank<=0.05
rGBM	TIMP1_CD63_axis	TIMP1	CD63	TIMP1→CD63	Malignant_AC_like_reactive_malignant	Malignant_OPC_NPC_like_malignant	Malignant_AC_like_reactive_malignant → Malignant_OPC_NPC_like_malignant	malignant_or_cycling_to_malignant_or_cycling	malignant_AC_reactive_to_malignant_OPC_NPC	2.626334086718616e-05	2.626334086718616e-05	0.0979897292866953	2.577582	6.4115963	0.3740941465625872	0.5400953729192695	magnitude_rank<=0.05
rGBM	TIMP1_CD63_axis	TIMP1	CD63	TIMP1→CD63	Mural_Pericyte_Fibroblast	Oligodendrocyte_myelinating	Mural_Pericyte_Fibroblast → Oligodendrocyte_myelinating	microenvironment_to_microenvironment	mural_pericyte_fibroblast_to_oligodendrocyte_reference	3.380497356118877e-05	3.380497356118877e-05	0.105456176644349	2.542683	6.2924023	0.3325092996724812	1.111984982314277	magnitude_rank<=0.05
rGBM	TIMP1_CD63_axis	TIMP1	CD63	TIMP1→CD63	Malignant_AC_like_reactive_malignant	Oligodendrocyte_myelinating	Malignant_AC_like_reactive_malignant → Oligodendrocyte_myelinating	malignant_or_cycling_to_microenvironment	malignant_AC_reactive_to_oligodendrocyte_reference	4.1024769970409424e-05	4.1024769970409424e-05	0.1112135701213421	2.526995	6.1995792	0.3153050234711292	0.3907465645546459	magnitude_rank<=0.05
rGBM	TIMP1_CD63_axis	TIMP1	CD63	TIMP1→CD63	Mural_Pericyte_Fibroblast	Malignant_cycling_candidate	Mural_Pericyte_Fibroblast → Malignant_cycling_candidate	microenvironment_to_malignant_or_cycling	mural_pericyte_fibroblast_to_malignant_cycling	4.489610556215515e-05	4.489610556215515e-05	0.1113210358172111	2.5205402	6.1982093	0.3067734021571833	1.1082608022538454	magnitude_rank<=0.05
rGBM	TIMP1_CD63_axis	TIMP1	CD63	TIMP1→CD63	Malignant_AC_like_reactive_malignant	Malignant_cycling_candidate	Malignant_AC_like_reactive_malignant → Malignant_cycling_candidate	malignant_or_cycling_to_malignant_or_cycling	malignant_AC_reactive_to_malignant_cycling	4.757380193072315e-05	4.757380193072315e-05	0.1181374765284716	2.5048523	6.1067758	0.2895691259558314	0.3870223844942144	magnitude_rank<=0.05
rGBM	TIMP1_CD63_axis	TIMP1	CD63	TIMP1→CD63	Endothelial	Malignant_AC_like_reactive_malignant	Endothelial → Malignant_AC_like_reactive_malignant	microenvironment_to_malignant_or_cycling	endothelial_to_malignant_AC_reactive	0.0001049335197803	0.0001049335197803	0.2191023501507097	2.3670814	5.1206813	0.143285504865343	0.1382524173513759	magnitude_rank<=0.05
rGBM	TIMP1_CD63_axis	TIMP1	CD63	TIMP1→CD63	Endothelial	Malignant_OPC_NPC_like_malignant	Endothelial → Malignant_OPC_NPC_like_malignant	microenvironment_to_malignant_or_cycling	endothelial_to_malignant_OPC_NPC	0.0001069588244186	0.0001069588244186	0.2196984250296652	2.3660629	5.1172743	0.1421013348416334	0.1891454148286644	magnitude_rank<=0.05
rGBM	TIMP1_CD63_axis	TIMP1	CD63	TIMP1→CD63	Malignant_hypoxia_stress_malignant	Malignant_AC_like_reactive_malignant	Malignant_hypoxia_stress_malignant → Malignant_AC_like_reactive_malignant	malignant_or_cycling_to_malignant_or_cycling	malignant_hypoxia_stress_to_malignant_AC_reactive	0.0001090034425216	0.0001090034425216	0.2207744237393931	2.3645403	5.1051216	0.1404988448499096	0.1946281672309735	magnitude_rank<=0.05
rGBM	TIMP1_CD63_axis	TIMP1	CD63	TIMP1→CD63	Malignant_hypoxia_stress_malignant	Malignant_OPC_NPC_like_malignant	Malignant_hypoxia_stress_malignant → Malignant_OPC_NPC_like_malignant	malignant_or_cycling_to_malignant_or_cycling	malignant_hypoxia_stress_to_malignant_OPC_NPC	0.0001110673728107	0.0001110673728107	0.2214339212024828	2.3635218	5.101725	0.1393146748261999	0.245521164708262	magnitude_rank<=0.05
rGBM	TIMP1_CD63_axis	TIMP1	CD63	TIMP1→CD63	Malignant_OPC_NPC_like_malignant	Malignant_AC_like_reactive_malignant	Malignant_OPC_NPC_like_malignant → Malignant_AC_like_reactive_malignant	malignant_or_cycling_to_malignant_or_cycling	malignant_OPC_NPC_to_malignant_AC_reactive	0.0001238564388593	0.0001238564388593	0.3671945182196254	2.3459811	4.991478	0.1201433867329465	0.0145676000818701	magnitude_rank<=0.05
rGBM	TIMP1_CD63_axis	TIMP1	CD63	TIMP1→CD63	Malignant_OPC_NPC_like_malignant	Malignant_OPC_NPC_like_malignant	Malignant_OPC_NPC_like_malignant → Malignant_OPC_NPC_like_malignant	malignant_or_cycling_to_malignant_or_cycling	malignant_OPC_NPC_to_malignant_OPC_NPC	0.0001260555186538	0.0001260555186538	0.2408268198780722	2.3449626	4.9881573	0.1189592167092368	0.0654605975591586	magnitude_rank<=0.05
rGBM	TIMP1_CD63_axis	TIMP1	CD63	TIMP1→CD63	Mural_Pericyte_Fibroblast	Mural_Pericyte_Fibroblast	Mural_Pericyte_Fibroblast → Mural_Pericyte_Fibroblast	microenvironment_to_microenvironment	mural_pericyte_fibroblast_to_mural_pericyte_fibroblast	0.0001327685646729	0.0001327685646729	0.7296138208725121	2.3298419	5.3869977	0.0851550600281989	0.8277804239602611	magnitude_rank<=0.05
rGBM	TIMP1_CD63_axis	TIMP1	CD63	TIMP1→CD63	Malignant_cycling_candidate	Malignant_AC_like_reactive_malignant	Malignant_cycling_candidate → Malignant_AC_like_reactive_malignant	malignant_or_cycling_to_malignant_or_cycling	malignant_cycling_to_malignant_AC_reactive	0.0001373404214304	0.0001373404214304	0.5728107599710835	2.3162076	4.8091683	0.0874850470929627	-0.0346598618383995	magnitude_rank<=0.05
rGBM	TIMP1_CD63_axis	TIMP1	CD63	TIMP1→CD63	Endothelial	Oligodendrocyte_myelinating	Endothelial → Oligodendrocyte_myelinating	microenvironment_to_microenvironment	endothelial_to_oligodendrocyte_reference	0.0001396553102627	0.0001396553102627	0.6749169535193581	2.315476	4.9480577	0.0833122117501754	0.0397966064640409	magnitude_rank<=0.05
rGBM	TIMP1_CD63_axis	TIMP1	CD63	TIMP1→CD63	Malignant_cycling_candidate	Malignant_OPC_NPC_like_malignant	Malignant_cycling_candidate → Malignant_OPC_NPC_like_malignant	malignant_or_cycling_to_malignant_or_cycling	malignant_cycling_to_malignant_OPC_NPC	0.0001419894604512	0.0001419894604512	0.3596230784384063	2.3151891	4.8059688	0.086300877069253	0.0162331356388889	magnitude_rank<=0.05
rGBM	TIMP1_CD63_axis	TIMP1	CD63	TIMP1→CD63	Malignant_AC_like_reactive_malignant	Mural_Pericyte_Fibroblast	Malignant_AC_like_reactive_malignant → Mural_Pericyte_Fibroblast	malignant_or_cycling_to_microenvironment	malignant_AC_reactive_to_mural_pericyte_fibroblast	0.0001467156715074	0.0001467156715074	0.3603143702742379	2.314154	5.307531	0.067950783826847	0.1065420062006301	magnitude_rank<=0.05
rGBM	TIMP1_CD63_axis	TIMP1	CD63	TIMP1→CD63	Malignant_hypoxia_stress_malignant	Oligodendrocyte_myelinating	Malignant_hypoxia_stress_malignant → Oligodendrocyte_myelinating	malignant_or_cycling_to_microenvironment	malignant_hypoxia_stress_to_oligodendrocyte_reference	0.0001491077303646	0.0001491077303646	0.3238260912501969	2.3129349	4.9330225	0.080525551734742	0.0961723563436385	magnitude_rank<=0.05
rGBM	TIMP1_CD63_axis	TIMP1	CD63	TIMP1→CD63	Malignant_OPC_NPC_like_malignant	Oligodendrocyte_myelinating	Malignant_OPC_NPC_like_malignant → Oligodendrocyte_myelinating	malignant_or_cycling_to_microenvironment	malignant_OPC_NPC_to_oligodendrocyte_reference	0.0001588687772405	0.0001588687772405	0.8212716390137238	2.2943757	4.8232102	0.0601700936177789	-0.0838882108054648	magnitude_rank<=0.05
rGBM	TIMP1_CD63_axis	TIMP1	CD63	TIMP1→CD63	Endothelial	Malignant_cycling_candidate	Endothelial → Malignant_cycling_candidate	microenvironment_to_malignant_or_cycling	endothelial_to_malignant_cycling	0.0001613572346091	0.0001613572346091	0.7296138208725121	2.2933333	4.8739886	0.0575763142348776	0.0360724264036094	magnitude_rank<=0.05
rGBM	TIMP1_CD63_axis	TIMP1	CD63	TIMP1→CD63	Malignant_hypoxia_stress_malignant	Malignant_cycling_candidate	Malignant_hypoxia_stress_malignant → Malignant_cycling_candidate	malignant_or_cycling_to_malignant_or_cycling	malignant_hypoxia_stress_to_malignant_cycling	0.0001638650101489	0.0001638650101489	0.4120954156519123	2.2907922	4.8591785	0.0547896542194441	0.092448176283207	magnitude_rank<=0.05
rGBM	TIMP1_CD63_axis	TIMP1	CD63	TIMP1→CD63	Malignant_OPC_NPC_like_malignant	Malignant_cycling_candidate	Malignant_OPC_NPC_like_malignant → Malignant_cycling_candidate	malignant_or_cycling_to_malignant_or_cycling	malignant_OPC_NPC_to_malignant_cycling	0.0001740888437673	0.0001740888437673	0.8406909881483656	2.272233	4.75101	0.034434196102481	-0.0876123908658963	magnitude_rank<=0.05
rGBM	TIMP1_CD63_axis	TIMP1	CD63	TIMP1→CD63	Malignant_cycling_candidate	Oligodendrocyte_myelinating	Malignant_cycling_candidate → Oligodendrocyte_myelinating	malignant_or_cycling_to_microenvironment	malignant_cycling_to_oligodendrocyte_reference	0.0001766929778248	0.0001766929778248	1.0	2.2646022	4.647046	0.0275117539777951	-0.1331156727257345	magnitude_rank<=0.05
rGBM	TIMP1_CD63_axis	TIMP1	CD63	TIMP1→CD63	Mural_Pericyte_Fibroblast	Malignant_hypoxia_stress_malignant	Mural_Pericyte_Fibroblast → Malignant_hypoxia_stress_malignant	microenvironment_to_malignant_or_cycling	mural_pericyte_fibroblast_to_malignant_hypoxia_stress	0.0001900028602802	0.0001900028602802	0.9567559866267648	2.25276	5.059099	-0.004425490264943	0.7367267924292078	magnitude_rank<=0.05
rGBM	TIMP1_CD63_axis	TIMP1	CD63	TIMP1→CD63	Malignant_cycling_candidate	Malignant_cycling_candidate	Malignant_cycling_candidate → Malignant_cycling_candidate	malignant_or_cycling_to_malignant_or_cycling	malignant_cycling_to_malignant_cycling	0.0002037944222812	0.0002037944222812	1.0	2.2424595	4.577483	0.0017758564624972	-0.136839852786166	magnitude_rank<=0.05
rGBM	TIMP1_CD63_axis	TIMP1	CD63	TIMP1→CD63	Malignant_AC_like_reactive_malignant	Malignant_hypoxia_stress_malignant	Malignant_AC_like_reactive_malignant → Malignant_hypoxia_stress_malignant	malignant_or_cycling_to_malignant_or_cycling	malignant_AC_reactive_to_malignant_hypoxia_stress	0.0002180675821696	0.0002180675821696	1.0	2.237072	4.9844694	-0.0216297664662949	0.0154883746695768	magnitude_rank<=0.05
rGBM	TIMP1_CD63_axis	TIMP1	CD63	TIMP1→CD63	Endothelial	Mural_Pericyte_Fibroblast	Endothelial → Mural_Pericyte_Fibroblast	microenvironment_to_microenvironment	endothelial_to_mural_pericyte_fibroblast	0.000398927766513	0.000398927766513	1.0	2.102635	4.236089	-0.1640420278941067	-0.2444079518899748	magnitude_rank<=0.05
rGBM	TIMP1_CD63_axis	TIMP1	CD63	TIMP1→CD63	Malignant_hypoxia_stress_malignant	Mural_Pericyte_Fibroblast	Malignant_hypoxia_stress_malignant → Mural_Pericyte_Fibroblast	malignant_or_cycling_to_microenvironment	malignant_hypoxia_stress_to_mural_pericyte_fibroblast	0.0004028589301236	0.0004028589301236	1.0	2.1000938	4.2232175	-0.1668286879095402	-0.1880322020103773	magnitude_rank<=0.05
rGBM	TIMP1_CD63_axis	TIMP1	CD63	TIMP1→CD63	Mural_Pericyte_Fibroblast	Endothelial	Mural_Pericyte_Fibroblast → Endothelial	microenvironment_to_microenvironment	mural_pericyte_fibroblast_to_endothelial	0.000406809224801	0.000406809224801	1.0	2.0968735	4.395974	-0.1855877671360988	0.4271493393417602	magnitude_rank<=0.05
rGBM	TIMP1_CD63_axis	TIMP1	CD63	TIMP1→CD63	Malignant_OPC_NPC_like_malignant	Mural_Pericyte_Fibroblast	Malignant_OPC_NPC_like_malignant → Mural_Pericyte_Fibroblast	malignant_or_cycling_to_microenvironment	malignant_OPC_NPC_to_mural_pericyte_fibroblast	0.0004391023803118	0.0004391023803118	1.0	2.0815346	4.1292057	-0.1871841460265033	-0.3680927691594806	magnitude_rank<=0.05
rGBM	TIMP1_CD63_axis	TIMP1	CD63	TIMP1→CD63	Malignant_AC_like_reactive_malignant	Endothelial	Malignant_AC_like_reactive_malignant → Endothelial	malignant_or_cycling_to_microenvironment	malignant_AC_reactive_to_endothelial	0.0004432253566933	0.0004432253566933	1.0	2.0811856	4.331126	-0.2027920433374508	-0.2940890784178707	magnitude_rank<=0.05
rGBM	TIMP1_CD63_axis	TIMP1	CD63	TIMP1→CD63	Malignant_cycling_candidate	Mural_Pericyte_Fibroblast	Malignant_cycling_candidate → Mural_Pericyte_Fibroblast	malignant_or_cycling_to_microenvironment	malignant_cycling_to_mural_pericyte_fibroblast	0.0005162480869528	0.0005162480869528	1.0	2.0517612	3.9783895	-0.2198424856664871	-0.4173202310797503	magnitude_rank<=0.05
rGBM	TIMP1_CD63_axis	TIMP1	CD63	TIMP1→CD63	Endothelial	Malignant_hypoxia_stress_malignant	Endothelial → Malignant_hypoxia_stress_malignant	microenvironment_to_malignant_or_cycling	endothelial_to_malignant_hypoxia_stress	0.0006044114806253	0.0006044114806253	1.0	2.0255532	3.9782443	-0.2536225781872488	-0.3354615834210281	magnitude_rank<=0.05
rGBM	TIMP1_CD63_axis	TIMP1	CD63	TIMP1→CD63	Malignant_hypoxia_stress_malignant	Malignant_hypoxia_stress_malignant	Malignant_hypoxia_stress_malignant → Malignant_hypoxia_stress_malignant	malignant_or_cycling_to_malignant_or_cycling	malignant_hypoxia_stress_to_malignant_hypoxia_stress	0.0006140937519364	0.0006140937519364	1.0	2.0230122	3.9661562	-0.2564092382026822	-0.2790858335414306	magnitude_rank<=0.05
rGBM	TIMP1_CD63_axis	TIMP1	CD63	TIMP1→CD63	Mural_Pericyte_Fibroblast	Malignant_NPC_neuronal_like_malignant	Mural_Pericyte_Fibroblast → Malignant_NPC_neuronal_like_malignant	microenvironment_to_malignant_or_cycling	mural_pericyte_fibroblast_to_malignant_NPC_neuronal	0.0006737931562243	0.0006737931562243	1.0	2.0118887	4.0344577	-0.284352936188567	0.4353091592945104	magnitude_rank<=0.05
rGBM	TIMP1_CD63_axis	TIMP1	CD63	TIMP1→CD63	Malignant_OPC_NPC_like_malignant	Malignant_hypoxia_stress_malignant	Malignant_OPC_NPC_like_malignant → Malignant_hypoxia_stress_malignant	malignant_or_cycling_to_malignant_or_cycling	malignant_OPC_NPC_to_malignant_hypoxia_stress	0.0007630773326447	0.0007630773326447	1.0	2.0044527	3.8778667	-0.2767646963196453	-0.4591464006905339	magnitude_rank<=0.05
rGBM	TIMP1_CD63_axis	TIMP1	CD63	TIMP1→CD63	Malignant_AC_like_reactive_malignant	Malignant_NPC_neuronal_like_malignant	Malignant_AC_like_reactive_malignant → Malignant_NPC_neuronal_like_malignant	malignant_or_cycling_to_malignant_or_cycling	malignant_AC_reactive_to_malignant_NPC_neuronal	0.0008125792705176	0.0008125792705176	1.0	1.9962008	3.974943	-0.3015572123899189	-0.2859292584651205	magnitude_rank<=0.05
rGBM	TIMP1_CD63_axis	TIMP1	CD63	TIMP1→CD63	Malignant_cycling_candidate	Malignant_hypoxia_stress_malignant	Malignant_cycling_candidate → Malignant_hypoxia_stress_malignant	malignant_or_cycling_to_malignant_or_cycling	malignant_cycling_to_malignant_hypoxia_stress	0.0009340913717726	0.0009340913717726	1.0	1.9746794	3.7362309	-0.3094230359596291	-0.5083738626108036	magnitude_rank<=0.05
rGBM	TIMP1_CD63_axis	TIMP1	CD63	TIMP1→CD63	Oligodendrocyte_myelinating	Malignant_AC_like_reactive_malignant	Oligodendrocyte_myelinating → Malignant_AC_like_reactive_malignant	microenvironment_to_malignant_or_cycling	oligodendrocyte_reference_to_malignant_AC_reactive	0.0015885810056924	0.0015885810056924	1.0	1.950114	2.5674844	-0.3140398596447686	-0.5098768439429527	magnitude_rank<=0.05
rGBM	TIMP1_CD63_axis	TIMP1	CD63	TIMP1→CD63	Oligodendrocyte_myelinating	Malignant_OPC_NPC_like_malignant	Oligodendrocyte_myelinating → Malignant_OPC_NPC_like_malignant	microenvironment_to_malignant_or_cycling	oligodendrocyte_reference_to_malignant_OPC_NPC	0.0015963809235897	0.0015963809235897	1.0	1.9490955	2.565776	-0.3152240296684783	-0.4589838464656642	magnitude_rank<=0.05
rGBM	TIMP1_CD63_axis	TIMP1	CD63	TIMP1→CD63	Oligodendrocyte_myelinating	Oligodendrocyte_myelinating	Oligodendrocyte_myelinating → Oligodendrocyte_myelinating	microenvironment_to_microenvironment	oligodendrocyte_reference_to_oligodendrocyte_reference	0.0018141275122952	0.0018141275122952	1.0	1.8985087	2.4809318	-0.3740131527599362	-0.6083326548302878	magnitude_rank<=0.05
rGBM	TIMP1_CD63_axis	TIMP1	CD63	TIMP1→CD63	Oligodendrocyte_myelinating	Malignant_cycling_candidate	Oligodendrocyte_myelinating → Malignant_cycling_candidate	microenvironment_to_malignant_or_cycling	oligodendrocyte_reference_to_malignant_cycling	0.0018982710541574	0.0018982710541574	1.0	1.8763659	2.443794	-0.3997490502752341	-0.6120568348907193	magnitude_rank<=0.05
rGBM	TIMP1_CD63_axis	TIMP1	CD63	TIMP1→CD63	Endothelial	Endothelial	Endothelial → Endothelial	microenvironment_to_microenvironment	endothelial_to_endothelial	0.001966945218863	0.001966945218863	1.0	1.8696667	3.456793	-0.4347848550584046	-0.6450390365084757	magnitude_rank<=0.05
rGBM	TIMP1_CD63_axis	TIMP1	CD63	TIMP1→CD63	Malignant_hypoxia_stress_malignant	Endothelial	Malignant_hypoxia_stress_malignant → Endothelial	malignant_or_cycling_to_microenvironment	malignant_hypoxia_stress_to_endothelial	0.0019843026071213	0.0019843026071213	1.0	1.8671256	3.4462893	-0.437571515073838	-0.5886632866288781	magnitude_rank<=0.05
rGBM	TIMP1_CD63_axis	TIMP1	CD63	TIMP1→CD63	Malignant_OPC_NPC_like_malignant	Endothelial	Malignant_OPC_NPC_like_malignant → Endothelial	malignant_or_cycling_to_microenvironment	malignant_OPC_NPC_to_endothelial	0.0021711081933387	0.0021711081933387	1.0	1.8485663	3.3695726	-0.4579269731908011	-0.7687238537779815	magnitude_rank<=0.05
rGBM	TIMP1_CD63_axis	TIMP1	CD63	TIMP1→CD63	Malignant_cycling_candidate	Endothelial	Malignant_cycling_candidate → Endothelial	malignant_or_cycling_to_microenvironment	malignant_cycling_to_endothelial	0.0026192865213376	0.0026192865213376	1.0	1.8187929	3.2465017	-0.490585312830785	-0.8179513156982512	magnitude_rank<=0.05
rGBM	TIMP1_CD63_axis	TIMP1	CD63	TIMP1→CD63	Endothelial	Malignant_NPC_neuronal_like_malignant	Endothelial → Malignant_NPC_neuronal_like_malignant	microenvironment_to_malignant_or_cycling	endothelial_to_malignant_NPC_neuronal	0.0032516965578974	0.0032516965578974	1.0	1.784682	3.172513	-0.5335500241108727	-0.6368792165557255	magnitude_rank<=0.05
rGBM	TIMP1_CD63_axis	TIMP1	CD63	TIMP1→CD63	Malignant_hypoxia_stress_malignant	Malignant_NPC_neuronal_like_malignant	Malignant_hypoxia_stress_malignant → Malignant_NPC_neuronal_like_malignant	malignant_or_cycling_to_malignant_or_cycling	malignant_hypoxia_stress_to_malignant_NPC_neuronal	0.0032850870709125	0.0032850870709125	1.0	1.782141	3.162873	-0.5363366841263062	-0.580503466676128	magnitude_rank<=0.05
rGBM	TIMP1_CD63_axis	TIMP1	CD63	TIMP1→CD63	Malignant_OPC_NPC_like_malignant	Malignant_NPC_neuronal_like_malignant	Malignant_OPC_NPC_like_malignant → Malignant_NPC_neuronal_like_malignant	malignant_or_cycling_to_malignant_or_cycling	malignant_OPC_NPC_to_malignant_NPC_neuronal	0.0037107273595717	0.0037107273595717	1.0	1.7635815	3.0924654	-0.5566921422432692	-0.7605640338252313	magnitude_rank<=0.05
rGBM	TIMP1_CD63_axis	TIMP1	CD63	TIMP1→CD63	Malignant_cycling_candidate	Malignant_NPC_neuronal_like_malignant	Malignant_cycling_candidate → Malignant_NPC_neuronal_like_malignant	malignant_or_cycling_to_malignant_or_cycling	malignant_cycling_to_malignant_NPC_neuronal	0.0044422490074154	0.0044422490074154	1.0	1.7338083	2.9795156	-0.5893504818832531	-0.809791495745501	magnitude_rank<=0.05
rGBM	TIMP1_CD63_axis	TIMP1	CD63	TIMP1→CD63	Oligodendrocyte_myelinating	Mural_Pericyte_Fibroblast	Oligodendrocyte_myelinating → Mural_Pericyte_Fibroblast	microenvironment_to_microenvironment	oligodendrocyte_reference_to_mural_pericyte_fibroblast	0.0060990292072839	0.0060990292072839	1.0	1.6856676	2.1239543	-0.6213673924042185	-0.8925372131843036	magnitude_rank<=0.05
rGBM	TIMP1_CD63_axis	TIMP1	CD63	TIMP1→CD63	Malignant_NPC_neuronal_like_malignant	Malignant_AC_like_reactive_malignant	Malignant_NPC_neuronal_like_malignant → Malignant_AC_like_reactive_malignant	malignant_or_cycling_to_malignant_or_cycling	malignant_NPC_neuronal_to_malignant_AC_reactive	0.0082563110197711	0.0082563110197711	1.0	1.8024645	1.6633892	-0.4759798922298314	-0.745811117078032	magnitude_rank<=0.05
rGBM	TIMP1_CD63_axis	TIMP1	CD63	TIMP1→CD63	Malignant_NPC_neuronal_like_malignant	Malignant_OPC_NPC_like_malignant	Malignant_NPC_neuronal_like_malignant → Malignant_OPC_NPC_like_malignant	malignant_or_cycling_to_malignant_or_cycling	malignant_NPC_neuronal_to_malignant_OPC_NPC	0.0082738720169072	0.0082738720169072	1.0	1.801446	1.6622825	-0.477164062253541	-0.6949181196007436	magnitude_rank<=0.05
rGBM	TIMP1_CD63_axis	TIMP1	CD63	TIMP1→CD63	Oligodendrocyte_myelinating	Malignant_hypoxia_stress_malignant	Oligodendrocyte_myelinating → Malignant_hypoxia_stress_malignant	microenvironment_to_malignant_or_cycling	oligodendrocyte_reference_to_malignant_hypoxia_stress	0.0088817949643741	0.0088817949643741	1.0	1.6085857	1.9946722	-0.7109479426973605	-0.9835908447153568	magnitude_rank<=0.05
rGBM	TIMP1_CD63_axis	TIMP1	CD63	TIMP1→CD63	Malignant_NPC_neuronal_like_malignant	Oligodendrocyte_myelinating	Malignant_NPC_neuronal_like_malignant → Oligodendrocyte_myelinating	malignant_or_cycling_to_microenvironment	malignant_NPC_neuronal_to_oligodendrocyte_reference	0.0093422324983084	0.0093422324983084	1.0	1.7508593	1.6073146	-0.5359531853449989	-0.8442669279653671	magnitude_rank<=0.05
rGBM	TIMP1_CD63_axis	TIMP1	CD63	TIMP1→CD63	Malignant_NPC_neuronal_like_malignant	Malignant_cycling_candidate	Malignant_NPC_neuronal_like_malignant → Malignant_cycling_candidate	malignant_or_cycling_to_malignant_or_cycling	malignant_NPC_neuronal_to_malignant_cycling	0.0098140329918841	0.0098140329918841	1.0	1.7287164	1.5832541	-0.5616890828602968	-0.8479911080257986	magnitude_rank<=0.05
rGBM	TIMP1_CD63_axis	TIMP1	CD63	TIMP1→CD63	Malignant_NPC_neuronal_like_malignant	Mural_Pericyte_Fibroblast	Malignant_NPC_neuronal_like_malignant → Mural_Pericyte_Fibroblast	malignant_or_cycling_to_microenvironment	malignant_NPC_neuronal_to_mural_pericyte_fibroblast	0.0146842478505862	0.0146842478505862	1.0	1.5380182	1.3760405	-0.7833074249892812	-1.1284714863193828	magnitude_rank<=0.05
rGBM	TIMP1_CD63_axis	TIMP1	CD63	TIMP1→CD63	Oligodendrocyte_myelinating	Endothelial	Oligodendrocyte_myelinating → Endothelial	microenvironment_to_microenvironment	oligodendrocyte_reference_to_endothelial	0.0164527628093336	0.0164527628093336	1.0	1.4526993	1.7332191	-0.8921102195685163	-1.2931682978028043	magnitude_rank<=0.05
rGBM	TIMP1_CD63_axis	TIMP1	CD63	TIMP1→CD63	Malignant_NPC_neuronal_like_malignant	Malignant_hypoxia_stress_malignant	Malignant_NPC_neuronal_like_malignant → Malignant_hypoxia_stress_malignant	malignant_or_cycling_to_malignant_or_cycling	malignant_NPC_neuronal_to_malignant_hypoxia_stress	0.0177282484354252	0.0177282484354252	1.0	1.4609363	1.2922828	-0.8728879752824232	-1.219525117850436	magnitude_rank<=0.05
rGBM	TIMP1_CD63_axis	TIMP1	CD63	TIMP1→CD63	Oligodendrocyte_myelinating	Malignant_NPC_neuronal_like_malignant	Oligodendrocyte_myelinating → Malignant_NPC_neuronal_like_malignant	microenvironment_to_malignant_or_cycling	oligodendrocyte_reference_to_malignant_NPC_neuronal	0.0244049956408003	0.0244049956408003	1.0	1.3677146	1.5906825	-0.9908753886209845	-1.285008477850054	magnitude_rank<=0.05
rGBM	TIMP1_CD63_axis	TIMP1	CD63	TIMP1→CD63	Malignant_NPC_neuronal_like_malignant	Endothelial	Malignant_NPC_neuronal_like_malignant → Endothelial	malignant_or_cycling_to_microenvironment	malignant_NPC_neuronal_to_endothelial	0.0334340391667117	0.0334340391667117	1.0	1.3050499	1.122896	-1.054050252153579	-1.5291025709378836	magnitude_rank<=0.05
rGBM	TIMP1_CD63_axis	TIMP1	CD63	TIMP1→CD63	Malignant_NPC_neuronal_like_malignant	Malignant_NPC_neuronal_like_malignant	Malignant_NPC_neuronal_like_malignant → Malignant_NPC_neuronal_like_malignant	malignant_or_cycling_to_malignant_or_cycling	malignant_NPC_neuronal_to_malignant_NPC_neuronal	0.0496352178109881	0.0496352178109881	1.0	1.2200651	1.0305512	-1.1528154212060473	-1.5209427509851334	magnitude_rank<=0.05
GBM	VEGFA_angiogenesis_axis	VEGFA	ITGB1	VEGFA→ITGB1	Malignant_hypoxia_stress_malignant	Mural_Pericyte_Fibroblast	Malignant_hypoxia_stress_malignant → Mural_Pericyte_Fibroblast	malignant_or_cycling_to_microenvironment	malignant_hypoxia_stress_to_mural_pericyte_fibroblast	0.0011339964135909	0.0011339964135909	0.0016170639840798	1.9436456	3.7072375	1.777523811094635	2.6719349516766484	magnitude_rank<=0.05
GBM	VEGFA_angiogenesis_axis	VEGFA	ITGB1	VEGFA→ITGB1	Malignant_hypoxia_stress_malignant	Endothelial	Malignant_hypoxia_stress_malignant → Endothelial	malignant_or_cycling_to_microenvironment	malignant_hypoxia_stress_to_endothelial	0.0105339100154813	0.0105339100154813	0.004246626905972	1.6540583	2.7353315	1.3743387577406565	2.294047071479623	magnitude_rank<=0.05
ndGBM	VEGFA_angiogenesis_axis	VEGFA	ITGB1	VEGFA→ITGB1	Malignant_hypoxia_stress_malignant	Mural_Pericyte_Fibroblast	Malignant_hypoxia_stress_malignant → Mural_Pericyte_Fibroblast	malignant_or_cycling_to_microenvironment	malignant_hypoxia_stress_to_mural_pericyte_fibroblast	6.000934613384168e-05	6.000934613384168e-05	0.0011816323058145	2.3573937	5.553417	1.6200551405936747	2.647164304147376	magnitude_rank<=0.05
ndGBM	VEGFA_angiogenesis_axis	VEGFA	ITGB1	VEGFA→ITGB1	Malignant_hypoxia_stress_malignant	Endothelial	Malignant_hypoxia_stress_malignant → Endothelial	malignant_or_cycling_to_microenvironment	malignant_hypoxia_stress_to_endothelial	0.0001423669451717	0.0001423669451717	0.0019631607321766	2.2504985	5.0360966	1.4901778087170432	2.539049475763811	magnitude_rank<=0.05
ndGBM	VEGFA_angiogenesis_axis	VEGFA	NRP1	VEGFA→NRP1	Malignant_hypoxia_stress_malignant	Endothelial	Malignant_hypoxia_stress_malignant → Endothelial	malignant_or_cycling_to_microenvironment	malignant_hypoxia_stress_to_endothelial	0.0047590526203778	0.0047590526203778	0.0004680532239615	1.6800647	2.275478	1.763895022511221	2.359963825736581	magnitude_rank<=0.05
ndGBM	VEGFA_angiogenesis_axis	VEGFA	ITGB1	VEGFA→ITGB1	Malignant_hypoxia_stress_malignant	Oligodendrocyte_myelinating	Malignant_hypoxia_stress_malignant → Oligodendrocyte_myelinating	malignant_or_cycling_to_microenvironment	malignant_hypoxia_stress_to_oligodendrocyte_reference	0.0058311660845134	0.0058311660845134	0.0476302925017105	1.6478751	2.119696	0.7579916036104096	1.5450543839633868	magnitude_rank<=0.05
ndGBM	VEGFA_angiogenesis_axis	VEGFA	ITGB1	VEGFA→ITGB1	Malignant_hypoxia_stress_malignant	Malignant_hypoxia_stress_malignant	Malignant_hypoxia_stress_malignant → Malignant_hypoxia_stress_malignant	malignant_or_cycling_to_malignant_or_cycling	malignant_hypoxia_stress_to_malignant_hypoxia_stress	0.0083630797804342	0.0083630797804342	0.0476302925017105	1.5817637	1.7997495	0.677666681150755	1.4412585423147632	magnitude_rank<=0.05
ndGBM	VEGFA_angiogenesis_axis	VEGFA	ITGB1	VEGFA→ITGB1	Malignant_hypoxia_stress_malignant	Malignant_OPC_NPC_like_malignant	Malignant_hypoxia_stress_malignant → Malignant_OPC_NPC_like_malignant	malignant_or_cycling_to_malignant_or_cycling	malignant_hypoxia_stress_to_malignant_OPC_NPC	0.0093940907109674	0.0093940907109674	0.0476302925017105	1.5540385	1.6655735	0.6439815654501365	1.2329560951775465	magnitude_rank<=0.05
ndGBM	VEGFA_angiogenesis_axis	VEGFA	ITGB1	VEGFA→ITGB1	Malignant_hypoxia_stress_malignant	Malignant_cycling_candidate	Malignant_hypoxia_stress_malignant → Malignant_cycling_candidate	malignant_or_cycling_to_malignant_or_cycling	malignant_hypoxia_stress_to_malignant_cycling	0.0096365750045749	0.0096365750045749	0.0476302925017105	1.5493983	1.6431167	0.6383434823510551	1.2369771545813648	magnitude_rank<=0.05
ndGBM	VEGFA_angiogenesis_axis	VEGFA	ITGB1	VEGFA→ITGB1	Malignant_hypoxia_stress_malignant	Malignant_AC_like_reactive_malignant	Malignant_hypoxia_stress_malignant → Malignant_AC_like_reactive_malignant	malignant_or_cycling_to_malignant_or_cycling	malignant_hypoxia_stress_to_malignant_AC_reactive	0.0116312787297792	0.0116312787297792	0.0476302925017105	1.5082656	1.444055	0.5883661817993178	1.2569751773916933	magnitude_rank<=0.05
ndGBM	VEGFA_angiogenesis_axis	VEGFA	ITGB1	VEGFA→ITGB1	Malignant_hypoxia_stress_malignant	Malignant_NPC_neuronal_like_malignant	Malignant_hypoxia_stress_malignant → Malignant_NPC_neuronal_like_malignant	malignant_or_cycling_to_malignant_or_cycling	malignant_hypoxia_stress_to_malignant_NPC_neuronal	0.0120358115293558	0.0120358115293558	0.0476302925017105	1.5022709	1.4150435	0.5810828296920936	1.2690371248840937	magnitude_rank<=0.05
ndGBM	VEGFA_angiogenesis_axis	VEGFA	ITGB1	VEGFA→ITGB1	Malignant_cycling_candidate	Mural_Pericyte_Fibroblast	Malignant_cycling_candidate → Mural_Pericyte_Fibroblast	malignant_or_cycling_to_microenvironment	malignant_cycling_to_mural_pericyte_fibroblast	0.0223645044646896	0.0223645044646896	0.082917749340739	1.3829222	1.0805253	0.7611057963300804	0.4087681722941713	magnitude_rank<=0.05
ndGBM	VEGFA_angiogenesis_axis	VEGFA	ITGB1	VEGFA→ITGB1	Malignant_OPC_NPC_like_malignant	Mural_Pericyte_Fibroblast	Malignant_OPC_NPC_like_malignant → Mural_Pericyte_Fibroblast	malignant_or_cycling_to_microenvironment	malignant_OPC_NPC_to_mural_pericyte_fibroblast	0.0232539892325081	0.0232539892325081	0.0886917560024602	1.3790632	1.0628126	0.7577041718402449	0.2982363991716865	magnitude_rank<=0.05
ndGBM	VEGFA_angiogenesis_axis	VEGFA	ITGB1	VEGFA→ITGB1	Malignant_AC_like_reactive_malignant	Mural_Pericyte_Fibroblast	Malignant_AC_like_reactive_malignant → Mural_Pericyte_Fibroblast	malignant_or_cycling_to_microenvironment	malignant_AC_reactive_to_mural_pericyte_fibroblast	0.025082979530233	0.025082979530233	0.0984160614072229	1.3730755	1.0353283	0.7524258613786059	0.5215185433777974	magnitude_rank<=0.05
ndGBM	VEGFA_angiogenesis_axis	VEGFA	NRP1	VEGFA→NRP1	Malignant_hypoxia_stress_malignant	Mural_Pericyte_Fibroblast	Malignant_hypoxia_stress_malignant → Mural_Pericyte_Fibroblast	malignant_or_cycling_to_microenvironment	malignant_hypoxia_stress_to_mural_pericyte_fibroblast	0.0269382436490952	0.0269382436490952	0.0107382987743352	1.4184959	1.0096135	1.0832178273375046	1.7883246935825603	magnitude_rank<=0.05
ndGBM	VEGFA_angiogenesis_axis	VEGFA	ITGB1	VEGFA→ITGB1	Malignant_cycling_candidate	Endothelial	Malignant_cycling_candidate → Endothelial	malignant_or_cycling_to_microenvironment	malignant_cycling_to_endothelial	0.0329275715361284	0.0329275715361284	0.1214195945848746	1.2760268	0.9798705	0.6312284644534487	0.3006533439106064	magnitude_rank<=0.05
ndGBM	VEGFA_angiogenesis_axis	VEGFA	ITGB1	VEGFA→ITGB1	Malignant_OPC_NPC_like_malignant	Endothelial	Malignant_OPC_NPC_like_malignant → Endothelial	malignant_or_cycling_to_microenvironment	malignant_OPC_NPC_to_endothelial	0.0334599864825364	0.0334599864825364	0.1281101213609448	1.2721679	0.9638077	0.6278268399636131	0.1901215707881216	magnitude_rank<=0.05
ndGBM	VEGFA_angiogenesis_axis	VEGFA	ITGB1	VEGFA→ITGB1	Malignant_AC_like_reactive_malignant	Endothelial	Malignant_AC_like_reactive_malignant → Endothelial	malignant_or_cycling_to_microenvironment	malignant_AC_reactive_to_endothelial	0.0342212099121426	0.0342212099121426	0.1407682167333728	1.2661802	0.9388837	0.6225485295019743	0.4134037149942324	magnitude_rank<=0.05
rGBM	VEGFA_angiogenesis_axis	VEGFA	ITGB1	VEGFA→ITGB1	Malignant_hypoxia_stress_malignant	Endothelial	Malignant_hypoxia_stress_malignant → Endothelial	malignant_or_cycling_to_microenvironment	malignant_hypoxia_stress_to_endothelial	0.0002298327086366	0.0002298327086366	0.0017081807448421	2.2143316	4.8829083	1.9499122642907925	2.5304698302805844	magnitude_rank<=0.05
rGBM	VEGFA_angiogenesis_axis	VEGFA	NRP1	VEGFA→NRP1	Malignant_hypoxia_stress_malignant	Endothelial	Malignant_hypoxia_stress_malignant → Endothelial	malignant_or_cycling_to_microenvironment	malignant_hypoxia_stress_to_endothelial	0.0026794900645417	0.0026794900645417	0.0002334186310212	1.8163693	3.0069053	2.626636531303814	2.483964760444888	magnitude_rank<=0.05
rGBM	VEGFA_angiogenesis_axis	VEGFA	ITGB1	VEGFA→ITGB1	Malignant_hypoxia_stress_malignant	Mural_Pericyte_Fibroblast	Malignant_hypoxia_stress_malignant → Mural_Pericyte_Fibroblast	malignant_or_cycling_to_microenvironment	malignant_hypoxia_stress_to_mural_pericyte_fibroblast	0.0038421965753597	0.0038421965753597	0.0236356862821913	1.7552974	2.719012	1.2293389824343952	1.8895593477279524	magnitude_rank<=0.05
rGBM	VEGFA_angiogenesis_axis	VEGFA	ITGB1	VEGFA→ITGB1	Malignant_hypoxia_stress_malignant	Oligodendrocyte_myelinating	Malignant_hypoxia_stress_malignant → Oligodendrocyte_myelinating	malignant_or_cycling_to_microenvironment	malignant_hypoxia_stress_to_oligodendrocyte_reference	0.005537381098801	0.005537381098801	0.034562888766644	1.7022653	2.469017	1.1460908651786232	1.7738086361539338	magnitude_rank<=0.05
rGBM	VEGFA_angiogenesis_axis	VEGFA	ITGB1	VEGFA→ITGB1	Malignant_hypoxia_stress_malignant	Malignant_AC_like_reactive_malignant	Malignant_hypoxia_stress_malignant → Malignant_AC_like_reactive_malignant	malignant_or_cycling_to_malignant_or_cycling	malignant_hypoxia_stress_to_malignant_AC_reactive	0.0107317105041725	0.0107317105041725	0.0395057426408424	1.5587189	1.7923367	0.920758527100558	1.4931185909606426	magnitude_rank<=0.05
rGBM	VEGFA_angiogenesis_axis	VEGFA	ITGB1	VEGFA→ITGB1	Malignant_hypoxia_stress_malignant	Malignant_hypoxia_stress_malignant	Malignant_hypoxia_stress_malignant → Malignant_hypoxia_stress_malignant	malignant_or_cycling_to_malignant_or_cycling	malignant_hypoxia_stress_to_malignant_hypoxia_stress	0.0130573682146504	0.0130573682146504	0.0395057426408424	1.5058581	1.5431497	0.8377789573884824	1.4559750804894005	magnitude_rank<=0.05
rGBM	VEGFA_angiogenesis_axis	VEGFA	ITGB1	VEGFA→ITGB1	Malignant_hypoxia_stress_malignant	Malignant_OPC_NPC_like_malignant	Malignant_hypoxia_stress_malignant → Malignant_OPC_NPC_like_malignant	malignant_or_cycling_to_malignant_or_cycling	malignant_hypoxia_stress_to_malignant_OPC_NPC	0.0137464535568988	0.0137464535568988	0.0395057426408424	1.4906843	1.4716201	0.8139608494989599	1.337138057808044	magnitude_rank<=0.05
rGBM	VEGFA_angiogenesis_axis	VEGFA	ITGB1	VEGFA→ITGB1	Malignant_hypoxia_stress_malignant	Malignant_NPC_neuronal_like_malignant	Malignant_hypoxia_stress_malignant → Malignant_NPC_neuronal_like_malignant	malignant_or_cycling_to_malignant_or_cycling	malignant_hypoxia_stress_to_malignant_NPC_neuronal	0.0138366225983514	0.0138366225983514	0.0395057426408424	1.4894507	1.4658053	0.8120234702955633	1.4164022591857548	magnitude_rank<=0.05
rGBM	VEGFA_angiogenesis_axis	VEGFA	ITGB1	VEGFA→ITGB1	Malignant_hypoxia_stress_malignant	Malignant_cycling_candidate	Malignant_hypoxia_stress_malignant → Malignant_cycling_candidate	malignant_or_cycling_to_malignant_or_cycling	malignant_hypoxia_stress_to_malignant_cycling	0.0139724106319876	0.0139724106319876	0.0395057426408424	1.4871554	1.4549855	0.8084206481357908	1.3235240689420222	magnitude_rank<=0.05
rGBM	VEGFA_angiogenesis_axis	VEGFA	ITGB1	VEGFA→ITGB1	Malignant_AC_like_reactive_malignant	Endothelial	Malignant_AC_like_reactive_malignant → Endothelial	malignant_or_cycling_to_microenvironment	malignant_AC_reactive_to_endothelial	0.0266197737816109	0.0266197737816109	0.0395057426408424	1.3483119	1.294721	1.0272519992874356	0.7417241582660725	magnitude_rank<=0.05
rGBM	VEGFA_angiogenesis_axis	VEGFA	ITGB1	VEGFA→ITGB1	Malignant_OPC_NPC_like_malignant	Endothelial	Malignant_OPC_NPC_like_malignant → Endothelial	malignant_or_cycling_to_microenvironment	malignant_OPC_NPC_to_endothelial	0.0283174230400319	0.0283174230400319	0.0395057426408424	1.3362732	1.2448411	1.0144258228471257	0.5941030489445472	magnitude_rank<=0.05
rGBM	VEGFA_angiogenesis_axis	VEGFA	ITGB1	VEGFA→ITGB1	Malignant_cycling_candidate	Endothelial	Malignant_cycling_candidate → Endothelial	malignant_or_cycling_to_microenvironment	malignant_cycling_to_endothelial	0.0327124346376252	0.0327124346376252	0.043989543411802	1.3087606	1.130848	0.9851135642259944	0.5579199825729442	magnitude_rank<=0.05
GBM	VIM_CD44_axis	VIM	CD44	VIM→CD44	Malignant_AC_like_reactive_malignant	Malignant_hypoxia_stress_malignant	Malignant_AC_like_reactive_malignant → Malignant_hypoxia_stress_malignant	malignant_or_cycling_to_malignant_or_cycling	malignant_AC_reactive_to_malignant_hypoxia_stress	0.0001679941417725	0.0001679941417725	0.0512793211199019	2.1881692	3.6313276	0.5986630289125328	1.0712800942067142	magnitude_rank<=0.05
GBM	VIM_CD44_axis	VIM	CD44	VIM→CD44	Malignant_hypoxia_stress_malignant	Malignant_hypoxia_stress_malignant	Malignant_hypoxia_stress_malignant → Malignant_hypoxia_stress_malignant	malignant_or_cycling_to_malignant_or_cycling	malignant_hypoxia_stress_to_malignant_hypoxia_stress	0.000175056274983	0.000175056274983	0.0512793211199019	2.1790676	3.611074	0.5929852096768833	1.058959234382809	magnitude_rank<=0.05
GBM	VIM_CD44_axis	VIM	CD44	VIM→CD44	Mural_Pericyte_Fibroblast	Malignant_hypoxia_stress_malignant	Mural_Pericyte_Fibroblast → Malignant_hypoxia_stress_malignant	microenvironment_to_malignant_or_cycling	mural_pericyte_fibroblast_to_malignant_hypoxia_stress	0.0002125407136824	0.0002125407136824	0.0512793211199019	2.149535	3.545355	0.5745746789822777	0.8327594074469915	magnitude_rank<=0.05
GBM	VIM_CD44_axis	VIM	CD44	VIM→CD44	Malignant_AC_like_reactive_malignant	Malignant_AC_like_reactive_malignant	Malignant_AC_like_reactive_malignant → Malignant_AC_like_reactive_malignant	malignant_or_cycling_to_malignant_or_cycling	malignant_AC_reactive_to_malignant_AC_reactive	0.0003774401014877	0.0003774401014877	0.0512793211199019	2.1464787	3.3591979	0.5521756268783122	0.9747882351427146	magnitude_rank<=0.05
GBM	VIM_CD44_axis	VIM	CD44	VIM→CD44	Malignant_hypoxia_stress_malignant	Malignant_AC_like_reactive_malignant	Malignant_hypoxia_stress_malignant → Malignant_AC_like_reactive_malignant	malignant_or_cycling_to_malignant_or_cycling	malignant_hypoxia_stress_to_malignant_AC_reactive	0.0004204413324256	0.0004204413324256	0.0512793211199019	2.1373773	3.3404622	0.5464978076426626	0.9624673753188092	magnitude_rank<=0.05
GBM	VIM_CD44_axis	VIM	CD44	VIM→CD44	Endothelial	Malignant_hypoxia_stress_malignant	Endothelial → Malignant_hypoxia_stress_malignant	microenvironment_to_malignant_or_cycling	endothelial_to_malignant_hypoxia_stress	0.0004315522789876	0.0004315522789876	0.0512793211199019	2.072585	3.37412	0.5265980998510896	0.7359935156631017	magnitude_rank<=0.05
GBM	VIM_CD44_axis	VIM	CD44	VIM→CD44	Mural_Pericyte_Fibroblast	Malignant_AC_like_reactive_malignant	Mural_Pericyte_Fibroblast → Malignant_AC_like_reactive_malignant	microenvironment_to_malignant_or_cycling	mural_pericyte_fibroblast_to_malignant_AC_reactive	0.0005505898966021	0.0005505898966021	0.0512793211199019	2.1078444	3.2796683	0.5280872769480571	0.7362675483829919	magnitude_rank<=0.05
GBM	VIM_CD44_axis	VIM	CD44	VIM→CD44	Endothelial	Malignant_AC_like_reactive_malignant	Endothelial → Malignant_AC_like_reactive_malignant	microenvironment_to_malignant_or_cycling	endothelial_to_malignant_AC_reactive	0.0006840230816205	0.0006840230816205	0.0512793211199019	2.0308948	3.1212654	0.480110697816869	0.6395016565991021	magnitude_rank<=0.05
GBM	VIM_CD44_axis	VIM	CD44	VIM→CD44	Malignant_OPC_NPC_like_malignant	Malignant_hypoxia_stress_malignant	Malignant_OPC_NPC_like_malignant → Malignant_hypoxia_stress_malignant	malignant_or_cycling_to_malignant_or_cycling	malignant_OPC_NPC_to_malignant_hypoxia_stress	0.0054386945683408	0.0054386945683408	0.0512793211199019	1.7616277	2.6821506	0.3327175479000485	0.4581841910358442	magnitude_rank<=0.05
GBM	VIM_CD44_axis	VIM	CD44	VIM→CD44	Malignant_OPC_NPC_like_malignant	Malignant_AC_like_reactive_malignant	Malignant_OPC_NPC_like_malignant → Malignant_AC_like_reactive_malignant	malignant_or_cycling_to_malignant_or_cycling	malignant_OPC_NPC_to_malignant_AC_reactive	0.0073440135766189	0.0073440135766189	0.0512793211199019	1.7199372	2.4811518	0.2862301458658279	0.3616923319718446	magnitude_rank<=0.05
GBM	VIM_CD44_axis	VIM	CD44	VIM→CD44	Malignant_cycling_candidate	Malignant_hypoxia_stress_malignant	Malignant_cycling_candidate → Malignant_hypoxia_stress_malignant	malignant_or_cycling_to_malignant_or_cycling	malignant_cycling_to_malignant_hypoxia_stress	0.013111065270897	0.013111065270897	0.0768258814524744	1.5962148	2.31406	0.2295886347301346	0.2679188806154937	magnitude_rank<=0.05
GBM	VIM_CD44_axis	VIM	CD44	VIM→CD44	Malignant_cycling_candidate	Malignant_AC_like_reactive_malignant	Malignant_cycling_candidate → Malignant_AC_like_reactive_malignant	malignant_or_cycling_to_malignant_or_cycling	malignant_cycling_to_malignant_AC_reactive	0.0155002241723713	0.0155002241723713	0.1549793312797144	1.5545244	2.1406457	0.183101232695914	0.1714270215514941	magnitude_rank<=0.05
LGG	VIM_CD44_axis	VIM	CD44	VIM→CD44	Endothelial	Malignant_AC_like_reactive_malignant	Endothelial → Malignant_AC_like_reactive_malignant	microenvironment_to_malignant_or_cycling	endothelial_to_malignant_AC_reactive	0.0054029459851356	0.0054029459851356	0.0001365737889658	1.7867818	1.9307399	2.355234905005365	2.186828874653701	magnitude_rank<=0.05
LGG	VIM_CD44_axis	VIM	CD44	VIM→CD44	Malignant_AC_like_reactive_malignant	Malignant_AC_like_reactive_malignant	Malignant_AC_like_reactive_malignant → Malignant_AC_like_reactive_malignant	malignant_or_cycling_to_malignant_or_cycling	malignant_AC_reactive_to_malignant_AC_reactive	0.0251579431220855	0.0251579431220855	0.0006240520509196	1.3787857	1.3893608	1.8927726043767168	2.1718698725287946	magnitude_rank<=0.05
ndGBM	VIM_CD44_axis	VIM	CD44	VIM→CD44	Malignant_hypoxia_stress_malignant	Malignant_AC_like_reactive_malignant	Malignant_hypoxia_stress_malignant → Malignant_AC_like_reactive_malignant	malignant_or_cycling_to_malignant_or_cycling	malignant_hypoxia_stress_to_malignant_AC_reactive	0.0005382197683214	0.0005382197683214	0.0476302925017105	2.2890499	3.0818937	0.6794849629689321	1.1138728177827095	magnitude_rank<=0.05
ndGBM	VIM_CD44_axis	VIM	CD44	VIM→CD44	Mural_Pericyte_Fibroblast	Malignant_AC_like_reactive_malignant	Mural_Pericyte_Fibroblast → Malignant_AC_like_reactive_malignant	microenvironment_to_malignant_or_cycling	mural_pericyte_fibroblast_to_malignant_AC_reactive	0.0009089347189239	0.0009089347189239	0.0476302925017105	2.103644	2.7777963	0.5399364371613263	0.6033283012596209	magnitude_rank<=0.05
ndGBM	VIM_CD44_axis	VIM	CD44	VIM→CD44	Endothelial	Malignant_AC_like_reactive_malignant	Endothelial → Malignant_AC_like_reactive_malignant	microenvironment_to_malignant_or_cycling	endothelial_to_malignant_AC_reactive	0.0011515366094903	0.0011515366094903	0.0476302925017105	2.0049927	2.6159914	0.4656860638970389	0.4567667942205784	magnitude_rank<=0.05
ndGBM	VIM_CD44_axis	VIM	CD44	VIM→CD44	Malignant_AC_like_reactive_malignant	Malignant_AC_like_reactive_malignant	Malignant_AC_like_reactive_malignant → Malignant_AC_like_reactive_malignant	malignant_or_cycling_to_malignant_or_cycling	malignant_AC_reactive_to_malignant_AC_reactive	0.0012298620189854	0.0012298620189854	0.0476302925017105	1.9636607	2.5481997	0.4345765784425628	0.577173357599597	magnitude_rank<=0.05
ndGBM	VIM_CD44_axis	VIM	CD44	VIM→CD44	Malignant_cycling_candidate	Malignant_AC_like_reactive_malignant	Malignant_cycling_candidate → Malignant_AC_like_reactive_malignant	malignant_or_cycling_to_malignant_or_cycling	malignant_cycling_to_malignant_AC_reactive	0.0018604312619457	0.0018604312619457	0.0476302925017105	1.8106145	2.2971776	0.3193840465573455	0.29731861371124	magnitude_rank<=0.05
ndGBM	VIM_CD44_axis	VIM	CD44	VIM→CD44	Malignant_hypoxia_stress_malignant	Mural_Pericyte_Fibroblast	Malignant_hypoxia_stress_malignant → Mural_Pericyte_Fibroblast	malignant_or_cycling_to_microenvironment	malignant_hypoxia_stress_to_mural_pericyte_fibroblast	0.0025176291757834	0.0025176291757834	0.0476302925017105	2.1633956	2.1374738	0.4893417265993813	0.7195860026722517	magnitude_rank<=0.05
ndGBM	VIM_CD44_axis	VIM	CD44	VIM→CD44	Malignant_OPC_NPC_like_malignant	Malignant_AC_like_reactive_malignant	Malignant_OPC_NPC_like_malignant → Malignant_AC_like_reactive_malignant	malignant_or_cycling_to_malignant_or_cycling	malignant_OPC_NPC_to_malignant_AC_reactive	0.0028560699069339	0.0028560699069339	0.0586691721084701	1.7556736	2.2070653	0.278028284178738	0.1964102765201636	magnitude_rank<=0.05
ndGBM	VIM_CD44_axis	VIM	CD44	VIM→CD44	Malignant_hypoxia_stress_malignant	Malignant_hypoxia_stress_malignant	Malignant_hypoxia_stress_malignant → Malignant_hypoxia_stress_malignant	malignant_or_cycling_to_malignant_or_cycling	malignant_hypoxia_stress_to_malignant_hypoxia_stress	0.0029235701772302	0.0029235701772302	0.0476302925017105	2.1504505	2.0401773	0.4697524762628198	0.9027289255443948	magnitude_rank<=0.05
ndGBM	VIM_CD44_axis	VIM	CD44	VIM→CD44	Mural_Pericyte_Fibroblast	Mural_Pericyte_Fibroblast	Mural_Pericyte_Fibroblast → Mural_Pericyte_Fibroblast	microenvironment_to_microenvironment	mural_pericyte_fibroblast_to_mural_pericyte_fibroblast	0.0035361735934605	0.0035361735934605	0.0529749407698873	1.9779898	1.9265643	0.3497932007917755	0.209041486149163	magnitude_rank<=0.05
ndGBM	VIM_CD44_axis	VIM	CD44	VIM→CD44	Mural_Pericyte_Fibroblast	Malignant_hypoxia_stress_malignant	Mural_Pericyte_Fibroblast → Malignant_hypoxia_stress_malignant	microenvironment_to_malignant_or_cycling	mural_pericyte_fibroblast_to_malignant_hypoxia_stress	0.0040134108346713	0.0040134108346713	0.0476302925017105	1.9650445	1.8388683	0.330203950455214	0.3921844090213061	magnitude_rank<=0.05
ndGBM	VIM_CD44_axis	VIM	CD44	VIM→CD44	Endothelial	Mural_Pericyte_Fibroblast	Endothelial → Mural_Pericyte_Fibroblast	microenvironment_to_microenvironment	endothelial_to_mural_pericyte_fibroblast	0.0042386868236537	0.0042386868236537	0.2201304031244567	1.8793386	1.8143432	0.2755428275274881	0.0624799791101206	magnitude_rank<=0.05
ndGBM	VIM_CD44_axis	VIM	CD44	VIM→CD44	Malignant_AC_like_reactive_malignant	Mural_Pericyte_Fibroblast	Malignant_AC_like_reactive_malignant → Mural_Pericyte_Fibroblast	malignant_or_cycling_to_microenvironment	malignant_AC_reactive_to_mural_pericyte_fibroblast	0.0046389595760543	0.0046389595760543	0.0667089704860717	1.8380066	1.7673258	0.2444333420730119	0.1828865424891391	magnitude_rank<=0.05
ndGBM	VIM_CD44_axis	VIM	CD44	VIM→CD44	Endothelial	Malignant_hypoxia_stress_malignant	Endothelial → Malignant_hypoxia_stress_malignant	microenvironment_to_malignant_or_cycling	endothelial_to_malignant_hypoxia_stress	0.0050569913717846	0.0050569913717846	0.0542566961549295	1.8663933	1.7317554	0.2559535771909266	0.2456229019822636	magnitude_rank<=0.05
ndGBM	VIM_CD44_axis	VIM	CD44	VIM→CD44	Malignant_AC_like_reactive_malignant	Malignant_hypoxia_stress_malignant	Malignant_AC_like_reactive_malignant → Malignant_hypoxia_stress_malignant	malignant_or_cycling_to_malignant_or_cycling	malignant_AC_reactive_to_malignant_hypoxia_stress	0.0055298560458975	0.0055298560458975	0.0697481681830634	1.8250613	1.6868781	0.2248440917364504	0.3660294653612821	magnitude_rank<=0.05
ndGBM	VIM_CD44_axis	VIM	CD44	VIM→CD44	Malignant_cycling_candidate	Mural_Pericyte_Fibroblast	Malignant_cycling_candidate → Mural_Pericyte_Fibroblast	malignant_or_cycling_to_microenvironment	malignant_cycling_to_mural_pericyte_fibroblast	0.0067821312465318	0.0067821312465318	0.8539683578005027	1.6849604	1.5932273	0.1292408101877946	-0.0969682013992178	magnitude_rank<=0.05
ndGBM	VIM_CD44_axis	VIM	CD44	VIM→CD44	Malignant_OPC_NPC_like_malignant	Mural_Pericyte_Fibroblast	Malignant_OPC_NPC_like_malignant → Mural_Pericyte_Fibroblast	malignant_or_cycling_to_microenvironment	malignant_OPC_NPC_to_mural_pericyte_fibroblast	0.0079138283141011	0.0079138283141011	1.0	1.6300195	1.530729	0.0878850478091872	-0.1978765385902942	magnitude_rank<=0.05
ndGBM	VIM_CD44_axis	VIM	CD44	VIM→CD44	Malignant_cycling_candidate	Malignant_hypoxia_stress_malignant	Malignant_cycling_candidate → Malignant_hypoxia_stress_malignant	malignant_or_cycling_to_malignant_or_cycling	malignant_cycling_to_malignant_hypoxia_stress	0.0081594145807437	0.0081594145807437	0.2002029520769195	1.6720152	1.5207045	0.1096515598512331	0.0861747214729252	magnitude_rank<=0.05
ndGBM	VIM_CD44_axis	VIM	CD44	VIM→CD44	Malignant_OPC_NPC_like_malignant	Malignant_hypoxia_stress_malignant	Malignant_OPC_NPC_like_malignant → Malignant_hypoxia_stress_malignant	malignant_or_cycling_to_malignant_or_cycling	malignant_OPC_NPC_to_malignant_hypoxia_stress	0.009083378459173	0.009083378459173	1.0	1.6170743	1.4610511	0.0682957974726256	-0.0147336157181511	magnitude_rank<=0.05
ndGBM	VIM_CD44_axis	VIM	CD44	VIM→CD44	Malignant_hypoxia_stress_malignant	Malignant_OPC_NPC_like_malignant	Malignant_hypoxia_stress_malignant → Malignant_OPC_NPC_like_malignant	malignant_or_cycling_to_malignant_or_cycling	malignant_hypoxia_stress_to_malignant_OPC_NPC	0.0394879033214625	0.0394879033214625	0.4667431845523625	1.9950162	0.87192905	0.2345457100341506	0.3732596182774532	magnitude_rank<=0.05
rGBM	VIM_CD44_axis	VIM	CD44	VIM→CD44	Mural_Pericyte_Fibroblast	Malignant_AC_like_reactive_malignant	Mural_Pericyte_Fibroblast → Malignant_AC_like_reactive_malignant	microenvironment_to_malignant_or_cycling	mural_pericyte_fibroblast_to_malignant_AC_reactive	0.0001327685646729	0.0001327685646729	0.0395057426408424	2.5281563	4.586964	1.0608166349628494	1.3011376661720726	magnitude_rank<=0.05
rGBM	VIM_CD44_axis	VIM	CD44	VIM→CD44	Malignant_AC_like_reactive_malignant	Malignant_AC_like_reactive_malignant	Malignant_AC_like_reactive_malignant → Malignant_AC_like_reactive_malignant	malignant_or_cycling_to_malignant_or_cycling	malignant_AC_reactive_to_malignant_AC_reactive	0.0001638650101489	0.0001638650101489	0.0395057426408424	2.4351406	4.3665547	0.9913351947779704	1.205071909168128	magnitude_rank<=0.05
rGBM	VIM_CD44_axis	VIM	CD44	VIM→CD44	Endothelial	Malignant_AC_like_reactive_malignant	Endothelial → Malignant_AC_like_reactive_malignant	microenvironment_to_malignant_or_cycling	endothelial_to_malignant_AC_reactive	0.0001663920315277	0.0001663920315277	0.0395057426408424	2.434256	4.364459	0.990674339100726	1.0731976959443663	magnitude_rank<=0.05
rGBM	VIM_CD44_axis	VIM	CD44	VIM→CD44	Malignant_hypoxia_stress_malignant	Malignant_AC_like_reactive_malignant	Malignant_hypoxia_stress_malignant → Malignant_AC_like_reactive_malignant	malignant_or_cycling_to_malignant_or_cycling	malignant_hypoxia_stress_to_malignant_AC_reactive	0.0001900028602802	0.0001900028602802	0.0395057426408424	2.370245	4.2127786	0.9428575833912448	1.2404319960532362	magnitude_rank<=0.05
rGBM	VIM_CD44_axis	VIM	CD44	VIM→CD44	Mural_Pericyte_Fibroblast	Mural_Pericyte_Fibroblast	Mural_Pericyte_Fibroblast → Mural_Pericyte_Fibroblast	microenvironment_to_microenvironment	mural_pericyte_fibroblast_to_mural_pericyte_fibroblast	0.0007739442453928	0.0007739442453928	0.0395057426408424	2.3310046	3.0604153	0.7597087619557634	0.8456875454362411	magnitude_rank<=0.05
rGBM	VIM_CD44_axis	VIM	CD44	VIM→CD44	Malignant_AC_like_reactive_malignant	Mural_Pericyte_Fibroblast	Malignant_AC_like_reactive_malignant → Mural_Pericyte_Fibroblast	malignant_or_cycling_to_microenvironment	malignant_AC_reactive_to_mural_pericyte_fibroblast	0.0009340913717726	0.0009340913717726	0.0395057426408424	2.237989	2.9133582	0.6902273217708845	0.7496217884322964	magnitude_rank<=0.05
rGBM	VIM_CD44_axis	VIM	CD44	VIM→CD44	Endothelial	Mural_Pericyte_Fibroblast	Endothelial → Mural_Pericyte_Fibroblast	microenvironment_to_microenvironment	endothelial_to_mural_pericyte_fibroblast	0.0009400873477785	0.0009400873477785	0.0395057426408424	2.2371047	2.9119601	0.6895664660936399	0.6177475752085348	magnitude_rank<=0.05
rGBM	VIM_CD44_axis	VIM	CD44	VIM→CD44	Mural_Pericyte_Fibroblast	Malignant_hypoxia_stress_malignant	Mural_Pericyte_Fibroblast → Malignant_hypoxia_stress_malignant	microenvironment_to_malignant_or_cycling	mural_pericyte_fibroblast_to_malignant_hypoxia_stress	0.0010135239931401	0.0010135239931401	0.0395057426408424	2.3032181	2.8452628	0.7172703673484692	0.9386871332732032	magnitude_rank<=0.05
rGBM	VIM_CD44_axis	VIM	CD44	VIM→CD44	Malignant_hypoxia_stress_malignant	Mural_Pericyte_Fibroblast	Malignant_hypoxia_stress_malignant → Mural_Pericyte_Fibroblast	malignant_or_cycling_to_microenvironment	malignant_hypoxia_stress_to_mural_pericyte_fibroblast	0.0010512701716666	0.0010512701716666	0.0395057426408424	2.1730936	2.8107593	0.6417497103841587	0.7849818753174047	magnitude_rank<=0.05
rGBM	VIM_CD44_axis	VIM	CD44	VIM→CD44	Malignant_AC_like_reactive_malignant	Malignant_hypoxia_stress_malignant	Malignant_AC_like_reactive_malignant → Malignant_hypoxia_stress_malignant	malignant_or_cycling_to_malignant_or_cycling	malignant_AC_reactive_to_malignant_hypoxia_stress	0.0012571978868661	0.0012571978868661	0.0395057426408424	2.2102025	2.7085443	0.6477889271635903	0.8426213762692585	magnitude_rank<=0.05
rGBM	VIM_CD44_axis	VIM	CD44	VIM→CD44	Endothelial	Malignant_hypoxia_stress_malignant	Endothelial → Malignant_hypoxia_stress_malignant	microenvironment_to_malignant_or_cycling	endothelial_to_malignant_hypoxia_stress	0.0012711103899017	0.0012711103899017	0.0395057426408424	2.209318	2.7072442	0.6471280714863457	0.7107471630454969	magnitude_rank<=0.05
rGBM	VIM_CD44_axis	VIM	CD44	VIM→CD44	Malignant_OPC_NPC_like_malignant	Malignant_AC_like_reactive_malignant	Malignant_OPC_NPC_like_malignant → Malignant_AC_like_reactive_malignant	malignant_or_cycling_to_malignant_or_cycling	malignant_OPC_NPC_to_malignant_AC_reactive	0.001313303860126	0.001313303860126	0.0395057426408424	1.9323161	3.1750631	0.6157250538194766	0.5970983169201427	magnitude_rank<=0.05
rGBM	VIM_CD44_axis	VIM	CD44	VIM→CD44	Malignant_cycling_candidate	Malignant_AC_like_reactive_malignant	Malignant_cycling_candidate → Malignant_AC_like_reactive_malignant	malignant_or_cycling_to_malignant_or_cycling	malignant_cycling_to_malignant_AC_reactive	0.0014663583688205	0.0014663583688205	0.0395057426408424	1.9182668	3.141772	0.6052294842029624	0.5389426499171048	magnitude_rank<=0.05
rGBM	VIM_CD44_axis	VIM	CD44	VIM→CD44	Malignant_hypoxia_stress_malignant	Malignant_hypoxia_stress_malignant	Malignant_hypoxia_stress_malignant → Malignant_hypoxia_stress_malignant	malignant_or_cycling_to_malignant_or_cycling	malignant_hypoxia_stress_to_malignant_hypoxia_stress	0.0014738552729123	0.0014738552729123	0.0434207971952835	2.145307	2.613158	0.5993113157768645	0.8779814631543668	magnitude_rank<=0.05
rGBM	VIM_CD44_axis	VIM	CD44	VIM→CD44	Malignant_OPC_NPC_like_malignant	Mural_Pericyte_Fibroblast	Malignant_OPC_NPC_like_malignant → Mural_Pericyte_Fibroblast	malignant_or_cycling_to_microenvironment	malignant_OPC_NPC_to_mural_pericyte_fibroblast	0.0043777436288865	0.0043777436288865	0.102865281384819	1.7351646	2.118397	0.3146171808123905	0.1416481961843111	magnitude_rank<=0.05
rGBM	VIM_CD44_axis	VIM	CD44	VIM→CD44	Malignant_cycling_candidate	Mural_Pericyte_Fibroblast	Malignant_cycling_candidate → Mural_Pericyte_Fibroblast	malignant_or_cycling_to_microenvironment	malignant_cycling_to_mural_pericyte_fibroblast	0.0048390257167156	0.0048390257167156	0.1740047162953547	1.7211154	2.0961852	0.3041216111958763	0.0834925291812733	magnitude_rank<=0.05
rGBM	VIM_CD44_axis	VIM	CD44	VIM→CD44	Malignant_OPC_NPC_like_malignant	Malignant_hypoxia_stress_malignant	Malignant_OPC_NPC_like_malignant → Malignant_hypoxia_stress_malignant	malignant_or_cycling_to_malignant_or_cycling	malignant_OPC_NPC_to_malignant_hypoxia_stress	0.0053371785261443	0.0053371785261443	0.1352160283227238	1.707378	1.9694701	0.2721787862050963	0.2346477840212732	magnitude_rank<=0.05
rGBM	VIM_CD44_axis	VIM	CD44	VIM→CD44	Malignant_cycling_candidate	Malignant_hypoxia_stress_malignant	Malignant_cycling_candidate → Malignant_hypoxia_stress_malignant	malignant_or_cycling_to_malignant_or_cycling	malignant_cycling_to_malignant_hypoxia_stress	0.005785351362743	0.005785351362743	0.1403883639978525	1.6933287	1.9488199	0.261683216588582	0.1764921170182353	magnitude_rank<=0.05
rGBM	VIM_CD44_axis	VIM	CD44	VIM→CD44	Mural_Pericyte_Fibroblast	Oligodendrocyte_myelinating	Mural_Pericyte_Fibroblast → Oligodendrocyte_myelinating	microenvironment_to_microenvironment	mural_pericyte_fibroblast_to_oligodendrocyte_reference	0.0172728132384856	0.0172728132384856	0.3827509808226783	2.1044478	1.3061795	0.413688555893109	0.5220000177275554	magnitude_rank<=0.05
rGBM	VIM_CD44_axis	VIM	CD44	VIM→CD44	Mural_Pericyte_Fibroblast	Endothelial	Mural_Pericyte_Fibroblast → Endothelial	microenvironment_to_microenvironment	mural_pericyte_fibroblast_to_endothelial	0.0175757983596373	0.0175757983596373	0.3827509808226783	2.1029997	1.2949667	0.4114769241179434	0.4886655241459217	magnitude_rank<=0.05
rGBM	VIM_CD44_axis	VIM	CD44	VIM→CD44	Malignant_AC_like_reactive_malignant	Oligodendrocyte_myelinating	Malignant_AC_like_reactive_malignant → Oligodendrocyte_myelinating	malignant_or_cycling_to_microenvironment	malignant_AC_reactive_to_oligodendrocyte_reference	0.0198754417508675	0.0198754417508675	0.3827509808226783	2.0114322	1.2434158	0.3442071157082301	0.4259342607236108	magnitude_rank<=0.05
rGBM	VIM_CD44_axis	VIM	CD44	VIM→CD44	Endothelial	Oligodendrocyte_myelinating	Endothelial → Oligodendrocyte_myelinating	microenvironment_to_microenvironment	endothelial_to_oligodendrocyte_reference	0.0199023602027219	0.0199023602027219	0.3827509808226783	2.0105479	1.2428191	0.3435462600309856	0.2940600474998492	magnitude_rank<=0.05
rGBM	VIM_CD44_axis	VIM	CD44	VIM→CD44	Malignant_AC_like_reactive_malignant	Endothelial	Malignant_AC_like_reactive_malignant → Endothelial	malignant_or_cycling_to_microenvironment	malignant_AC_reactive_to_endothelial	0.0202267318309383	0.0202267318309383	0.3827509808226783	2.009984	1.2327418	0.3419954839330645	0.392599767141977	magnitude_rank<=0.05
rGBM	VIM_CD44_axis	VIM	CD44	VIM→CD44	Endothelial	Endothelial	Endothelial → Endothelial	microenvironment_to_microenvironment	endothelial_to_endothelial	0.0203082225360153	0.0203082225360153	0.3827509808226783	2.0090997	1.2321502	0.34133462825582	0.2607255539182154	magnitude_rank<=0.05
rGBM	VIM_CD44_axis	VIM	CD44	VIM→CD44	Malignant_hypoxia_stress_malignant	Oligodendrocyte_myelinating	Malignant_hypoxia_stress_malignant → Oligodendrocyte_myelinating	malignant_or_cycling_to_microenvironment	malignant_hypoxia_stress_to_oligodendrocyte_reference	0.0220842593084433	0.0220842593084433	0.4583555286008314	1.9465368	1.1996268	0.2957295043215043	0.461294347608719	magnitude_rank<=0.05
rGBM	VIM_CD44_axis	VIM	CD44	VIM→CD44	Malignant_hypoxia_stress_malignant	Endothelial	Malignant_hypoxia_stress_malignant → Endothelial	malignant_or_cycling_to_microenvironment	malignant_hypoxia_stress_to_endothelial	0.0224252499303234	0.0224252499303234	0.4633650097603168	1.9450886	1.1893287	0.2935178725463387	0.4279598540270852	magnitude_rank<=0.05
rGBM	VIM_CD44_axis	VIM	CD44	VIM→CD44	Malignant_OPC_NPC_like_malignant	Oligodendrocyte_myelinating	Malignant_OPC_NPC_like_malignant → Oligodendrocyte_myelinating	malignant_or_cycling_to_microenvironment	malignant_OPC_NPC_to_oligodendrocyte_reference	0.045112629118136	0.045112629118136	1.0	1.5086077	0.9041279	-0.0314030252502638	-0.1820393315243744	magnitude_rank<=0.05
rGBM	VIM_CD44_axis	VIM	CD44	VIM→CD44	Malignant_OPC_NPC_like_malignant	Endothelial	Malignant_OPC_NPC_like_malignant → Endothelial	malignant_or_cycling_to_microenvironment	malignant_OPC_NPC_to_endothelial	0.0459927719128381	0.0459927719128381	1.0	1.5071597	0.8963665	-0.0336146570254293	-0.2153738251060082	magnitude_rank<=0.05
rGBM	VIM_CD44_axis	VIM	CD44	VIM→CD44	Malignant_cycling_candidate	Oligodendrocyte_myelinating	Malignant_cycling_candidate → Oligodendrocyte_myelinating	malignant_or_cycling_to_microenvironment	malignant_cycling_to_oligodendrocyte_reference	0.0463148211076927	0.0463148211076927	1.0	1.4945585	0.89464796	-0.041898594866778	-0.2401949985274122	magnitude_rank<=0.05
rGBM	VIM_CD44_axis	VIM	CD44	VIM→CD44	Malignant_cycling_candidate	Endothelial	Malignant_cycling_candidate → Endothelial	malignant_or_cycling_to_microenvironment	malignant_cycling_to_endothelial	0.0473280569361114	0.0473280569361114	1.0	1.4931104	0.8869679	-0.0441102266419436	-0.2735294921090461	magnitude_rank<=0.05
