source	target	ligand_complex	receptor_complex	lr_means	expr_prod	scaled_weight	lr_logfc	spec_weight	lrscore	magnitude_rank	primary_rank_col	primary_rank	lr_pair	source_broad_group	target_broad_group	communication_axis	selection_rule	source_original	target_original	source_clean	target_clean	biological_axis	source_lineage_simplified	target_lineage_simplified
Malignant_cycling_candidate	B_Plasma	HMGB1	CXCR4	2.3994656	5.263218	2.402378694077578	2.342446375238662	0.100364625	0.9238112	1.0736099965873653e-05	magnitude_rank	1.0736099965873653e-05	HMGB1→CXCR4	malignant_or_cycling	non_malignant_reference_like	malignant_or_cycling_to_non_malignant_reference_like	primary_rank<=0.05	Malignant_cycling_candidate	B_Plasma	Malignant_cycling_candidate	B_Plasma	malignant_to_microenvironment	malignant_state	B_plasma
Malignant_hypoxia_stress_malignant	Mural_Pericyte_Fibroblast	TIMP1	CD63	2.2774472	4.9929404	0.2533575542182892	0.3962161252662208	0.020925216	0.92193514	2.66860887045037e-05	magnitude_rank	2.66860887045037e-05	TIMP1→CD63	malignant_or_cycling	non_malignant_reference_like	malignant_or_cycling_to_non_malignant_reference_like	primary_rank<=0.05	Malignant_hypoxia_stress_malignant	Mural_Pericyte_Fibroblast	Malignant_hypoxia_stress_malignant	Mural_Pericyte_Fibroblast	malignant_to_microenvironment	malignant_state	mural_pericyte_fibroblast
Malignant_hypoxia_stress_malignant	Mural_Pericyte_Fibroblast	LGALS1	ITGB1	2.2734027	5.147075	1.2716959272075954	1.5958734301184312	0.04484481	0.9230222	2.8002939901208134e-05	magnitude_rank	2.8002939901208134e-05	LGALS1→ITGB1	malignant_or_cycling	non_malignant_reference_like	malignant_or_cycling_to_non_malignant_reference_like	primary_rank<=0.05	Malignant_hypoxia_stress_malignant	Mural_Pericyte_Fibroblast	Malignant_hypoxia_stress_malignant	Mural_Pericyte_Fibroblast	malignant_to_microenvironment	malignant_state	mural_pericyte_fibroblast
Malignant_hypoxia_stress_malignant	Oligodendrocyte_myelinating	TIMP1	CD63	2.1938276	4.6856904	0.1770795446333375	0.36550547209209	0.019637542	0.9196188	4.976345564842122e-05	magnitude_rank	4.976345564842122e-05	TIMP1→CD63	malignant_or_cycling	non_malignant_reference_like	malignant_or_cycling_to_non_malignant_reference_like	primary_rank<=0.05	Malignant_hypoxia_stress_malignant	Oligodendrocyte_myelinating	Malignant_hypoxia_stress_malignant	Oligodendrocyte_myelinating	malignant_to_microenvironment	malignant_state	oligodendrocyte_reference
Malignant_AC_like_reactive_malignant	B_Plasma	APP	CD74	2.1861584	4.3363853	1.41152570956958	1.779953427224731	0.051038656	0.91670847	5.711999968612943e-05	magnitude_rank	5.711999968612943e-05	APP→CD74	malignant_or_cycling	non_malignant_reference_like	malignant_or_cycling_to_non_malignant_reference_like	primary_rank<=0.05	Malignant_AC_like_reactive_malignant	B_Plasma	Malignant_AC_like_reactive_malignant	B_Plasma	malignant_to_microenvironment	malignant_state	B_plasma
Malignant_OPC_NPC_like_malignant	Mural_Pericyte_Fibroblast	TIMP1	CD63	2.1660128	4.3872485	0.1637517701744774	-0.0890329406421808	0.018386785	0.9171526	6.910356119153166e-05	magnitude_rank	6.910356119153166e-05	TIMP1→CD63	malignant_or_cycling	non_malignant_reference_like	malignant_or_cycling_to_non_malignant_reference_like	primary_rank<=0.05	Malignant_OPC_NPC_like_malignant	Mural_Pericyte_Fibroblast	Malignant_OPC_NPC_like_malignant	Mural_Pericyte_Fibroblast	malignant_to_microenvironment	malignant_state	mural_pericyte_fibroblast
Malignant_cycling_candidate	Mural_Pericyte_Fibroblast	PTN	NCL	2.2383723	3.9386125	0.1607062587296558	0.1772876105712786	0.021364413	0.912961	7.552211889676602e-05	magnitude_rank	7.552211889676602e-05	PTN→NCL	malignant_or_cycling	non_malignant_reference_like	malignant_or_cycling_to_non_malignant_reference_like	primary_rank<=0.05	Malignant_cycling_candidate	Mural_Pericyte_Fibroblast	Malignant_cycling_candidate	Mural_Pericyte_Fibroblast	malignant_to_microenvironment	malignant_state	mural_pericyte_fibroblast
Malignant_OPC_NPC_like_malignant	Mural_Pericyte_Fibroblast	PTN	NCL	2.2083735	3.866427	0.1385687813565238	0.2173305119092359	0.020972854	0.9122233	7.995917808215369e-05	magnitude_rank	7.995917808215369e-05	PTN→NCL	malignant_or_cycling	non_malignant_reference_like	malignant_or_cycling_to_non_malignant_reference_like	primary_rank<=0.05	Malignant_OPC_NPC_like_malignant	Mural_Pericyte_Fibroblast	Malignant_OPC_NPC_like_malignant	Mural_Pericyte_Fibroblast	malignant_to_microenvironment	malignant_state	mural_pericyte_fibroblast
Malignant_hypoxia_stress_malignant	Endothelial	LGALS1	ITGB1	2.1546257	4.572361	1.11403970077707	1.4705819837914893	0.03983751	0.9187092	8.685173221020145e-05	magnitude_rank	8.685173221020145e-05	LGALS1→ITGB1	malignant_or_cycling	non_malignant_reference_like	malignant_or_cycling_to_non_malignant_reference_like	primary_rank<=0.05	Malignant_hypoxia_stress_malignant	Endothelial	Malignant_hypoxia_stress_malignant	Endothelial	malignant_to_microenvironment	malignant_state	endothelial
Malignant_cycling_candidate	B_Plasma	PTN	NCL	2.1787086	3.5479813	0.0967657164999498	0.1125145299700083	0.019245492	0.90872055	0.0001460794799319	magnitude_rank	0.0001460794799319	PTN→NCL	malignant_or_cycling	non_malignant_reference_like	malignant_or_cycling_to_non_malignant_reference_like	primary_rank<=0.05	Malignant_cycling_candidate	B_Plasma	Malignant_cycling_candidate	B_Plasma	malignant_to_microenvironment	malignant_state	B_plasma
Malignant_OPC_NPC_like_malignant	B_Plasma	PTN	NCL	2.1487098	3.482955	0.0746282391268177	0.1525574313079656	0.018892769	0.90795046	0.0001747090998936	magnitude_rank	0.0001747090998936	PTN→NCL	malignant_or_cycling	non_malignant_reference_like	malignant_or_cycling_to_non_malignant_reference_like	primary_rank<=0.05	Malignant_OPC_NPC_like_malignant	B_Plasma	Malignant_OPC_NPC_like_malignant	B_Plasma	malignant_to_microenvironment	malignant_state	B_plasma
Malignant_cycling_candidate	Mural_Pericyte_Fibroblast	TIMP1	CD63	2.0879045	3.9626987	0.1009401320744415	-0.3054149363351444	0.016607514	0.9132029	0.0001780477480172	magnitude_rank	0.0001780477480172	TIMP1→CD63	malignant_or_cycling	non_malignant_reference_like	malignant_or_cycling_to_non_malignant_reference_like	primary_rank<=0.05	Malignant_cycling_candidate	Mural_Pericyte_Fibroblast	Malignant_cycling_candidate	Mural_Pericyte_Fibroblast	malignant_to_microenvironment	malignant_state	mural_pericyte_fibroblast
Malignant_OPC_NPC_like_malignant	Oligodendrocyte_myelinating	TIMP1	CD63	2.0823932	4.117271	0.0874737605895258	-0.1197435938163116	0.017255316	0.9147075	0.0001848195151446	magnitude_rank	0.0001848195151446	TIMP1→CD63	malignant_or_cycling	non_malignant_reference_like	malignant_or_cycling_to_non_malignant_reference_like	primary_rank<=0.05	Malignant_OPC_NPC_like_malignant	Oligodendrocyte_myelinating	Malignant_OPC_NPC_like_malignant	Oligodendrocyte_myelinating	malignant_to_microenvironment	malignant_state	oligodendrocyte_reference
Malignant_hypoxia_stress_malignant	B_Plasma	MIF	CD74_CXCR4	2.0710711	4.1490016	2.226676941158708	1.9934524926441424	0.09063904	0.91500646	0.0002023001230243	magnitude_rank	0.0002023001230243	MIF→CD74_CXCR4	malignant_or_cycling	non_malignant_reference_like	malignant_or_cycling_to_non_malignant_reference_like	primary_rank<=0.05	Malignant_hypoxia_stress_malignant	B_Plasma	Malignant_hypoxia_stress_malignant	B_Plasma	malignant_to_microenvironment	malignant_state	B_plasma
Malignant_OPC_NPC_like_malignant	B_Plasma	APP	CD74	2.056784	3.5985181	1.2776278938411068	1.5427435846362898	0.042354062	0.90930545	0.0002243158807635	magnitude_rank	0.0002243158807635	APP→CD74	malignant_or_cycling	non_malignant_reference_like	malignant_or_cycling_to_non_malignant_reference_like	primary_rank<=0.05	Malignant_OPC_NPC_like_malignant	B_Plasma	Malignant_OPC_NPC_like_malignant	B_Plasma	malignant_to_microenvironment	malignant_state	B_plasma
Malignant_cycling_candidate	Endothelial	PTN	NCL	2.1554003	3.3953774	0.0717862737960551	0.1164569927894658	0.018417716	0.9068807	0.0002243158807635	magnitude_rank	0.0002243158807635	PTN→NCL	malignant_or_cycling	non_malignant_reference_like	malignant_or_cycling_to_non_malignant_reference_like	primary_rank<=0.05	Malignant_cycling_candidate	Endothelial	Malignant_cycling_candidate	Endothelial	malignant_to_microenvironment	malignant_state	endothelial
Malignant_AC_like_reactive_malignant	Mural_Pericyte_Fibroblast	PTN	NCL	2.0550315	3.497442	0.025485479377145	0.0624280869972833	0.01897135	0.9081238	0.0002280952956191	magnitude_rank	0.0002280952956191	PTN→NCL	malignant_or_cycling	non_malignant_reference_like	malignant_or_cycling_to_non_malignant_reference_like	primary_rank<=0.05	Malignant_AC_like_reactive_malignant	Mural_Pericyte_Fibroblast	Malignant_AC_like_reactive_malignant	Mural_Pericyte_Fibroblast	malignant_to_microenvironment	malignant_state	mural_pericyte_fibroblast
Malignant_cycling_candidate	Oligodendrocyte_myelinating	PTN	NCL	2.148368	3.349334	0.0642496032975594	0.0574927443305044	0.01816796	0.90630263	0.0002474644772709	magnitude_rank	0.0002474644772709	PTN→NCL	malignant_or_cycling	non_malignant_reference_like	malignant_or_cycling_to_non_malignant_reference_like	primary_rank<=0.05	Malignant_cycling_candidate	Oligodendrocyte_myelinating	Malignant_cycling_candidate	Oligodendrocyte_myelinating	malignant_to_microenvironment	malignant_state	oligodendrocyte_reference
Malignant_AC_like_reactive_malignant	Mural_Pericyte_Fibroblast	TIMP1	CD63	2.049217	3.7524161	0.069832309756375	-0.2342610003437948	0.015726227	0.9110175	0.0002554323122887	magnitude_rank	0.0002554323122887	TIMP1→CD63	malignant_or_cycling	non_malignant_reference_like	malignant_or_cycling_to_non_malignant_reference_like	primary_rank<=0.05	Malignant_AC_like_reactive_malignant	Mural_Pericyte_Fibroblast	Malignant_AC_like_reactive_malignant	Mural_Pericyte_Fibroblast	malignant_to_microenvironment	malignant_state	mural_pericyte_fibroblast
Malignant_OPC_NPC_like_malignant	Endothelial	PTN	NCL	2.1254015	3.333148	0.049648796422923	0.1564998941274231	0.018080162	0.9060967	0.0002554323122887	magnitude_rank	0.0002554323122887	PTN→NCL	malignant_or_cycling	non_malignant_reference_like	malignant_or_cycling_to_non_malignant_reference_like	primary_rank<=0.05	Malignant_OPC_NPC_like_malignant	Endothelial	Malignant_OPC_NPC_like_malignant	Endothelial	malignant_to_microenvironment	malignant_state	endothelial
Malignant_hypoxia_stress_malignant	Mural_Pericyte_Fibroblast	VEGFA	ITGB1	2.0442705	4.172113	1.6623686783216738	2.5482746024343323	0.12940891	0.9152222	0.0002676199360721	magnitude_rank	0.0002676199360721	VEGFA→ITGB1	malignant_or_cycling	non_malignant_reference_like	malignant_or_cycling_to_non_malignant_reference_like	primary_rank<=0.05	Malignant_hypoxia_stress_malignant	Mural_Pericyte_Fibroblast	Malignant_hypoxia_stress_malignant	Mural_Pericyte_Fibroblast	malignant_to_microenvironment	malignant_state	mural_pericyte_fibroblast
Malignant_NPC_neuronal_like_malignant	B_Plasma	APP	CD74	2.035803	3.4788578	1.2559095094434067	1.593702647116161	0.040945675	0.9079012	0.0002843102566904	magnitude_rank	0.0002843102566904	APP→CD74	malignant_or_cycling	non_malignant_reference_like	malignant_or_cycling_to_non_malignant_reference_like	primary_rank<=0.05	Malignant_NPC_neuronal_like_malignant	B_Plasma	Malignant_NPC_neuronal_like_malignant	B_Plasma	malignant_to_microenvironment	malignant_state	B_plasma
Malignant_OPC_NPC_like_malignant	Oligodendrocyte_myelinating	PTN	NCL	2.118369	3.2879486	0.0421121259244273	0.0975356456684617	0.017834984	0.90551424	0.0002928439768433	magnitude_rank	0.0002928439768433	PTN→NCL	malignant_or_cycling	non_malignant_reference_like	malignant_or_cycling_to_non_malignant_reference_like	primary_rank<=0.05	Malignant_OPC_NPC_like_malignant	Oligodendrocyte_myelinating	Malignant_OPC_NPC_like_malignant	Oligodendrocyte_myelinating	malignant_to_microenvironment	malignant_state	oligodendrocyte_reference
Malignant_cycling_candidate	Mural_Pericyte_Fibroblast	LGALS1	ITGB1	2.024788	4.0892143	1.082173832087954	1.3137609594247417	0.03562801	0.91444033	0.0003015033902424	magnitude_rank	0.0003015033902424	LGALS1→ITGB1	malignant_or_cycling	non_malignant_reference_like	malignant_or_cycling_to_non_malignant_reference_like	primary_rank<=0.05	Malignant_cycling_candidate	Mural_Pericyte_Fibroblast	Malignant_cycling_candidate	Mural_Pericyte_Fibroblast	malignant_to_microenvironment	malignant_state	mural_pericyte_fibroblast
Malignant_cycling_candidate	Endothelial	PTN	PTPRB	2.1345654	3.258967	2.770182251782724	1.317102301641183	0.17515841	0.90513486	0.000314728163111	magnitude_rank	0.000314728163111	PTN→PTPRB	malignant_or_cycling	non_malignant_reference_like	malignant_or_cycling_to_non_malignant_reference_like	primary_rank<=0.05	Malignant_cycling_candidate	Endothelial	Malignant_cycling_candidate	Endothelial	malignant_to_microenvironment	malignant_state	endothelial
Malignant_OPC_NPC_like_malignant	Endothelial	PTN	PTPRB	2.1045666	3.1992376	2.748044774409592	1.3571452029791402	0.17194818	0.9043377	0.000342025708603	magnitude_rank	0.000342025708603	PTN→PTPRB	malignant_or_cycling	non_malignant_reference_like	malignant_or_cycling_to_non_malignant_reference_like	primary_rank<=0.05	Malignant_OPC_NPC_like_malignant	Endothelial	Malignant_OPC_NPC_like_malignant	Endothelial	malignant_to_microenvironment	malignant_state	endothelial
Malignant_cycling_candidate	Oligodendrocyte_myelinating	TIMP1	CD63	2.0042849	3.7188463	0.0246621224894898	-0.3361255895092752	0.015585536	0.9106526	0.000342025708603	magnitude_rank	0.000342025708603	TIMP1→CD63	malignant_or_cycling	non_malignant_reference_like	malignant_or_cycling_to_non_malignant_reference_like	primary_rank<=0.05	Malignant_cycling_candidate	Oligodendrocyte_myelinating	Malignant_cycling_candidate	Oligodendrocyte_myelinating	malignant_to_microenvironment	malignant_state	oligodendrocyte_reference
Malignant_hypoxia_stress_malignant	B_Plasma	APP	CD74	2.0037086	3.295812	1.2226914477358033	1.4409635836940982	0.038791254	0.9056164	0.0003466852115132	magnitude_rank	0.0003466852115132	APP→CD74	malignant_or_cycling	non_malignant_reference_like	malignant_or_cycling_to_non_malignant_reference_like	primary_rank<=0.05	Malignant_hypoxia_stress_malignant	B_Plasma	Malignant_hypoxia_stress_malignant	B_Plasma	malignant_to_microenvironment	malignant_state	B_plasma
Malignant_AC_like_reactive_malignant	B_Plasma	PTN	NCL	1.9953678	3.150566	-0.0384550628525609	-0.0023449936039869	0.017089773	0.9036726	0.0003801804386208	magnitude_rank	0.0003801804386208	PTN→NCL	malignant_or_cycling	non_malignant_reference_like	malignant_or_cycling_to_non_malignant_reference_like	primary_rank<=0.05	Malignant_AC_like_reactive_malignant	B_Plasma	Malignant_AC_like_reactive_malignant	B_Plasma	malignant_to_microenvironment	malignant_state	B_plasma
Malignant_AC_like_reactive_malignant	Mural_Pericyte_Fibroblast	LGALS1	ITGB1	1.9820585	3.9074004	1.049599472397646	1.1434915715221414	0.034043923	0.9126444	0.0004152129280914	magnitude_rank	0.0004152129280914	LGALS1→ITGB1	malignant_or_cycling	non_malignant_reference_like	malignant_or_cycling_to_non_malignant_reference_like	primary_rank<=0.05	Malignant_AC_like_reactive_malignant	Mural_Pericyte_Fibroblast	Malignant_AC_like_reactive_malignant	Mural_Pericyte_Fibroblast	malignant_to_microenvironment	malignant_state	mural_pericyte_fibroblast
Malignant_AC_like_reactive_malignant	Oligodendrocyte_myelinating	TIMP1	CD63	1.9655974	3.521504	-0.0064456998285766	-0.2649716535179256	0.014758482	0.9084094	0.0004843485124598	magnitude_rank	0.0004843485124598	TIMP1→CD63	malignant_or_cycling	non_malignant_reference_like	malignant_or_cycling_to_non_malignant_reference_like	primary_rank<=0.05	Malignant_AC_like_reactive_malignant	Oligodendrocyte_myelinating	Malignant_AC_like_reactive_malignant	Oligodendrocyte_myelinating	malignant_to_microenvironment	malignant_state	oligodendrocyte_reference
Malignant_AC_like_reactive_malignant	Endothelial	PTN	NCL	1.9720595	3.0150554	-0.0634345055564557	0.0015974692154705	0.016354717	0.901742	0.0004898859672159	magnitude_rank	0.0004898859672159	PTN→NCL	malignant_or_cycling	non_malignant_reference_like	malignant_or_cycling_to_non_malignant_reference_like	primary_rank<=0.05	Malignant_AC_like_reactive_malignant	Endothelial	Malignant_AC_like_reactive_malignant	Endothelial	malignant_to_microenvironment	malignant_state	endothelial
Malignant_cycling_candidate	B_Plasma	APP	CD74	1.9611368	3.0530107	1.178629521260676	1.3236684047427505	0.035933513	0.9022948	0.0005180428129815	magnitude_rank	0.0005180428129815	APP→CD74	malignant_or_cycling	non_malignant_reference_like	malignant_or_cycling_to_non_malignant_reference_like	primary_rank<=0.05	Malignant_cycling_candidate	B_Plasma	Malignant_cycling_candidate	B_Plasma	malignant_to_microenvironment	malignant_state	B_plasma
Malignant_AC_like_reactive_malignant	Oligodendrocyte_myelinating	PTN	NCL	1.965027	2.9741695	-0.0709711760549513	-0.0573667792434908	0.016132936	0.90113544	0.0005237681277522	magnitude_rank	0.0005237681277522	PTN→NCL	malignant_or_cycling	non_malignant_reference_like	malignant_or_cycling_to_non_malignant_reference_like	primary_rank<=0.05	Malignant_AC_like_reactive_malignant	Oligodendrocyte_myelinating	Malignant_AC_like_reactive_malignant	Oligodendrocyte_myelinating	malignant_to_microenvironment	malignant_state	oligodendrocyte_reference
Malignant_AC_like_reactive_malignant	Endothelial	PTN	PTPRB	1.9512246	2.8939245	2.634961472430213	1.2022427780671876	0.15553863	0.8999104	0.0005767039744314	magnitude_rank	0.0005767039744314	PTN→PTPRB	malignant_or_cycling	non_malignant_reference_like	malignant_or_cycling_to_non_malignant_reference_like	primary_rank<=0.05	Malignant_AC_like_reactive_malignant	Endothelial	Malignant_AC_like_reactive_malignant	Endothelial	malignant_to_microenvironment	malignant_state	endothelial
Malignant_hypoxia_stress_malignant	Endothelial	VEGFA	ITGB1	1.9254932	3.7062612	1.504712451891148	2.4229831561073905	0.114959314	0.91051453	0.000677066294437	magnitude_rank	0.000677066294437	VEGFA→ITGB1	malignant_or_cycling	non_malignant_reference_like	malignant_or_cycling_to_non_malignant_reference_like	primary_rank<=0.05	Malignant_hypoxia_stress_malignant	Endothelial	Malignant_hypoxia_stress_malignant	Endothelial	malignant_to_microenvironment	malignant_state	endothelial
Malignant_cycling_candidate	Endothelial	LGALS1	ITGB1	1.9060107	3.6326191	0.9245176056574288	1.1884695130977996	0.031649843	0.90969354	0.0007438537201258	magnitude_rank	0.0007438537201258	LGALS1→ITGB1	malignant_or_cycling	non_malignant_reference_like	malignant_or_cycling_to_non_malignant_reference_like	primary_rank<=0.05	Malignant_cycling_candidate	Endothelial	Malignant_cycling_candidate	Endothelial	malignant_to_microenvironment	malignant_state	endothelial
Malignant_AC_like_reactive_malignant	Mural_Pericyte_Fibroblast	APOE	LRP1	1.9729347	2.5747852	0.7017072925274226	1.511869661493023	0.046477772	0.89452374	0.0008867881610634	magnitude_rank	0.0008867881610634	APOE→LRP1	malignant_or_cycling	non_malignant_reference_like	malignant_or_cycling_to_non_malignant_reference_like	primary_rank<=0.05	Malignant_AC_like_reactive_malignant	Mural_Pericyte_Fibroblast	Malignant_AC_like_reactive_malignant	Mural_Pericyte_Fibroblast	malignant_to_microenvironment	malignant_state	mural_pericyte_fibroblast
Malignant_OPC_NPC_like_malignant	B_Plasma	HMGB1	CXCR4	1.8744359	3.4818342	1.9198092003482472	1.3184284865669036	0.06639531	0.90793705	0.0009093035574741	magnitude_rank	0.0009093035574741	HMGB1→CXCR4	malignant_or_cycling	non_malignant_reference_like	malignant_or_cycling_to_non_malignant_reference_like	primary_rank<=0.05	Malignant_OPC_NPC_like_malignant	B_Plasma	Malignant_OPC_NPC_like_malignant	B_Plasma	malignant_to_microenvironment	malignant_state	B_plasma
Malignant_cycling_candidate	Mural_Pericyte_Fibroblast	PTN	SDC2	2.0244293	2.5378838	0.9285122846143468	0.8561716879443207	0.08700377	0.8938408	0.0009320994315296	magnitude_rank	0.0009320994315296	PTN→SDC2	malignant_or_cycling	non_malignant_reference_like	malignant_or_cycling_to_non_malignant_reference_like	primary_rank<=0.05	Malignant_cycling_candidate	Mural_Pericyte_Fibroblast	Malignant_cycling_candidate	Mural_Pericyte_Fibroblast	malignant_to_microenvironment	malignant_state	mural_pericyte_fibroblast
Malignant_hypoxia_stress_malignant	Endothelial	TIMP1	CD63	1.8683739	3.4898489	-0.1197857884174886	-0.0863394415405496	0.014625818	0.9080331	0.0009551753742951	magnitude_rank	0.0009551753742951	TIMP1→CD63	malignant_or_cycling	non_malignant_reference_like	malignant_or_cycling_to_non_malignant_reference_like	primary_rank<=0.05	Malignant_hypoxia_stress_malignant	Endothelial	Malignant_hypoxia_stress_malignant	Endothelial	malignant_to_microenvironment	malignant_state	endothelial
Malignant_OPC_NPC_like_malignant	Mural_Pericyte_Fibroblast	LGALS1	ITGB1	1.8681812	3.4228501	0.9627873573910194	0.9905327257707532	0.02982219	0.9072205	0.0009629296748324	magnitude_rank	0.0009629296748324	LGALS1→ITGB1	malignant_or_cycling	non_malignant_reference_like	malignant_or_cycling_to_non_malignant_reference_like	primary_rank<=0.05	Malignant_OPC_NPC_like_malignant	Mural_Pericyte_Fibroblast	Malignant_OPC_NPC_like_malignant	Mural_Pericyte_Fibroblast	malignant_to_microenvironment	malignant_state	mural_pericyte_fibroblast
Malignant_NPC_neuronal_like_malignant	Endothelial	CALM1	INSR	1.8677405	3.2676117	1.3481095141054813	1.5163172296297016	0.06119551	0.9052485	0.0009707151024853	magnitude_rank	0.0009707151024853	CALM1→INSR	malignant_or_cycling	non_malignant_reference_like	malignant_or_cycling_to_non_malignant_reference_like	primary_rank<=0.05	Malignant_NPC_neuronal_like_malignant	Endothelial	Malignant_NPC_neuronal_like_malignant	Endothelial	malignant_to_microenvironment	malignant_state	endothelial
Malignant_AC_like_reactive_malignant	Endothelial	LGALS1	ITGB1	1.8632815	3.4711063	0.8919432459671205	1.0182001251951995	0.030242631	0.90780795	0.0010101088776442	magnitude_rank	0.0010101088776442	LGALS1→ITGB1	malignant_or_cycling	non_malignant_reference_like	malignant_or_cycling_to_non_malignant_reference_like	primary_rank<=0.05	Malignant_AC_like_reactive_malignant	Endothelial	Malignant_AC_like_reactive_malignant	Endothelial	malignant_to_microenvironment	malignant_state	endothelial
Malignant_AC_like_reactive_malignant	B_Plasma	HMGB1	CXCR4	1.8591464	3.429958	1.9057495069489117	1.3520513404769294	0.06540608	0.9073077	0.0010180810111982	magnitude_rank	0.0010180810111982	HMGB1→CXCR4	malignant_or_cycling	non_malignant_reference_like	malignant_or_cycling_to_non_malignant_reference_like	primary_rank<=0.05	Malignant_AC_like_reactive_malignant	B_Plasma	Malignant_AC_like_reactive_malignant	B_Plasma	malignant_to_microenvironment	malignant_state	B_plasma
Malignant_OPC_NPC_like_malignant	Mural_Pericyte_Fibroblast	PTN	SDC2	1.9944305	2.4913702	0.9063748072412148	0.896214589282278	0.08540919	0.89296	0.0010180810111982	magnitude_rank	0.0010180810111982	PTN→SDC2	malignant_or_cycling	non_malignant_reference_like	malignant_or_cycling_to_non_malignant_reference_like	primary_rank<=0.05	Malignant_OPC_NPC_like_malignant	Mural_Pericyte_Fibroblast	Malignant_OPC_NPC_like_malignant	Mural_Pericyte_Fibroblast	malignant_to_microenvironment	malignant_state	mural_pericyte_fibroblast
Malignant_AC_like_reactive_malignant	Endothelial	HLA-A	APLP2	1.849829	3.1978564	0.334695987819672	0.5675479957507595	0.023178319	0.90431905	0.0010747566502288	magnitude_rank	0.0010747566502288	HLA-A→APLP2	malignant_or_cycling	non_malignant_reference_like	malignant_or_cycling_to_non_malignant_reference_like	primary_rank<=0.05	Malignant_AC_like_reactive_malignant	Endothelial	Malignant_AC_like_reactive_malignant	Endothelial	malignant_to_microenvironment	malignant_state	endothelial
Malignant_AC_like_reactive_malignant	Mural_Pericyte_Fibroblast	APOE	SDC2	1.9480486	2.4194543	1.290800831812856	1.945814090215716	0.10706185	0.8915521	0.0011926771709136	magnitude_rank	0.0011926771709136	APOE→SDC2	malignant_or_cycling	non_malignant_reference_like	malignant_or_cycling_to_non_malignant_reference_like	primary_rank<=0.05	Malignant_AC_like_reactive_malignant	Mural_Pericyte_Fibroblast	Malignant_AC_like_reactive_malignant	Mural_Pericyte_Fibroblast	malignant_to_microenvironment	malignant_state	mural_pericyte_fibroblast
Malignant_NPC_neuronal_like_malignant	B_Plasma	HMGB1	CXCR4	1.8297069	3.3300726	1.8786911503261672	1.3701667707561838	0.06350136	0.9060574	0.0012450780633267	magnitude_rank	0.0012450780633267	HMGB1→CXCR4	malignant_or_cycling	non_malignant_reference_like	malignant_or_cycling_to_non_malignant_reference_like	primary_rank<=0.05	Malignant_NPC_neuronal_like_malignant	B_Plasma	Malignant_NPC_neuronal_like_malignant	B_Plasma	malignant_to_microenvironment	malignant_state	B_plasma
Malignant_hypoxia_stress_malignant	B_Plasma	VIM	CD44	2.053611	2.3392317	0.4547980348143689	0.6501884449645735	0.02858006	0.8899112	0.0013532311648195	magnitude_rank	0.0013532311648195	VIM→CD44	malignant_or_cycling	non_malignant_reference_like	malignant_or_cycling_to_non_malignant_reference_like	primary_rank<=0.05	Malignant_hypoxia_stress_malignant	B_Plasma	Malignant_hypoxia_stress_malignant	B_Plasma	malignant_to_microenvironment	malignant_state	B_plasma
Malignant_cycling_candidate	Endothelial	CALM1	INSR	1.800051	3.0783787	1.2861315334033216	1.3231099991272997	0.057651572	0.90265894	0.0015336024522165	magnitude_rank	0.0015336024522165	CALM1→INSR	malignant_or_cycling	non_malignant_reference_like	malignant_or_cycling_to_non_malignant_reference_like	primary_rank<=0.05	Malignant_cycling_candidate	Endothelial	Malignant_cycling_candidate	Endothelial	malignant_to_microenvironment	malignant_state	endothelial
Malignant_OPC_NPC_like_malignant	Endothelial	HLA-A	APLP2	1.799623	3.0596359	0.2906571571629724	0.6262592875724174	0.022176486	0.90239036	0.001543405187392	magnitude_rank	0.001543405187392	HLA-A→APLP2	malignant_or_cycling	non_malignant_reference_like	malignant_or_cycling_to_non_malignant_reference_like	primary_rank<=0.05	Malignant_OPC_NPC_like_malignant	Endothelial	Malignant_OPC_NPC_like_malignant	Endothelial	malignant_to_microenvironment	malignant_state	endothelial
Malignant_AC_like_reactive_malignant	Endothelial	SPARC	ENG	1.795744	3.1453505	2.7099810556601813	1.9464887221576712	0.11372917	0.9036004	0.001622942585107	magnitude_rank	0.001622942585107	SPARC→ENG	malignant_or_cycling	non_malignant_reference_like	malignant_or_cycling_to_non_malignant_reference_like	primary_rank<=0.05	Malignant_AC_like_reactive_malignant	Endothelial	Malignant_AC_like_reactive_malignant	Endothelial	malignant_to_microenvironment	malignant_state	endothelial
Malignant_AC_like_reactive_malignant	Mural_Pericyte_Fibroblast	PTN	SDC2	1.8410885	2.253611	0.7932915052618361	0.7413121643703254	0.077258326	0.88807124	0.001622942585107	magnitude_rank	0.001622942585107	PTN→SDC2	malignant_or_cycling	non_malignant_reference_like	malignant_or_cycling_to_non_malignant_reference_like	primary_rank<=0.05	Malignant_AC_like_reactive_malignant	Mural_Pericyte_Fibroblast	Malignant_AC_like_reactive_malignant	Mural_Pericyte_Fibroblast	malignant_to_microenvironment	malignant_state	mural_pericyte_fibroblast
Malignant_OPC_NPC_like_malignant	Endothelial	CALM1	INSR	1.7916046	3.0547662	1.2783943504368651	1.4006123240427746	0.057209358	0.90232015	0.0016736586611288	magnitude_rank	0.0016736586611288	CALM1→INSR	malignant_or_cycling	non_malignant_reference_like	malignant_or_cycling_to_non_malignant_reference_like	primary_rank<=0.05	Malignant_OPC_NPC_like_malignant	Endothelial	Malignant_OPC_NPC_like_malignant	Endothelial	malignant_to_microenvironment	malignant_state	endothelial
Malignant_hypoxia_stress_malignant	Endothelial	HLA-A	APLP2	1.7899995	3.0331419	0.2822191816186913	0.4622053504827285	0.021984452	0.9020066	0.0016838946798211	magnitude_rank	0.0016838946798211	HLA-A→APLP2	malignant_or_cycling	non_malignant_reference_like	malignant_or_cycling_to_non_malignant_reference_like	primary_rank<=0.05	Malignant_hypoxia_stress_malignant	Endothelial	Malignant_hypoxia_stress_malignant	Endothelial	malignant_to_microenvironment	malignant_state	endothelial
Malignant_AC_like_reactive_malignant	B_Plasma	VIM	CD44	1.974469	2.2310953	0.4032447883000952	0.4851626012787416	0.02725888	0.8875712	0.0016941616119036	magnitude_rank	0.0016941616119036	VIM→CD44	malignant_or_cycling	non_malignant_reference_like	malignant_or_cycling_to_non_malignant_reference_like	primary_rank<=0.05	Malignant_AC_like_reactive_malignant	B_Plasma	Malignant_AC_like_reactive_malignant	B_Plasma	malignant_to_microenvironment	malignant_state	B_plasma
Malignant_OPC_NPC_like_malignant	Endothelial	TIMP1	CD63	1.7569394	3.0664964	-0.2093915724613003	-0.5715885074489513	0.012851563	0.90248895	0.0020502940447315	magnitude_rank	0.0020502940447315	TIMP1→CD63	malignant_or_cycling	non_malignant_reference_like	malignant_or_cycling_to_non_malignant_reference_like	primary_rank<=0.05	Malignant_OPC_NPC_like_malignant	Endothelial	Malignant_OPC_NPC_like_malignant	Endothelial	malignant_to_microenvironment	malignant_state	endothelial
Malignant_OPC_NPC_like_malignant	Endothelial	LGALS1	ITGB1	1.749404	3.04066	0.8051311309604939	0.8652412794438114	0.02649229	0.902116	0.002141687494811	magnitude_rank	0.002141687494811	LGALS1→ITGB1	malignant_or_cycling	non_malignant_reference_like	malignant_or_cycling_to_non_malignant_reference_like	primary_rank<=0.05	Malignant_OPC_NPC_like_malignant	Endothelial	Malignant_OPC_NPC_like_malignant	Endothelial	malignant_to_microenvironment	malignant_state	endothelial
Malignant_OPC_NPC_like_malignant	B_Plasma	MIF	CD74_CXCR4	1.7375381	3.0173514	1.9312487514365069	1.412164194294265	0.06591702	0.9017757	0.0023545287414259	magnitude_rank	0.0023545287414259	MIF→CD74_CXCR4	malignant_or_cycling	non_malignant_reference_like	malignant_or_cycling_to_non_malignant_reference_like	primary_rank<=0.05	Malignant_OPC_NPC_like_malignant	B_Plasma	Malignant_OPC_NPC_like_malignant	B_Plasma	malignant_to_microenvironment	malignant_state	B_plasma
Malignant_AC_like_reactive_malignant	Endothelial	CALM1	INSR	1.7179676	2.8489063	1.2109788639718484	1.2119926993681671	0.053354036	0.8992021	0.0026666675924372	magnitude_rank	0.0026666675924372	CALM1→INSR	malignant_or_cycling	non_malignant_reference_like	malignant_or_cycling_to_non_malignant_reference_like	primary_rank<=0.05	Malignant_AC_like_reactive_malignant	Endothelial	Malignant_AC_like_reactive_malignant	Endothelial	malignant_to_microenvironment	malignant_state	endothelial
Malignant_cycling_candidate	B_Plasma	MIF	CD74_CXCR4	1.7125309	2.9325037	1.909095837882724	1.406163972370951	0.064063445	0.90050524	0.002757504852805	magnitude_rank	0.002757504852805	MIF→CD74_CXCR4	malignant_or_cycling	non_malignant_reference_like	malignant_or_cycling_to_non_malignant_reference_like	primary_rank<=0.05	Malignant_cycling_candidate	B_Plasma	Malignant_cycling_candidate	B_Plasma	malignant_to_microenvironment	malignant_state	B_plasma
Malignant_cycling_candidate	Endothelial	HLA-A	APLP2	1.7060127	2.8019214	0.2085470465113996	0.3697305784423451	0.020308549	0.89844596	0.0029032851609193	magnitude_rank	0.0029032851609193	HLA-A→APLP2	malignant_or_cycling	non_malignant_reference_like	malignant_or_cycling_to_non_malignant_reference_like	primary_rank<=0.05	Malignant_cycling_candidate	Endothelial	Malignant_cycling_candidate	Endothelial	malignant_to_microenvironment	malignant_state	endothelial
Malignant_hypoxia_stress_malignant	B_Plasma	LGALS1	PTPRC	1.688742	2.3181396	2.478982787908418	1.3455030377052044	0.12038154	0.8894667	0.0032625874667224	magnitude_rank	0.0032625874667224	LGALS1→PTPRC	malignant_or_cycling	non_malignant_reference_like	malignant_or_cycling_to_non_malignant_reference_like	primary_rank<=0.05	Malignant_hypoxia_stress_malignant	B_Plasma	Malignant_hypoxia_stress_malignant	B_Plasma	malignant_to_microenvironment	malignant_state	B_plasma
Malignant_hypoxia_stress_malignant	Mural_Pericyte_Fibroblast	VIM	CD44	1.9827354	1.8538694	0.3649749638771734	0.4887384239570005	0.022650044	0.877993	0.003319700228542	magnitude_rank	0.003319700228542	VIM→CD44	malignant_or_cycling	non_malignant_reference_like	malignant_or_cycling_to_non_malignant_reference_like	primary_rank<=0.05	Malignant_hypoxia_stress_malignant	Mural_Pericyte_Fibroblast	Malignant_hypoxia_stress_malignant	Mural_Pericyte_Fibroblast	malignant_to_microenvironment	malignant_state	mural_pericyte_fibroblast
Malignant_hypoxia_stress_malignant	B_Plasma	LGALS1	CD69	1.6823001	2.2869697	2.428706287531509	1.6548222707469895	0.12488548	0.8887995	0.0033628556690073	magnitude_rank	0.0033628556690073	LGALS1→CD69	malignant_or_cycling	non_malignant_reference_like	malignant_or_cycling_to_non_malignant_reference_like	primary_rank<=0.05	Malignant_hypoxia_stress_malignant	B_Plasma	Malignant_hypoxia_stress_malignant	B_Plasma	malignant_to_microenvironment	malignant_state	B_plasma
Malignant_cycling_candidate	Endothelial	TIMP1	CD63	1.6788311	2.7697544	-0.2722032105613362	-0.7879705031419149	0.01160793	0.897918	0.0034499906815714	magnitude_rank	0.0034499906815714	TIMP1→CD63	malignant_or_cycling	non_malignant_reference_like	malignant_or_cycling_to_non_malignant_reference_like	primary_rank<=0.05	Malignant_cycling_candidate	Endothelial	Malignant_cycling_candidate	Endothelial	malignant_to_microenvironment	malignant_state	endothelial
Malignant_AC_like_reactive_malignant	Mural_Pericyte_Fibroblast	VIM	CD44	1.9035933	1.7681701	0.3134217173628998	0.3237125802711686	0.021602992	0.87543523	0.0039801695359321	magnitude_rank	0.0039801695359321	VIM→CD44	malignant_or_cycling	non_malignant_reference_like	malignant_or_cycling_to_non_malignant_reference_like	primary_rank<=0.05	Malignant_AC_like_reactive_malignant	Mural_Pericyte_Fibroblast	Malignant_AC_like_reactive_malignant	Mural_Pericyte_Fibroblast	malignant_to_microenvironment	malignant_state	mural_pericyte_fibroblast
Malignant_hypoxia_stress_malignant	B_Plasma	HMGB1	CXCR4	1.6408925	2.6894407	1.7051421340798578	1.0017427298061832	0.05128511	0.89656144	0.0046317423054866	magnitude_rank	0.0046317423054866	HMGB1→CXCR4	malignant_or_cycling	non_malignant_reference_like	malignant_or_cycling_to_non_malignant_reference_like	primary_rank<=0.05	Malignant_hypoxia_stress_malignant	B_Plasma	Malignant_hypoxia_stress_malignant	B_Plasma	malignant_to_microenvironment	malignant_state	B_plasma
Malignant_AC_like_reactive_malignant	Endothelial	TIMP1	CD63	1.6401436	2.622776	-0.3033110328794028	-0.7168165671505653	0.01099195	0.89539176	0.0046825690658825	magnitude_rank	0.0046825690658825	TIMP1→CD63	malignant_or_cycling	non_malignant_reference_like	malignant_or_cycling_to_non_malignant_reference_like	primary_rank<=0.05	Malignant_AC_like_reactive_malignant	Endothelial	Malignant_AC_like_reactive_malignant	Endothelial	malignant_to_microenvironment	malignant_state	endothelial
Malignant_cycling_candidate	Mural_Pericyte_Fibroblast	IRAK4	TLR4	0.08434392	0.0071007055	0.1591197016115725	0.0555291064381945	0.021449128	0.30813387	0.00491390066044	magnitude_rank	0.00491390066044	IRAK4→TLR4	malignant_or_cycling	non_malignant_reference_like	malignant_or_cycling_to_non_malignant_reference_like	primary_rank<=0.05	Malignant_cycling_candidate	Mural_Pericyte_Fibroblast	Malignant_cycling_candidate	Mural_Pericyte_Fibroblast	malignant_to_microenvironment	malignant_state	mural_pericyte_fibroblast
Malignant_AC_like_reactive_malignant	B_Plasma	MIF	CD74_CXCR4	1.6249838	2.6354637	1.8315474454468008	1.307434546893138	0.05757431	0.8956176	0.0050990010284857	magnitude_rank	0.0050990010284857	MIF→CD74_CXCR4	malignant_or_cycling	non_malignant_reference_like	malignant_or_cycling_to_non_malignant_reference_like	primary_rank<=0.05	Malignant_AC_like_reactive_malignant	B_Plasma	Malignant_AC_like_reactive_malignant	B_Plasma	malignant_to_microenvironment	malignant_state	B_plasma
Malignant_NPC_neuronal_like_malignant	B_Plasma	MIF	CD74_CXCR4	1.6223176	2.626417	1.82918693959619	1.3404318873197256	0.057376675	0.89545673	0.0052416866880379	magnitude_rank	0.0052416866880379	MIF→CD74_CXCR4	malignant_or_cycling	non_malignant_reference_like	malignant_or_cycling_to_non_malignant_reference_like	primary_rank<=0.05	Malignant_NPC_neuronal_like_malignant	B_Plasma	Malignant_NPC_neuronal_like_malignant	B_Plasma	malignant_to_microenvironment	malignant_state	B_plasma
Malignant_AC_like_reactive_malignant	Mural_Pericyte_Fibroblast	TGFB1	ACVR1B_TGFBR2	0.08731605	0.0073192427	0.0555780386268654	0.0402862085367728	0.008107487	0.3113744	0.0056694090647294	magnitude_rank	0.0056694090647294	TGFB1→ACVR1B_TGFBR2	malignant_or_cycling	non_malignant_reference_like	malignant_or_cycling_to_non_malignant_reference_like	primary_rank<=0.05	Malignant_AC_like_reactive_malignant	Mural_Pericyte_Fibroblast	Malignant_AC_like_reactive_malignant	Mural_Pericyte_Fibroblast	malignant_to_microenvironment	malignant_state	mural_pericyte_fibroblast
Malignant_hypoxia_stress_malignant	Mural_Pericyte_Fibroblast	PTN	NCL	1.603173	2.41014	-0.3077873066618169	-0.6126058308778042	0.013073443	0.89136547	0.0062357993484528	magnitude_rank	0.0062357993484528	PTN→NCL	malignant_or_cycling	non_malignant_reference_like	malignant_or_cycling_to_non_malignant_reference_like	primary_rank<=0.05	Malignant_hypoxia_stress_malignant	Mural_Pericyte_Fibroblast	Malignant_hypoxia_stress_malignant	Mural_Pericyte_Fibroblast	malignant_to_microenvironment	malignant_state	mural_pericyte_fibroblast
Malignant_AC_like_reactive_malignant	Mural_Pericyte_Fibroblast	TIMP2	ITGB1	1.5965049	2.2668626	1.2189761654706175	1.5673064132757857	0.04764991	0.8883623	0.0065525414979523	magnitude_rank	0.0065525414979523	TIMP2→ITGB1	malignant_or_cycling	non_malignant_reference_like	malignant_or_cycling_to_non_malignant_reference_like	primary_rank<=0.05	Malignant_AC_like_reactive_malignant	Mural_Pericyte_Fibroblast	Malignant_AC_like_reactive_malignant	Mural_Pericyte_Fibroblast	malignant_to_microenvironment	malignant_state	mural_pericyte_fibroblast
Malignant_cycling_candidate	Mural_Pericyte_Fibroblast	NID1	PTPRF	0.08683177	0.007402021	-0.1407469966869163	-0.242796801439171	0.0021924416	0.3125814	0.0068024326492622	magnitude_rank	0.0068024326492622	NID1→PTPRF	malignant_or_cycling	non_malignant_reference_like	malignant_or_cycling_to_non_malignant_reference_like	primary_rank<=0.05	Malignant_cycling_candidate	Mural_Pericyte_Fibroblast	Malignant_cycling_candidate	Mural_Pericyte_Fibroblast	malignant_to_microenvironment	malignant_state	mural_pericyte_fibroblast
Malignant_hypoxia_stress_malignant	Oligodendrocyte_myelinating	LGALS1	ITGB1	1.5857112	1.819615	0.3589094379559019	0.4932423157145701	0.01585372	0.87699056	0.0068155603182586	magnitude_rank	0.0068155603182586	LGALS1→ITGB1	malignant_or_cycling	non_malignant_reference_like	malignant_or_cycling_to_non_malignant_reference_like	primary_rank<=0.05	Malignant_hypoxia_stress_malignant	Oligodendrocyte_myelinating	Malignant_hypoxia_stress_malignant	Oligodendrocyte_myelinating	malignant_to_microenvironment	malignant_state	oligodendrocyte_reference
Malignant_hypoxia_stress_malignant	Oligodendrocyte_myelinating	TIMP1	FGFR2	1.5804431	2.4318807	1.3179189811400518	1.5862357029351315	0.12407264	0.89179945	0.0069180721019561	magnitude_rank	0.0069180721019561	TIMP1→FGFR2	malignant_or_cycling	non_malignant_reference_like	malignant_or_cycling_to_non_malignant_reference_like	primary_rank<=0.05	Malignant_hypoxia_stress_malignant	Oligodendrocyte_myelinating	Malignant_hypoxia_stress_malignant	Oligodendrocyte_myelinating	malignant_to_microenvironment	malignant_state	oligodendrocyte_reference
Malignant_hypoxia_stress_malignant	B_Plasma	MIF	CD44_CD74	1.5644302	1.6708367	0.4108748229135611	0.5412089121396589	0.026750075	0.87231505	0.00725115142649	magnitude_rank	0.00725115142649	MIF→CD44_CD74	malignant_or_cycling	non_malignant_reference_like	malignant_or_cycling_to_non_malignant_reference_like	primary_rank<=0.05	Malignant_hypoxia_stress_malignant	B_Plasma	Malignant_hypoxia_stress_malignant	B_Plasma	malignant_to_microenvironment	malignant_state	B_plasma
Malignant_cycling_candidate	Oligodendrocyte_myelinating	COL9A3	MAG	1.5634418	1.5583389	1.6530177131746795	2.200785077572436	0.23536888	0.8683826	0.0073356205124248	magnitude_rank	0.0073356205124248	COL9A3→MAG	malignant_or_cycling	non_malignant_reference_like	malignant_or_cycling_to_non_malignant_reference_like	primary_rank<=0.05	Malignant_cycling_candidate	Oligodendrocyte_myelinating	Malignant_cycling_candidate	Oligodendrocyte_myelinating	malignant_to_microenvironment	malignant_state	oligodendrocyte_reference
Malignant_AC_like_reactive_malignant	Mural_Pericyte_Fibroblast	HLA-A	APLP2	1.5563265	1.8341693	-0.0091594631554084	-0.0210280838453199	0.013294205	0.87741965	0.0076134521940613	magnitude_rank	0.0076134521940613	HLA-A→APLP2	malignant_or_cycling	non_malignant_reference_like	malignant_or_cycling_to_non_malignant_reference_like	primary_rank<=0.05	Malignant_AC_like_reactive_malignant	Mural_Pericyte_Fibroblast	Malignant_AC_like_reactive_malignant	Mural_Pericyte_Fibroblast	malignant_to_microenvironment	malignant_state	mural_pericyte_fibroblast
Malignant_cycling_candidate	B_Plasma	VIM	CD44	1.5523081	1.6542733	0.1282569409801016	-0.1143438625505971	0.020211436	0.87175924	0.0078306113737298	magnitude_rank	0.0078306113737298	VIM→CD44	malignant_or_cycling	non_malignant_reference_like	malignant_or_cycling_to_non_malignant_reference_like	primary_rank<=0.05	Malignant_cycling_candidate	B_Plasma	Malignant_cycling_candidate	B_Plasma	malignant_to_microenvironment	malignant_state	B_plasma
Malignant_hypoxia_stress_malignant	B_Plasma	PTN	NCL	1.5435091	2.1711028	-0.371727848891523	-0.6773789114790745	0.011776821	0.88620406	0.0080951470254787	magnitude_rank	0.0080951470254787	PTN→NCL	malignant_or_cycling	non_malignant_reference_like	malignant_or_cycling_to_non_malignant_reference_like	primary_rank<=0.05	Malignant_hypoxia_stress_malignant	B_Plasma	Malignant_hypoxia_stress_malignant	B_Plasma	malignant_to_microenvironment	malignant_state	B_plasma
Malignant_hypoxia_stress_malignant	Oligodendrocyte_myelinating	FN1	MAG	1.5420958	1.4514072	1.6891470248024618	2.2667020481516627	0.08980845	0.8642667	0.0081619522398288	magnitude_rank	0.0081619522398288	FN1→MAG	malignant_or_cycling	non_malignant_reference_like	malignant_or_cycling_to_non_malignant_reference_like	primary_rank<=0.05	Malignant_hypoxia_stress_malignant	Oligodendrocyte_myelinating	Malignant_hypoxia_stress_malignant	Oligodendrocyte_myelinating	malignant_to_microenvironment	malignant_state	oligodendrocyte_reference
Malignant_OPC_NPC_like_malignant	Mural_Pericyte_Fibroblast	VCAN	ITGB1	1.5418829	2.0344448	1.1740736396746825	1.5793879967840292	0.057387944	0.88288456	0.0082066389744419	magnitude_rank	0.0082066389744419	VCAN→ITGB1	malignant_or_cycling	non_malignant_reference_like	malignant_or_cycling_to_non_malignant_reference_like	primary_rank<=0.05	Malignant_OPC_NPC_like_malignant	Mural_Pericyte_Fibroblast	Malignant_OPC_NPC_like_malignant	Mural_Pericyte_Fibroblast	malignant_to_microenvironment	malignant_state	mural_pericyte_fibroblast
Malignant_OPC_NPC_like_malignant	B_Plasma	VIM	CD44	1.5413256	1.6392673	0.121106838005586	-0.1052074708598534	0.020028096	0.871249	0.0082290271142356	magnitude_rank	0.0082290271142356	VIM→CD44	malignant_or_cycling	non_malignant_reference_like	malignant_or_cycling_to_non_malignant_reference_like	primary_rank<=0.05	Malignant_OPC_NPC_like_malignant	B_Plasma	Malignant_OPC_NPC_like_malignant	B_Plasma	malignant_to_microenvironment	malignant_state	B_plasma
Malignant_AC_like_reactive_malignant	Oligodendrocyte_myelinating	APOE	ABCA1	1.7892897	1.4285319	0.649559075129411	1.495639263234047	0.035147622	0.8633322	0.0083639825995075	magnitude_rank	0.0083639825995075	APOE→ABCA1	malignant_or_cycling	non_malignant_reference_like	malignant_or_cycling_to_non_malignant_reference_like	primary_rank<=0.05	Malignant_AC_like_reactive_malignant	Oligodendrocyte_myelinating	Malignant_AC_like_reactive_malignant	Oligodendrocyte_myelinating	malignant_to_microenvironment	malignant_state	oligodendrocyte_reference
Malignant_hypoxia_stress_malignant	Mural_Pericyte_Fibroblast	NLGN2	NRXN2	0.08806881	0.007482643	-0.2310645550432765	-0.3253776860960167	0.0041980213	0.31374642	0.0085014325871647	magnitude_rank	0.0085014325871647	NLGN2→NRXN2	malignant_or_cycling	non_malignant_reference_like	malignant_or_cycling_to_non_malignant_reference_like	primary_rank<=0.05	Malignant_hypoxia_stress_malignant	Mural_Pericyte_Fibroblast	Malignant_hypoxia_stress_malignant	Mural_Pericyte_Fibroblast	malignant_to_microenvironment	malignant_state	mural_pericyte_fibroblast
Malignant_OPC_NPC_like_malignant	Oligodendrocyte_myelinating	COL9A3	MAG	1.5296545	1.3890829	1.6044926560028072	2.1940044177768403	0.20980476	0.8616717	0.00921991173911	magnitude_rank	0.00921991173911	COL9A3→MAG	malignant_or_cycling	non_malignant_reference_like	malignant_or_cycling_to_non_malignant_reference_like	primary_rank<=0.05	Malignant_OPC_NPC_like_malignant	Oligodendrocyte_myelinating	Malignant_OPC_NPC_like_malignant	Oligodendrocyte_myelinating	malignant_to_microenvironment	malignant_state	oligodendrocyte_reference
Malignant_hypoxia_stress_malignant	Endothelial	PTN	NCL	1.5202008	2.0777204	-0.3967072915954177	-0.6734364486596169	0.011270282	0.88396835	0.00921991173911	magnitude_rank	0.00921991173911	PTN→NCL	malignant_or_cycling	non_malignant_reference_like	malignant_or_cycling_to_non_malignant_reference_like	primary_rank<=0.05	Malignant_hypoxia_stress_malignant	Endothelial	Malignant_hypoxia_stress_malignant	Endothelial	malignant_to_microenvironment	malignant_state	endothelial
Malignant_AC_like_reactive_malignant	Oligodendrocyte_myelinating	APOE	LRP2	1.7785842	1.3617122	1.4057178706256774	1.8669816064628293	0.21575688	0.8604814	0.0096026558162989	magnitude_rank	0.0096026558162989	APOE→LRP2	malignant_or_cycling	non_malignant_reference_like	malignant_or_cycling_to_non_malignant_reference_like	primary_rank<=0.05	Malignant_AC_like_reactive_malignant	Oligodendrocyte_myelinating	Malignant_AC_like_reactive_malignant	Oligodendrocyte_myelinating	malignant_to_microenvironment	malignant_state	oligodendrocyte_reference
Malignant_hypoxia_stress_malignant	Oligodendrocyte_myelinating	PTN	NCL	1.5131683	2.0495453	-0.4042439620939133	-0.7324006971185784	0.01111745	0.8832663	0.0097238241630812	magnitude_rank	0.0097238241630812	PTN→NCL	malignant_or_cycling	non_malignant_reference_like	malignant_or_cycling_to_non_malignant_reference_like	primary_rank<=0.05	Malignant_hypoxia_stress_malignant	Oligodendrocyte_myelinating	Malignant_hypoxia_stress_malignant	Oligodendrocyte_myelinating	malignant_to_microenvironment	malignant_state	oligodendrocyte_reference
Malignant_hypoxia_stress_malignant	Endothelial	LGALS3	ENG	1.5105621	2.2817855	2.686403939480644	2.1201622534191413	0.18628234	0.88868725	0.0098212899625829	magnitude_rank	0.0098212899625829	LGALS3→ENG	malignant_or_cycling	non_malignant_reference_like	malignant_or_cycling_to_non_malignant_reference_like	primary_rank<=0.05	Malignant_hypoxia_stress_malignant	Endothelial	Malignant_hypoxia_stress_malignant	Endothelial	malignant_to_microenvironment	malignant_state	endothelial
Malignant_AC_like_reactive_malignant	Mural_Pericyte_Fibroblast	APOE	ABCA1	1.7755376	1.3426955	0.6275865257612498	1.3828231665006514	0.033035703	0.85963506	0.0099930019008978	magnitude_rank	0.0099930019008978	APOE→ABCA1	malignant_or_cycling	non_malignant_reference_like	malignant_or_cycling_to_non_malignant_reference_like	primary_rank<=0.05	Malignant_AC_like_reactive_malignant	Mural_Pericyte_Fibroblast	Malignant_AC_like_reactive_malignant	Mural_Pericyte_Fibroblast	malignant_to_microenvironment	malignant_state	mural_pericyte_fibroblast
Malignant_OPC_NPC_like_malignant	Mural_Pericyte_Fibroblast	HLA-A	APLP2	1.5061204	1.7548913	-0.053198293812108	0.0376832079763379	0.012719592	0.8750236	0.0100176495288899	magnitude_rank	0.0100176495288899	HLA-A→APLP2	malignant_or_cycling	non_malignant_reference_like	malignant_or_cycling_to_non_malignant_reference_like	primary_rank<=0.05	Malignant_OPC_NPC_like_malignant	Mural_Pericyte_Fibroblast	Malignant_OPC_NPC_like_malignant	Mural_Pericyte_Fibroblast	malignant_to_microenvironment	malignant_state	mural_pericyte_fibroblast
Malignant_AC_like_reactive_malignant	Oligodendrocyte_myelinating	PSAP	GPR37	1.5034275	2.2508805	1.2459444754847817	1.5123256960399103	0.10234748	0.888011	0.0101413366009068	magnitude_rank	0.0101413366009068	PSAP→GPR37	malignant_or_cycling	non_malignant_reference_like	malignant_or_cycling_to_non_malignant_reference_like	primary_rank<=0.05	Malignant_AC_like_reactive_malignant	Oligodendrocyte_myelinating	Malignant_AC_like_reactive_malignant	Oligodendrocyte_myelinating	malignant_to_microenvironment	malignant_state	oligodendrocyte_reference
Malignant_NPC_neuronal_like_malignant	B_Plasma	COPA	CD74	1.6606517	1.3392429	1.3135546983692326	1.6680728085780283	0.04288753	0.85947967	0.0101413366009068	magnitude_rank	0.0101413366009068	COPA→CD74	malignant_or_cycling	non_malignant_reference_like	malignant_or_cycling_to_non_malignant_reference_like	primary_rank<=0.05	Malignant_NPC_neuronal_like_malignant	B_Plasma	Malignant_NPC_neuronal_like_malignant	B_Plasma	malignant_to_microenvironment	malignant_state	B_plasma
Malignant_hypoxia_stress_malignant	Endothelial	PTN	PTPRB	1.4993659	1.9942472	2.301688686391251	0.5272088601921001	0.10718402	0.8818489	0.010416056276146	magnitude_rank	0.010416056276146	PTN→PTPRB	malignant_or_cycling	non_malignant_reference_like	malignant_or_cycling_to_non_malignant_reference_like	primary_rank<=0.05	Malignant_hypoxia_stress_malignant	Endothelial	Malignant_hypoxia_stress_malignant	Endothelial	malignant_to_microenvironment	malignant_state	endothelial
Malignant_cycling_candidate	Mural_Pericyte_Fibroblast	COL11A1	DDR1	0.08741036	0.0076061147	-0.384280668422042	-0.7216088704727384	0.0017442101	0.31551105	0.0105771146901242	magnitude_rank	0.0105771146901242	COL11A1→DDR1	malignant_or_cycling	non_malignant_reference_like	malignant_or_cycling_to_non_malignant_reference_like	primary_rank<=0.05	Malignant_cycling_candidate	Mural_Pericyte_Fibroblast	Malignant_cycling_candidate	Mural_Pericyte_Fibroblast	malignant_to_microenvironment	malignant_state	mural_pericyte_fibroblast
Malignant_hypoxia_stress_malignant	Mural_Pericyte_Fibroblast	HLA-A	APLP2	1.4964969	1.7396953	-0.061636269356389	-0.126370729113351	0.012609449	0.8745473	0.010618102928815	magnitude_rank	0.010618102928815	HLA-A→APLP2	malignant_or_cycling	non_malignant_reference_like	malignant_or_cycling_to_non_malignant_reference_like	primary_rank<=0.05	Malignant_hypoxia_stress_malignant	Mural_Pericyte_Fibroblast	Malignant_hypoxia_stress_malignant	Mural_Pericyte_Fibroblast	malignant_to_microenvironment	malignant_state	mural_pericyte_fibroblast
Malignant_AC_like_reactive_malignant	Oligodendrocyte_myelinating	APOE	SORL1	1.7708209	1.3132555	0.8577354890655178	1.645465276744522	0.06534917	0.85829216	0.0107964454870888	magnitude_rank	0.0107964454870888	APOE→SORL1	malignant_or_cycling	non_malignant_reference_like	malignant_or_cycling_to_non_malignant_reference_like	primary_rank<=0.05	Malignant_AC_like_reactive_malignant	Oligodendrocyte_myelinating	Malignant_AC_like_reactive_malignant	Oligodendrocyte_myelinating	malignant_to_microenvironment	malignant_state	oligodendrocyte_reference
Malignant_cycling_candidate	Mural_Pericyte_Fibroblast	VIM	CD44	1.4814324	1.3110317	0.038433870042906	-0.2757938835581701	0.016017808	0.85818905	0.0111834854123091	magnitude_rank	0.0111834854123091	VIM→CD44	malignant_or_cycling	non_malignant_reference_like	malignant_or_cycling_to_non_malignant_reference_like	primary_rank<=0.05	Malignant_cycling_candidate	Mural_Pericyte_Fibroblast	Malignant_cycling_candidate	Mural_Pericyte_Fibroblast	malignant_to_microenvironment	malignant_state	mural_pericyte_fibroblast
Malignant_AC_like_reactive_malignant	Endothelial	TIMP2	ITGB1	1.4777277	2.0137482	1.0613199390400925	1.4420149669488438	0.042329393	0.88235486	0.0113926236164628	magnitude_rank	0.0113926236164628	TIMP2→ITGB1	malignant_or_cycling	non_malignant_reference_like	malignant_or_cycling_to_non_malignant_reference_like	primary_rank<=0.05	Malignant_AC_like_reactive_malignant	Endothelial	Malignant_AC_like_reactive_malignant	Endothelial	malignant_to_microenvironment	malignant_state	endothelial
Malignant_cycling_candidate	Endothelial	PTN	PTPRZ1	1.8332957	1.2864935	-0.4037989065666896	-1.245724106454762	0.0063567106	0.85703546	0.0113926236164628	magnitude_rank	0.0113926236164628	PTN→PTPRZ1	malignant_or_cycling	non_malignant_reference_like	malignant_or_cycling_to_non_malignant_reference_like	primary_rank<=0.05	Malignant_cycling_candidate	Endothelial	Malignant_cycling_candidate	Endothelial	malignant_to_microenvironment	malignant_state	endothelial
Malignant_NPC_neuronal_like_malignant	Oligodendrocyte_myelinating	CALM1	PTPRA	1.4730525	1.4223039	0.0781701634187633	0.1835437613883138	0.0153057	0.86307424	0.0115507162376446	magnitude_rank	0.0115507162376446	CALM1→PTPRA	malignant_or_cycling	non_malignant_reference_like	malignant_or_cycling_to_non_malignant_reference_like	primary_rank<=0.05	Malignant_NPC_neuronal_like_malignant	Oligodendrocyte_myelinating	Malignant_NPC_neuronal_like_malignant	Oligodendrocyte_myelinating	malignant_to_microenvironment	malignant_state	oligodendrocyte_reference
Malignant_OPC_NPC_like_malignant	Mural_Pericyte_Fibroblast	VIM	CD44	1.4704499	1.2991391	0.0312837670683905	-0.2666574918674265	0.015872508	0.85763365	0.0116301594078647	magnitude_rank	0.0116301594078647	VIM→CD44	malignant_or_cycling	non_malignant_reference_like	malignant_or_cycling_to_non_malignant_reference_like	primary_rank<=0.05	Malignant_OPC_NPC_like_malignant	Mural_Pericyte_Fibroblast	Malignant_OPC_NPC_like_malignant	Mural_Pericyte_Fibroblast	malignant_to_microenvironment	malignant_state	mural_pericyte_fibroblast
Malignant_OPC_NPC_like_malignant	Oligodendrocyte_myelinating	TIMP1	FGFR2	1.4690086	2.1368701	1.22831319709624	1.1009866370267298	0.109021425	0.8854002	0.0117098678309774	magnitude_rank	0.0117098678309774	TIMP1→FGFR2	malignant_or_cycling	non_malignant_reference_like	malignant_or_cycling_to_non_malignant_reference_like	primary_rank<=0.05	Malignant_OPC_NPC_like_malignant	Oligodendrocyte_myelinating	Malignant_OPC_NPC_like_malignant	Oligodendrocyte_myelinating	malignant_to_microenvironment	malignant_state	oligodendrocyte_reference
Malignant_NPC_neuronal_like_malignant	Oligodendrocyte_myelinating	CALM1	PDE1C	1.4683348	1.4002465	0.8670148116479338	0.8849863303833492	0.08571218	0.86214805	0.011763154894992	magnitude_rank	0.011763154894992	CALM1→PDE1C	malignant_or_cycling	non_malignant_reference_like	malignant_or_cycling_to_non_malignant_reference_like	primary_rank<=0.05	Malignant_NPC_neuronal_like_malignant	Oligodendrocyte_myelinating	Malignant_NPC_neuronal_like_malignant	Oligodendrocyte_myelinating	malignant_to_microenvironment	malignant_state	oligodendrocyte_reference
Malignant_cycling_candidate	Mural_Pericyte_Fibroblast	VCAN	ITGB1	1.4675157	1.7180116	1.0906318640764632	1.24201930113131	0.048461944	0.8738576	0.0117898438019871	magnitude_rank	0.0117898438019871	VCAN→ITGB1	malignant_or_cycling	non_malignant_reference_like	malignant_or_cycling_to_non_malignant_reference_like	primary_rank<=0.05	Malignant_cycling_candidate	Mural_Pericyte_Fibroblast	Malignant_cycling_candidate	Mural_Pericyte_Fibroblast	malignant_to_microenvironment	malignant_state	mural_pericyte_fibroblast
Malignant_OPC_NPC_like_malignant	Endothelial	PTN	PTPRZ1	1.8032969	1.262915	-0.4259363839398217	-1.2056812051168049	0.0062402072	0.8558985	0.0120313573910183	magnitude_rank	0.0120313573910183	PTN→PTPRZ1	malignant_or_cycling	non_malignant_reference_like	malignant_or_cycling_to_non_malignant_reference_like	primary_rank<=0.05	Malignant_OPC_NPC_like_malignant	Endothelial	Malignant_OPC_NPC_like_malignant	Endothelial	malignant_to_microenvironment	malignant_state	endothelial
Malignant_NPC_neuronal_like_malignant	Mural_Pericyte_Fibroblast	PTN	NCL	1.4561992	2.0564787	-0.4161899839876604	-0.7312343369148986	0.0111550605	0.8834403	0.0121394626725848	magnitude_rank	0.0121394626725848	PTN→NCL	malignant_or_cycling	non_malignant_reference_like	malignant_or_cycling_to_non_malignant_reference_like	primary_rank<=0.05	Malignant_NPC_neuronal_like_malignant	Mural_Pericyte_Fibroblast	Malignant_NPC_neuronal_like_malignant	Mural_Pericyte_Fibroblast	malignant_to_microenvironment	malignant_state	mural_pericyte_fibroblast
Malignant_hypoxia_stress_malignant	B_Plasma	LGALS1	ITGB1	1.4697123	1.2583435	0.2049411309613397	0.350278098800831	0.0109635405	0.85567474	0.0121665613544574	magnitude_rank	0.0121665613544574	LGALS1→ITGB1	malignant_or_cycling	non_malignant_reference_like	malignant_or_cycling_to_non_malignant_reference_like	primary_rank<=0.05	Malignant_hypoxia_stress_malignant	B_Plasma	Malignant_hypoxia_stress_malignant	B_Plasma	malignant_to_microenvironment	malignant_state	B_plasma
Malignant_NPC_neuronal_like_malignant	Mural_Pericyte_Fibroblast	LGALS1	ITGB1	1.4545196	1.6627127	0.6474486016244287	0.444916295591083	0.01448668	0.8720434	0.0121936918599824	magnitude_rank	0.0121936918599824	LGALS1→ITGB1	malignant_or_cycling	non_malignant_reference_like	malignant_or_cycling_to_non_malignant_reference_like	primary_rank<=0.05	Malignant_NPC_neuronal_like_malignant	Mural_Pericyte_Fibroblast	Malignant_NPC_neuronal_like_malignant	Mural_Pericyte_Fibroblast	malignant_to_microenvironment	malignant_state	mural_pericyte_fibroblast
Malignant_hypoxia_stress_malignant	Endothelial	VEGFA	FLT1_KDR	1.4443828	1.8193154	3.0660371499011254	2.3789989138386307	0.4324029	0.8769817	0.0126041587739518	magnitude_rank	0.0126041587739518	VEGFA→FLT1_KDR	malignant_or_cycling	non_malignant_reference_like	malignant_or_cycling_to_non_malignant_reference_like	primary_rank<=0.05	Malignant_hypoxia_stress_malignant	Endothelial	Malignant_hypoxia_stress_malignant	Endothelial	malignant_to_microenvironment	malignant_state	endothelial
Malignant_cycling_candidate	B_Plasma	LGALS1	PTPRC	1.4401271	1.8417002	2.289460692788777	1.063390567011515	0.09563994	0.87763983	0.0129372903363817	magnitude_rank	0.0129372903363817	LGALS1→PTPRC	malignant_or_cycling	non_malignant_reference_like	malignant_or_cycling_to_non_malignant_reference_like	primary_rank<=0.05	Malignant_cycling_candidate	B_Plasma	Malignant_cycling_candidate	B_Plasma	malignant_to_microenvironment	malignant_state	B_plasma
Malignant_cycling_candidate	Endothelial	PTN	SDC3	1.8249193	1.2316521	0.0810966033581627	0.0547360222898601	0.020234032	0.85434586	0.0129932236281979	magnitude_rank	0.0129932236281979	PTN→SDC3	malignant_or_cycling	non_malignant_reference_like	malignant_or_cycling_to_non_malignant_reference_like	primary_rank<=0.05	Malignant_cycling_candidate	Endothelial	Malignant_cycling_candidate	Endothelial	malignant_to_microenvironment	malignant_state	endothelial
Malignant_OPC_NPC_like_malignant	Mural_Pericyte_Fibroblast	TIMP2	ITGB1	1.4375207	1.590382	1.0312922043878372	1.194957635445676	0.03343015	0.86954135	0.0130773423632111	magnitude_rank	0.0130773423632111	TIMP2→ITGB1	malignant_or_cycling	non_malignant_reference_like	malignant_or_cycling_to_non_malignant_reference_like	primary_rank<=0.05	Malignant_OPC_NPC_like_malignant	Mural_Pericyte_Fibroblast	Malignant_OPC_NPC_like_malignant	Mural_Pericyte_Fibroblast	malignant_to_microenvironment	malignant_state	mural_pericyte_fibroblast
Malignant_AC_like_reactive_malignant	Mural_Pericyte_Fibroblast	VCAN	ITGB1	1.4371834	1.5889465	1.0565999564366402	1.233470213090258	0.044821255	0.86949015	0.0131054422684907	magnitude_rank	0.0131054422684907	VCAN→ITGB1	malignant_or_cycling	non_malignant_reference_like	malignant_or_cycling_to_non_malignant_reference_like	primary_rank<=0.05	Malignant_AC_like_reactive_malignant	Mural_Pericyte_Fibroblast	Malignant_AC_like_reactive_malignant	Mural_Pericyte_Fibroblast	malignant_to_microenvironment	malignant_state	mural_pericyte_fibroblast
Malignant_OPC_NPC_like_malignant	B_Plasma	COPA	CD74	1.6413717	1.2292829	1.2829406528120486	1.5561850050617958	0.039366204	0.854226	0.0131054422684907	magnitude_rank	0.0131054422684907	COPA→CD74	malignant_or_cycling	non_malignant_reference_like	malignant_or_cycling_to_non_malignant_reference_like	primary_rank<=0.05	Malignant_OPC_NPC_like_malignant	B_Plasma	Malignant_OPC_NPC_like_malignant	B_Plasma	malignant_to_microenvironment	malignant_state	B_plasma
Malignant_cycling_candidate	Endothelial	HMGB1	CXCR4	1.7481055	1.2215657	0.780519380209457	1.2422365271788842	0.023294114	0.85383344	0.0133029527032144	magnitude_rank	0.0133029527032144	HMGB1→CXCR4	malignant_or_cycling	non_malignant_reference_like	malignant_or_cycling_to_non_malignant_reference_like	primary_rank<=0.05	Malignant_cycling_candidate	Endothelial	Malignant_cycling_candidate	Endothelial	malignant_to_microenvironment	malignant_state	endothelial
Malignant_cycling_candidate	B_Plasma	LGALS1	CD69	1.4336852	1.8169366	2.239184192411868	1.3727098000532998	0.0992182	0.8769111	0.0133596484461353	magnitude_rank	0.0133596484461353	LGALS1→CD69	malignant_or_cycling	non_malignant_reference_like	malignant_or_cycling_to_non_malignant_reference_like	primary_rank<=0.05	Malignant_cycling_candidate	B_Plasma	Malignant_cycling_candidate	B_Plasma	malignant_to_microenvironment	malignant_state	B_plasma
Malignant_AC_like_reactive_malignant	Mural_Pericyte_Fibroblast	LGALS3BP	ITGB1	1.4306538	1.5611632	1.1048208093156808	1.3021322076109147	0.04117903	0.868486	0.0135590052500427	magnitude_rank	0.0135590052500427	LGALS3BP→ITGB1	malignant_or_cycling	non_malignant_reference_like	malignant_or_cycling_to_non_malignant_reference_like	primary_rank<=0.05	Malignant_AC_like_reactive_malignant	Mural_Pericyte_Fibroblast	Malignant_AC_like_reactive_malignant	Mural_Pericyte_Fibroblast	malignant_to_microenvironment	malignant_state	mural_pericyte_fibroblast
Malignant_NPC_neuronal_like_malignant	Mural_Pericyte_Fibroblast	CALM1	PTPRA	1.4279629	1.2114934	0.0194699629001677	0.0614784235058711	0.013037125	0.853316	0.0137022812377447	magnitude_rank	0.0137022812377447	CALM1→PTPRA	malignant_or_cycling	non_malignant_reference_like	malignant_or_cycling_to_non_malignant_reference_like	primary_rank<=0.05	Malignant_NPC_neuronal_like_malignant	Mural_Pericyte_Fibroblast	Malignant_NPC_neuronal_like_malignant	Mural_Pericyte_Fibroblast	malignant_to_microenvironment	malignant_state	mural_pericyte_fibroblast
Malignant_OPC_NPC_like_malignant	Endothelial	PTN	SDC3	1.7949206	1.2090789	0.0589591259850307	0.0947789236278174	0.019863188	0.85319114	0.0137886001657033	magnitude_rank	0.0137886001657033	PTN→SDC3	malignant_or_cycling	non_malignant_reference_like	malignant_or_cycling_to_non_malignant_reference_like	primary_rank<=0.05	Malignant_OPC_NPC_like_malignant	Endothelial	Malignant_OPC_NPC_like_malignant	Endothelial	malignant_to_microenvironment	malignant_state	endothelial
Malignant_hypoxia_stress_malignant	Endothelial	CALM1	INSR	1.423163	2.0247498	0.9410533919359856	0.7995244671049604	0.037919316	0.8826374	0.0137886001657033	magnitude_rank	0.0137886001657033	CALM1→INSR	malignant_or_cycling	non_malignant_reference_like	malignant_or_cycling_to_non_malignant_reference_like	primary_rank<=0.05	Malignant_hypoxia_stress_malignant	Endothelial	Malignant_hypoxia_stress_malignant	Endothelial	malignant_to_microenvironment	malignant_state	endothelial
Malignant_OPC_NPC_like_malignant	Endothelial	VCAN	ITGB1	1.4231057	1.807282	1.016417413244157	1.4540965504570873	0.050980095	0.8766233	0.0138174299722916	magnitude_rank	0.0138174299722916	VCAN→ITGB1	malignant_or_cycling	non_malignant_reference_like	malignant_or_cycling_to_non_malignant_reference_like	primary_rank<=0.05	Malignant_OPC_NPC_like_malignant	Endothelial	Malignant_OPC_NPC_like_malignant	Endothelial	malignant_to_microenvironment	malignant_state	endothelial
Malignant_cycling_candidate	Mural_Pericyte_Fibroblast	TIMP2	ITGB1	1.4158245	1.4980646	1.005678751791918	1.1079778300480618	0.03148962	0.8661119	0.0143120320584339	magnitude_rank	0.0143120320584339	TIMP2→ITGB1	malignant_or_cycling	non_malignant_reference_like	malignant_or_cycling_to_non_malignant_reference_like	primary_rank<=0.05	Malignant_cycling_candidate	Mural_Pericyte_Fibroblast	Malignant_cycling_candidate	Mural_Pericyte_Fibroblast	malignant_to_microenvironment	malignant_state	mural_pericyte_fibroblast
Malignant_AC_like_reactive_malignant	Oligodendrocyte_myelinating	PSAP	SORT1	1.4148744	1.9674307	0.820057268192783	1.16196262032313	0.044512387	0.8811417	0.0143707760653113	magnitude_rank	0.0143707760653113	PSAP→SORT1	malignant_or_cycling	non_malignant_reference_like	malignant_or_cycling_to_non_malignant_reference_like	primary_rank<=0.05	Malignant_AC_like_reactive_malignant	Oligodendrocyte_myelinating	Malignant_AC_like_reactive_malignant	Oligodendrocyte_myelinating	malignant_to_microenvironment	malignant_state	oligodendrocyte_reference
Malignant_cycling_candidate	Mural_Pericyte_Fibroblast	HLA-A	APLP2	1.4125103	1.6070759	-0.1353084044636808	-0.2188455011537343	0.011648214	0.8701325	0.0145772988023018	magnitude_rank	0.0145772988023018	HLA-A→APLP2	malignant_or_cycling	non_malignant_reference_like	malignant_or_cycling_to_non_malignant_reference_like	primary_rank<=0.05	Malignant_cycling_candidate	Mural_Pericyte_Fibroblast	Malignant_cycling_candidate	Mural_Pericyte_Fibroblast	malignant_to_microenvironment	malignant_state	mural_pericyte_fibroblast
Malignant_cycling_candidate	Oligodendrocyte_myelinating	CALM1	PTPRA	1.4053631	1.3399358	0.0161921827166037	-0.0096634691140881	0.01441932	0.8595109	0.0151149268183241	magnitude_rank	0.0151149268183241	CALM1→PTPRA	malignant_or_cycling	non_malignant_reference_like	malignant_or_cycling_to_non_malignant_reference_like	primary_rank<=0.05	Malignant_cycling_candidate	Oligodendrocyte_myelinating	Malignant_cycling_candidate	Oligodendrocyte_myelinating	malignant_to_microenvironment	malignant_state	oligodendrocyte_reference
Malignant_cycling_candidate	Endothelial	HMGB1	THBD	1.7393856	1.1674587	1.6849188694945774	1.2615136630009238	0.119923025	0.8509837	0.0151450707241534	magnitude_rank	0.0151450707241534	HMGB1→THBD	malignant_or_cycling	non_malignant_reference_like	malignant_or_cycling_to_non_malignant_reference_like	primary_rank<=0.05	Malignant_cycling_candidate	Endothelial	Malignant_cycling_candidate	Endothelial	malignant_to_microenvironment	malignant_state	endothelial
Malignant_cycling_candidate	B_Plasma	COPA	CD74	1.6304331	1.1668962	1.2655715657022677	1.5028861035557772	0.03736835	0.85095316	0.0152659430842359	magnitude_rank	0.0152659430842359	COPA→CD74	malignant_or_cycling	non_malignant_reference_like	malignant_or_cycling_to_non_malignant_reference_like	primary_rank<=0.05	Malignant_cycling_candidate	B_Plasma	Malignant_cycling_candidate	B_Plasma	malignant_to_microenvironment	malignant_state	B_plasma
Malignant_cycling_candidate	Oligodendrocyte_myelinating	CALM1	PDE1C	1.4006453	1.3191558	0.8050368309457743	0.6917790998809472	0.08074844	0.85856456	0.0152659430842359	magnitude_rank	0.0152659430842359	CALM1→PDE1C	malignant_or_cycling	non_malignant_reference_like	malignant_or_cycling_to_non_malignant_reference_like	primary_rank<=0.05	Malignant_cycling_candidate	Oligodendrocyte_myelinating	Malignant_cycling_candidate	Oligodendrocyte_myelinating	malignant_to_microenvironment	malignant_state	oligodendrocyte_reference
Malignant_NPC_neuronal_like_malignant	Mural_Pericyte_Fibroblast	NLGN3	NRXN2	0.09147565	0.007970037	-0.3118945883748193	-0.4245251961587484	0.003400871	0.32057938	0.0152910030925663	magnitude_rank	0.0152910030925663	NLGN3→NRXN2	malignant_or_cycling	non_malignant_reference_like	malignant_or_cycling_to_non_malignant_reference_like	primary_rank<=0.05	Malignant_NPC_neuronal_like_malignant	Mural_Pericyte_Fibroblast	Malignant_NPC_neuronal_like_malignant	Mural_Pericyte_Fibroblast	malignant_to_microenvironment	malignant_state	mural_pericyte_fibroblast
Malignant_NPC_neuronal_like_malignant	Oligodendrocyte_myelinating	CALM1	GRM3	1.417854	1.1642305	0.9905475000302548	0.8281148016232273	0.090017855	0.850808	0.0153265540636856	magnitude_rank	0.0153265540636856	CALM1→GRM3	malignant_or_cycling	non_malignant_reference_like	malignant_or_cycling_to_non_malignant_reference_like	primary_rank<=0.05	Malignant_NPC_neuronal_like_malignant	Oligodendrocyte_myelinating	Malignant_NPC_neuronal_like_malignant	Oligodendrocyte_myelinating	malignant_to_microenvironment	malignant_state	oligodendrocyte_reference
Malignant_AC_like_reactive_malignant	B_Plasma	LGALS1	PTPRC	1.3973978	1.7598149	2.2568863330984685	0.8931211791089146	0.09138761	0.8751767	0.0154785898214784	magnitude_rank	0.0154785898214784	LGALS1→PTPRC	malignant_or_cycling	non_malignant_reference_like	malignant_or_cycling_to_non_malignant_reference_like	primary_rank<=0.05	Malignant_AC_like_reactive_malignant	B_Plasma	Malignant_AC_like_reactive_malignant	B_Plasma	malignant_to_microenvironment	malignant_state	B_plasma
Malignant_OPC_NPC_like_malignant	Oligodendrocyte_myelinating	CALM1	PTPRA	1.3969166	1.3296579	0.0084549997501474	0.0678388558013868	0.014308717	0.8590453	0.0155396084703899	magnitude_rank	0.0155396084703899	CALM1→PTPRA	malignant_or_cycling	non_malignant_reference_like	malignant_or_cycling_to_non_malignant_reference_like	primary_rank<=0.05	Malignant_OPC_NPC_like_malignant	Oligodendrocyte_myelinating	Malignant_OPC_NPC_like_malignant	Oligodendrocyte_myelinating	malignant_to_microenvironment	malignant_state	oligodendrocyte_reference
Malignant_NPC_neuronal_like_malignant	B_Plasma	PTN	NCL	1.3965353	1.8525175	-0.4801305262173664	-0.7960074175161689	0.010048702	0.87795395	0.0155701601024118	magnitude_rank	0.0155701601024118	PTN→NCL	malignant_or_cycling	non_malignant_reference_like	malignant_or_cycling_to_non_malignant_reference_like	primary_rank<=0.05	Malignant_NPC_neuronal_like_malignant	B_Plasma	Malignant_NPC_neuronal_like_malignant	B_Plasma	malignant_to_microenvironment	malignant_state	B_plasma
Malignant_hypoxia_stress_malignant	Endothelial	VEGFA	NRP1	1.3948519	1.6250523	1.624733450784129	2.13119033302596	0.21752447	0.8707597	0.0156926630655409	magnitude_rank	0.0156926630655409	VEGFA→NRP1	malignant_or_cycling	non_malignant_reference_like	malignant_or_cycling_to_non_malignant_reference_like	primary_rank<=0.05	Malignant_hypoxia_stress_malignant	Endothelial	Malignant_hypoxia_stress_malignant	Endothelial	malignant_to_microenvironment	malignant_state	endothelial
Malignant_hypoxia_stress_malignant	B_Plasma	TIMP1	CD63	1.3923619	1.7407982	-0.553989539352728	-0.7598180074802676	0.0072956164	0.87458205	0.0158156315334995	magnitude_rank	0.0158156315334995	TIMP1→CD63	malignant_or_cycling	non_malignant_reference_like	malignant_or_cycling_to_non_malignant_reference_like	primary_rank<=0.05	Malignant_hypoxia_stress_malignant	B_Plasma	Malignant_hypoxia_stress_malignant	B_Plasma	malignant_to_microenvironment	malignant_state	B_plasma
Malignant_OPC_NPC_like_malignant	Oligodendrocyte_myelinating	CALM1	PDE1C	1.3921989	1.3090372	0.797299647979318	0.7692814247964221	0.08012906	0.8580964	0.0158464477320716	magnitude_rank	0.0158464477320716	CALM1→PDE1C	malignant_or_cycling	non_malignant_reference_like	malignant_or_cycling_to_non_malignant_reference_like	primary_rank<=0.05	Malignant_OPC_NPC_like_malignant	Oligodendrocyte_myelinating	Malignant_OPC_NPC_like_malignant	Oligodendrocyte_myelinating	malignant_to_microenvironment	malignant_state	oligodendrocyte_reference
Malignant_AC_like_reactive_malignant	B_Plasma	COPA	CD74	1.6274667	1.1499773	1.26086110037804	1.5599882106202387	0.036826544	0.8500246	0.0159699951024906	magnitude_rank	0.0159699951024906	COPA→CD74	malignant_or_cycling	non_malignant_reference_like	malignant_or_cycling_to_non_malignant_reference_like	primary_rank<=0.05	Malignant_AC_like_reactive_malignant	B_Plasma	Malignant_AC_like_reactive_malignant	B_Plasma	malignant_to_microenvironment	malignant_state	B_plasma
Malignant_AC_like_reactive_malignant	B_Plasma	LGALS1	CD69	1.3909559	1.7361523	2.206609832721559	1.2024404121506995	0.09480677	0.8744354	0.0159699951024906	magnitude_rank	0.0159699951024906	LGALS1→CD69	malignant_or_cycling	non_malignant_reference_like	malignant_or_cycling_to_non_malignant_reference_like	primary_rank<=0.05	Malignant_AC_like_reactive_malignant	B_Plasma	Malignant_AC_like_reactive_malignant	B_Plasma	malignant_to_microenvironment	malignant_state	B_plasma
Malignant_cycling_candidate	Oligodendrocyte_myelinating	TIMP1	FGFR2	1.3909004	1.9300871	1.165501558996204	0.8846046413337663	0.09847152	0.8801346	0.0160319445849226	magnitude_rank	0.0160319445849226	TIMP1→FGFR2	malignant_or_cycling	non_malignant_reference_like	malignant_or_cycling_to_non_malignant_reference_like	primary_rank<=0.05	Malignant_cycling_candidate	Oligodendrocyte_myelinating	Malignant_cycling_candidate	Oligodendrocyte_myelinating	malignant_to_microenvironment	malignant_state	oligodendrocyte_reference
Malignant_hypoxia_stress_malignant	Mural_Pericyte_Fibroblast	PTN	SDC2	1.3892298	1.5529975	0.4600187192228741	0.0662782464952379	0.053239882	0.86818624	0.0161250881649617	magnitude_rank	0.0161250881649617	PTN→SDC2	malignant_or_cycling	non_malignant_reference_like	malignant_or_cycling_to_non_malignant_reference_like	primary_rank<=0.05	Malignant_hypoxia_stress_malignant	Mural_Pericyte_Fibroblast	Malignant_hypoxia_stress_malignant	Mural_Pericyte_Fibroblast	malignant_to_microenvironment	malignant_state	mural_pericyte_fibroblast
Malignant_NPC_neuronal_like_malignant	Oligodendrocyte_myelinating	CALM1	INSR	1.4139808	1.1461222	0.4302709911147875	0.5924557344150081	0.021464465	0.8498104	0.016156192304389	magnitude_rank	0.016156192304389	CALM1→INSR	malignant_or_cycling	non_malignant_reference_like	malignant_or_cycling_to_non_malignant_reference_like	primary_rank<=0.05	Malignant_NPC_neuronal_like_malignant	Oligodendrocyte_myelinating	Malignant_NPC_neuronal_like_malignant	Oligodendrocyte_myelinating	malignant_to_microenvironment	malignant_state	oligodendrocyte_reference
Malignant_OPC_NPC_like_malignant	Mural_Pericyte_Fibroblast	BMP2	RGMB	0.09133116	0.008020478	-0.065507737942966	-0.097512866602134	0.0102373455	0.3212668	0.0162331859358575	magnitude_rank	0.0162331859358575	BMP2→RGMB	malignant_or_cycling	non_malignant_reference_like	malignant_or_cycling_to_non_malignant_reference_like	primary_rank<=0.05	Malignant_OPC_NPC_like_malignant	Mural_Pericyte_Fibroblast	Malignant_OPC_NPC_like_malignant	Mural_Pericyte_Fibroblast	malignant_to_microenvironment	malignant_state	mural_pericyte_fibroblast
Malignant_AC_like_reactive_malignant	Endothelial	PTN	PTPRZ1	1.6499549	1.1423912	-0.5390196859192004	-1.3605836300287573	0.005644685	0.8496022	0.0163434354495056	magnitude_rank	0.0163434354495056	PTN→PTPRZ1	malignant_or_cycling	non_malignant_reference_like	malignant_or_cycling_to_non_malignant_reference_like	primary_rank<=0.05	Malignant_AC_like_reactive_malignant	Endothelial	Malignant_AC_like_reactive_malignant	Endothelial	malignant_to_microenvironment	malignant_state	endothelial
Malignant_cycling_candidate	Oligodendrocyte_myelinating	PTN	PTPRZ1	1.8107746	1.1390429	-0.4191464244950499	-1.2643727335889416	0.00562814	0.8494146	0.0164688450075139	magnitude_rank	0.0164688450075139	PTN→PTPRZ1	malignant_or_cycling	non_malignant_reference_like	malignant_or_cycling_to_non_malignant_reference_like	primary_rank<=0.05	Malignant_cycling_candidate	Oligodendrocyte_myelinating	Malignant_cycling_candidate	Oligodendrocyte_myelinating	malignant_to_microenvironment	malignant_state	oligodendrocyte_reference
Malignant_cycling_candidate	Endothelial	CALM3	INSR	1.3817575	1.9089963	1.4518167832225728	1.64147265326483	0.08807698	0.8795538	0.0165002685783191	magnitude_rank	0.0165002685783191	CALM3→INSR	malignant_or_cycling	non_malignant_reference_like	malignant_or_cycling_to_non_malignant_reference_like	primary_rank<=0.05	Malignant_cycling_candidate	Endothelial	Malignant_cycling_candidate	Endothelial	malignant_to_microenvironment	malignant_state	endothelial
Malignant_cycling_candidate	Oligodendrocyte_myelinating	PTN	PTPRS	1.8094479	1.1303571	0.2049972244225908	0.2407656832196821	0.0243242	0.8489244	0.017038930117217	magnitude_rank	0.017038930117217	PTN→PTPRS	malignant_or_cycling	non_malignant_reference_like	malignant_or_cycling_to_non_malignant_reference_like	primary_rank<=0.05	Malignant_cycling_candidate	Oligodendrocyte_myelinating	Malignant_cycling_candidate	Oligodendrocyte_myelinating	malignant_to_microenvironment	malignant_state	oligodendrocyte_reference
Malignant_NPC_neuronal_like_malignant	Endothelial	PTN	NCL	1.373227	1.7728379	-0.5051099689212611	-0.7920649546967113	0.009616493	0.8755789	0.0172310466852476	magnitude_rank	0.0172310466852476	PTN→NCL	malignant_or_cycling	non_malignant_reference_like	malignant_or_cycling_to_non_malignant_reference_like	primary_rank<=0.05	Malignant_NPC_neuronal_like_malignant	Endothelial	Malignant_NPC_neuronal_like_malignant	Endothelial	malignant_to_microenvironment	malignant_state	endothelial
Malignant_OPC_NPC_like_malignant	Oligodendrocyte_myelinating	PTN	PTPRZ1	1.7807758	1.1181668	-0.441283901868182	-1.2243298322509844	0.0055249897	0.84822774	0.0177158970959848	magnitude_rank	0.0177158970959848	PTN→PTPRZ1	malignant_or_cycling	non_malignant_reference_like	malignant_or_cycling_to_non_malignant_reference_like	primary_rank<=0.05	Malignant_OPC_NPC_like_malignant	Oligodendrocyte_myelinating	Malignant_OPC_NPC_like_malignant	Oligodendrocyte_myelinating	malignant_to_microenvironment	malignant_state	oligodendrocyte_reference
Malignant_hypoxia_stress_malignant	Mural_Pericyte_Fibroblast	LRRC4B	PTPRF	0.091265514	0.008067932	-0.2543732072512503	-0.3422035541269164	0.0040018484	0.32191035	0.0177402651948115	magnitude_rank	0.0177402651948115	LRRC4B→PTPRF	malignant_or_cycling	non_malignant_reference_like	malignant_or_cycling_to_non_malignant_reference_like	primary_rank<=0.05	Malignant_hypoxia_stress_malignant	Mural_Pericyte_Fibroblast	Malignant_hypoxia_stress_malignant	Mural_Pericyte_Fibroblast	malignant_to_microenvironment	malignant_state	mural_pericyte_fibroblast
Malignant_NPC_neuronal_like_malignant	Oligodendrocyte_myelinating	PTN	NCL	1.3661945	1.7487972	-0.5126466394197569	-0.8510292031556728	0.009486088	0.8748333	0.0179771433315802	magnitude_rank	0.0179771433315802	PTN→NCL	malignant_or_cycling	non_malignant_reference_like	malignant_or_cycling_to_non_malignant_reference_like	primary_rank<=0.05	Malignant_NPC_neuronal_like_malignant	Oligodendrocyte_myelinating	Malignant_NPC_neuronal_like_malignant	Oligodendrocyte_myelinating	malignant_to_microenvironment	malignant_state	oligodendrocyte_reference
Malignant_OPC_NPC_like_malignant	Oligodendrocyte_myelinating	PTN	PTPRS	1.7794491	1.1096402	0.1828597470494587	0.2808085845576394	0.023878394	0.84773433	0.0180427446820663	magnitude_rank	0.0180427446820663	PTN→PTPRS	malignant_or_cycling	non_malignant_reference_like	malignant_or_cycling_to_non_malignant_reference_like	primary_rank<=0.05	Malignant_OPC_NPC_like_malignant	Oligodendrocyte_myelinating	Malignant_OPC_NPC_like_malignant	Oligodendrocyte_myelinating	malignant_to_microenvironment	malignant_state	oligodendrocyte_reference
Malignant_AC_like_reactive_malignant	Mural_Pericyte_Fibroblast	IRAK4	TLR4	0.08989922	0.00807817	0.1786278326769939	0.0824634638829249	0.02440176	0.32204875	0.0181169567431495	magnitude_rank	0.0181169567431495	IRAK4→TLR4	malignant_or_cycling	non_malignant_reference_like	malignant_or_cycling_to_non_malignant_reference_like	primary_rank<=0.05	Malignant_AC_like_reactive_malignant	Mural_Pericyte_Fibroblast	Malignant_AC_like_reactive_malignant	Mural_Pericyte_Fibroblast	malignant_to_microenvironment	malignant_state	mural_pericyte_fibroblast
Malignant_OPC_NPC_like_malignant	Endothelial	SPARC	ENG	1.3605745	1.8276051	2.3454988589119594	1.2008786199791437	0.06608231	0.8772267	0.0183724847883892	magnitude_rank	0.0183724847883892	SPARC→ENG	malignant_or_cycling	non_malignant_reference_like	malignant_or_cycling_to_non_malignant_reference_like	primary_rank<=0.05	Malignant_OPC_NPC_like_malignant	Endothelial	Malignant_OPC_NPC_like_malignant	Endothelial	malignant_to_microenvironment	malignant_state	endothelial
Malignant_cycling_candidate	Mural_Pericyte_Fibroblast	CALM1	PTPRA	1.3602734	1.1413337	-0.0425080178019918	-0.1317288069965307	0.012282122	0.84954304	0.0184719684280347	magnitude_rank	0.0184719684280347	CALM1→PTPRA	malignant_or_cycling	non_malignant_reference_like	malignant_or_cycling_to_non_malignant_reference_like	primary_rank<=0.05	Malignant_cycling_candidate	Mural_Pericyte_Fibroblast	Malignant_cycling_candidate	Mural_Pericyte_Fibroblast	malignant_to_microenvironment	malignant_state	mural_pericyte_fibroblast
Malignant_OPC_NPC_like_malignant	Mural_Pericyte_Fibroblast	LGALS3BP	ITGB1	1.3568606	1.2471722	1.0115976255033636	1.1547018205189052	0.032896843	0.8551232	0.0187719805067612	magnitude_rank	0.0187719805067612	LGALS3BP→ITGB1	malignant_or_cycling	non_malignant_reference_like	malignant_or_cycling_to_non_malignant_reference_like	primary_rank<=0.05	Malignant_OPC_NPC_like_malignant	Mural_Pericyte_Fibroblast	Malignant_OPC_NPC_like_malignant	Mural_Pericyte_Fibroblast	malignant_to_microenvironment	malignant_state	mural_pericyte_fibroblast
Malignant_hypoxia_stress_malignant	Oligodendrocyte_myelinating	VEGFA	ITGB1	1.3565788	1.4749423	0.7495821890699802	1.4456434880304712	0.04574917	0.86520743	0.0188054610538088	magnitude_rank	0.0188054610538088	VEGFA→ITGB1	malignant_or_cycling	non_malignant_reference_like	malignant_or_cycling_to_non_malignant_reference_like	primary_rank<=0.05	Malignant_hypoxia_stress_malignant	Oligodendrocyte_myelinating	Malignant_hypoxia_stress_malignant	Oligodendrocyte_myelinating	malignant_to_microenvironment	malignant_state	oligodendrocyte_reference
Malignant_AC_like_reactive_malignant	Endothelial	PTN	SDC3	1.6415786	1.0936928	-0.054124175994348	-0.0601235012841351	0.017967584	0.8467977	0.0188389674666176	magnitude_rank	0.0188389674666176	PTN→SDC3	malignant_or_cycling	non_malignant_reference_like	malignant_or_cycling_to_non_malignant_reference_like	primary_rank<=0.05	Malignant_AC_like_reactive_malignant	Endothelial	Malignant_AC_like_reactive_malignant	Endothelial	malignant_to_microenvironment	malignant_state	endothelial
Malignant_NPC_neuronal_like_malignant	Endothelial	PTN	PTPRB	1.3523921	1.7016135	2.193286009065408	0.4085803541550057	0.09145595	0.8733281	0.0189732873518151	magnitude_rank	0.0189732873518151	PTN→PTPRB	malignant_or_cycling	non_malignant_reference_like	malignant_or_cycling_to_non_malignant_reference_like	primary_rank<=0.05	Malignant_NPC_neuronal_like_malignant	Endothelial	Malignant_NPC_neuronal_like_malignant	Endothelial	malignant_to_microenvironment	malignant_state	endothelial
Malignant_AC_like_reactive_malignant	Oligodendrocyte_myelinating	TIMP1	FGFR2	1.3522128	1.8276662	1.1343937366781376	0.9557585773251158	0.09324609	0.8772285	0.0190743284065624	magnitude_rank	0.0190743284065624	TIMP1→FGFR2	malignant_or_cycling	non_malignant_reference_like	malignant_or_cycling_to_non_malignant_reference_like	primary_rank<=0.05	Malignant_AC_like_reactive_malignant	Oligodendrocyte_myelinating	Malignant_AC_like_reactive_malignant	Oligodendrocyte_myelinating	malignant_to_microenvironment	malignant_state	oligodendrocyte_reference
Malignant_OPC_NPC_like_malignant	Mural_Pericyte_Fibroblast	CALM1	PTPRA	1.351827	1.1325791	-0.0502452007684481	-0.0542264820810558	0.012187913	0.8490502	0.0191080683818413	magnitude_rank	0.0191080683818413	CALM1→PTPRA	malignant_or_cycling	non_malignant_reference_like	malignant_or_cycling_to_non_malignant_reference_like	primary_rank<=0.05	Malignant_OPC_NPC_like_malignant	Mural_Pericyte_Fibroblast	Malignant_OPC_NPC_like_malignant	Mural_Pericyte_Fibroblast	malignant_to_microenvironment	malignant_state	mural_pericyte_fibroblast
Malignant_cycling_candidate	Oligodendrocyte_myelinating	CALM1	GRM3	1.3501644	1.0968078	0.9285695193280952	0.6349075711208253	0.08480476	0.8469821	0.0192094551778963	magnitude_rank	0.0192094551778963	CALM1→GRM3	malignant_or_cycling	non_malignant_reference_like	malignant_or_cycling_to_non_malignant_reference_like	primary_rank<=0.05	Malignant_cycling_candidate	Oligodendrocyte_myelinating	Malignant_cycling_candidate	Oligodendrocyte_myelinating	malignant_to_microenvironment	malignant_state	oligodendrocyte_reference
Malignant_hypoxia_stress_malignant	Endothelial	VEGFA	NRP2	1.3497688	1.4482331	1.149785716528089	1.9132903057499573	0.1476711	0.86413825	0.0192433103857152	magnitude_rank	0.0192433103857152	VEGFA→NRP2	malignant_or_cycling	non_malignant_reference_like	malignant_or_cycling_to_non_malignant_reference_like	primary_rank<=0.05	Malignant_hypoxia_stress_malignant	Endothelial	Malignant_hypoxia_stress_malignant	Endothelial	malignant_to_microenvironment	malignant_state	endothelial
Malignant_hypoxia_stress_malignant	Oligodendrocyte_myelinating	PSAP	GPR37	1.348748	1.8157971	1.087709049310415	1.1193761551293364	0.08256425	0.87687725	0.019345042794844	magnitude_rank	0.019345042794844	PSAP→GPR37	malignant_or_cycling	non_malignant_reference_like	malignant_or_cycling_to_non_malignant_reference_like	primary_rank<=0.05	Malignant_hypoxia_stress_malignant	Oligodendrocyte_myelinating	Malignant_hypoxia_stress_malignant	Oligodendrocyte_myelinating	malignant_to_microenvironment	malignant_state	oligodendrocyte_reference
Malignant_cycling_candidate	Endothelial	VCAN	ITGB1	1.3487387	1.5261811	0.9329756376459378	1.116727854804368	0.04305076	0.86718637	0.0193790131924558	magnitude_rank	0.0193790131924558	VCAN→ITGB1	malignant_or_cycling	non_malignant_reference_like	malignant_or_cycling_to_non_malignant_reference_like	primary_rank<=0.05	Malignant_cycling_candidate	Endothelial	Malignant_cycling_candidate	Endothelial	malignant_to_microenvironment	malignant_state	endothelial
Malignant_cycling_candidate	Oligodendrocyte_myelinating	CALM1	INSR	1.3462913	1.0797483	0.3682930104126279	0.3992485039126061	0.02022142	0.8459635	0.0197888816768897	magnitude_rank	0.0197888816768897	CALM1→INSR	malignant_or_cycling	non_malignant_reference_like	malignant_or_cycling_to_non_malignant_reference_like	primary_rank<=0.05	Malignant_cycling_candidate	Oligodendrocyte_myelinating	Malignant_cycling_candidate	Oligodendrocyte_myelinating	malignant_to_microenvironment	malignant_state	oligodendrocyte_reference
Malignant_OPC_NPC_like_malignant	Oligodendrocyte_myelinating	CALM1	GRM3	1.3417181	1.0883949	0.920832336361639	0.7124098960363002	0.08415427	0.84648246	0.0198232261448314	magnitude_rank	0.0198232261448314	CALM1→GRM3	malignant_or_cycling	non_malignant_reference_like	malignant_or_cycling_to_non_malignant_reference_like	primary_rank<=0.05	Malignant_OPC_NPC_like_malignant	Oligodendrocyte_myelinating	Malignant_OPC_NPC_like_malignant	Oligodendrocyte_myelinating	malignant_to_microenvironment	malignant_state	oligodendrocyte_reference
Malignant_hypoxia_stress_malignant	B_Plasma	COPA	CD74	1.6148384	1.0779538	1.2408077187687363	1.5132874246686832	0.034520082	0.8458551	0.0198919982991527	magnitude_rank	0.0198919982991527	COPA→CD74	malignant_or_cycling	non_malignant_reference_like	malignant_or_cycling_to_non_malignant_reference_like	primary_rank<=0.05	Malignant_hypoxia_stress_malignant	B_Plasma	Malignant_hypoxia_stress_malignant	B_Plasma	malignant_to_microenvironment	malignant_state	B_plasma
Malignant_OPC_NPC_like_malignant	Oligodendrocyte_myelinating	CALM1	INSR	1.337845	1.0714661	0.3605558274461716	0.476750828828081	0.020066313	0.84546113	0.0203418147896293	magnitude_rank	0.0203418147896293	CALM1→INSR	malignant_or_cycling	non_malignant_reference_like	malignant_or_cycling_to_non_malignant_reference_like	primary_rank<=0.05	Malignant_OPC_NPC_like_malignant	Oligodendrocyte_myelinating	Malignant_OPC_NPC_like_malignant	Oligodendrocyte_myelinating	malignant_to_microenvironment	malignant_state	oligodendrocyte_reference
Malignant_cycling_candidate	Oligodendrocyte_myelinating	LGALS1	ITGB1	1.3370962	1.4456358	0.1693873428362607	0.2111298450208804	0.012595359	0.8640328	0.0204811978436265	magnitude_rank	0.0204811978436265	LGALS1→ITGB1	malignant_or_cycling	non_malignant_reference_like	malignant_or_cycling_to_non_malignant_reference_like	primary_rank<=0.05	Malignant_cycling_candidate	Oligodendrocyte_myelinating	Malignant_cycling_candidate	Oligodendrocyte_myelinating	malignant_to_microenvironment	malignant_state	oligodendrocyte_reference
Malignant_NPC_neuronal_like_malignant	Endothelial	LGALS1	ITGB1	1.3357425	1.4770567	0.4897923751939033	0.3196248492641411	0.01286912	0.86529094	0.0206210401616688	magnitude_rank	0.0206210401616688	LGALS1→ITGB1	malignant_or_cycling	non_malignant_reference_like	malignant_or_cycling_to_non_malignant_reference_like	primary_rank<=0.05	Malignant_NPC_neuronal_like_malignant	Endothelial	Malignant_NPC_neuronal_like_malignant	Endothelial	malignant_to_microenvironment	malignant_state	endothelial
Malignant_cycling_candidate	Mural_Pericyte_Fibroblast	FARP2	PLXNA2	0.093277544	0.0082762055	0.0002864127401923	-0.0261246194624529	0.008700207	0.32469836	0.0207529031977328	magnitude_rank	0.0207529031977328	FARP2→PLXNA2	malignant_or_cycling	non_malignant_reference_like	malignant_or_cycling_to_non_malignant_reference_like	primary_rank<=0.05	Malignant_cycling_candidate	Mural_Pericyte_Fibroblast	Malignant_cycling_candidate	Mural_Pericyte_Fibroblast	malignant_to_microenvironment	malignant_state	mural_pericyte_fibroblast
Malignant_hypoxia_stress_malignant	Mural_Pericyte_Fibroblast	LGALS3BP	ITGB1	1.3341124	1.150378	0.9828566013662454	1.1072675764174018	0.030343687	0.85004675	0.0207964870803025	magnitude_rank	0.0207964870803025	LGALS3BP→ITGB1	malignant_or_cycling	non_malignant_reference_like	malignant_or_cycling_to_non_malignant_reference_like	primary_rank<=0.05	Malignant_hypoxia_stress_malignant	Mural_Pericyte_Fibroblast	Malignant_hypoxia_stress_malignant	Mural_Pericyte_Fibroblast	malignant_to_microenvironment	malignant_state	mural_pericyte_fibroblast
Malignant_hypoxia_stress_malignant	Mural_Pericyte_Fibroblast	MIF	CD44_CD74	1.4401838	1.0631013	0.2004622527088174	0.258218247589682	0.008734858	0.8449485	0.0207964870803025	magnitude_rank	0.0207964870803025	MIF→CD44_CD74	malignant_or_cycling	non_malignant_reference_like	malignant_or_cycling_to_non_malignant_reference_like	primary_rank<=0.05	Malignant_hypoxia_stress_malignant	Mural_Pericyte_Fibroblast	Malignant_hypoxia_stress_malignant	Mural_Pericyte_Fibroblast	malignant_to_microenvironment	malignant_state	mural_pericyte_fibroblast
Malignant_AC_like_reactive_malignant	Oligodendrocyte_myelinating	APP	CD74	1.3317736	1.7379473	0.4666306254820295	0.8415148093046723	0.020455401	0.87449217	0.0211141025106341	magnitude_rank	0.0211141025106341	APP→CD74	malignant_or_cycling	non_malignant_reference_like	malignant_or_cycling_to_non_malignant_reference_like	primary_rank<=0.05	Malignant_AC_like_reactive_malignant	Oligodendrocyte_myelinating	Malignant_AC_like_reactive_malignant	Oligodendrocyte_myelinating	malignant_to_microenvironment	malignant_state	oligodendrocyte_reference
Malignant_hypoxia_stress_malignant	Mural_Pericyte_Fibroblast	TIMP2	ITGB1	1.3250965	1.112015	0.8985722468280367	0.9748219798792892	0.023374781	0.84787226	0.0219002564985043	magnitude_rank	0.0219002564985043	TIMP2→ITGB1	malignant_or_cycling	non_malignant_reference_like	malignant_or_cycling_to_non_malignant_reference_like	primary_rank<=0.05	Malignant_hypoxia_stress_malignant	Mural_Pericyte_Fibroblast	Malignant_hypoxia_stress_malignant	Mural_Pericyte_Fibroblast	malignant_to_microenvironment	malignant_state	mural_pericyte_fibroblast
Malignant_AC_like_reactive_malignant	Oligodendrocyte_myelinating	CALM1	PTPRA	1.3232796	1.2400526	-0.0589604867148696	-0.1207807688732204	0.013344456	0.8547682	0.0220446820429038	magnitude_rank	0.0220446820429038	CALM1→PTPRA	malignant_or_cycling	non_malignant_reference_like	malignant_or_cycling_to_non_malignant_reference_like	primary_rank<=0.05	Malignant_AC_like_reactive_malignant	Oligodendrocyte_myelinating	Malignant_AC_like_reactive_malignant	Oligodendrocyte_myelinating	malignant_to_microenvironment	malignant_state	oligodendrocyte_reference
Malignant_hypoxia_stress_malignant	B_Plasma	VEGFA	CD44	1.3221049	1.339734	0.7884174630308683	1.4368428428901638	0.080806956	0.8595018	0.0221895617545786	magnitude_rank	0.0221895617545786	VEGFA→CD44	malignant_or_cycling	non_malignant_reference_like	malignant_or_cycling_to_non_malignant_reference_like	primary_rank<=0.05	Malignant_hypoxia_stress_malignant	B_Plasma	Malignant_hypoxia_stress_malignant	B_Plasma	malignant_to_microenvironment	malignant_state	B_plasma
Malignant_AC_like_reactive_malignant	Endothelial	APOE	LSR	1.7263765	1.0358481	1.3468176545442034	1.7819399682118275	0.120698616	0.84323967	0.0224806990554842	magnitude_rank	0.0224806990554842	APOE→LSR	malignant_or_cycling	non_malignant_reference_like	malignant_or_cycling_to_non_malignant_reference_like	primary_rank<=0.05	Malignant_AC_like_reactive_malignant	Endothelial	Malignant_AC_like_reactive_malignant	Endothelial	malignant_to_microenvironment	malignant_state	endothelial
Malignant_OPC_NPC_like_malignant	Endothelial	TIMP2	ITGB1	1.3187435	1.4128025	0.8736359779573117	1.0696661891187342	0.029697392	0.8626777	0.022810411232582	magnitude_rank	0.022810411232582	TIMP2→ITGB1	malignant_or_cycling	non_malignant_reference_like	malignant_or_cycling_to_non_malignant_reference_like	primary_rank<=0.05	Malignant_OPC_NPC_like_malignant	Endothelial	Malignant_OPC_NPC_like_malignant	Endothelial	malignant_to_microenvironment	malignant_state	endothelial
Malignant_AC_like_reactive_malignant	Oligodendrocyte_myelinating	CALM1	PDE1C	1.3185619	1.2208216	0.7298841615143008	0.5806618001218149	0.07472918	0.8537954	0.0228471904168632	magnitude_rank	0.0228471904168632	CALM1→PDE1C	malignant_or_cycling	non_malignant_reference_like	malignant_or_cycling_to_non_malignant_reference_like	primary_rank<=0.05	Malignant_AC_like_reactive_malignant	Oligodendrocyte_myelinating	Malignant_AC_like_reactive_malignant	Oligodendrocyte_myelinating	malignant_to_microenvironment	malignant_state	oligodendrocyte_reference
Malignant_AC_like_reactive_malignant	Endothelial	VCAN	ITGB1	1.3184061	1.4115273	0.8989437300061148	1.108178766763316	0.039816584	0.86262417	0.0228839948672822	magnitude_rank	0.0228839948672822	VCAN→ITGB1	malignant_or_cycling	non_malignant_reference_like	malignant_or_cycling_to_non_malignant_reference_like	primary_rank<=0.05	Malignant_AC_like_reactive_malignant	Endothelial	Malignant_AC_like_reactive_malignant	Endothelial	malignant_to_microenvironment	malignant_state	endothelial
Malignant_cycling_candidate	Mural_Pericyte_Fibroblast	EFNB1	ERBB2	0.0914347	0.008352117	0.1338803933871814	0.0635631601577661	0.033671994	0.32570016	0.0233872957657746	magnitude_rank	0.0233872957657746	EFNB1→ERBB2	malignant_or_cycling	non_malignant_reference_like	malignant_or_cycling_to_non_malignant_reference_like	primary_rank<=0.05	Malignant_cycling_candidate	Mural_Pericyte_Fibroblast	Malignant_cycling_candidate	Mural_Pericyte_Fibroblast	malignant_to_microenvironment	malignant_state	mural_pericyte_fibroblast
Malignant_AC_like_reactive_malignant	Endothelial	APOE	SCARB1	1.7238019	1.0197774	0.8909610698550203	1.7074115993441148	0.07314119	0.84220344	0.0235887254597072	magnitude_rank	0.0235887254597072	APOE→SCARB1	malignant_or_cycling	non_malignant_reference_like	malignant_or_cycling_to_non_malignant_reference_like	primary_rank<=0.05	Malignant_AC_like_reactive_malignant	Endothelial	Malignant_AC_like_reactive_malignant	Endothelial	malignant_to_microenvironment	malignant_state	endothelial
Malignant_AC_like_reactive_malignant	Endothelial	LGALS3BP	ITGB1	1.3118767	1.3868462	0.9471645828851554	1.1768407612839729	0.036581043	0.86157566	0.0237009374293854	magnitude_rank	0.0237009374293854	LGALS3BP→ITGB1	malignant_or_cycling	non_malignant_reference_like	malignant_or_cycling_to_non_malignant_reference_like	primary_rank<=0.05	Malignant_AC_like_reactive_malignant	Endothelial	Malignant_AC_like_reactive_malignant	Endothelial	malignant_to_microenvironment	malignant_state	endothelial
Malignant_hypoxia_stress_malignant	Endothelial	SPARC	ENG	1.3118136	1.6799513	2.304659044802301	1.121641119011894	0.06074346	0.8726177	0.0237384005684025	magnitude_rank	0.0237384005684025	SPARC→ENG	malignant_or_cycling	non_malignant_reference_like	malignant_or_cycling_to_non_malignant_reference_like	primary_rank<=0.05	Malignant_hypoxia_stress_malignant	Endothelial	Malignant_hypoxia_stress_malignant	Endothelial	malignant_to_microenvironment	malignant_state	endothelial
Malignant_cycling_candidate	Endothelial	TNFSF12	TNFRSF25	0.091405965	0.008355032	0.334089724074966	0.0930734875917787	0.045857914	0.3257385	0.023763509548959	magnitude_rank	0.023763509548959	TNFSF12→TNFRSF25	malignant_or_cycling	non_malignant_reference_like	malignant_or_cycling_to_non_malignant_reference_like	primary_rank<=0.05	Malignant_cycling_candidate	Endothelial	Malignant_cycling_candidate	Endothelial	malignant_to_microenvironment	malignant_state	endothelial
Malignant_hypoxia_stress_malignant	Endothelial	NAMPT	INSR	1.3110667	1.7113731	1.5489228832839048	1.9582418600120124	0.103063114	0.8736441	0.0238509541118019	magnitude_rank	0.0238509541118019	NAMPT→INSR	malignant_or_cycling	non_malignant_reference_like	malignant_or_cycling_to_non_malignant_reference_like	primary_rank<=0.05	Malignant_hypoxia_stress_malignant	Endothelial	Malignant_hypoxia_stress_malignant	Endothelial	malignant_to_microenvironment	malignant_state	endothelial
Malignant_NPC_neuronal_like_malignant	Mural_Pericyte_Fibroblast	VCAN	ITGB1	1.309107	1.0439794	0.9128975615821158	1.022399634573293	0.029448738	0.8437558	0.0241523531719032	magnitude_rank	0.0241523531719032	VCAN→ITGB1	malignant_or_cycling	non_malignant_reference_like	malignant_or_cycling_to_non_malignant_reference_like	primary_rank<=0.05	Malignant_NPC_neuronal_like_malignant	Mural_Pericyte_Fibroblast	Malignant_NPC_neuronal_like_malignant	Mural_Pericyte_Fibroblast	malignant_to_microenvironment	malignant_state	mural_pericyte_fibroblast
Malignant_cycling_candidate	Mural_Pericyte_Fibroblast	LGALS3BP	ITGB1	1.3073448	1.0364813	0.949041034032634	0.995730111674976	0.02733942	0.84328	0.024303735207626	magnitude_rank	0.024303735207626	LGALS3BP→ITGB1	malignant_or_cycling	non_malignant_reference_like	malignant_or_cycling_to_non_malignant_reference_like	primary_rank<=0.05	Malignant_cycling_candidate	Mural_Pericyte_Fibroblast	Malignant_cycling_candidate	Mural_Pericyte_Fibroblast	malignant_to_microenvironment	malignant_state	mural_pericyte_fibroblast
Malignant_AC_like_reactive_malignant	Oligodendrocyte_myelinating	PTN	PTPRZ1	1.6274338	1.0114567	-0.5543672038475607	-1.379232257162937	0.004997723	0.84165823	0.0244555686490892	magnitude_rank	0.0244555686490892	PTN→PTPRZ1	malignant_or_cycling	non_malignant_reference_like	malignant_or_cycling_to_non_malignant_reference_like	primary_rank<=0.05	Malignant_AC_like_reactive_malignant	Oligodendrocyte_myelinating	Malignant_AC_like_reactive_malignant	Oligodendrocyte_myelinating	malignant_to_microenvironment	malignant_state	oligodendrocyte_reference
Malignant_AC_like_reactive_malignant	Oligodendrocyte_myelinating	HLA-A	APLP2	1.3790715	1.0105975	-0.2168246835211185	-0.3844091270166575	0.007324891	0.8416016	0.0245697462827595	magnitude_rank	0.0245697462827595	HLA-A→APLP2	malignant_or_cycling	non_malignant_reference_like	malignant_or_cycling_to_non_malignant_reference_like	primary_rank<=0.05	Malignant_AC_like_reactive_malignant	Oligodendrocyte_myelinating	Malignant_AC_like_reactive_malignant	Oligodendrocyte_myelinating	malignant_to_microenvironment	malignant_state	oligodendrocyte_reference
Malignant_AC_like_reactive_malignant	Oligodendrocyte_myelinating	PTN	PTPRS	1.6261071	1.0037439	0.06977644507008	0.1259061596456868	0.021599606	0.84114754	0.02502900237899	magnitude_rank	0.02502900237899	PTN→PTPRS	malignant_or_cycling	non_malignant_reference_like	malignant_or_cycling_to_non_malignant_reference_like	primary_rank<=0.05	Malignant_AC_like_reactive_malignant	Oligodendrocyte_myelinating	Malignant_AC_like_reactive_malignant	Oligodendrocyte_myelinating	malignant_to_microenvironment	malignant_state	oligodendrocyte_reference
Malignant_hypoxia_stress_malignant	Oligodendrocyte_myelinating	VEGFA	TYRO3	1.2994179	1.2507536	1.0878859533840417	1.815080434205131	0.20186509	0.8553007	0.0253761267444426	magnitude_rank	0.0253761267444426	VEGFA→TYRO3	malignant_or_cycling	non_malignant_reference_like	malignant_or_cycling_to_non_malignant_reference_like	primary_rank<=0.05	Malignant_hypoxia_stress_malignant	Oligodendrocyte_myelinating	Malignant_hypoxia_stress_malignant	Oligodendrocyte_myelinating	malignant_to_microenvironment	malignant_state	oligodendrocyte_reference
Malignant_cycling_candidate	Endothelial	TIMP2	ITGB1	1.2970474	1.330793	0.8480225253613927	0.98268638372112	0.027973538	0.859097	0.0256477030373517	magnitude_rank	0.0256477030373517	TIMP2→ITGB1	malignant_or_cycling	non_malignant_reference_like	malignant_or_cycling_to_non_malignant_reference_like	primary_rank<=0.05	Malignant_cycling_candidate	Endothelial	Malignant_cycling_candidate	Endothelial	malignant_to_microenvironment	malignant_state	endothelial
Malignant_AC_like_reactive_malignant	Oligodendrocyte_myelinating	LGALS1	ITGB1	1.294367	1.3813602	0.1368129831459525	0.0408604571182803	0.012035347	0.8613391	0.0259206640514016	magnitude_rank	0.0259206640514016	LGALS1→ITGB1	malignant_or_cycling	non_malignant_reference_like	malignant_or_cycling_to_non_malignant_reference_like	primary_rank<=0.05	Malignant_AC_like_reactive_malignant	Oligodendrocyte_myelinating	Malignant_AC_like_reactive_malignant	Oligodendrocyte_myelinating	malignant_to_microenvironment	malignant_state	oligodendrocyte_reference
Malignant_cycling_candidate	Mural_Pericyte_Fibroblast	MDK	NCL	1.2936347	1.665302	0.108986517411157	0.1041546089809943	0.022759408	0.87213016	0.0259989082467476	magnitude_rank	0.0259989082467476	MDK→NCL	malignant_or_cycling	non_malignant_reference_like	malignant_or_cycling_to_non_malignant_reference_like	primary_rank<=0.05	Malignant_cycling_candidate	Mural_Pericyte_Fibroblast	Malignant_cycling_candidate	Mural_Pericyte_Fibroblast	malignant_to_microenvironment	malignant_state	mural_pericyte_fibroblast
Malignant_hypoxia_stress_malignant	Mural_Pericyte_Fibroblast	VCAN	ITGB1	1.2944708	0.9817024	0.896475674974387	0.9021387932501166	0.027692018	0.8396585	0.0268272988110542	magnitude_rank	0.0268272988110542	VCAN→ITGB1	malignant_or_cycling	non_malignant_reference_like	malignant_or_cycling_to_non_malignant_reference_like	primary_rank<=0.05	Malignant_hypoxia_stress_malignant	Mural_Pericyte_Fibroblast	Malignant_hypoxia_stress_malignant	Mural_Pericyte_Fibroblast	malignant_to_microenvironment	malignant_state	mural_pericyte_fibroblast
Malignant_hypoxia_stress_malignant	Mural_Pericyte_Fibroblast	VEGFA	ITGAV	1.2842268	1.1911732	0.6954311571216178	1.392339712671394	0.07273207	0.8522543	0.027106202210612	magnitude_rank	0.027106202210612	VEGFA→ITGAV	malignant_or_cycling	non_malignant_reference_like	malignant_or_cycling_to_non_malignant_reference_like	primary_rank<=0.05	Malignant_hypoxia_stress_malignant	Mural_Pericyte_Fibroblast	Malignant_hypoxia_stress_malignant	Mural_Pericyte_Fibroblast	malignant_to_microenvironment	malignant_state	mural_pericyte_fibroblast
Malignant_cycling_candidate	Endothelial	YBX1	NOTCH1	1.5322716	0.9765745	0.388829244839524	0.5691469187834723	0.032057296	0.8393056	0.0271461564760084	magnitude_rank	0.0271461564760084	YBX1→NOTCH1	malignant_or_cycling	non_malignant_reference_like	malignant_or_cycling_to_non_malignant_reference_like	primary_rank<=0.05	Malignant_cycling_candidate	Endothelial	Malignant_cycling_candidate	Endothelial	malignant_to_microenvironment	malignant_state	endothelial
Malignant_OPC_NPC_like_malignant	B_Plasma	LGALS1	PTPRC	1.2835205	1.5415831	2.170074218091842	0.7401623333575265	0.080054775	0.8677635	0.0272261532303139	magnitude_rank	0.0272261532303139	LGALS1→PTPRC	malignant_or_cycling	non_malignant_reference_like	malignant_or_cycling_to_non_malignant_reference_like	primary_rank<=0.05	Malignant_OPC_NPC_like_malignant	B_Plasma	Malignant_OPC_NPC_like_malignant	B_Plasma	malignant_to_microenvironment	malignant_state	B_plasma
Malignant_AC_like_reactive_malignant	Mural_Pericyte_Fibroblast	ADAM9	ITGB1	1.293036	0.975597	1.1109588388246312	1.3475013840337358	0.048771393	0.83923805	0.0272661957188841	magnitude_rank	0.0272661957188841	ADAM9→ITGB1	malignant_or_cycling	non_malignant_reference_like	malignant_or_cycling_to_non_malignant_reference_like	primary_rank<=0.05	Malignant_AC_like_reactive_malignant	Mural_Pericyte_Fibroblast	Malignant_AC_like_reactive_malignant	Mural_Pericyte_Fibroblast	malignant_to_microenvironment	malignant_state	mural_pericyte_fibroblast
Malignant_OPC_NPC_like_malignant	B_Plasma	TIMP1	CD63	1.2809273	1.5296227	-0.6435953233965397	-1.2450670733886693	0.006410587	0.867316	0.0273864853949967	magnitude_rank	0.0273864853949967	TIMP1→CD63	malignant_or_cycling	non_malignant_reference_like	malignant_or_cycling_to_non_malignant_reference_like	primary_rank<=0.05	Malignant_OPC_NPC_like_malignant	B_Plasma	Malignant_OPC_NPC_like_malignant	B_Plasma	malignant_to_microenvironment	malignant_state	B_plasma
Malignant_OPC_NPC_like_malignant	Oligodendrocyte_myelinating	HLA-A	APLP2	1.3288655	0.9669166	-0.2608635141778181	-0.3256978351949996	0.0070082885	0.8386342	0.0278297240665044	magnitude_rank	0.0278297240665044	HLA-A→APLP2	malignant_or_cycling	non_malignant_reference_like	malignant_or_cycling_to_non_malignant_reference_like	primary_rank<=0.05	Malignant_OPC_NPC_like_malignant	Oligodendrocyte_myelinating	Malignant_OPC_NPC_like_malignant	Oligodendrocyte_myelinating	malignant_to_microenvironment	malignant_state	oligodendrocyte_reference
Malignant_AC_like_reactive_malignant	Mural_Pericyte_Fibroblast	CALM1	PTPRA	1.27819	1.056255	-0.1176606872334652	-0.2428461067556631	0.011366572	0.84452474	0.0280323227350762	magnitude_rank	0.0280323227350762	CALM1→PTPRA	malignant_or_cycling	non_malignant_reference_like	malignant_or_cycling_to_non_malignant_reference_like	primary_rank<=0.05	Malignant_AC_like_reactive_malignant	Mural_Pericyte_Fibroblast	Malignant_AC_like_reactive_malignant	Mural_Pericyte_Fibroblast	malignant_to_microenvironment	malignant_state	mural_pericyte_fibroblast
Malignant_hypoxia_stress_malignant	Endothelial	MIF	CD74_CXCR4	1.419711	0.9629619	0.6048176272905859	0.8932426445843646	0.021036856	0.83835673	0.0281542228724923	magnitude_rank	0.0281542228724923	MIF→CD74_CXCR4	malignant_or_cycling	non_malignant_reference_like	malignant_or_cycling_to_non_malignant_reference_like	primary_rank<=0.05	Malignant_hypoxia_stress_malignant	Endothelial	Malignant_hypoxia_stress_malignant	Endothelial	malignant_to_microenvironment	malignant_state	endothelial
Malignant_OPC_NPC_like_malignant	B_Plasma	LGALS1	CD69	1.2770785	1.5208548	2.1197977177149325	1.0494815663993116	0.08304993	0.8669849	0.0282356292441628	magnitude_rank	0.0282356292441628	LGALS1→CD69	malignant_or_cycling	non_malignant_reference_like	malignant_or_cycling_to_non_malignant_reference_like	primary_rank<=0.05	Malignant_OPC_NPC_like_malignant	B_Plasma	Malignant_OPC_NPC_like_malignant	B_Plasma	malignant_to_microenvironment	malignant_state	B_plasma
Malignant_hypoxia_stress_malignant	Oligodendrocyte_myelinating	HLA-A	APLP2	1.319242	0.95854384	-0.2693014897220992	-0.4897517722846886	0.006947602	0.83804494	0.0283579481583416	magnitude_rank	0.0283579481583416	HLA-A→APLP2	malignant_or_cycling	non_malignant_reference_like	malignant_or_cycling_to_non_malignant_reference_like	primary_rank<=0.05	Malignant_hypoxia_stress_malignant	Oligodendrocyte_myelinating	Malignant_hypoxia_stress_malignant	Oligodendrocyte_myelinating	malignant_to_microenvironment	malignant_state	oligodendrocyte_reference
Malignant_cycling_candidate	Mural_Pericyte_Fibroblast	CSF1	SIRPA	0.09282966	0.008616707	-0.1543524620922581	-0.2291121627909343	0.0053576278	0.3291342	0.0286514210748019	magnitude_rank	0.0286514210748019	CSF1→SIRPA	malignant_or_cycling	non_malignant_reference_like	malignant_or_cycling_to_non_malignant_reference_like	primary_rank<=0.05	Malignant_cycling_candidate	Mural_Pericyte_Fibroblast	Malignant_cycling_candidate	Mural_Pericyte_Fibroblast	malignant_to_microenvironment	malignant_state	mural_pericyte_fibroblast
Malignant_OPC_NPC_like_malignant	Oligodendrocyte_myelinating	PSAP	GPR37	1.2722142	1.6005224	1.009414071799105	0.9464219166867276	0.07277571	0.8699015	0.0288909292832147	magnitude_rank	0.0288909292832147	PSAP→GPR37	malignant_or_cycling	non_malignant_reference_like	malignant_or_cycling_to_non_malignant_reference_like	primary_rank<=0.05	Malignant_OPC_NPC_like_malignant	Oligodendrocyte_myelinating	Malignant_OPC_NPC_like_malignant	Oligodendrocyte_myelinating	malignant_to_microenvironment	malignant_state	oligodendrocyte_reference
Malignant_cycling_candidate	Mural_Pericyte_Fibroblast	HAPLN1	IGDCC4	0.093625575	0.0086171385	0.0841244831162583	0.0430952410603121	0.032200642	0.32913974	0.029027191162953	magnitude_rank	0.029027191162953	HAPLN1→IGDCC4	malignant_or_cycling	non_malignant_reference_like	malignant_or_cycling_to_non_malignant_reference_like	primary_rank<=0.05	Malignant_cycling_candidate	Mural_Pericyte_Fibroblast	Malignant_cycling_candidate	Mural_Pericyte_Fibroblast	malignant_to_microenvironment	malignant_state	mural_pericyte_fibroblast
Malignant_AC_like_reactive_malignant	Oligodendrocyte_myelinating	FN1	MAG	1.4417436	0.94869846	1.5597174841741983	1.833783434525925	0.058702435	0.83734304	0.0292212806963099	magnitude_rank	0.0292212806963099	FN1→MAG	malignant_or_cycling	non_malignant_reference_like	malignant_or_cycling_to_non_malignant_reference_like	primary_rank<=0.05	Malignant_AC_like_reactive_malignant	Oligodendrocyte_myelinating	Malignant_AC_like_reactive_malignant	Oligodendrocyte_myelinating	malignant_to_microenvironment	malignant_state	oligodendrocyte_reference
Malignant_OPC_NPC_like_malignant	Mural_Pericyte_Fibroblast	FARP2	PLXNA2	0.095727555	0.00863231	0.0078717250142076	0.0042838001986004	0.009074555	0.32933393	0.0294029316504812	magnitude_rank	0.0294029316504812	FARP2→PLXNA2	malignant_or_cycling	non_malignant_reference_like	malignant_or_cycling_to_non_malignant_reference_like	primary_rank<=0.05	Malignant_OPC_NPC_like_malignant	Mural_Pericyte_Fibroblast	Malignant_OPC_NPC_like_malignant	Mural_Pericyte_Fibroblast	malignant_to_microenvironment	malignant_state	mural_pericyte_fibroblast
Malignant_AC_like_reactive_malignant	Oligodendrocyte_myelinating	CALM1	GRM3	1.2680811	1.0150483	0.8534168498966218	0.523790271361693	0.078483135	0.8418943	0.0294702205183497	magnitude_rank	0.0294702205183497	CALM1→GRM3	malignant_or_cycling	non_malignant_reference_like	malignant_or_cycling_to_non_malignant_reference_like	primary_rank<=0.05	Malignant_AC_like_reactive_malignant	Oligodendrocyte_myelinating	Malignant_AC_like_reactive_malignant	Oligodendrocyte_myelinating	malignant_to_microenvironment	malignant_state	oligodendrocyte_reference
Malignant_AC_like_reactive_malignant	Mural_Pericyte_Fibroblast	VEGFA	ITGB1	1.2853619	0.9429437	0.926651466355706	0.7988299243365792	0.029247846	0.8369283	0.029887372149198	magnitude_rank	0.029887372149198	VEGFA→ITGB1	malignant_or_cycling	non_malignant_reference_like	malignant_or_cycling_to_non_malignant_reference_like	primary_rank<=0.05	Malignant_AC_like_reactive_malignant	Mural_Pericyte_Fibroblast	Malignant_AC_like_reactive_malignant	Mural_Pericyte_Fibroblast	malignant_to_microenvironment	malignant_state	mural_pericyte_fibroblast
Malignant_AC_like_reactive_malignant	Oligodendrocyte_myelinating	CALM1	INSR	1.264208	0.99926037	0.2931403409811545	0.2881312041534737	0.01871405	0.84084815	0.0300550183362602	magnitude_rank	0.0300550183362602	CALM1→INSR	malignant_or_cycling	non_malignant_reference_like	malignant_or_cycling_to_non_malignant_reference_like	primary_rank<=0.05	Malignant_AC_like_reactive_malignant	Oligodendrocyte_myelinating	Malignant_AC_like_reactive_malignant	Oligodendrocyte_myelinating	malignant_to_microenvironment	malignant_state	oligodendrocyte_reference
Malignant_hypoxia_stress_malignant	B_Plasma	PKM	CD44	1.2633153	1.2594063	0.3761573564986961	0.4757286264999004	0.031102397	0.85572684	0.0302652050562502	magnitude_rank	0.0302652050562502	PKM→CD44	malignant_or_cycling	non_malignant_reference_like	malignant_or_cycling_to_non_malignant_reference_like	primary_rank<=0.05	Malignant_hypoxia_stress_malignant	B_Plasma	Malignant_hypoxia_stress_malignant	B_Plasma	malignant_to_microenvironment	malignant_state	B_plasma
Malignant_OPC_NPC_like_malignant	Mural_Pericyte_Fibroblast	COL11A1	DDR1	0.09421246	0.008715408	-0.364785170103662	-0.6749382203183781	0.0019985896	0.33039284	0.0305299588675399	magnitude_rank	0.0305299588675399	COL11A1→DDR1	malignant_or_cycling	non_malignant_reference_like	malignant_or_cycling_to_non_malignant_reference_like	primary_rank<=0.05	Malignant_OPC_NPC_like_malignant	Mural_Pericyte_Fibroblast	Malignant_OPC_NPC_like_malignant	Mural_Pericyte_Fibroblast	malignant_to_microenvironment	malignant_state	mural_pericyte_fibroblast
Malignant_cycling_candidate	Endothelial	SPARC	ENG	1.2609322	1.5258759	2.262042023055119	0.9877473229432115	0.055172425	0.86717486	0.030602963967671	magnitude_rank	0.030602963967671	SPARC→ENG	malignant_or_cycling	non_malignant_reference_like	malignant_or_cycling_to_non_malignant_reference_like	primary_rank<=0.05	Malignant_cycling_candidate	Endothelial	Malignant_cycling_candidate	Endothelial	malignant_to_microenvironment	malignant_state	endothelial
Malignant_hypoxia_stress_malignant	Oligodendrocyte_myelinating	PSAP	SORT1	1.260195	1.5871366	0.661821842018416	0.769013079412556	0.03590838	0.8694255	0.0306876837894744	magnitude_rank	0.0306876837894744	PSAP→SORT1	malignant_or_cycling	non_malignant_reference_like	malignant_or_cycling_to_non_malignant_reference_like	primary_rank<=0.05	Malignant_hypoxia_stress_malignant	Oligodendrocyte_myelinating	Malignant_hypoxia_stress_malignant	Oligodendrocyte_myelinating	malignant_to_microenvironment	malignant_state	oligodendrocyte_reference
Malignant_NPC_neuronal_like_malignant	Endothelial	CALM1	PTPRA	1.3676552	0.92953336	-0.0590415657669994	0.001160812625206	0.010002896	0.83594847	0.0307300838197202	magnitude_rank	0.0307300838197202	CALM1→PTPRA	malignant_or_cycling	non_malignant_reference_like	malignant_or_cycling_to_non_malignant_reference_like	primary_rank<=0.05	Malignant_NPC_neuronal_like_malignant	Endothelial	Malignant_NPC_neuronal_like_malignant	Endothelial	malignant_to_microenvironment	malignant_state	endothelial
Malignant_AC_like_reactive_malignant	Endothelial	LGALS3	ENG	1.2580774	1.5172315	2.447206677406368	1.5485398264492076	0.12386502	0.86684734	0.0309850830973486	magnitude_rank	0.0309850830973486	LGALS3→ENG	malignant_or_cycling	non_malignant_reference_like	malignant_or_cycling_to_non_malignant_reference_like	primary_rank<=0.05	Malignant_AC_like_reactive_malignant	Endothelial	Malignant_AC_like_reactive_malignant	Endothelial	malignant_to_microenvironment	malignant_state	endothelial
Malignant_hypoxia_stress_malignant	Endothelial	ADM	RAMP2	1.2580429	1.5474483	1.7481635098561332	2.154283790077049	0.19829905	0.86798126	0.0310276790338263	magnitude_rank	0.0310276790338263	ADM→RAMP2	malignant_or_cycling	non_malignant_reference_like	malignant_or_cycling_to_non_malignant_reference_like	primary_rank<=0.05	Malignant_hypoxia_stress_malignant	Endothelial	Malignant_hypoxia_stress_malignant	Endothelial	malignant_to_microenvironment	malignant_state	endothelial
Malignant_NPC_neuronal_like_malignant	Oligodendrocyte_myelinating	NCAM1	FGFR2	1.254178	1.56813	1.3557192704631629	1.5584164374646343	0.16599378	0.8687401	0.0317561184840227	magnitude_rank	0.0317561184840227	NCAM1→FGFR2	malignant_or_cycling	non_malignant_reference_like	malignant_or_cycling_to_non_malignant_reference_like	primary_rank<=0.05	Malignant_NPC_neuronal_like_malignant	Oligodendrocyte_myelinating	Malignant_NPC_neuronal_like_malignant	Oligodendrocyte_myelinating	malignant_to_microenvironment	malignant_state	oligodendrocyte_reference
Malignant_OPC_NPC_like_malignant	Mural_Pericyte_Fibroblast	VEGFA	ITGB1	1.2799242	0.91980624	0.9213801850316672	0.6317742402372931	0.02853018	0.8352258	0.0317561184840227	magnitude_rank	0.0317561184840227	VEGFA→ITGB1	malignant_or_cycling	non_malignant_reference_like	malignant_or_cycling_to_non_malignant_reference_like	primary_rank<=0.05	Malignant_OPC_NPC_like_malignant	Mural_Pericyte_Fibroblast	Malignant_OPC_NPC_like_malignant	Mural_Pericyte_Fibroblast	malignant_to_microenvironment	malignant_state	mural_pericyte_fibroblast
Malignant_hypoxia_stress_malignant	Mural_Pericyte_Fibroblast	VEGFA	CD44	1.2512294	1.0617554	0.6985943920936728	1.2753928218825907	0.06404049	0.84486544	0.0321883850399447	magnitude_rank	0.0321883850399447	VEGFA→CD44	malignant_or_cycling	non_malignant_reference_like	malignant_or_cycling_to_non_malignant_reference_like	primary_rank<=0.05	Malignant_hypoxia_stress_malignant	Mural_Pericyte_Fibroblast	Malignant_hypoxia_stress_malignant	Mural_Pericyte_Fibroblast	malignant_to_microenvironment	malignant_state	mural_pericyte_fibroblast
Malignant_cycling_candidate	B_Plasma	PTN	SDC1	1.7758148	0.9101543	0.7818403959759808	0.5678420091185435	0.09797977	0.8344987	0.0326234382471498	magnitude_rank	0.0326234382471498	PTN→SDC1	malignant_or_cycling	non_malignant_reference_like	malignant_or_cycling_to_non_malignant_reference_like	primary_rank<=0.05	Malignant_cycling_candidate	B_Plasma	Malignant_cycling_candidate	B_Plasma	malignant_to_microenvironment	malignant_state	B_plasma
Malignant_cycling_candidate	Mural_Pericyte_Fibroblast	PTN	PTPRZ1	1.7748909	0.9041058	-0.4435999523035303	-1.410642152915225	0.004467289	0.8340377	0.033193177898148	magnitude_rank	0.033193177898148	PTN→PTPRZ1	malignant_or_cycling	non_malignant_reference_like	malignant_or_cycling_to_non_malignant_reference_like	primary_rank<=0.05	Malignant_cycling_candidate	Mural_Pericyte_Fibroblast	Malignant_cycling_candidate	Mural_Pericyte_Fibroblast	malignant_to_microenvironment	malignant_state	mural_pericyte_fibroblast
Malignant_NPC_neuronal_like_malignant	Mural_Pericyte_Fibroblast	PTN	SDC2	1.2422559	1.3251123	0.3516160418970306	-0.0523502595418564	0.04542752	0.8588379	0.0332372011068939	magnitude_rank	0.0332372011068939	PTN→SDC2	malignant_or_cycling	non_malignant_reference_like	malignant_or_cycling_to_non_malignant_reference_like	primary_rank<=0.05	Malignant_NPC_neuronal_like_malignant	Mural_Pericyte_Fibroblast	Malignant_NPC_neuronal_like_malignant	Mural_Pericyte_Fibroblast	malignant_to_microenvironment	malignant_state	mural_pericyte_fibroblast
Malignant_hypoxia_stress_malignant	B_Plasma	VEGFA	ITGB1	1.2405798	1.0199871	0.595613882075418	1.302679271116732	0.03163755	0.8422171	0.033546127354298	magnitude_rank	0.033546127354298	VEGFA→ITGB1	malignant_or_cycling	non_malignant_reference_like	malignant_or_cycling_to_non_malignant_reference_like	primary_rank<=0.05	Malignant_hypoxia_stress_malignant	B_Plasma	Malignant_hypoxia_stress_malignant	B_Plasma	malignant_to_microenvironment	malignant_state	B_plasma
Malignant_hypoxia_stress_malignant	Oligodendrocyte_myelinating	VEGFA	ITGAV	1.2390369	1.0139358	0.6314083265876804	1.3121339660851563	0.061910093	0.8418213	0.0337676231121048	magnitude_rank	0.0337676231121048	VEGFA→ITGAV	malignant_or_cycling	non_malignant_reference_like	malignant_or_cycling_to_non_malignant_reference_like	primary_rank<=0.05	Malignant_hypoxia_stress_malignant	Oligodendrocyte_myelinating	Malignant_hypoxia_stress_malignant	Oligodendrocyte_myelinating	malignant_to_microenvironment	malignant_state	oligodendrocyte_reference
Malignant_OPC_NPC_like_malignant	Endothelial	LGALS3BP	ITGB1	1.2380835	1.1079149	0.8539413990728382	1.0294103741919634	0.029223634	0.8476339	0.0339898140832674	magnitude_rank	0.0339898140832674	LGALS3BP→ITGB1	malignant_or_cycling	non_malignant_reference_like	malignant_or_cycling_to_non_malignant_reference_like	primary_rank<=0.05	Malignant_OPC_NPC_like_malignant	Endothelial	Malignant_OPC_NPC_like_malignant	Endothelial	malignant_to_microenvironment	malignant_state	endothelial
Malignant_NPC_neuronal_like_malignant	Oligodendrocyte_myelinating	HSPA8	LRP2	1.2439735	0.89518	1.0220217142818688	0.913283297585302	0.13088804	0.8333499	0.0343467680196228	magnitude_rank	0.0343467680196228	HSPA8→LRP2	malignant_or_cycling	non_malignant_reference_like	malignant_or_cycling_to_non_malignant_reference_like	primary_rank<=0.05	Malignant_NPC_neuronal_like_malignant	Oligodendrocyte_myelinating	Malignant_NPC_neuronal_like_malignant	Oligodendrocyte_myelinating	malignant_to_microenvironment	malignant_state	oligodendrocyte_reference
Malignant_hypoxia_stress_malignant	Endothelial	LGALS3	MCAM	1.2346238	1.4500723	1.2943306511460253	1.6724529133298105	0.10661212	0.8642127	0.0344362882703183	magnitude_rank	0.0344362882703183	LGALS3→MCAM	malignant_or_cycling	non_malignant_reference_like	malignant_or_cycling_to_non_malignant_reference_like	primary_rank<=0.05	Malignant_hypoxia_stress_malignant	Endothelial	Malignant_hypoxia_stress_malignant	Endothelial	malignant_to_microenvironment	malignant_state	endothelial
Malignant_OPC_NPC_like_malignant	B_Plasma	PTN	SDC1	1.745816	0.8934732	0.7597029186028487	0.6078849104565008	0.09618403	0.8332173	0.0345707649925246	magnitude_rank	0.0345707649925246	PTN→SDC1	malignant_or_cycling	non_malignant_reference_like	malignant_or_cycling_to_non_malignant_reference_like	primary_rank<=0.05	Malignant_OPC_NPC_like_malignant	B_Plasma	Malignant_OPC_NPC_like_malignant	B_Plasma	malignant_to_microenvironment	malignant_state	B_plasma
Malignant_cycling_candidate	B_Plasma	MDK	NCL	1.2339709	1.5001376	0.0450459751814509	0.039381528379724	0.020502133	0.86619204	0.0345707649925246	magnitude_rank	0.0345707649925246	MDK→NCL	malignant_or_cycling	non_malignant_reference_like	malignant_or_cycling_to_non_malignant_reference_like	primary_rank<=0.05	Malignant_cycling_candidate	B_Plasma	Malignant_cycling_candidate	B_Plasma	malignant_to_microenvironment	malignant_state	B_plasma
Malignant_cycling_candidate	Endothelial	PLAU	LRP1	0.094275236	0.008879472	-0.3505657091002296	-0.5961820920112241	0.0023678092	0.33245903	0.0346599600608118	magnitude_rank	0.0346599600608118	PLAU→LRP1	malignant_or_cycling	non_malignant_reference_like	malignant_or_cycling_to_non_malignant_reference_like	primary_rank<=0.05	Malignant_cycling_candidate	Endothelial	Malignant_cycling_candidate	Endothelial	malignant_to_microenvironment	malignant_state	endothelial
Malignant_NPC_neuronal_like_malignant	Endothelial	HLA-A	APLP2	1.233346	1.5006402	-0.2060308191926728	-0.2035681447427314	0.01087676	0.8662115	0.0346605629025281	magnitude_rank	0.0346605629025281	HLA-A→APLP2	malignant_or_cycling	non_malignant_reference_like	malignant_or_cycling_to_non_malignant_reference_like	primary_rank<=0.05	Malignant_NPC_neuronal_like_malignant	Endothelial	Malignant_NPC_neuronal_like_malignant	Endothelial	malignant_to_microenvironment	malignant_state	endothelial
Malignant_OPC_NPC_like_malignant	Mural_Pericyte_Fibroblast	PTN	PTPRZ1	1.7448921	0.8875356	-0.4657374296766624	-1.3705992515772678	0.004385414	0.83275354	0.0352016491949649	magnitude_rank	0.0352016491949649	PTN→PTPRZ1	malignant_or_cycling	non_malignant_reference_like	malignant_or_cycling_to_non_malignant_reference_like	primary_rank<=0.05	Malignant_OPC_NPC_like_malignant	Mural_Pericyte_Fibroblast	Malignant_OPC_NPC_like_malignant	Mural_Pericyte_Fibroblast	malignant_to_microenvironment	malignant_state	mural_pericyte_fibroblast
Malignant_OPC_NPC_like_malignant	B_Plasma	MIF	CD44_CD74	1.2308974	1.2151119	0.1154466331913604	-0.0400793862102183	0.019453926	0.8535026	0.0353829013286179	magnitude_rank	0.0353829013286179	MIF→CD44_CD74	malignant_or_cycling	non_malignant_reference_like	malignant_or_cycling_to_non_malignant_reference_like	primary_rank<=0.05	Malignant_OPC_NPC_like_malignant	B_Plasma	Malignant_OPC_NPC_like_malignant	B_Plasma	malignant_to_microenvironment	malignant_state	B_plasma
Malignant_cycling_candidate	Oligodendrocyte_myelinating	HLA-A	APLP2	1.2352552	0.8854728	-0.342973624829391	-0.5822265443250719	0.006417977	0.8325914	0.0354282896872958	magnitude_rank	0.0354282896872958	HLA-A→APLP2	malignant_or_cycling	non_malignant_reference_like	malignant_or_cycling_to_non_malignant_reference_like	primary_rank<=0.05	Malignant_cycling_candidate	Oligodendrocyte_myelinating	Malignant_cycling_candidate	Oligodendrocyte_myelinating	malignant_to_microenvironment	malignant_state	oligodendrocyte_reference
Malignant_cycling_candidate	Mural_Pericyte_Fibroblast	VEGFA	ITGB1	1.2712822	0.8830343	0.9130018731467744	0.6714162065932324	0.0273896	0.83239913	0.0357011614239354	magnitude_rank	0.0357011614239354	VEGFA→ITGB1	malignant_or_cycling	non_malignant_reference_like	malignant_or_cycling_to_non_malignant_reference_like	primary_rank<=0.05	Malignant_cycling_candidate	Mural_Pericyte_Fibroblast	Malignant_cycling_candidate	Mural_Pericyte_Fibroblast	malignant_to_microenvironment	malignant_state	mural_pericyte_fibroblast
Malignant_cycling_candidate	Endothelial	CALM1	PTPRA	1.2999656	0.8757025	-0.121019546469159	-0.1920464178771959	0.009423611	0.83181673	0.0362958096614845	magnitude_rank	0.0362958096614845	CALM1→PTPRA	malignant_or_cycling	non_malignant_reference_like	malignant_or_cycling_to_non_malignant_reference_like	primary_rank<=0.05	Malignant_cycling_candidate	Endothelial	Malignant_cycling_candidate	Endothelial	malignant_to_microenvironment	malignant_state	endothelial
Malignant_NPC_neuronal_like_malignant	Mural_Pericyte_Fibroblast	TIMP1	CD63	1.5199401	0.87558216	-0.3557839879747281	-1.1797311465679423	0.00366953	0.83180714	0.0363417436429974	magnitude_rank	0.0363417436429974	TIMP1→CD63	malignant_or_cycling	non_malignant_reference_like	malignant_or_cycling_to_non_malignant_reference_like	primary_rank<=0.05	Malignant_NPC_neuronal_like_malignant	Mural_Pericyte_Fibroblast	Malignant_NPC_neuronal_like_malignant	Mural_Pericyte_Fibroblast	malignant_to_microenvironment	malignant_state	mural_pericyte_fibroblast
Malignant_cycling_candidate	Mural_Pericyte_Fibroblast	FARP2	PLXNA3	0.09631596	0.008968239	-0.0316384835919695	-0.0522887376920216	0.012077489	0.33356375	0.036911069301045	magnitude_rank	0.036911069301045	FARP2→PLXNA3	malignant_or_cycling	non_malignant_reference_like	malignant_or_cycling_to_non_malignant_reference_like	primary_rank<=0.05	Malignant_cycling_candidate	Mural_Pericyte_Fibroblast	Malignant_cycling_candidate	Mural_Pericyte_Fibroblast	malignant_to_microenvironment	malignant_state	mural_pericyte_fibroblast
Malignant_cycling_candidate	B_Plasma	LGALS1	ITGB1	1.2210974	0.9997204	0.0154190358416985	0.0681656281071413	0.008710242	0.840879	0.03694142560273	magnitude_rank	0.03694142560273	LGALS1→ITGB1	malignant_or_cycling	non_malignant_reference_like	malignant_or_cycling_to_non_malignant_reference_like	primary_rank<=0.05	Malignant_cycling_candidate	B_Plasma	Malignant_cycling_candidate	B_Plasma	malignant_to_microenvironment	malignant_state	B_plasma
Malignant_OPC_NPC_like_malignant	Endothelial	CALM1	PTPRA	1.2915193	0.8689854	-0.1287567294356153	-0.114544092961721	0.009351328	0.8312775	0.0371268831765725	magnitude_rank	0.0371268831765725	CALM1→PTPRA	malignant_or_cycling	non_malignant_reference_like	malignant_or_cycling_to_non_malignant_reference_like	primary_rank<=0.05	Malignant_OPC_NPC_like_malignant	Endothelial	Malignant_OPC_NPC_like_malignant	Endothelial	malignant_to_microenvironment	malignant_state	endothelial
Malignant_OPC_NPC_like_malignant	Mural_Pericyte_Fibroblast	MDK	NCL	1.2181642	1.4836982	0.0349513564018336	0.0783696522838004	0.02027746	0.8655522	0.037312782531714	magnitude_rank	0.037312782531714	MDK→NCL	malignant_or_cycling	non_malignant_reference_like	malignant_or_cycling_to_non_malignant_reference_like	primary_rank<=0.05	Malignant_OPC_NPC_like_malignant	Mural_Pericyte_Fibroblast	Malignant_OPC_NPC_like_malignant	Mural_Pericyte_Fibroblast	malignant_to_microenvironment	malignant_state	mural_pericyte_fibroblast
Malignant_cycling_candidate	Mural_Pericyte_Fibroblast	FGF2	GPC4	0.09647532	0.009002699	0.0390931737804122	0.0025419980529817	0.024662212	0.3339902	0.0376611885684613	magnitude_rank	0.0376611885684613	FGF2→GPC4	malignant_or_cycling	non_malignant_reference_like	malignant_or_cycling_to_non_malignant_reference_like	primary_rank<=0.05	Malignant_cycling_candidate	Mural_Pericyte_Fibroblast	Malignant_cycling_candidate	Mural_Pericyte_Fibroblast	malignant_to_microenvironment	malignant_state	mural_pericyte_fibroblast
Malignant_cycling_candidate	B_Plasma	HMGB1	SDC1	1.69025	0.8625754	1.0014559803766716	1.0861221553839455	0.08916123	0.8307576	0.0376859059019698	magnitude_rank	0.0376859059019698	HMGB1→SDC1	malignant_or_cycling	non_malignant_reference_like	malignant_or_cycling_to_non_malignant_reference_like	primary_rank<=0.05	Malignant_cycling_candidate	B_Plasma	Malignant_cycling_candidate	B_Plasma	malignant_to_microenvironment	malignant_state	B_plasma
Malignant_hypoxia_stress_malignant	Endothelial	LGALS3BP	ITGB1	1.2153352	1.0219285	0.82520037493572	0.98197613009046	0.026955558	0.8423434	0.0378731295751221	magnitude_rank	0.0378731295751221	LGALS3BP→ITGB1	malignant_or_cycling	non_malignant_reference_like	malignant_or_cycling_to_non_malignant_reference_like	primary_rank<=0.05	Malignant_hypoxia_stress_malignant	Endothelial	Malignant_hypoxia_stress_malignant	Endothelial	malignant_to_microenvironment	malignant_state	endothelial
Malignant_AC_like_reactive_malignant	Mural_Pericyte_Fibroblast	PSAP	LRP1	1.2127408	1.3204203	0.3010853419643667	0.5112997901075493	0.027492229	0.8586227	0.0383902622988005	magnitude_rank	0.0383902622988005	PSAP→LRP1	malignant_or_cycling	non_malignant_reference_like	malignant_or_cycling_to_non_malignant_reference_like	primary_rank<=0.05	Malignant_AC_like_reactive_malignant	Mural_Pericyte_Fibroblast	Malignant_AC_like_reactive_malignant	Mural_Pericyte_Fibroblast	malignant_to_microenvironment	malignant_state	mural_pericyte_fibroblast
Malignant_cycling_candidate	Mural_Pericyte_Fibroblast	PTN	PLXNB2	1.767464	0.8554803	0.3653900009327598	0.3674374622172333	0.040893525	0.8301762	0.0386737470143034	magnitude_rank	0.0386737470143034	PTN→PLXNB2	malignant_or_cycling	non_malignant_reference_like	malignant_or_cycling_to_non_malignant_reference_like	primary_rank<=0.05	Malignant_cycling_candidate	Mural_Pericyte_Fibroblast	Malignant_cycling_candidate	Mural_Pericyte_Fibroblast	malignant_to_microenvironment	malignant_state	mural_pericyte_fibroblast
Malignant_cycling_candidate	Endothelial	MDK	NCL	1.2106626	1.4356143	0.0200665324775562	0.0433239911991816	0.019620305	0.8636237	0.0387684565390869	magnitude_rank	0.0387684565390869	MDK→NCL	malignant_or_cycling	non_malignant_reference_like	malignant_or_cycling_to_non_malignant_reference_like	primary_rank<=0.05	Malignant_cycling_candidate	Endothelial	Malignant_cycling_candidate	Endothelial	malignant_to_microenvironment	malignant_state	endothelial
Malignant_hypoxia_stress_malignant	Oligodendrocyte_myelinating	VIM	CD44	1.8360677	0.84947616	0.1790986584691182	0.2571913329734867	0.010378655	0.82967913	0.0394345291473069	magnitude_rank	0.0394345291473069	VIM→CD44	malignant_or_cycling	non_malignant_reference_like	malignant_or_cycling_to_non_malignant_reference_like	primary_rank<=0.05	Malignant_hypoxia_stress_malignant	Oligodendrocyte_myelinating	Malignant_hypoxia_stress_malignant	Oligodendrocyte_myelinating	malignant_to_microenvironment	malignant_state	oligodendrocyte_reference
Malignant_AC_like_reactive_malignant	Endothelial	APP	CD74	1.2071456	1.3589163	0.328800287859085	0.5647535452090152	0.015994258	0.860358	0.0395779630136566	magnitude_rank	0.0395779630136566	APP→CD74	malignant_or_cycling	non_malignant_reference_like	malignant_or_cycling_to_non_malignant_reference_like	primary_rank<=0.05	Malignant_AC_like_reactive_malignant	Endothelial	Malignant_AC_like_reactive_malignant	Endothelial	malignant_to_microenvironment	malignant_state	endothelial
Malignant_NPC_neuronal_like_malignant	Endothelial	YBX1	NOTCH1	1.3541509	0.8478808	0.2171220087038184	0.393030725575692	0.027832761	0.8295463	0.0396737257930248	magnitude_rank	0.0396737257930248	YBX1→NOTCH1	malignant_or_cycling	non_malignant_reference_like	malignant_or_cycling_to_non_malignant_reference_like	primary_rank<=0.05	Malignant_NPC_neuronal_like_malignant	Endothelial	Malignant_NPC_neuronal_like_malignant	Endothelial	malignant_to_microenvironment	malignant_state	endothelial
Malignant_OPC_NPC_like_malignant	Mural_Pericyte_Fibroblast	ADAM9	ITGB1	1.263008	0.8478275	1.0602889960327238	1.2710643711639849	0.04238402	0.8295418	0.0397216441389989	magnitude_rank	0.0397216441389989	ADAM9→ITGB1	malignant_or_cycling	non_malignant_reference_like	malignant_or_cycling_to_non_malignant_reference_like	primary_rank<=0.05	Malignant_OPC_NPC_like_malignant	Mural_Pericyte_Fibroblast	Malignant_OPC_NPC_like_malignant	Mural_Pericyte_Fibroblast	malignant_to_microenvironment	malignant_state	mural_pericyte_fibroblast
Malignant_hypoxia_stress_malignant	Endothelial	TIMP2	ITGB1	1.2063193	0.9878492	0.7409160203975113	0.8495305335523474	0.020764789	0.8400782	0.0398655639379968	magnitude_rank	0.0398655639379968	TIMP2→ITGB1	malignant_or_cycling	non_malignant_reference_like	malignant_or_cycling_to_non_malignant_reference_like	primary_rank<=0.05	Malignant_hypoxia_stress_malignant	Endothelial	Malignant_hypoxia_stress_malignant	Endothelial	malignant_to_microenvironment	malignant_state	endothelial
Malignant_cycling_candidate	B_Plasma	MIF	CD44_CD74	1.20589	1.180943	0.0932937196375775	-0.0460796081335327	0.018906884	0.8517104	0.0399136006338525	magnitude_rank	0.0399136006338525	MIF→CD44_CD74	malignant_or_cycling	non_malignant_reference_like	malignant_or_cycling_to_non_malignant_reference_like	primary_rank<=0.05	Malignant_cycling_candidate	B_Plasma	Malignant_cycling_candidate	B_Plasma	malignant_to_microenvironment	malignant_state	B_plasma
Malignant_cycling_candidate	Oligodendrocyte_myelinating	MDK	NCL	1.20363	1.4161466	0.0125298619790605	-0.0156402572597798	0.019354241	0.86281765	0.0405889021179544	magnitude_rank	0.0405889021179544	MDK→NCL	malignant_or_cycling	non_malignant_reference_like	malignant_or_cycling_to_non_malignant_reference_like	primary_rank<=0.05	Malignant_cycling_candidate	Oligodendrocyte_myelinating	Malignant_cycling_candidate	Oligodendrocyte_myelinating	malignant_to_microenvironment	malignant_state	oligodendrocyte_reference
Malignant_cycling_candidate	B_Plasma	TIMP1	CD63	1.2028191	1.3816024	-0.7064069614965756	-1.4614490690816329	0.005790241	0.8613496	0.0408799599631975	magnitude_rank	0.0408799599631975	TIMP1→CD63	malignant_or_cycling	non_malignant_reference_like	malignant_or_cycling_to_non_malignant_reference_like	primary_rank<=0.05	Malignant_cycling_candidate	B_Plasma	Malignant_cycling_candidate	B_Plasma	malignant_to_microenvironment	malignant_state	B_plasma
Malignant_OPC_NPC_like_malignant	Mural_Pericyte_Fibroblast	PTN	PLXNB2	1.7374653	0.8398014	0.3432525235596277	0.4074803635551906	0.040144045	0.8288682	0.0409285727012755	magnitude_rank	0.0409285727012755	PTN→PLXNB2	malignant_or_cycling	non_malignant_reference_like	malignant_or_cycling_to_non_malignant_reference_like	primary_rank<=0.05	Malignant_OPC_NPC_like_malignant	Mural_Pericyte_Fibroblast	Malignant_OPC_NPC_like_malignant	Mural_Pericyte_Fibroblast	malignant_to_microenvironment	malignant_state	mural_pericyte_fibroblast
Malignant_OPC_NPC_like_malignant	Oligodendrocyte_myelinating	APP	CD74	1.202399	1.4422231	0.3327328097535563	0.604304966716231	0.016974768	0.8638939	0.0410258631296444	magnitude_rank	0.0410258631296444	APP→CD74	malignant_or_cycling	non_malignant_reference_like	malignant_or_cycling_to_non_malignant_reference_like	primary_rank<=0.05	Malignant_OPC_NPC_like_malignant	Oligodendrocyte_myelinating	Malignant_OPC_NPC_like_malignant	Oligodendrocyte_myelinating	malignant_to_microenvironment	malignant_state	oligodendrocyte_reference
Malignant_cycling_candidate	Mural_Pericyte_Fibroblast	NTN1	NEO1	0.09559515	0.009107018	-0.0559218876662748	-0.0987121247508805	0.015837228	0.33527276	0.0414098776937939	magnitude_rank	0.0414098776937939	NTN1→NEO1	malignant_or_cycling	non_malignant_reference_like	malignant_or_cycling_to_non_malignant_reference_like	primary_rank<=0.05	Malignant_cycling_candidate	Mural_Pericyte_Fibroblast	Malignant_cycling_candidate	Mural_Pericyte_Fibroblast	malignant_to_microenvironment	malignant_state	mural_pericyte_fibroblast
Malignant_cycling_candidate	Mural_Pericyte_Fibroblast	LAMA5	ITGAV_ITGB8	0.095459044	0.009110062	-0.3744851420090129	-0.7320445997242192	0.0022583408	0.33530995	0.0417845734028326	magnitude_rank	0.0417845734028326	LAMA5→ITGAV_ITGB8	malignant_or_cycling	non_malignant_reference_like	malignant_or_cycling_to_non_malignant_reference_like	primary_rank<=0.05	Malignant_cycling_candidate	Mural_Pericyte_Fibroblast	Malignant_cycling_candidate	Mural_Pericyte_Fibroblast	malignant_to_microenvironment	malignant_state	mural_pericyte_fibroblast
Malignant_NPC_neuronal_like_malignant	Oligodendrocyte_myelinating	PSAP	GPR37	1.1972413	1.3896383	0.9327172499775356	0.9723037923697264	0.06318682	0.8616955	0.042300653355516	magnitude_rank	0.042300653355516	PSAP→GPR37	malignant_or_cycling	non_malignant_reference_like	malignant_or_cycling_to_non_malignant_reference_like	primary_rank<=0.05	Malignant_NPC_neuronal_like_malignant	Oligodendrocyte_myelinating	Malignant_NPC_neuronal_like_malignant	Oligodendrocyte_myelinating	malignant_to_microenvironment	malignant_state	oligodendrocyte_reference
Malignant_NPC_neuronal_like_malignant	Endothelial	CALM3	INSR	1.1929479	1.3811597	1.2344679324783894	1.3728974567436665	0.063723736	0.86133045	0.0430943257572415	magnitude_rank	0.0430943257572415	CALM3→INSR	malignant_or_cycling	non_malignant_reference_like	malignant_or_cycling_to_non_malignant_reference_like	primary_rank<=0.05	Malignant_NPC_neuronal_like_malignant	Endothelial	Malignant_NPC_neuronal_like_malignant	Endothelial	malignant_to_microenvironment	malignant_state	endothelial
Malignant_hypoxia_stress_malignant	Mural_Pericyte_Fibroblast	PKM	CD44	1.1924398	0.9980948	0.2863342855615006	0.3142786054923274	0.024649026	0.84077007	0.043194021651323	magnitude_rank	0.043194021651323	PKM→CD44	malignant_or_cycling	non_malignant_reference_like	malignant_or_cycling_to_non_malignant_reference_like	primary_rank<=0.05	Malignant_hypoxia_stress_malignant	Mural_Pericyte_Fibroblast	Malignant_hypoxia_stress_malignant	Mural_Pericyte_Fibroblast	malignant_to_microenvironment	malignant_state	mural_pericyte_fibroblast
Malignant_OPC_NPC_like_malignant	Mural_Pericyte_Fibroblast	SFRP1	FZD2	0.097307324	0.0091813505	0.210425442497705	0.103072344027451	0.05792302	0.33617917	0.0432830357285825	magnitude_rank	0.0432830357285825	SFRP1→FZD2	malignant_or_cycling	non_malignant_reference_like	malignant_or_cycling_to_non_malignant_reference_like	primary_rank<=0.05	Malignant_OPC_NPC_like_malignant	Mural_Pericyte_Fibroblast	Malignant_OPC_NPC_like_malignant	Mural_Pericyte_Fibroblast	malignant_to_microenvironment	malignant_state	mural_pericyte_fibroblast
Malignant_NPC_neuronal_like_malignant	Oligodendrocyte_myelinating	TIMP1	CD63	1.4363205	0.82170147	-0.4320619975596798	-1.210441799742073	0.003443718	0.8273174	0.0433437788856141	magnitude_rank	0.0433437788856141	TIMP1→CD63	malignant_or_cycling	non_malignant_reference_like	malignant_or_cycling_to_non_malignant_reference_like	primary_rank<=0.05	Malignant_NPC_neuronal_like_malignant	Oligodendrocyte_myelinating	Malignant_NPC_neuronal_like_malignant	Oligodendrocyte_myelinating	malignant_to_microenvironment	malignant_state	oligodendrocyte_reference
Malignant_NPC_neuronal_like_malignant	Endothelial	VCAN	ITGB1	1.1903298	0.92741036	0.7552413351515903	0.8971081882463512	0.026160538	0.83579165	0.0435438339716077	magnitude_rank	0.0435438339716077	VCAN→ITGB1	malignant_or_cycling	non_malignant_reference_like	malignant_or_cycling_to_non_malignant_reference_like	primary_rank<=0.05	Malignant_NPC_neuronal_like_malignant	Endothelial	Malignant_NPC_neuronal_like_malignant	Endothelial	malignant_to_microenvironment	malignant_state	endothelial
Malignant_cycling_candidate	Mural_Pericyte_Fibroblast	FGF2	FGFRL1	0.09727363	0.009184608	-0.0240281319741395	-0.0481543593391592	0.019971028	0.33621877	0.0436575732647196	magnitude_rank	0.0436575732647196	FGF2→FGFRL1	malignant_or_cycling	non_malignant_reference_like	malignant_or_cycling_to_non_malignant_reference_like	primary_rank<=0.05	Malignant_cycling_candidate	Mural_Pericyte_Fibroblast	Malignant_cycling_candidate	Mural_Pericyte_Fibroblast	malignant_to_microenvironment	malignant_state	mural_pericyte_fibroblast
Malignant_cycling_candidate	Oligodendrocyte_myelinating	HSPA8	LRP2	1.1901046	0.84817094	0.9690729479200848	0.6796245668149642	0.12401465	0.8295704	0.0436941548149895	magnitude_rank	0.0436941548149895	HSPA8→LRP2	malignant_or_cycling	non_malignant_reference_like	malignant_or_cycling_to_non_malignant_reference_like	primary_rank<=0.05	Malignant_cycling_candidate	Oligodendrocyte_myelinating	Malignant_cycling_candidate	Oligodendrocyte_myelinating	malignant_to_microenvironment	malignant_state	oligodendrocyte_reference
Malignant_cycling_candidate	Endothelial	LGALS3BP	ITGB1	1.1885676	0.9207494	0.7913848076021086	0.870438665348034	0.024286741	0.8352964	0.0439955499012269	magnitude_rank	0.0439955499012269	LGALS3BP→ITGB1	malignant_or_cycling	non_malignant_reference_like	malignant_or_cycling_to_non_malignant_reference_like	primary_rank<=0.05	Malignant_cycling_candidate	Endothelial	Malignant_cycling_candidate	Endothelial	malignant_to_microenvironment	malignant_state	endothelial
Malignant_cycling_candidate	Oligodendrocyte_myelinating	PSAP	GPR37	1.185153	1.3556362	0.9203502473480412	0.7892695737810127	0.061640743	0.86021274	0.044753307530573	magnitude_rank	0.044753307530573	PSAP→GPR37	malignant_or_cycling	non_malignant_reference_like	malignant_or_cycling_to_non_malignant_reference_like	primary_rank<=0.05	Malignant_cycling_candidate	Oligodendrocyte_myelinating	Malignant_cycling_candidate	Oligodendrocyte_myelinating	malignant_to_microenvironment	malignant_state	oligodendrocyte_reference
Malignant_hypoxia_stress_malignant	Endothelial	MIF	EGFR	1.3889174	0.8123395	0.0083785849995765	-0.5186711380038649	0.009312044	0.8264973	0.044753307530573	magnitude_rank	0.044753307530573	MIF→EGFR	malignant_or_cycling	non_malignant_reference_like	malignant_or_cycling_to_non_malignant_reference_like	primary_rank<=0.05	Malignant_hypoxia_stress_malignant	Endothelial	Malignant_hypoxia_stress_malignant	Endothelial	malignant_to_microenvironment	malignant_state	endothelial
Malignant_AC_like_reactive_malignant	Endothelial	PSAP	SORT1	1.1848801	1.231241	0.4665362413346345	0.796367849360921	0.027856372	0.85432506	0.0448548097334384	magnitude_rank	0.0448548097334384	PSAP→SORT1	malignant_or_cycling	non_malignant_reference_like	malignant_or_cycling_to_non_malignant_reference_like	primary_rank<=0.05	Malignant_AC_like_reactive_malignant	Endothelial	Malignant_AC_like_reactive_malignant	Endothelial	malignant_to_microenvironment	malignant_state	endothelial
Malignant_AC_like_reactive_malignant	Endothelial	CALM1	PTPRA	1.2178823	0.81042475	-0.1961722159006324	-0.3031637176363282	0.008721144	0.8263281	0.044905597116017	magnitude_rank	0.044905597116017	CALM1→PTPRA	malignant_or_cycling	non_malignant_reference_like	malignant_or_cycling_to_non_malignant_reference_like	primary_rank<=0.05	Malignant_AC_like_reactive_malignant	Endothelial	Malignant_AC_like_reactive_malignant	Endothelial	malignant_to_microenvironment	malignant_state	endothelial
Malignant_AC_like_reactive_malignant	Oligodendrocyte_myelinating	VIM	CD44	1.7569256	0.8102072	0.1275454119548446	0.0921654892876548	0.009898878	0.82630885	0.0450581313636112	magnitude_rank	0.0450581313636112	VIM→CD44	malignant_or_cycling	non_malignant_reference_like	malignant_or_cycling_to_non_malignant_reference_like	primary_rank<=0.05	Malignant_AC_like_reactive_malignant	Oligodendrocyte_myelinating	Malignant_AC_like_reactive_malignant	Oligodendrocyte_myelinating	malignant_to_microenvironment	malignant_state	oligodendrocyte_reference
Malignant_AC_like_reactive_malignant	B_Plasma	PTN	SDC1	1.592474	0.8082063	0.64661961662347	0.4529824855445482	0.08700489	0.82613134	0.0451090274608615	magnitude_rank	0.0451090274608615	PTN→SDC1	malignant_or_cycling	non_malignant_reference_like	malignant_or_cycling_to_non_malignant_reference_like	primary_rank<=0.05	Malignant_AC_like_reactive_malignant	B_Plasma	Malignant_AC_like_reactive_malignant	B_Plasma	malignant_to_microenvironment	malignant_state	B_plasma
Malignant_OPC_NPC_like_malignant	Endothelial	HMGB1	CXCR4	1.2230757	0.8081158	0.2979498864801255	0.2182186385071255	0.01541001	0.8261233	0.0451599507288968	magnitude_rank	0.0451599507288968	HMGB1→CXCR4	malignant_or_cycling	non_malignant_reference_like	malignant_or_cycling_to_non_malignant_reference_like	primary_rank<=0.05	Malignant_OPC_NPC_like_malignant	Endothelial	Malignant_OPC_NPC_like_malignant	Endothelial	malignant_to_microenvironment	malignant_state	endothelial
Malignant_OPC_NPC_like_malignant	Oligodendrocyte_myelinating	PSAP	SORT1	1.1836612	1.3989711	0.5835268645071062	0.5960588409699472	0.031651203	0.8620939	0.0453639245060843	magnitude_rank	0.0453639245060843	PSAP→SORT1	malignant_or_cycling	non_malignant_reference_like	malignant_or_cycling_to_non_malignant_reference_like	primary_rank<=0.05	Malignant_OPC_NPC_like_malignant	Oligodendrocyte_myelinating	Malignant_OPC_NPC_like_malignant	Oligodendrocyte_myelinating	malignant_to_microenvironment	malignant_state	oligodendrocyte_reference
Malignant_cycling_candidate	Mural_Pericyte_Fibroblast	ADAM9	ITGB1	1.2534697	0.8072418	1.0441942675622515	1.2050053327097998	0.040355094	0.8260456	0.0453639245060843	magnitude_rank	0.0453639245060843	ADAM9→ITGB1	malignant_or_cycling	non_malignant_reference_like	malignant_or_cycling_to_non_malignant_reference_like	primary_rank<=0.05	Malignant_cycling_candidate	Mural_Pericyte_Fibroblast	Malignant_cycling_candidate	Mural_Pericyte_Fibroblast	malignant_to_microenvironment	malignant_state	mural_pericyte_fibroblast
Malignant_OPC_NPC_like_malignant	Endothelial	YBX1	NOTCH1	1.295938	0.8058215	0.1610057287176792	0.2181456503950679	0.026452115	0.82591903	0.0456195005351684	magnitude_rank	0.0456195005351684	YBX1→NOTCH1	malignant_or_cycling	non_malignant_reference_like	malignant_or_cycling_to_non_malignant_reference_like	primary_rank<=0.05	Malignant_OPC_NPC_like_malignant	Endothelial	Malignant_OPC_NPC_like_malignant	Endothelial	malignant_to_microenvironment	malignant_state	endothelial
Malignant_AC_like_reactive_malignant	B_Plasma	LAMB2	RPSA	1.4380919	0.8037285	0.3624307025986393	0.4633860219810496	0.024354357	0.825732	0.0458757552141753	magnitude_rank	0.0458757552141753	LAMB2→RPSA	malignant_or_cycling	non_malignant_reference_like	malignant_or_cycling_to_non_malignant_reference_like	primary_rank<=0.05	Malignant_AC_like_reactive_malignant	B_Plasma	Malignant_AC_like_reactive_malignant	B_Plasma	malignant_to_microenvironment	malignant_state	B_plasma
Malignant_NPC_neuronal_like_malignant	Oligodendrocyte_myelinating	APP	CD74	1.1814182	1.3942653	0.3110144253558564	0.6552640291961023	0.016410312	0.8618935	0.0459784524979774	magnitude_rank	0.0459784524979774	APP→CD74	malignant_or_cycling	non_malignant_reference_like	malignant_or_cycling_to_non_malignant_reference_like	primary_rank<=0.05	Malignant_NPC_neuronal_like_malignant	Oligodendrocyte_myelinating	Malignant_NPC_neuronal_like_malignant	Oligodendrocyte_myelinating	malignant_to_microenvironment	malignant_state	oligodendrocyte_reference
Malignant_OPC_NPC_like_malignant	Oligodendrocyte_myelinating	LGALS1	ITGB1	1.1804895	1.2100599	0.0500008681393259	-0.1120983886331078	0.010542862	0.8532419	0.0460298372798965	magnitude_rank	0.0460298372798965	LGALS1→ITGB1	malignant_or_cycling	non_malignant_reference_like	malignant_or_cycling_to_non_malignant_reference_like	primary_rank<=0.05	Malignant_OPC_NPC_like_malignant	Oligodendrocyte_myelinating	Malignant_OPC_NPC_like_malignant	Oligodendrocyte_myelinating	malignant_to_microenvironment	malignant_state	oligodendrocyte_reference
Malignant_AC_like_reactive_malignant	Mural_Pericyte_Fibroblast	PTN	PTPRZ1	1.5915501	0.80283535	-0.5788207316560411	-1.5255016764892204	0.0039669005	0.82565194	0.0460812491845167	magnitude_rank	0.0460812491845167	PTN→PTPRZ1	malignant_or_cycling	non_malignant_reference_like	malignant_or_cycling_to_non_malignant_reference_like	primary_rank<=0.05	Malignant_AC_like_reactive_malignant	Mural_Pericyte_Fibroblast	Malignant_AC_like_reactive_malignant	Mural_Pericyte_Fibroblast	malignant_to_microenvironment	malignant_state	mural_pericyte_fibroblast
Malignant_cycling_candidate	Endothelial	C3	LRP1	0.09630689	0.009274281	-0.4020675306196566	-0.7352356675177545	0.001450077	0.33730382	0.0466527266680776	magnitude_rank	0.0466527266680776	C3→LRP1	malignant_or_cycling	non_malignant_reference_like	malignant_or_cycling_to_non_malignant_reference_like	primary_rank<=0.05	Malignant_cycling_candidate	Endothelial	Malignant_cycling_candidate	Endothelial	malignant_to_microenvironment	malignant_state	endothelial
Malignant_AC_like_reactive_malignant	B_Plasma	LGALS1	ITGB1	1.1783681	0.955271	-0.0171553238486097	-0.1021037597954587	0.008322968	0.8378126	0.0467003341652927	magnitude_rank	0.0467003341652927	LGALS1→ITGB1	malignant_or_cycling	non_malignant_reference_like	malignant_or_cycling_to_non_malignant_reference_like	primary_rank<=0.05	Malignant_AC_like_reactive_malignant	B_Plasma	Malignant_AC_like_reactive_malignant	B_Plasma	malignant_to_microenvironment	malignant_state	B_plasma
Malignant_AC_like_reactive_malignant	Endothelial	HMGB1	CXCR4	1.2077862	0.7960756	0.2838901930807896	0.2518414924171514	0.015180415	0.8250425	0.0470632711791128	magnitude_rank	0.0470632711791128	HMGB1→CXCR4	malignant_or_cycling	non_malignant_reference_like	malignant_or_cycling_to_non_malignant_reference_like	primary_rank<=0.05	Malignant_AC_like_reactive_malignant	Endothelial	Malignant_AC_like_reactive_malignant	Endothelial	malignant_to_microenvironment	malignant_state	endothelial
Malignant_hypoxia_stress_malignant	Mural_Pericyte_Fibroblast	CALR	LRP1	1.177566	1.2623799	0.2220583158563455	0.3446668143461362	0.02738032	0.8558724	0.0470632711791128	magnitude_rank	0.0470632711791128	CALR→LRP1	malignant_or_cycling	non_malignant_reference_like	malignant_or_cycling_to_non_malignant_reference_like	primary_rank<=0.05	Malignant_hypoxia_stress_malignant	Mural_Pericyte_Fibroblast	Malignant_hypoxia_stress_malignant	Mural_Pericyte_Fibroblast	malignant_to_microenvironment	malignant_state	mural_pericyte_fibroblast
Malignant_AC_like_reactive_malignant	Endothelial	NAMPT	INSR	1.1767607	1.3359067	1.401691526656368	1.6377384507999762	0.0804516	0.859329	0.0472192138412918	magnitude_rank	0.0472192138412918	NAMPT→INSR	malignant_or_cycling	non_malignant_reference_like	malignant_or_cycling_to_non_malignant_reference_like	primary_rank<=0.05	Malignant_AC_like_reactive_malignant	Endothelial	Malignant_AC_like_reactive_malignant	Endothelial	malignant_to_microenvironment	malignant_state	endothelial
Malignant_hypoxia_stress_malignant	Endothelial	VCAN	ITGB1	1.1756938	0.87208706	0.7388194485438615	0.7768473469231747	0.02459997	0.8315272	0.047636269964085	magnitude_rank	0.047636269964085	VCAN→ITGB1	malignant_or_cycling	non_malignant_reference_like	malignant_or_cycling_to_non_malignant_reference_like	primary_rank<=0.05	Malignant_hypoxia_stress_malignant	Endothelial	Malignant_hypoxia_stress_malignant	Endothelial	malignant_to_microenvironment	malignant_state	endothelial
Malignant_AC_like_reactive_malignant	Endothelial	ADAM9	ITGB1	1.1742588	0.8666634	0.953302612394106	1.222209937706794	0.043325655	0.83108974	0.0480026161622469	magnitude_rank	0.0480026161622469	ADAM9→ITGB1	malignant_or_cycling	non_malignant_reference_like	malignant_or_cycling_to_non_malignant_reference_like	primary_rank<=0.05	Malignant_AC_like_reactive_malignant	Endothelial	Malignant_AC_like_reactive_malignant	Endothelial	malignant_to_microenvironment	malignant_state	endothelial
Malignant_cycling_candidate	B_Plasma	IRAK4	TLR6	0.09794691	0.009296556	0.7524408977414082	0.1464143590973375	0.0680465	0.33757198	0.0481495444522336	magnitude_rank	0.0481495444522336	IRAK4→TLR6	malignant_or_cycling	non_malignant_reference_like	malignant_or_cycling_to_non_malignant_reference_like	primary_rank<=0.05	Malignant_cycling_candidate	B_Plasma	Malignant_cycling_candidate	B_Plasma	malignant_to_microenvironment	malignant_state	B_plasma
Malignant_AC_like_reactive_malignant	Mural_Pericyte_Fibroblast	APP	LRP1	1.1728389	1.2545799	0.2578816481367786	0.369743589378366	0.027646605	0.8554897	0.048370277203769	magnitude_rank	0.048370277203769	APP→LRP1	malignant_or_cycling	non_malignant_reference_like	malignant_or_cycling_to_non_malignant_reference_like	primary_rank<=0.05	Malignant_AC_like_reactive_malignant	Mural_Pericyte_Fibroblast	Malignant_AC_like_reactive_malignant	Mural_Pericyte_Fibroblast	malignant_to_microenvironment	malignant_state	mural_pericyte_fibroblast
Malignant_hypoxia_stress_malignant	Endothelial	PTN	PTPRZ1	1.1980963	0.7872391	-0.8722924719581624	-2.0356175479038447	0.0038898378	0.8242355	0.0484229162469971	magnitude_rank	0.0484229162469971	PTN→PTPRZ1	malignant_or_cycling	non_malignant_reference_like	malignant_or_cycling_to_non_malignant_reference_like	primary_rank<=0.05	Malignant_hypoxia_stress_malignant	Endothelial	Malignant_hypoxia_stress_malignant	Endothelial	malignant_to_microenvironment	malignant_state	endothelial
Malignant_OPC_NPC_like_malignant	Mural_Pericyte_Fibroblast	FGF2	GPC4	0.098346174	0.009298357	0.0444598417744507	0.0250393767450358	0.025472146	0.33759364	0.0485236708952433	magnitude_rank	0.0485236708952433	FGF2→GPC4	malignant_or_cycling	non_malignant_reference_like	malignant_or_cycling_to_non_malignant_reference_like	primary_rank<=0.05	Malignant_OPC_NPC_like_malignant	Mural_Pericyte_Fibroblast	Malignant_OPC_NPC_like_malignant	Mural_Pericyte_Fibroblast	malignant_to_microenvironment	malignant_state	mural_pericyte_fibroblast
Malignant_hypoxia_stress_malignant	Endothelial	SEMA6D	KDR_PLXNA1	0.09691225	0.009298652	-0.0612317730871241	-0.0535613867036277	0.013212906	0.3375972	0.0488977615796864	magnitude_rank	0.0488977615796864	SEMA6D→KDR_PLXNA1	malignant_or_cycling	non_malignant_reference_like	malignant_or_cycling_to_non_malignant_reference_like	primary_rank<=0.05	Malignant_hypoxia_stress_malignant	Endothelial	Malignant_hypoxia_stress_malignant	Endothelial	malignant_to_microenvironment	malignant_state	endothelial
Malignant_OPC_NPC_like_malignant	Endothelial	CALM3	INSR	1.1698757	1.3166591	1.2079094039417713	1.208162896290363	0.06074781	0.8584495	0.0491625942128591	magnitude_rank	0.0491625942128591	CALM3→INSR	malignant_or_cycling	non_malignant_reference_like	malignant_or_cycling_to_non_malignant_reference_like	primary_rank<=0.05	Malignant_OPC_NPC_like_malignant	Endothelial	Malignant_OPC_NPC_like_malignant	Endothelial	malignant_to_microenvironment	malignant_state	endothelial
Malignant_hypoxia_stress_malignant	Endothelial	ANXA2	ROBO4	1.1672332	1.3561856	2.930972079754639	1.4945884576821666	0.15219069	0.8602371	0.0497474743631792	magnitude_rank	0.0497474743631792	ANXA2→ROBO4	malignant_or_cycling	non_malignant_reference_like	malignant_or_cycling_to_non_malignant_reference_like	primary_rank<=0.05	Malignant_hypoxia_stress_malignant	Endothelial	Malignant_hypoxia_stress_malignant	Endothelial	malignant_to_microenvironment	malignant_state	endothelial
Malignant_AC_like_reactive_malignant	Endothelial	VEGFA	ITGB1	1.1665847	0.8376561	0.7689952399251805	0.6735384780096373	0.025982078	0.8286868	0.0498541724868332	magnitude_rank	0.0498541724868332	VEGFA→ITGB1	malignant_or_cycling	non_malignant_reference_like	malignant_or_cycling_to_non_malignant_reference_like	primary_rank<=0.05	Malignant_AC_like_reactive_malignant	Endothelial	Malignant_AC_like_reactive_malignant	Endothelial	malignant_to_microenvironment	malignant_state	endothelial
