cluster	rank_scanpy	gene	score	logfoldchange	pval	padj	pct_in_cluster	pct_rest	pct_diff_in_minus_rest	direction	direction_rank
0	15176	FTL	-232.93225	-2.167831	0.0	0.0	0.9490964539467281	0.9829422909024401	-0.03384583695571197	down	1
0	15175	SRGN	-228.79988	-4.943594	0.0	0.0	0.11926159037082698	0.611810298121685	-0.492548707750858	down	2
0	15174	CYBA	-225.12498	-4.429072	0.0	0.0	0.13428284073581417	0.6133079808545073	-0.4790251401186931	down	3
0	15173	CD74	-216.83598	-4.044055	0.0	0.0	0.2788664309119813	0.6808762479251572	-0.4020098170131759	down	4
0	15172	HLA-DRB1	-211.715	-4.6733227	0.0	0.0	0.11666612594491127	0.569388607258585	-0.4527224813136737	down	5
0	15171	LAPTM5	-211.4604	-4.554186	0.0	0.0	0.09577263731628978	0.5528381777963358	-0.45706554048004605	down	6
0	15170	HLA-DRA	-207.62018	-4.0507193	0.0	0.0	0.23245628264607598	0.631904783267364	-0.399448500621288	down	7
0	15169	NPC2	-207.19804	-3.2767575	0.0	0.0	0.27940174544982643	0.6629144077769074	-0.3835126623270809	down	8
0	15168	SAT1	-206.97551	-2.5368874	0.0	0.0	0.5912305745709373	0.8153053512825202	-0.22407477671158293	down	9
0	15167	TYROBP	-206.67123	-4.6582327	0.0	0.0	0.12922168510527854	0.5591015283955815	-0.42987984329030293	down	10
0	15166	S100A11	-204.6364	-2.9571233	0.0	0.0	0.33854589105538074	0.685955946042011	-0.3474100549866303	down	11
0	15165	RGS1	-202.30417	-4.458557	0.0	0.0	0.11246471790546021	0.542965204758076	-0.43050048685261577	down	12
0	15164	HLA-DPA1	-198.96555	-4.2068996	0.0	0.0	0.13000032443305323	0.5489904445080941	-0.4189901200750409	down	13
0	15163	ARHGDIB	-198.30208	-4.749628	0.0	0.0	0.05015735003082114	0.4853009686625417	-0.4351436186317206	down	14
0	15162	FCER1G	-196.92331	-4.3956695	0.0	0.0	0.09877364305875483	0.5165935654856598	-0.417819922426905	down	15
0	15161	HLA-DPB1	-195.90947	-4.1380887	0.0	0.0	0.13519125328488465	0.5432067664891763	-0.40801551320429164	down	16
0	15160	AIF1	-195.26123	-4.501007	0.0	0.0	0.09178211076144438	0.5061132372377761	-0.41433112647633175	down	17
0	15159	ALOX5AP	-194.63788	-4.4730244	0.0	0.0	0.07484670538234435	0.4948840676234812	-0.42003736224113686	down	18
0	15158	DUSP1	-194.45207	-2.7021651	0.0	0.0	0.40432469259968207	0.7100120435777363	-0.3056873509780542	down	19
0	15157	RGS10	-191.13673	-4.7797484	0.0	0.0	0.045436849106186936	0.46116204996186777	-0.4157252008556808	down	20
0	15156	C1QC	-190.41626	-4.5650826	0.0	0.0	0.10265061804496642	0.5006366877055431	-0.3979860696605767	down	21
0	15155	ITGB2	-189.9122	-5.1727705	0.0	0.0	0.035022548097200144	0.4457918221001377	-0.41076927400293756	down	22
0	15154	C1QA	-189.48288	-4.1121716	0.0	0.0	0.16439022807643644	0.5430790838598804	-0.3786888557834439	down	23
0	15153	C1QB	-187.70601	-4.0267887	0.0	0.0	0.20633942186029913	0.5664173979660502	-0.36007797610575104	down	24
0	15152	VAMP8	-187.47191	-4.6875753	0.0	0.0	0.04644259157122928	0.45077144464267843	-0.40432885307144917	down	25
0	15151	APOC1	-186.99127	-3.6636996	0.0	0.0	0.2817863283911365	0.6179011046272875	-0.33611477623615105	down	26
0	15150	RNASET2	-186.51672	-3.2666276	0.0	0.0	0.22591895662330078	0.5824916057298443	-0.3565726491065435	down	27
0	15149	HLA-E	-186.50833	-2.438483	0.0	0.0	0.2985595172436168	0.6707030481639583	-0.3721435309203415	down	28
0	15148	PTPRC	-185.98409	-5.6916304	0.0	0.0	0.019855302858255198	0.42034847005152165	-0.40049316719326644	down	29
0	15147	TPT1	-185.7225	-1.3121918	0.0	0.0	0.8907796126269344	0.9549004248035585	-0.06412081217662413	down	30
0	15146	CTSS	-184.38069	-4.897572	0.0	0.0	0.04024592025435551	0.43558756440208296	-0.39534164414772743	down	31
0	15145	SPP1	-183.57114	-2.880491	0.0	0.0	0.56412419297278	0.7888094802626812	-0.22468528728990111	down	32
0	15144	CD53	-183.48245	-5.2970676	0.0	0.0	0.0245758037828894	0.41772925071001893	-0.3931534469271295	down	33
0	15143	APOE	-183.25684	-2.689556	0.0	0.0	0.6136164552444603	0.8025888515810216	-0.18897239633656127	down	34
0	15142	CD68	-182.00131	-4.359241	0.0	0.0	0.06214515134801934	0.44950842187721074	-0.3873632705291914	down	35
0	15141	FTH1	-181.38278	-1.0136266	0.0	0.0	0.9854167342568861	0.9923597475334822	-0.006943013276596077	down	36
0	15140	ARPC1B	-179.3979	-2.7941353	0.0	0.0	0.20947020082405995	0.5645366673453401	-0.35506646652128016	down	37
0	15139	HLA-DMA	-179.17615	-4.5222354	0.0	0.0	0.04980047367225773	0.43071491919760097	-0.38091444552534326	down	38
0	15138	HCST	-178.94107	-4.9443483	0.0	0.0	0.03228108879732667	0.41337078690459345	-0.3810896981072668	down	39
0	15137	GMFG	-178.51888	-4.6389217	0.0	0.0	0.033465269441650715	0.41518940165159207	-0.38172413220994134	down	40
0	15136	CD14	-178.47699	-4.5133076	0.0	0.0	0.06365376504558284	0.44043605343345493	-0.3767822883878721	down	41
0	15135	CD37	-177.31148	-5.0085545	0.0	0.0	0.026214190701748696	0.4022831034470859	-0.3760689127453372	down	42
0	15134	MS4A7	-177.05132	-5.050825	0.0	0.0	0.03645005353145379	0.40961622742691894	-0.37316617389546514	down	43
0	15133	HLA-DQB1	-176.38266	-4.8723493	0.0	0.0	0.03912662622067936	0.4116867565506365	-0.37256013032995716	down	44
0	15132	S100A4	-175.07744	-4.8119583	0.0	0.0	0.0555104954092723	0.42285381029121993	-0.36734331488194766	down	45
0	15131	TREM2	-174.32538	-4.6106486	0.0	0.0	0.04644259157122928	0.41286695815115554	-0.3664243665799263	down	46
0	15130	NFKBIA	-173.57231	-2.4646072	0.0	0.0	0.3345878078058593	0.6489624923649239	-0.3143746845590646	down	47
0	15129	RPS6	-172.88332	-1.1135296	0.0	0.0	0.8725951399928624	0.943284756419503	-0.07068961642664062	down	48
0	15128	C3	-171.23239	-4.05744	0.0	0.0	0.08375239269376764	0.44019449170235453	-0.3564420990085869	down	49
0	15127	NEAT1	-171.21779	-1.8601483	0.0	0.0	0.6490283230055478	0.8574164627770626	-0.20838813977151482	down	50
0	15126	CAPG	-170.8926	-3.5667408	0.0	0.0	0.10488920611231872	0.45867051324966096	-0.35378130713734224	down	51
0	15125	MS4A6A	-170.22884	-4.800474	0.0	0.0	0.03881841482010187	0.3928311379973152	-0.35401272317721333	down	52
0	15124	FCGR3A	-169.56697	-4.7832646	0.0	0.0	0.040018817117087886	0.3917993243173293	-0.3517805072002414	down	53
0	15123	CSF1R	-169.21672	-5.067814	0.0	0.0	0.025370664763326087	0.3765119176205479	-0.3511412528572218	down	54
0	15122	HCLS1	-168.9264	-4.7841945	0.0	0.0	0.026944165071537487	0.37867907143670565	-0.3517349063651682	down	55
0	15121	CXCR4	-168.89713	-4.2915463	0.0	0.0	0.05735976381273724	0.411472801874519	-0.3541130380617818	down	56
0	15120	CCL3	-167.37431	-3.3749516	0.0	0.0	0.22758978684748402	0.5482347013779372	-0.3206449145304532	down	57
0	15119	PLXDC2	-166.75055	-4.6870065	0.0	0.0	0.035022548097200144	0.37981441157287743	-0.3447918634756773	down	58
0	15118	PYCARD	-165.8006	-4.4391246	0.0	0.0	0.03435746033805924	0.3781752426832677	-0.34381778234520843	down	59
0	15117	SLC11A1	-165.1353	-4.319268	0.0	0.0	0.04399312201927132	0.3861778377464361	-0.3421847157271648	down	60
0	15116	GSN	-165.07469	-2.7264183	0.0	0.0	0.1946111669856925	0.5257315006850001	-0.3311203336993076	down	61
0	15115	IER3	-165.02885	-4.3799725	0.0	0.0	0.050335788210102844	0.3924895006919018	-0.34215371248179893	down	62
0	15114	GPR34	-164.65738	-4.954384	0.0	0.0	0.02973428932939688	0.36711171539887016	-0.3373774260694733	down	63
0	15113	CORO1A	-164.62663	-3.7707934	0.0	0.0	0.0700937611523862	0.4123182679333704	-0.3422245067809842	down	64
0	15112	TYMP	-164.59552	-3.5958028	0.0	0.0	0.09437757518736009	0.4336550705532799	-0.3392774953659198	down	65
0	15111	CCL4	-164.52794	-3.4160666	0.0	0.0	0.19326476981474872	0.5175736159375528	-0.3243088461228041	down	66
0	15110	SAMSN1	-163.70206	-5.1659307	0.0	0.0	0.02030950913279045	0.35441592098860863	-0.3341064118558182	down	67
0	15109	CEBPB	-163.29027	-2.5031655	0.0	0.0	0.2301528079680758	0.5539252055862876	-0.32377239761821175	down	68
0	15108	RPS24	-163.11703	-1.0812165	0.0	0.0	0.85835252895565	0.9291464933863849	-0.07079396443073493	down	69
0	15107	CTSB	-161.72038	-1.9602631	0.0	0.0	0.5062777795801836	0.7111680890051453	-0.20489030942496167	down	70
0	15106	B2M	-161.65117	-1.1780126	0.0	0.0	0.9486746909775168	0.9778177313212392	-0.029143040343722393	down	71
0	15105	VSIG4	-161.04626	-4.4417677	0.0	0.0	0.04003503876974986	0.3694997256548911	-0.32946468688514124	down	72
0	15104	MAFB	-160.91125	-3.3010566	0.0	0.0	0.10214774681244525	0.43654000779899305	-0.3343922609865478	down	73
0	15103	SLA	-160.78725	-4.662607	0.0	0.0	0.027609252830678388	0.35530969939368007	-0.3277004465630017	down	74
0	15102	RPL21	-160.59027	-0.97887874	0.0	0.0	0.8859455601336664	0.9425359150530919	-0.056590354919425434	down	75
0	15101	LST1	-158.79971	-3.460029	0.0	0.0	0.07852902053661227	0.40650353197759687	-0.3279745114409846	down	76
0	15100	HLA-DMB	-158.63693	-4.678502	0.0	0.0	0.028906985043636247	0.3499884395457259	-0.32108145450208964	down	77
0	15099	SPI1	-157.20981	-4.561206	0.0	0.0	0.029977614119326475	0.34698272143446257	-0.3170051073151361	down	78
0	15098	C1orf162	-156.35367	-4.6267133	0.0	0.0	0.027382149693410764	0.34199964801004895	-0.3146174983166382	down	79
0	15097	GPSM3	-155.86246	-4.720921	0.0	0.0	0.02228855075755118	0.33481491195074903	-0.3125263611931979	down	80
0	15096	EVI2B	-154.52072	-5.3160124	0.0	0.0	0.014404827563832203	0.32016246751857436	-0.30575763995474214	down	81
0	15095	OLR1	-154.51233	-4.484186	0.0	0.0	0.03164844434350972	0.3423136782604795	-0.31066523391696976	down	82
0	15094	FCGR1A	-154.48814	-5.1899686	0.0	0.0	0.019271323362424164	0.3253629465009783	-0.30609162313855415	down	83
0	15093	LY86	-153.93257	-5.03449	0.0	0.0	0.018411575771339585	0.3234960194077596	-0.30508444363642007	down	84
0	15092	CYBB	-153.50809	-5.2584677	0.0	0.0	0.0177951529701846	0.32061453304391935	-0.30281938007373477	down	85
0	15091	SLCO2B1	-153.4115	-4.674981	0.0	0.0	0.026068195827790935	0.3315814356358768	-0.30551323980808587	down	86
0	15090	MSR1	-153.40742	-5.014791	0.0	0.0	0.020893488628621483	0.32465896659891436	-0.30376547797029285	down	87
0	15089	TMSB4X	-153.23927	-1.0392683	0.0	0.0	0.9832916977581676	0.9917178835051297	-0.008426185746962078	down	88
0	15088	FXYD5	-152.7296	-3.0134828	0.0	0.0	0.08800246569120462	0.4068589728105017	-0.3188565071192971	down	89
0	15087	FCGR2A	-152.67413	-3.5542033	0.0	0.0	0.07251078739902021	0.3813707592975385	-0.30885997189851827	down	90
0	15086	CTSZ	-151.96243	-2.7842588	0.0	0.0	0.15777179379035136	0.45858079032096655	-0.3008089965306152	down	91
0	15085	CD163	-151.51057	-4.666198	0.0	0.0	0.03213509392336891	0.33243725434034666	-0.30030216041697777	down	92
0	15084	SERPINA1	-151.25436	-4.84092	0.0	0.0	0.021753236219706065	0.3198380846225253	-0.29808484840281924	down	93
0	15083	CTSH	-151.05597	-4.1709585	0.0	0.0	0.03451967686467897	0.3360813855980896	-0.3015617087334106	down	94
0	15082	APBB1IP	-150.25992	-5.0913367	0.0	0.0	0.01677318885248029	0.31045858769208473	-0.29368539883960443	down	95
0	15081	SLC16A3	-149.73982	-3.894055	0.0	0.0	0.040651461570904844	0.34128876634423927	-0.30063730477333445	down	96
0	15080	IL18	-149.71132	-5.1338906	0.0	0.0	0.017292281737663433	0.30913344905290546	-0.291841167315242	down	97
0	15079	HLA-DQA1	-149.22481	-4.9493747	0.0	0.0	0.024283814034973882	0.31619395336478234	-0.29191013932980847	down	98
0	15078	CTSC	-149.15729	-2.6579895	0.0	0.0	0.14010641404146254	0.44439421494162834	-0.30428780090016583	down	99
0	15077	HMOX1	-149.07886	-3.2834373	0.0	0.0	0.08848911527106382	0.3925378130381219	-0.3040486977670581	down	100
0	1	PTPRZ1	307.74988	3.759407	0.0	0.0	0.9416669370275443	0.38516672935768737	0.556500207669857	up	1
0	2	BCAN	288.05225	3.3892202	0.0	0.0	0.845634753268663	0.2834105755725876	0.5622241776960755	up	2
0	3	OLIG1	280.8497	3.2346747	0.0	0.0	0.768760341303572	0.23152311573222537	0.5372372255713466	up	3
0	4	NOVA1	271.2489	2.9355423	0.0	0.0	0.8564221522888752	0.3373720154185402	0.519050136870335	up	4
0	5	PTN	269.0653	3.289008	0.0	0.0	0.9543684910618694	0.46653507303791486	0.4878334180239545	up	5
0	6	ETV1	263.7261	2.8787491	0.0	0.0	0.7229828374914836	0.22039057081037058	0.502592266681113	up	6
0	7	GPM6A	263.18234	2.7826023	0.0	0.0	0.8343931479739156	0.30848123237893443	0.5259119155949812	up	7
0	8	DBI	256.17755	2.302353	0.0	0.0	0.9755539694384063	0.8266242438255096	0.14892972561289675	up	8
0	9	MAP2	246.09024	2.6387897	0.0	0.0	0.7115303507121306	0.23305875816564922	0.4784715925464813	up	9
0	10	TUBB2B	236.70758	2.605128	0.0	0.0	0.8665282418972845	0.3775575348280253	0.4889707070692592	up	10
0	11	FXYD6	235.72157	2.5383987	0.0	0.0	0.7273464620575544	0.2666496423160939	0.4606968197414605	up	11
0	12	TUBA1A	235.52292	2.6108453	0.0	0.0	0.956444862602602	0.6845134774191545	0.2719313851834475	up	12
0	13	SOX2	235.22647	2.4438055	0.0	0.0	0.8014145281121241	0.3196551878832636	0.4817593402288605	up	13
0	14	SCD5	234.70103	2.5076063	0.0	0.0	0.7392369334587808	0.2786380059424186	0.4605989275163622	up	14
0	15	FABP7	234.46315	2.7114153	0.0	0.0	0.779093534049249	0.3111349605391658	0.4679585735100832	up	15
0	16	MARCKSL1	233.81102	2.481241	0.0	0.0	0.846251176069818	0.42115597640977154	0.4250951996600465	up	16
0	17	OLIG2	233.52258	2.7820606	0.0	0.0	0.5596956817960613	0.1472008171688275	0.41249486462723384	up	17
0	18	SCRG1	225.86926	2.5251315	0.0	0.0	0.7697823054212763	0.3324683122772024	0.43731399314407393	up	18
0	19	GRIA2	223.64558	2.7242768	0.0	0.0	0.5518606235603283	0.1573153519381878	0.3945452716221405	up	19
0	20	GPM6B	223.14885	2.428308	0.0	0.0	0.8884923596015962	0.44019104082048166	0.44830131878111457	up	20
0	21	PMP2	220.35588	2.483134	0.0	0.0	0.7529117866528242	0.31033435594466163	0.4425774307081626	up	21
0	22	DSEL	219.46535	2.4139476	0.0	0.0	0.6188560490542776	0.20611772338421083	0.41273832567006674	up	22
0	23	LIMA1	219.4534	2.3605545	0.0	0.0	0.675534503455212	0.2726817838298577	0.40285271962535435	up	23
0	24	NES	218.7884	2.3963256	0.0	0.0	0.6683807546312819	0.24516445177565127	0.4232163028556306	up	24
0	25	S100B	218.37717	2.392872	0.0	0.0	0.8536482496836778	0.4660830075125698	0.387565242171108	up	25
0	26	METRN	216.85107	2.4653838	0.0	0.0	0.7600493138240924	0.3532081123331067	0.4068412014909856	up	26
0	27	CSPG5	213.6318	2.6484683	0.0	0.0	0.4814586510073646	0.12309985816875503	0.3583587928386096	up	27
0	28	MAGED1	212.53568	2.2114096	0.0	0.0	0.6699542549394932	0.2564867952005135	0.41346745973897975	up	28
0	29	CKB	212.09486	2.291825	0.0	0.0	0.8754014859033838	0.48222278203194824	0.3931787038714356	up	29
0	30	SCG3	210.10362	2.469598	0.0	0.0	0.5578626350452585	0.17558086969124959	0.3822817653540089	up	30
0	31	SRI	205.65652	1.8492359	0.0	0.0	0.8590987249781008	0.5796687843578426	0.27942994062025817	up	31
0	32	BEX1	205.49664	2.2597647	0.0	0.0	0.6473088278233786	0.24424306631559695	0.4030657615077817	up	32
0	33	TTYH1	204.2483	2.1337874	0.0	0.0	0.6506667099244071	0.23885278883018554	0.41181392109422155	up	33
0	34	SEMA5A	203.84732	2.4359746	0.0	0.0	0.5082892645102683	0.15243235408808722	0.35585691042218115	up	34
0	35	GAP43	202.16168	2.3115063	0.0	0.0	0.6901826558089739	0.2837556637598738	0.40642699204910004	up	35
0	36	MT3	201.32317	2.4856951	0.0	0.0	0.8696752425137073	0.5076592323168185	0.3620160101968888	up	36
0	37	PCSK1N	201.27179	2.2338603	0.0	0.0	0.6904584239042274	0.28269624302490504	0.40776218087932237	up	37
0	38	CDH2	200.90724	2.1217964	0.0	0.0	0.599844272134445	0.21047273630776345	0.3893715358266816	up	38
0	39	MMP16	200.87532	2.6643713	0.0	0.0	0.4101644875579924	0.09747706026275015	0.31268742729524224	up	39
0	40	ATP1B2	200.86641	2.2257178	0.0	0.0	0.5762255458586121	0.19305958637729873	0.3831659594813134	up	40
0	41	NDUFA4	200.05463	1.3858737	0.0	0.0	0.9519352431625734	0.8482750766958497	0.10366016646672371	up	41
0	42	BAALC	199.55136	2.0556982	0.0	0.0	0.6853323816630438	0.2759601216090772	0.4093722600539666	up	42
0	43	TSPAN7	196.39394	2.1775656	0.0	0.0	0.5770366284917108	0.2052619046797409	0.37177472381196985	up	43
0	44	C1QL1	195.90909	2.4555187	0.0	0.0	0.47667326347208255	0.14021968314002645	0.3364535803320561	up	44
0	45	FAM181B	194.88313	2.25229	0.0	0.0	0.5155727865554943	0.1636822289936193	0.35189055756187504	up	45
0	46	TNR	194.17819	3.130858	0.0	0.0	0.3372481588424229	0.06898657952039644	0.26826157932202643	up	46
0	47	FIBIN	193.79141	2.4361892	0.0	0.0	0.4560393212860526	0.13243794451672125	0.3236013767693314	up	47
0	48	TSC22D4	193.48825	1.9520038	0.0	0.0	0.7946987639100671	0.4394249450447062	0.3552738188653609	up	48
0	49	NKAIN4	192.29529	2.534192	0.0	0.0	0.427359439379684	0.11511451751495094	0.31224492186473307	up	49
0	50	BCHE	191.41273	2.1972194	0.0	0.0	0.4949226227168024	0.15328127102881142	0.3416413516879909	up	50
0	51	TRAF4	190.90367	2.4083886	0.0	0.0	0.4560393212860526	0.13590608079894817	0.32013324048710445	up	51
0	52	LSAMP	190.12083	2.1819682	0.0	0.0	0.5182655808973818	0.17409008872217296	0.3441754921752089	up	52
0	53	PDGFRA	189.93733	2.6749551	0.0	0.0	0.4671349317068423	0.14308046421262954	0.32405446749421274	up	53
0	54	TSC22D1	188.34021	2.042184	0.0	0.0	0.6863705674334101	0.3252076568166995	0.3611629106167106	up	54
0	55	CCND2	188.20764	2.088913	0.0	0.0	0.6758751581611134	0.32318198915732915	0.3526931690037843	up	55
0	56	EPN2	188.14009	2.2155533	0.0	0.0	0.5543912013755962	0.21499339156121347	0.3393978098143827	up	56
0	57	CADM4	187.91473	2.0821173	0.0	0.0	0.5159783278720436	0.17190568049665092	0.34407264737539267	up	57
0	58	ADGRL3	187.16936	2.329783	0.0	0.0	0.4274081043376699	0.12024252797802479	0.30716557635964514	up	58
0	59	RAMP1	187.0794	1.938265	0.0	0.0	0.6800116795899166	0.300078335018514	0.3799333445714026	up	59
0	60	PRDX2	185.38306	1.6827157	0.0	0.0	0.8221620218667878	0.5486246510295706	0.2735373708372172	up	60
0	61	NRXN1	183.99608	2.311787	0.0	0.0	0.4412289524056711	0.1310506900038305	0.31017826240184065	up	61
0	62	SOX6	182.60858	2.4693882	0.0	0.0	0.41039159069526004	0.11846187293162767	0.29192971776363236	up	62
0	63	DLL3	182.4881	2.8702466	0.0	0.0	0.3669662265191578	0.09379496930440574	0.27317125721475205	up	63
0	64	ATP6V0E2	182.22552	1.8716042	0.0	0.0	0.6514453492521818	0.30044412849703744	0.35100122075514434	up	64
0	65	ZNF428	179.73679	1.6851952	0.0	0.0	0.7665866398468676	0.4502469105980033	0.3163397292488643	up	65
0	66	SERPINE2	179.0821	2.0109959	0.0	0.0	0.555072510787399	0.21140792529530922	0.34366458549208984	up	66
0	67	SOX8	178.9132	2.418318	0.0	0.0	0.4241475521526133	0.12933905259489062	0.2948084995577227	up	67
0	68	MDK	178.1734	1.8923694	0.0	0.0	0.6630113876001688	0.305051055797309	0.35796033180285974	up	68
0	69	LAPTM4B	177.88728	1.9235657	0.0	0.0	0.5538396651850891	0.21574568380949752	0.33809398137559155	up	69
0	70	ASCL1	177.06528	2.2829626	0.0	0.0	0.3897252052039062	0.10718439097111267	0.28254081423279354	up	70
0	71	NRCAM	177.04488	1.8855232	0.0	0.0	0.5698504363624566	0.2198798402931869	0.34997059606926967	up	71
0	72	SNTG1	176.90015	2.270079	0.0	0.0	0.383771858676962	0.10476532277823598	0.27900653589872604	up	72
0	73	HES6	176.48999	2.134299	0.0	0.0	0.5364987184894398	0.2108178244950497	0.32568089399439004	up	73
0	74	NLGN3	176.40129	2.432943	0.0	0.0	0.3530804918405087	0.09017844510164573	0.26290204673886297	up	74
0	75	TRIB2	176.32417	2.038352	0.0	0.0	0.49477662784284465	0.1758017261311128	0.3189749017117318	up	75
0	76	KCNQ2	176.3068	2.1011195	0.0	0.0	0.44875579924082665	0.14221429286254103	0.3065415063782856	up	76
0	77	IGFBP2	176.12524	2.0706348	0.0	0.0	0.7461149141874575	0.38218516741953407	0.3639297467679234	up	77
0	78	S100A16	175.36723	1.9695585	0.0	0.0	0.5852772280439931	0.25255969162919584	0.33271753641479723	up	78
0	79	SOX4	174.89908	2.0454116	0.0	0.0	0.6751938487493105	0.3398324941938912	0.3353613545554193	up	79
0	80	GPR37L1	174.45464	2.3849978	0.0	0.0	0.36419232391396034	0.09714577560295534	0.267046548311005	up	80
0	81	TRIM9	173.05829	1.9232167	0.0	0.0	0.5214936897771145	0.19769066985068035	0.3238030199264342	up	81
0	82	SOX11	172.79305	1.900477	0.0	0.0	0.4904292249294358	0.16965570551554449	0.3207735194138913	up	82
0	83	MYO10	172.64346	2.014258	0.0	0.0	0.4946144113162249	0.18219966112340008	0.31241475019282483	up	83
0	84	THY1	172.53821	2.091112	0.0	0.0	0.43877948285371315	0.14298038863831652	0.29579909421539663	up	84
0	85	ASIC4	172.33272	2.4859364	0.0	0.0	0.316597995003731	0.07402141617290299	0.242576578830828	up	85
0	86	PODXL2	171.91725	2.1025019	0.0	0.0	0.4190863965220777	0.13143028700984535	0.2876561095122323	up	86
0	87	NCAM1	171.45593	1.7848583	0.0	0.0	0.6078902118547838	0.25665588841228376	0.3512343234425	up	87
0	88	ZNF462	171.2184	2.1437132	0.0	0.0	0.42817052201278266	0.13984353701588442	0.28832698499689824	up	88
0	89	ITGB8	171.02147	1.9168669	0.0	0.0	0.5444635499464685	0.21807847995555263	0.3263850699909159	up	89
0	90	FHL1	170.99394	1.7821957	0.0	0.0	0.5583655062777796	0.2201766161342531	0.3381888901435265	up	90
0	91	LDHB	170.79884	1.3654581	0.0	0.0	0.8560003893196639	0.6626003775264769	0.193400011793187	up	91
0	92	PCDH17	169.7178	2.0010822	0.0	0.0	0.4604516108101093	0.16073517587419464	0.2997164349359147	up	92
0	93	TMEM132B	169.62581	2.5757413	0.0	0.0	0.29380657301365865	0.0656771838043212	0.22812938920933745	up	93
0	94	NPDC1	169.47482	1.8196262	0.0	0.0	0.5522661648768776	0.22716465192679988	0.3251015129500777	up	94
0	95	NME1	169.15195	1.604138	0.0	0.0	0.7425948155598092	0.4477312177126865	0.29486359784712274	up	95
0	96	DPP6	168.60385	2.0584173	0.0	0.0	0.4178373292671057	0.13378723932901052	0.2840500899380952	up	96
0	97	TSPAN3	168.24698	1.5772831	0.0	0.0	0.7354086234305551	0.4252245661378765	0.3101840572926786	up	97
0	98	RAB3IP	167.88205	1.994194	0.0	0.0	0.4741913506148006	0.17539107118824215	0.29880027942655846	up	98
0	99	NEU4	167.81662	2.8171153	0.0	0.0	0.2652889076339097	0.05438589831631473	0.21090300931759498	up	99
0	100	CADM2	167.72618	2.08987	0.0	0.0	0.44087207604710765	0.15049986023928416	0.29037221580782346	up	100
1	15176	S100A6	-235.56995	-2.9456682	0.0	0.0	0.4191433493335117	0.809224512748769	-0.39008116341525734	down	1
1	15175	PTN	-225.60509	-4.7298355	0.0	0.0	0.1598066598651971	0.632538506905869	-0.4727318470406719	down	2
1	15174	TUBA1A	-217.44528	-3.0781608	0.0	0.0	0.5047080664314028	0.7788578913440042	-0.2741498249126014	down	3
1	15173	GAPDH	-212.4571	-1.4067909	0.0	0.0	0.9409442892743055	0.9747287714822587	-0.03378448220795316	down	4
1	15172	GPM6B	-210.80315	-4.121472	0.0	0.0	0.15286581592547374	0.5938601544390953	-0.4409943385136216	down	5
1	15171	VIM	-208.55254	-2.4047408	0.0	0.0	0.5615059122610426	0.8442510526821105	-0.2827451404210679	down	6
1	15170	PPDPF	-207.94011	-2.3169525	0.0	0.0	0.4204813433459885	0.759515286178661	-0.3390339428326725	down	7
1	15169	NOVA1	-205.6255	-5.400397	0.0	0.0	0.04343463063002793	0.507351630114252	-0.46391699948422405	down	8
1	15168	CLU	-203.0838	-3.6165266	0.0	0.0	0.2758107407469352	0.656242713519593	-0.3804319727726578	down	9
1	15167	MT3	-202.5019	-3.7016692	0.0	0.0	0.24281246341422622	0.6384808459860922	-0.395668382571866	down	10
1	15166	TUBB2B	-201.64856	-4.502775	0.0	0.0	0.10036627586091552	0.5377456829746671	-0.43737940711375156	down	11
1	15165	MARCKSL1	-201.11775	-3.8435383	0.0	0.0	0.13861617969259588	0.568938676980894	-0.4303224972882981	down	12
1	15164	PTPRZ1	-197.39044	-4.384011	0.0	0.0	0.14192771487347594	0.5526683948483726	-0.41074067997489666	down	13
1	15163	SOX2	-193.284	-4.8950744	0.0	0.0	0.049739927413824825	0.4768272778394986	-0.42708735042567375	down	14
1	15162	IGFBP2	-191.70863	-4.4122148	0.0	0.0	0.1062199996655015	0.515690792631911	-0.4094707929664095	down	15
1	15161	MAP1B	-189.00421	-4.311076	0.0	0.0	0.07181682861969192	0.4862156935357775	-0.4143988649160856	down	16
1	15160	CNN3	-185.28534	-4.5677333	0.0	0.0	0.04808415982338479	0.4563771276522789	-0.4082929678288941	down	17
1	15159	CALD1	-183.3089	-4.594663	0.0	0.0	0.04493987389406432	0.4470538616631692	-0.40211398776910484	down	18
1	15158	GPM6A	-183.29965	-4.285621	0.0	0.0	0.07002726162800421	0.46853612036922737	-0.39850885874122316	down	19
1	15157	ACTG1	-181.25551	-1.1026987	0.0	0.0	0.8759679550434012	0.9341850800312719	-0.05821712498787068	down	20
1	15156	S100A10	-179.92703	-2.604726	0.0	0.0	0.2859794952417588	0.6338826482327284	-0.34790315299096963	down	21
1	15155	FABP7	-178.78769	-4.4913955	0.0	0.0	0.07680085631616798	0.4580950225623723	-0.38129416624620427	down	22
1	15154	NDUFA4	-178.4711	-1.3407134	0.0	0.0	0.7831278955026676	0.8835431839690573	-0.1004152884663897	down	23
1	15153	SPARC	-174.49687	-3.6265724	0.0	0.0	0.09973072870498904	0.4788880659452194	-0.3791573372402303	down	24
1	15152	PMP2	-174.19443	-4.251829	0.0	0.0	0.08210265759060728	0.45067824274095103	-0.3685755851503437	down	25
1	15151	APP	-173.8729	-2.8262074	0.0	0.0	0.18591426803365055	0.5467260557681494	-0.36081178773449885	down	26
1	15150	PCSK1N	-170.91855	-4.387072	0.0	0.0	0.049572678162265224	0.41668381132644805	-0.3671111331641828	down	27
1	15149	BAALC	-170.47781	-4.3751493	0.0	0.0	0.045307822247495445	0.409781371298468	-0.3644735490509725	down	28
1	15148	GAP43	-169.7358	-4.512766	0.0	0.0	0.056346272850428994	0.4162894841514765	-0.3599432113010475	down	29
1	15147	CHCHD2	-169.64604	-1.324052	0.0	0.0	0.7780602431804118	0.8766716043286837	-0.09861136114827196	down	30
1	15146	SCD5	-169.41536	-4.113527	0.0	0.0	0.059172785201786225	0.4209939787954848	-0.3618211935936986	down	31
1	15145	SCRG1	-167.83148	-3.494758	0.0	0.0	0.11503403522269239	0.46948593452111537	-0.35445189929842297	down	32
1	15144	FEZ1	-167.66295	-3.999244	0.0	0.0	0.055493301667475035	0.41471217545159034	-0.3592188737841153	down	33
1	15143	DYNLL1	-166.42247	-1.3700228	0.0	0.0	0.6579251057851516	0.8128454648945946	-0.15492035910944302	down	34
1	15142	BCAN	-166.09607	-4.0349803	0.0	0.0	0.09533207338897158	0.44081320550275	-0.3454811321137784	down	35
1	15141	STMN1	-165.88988	-2.5393786	0.0	0.0	0.2985231891087287	0.6017432690065698	-0.3032200798978411	down	36
1	15140	TSC22D4	-165.20207	-2.696714	0.0	0.0	0.237477212289475	0.5559258802068332	-0.3184486679173582	down	37
1	15139	FYN	-164.42213	-4.769549	0.0	0.0	0.02321419611647238	0.36941598430920736	-0.34620178819273495	down	38
1	15138	NCAM1	-164.30865	-4.5910015	0.0	0.0	0.030857486912746066	0.3771928019860374	-0.3463353150732913	down	39
1	15137	SEC61G	-163.65877	-2.2093403	0.0	0.0	0.6157615694669767	0.8012419591545625	-0.18548038968758584	down	40
1	15136	METRN	-163.548	-3.4172134	0.0	0.0	0.15080865013129066	0.4807019709500885	-0.32989332081879785	down	41
1	15135	MDK	-162.93019	-3.6177933	0.0	0.0	0.08208593266545132	0.4264288359461795	-0.34434290328072814	down	42
1	15134	SPARCL1	-161.92542	-3.902915	0.0	0.0	0.08901005168001873	0.42837646929734324	-0.3393664176173245	down	43
1	15133	BEX1	-161.1599	-4.5212297	0.0	0.0	0.03535649177969929	0.37226885569682755	-0.33691236391712825	down	44
1	15132	NES	-161.09387	-4.424025	0.0	0.0	0.039822046796340584	0.37672303830802784	-0.33690099151168723	down	45
1	15131	HINT1	-160.15886	-1.2025012	0.0	0.0	0.7006238397083173	0.8199227804523447	-0.11929894074402736	down	46
1	15130	RHOBTB3	-160.06892	-3.1269307	0.0	0.0	0.11108695288588584	0.44824027212004003	-0.3371533192341542	down	47
1	15129	S100A16	-160.03737	-4.4851165	0.0	0.0	0.03421919686909401	0.3676535132836824	-0.33343431641458837	down	48
1	15128	NFIB	-160.02281	-4.6976895	0.0	0.0	0.026241407569701124	0.3587828663128009	-0.33254145874309976	down	49
1	15127	VCAN	-159.8336	-3.8753989	0.0	0.0	0.05552675151778696	0.3940700050748193	-0.33854325355703235	down	50
1	15126	FXYD6	-159.55835	-3.8032286	0.0	0.0	0.0700774364034721	0.4043327984199482	-0.3342553620164761	down	51
1	15125	TTYH1	-159.51004	-4.4738145	0.0	0.0	0.035858239534378084	0.3675197849373877	-0.3316615454030096	down	52
1	15124	MAP2	-159.31502	-4.349316	0.0	0.0	0.04172868826412002	0.373424405766092	-0.33169571750197197	down	53
1	15123	PRDX2	-159.0866	-1.9912959	0.0	0.0	0.39748457125654363	0.6374315928074723	-0.23994702155092867	down	54
1	15122	YWHAE	-158.80614	-1.2367564	0.0	0.0	0.6997206937498954	0.8079009450136472	-0.10818025126375175	down	55
1	15121	PCDH9	-157.40129	-4.620472	0.0	0.0	0.029001020220434513	0.3546372875776653	-0.32563626735723084	down	56
1	15120	MT2A	-157.37604	-1.9367324	0.0	0.0	0.6736967102072218	0.8489315448024249	-0.17523483459520317	down	57
1	15119	S100B	-157.04854	-2.5924957	0.0	0.0	0.31449549263267046	0.5790848866395095	-0.26458939400683906	down	58
1	15118	RBP1	-156.73442	-4.3810053	0.0	0.0	0.03744710742419428	0.3630038815509745	-0.32555677412678025	down	59
1	15117	CDH2	-156.54718	-5.39676	0.0	0.0	0.014567409810841097	0.33294243509031807	-0.318375025279477	down	60
1	15116	UCHL1	-155.41228	-4.2975297	0.0	0.0	0.03460387014768109	0.35659520772469794	-0.32199133757701687	down	61
1	15115	TSC22D1	-154.56204	-2.9982808	0.0	0.0	0.11633857938485725	0.4443724368733627	-0.32803385748850544	down	62
1	15114	NFIX	-153.92128	-4.214629	0.0	0.0	0.033533474937699655	0.35082088631033204	-0.3172874113726324	down	63
1	15113	CAMK2N1	-153.41052	-4.025664	0.0	0.0	0.046294592831697075	0.36415600268828263	-0.31786140985658556	down	64
1	15112	ETV1	-153.36012	-4.147258	0.0	0.0	0.04714756401465103	0.3621466485619059	-0.3149990845472549	down	65
1	15111	OLIG1	-152.76811	-3.8884552	0.0	0.0	0.06373868976936328	0.37948332853282857	-0.31574463876346526	down	66
1	15110	NPDC1	-152.40402	-4.4050517	0.0	0.0	0.025923633991737888	0.337142876736754	-0.3112192427450161	down	67
1	15109	FHL1	-152.3779	-4.5493603	0.0	0.0	0.021892927029151545	0.33231494054231986	-0.31042201351316834	down	68
1	15108	ZNF428	-151.81781	-2.1796618	0.0	0.0	0.27027479052031245	0.5540125361752322	-0.2837377456549197	down	69
1	15107	NRCAM	-151.78851	-4.595041	0.0	0.0	0.02565603518924253	0.3336762265289608	-0.30802019133971825	down	70
1	15106	CKB	-151.51717	-2.3923655	0.0	0.0	0.3608904350153033	0.5902083419056632	-0.22931790689035986	down	71
1	15105	TIMP1	-151.24438	-1.9906828	0.0	0.0	0.41676840996136544	0.6478521170225898	-0.23108370706122439	down	72
1	15104	IGFBP5	-151.03261	-4.433114	0.0	0.0	0.04393637838470673	0.35251477869673153	-0.3085784003120248	down	73
1	15103	MAGED1	-150.6092	-3.4028287	0.0	0.0	0.06815407001053671	0.3824973597223937	-0.314343289711857	down	74
1	15102	SERPINE2	-150.46901	-4.899082	0.0	0.0	0.02063855764245455	0.32316312115102386	-0.3025245635085693	down	75
1	15101	MIF	-150.39674	-1.4304982	0.0	0.0	0.6718569684400663	0.8111721460999328	-0.13931517765986656	down	76
1	15100	BNIP3	-150.00864	-3.281191	0.0	0.0	0.06986001237644461	0.38692068194598744	-0.3170606695695428	down	77
1	15099	TXN	-149.69235	-1.6150466	0.0	0.0	0.43432958137512334	0.6762573893483658	-0.24192780797324243	down	78
1	15098	SRI	-148.37572	-1.7316617	0.0	0.0	0.46341422622133766	0.662569092978919	-0.19915486675758132	down	79
1	15097	DSTN	-148.33893	-1.7016137	0.0	0.0	0.42002977036677763	0.6414640167880509	-0.22143424642127324	down	80
1	15096	ENO1	-148.33733	-1.3383721	0.0	0.0	0.6324697696977806	0.7789436146429111	-0.1464738449451305	down	81
1	15095	ITGB8	-148.05737	-4.469166	0.0	0.0	0.028633071867003396	0.32590969564799954	-0.2972766237809962	down	82
1	15094	DDR1	-146.30826	-3.6476645	0.0	0.0	0.04736498804167851	0.34730280212319464	-0.29993781408151615	down	83
1	15093	DSEL	-145.90373	-4.094063	0.0	0.0	0.034704219698616846	0.3285053971388992	-0.29380117744028234	down	84
1	15092	SNRPD2	-145.73404	-1.3600435	0.0	0.0	0.5710558445250957	0.7509326694921066	-0.17987682496701085	down	85
1	15091	ATP1B2	-145.54555	-4.790761	0.0	0.0	0.021173755247445268	0.3092930913878945	-0.28811933614044927	down	86
1	15090	FLNA	-144.48048	-3.2746155	0.0	0.0	0.06114632637018949	0.35981497483163943	-0.2986686484614499	down	87
1	15089	PPIA	-143.99124	-0.85419947	0.0	0.0	0.8719205231556589	0.9156962789230411	-0.04377575576738213	down	88
1	15088	CPE	-143.69669	-4.007891	0.0	0.0	0.040624843203826665	0.32959922643295064	-0.288974383229124	down	89
1	15087	TRIM9	-142.50444	-4.4750056	0.0	0.0	0.022026726430399223	0.3021506261229752	-0.280123899692576	down	90
1	15086	COX6C	-142.50017	-1.0419348	0.0	0.0	0.7461992607583081	0.8546818636930968	-0.10848260293478873	down	91
1	15085	PFN2	-141.74104	-3.690273	0.0	0.0	0.04315030690237661	0.32945521129078714	-0.28630490438841055	down	92
1	15084	SPTBN1	-141.58041	-3.22394	0.0	0.0	0.06554498168620695	0.35580312444279855	-0.29025814275659156	down	93
1	15083	SOD1	-141.25487	-1.3096806	0.0	0.0	0.5583449014065662	0.7310105748261532	-0.17266567341958694	down	94
1	15082	SYT11	-140.89093	-2.6945395	0.0	0.0	0.1285979495241759	0.41805195517700144	-0.28945400565282553	down	95
1	15081	SOX9	-140.81583	-4.3221354	0.0	0.0	0.028549447241223595	0.30526409633927226	-0.27671464909804866	down	96
1	15080	EID1	-140.80447	-1.3494128	0.0	0.0	0.5355655533441488	0.6991180787008463	-0.1635525253566975	down	97
1	15079	LAPTM4B	-140.60033	-3.671697	0.0	0.0	0.04112659095850546	0.32301224814494783	-0.2818856571864424	down	98
1	15078	LDHB	-140.57407	-1.3469914	0.0	0.0	0.5713568931779031	0.7221879329026595	-0.15083103972475642	down	99
1	15077	SCG3	-140.08002	-4.8856416	0.0	0.0	0.017945844692345003	0.28870578392242385	-0.27075993923007885	down	100
1	1	GPR34	341.49905	3.704765	0.0	0.0	0.8519007877439748	0.19640579352343332	0.6554949942205415	up	1
1	2	RNASET2	334.50858	3.5939248	0.0	0.0	0.9639912361392182	0.4289045248186095	0.5350867113206087	up	2
1	3	SCIN	329.9573	4.010111	0.0	0.0	0.6480239500928233	0.091730787694249	0.5562931623985743	up	3
1	4	C1QC	327.66266	4.0582433	0.0	0.0	0.9668177484905756	0.3209343153794456	0.64588343311113	up	4
1	5	C3	324.7241	3.6365826	0.0	0.0	0.9044839524343129	0.2696614958372766	0.6348224565970363	up	5
1	6	C1QB	324.58832	4.3865767	0.0	0.0	0.9822381294843705	0.40505287413076574	0.5771852553536048	up	6
1	7	OLR1	318.94318	3.4913614	0.0	0.0	0.7937816728270141	0.18408564100453992	0.6096960318224741	up	7
1	8	TREM2	316.68558	3.4271538	0.0	0.0	0.8709504774966133	0.24149624874843983	0.6294542287481735	up	8
1	9	CSF1R	314.6729	3.2595642	0.0	0.0	0.8291214396815574	0.20949402680053217	0.6196274128810252	up	9
1	10	TMIGD3	308.61957	3.575765	0.0	0.0	0.7137863558060578	0.1540859153190964	0.5597004404869613	up	10
1	11	C1QA	308.04114	3.9071636	0.0	0.0	0.9675703701225937	0.3760029625972102	0.5915674075253835	up	11
1	12	LILRB4	304.39386	3.2476666	0.0	0.0	0.7265307487748992	0.15896871442483096	0.5675620343500682	up	12
1	13	SLC2A5	303.8116	3.460485	0.0	0.0	0.6446622401364754	0.11324733571986997	0.5314149044166054	up	13
1	14	CD74	298.802	4.082577	0.0	0.0	0.9966215651184961	0.5311655625505768	0.4654560025679193	up	14
1	15	FCGR1A	296.2188	3.2347875	0.0	0.0	0.7343412888227325	0.1768128763252822	0.5575284124974503	up	15
1	16	AIF1	294.23163	3.3071132	0.0	0.0	0.9200883076048235	0.33365908186917936	0.5864292257356442	up	16
1	17	HLA-DMB	293.72568	3.0456257	0.0	0.0	0.7711361241658443	0.19577487004347885	0.5753612541223655	up	17
1	18	TMEM119	293.5016	4.1198244	0.0	0.0	0.44953253834189094	0.04079743241575114	0.4087351059261398	up	18
1	19	RGS10	293.46756	2.9780827	0.0	0.0	0.8670201200849627	0.29007735670493356	0.576942763380029	up	19
1	20	MEF2C	291.97272	3.0148382	0.0	0.0	0.8391898446254453	0.29306052750689215	0.5461293171185532	up	20
1	21	MS4A7	290.62894	3.0838935	0.0	0.0	0.8406281881888579	0.24237062639728976	0.5982575617915681	up	21
1	22	A2M	288.67477	3.0271285	0.0	0.0	0.8666187218812196	0.3129277592615452	0.5536909626196744	up	22
1	23	RGS1	286.93414	3.4086463	0.0	0.0	0.9320299041661788	0.3722002770577021	0.5598296271084767	up	23
1	24	HLA-DRA	286.51636	3.7941334	0.0	0.0	0.9868542088274155	0.47469791109465226	0.5121562977327632	up	24
1	25	LY86	286.46158	2.980165	0.0	0.0	0.7243397835794685	0.1768265920531073	0.5475131915263611	up	25
1	26	VSIG4	285.74472	3.0970485	0.0	0.0	0.77794316870432	0.21611872334005405	0.561824445364266	up	26
1	27	SLCO2B1	285.04254	2.9572372	0.0	0.0	0.7417838805171347	0.18290265947962528	0.5588812210375095	up	27
1	28	HLA-DPA1	284.80307	3.3870285	0.0	0.0	0.9475673596360656	0.3787083899107106	0.568858969725355	up	28
1	29	CX3CR1	283.4924	3.8120713	0.0	0.0	0.5031860982422104	0.06862321524091676	0.43456288300129364	up	29
1	30	LPCAT2	282.53497	3.2224174	0.0	0.0	0.6380391697747153	0.13741101921573468	0.5006281505589807	up	30
1	31	SPP1	280.2817	4.030511	0.0	0.0	0.9823217541101503	0.7016417726206641	0.28067998148948625	up	31
1	32	CCL3	279.88748	4.0048723	0.0	0.0	0.8855680620829222	0.4112969592231412	0.47427110285978097	up	32
1	33	PLD4	279.6596	3.3428597	0.0	0.0	0.5498486394273385	0.08780123167235869	0.4620474077549798	up	33
1	34	FCGR3A	278.3413	3.025492	0.0	0.0	0.7878108745463364	0.2362499828553402	0.5515608916909962	up	34
1	35	APOC1	278.08716	3.811237	0.0	0.0	0.9635396631600074	0.4759906184421676	0.4875490447178398	up	35
1	36	TYROBP	275.9344	3.4811985	0.0	0.0	0.9750129618169958	0.38296369446844697	0.5920492673485489	up	36
1	37	PLXDC2	273.015	2.8298497	0.0	0.0	0.7701660785067986	0.2269027143425366	0.543263364164262	up	37
1	38	LST1	272.98163	2.7435508	0.0	0.0	0.8019768861534344	0.25609664101825563	0.5458802451351787	up	38
1	39	HLA-DMA	272.0296	2.7912061	0.0	0.0	0.8284022678998512	0.2686636766380008	0.5597385912618504	up	39
1	40	SRGN	269.5437	3.1893892	0.0	0.0	0.9634058637587597	0.43561151572508194	0.5277943480336778	up	40
1	41	SLC11A1	269.03818	2.758524	0.0	0.0	0.780502082253182	0.23300278429274848	0.5474992979604335	up	41
1	42	HAVCR2	268.90228	2.9009986	0.0	0.0	0.6579920054857754	0.16075175904209357	0.4972402464436818	up	42
1	43	IL18	268.28748	2.8511753	0.0	0.0	0.6812898262280276	0.17114485180156086	0.5101449744264668	up	43
1	44	FCER1G	267.9433	3.0171976	0.0	0.0	0.9104380257898346	0.34752911163230876	0.5629089141575259	up	44
1	45	ST6GAL1	267.31836	3.2137837	0.0	0.0	0.5890685889180646	0.13079318054012537	0.45827540837793923	up	45
1	46	HLA-DRB1	263.82843	3.1817577	0.0	0.0	0.9505611212389825	0.3955444458160172	0.5550166754229653	up	46
1	47	OLFML3	262.67148	2.9875095	0.0	0.0	0.6052415915438778	0.13581656585606716	0.46942502568781064	up	47
1	48	HLA-DPB1	260.83984	3.0018642	0.0	0.0	0.9178638925590809	0.3801485413323458	0.537715351226735	up	48
1	49	IGSF6	259.59464	2.9792178	0.0	0.0	0.5973641517954207	0.1349559039350423	0.4624082478603784	up	49
1	50	ADORA3	259.5669	2.9108505	0.0	0.0	0.5823451690053687	0.12382901973693235	0.45851614926843637	up	50
1	51	BHLHE41	259.5434	3.0630531	0.0	0.0	0.6693482296666723	0.1989946371504204	0.47035359251625186	up	51
1	52	FPR1	259.32596	2.8181546	0.0	0.0	0.6427221488183841	0.159469338490447	0.4832528103279371	up	52
1	53	APBB1IP	258.997	2.8375354	0.0	0.0	0.6575404325065646	0.17722091922807884	0.48031951327848577	up	53
1	54	SORL1	258.58994	2.7957942	0.0	0.0	0.730795604689669	0.24970854078371668	0.4810870639059523	up	54
1	55	FOLR2	258.55478	3.2417014	0.0	0.0	0.5136057266143734	0.09246457913289169	0.42114114748148174	up	55
1	56	C3AR1	257.56693	2.8190916	0.0	0.0	0.6301282801759462	0.15575923411375825	0.474369046062188	up	56
1	57	CSF3R	257.4538	2.9936805	0.0	0.0	0.5651686708701978	0.11899079674662937	0.44617787412356846	up	57
1	58	HAMP	256.89435	3.3918195	0.0	0.0	0.525881821678848	0.10034769370036621	0.4255341279784818	up	58
1	59	P2RY12	256.26712	4.7630258	0.0	0.0	0.30551420782391997	0.018790547120382944	0.28672366070353705	up	59
1	60	HLA-DQB1	255.40886	2.6636798	0.0	0.0	0.795036042213711	0.2543410278566432	0.5406950143570679	up	60
1	61	ADAM28	255.1279	3.0103042	0.0	0.0	0.5468883276747336	0.11214664856190594	0.4347416791128277	up	61
1	62	LAPTM5	254.43456	2.7283347	0.0	0.0	0.9249218109748959	0.37993937648301307	0.5449824344918828	up	62
1	63	SAT1	253.20721	2.652953	0.0	0.0	0.9890284490976903	0.7323238557654062	0.2567045933322841	up	63
1	64	CD37	252.23459	2.4934137	0.0	0.0	0.7626398621866167	0.2489095996379048	0.5137302625487119	up	64
1	65	FTL	251.80327	2.2910838	0.0	0.0	0.9992306534428258	0.9724485317313363	0.026782121711489526	up	65
1	66	LPAR5	251.54886	3.3965936	0.0	0.0	0.4243280761318593	0.05996859098328053	0.36435948514857874	up	66
1	67	ALOX5AP	251.40056	2.674801	0.0	0.0	0.8630228629726882	0.3306210481559204	0.5324018148167677	up	67
1	68	RHBDF2	250.50066	2.910328	0.0	0.0	0.5716077670552424	0.1329602655364907	0.4386475015187517	up	68
1	69	MS4A6A	250.11745	2.6687593	0.0	0.0	0.7647806526065796	0.24174313184929158	0.5230375207572879	up	69
1	70	GLDN	249.30342	3.322115	0.0	0.0	0.5064140087973106	0.10194557599199001	0.4044684328053206	up	70
1	71	CYBA	248.97806	2.7054508	0.0	0.0	0.9336187720559951	0.4463817909997394	0.4872369810562557	up	71
1	72	ITM2B	248.1627	1.6468252	0.0	0.0	0.9716512518606479	0.8552373506700133	0.11641390119063466	up	72
1	73	SIGLEC8	248.08249	3.6417832	0.0	0.0	0.37580906825441956	0.04402062845464894	0.33178843979977063	up	73
1	74	APOE	246.34314	3.2601066	0.0	0.0	0.9881922028398923	0.7245916142040078	0.26360058863588454	up	74
1	75	TM6SF1	245.80783	2.9074597	0.0	0.0	0.5151109698784098	0.10517905882675664	0.4099319110516531	up	75
1	76	HLA-E	243.29048	2.263156	0.0	0.0	0.9317957552139954	0.5385103348009163	0.3932854204130791	up	76
1	77	HPGDS	242.90665	3.3113387	0.0	0.0	0.3951598066598652	0.05383766064546215	0.3413221460144031	up	77
1	78	CXCL16	242.35335	2.4286501	0.0	0.0	0.7492766469870047	0.27799380049102307	0.4712828464959816	up	78
1	79	CEBPA	241.98589	2.996607	0.0	0.0	0.49070930407586427	0.09832805277812066	0.3923812512977436	up	79
1	80	CD84	241.52539	2.6455057	0.0	0.0	0.616447291398371	0.16572028144673498	0.45072700995163595	up	80
1	81	AXL	241.20905	2.787803	0.0	0.0	0.5554347644294292	0.13185957837852666	0.4235751860509025	up	81
1	82	PDGFB	241.0986	3.5964859	0.0	0.0	0.3919318961047649	0.05536696429796047	0.33656493180680447	up	82
1	83	PADI2	240.5987	2.9376326	0.0	0.0	0.5029352243648709	0.10403036662140476	0.3989048577434662	up	83
1	84	EPB41L2	239.4572	2.471275	0.0	0.0	0.755866267498453	0.3317525957014909	0.4241136717969621	up	84
1	85	CTSB	239.19968	2.2746174	0.0	0.0	0.9526350119583215	0.6183530154027623	0.3342819965555591	up	85
1	86	CD68	238.30197	2.4137478	0.0	0.0	0.8003880182636183	0.2956905183173545	0.5046974999462638	up	86
1	87	CCL4	237.83621	3.3408844	0.0	0.0	0.8080982087605157	0.38945809159363043	0.4186401171668853	up	87
1	88	KCTD12	237.29822	2.3599718	0.0	0.0	0.7894499172116205	0.30985543622872347	0.47959448098289703	up	88
1	89	NPC2	236.20024	2.5397644	0.0	0.0	0.9151879045341272	0.5301265961678256	0.3850613083663016	up	89
1	90	LINC01094	236.15208	2.714575	0.0	0.0	0.5379404927162951	0.12808775322662497	0.4098527394896701	up	90
1	91	CD14	235.4479	2.612624	0.0	0.0	0.788396246926795	0.2894532910888916	0.4989429558379034	up	91
1	92	LGALS9	235.27052	2.4759586	0.0	0.0	0.6321185462695055	0.18484000603492023	0.44727854023458524	up	92
1	93	DUSP1	235.18222	2.5151043	0.0	0.0	0.9221287484738506	0.601907857740471	0.32022089073337967	up	93
1	94	CH25H	234.64395	3.435282	0.0	0.0	0.4303490491880049	0.07802191773306451	0.3523271314549404	up	94
1	95	CD83	233.88405	2.7973216	0.0	0.0	0.6575404325065646	0.22284971677022042	0.43469071573634416	up	95
1	96	TBXAS1	233.70702	2.5457296	0.0	0.0	0.5875298958037163	0.15775830144426614	0.4297715943594501	up	96
1	97	P2RY13	233.27728	3.1071458	0.0	0.0	0.42712113863290463	0.07448325995418947	0.35263787867871516	up	97
1	98	CTSS	233.04318	2.3216138	0.0	0.0	0.7849843621949791	0.2803871949965025	0.5045971671984766	up	98
1	99	IFNGR1	231.58255	2.3725865	0.0	0.0	0.7701995283571106	0.34327037814261613	0.42692915021449446	up	99
1	100	HCLS1	230.90714	2.3092403	0.0	0.0	0.7078991821511599	0.23683290128790685	0.47106628086325303	up	100
2	15176	FTL	-202.69833	-2.2884665	0.0	0.0	0.9461096443547135	0.9808211820597008	-0.03471153770498736	down	1
2	15175	SAT1	-178.4522	-2.8215554	0.0	0.0	0.5726820934927784	0.8011112780656856	-0.22842918457290717	down	2
2	15174	SRGN	-173.43645	-4.768569	0.0	0.0	0.1252782523166123	0.5748306387930676	-0.44955238647645535	down	3
2	15173	CYBA	-166.31776	-4.042365	0.0	0.0	0.15895325361080914	0.5750192619400051	-0.41606600832919594	down	4
2	15172	CD74	-164.23828	-3.915585	0.0	0.0	0.2984676709634001	0.6488796104772165	-0.35041193951381644	down	5
2	15171	NEAT1	-160.70119	-2.1368172	0.0	0.0	0.6532070197235595	0.8415693445825194	-0.18836232485895987	down	6
2	15170	HLA-DRB1	-159.22388	-4.505581	0.0	0.0	0.12926437852668635	0.5345260283957761	-0.40526164986908975	down	7
2	15169	LAPTM5	-159.15395	-4.369272	0.0	0.0	0.10576176424910701	0.5179783435051296	-0.4122165792560226	down	8
2	15168	DUSP1	-158.7044	-2.8788192	0.0	0.0	0.3958689237459233	0.6885671993938484	-0.29269827564792505	down	9
2	15167	B2M	-158.18217	-1.3226959	0.0	0.0	0.949319252471916	0.9755940829877906	-0.026274830515874648	down	10
2	15166	HLA-DRA	-157.04091	-3.9507132	0.0	0.0	0.2491587720660558	0.6004546137541441	-0.3512958416880883	down	11
2	15165	TYROBP	-156.01486	-4.498769	0.0	0.0	0.138039032976135	0.5263864600550524	-0.3883474270789174	down	12
2	15164	NPC2	-155.76248	-3.1530893	0.0	0.0	0.3056116374178185	0.6314623409091635	-0.32585070349134504	down	13
2	15163	S100A11	-155.46988	-2.8908763	0.0	0.0	0.36957084433400633	0.6565652044642942	-0.2869943601302879	down	14
2	15162	RGS1	-153.09814	-4.3394527	0.0	0.0	0.1198167417300823	0.5103854625902754	-0.3905687208601931	down	15
2	15161	TPT1	-151.83882	-1.2566541	0.0	0.0	0.9034270331832065	0.948620972975738	-0.0451939397925315	down	16
2	15160	APOE	-150.0389	-2.7534802	0.0	0.0	0.6152870528549982	0.7884799212258586	-0.17319286837086045	down	17
2	15159	ARHGDIB	-148.95518	-4.529283	0.0	0.0	0.05950716985039085	0.4521328802115137	-0.39262571036112287	down	18
2	15158	FTH1	-148.6296	-0.9724798	0.0	0.0	0.9877827820054874	0.9915567164226821	-0.0037739344171946465	down	19
2	15157	HLA-DPA1	-148.48311	-4.0480165	0.0	0.0	0.14852202722990113	0.5158779128688942	-0.367355885638993	down	20
2	15156	FCER1G	-148.0026	-4.202553	0.0	0.0	0.10850546151058653	0.48465278954452307	-0.3761473280339365	down	21
2	15155	AIF1	-147.1779	-4.3562117	0.0	0.0	0.09949785163327639	0.4746781417742724	-0.375180290140996	down	22
2	15154	HLA-E	-146.7987	-2.4979408	0.0	0.0	0.31824299839519593	0.6408934982560351	-0.3226504998608392	down	23
2	15153	ALOX5AP	-145.86755	-4.240779	0.0	0.0	0.08502873116943625	0.46272454946242403	-0.37769581829298776	down	24
2	15152	RNASET2	-144.04013	-3.3462453	0.0	0.0	0.23368017808148264	0.5553001505788173	-0.32161997249733465	down	25
2	15151	RGS10	-144.01053	-4.644935	0.0	0.0	0.05339856085313455	0.42959401265373587	-0.3761954518006013	down	26
2	15150	PSAP	-143.81795	-1.6885617	0.0	0.0	0.6900139773256717	0.8024540191116809	-0.11244004178600919	down	27
2	15149	SPP1	-143.32808	-2.8087473	0.0	0.0	0.594838743076047	0.7684858676504909	-0.17364712457444387	down	28
2	15148	ITGB2	-143.15346	-4.949399	0.0	0.0	0.04115545892219289	0.41481427014031647	-0.37365881121812355	down	29
2	15147	C1QC	-142.00746	-4.3232727	0.0	0.0	0.11611533882072786	0.4696940148916376	-0.35357867607090976	down	30
2	15146	HLA-DPB1	-141.64433	-3.7897818	0.0	0.0	0.170808096495315	0.5087901583475334	-0.33798206185221835	down	31
2	15145	PNRC1	-141.39157	-2.137987	0.0	0.0	0.37011440699901643	0.6569328597506977	-0.2868184527516813	down	32
2	15144	VAMP8	-141.30768	-4.5048904	0.0	0.0	0.05290676606098255	0.42022679535667357	-0.367320029295691	down	33
2	15143	PTPRC	-141.10686	-5.5594463	0.0	0.0	0.022389605011130093	0.3905714002551208	-0.36818179524399075	down	34
2	15142	C1QA	-140.75522	-3.8924975	0.0	0.0	0.18240410001553037	0.5129942166224948	-0.3305901166069644	down	35
2	15141	RPL34	-140.67296	-0.8900733	0.0	0.0	0.9466790909561527	0.966175713650881	-0.019496622694728294	down	36
2	15140	C1QB	-140.3934	-3.8527064	0.0	0.0	0.22255008541699023	0.5379244420431404	-0.31537435662615015	down	37
2	15139	NFKBIA	-138.84808	-2.5668688	0.0	0.0	0.34034788010560646	0.6251226849705716	-0.2847748048649651	down	38
2	15138	RPS24	-138.65419	-1.0474747	0.0	0.0	0.8787855257027489	0.9214144817818813	-0.04262895607913242	down	39
2	15137	CD53	-138.44617	-5.042608	0.0	0.0	0.029611223274835636	0.3881832393947435	-0.35857201611990785	down	40
2	15136	CTSS	-137.88571	-4.6432066	0.0	0.0	0.05060309571879691	0.4052232626689216	-0.3546201669501247	down	41
2	15135	CCL3	-137.77484	-3.643511	0.0	0.0	0.20057462338872495	0.5279817642977944	-0.32740714090906947	down	42
2	15134	CD68	-137.39787	-4.2677565	0.0	0.0	0.0687736190919915	0.4201916283292785	-0.35141800923728694	down	43
2	15133	APOC1	-137.35492	-3.4651287	0.0	0.0	0.31788062328518923	0.5887152206091568	-0.2708345973239676	down	44
2	15132	HLA-DMA	-136.30449	-4.521185	0.0	0.0	0.05251850701454677	0.4023555514349746	-0.34983704442042785	down	45
2	15131	GMFG	-135.98927	-4.6623144	0.0	0.0	0.03569394833566289	0.38683090734127684	-0.3511369590056139	down	46
2	15130	RPS6	-135.82857	-0.9695271	0.0	0.0	0.8998032820831392	0.9347236031496868	-0.03492032106654763	down	47
2	15129	HCST	-135.56242	-4.8767533	0.0	0.0	0.036392814619247295	0.3848263867797553	-0.34843357216050796	down	48
2	15128	CD37	-134.95816	-5.0088654	0.0	0.0	0.028084071025521563	0.3743849766458968	-0.34630090562037524	down	49
2	15127	CCL4	-134.61319	-3.6828625	0.0	0.0	0.16855619402598748	0.4967662319808947	-0.3282100379549072	down	50
2	15126	ITM2B	-134.27898	-1.1276582	0.0	0.0	0.8062069679556867	0.8835459872823241	-0.07733901932663745	down	51
2	15125	MS4A7	-133.28632	-4.872269	0.0	0.0	0.04273437904436507	0.381386412100015	-0.33865203305564995	down	52
2	15124	CD14	-132.78043	-4.2653527	0.0	0.0	0.07622819278355852	0.4111632932962055	-0.33493510051264697	down	53
2	15123	CEBPB	-132.7596	-2.7881942	0.0	0.0	0.22772687270280065	0.5304050921855669	-0.3026782194827662	down	54
2	15122	HLA-DQB1	-132.74074	-4.669827	0.0	0.0	0.045426308432986486	0.38349963074621235	-0.33807332231322584	down	55
2	15121	RPS27	-132.35965	-0.83061874	0.0	0.0	0.9540818967748615	0.9667319920842218	-0.012650095309360232	down	56
2	15120	S100A4	-131.40996	-4.6260457	0.0	0.0	0.06328622456903246	0.3948681716023057	-0.33158194703327326	down	57
2	15119	TREM2	-131.14171	-4.4584403	0.0	0.0	0.05337267691670549	0.3850533739565783	-0.3316806970398728	down	58
2	15118	MS4A6A	-128.1631	-4.6245265	0.0	0.0	0.044623906403685874	0.3660695731681975	-0.32144566676451164	down	59
2	15117	HCLS1	-127.417854	-4.6266932	0.0	0.0	0.03214784904488274	0.35215941533218453	-0.32001156628730176	down	60
2	15116	CSF1R	-127.33974	-4.815606	0.0	0.0	0.030801884350572035	0.35000783265610164	-0.3192059483055296	down	61
2	15115	FCGR3A	-127.28881	-4.611159	0.0	0.0	0.047212300046591084	0.3650305473587964	-0.3178182473122053	down	62
2	15114	KLF6	-126.71781	-2.0737903	0.0	0.0	0.44833566288761195	0.6590077143670094	-0.2106720514793975	down	63
2	15113	PYCARD	-126.24312	-4.4744587	0.0	0.0	0.036392814619247295	0.35262937469828287	-0.31623656007903556	down	64
2	15112	MAFB	-125.85014	-3.4602277	0.0	0.0	0.09670238649893875	0.4126115354243861	-0.31590914892544736	down	65
2	15111	CTSB	-125.51219	-1.9283154	0.0	0.0	0.5512760780659522	0.6905365529279748	-0.13926047486202253	down	66
2	15110	SLC11A1	-125.23441	-4.2822533	0.0	0.0	0.04752290728373971	0.36056753188210733	-0.3130446245983676	down	67
2	15109	C3	-125.078445	-3.7638686	0.0	0.0	0.10420872806336387	0.41144462951536637	-0.3072359014520025	down	68
2	15108	IER3	-124.98988	-4.306484	0.0	0.0	0.054226846818864215	0.3668368537659091	-0.3126100069470449	down	69
2	15107	RPS12	-124.94989	-0.8408286	0.0	0.0	0.9351348553087954	0.9556543784547609	-0.0205195231459655	down	70
2	15106	GSN	-124.89674	-2.7074208	0.0	0.0	0.2107211264689134	0.499381380018095	-0.2886602535491816	down	71
2	15105	LST1	-124.848236	-3.7896016	0.0	0.0	0.07200911114562303	0.38317993049716587	-0.31117081935154284	down	72
2	15104	ZFP36	-124.497955	-2.1699646	0.0	0.0	0.3073976290314231	0.5922447113586301	-0.284847082327207	down	73
2	15103	RPL13	-124.30385	-0.6180839	0.0	0.0	0.9723300719573432	0.978244398052386	-0.005914326095042832	down	74
2	15102	GPR34	-124.24142	-4.8166537	0.0	0.0	0.03429621576849407	0.34172759620579746	-0.3074313804373034	down	75
2	15101	SAMSN1	-124.12091	-5.0638404	0.0	0.0	0.02272609618470777	0.3295374257096546	-0.30681132952494683	down	76
2	15100	PLXDC2	-124.07251	-4.409363	0.0	0.0	0.04511570119583786	0.3532016381440761	-0.30808593694823827	down	77
2	15099	RPL21	-123.26962	-0.81329167	0.0	0.0	0.912124035823368	0.9351392134734473	-0.02301517765007932	down	78
2	15098	CXCR4	-123.144455	-3.8969674	0.0	0.0	0.07622819278355852	0.38309041442743286	-0.30686222164387433	down	79
2	15097	SLA	-122.652725	-4.7143173	0.0	0.0	0.02842056219909924	0.331100759927492	-0.3026801977283928	down	80
2	15096	EIF1	-122.30922	-0.7032798	0.0	0.0	0.9241341823264482	0.9550693269990057	-0.030935144672557535	down	81
2	15095	ARPC1B	-122.18151	-2.384376	0.0	0.0	0.27804524512087797	0.5299447238269399	-0.25189947870606194	down	82
2	15094	HERPUD1	-122.10885	-2.197762	0.0	0.0	0.2915566599368432	0.559203690619675	-0.2676470306828318	down	83
2	15093	HLA-B	-121.595184	-1.3479134	0.0	0.0	0.7396075995237356	0.8798150853759515	-0.14020748585221599	down	84
2	15092	VSIG4	-120.68195	-4.249535	0.0	0.0	0.04726406791944919	0.34436832026292147	-0.29710425234347226	down	85
2	15091	HLA-DMB	-120.51066	-4.618565	0.0	0.0	0.030827768287001088	0.326129421054819	-0.29530165276781795	down	86
2	15090	SPI1	-119.20159	-4.5673757	0.0	0.0	0.03310555469275767	0.3232744978308338	-0.2901689431380761	down	87
2	15089	TMSB4X	-119.126465	-0.86902404	0.0	0.0	0.9890252109540819	0.9903898105136624	-0.0013645995595804594	down	88
2	15088	BTG1	-118.98752	-1.4892777	0.0	0.0	0.6101879173784749	0.7452436595448108	-0.13505574216633587	down	89
2	15087	GLUL	-118.74567	-1.5883654	0.0	0.0	0.5742092457420924	0.7110261418893645	-0.1368168961472721	down	90
2	15086	GPSM3	-118.41581	-4.7215533	0.0	0.0	0.02440855205259616	0.31156068070577025	-0.2871521286531741	down	91
2	15085	SGK1	-118.39984	-2.47366	0.0	0.0	0.24931407568463013	0.5128055934755573	-0.26349151779092717	down	92
2	15084	CTSD	-118.1967	-1.749512	0.0	0.0	0.5167210229331677	0.6708302295767489	-0.1541092066435812	down	93
2	15083	TYMP	-118.069244	-3.285101	0.0	0.0	0.12253455505513279	0.4052168686639407	-0.2826823136088079	down	94
2	15082	C1orf162	-117.677986	-4.4674172	0.0	0.0	0.032510224154889474	0.3182200368934087	-0.28570981273851925	down	95
2	15081	RPL10	-117.512184	-0.61263114	0.0	0.0	0.9743490189988093	0.978017410875563	-0.0036683918767537183	down	96
2	15080	EVI2B	-117.47613	-5.2436256	0.0	0.0	0.015504477921002227	0.2975322337776101	-0.2820277558566079	down	97
2	15079	FCGR2A	-116.64491	-3.6453958	0.0	0.0	0.07495987989853498	0.3583456151512342	-0.2833857352526992	down	98
2	15078	FCGR1A	-116.55313	-5.0328236	0.0	0.0	0.023140239167572605	0.3023661015431931	-0.27922586237562047	down	99
2	15077	LY86	-116.32307	-4.85147	0.0	0.0	0.02150955117254232	0.3006684932207562	-0.2791589420482139	down	100
2	1	PBK	373.36215	5.657812	0.0	0.0	0.6112491587720661	0.030704011918425284	0.5805451468536408	up	1
2	2	TOP2A	337.10034	5.074728	0.0	0.0	0.6416886680126314	0.05991182667131298	0.5817768413413184	up	2
2	3	BIRC5	336.2597	4.771988	0.0	0.0	0.6408603820469017	0.0597455825418088	0.5811147995050928	up	3
2	4	UBE2T	325.554	4.588945	0.0	0.0	0.626106538282342	0.06345090842825767	0.5626556298540843	up	4
2	5	NUSAP1	322.53146	4.7392364	0.0	0.0	0.6474090179634518	0.07348310224333665	0.5739259157201152	up	5
2	6	UBE2C	322.23245	4.7829857	0.0	0.0	0.6193767148107884	0.06253656571598469	0.5568401490948037	up	6
2	7	CENPF	316.00378	4.7148046	0.0	0.0	0.656364859967904	0.0821501759949871	0.5742146839729169	up	7
2	8	TYMS	316.00034	4.201427	0.0	0.0	0.7221877103069835	0.10926075711412979	0.6129269531928537	up	8
2	9	TPX2	307.08798	4.699625	0.0	0.0	0.5346327069420718	0.04691281454508253	0.4877198923969892	up	9
2	10	MAD2L1	307.02432	4.1727138	0.0	0.0	0.6398767924625978	0.08162586758655085	0.5582509248760469	up	10
2	11	RRM2	297.51495	4.5176516	0.0	0.0	0.47181239322876223	0.03404487952096115	0.4377675137078011	up	11
2	12	NUF2	291.4756	4.723835	0.0	0.0	0.4360925609566703	0.02891369052376492	0.4071788704329054	up	12
2	13	SPC25	290.74228	4.6222186	0.0	0.0	0.447377957239737	0.03207232898434428	0.41530562825539274	up	13
2	14	MKI67	287.71152	4.2617507	0.0	0.0	0.48309778951182897	0.04185835360765746	0.44123943590417153	up	14
2	15	GTSE1	287.03262	4.534126	0.0	0.0	0.43091577367085987	0.029402831904806054	0.4015129417660538	up	15
2	16	FOXM1	283.5268	4.4029093	0.0	0.0	0.44049283014960916	0.0333831000054349	0.4071097301441743	up	16
2	17	CENPK	281.24976	3.885689	0.0	0.0	0.5396024227364498	0.06365871359013789	0.4759437091463119	up	17
2	18	PRC1	281.0938	4.2094464	0.0	0.0	0.4882486928612103	0.0475905790730611	0.44065811378814923	up	18
2	19	ASPM	274.37216	4.4842067	0.0	0.0	0.41541129574985763	0.031589581608284074	0.38382171414157357	up	19
2	20	CENPU	273.9965	3.9123428	0.0	0.0	0.4948490966506186	0.05322050045876986	0.44162859619184874	up	20
2	21	AURKB	270.8781	4.518631	0.0	0.0	0.3785266863384584	0.024322794947457264	0.3542038913910011	up	21
2	22	NCAPG	269.44693	4.5401273	0.0	0.0	0.3769477662162862	0.02480554232351747	0.3521422238927687	up	22
2	23	MYBL2	268.5308	4.5797806	0.0	0.0	0.3701920588083036	0.023677000444383346	0.3465150583639202	up	23
2	24	TUBA1B	268.14993	2.8252232	0.0	0.0	0.9863332815654605	0.8065973343393235	0.17973594722613706	up	24
2	25	ESCO2	267.84958	4.618715	0.0	0.0	0.35776776932235854	0.02118014149933023	0.3365876278230283	up	25
2	26	CDKN3	266.5096	4.0333395	0.0	0.0	0.481130610343221	0.05475506165419303	0.426375548689028	up	26
2	27	CCNB2	265.23865	4.490152	0.0	0.0	0.4022363721074701	0.032954701671712605	0.3692816704357575	up	27
2	28	KIFC1	264.59207	4.39158	0.0	0.0	0.37190039861262103	0.02538739677678209	0.34651300183583894	up	28
2	29	CENPM	264.47247	3.809633	0.0	0.0	0.4537195216648548	0.046036835862695136	0.40768268580215966	up	29
2	30	CDCA5	262.41373	4.514022	0.0	0.0	0.34640472123000465	0.020684606113308163	0.3257201151166965	up	30
2	31	CLSPN	261.62207	3.9482005	0.0	0.0	0.4430035719832272	0.04550613344927796	0.39749743853394925	up	31
2	32	KIF4A	261.13663	4.602123	0.0	0.0	0.34482580110783245	0.021036276387259304	0.32378952472057315	up	32
2	33	PTTG1	261.03345	3.807397	0.0	0.0	0.7003157840244344	0.16646472267601897	0.5338510613484154	up	33
2	34	CDK1	260.39493	3.7712464	0.0	0.0	0.4853496919811565	0.05893034690674024	0.42641934507441626	up	34
2	35	ZWINT	257.60837	3.711057	0.0	0.0	0.4542113164570068	0.05038156224723699	0.4038297542097698	up	35
2	36	CKAP2L	257.50577	4.78304	0.0	0.0	0.3136356577108247	0.015885905375120288	0.2977497523357044	up	36
2	37	KIF2C	257.04376	4.1922493	0.0	0.0	0.35274628565512245	0.023788895531549618	0.32895739012357283	up	37
2	38	NDC80	256.37595	4.3042507	0.0	0.0	0.3613138686131387	0.02646798361855924	0.33484588499457946	up	38
2	39	ORC6	256.0397	3.7348273	0.0	0.0	0.4527359320805508	0.05157404417618041	0.4011618879043704	up	39
2	40	SPC24	255.2492	4.5530047	0.0	0.0	0.3297613501061241	0.019862976473258673	0.30989837363286543	up	40
2	41	HJURP	254.67831	4.832652	0.0	0.0	0.30348915463063625	0.014853273570700112	0.28863588105993615	up	41
2	42	MELK	253.94156	4.3820105	0.0	0.0	0.3411761660713361	0.0228329917869006	0.3183431742844355	up	42
2	43	HMGN2	253.82503	2.778505	0.0	0.0	0.9512605477040948	0.7028641945312075	0.24839635317288733	up	43
2	44	CCNA2	253.69238	4.24066	0.0	0.0	0.35732774240306464	0.026490362635992495	0.33083737976707217	up	44
2	45	KIF15	253.25784	4.651206	0.0	0.0	0.31495573846870634	0.01761548372246182	0.29734025474624454	up	45
2	46	C21orf58	251.52185	3.9545689	0.0	0.0	0.40169280944246	0.0391920535306097	0.36250075591185027	up	46
2	47	RAD51AP1	251.50093	3.6948967	0.0	0.0	0.4497075115183517	0.053469866653026124	0.3962376448653256	up	47
2	48	FANCI	251.29358	3.8379445	0.0	0.0	0.4105192317647668	0.04157701738849655	0.3689422143762702	up	48
2	49	DHFR	248.9916	3.45432	0.0	0.0	0.5681782885541233	0.10383544388781078	0.46434284466631254	up	49
2	50	CCNB1	248.5728	4.209052	0.0	0.0	0.428974478438681	0.05002030096581445	0.3789541774728665	up	50
2	51	CENPH	248.28821	3.44281	0.0	0.0	0.49376197132059846	0.0704971019172424	0.42326486940335606	up	51
2	52	CDC20	247.99635	4.335988	0.0	0.0	0.3674742454832531	0.031966827902158934	0.33550741758109415	up	52
2	53	UHRF1	246.83757	3.3585105	0.0	0.0	0.5487394522959052	0.09352191385357089	0.45521753844233426	up	53
2	54	DLGAP5	246.73424	4.6099296	0.0	0.0	0.30851063829787234	0.01853302343722526	0.2899776148606471	up	54
2	55	CCDC34	245.39719	3.3602045	0.0	0.0	0.564554537454056	0.10463149750793656	0.4599230399461195	up	55
2	56	LMNB1	245.37877	3.285596	0.0	0.0	0.5677123776984003	0.10504391082920654	0.4626684668691938	up	56
2	57	ECT2	244.74416	3.9468353	0.0	0.0	0.4086814722783041	0.04562442254142516	0.3630570497368789	up	57
2	58	GGH	244.46994	3.1333568	0.0	0.0	0.6144846508256976	0.12696575690632464	0.487518893919373	up	58
2	59	MXD3	244.4558	4.175173	0.0	0.0	0.3473624268778796	0.028219940983334028	0.3191424858945456	up	59
2	60	ASF1B	242.23792	4.0067835	0.0	0.0	0.34423047056996425	0.02813042491360101	0.31610004565636324	up	60
2	61	XRCC2	242.03969	4.164698	0.0	0.0	0.3248175182481752	0.023680197446873812	0.30113732080130134	up	61
2	62	TUBB	241.69974	2.6717794	0.0	0.0	0.9447636796604028	0.6489051864971402	0.2958584931632625	up	62
2	63	MND1	241.69414	4.120524	0.0	0.0	0.32388569653672933	0.023494771302426845	0.3003909252343025	up	63
2	64	CDC45	241.14607	4.672096	0.0	0.0	0.28280788942382357	0.015172973819746605	0.267634915604077	up	64
2	65	PKMYT1	240.4979	4.284937	0.0	0.0	0.3069576021121292	0.020224237754681212	0.286733364357448	up	65
2	66	KIF23	238.8965	4.440932	0.0	0.0	0.2954910182740591	0.018485068399868285	0.2770059498741908	up	66
2	67	POC1A	237.61649	4.163298	0.0	0.0	0.3150851581508516	0.02321982908824686	0.2918653290626047	up	67
2	68	HMGB3	237.61375	3.0711854	0.0	0.0	0.6502562509706477	0.1606525721483537	0.48960367882229394	up	68
2	69	CDCA3	237.5509	4.459704	0.0	0.0	0.30369622612206865	0.020860441250283735	0.2828357848717849	up	69
2	70	MCM7	236.93933	3.1114094	0.0	0.0	0.6446653207019724	0.15783920995674455	0.4868261107452278	up	70
2	71	EZH2	235.20059	3.1636796	0.0	0.0	0.5554692757674587	0.10952291131834792	0.44594636444911084	up	71
2	72	BUB1B	235.04083	4.4478326	0.0	0.0	0.28612103328674227	0.01780410686939925	0.268316926417343	up	72
2	73	SMC4	234.43008	3.1081522	0.0	0.0	0.6779261790133043	0.19094736774799947	0.48697881126530485	up	73
2	74	CENPA	234.10649	4.4159203	0.0	0.0	0.29792410829839	0.02083806223285048	0.27708604606553955	up	74
2	75	HMGB1	233.20879	1.9916767	0.0	0.0	0.9605528808821245	0.8506808016803445	0.10987207920177999	up	75
2	76	STMN1	233.1728	2.859778	0.0	0.0	0.9453331262618418	0.5013443395472406	0.4439887867146013	up	76
2	77	NCAPH	231.41444	4.213641	0.0	0.0	0.2913237045089817	0.020096357655062614	0.2712273468539191	up	77
2	78	DTYMK	230.38257	2.9085767	0.0	0.0	0.7047419371538024	0.221219784330212	0.4835221528235904	up	78
2	79	CDCA8	229.48921	4.3818045	0.0	0.0	0.2825749339959621	0.019018967815775927	0.2635559661801862	up	79
2	80	CENPE	228.97566	4.0451145	0.0	0.0	0.3588290107159497	0.039447813729846896	0.3193811969861028	up	80
2	81	SMC2	228.46184	2.989014	0.0	0.0	0.6313609773774396	0.16662776980303268	0.4647332075744069	up	81
2	82	CHEK1	227.88426	3.4965518	0.0	0.0	0.38792255526220426	0.04793585534203131	0.33998669992017294	up	82
2	83	DTL	226.51324	4.182665	0.0	0.0	0.2827820054873945	0.020042008612724708	0.2627399968746698	up	83
2	84	GINS2	225.29547	3.4843006	0.0	0.0	0.3891908681472278	0.04979011678650098	0.33940075136072684	up	84
2	85	DEPDC1	224.17323	4.30474	0.0	0.0	0.2660350986177978	0.017171100376287194	0.2488639982415106	up	85
2	86	HMGB2	223.83047	2.9529817	0.0	0.0	0.8379406740177047	0.4020294571809471	0.43591121683675754	up	86
2	87	KIF14	223.80594	4.251159	0.0	0.0	0.2714707252678987	0.018485068399868285	0.25298565686803043	up	87
2	88	TK1	223.5937	3.3230717	0.0	0.0	0.3736346223533675	0.04453104768968615	0.32910357466368134	up	88
2	89	FAM111B	223.01721	4.0474687	0.0	0.0	0.2882435160739245	0.02257403458517294	0.2656694814887516	up	89
2	90	PSMC3IP	222.95422	3.4680824	0.0	0.0	0.3627116011803075	0.042411435038507896	0.32030016614179957	up	90
2	91	PCNA	222.93152	2.9819098	0.0	0.0	0.6905057721178237	0.22051964078480016	0.4699861313330236	up	91
2	92	ATAD2	222.40327	3.170197	0.0	0.0	0.4884816482890718	0.09106341893840335	0.39741822935066845	up	92
2	93	MNS1	222.29393	3.4077706	0.0	0.0	0.39198633328156546	0.052705783057805	0.33928055022376047	up	93
2	94	NCAPG2	221.94324	3.4596684	0.0	0.0	0.36962261220686443	0.04532390430732146	0.32429870789954296	up	94
2	95	TMSB15A	221.17702	3.1951847	0.0	0.0	0.445876688926852	0.07128676153238724	0.3745899273944648	up	95
2	96	TTK	219.17839	4.6164618	0.0	0.0	0.2449914583009784	0.014546361331615477	0.23044509696936294	up	96
2	97	RFC3	218.95749	3.200276	0.0	0.0	0.4174302427913237	0.06348927245814324	0.35394097033318045	up	97
2	98	E2F1	218.92442	3.7455163	0.0	0.0	0.3155769529430036	0.031244305339313858	0.2843326476036897	up	98
2	99	CKB	217.74646	2.811241	0.0	0.0	0.9403116425946058	0.5031314639394104	0.4371801786551953	up	99
2	100	UBE2S	217.25935	2.9555912	0.0	0.0	0.7692188227985712	0.33112313894492523	0.438095683853646	up	100
3	15176	PTN	-174.86111	-5.1002655	0.0	0.0	0.1231508980342243	0.6000911184793338	-0.47694022044510953	down	1
3	15175	TUBA1A	-164.12057	-2.9903388	0.0	0.0	0.510960260217791	0.7569636032296438	-0.2460033430118529	down	2
3	15174	GPM6B	-164.033	-4.5003943	0.0	0.0	0.11933248479705841	0.5635171733022856	-0.4441846885052272	down	3
3	15173	CKB	-162.81407	-3.9453814	0.0	0.0	0.16424833828312826	0.5944753094231694	-0.43022697114004116	down	4
3	15172	PTPRZ1	-157.18419	-4.9623637	0.0	0.0	0.09529062367416206	0.5261301222506264	-0.4308394985764643	down	5
3	15171	NOVA1	-155.55345	-5.8765206	0.0	0.0	0.029727054164898882	0.47301880584170697	-0.44329175167680807	down	6
3	15170	TUBB2B	-155.33243	-4.9223657	0.0	0.0	0.07665111016829303	0.5065839428990863	-0.42993283273079325	down	7
3	15169	MARCKSL1	-150.9477	-3.8909786	0.0	0.0	0.13503040588318485	0.5360708952390595	-0.40104048935587466	down	8
3	15168	SOX2	-145.44917	-5.1707006	0.0	0.0	0.041380285673879226	0.4447436027234301	-0.40336331704955086	down	9
3	15167	GPM6A	-143.53644	-5.038524	0.0	0.0	0.04304907368123321	0.44074451390822345	-0.3976954402269902	down	10
3	15166	MT3	-142.17018	-3.2554398	0.0	0.0	0.26921227549144394	0.6049381153661191	-0.33572583987467514	down	11
3	15165	CLU	-139.13591	-3.1307201	0.0	0.0	0.3259510677414793	0.621222379710952	-0.29527131196947265	down	12
3	15164	PMP2	-136.32611	-4.774279	0.0	0.0	0.05574883326262198	0.4251309828140424	-0.3693821495514204	down	13
3	15163	CALD1	-136.2056	-4.603441	0.0	0.0	0.04330363456371093	0.41614885216026726	-0.3728452175965563	down	14
3	15162	FABP7	-135.87259	-4.705584	0.0	0.0	0.0641210578418894	0.43003492875041127	-0.3659138709085219	down	15
3	15161	MAP1B	-135.31192	-3.896724	0.0	0.0	0.08850233347475604	0.45231149864587816	-0.3638091651711221	down	16
3	15160	BCAN	-135.12025	-4.9482746	0.0	0.0	0.05393862254278037	0.4187337062441469	-0.36479508370136654	down	17
3	15159	CNN3	-134.43997	-4.2517776	0.0	0.0	0.05736105218498091	0.42377369713229895	-0.36641264494731807	down	18
3	15158	SRI	-133.97119	-2.1324947	0.0	0.0	0.4066468674869184	0.6535219823331393	-0.24687511484622088	down	19
3	15157	DBI	-133.41031	-1.5705162	0.0	0.0	0.7971715457502475	0.8589656787061176	-0.06179413295587011	down	20
3	15156	SCRG1	-130.11021	-3.790377	0.0	0.0	0.09888276057134776	0.4438893669796755	-0.34500660640832775	down	21
3	15155	PEBP1	-130.09952	-1.5427302	0.0	0.0	0.5832555508414652	0.7415430661368296	-0.15828751529536444	down	22
3	15154	PCSK1N	-129.5707	-4.784472	0.0	0.0	0.04208739923631735	0.3891391834771824	-0.347051784240865	down	23
3	15153	IGFBP2	-128.89014	-3.6683865	0.0	0.0	0.1591005515485787	0.47811890961553066	-0.319018358066952	down	24
3	15152	S100B	-128.7575	-2.8371575	0.0	0.0	0.2731155423561024	0.5632577387430712	-0.29014219638696875	down	25
3	15151	NDUFA4	-128.6335	-1.1896652	0.0	0.0	0.8053740630745297	0.8732915285124908	-0.06791746543796107	down	26
3	15150	FEZ1	-128.29126	-4.3325896	0.0	0.0	0.04304907368123321	0.38833240527474755	-0.3452833315935143	down	27
3	15149	BAALC	-128.00748	-4.547143	0.0	0.0	0.03985292037901287	0.3822135462805943	-0.3423606259015814	down	28
3	15148	SCD5	-126.570625	-4.27108	0.0	0.0	0.057728751237448736	0.3931825659976208	-0.33545381476017205	down	29
3	15147	METRN	-124.796585	-3.5714104	0.0	0.0	0.1426672323575166	0.4561081019514541	-0.3134408695939375	down	30
3	15146	ITM2C	-124.352394	-3.4907823	0.0	0.0	0.08864375618724367	0.4207996912095978	-0.33215593502235413	down	31
3	15145	RAMP1	-122.60914	-3.6091743	0.0	0.0	0.07274784330363457	0.3996083170923081	-0.32686047378867356	down	32
3	15144	GAP43	-122.54652	-4.1599298	0.0	0.0	0.06624239852920379	0.3873547799235617	-0.32111238139435794	down	33
3	15143	MAP2	-122.264015	-4.9246335	0.0	0.0	0.029246216942440957	0.34917676984990764	-0.3199305529074667	down	34
3	15142	NCAM1	-122.13987	-4.6908355	0.0	0.0	0.029953330504879083	0.3505182363512111	-0.320564905846332	down	35
3	15141	BEX1	-122.11374	-4.9681215	0.0	0.0	0.02766228256257955	0.3470823103596649	-0.31942002779708534	down	36
3	15140	CIRBP	-121.652695	-1.2244865	0.0	0.0	0.6812614905953897	0.7991818319876484	-0.11792034139225871	down	37
3	15139	TTYH1	-120.75736	-4.90255	0.0	0.0	0.028793664262480555	0.34266875901693283	-0.3138750947544523	down	38
3	15138	FXYD6	-120.001076	-3.9450302	0.0	0.0	0.06578984584924338	0.37897061429041484	-0.3131807684411715	down	39
3	15137	NFIB	-119.74567	-4.926311	0.0	0.0	0.02271248762551266	0.33346832367308715	-0.3107558360475745	down	40
3	15136	OLIG1	-119.457016	-4.4569144	0.0	0.0	0.045934097015980765	0.35706421321724163	-0.31113011620126085	down	41
3	15135	CCND2	-119.279144	-3.397706	0.0	0.0	0.10765096874558054	0.4160792477663317	-0.30842827902075115	down	42
3	15134	ETV1	-119.1777	-4.802689	0.0	0.0	0.030915004949794937	0.33960932951985623	-0.3086943245700613	down	43
3	15133	TSC22D4	-118.70322	-2.5651689	0.0	0.0	0.26516758591429784	0.5282087625604293	-0.2630411766461314	down	44
3	15132	PCDH9	-117.710655	-4.7727785	0.0	0.0	0.02571064913025032	0.3298299121719102	-0.30411926304165987	down	45
3	15131	CDH2	-116.411934	-5.564589	0.0	0.0	0.01281289775137887	0.3085246399554532	-0.2957117422040743	down	46
3	15130	NES	-115.79877	-4.126024	0.0	0.0	0.051534436430490736	0.34936660001518643	-0.2978321635846957	down	47
3	15129	S100A16	-115.525764	-4.1251364	0.0	0.0	0.04299250459623816	0.3408938469715761	-0.29790134237533794	down	48
3	15128	FYN	-115.36922	-3.9605598	0.0	0.0	0.04143685475887428	0.3406122655597459	-0.2991754108008716	down	49
3	15127	NFIX	-115.211586	-4.4324946	0.0	0.0	0.03097157403478999	0.3265774886734668	-0.2956059146386768	down	50
3	15126	CAMK2N1	-114.2561	-4.06143	0.0	0.0	0.04500070711356244	0.3397263914551115	-0.2947256843415491	down	51
3	15125	NRCAM	-113.37709	-4.6969385	0.0	0.0	0.022429642200537406	0.31022361993469844	-0.28779397773416104	down	52
3	15124	DSEL	-113.06847	-4.842757	0.0	0.0	0.021665959553104228	0.30724961401199724	-0.285583654458893	down	53
3	15123	UCHL1	-112.95772	-4.048434	0.0	0.0	0.0406731721114411	0.33102267837707866	-0.29034950626563755	down	54
3	15122	FHL1	-112.73235	-4.5979247	0.0	0.0	0.022486211285532458	0.30824938621579895	-0.2857631749302665	down	55
3	15121	SERPINE2	-111.79012	-5.0075607	0.0	0.0	0.019544618865789846	0.29989685894353185	-0.280352240077742	down	56
3	15120	TSC22D1	-111.71073	-2.858403	0.0	0.0	0.12897751378871447	0.4175978890885621	-0.28862037529984763	down	57
3	15119	TSPAN7	-111.397064	-4.93352	0.0	0.0	0.019488049780794797	0.2985522286061404	-0.2790641788253456	down	58
3	15118	DDR1	-110.10051	-3.843162	0.0	0.0	0.04401074812614906	0.32448935685540004	-0.28047860872925096	down	59
3	15117	MAGED1	-109.88676	-3.3288746	0.0	0.0	0.07551972846839203	0.3573711053177757	-0.28185137684938366	down	60
3	15116	MDK	-109.84556	-3.0358045	0.0	0.0	0.118879932117098	0.3956914880153889	-0.2768115558982909	down	61
3	15115	SKP1	-109.506424	-0.97476345	0.0	0.0	0.7603450714184699	0.8228694727783543	-0.06252440135988446	down	62
3	15114	PFN2	-108.84206	-4.0766544	0.0	0.0	0.03371517465704992	0.30837593965931814	-0.2746607650022682	down	63
3	15113	CPE	-108.66964	-4.2567277	0.0	0.0	0.034959694526941025	0.3078918727378572	-0.27293217821091614	down	64
3	15112	ATP1B2	-108.37751	-4.944693	0.0	0.0	0.019544618865789846	0.2872003847224683	-0.26765576585667844	down	65
3	15111	SOX9	-107.04682	-4.728208	0.0	0.0	0.02124169141564135	0.2846882988686122	-0.2634466074529708	down	66
3	15110	RBP1	-107.009895	-3.6568487	0.0	0.0	0.06482817140432753	0.3347718241413349	-0.2699436527370074	down	67
3	15109	SCG3	-106.99895	-5.918426	0.0	0.0	0.009729882619148636	0.2686919436077856	-0.25896206098863694	down	68
3	15108	ATP6V0E2	-106.04789	-2.7958984	0.0	0.0	0.12368830434167727	0.38867409957224935	-0.2649857952305721	down	69
3	15107	TRIM9	-105.63784	-4.498021	0.0	0.0	0.021552821383114127	0.28054683742944647	-0.2589940160463323	down	70
3	15106	LDHB	-105.53809	-1.296476	0.0	0.0	0.5610239004384104	0.7116827811384748	-0.1506588807000644	down	71
3	15105	UBB	-105.23009	-0.9433924	0.0	0.0	0.835383962664404	0.8917208737249741	-0.05633691106057015	down	72
3	15104	LSAMP	-104.501915	-5.5892916	0.0	0.0	0.009560175364163485	0.25962122554354705	-0.25006105017938357	down	73
3	15103	C12orf57	-103.721405	-1.746959	0.0	0.0	0.31721114410974405	0.5559429497076616	-0.2387318055979175	down	74
3	15102	NFIA	-103.51435	-2.2610366	0.0	0.0	0.19736953754773018	0.45059037181401707	-0.2532208342662869	down	75
3	15101	SOX4	-103.289345	-2.723605	0.0	0.0	0.16916984867769763	0.4243305322837834	-0.2551606836060858	down	76
3	15100	EGFR	-103.20738	-4.4636006	0.0	0.0	0.036571913449299956	0.28943405300058217	-0.25286213955128223	down	77
3	15099	IGFBP5	-103.20055	-3.7121139	0.0	0.0	0.06875972281148353	0.32588144473411124	-0.2571217219226277	down	78
3	15098	ENAH	-102.956024	-4.596741	0.0	0.0	0.018271814453401217	0.26629691968918473	-0.24802510523578353	down	79
3	15097	ZNF428	-102.91588	-1.8963902	0.0	0.0	0.31421298260500635	0.5271615328153079	-0.2129485502103015	down	80
3	15096	ZNF667-AS1	-102.90983	-4.104665	0.0	0.0	0.02593692547023052	0.2772121541927156	-0.2512752287224851	down	81
3	15095	KIF21A	-102.598175	-5.086686	0.0	0.0	0.014000848536274925	0.2585043914044901	-0.24450354286821518	down	82
3	15094	PRDX2	-102.53645	-1.592416	0.0	0.0	0.4541931834252581	0.612537649649447	-0.1583444662241889	down	83
3	15093	TCF4	-102.49209	-1.7568153	0.0	0.0	0.36942440956017536	0.5662064339770685	-0.19678202441689313	down	84
3	15092	ADGRG1	-102.289505	-2.4174442	0.0	0.0	0.12388629613915995	0.39323951504720445	-0.2693532189080445	down	85
3	15091	GRIA2	-102.19747	-5.732995	0.0	0.0	0.009560175364163485	0.25079412285808295	-0.24123394749391947	down	86
3	15090	LAPTM4B	-102.10829	-3.5540924	0.0	0.0	0.047970584075802576	0.3004536940950163	-0.25248311001921375	down	87
3	15089	ZBTB20	-101.71798	-2.4812796	0.0	0.0	0.14922924621694245	0.40355678453010707	-0.2543275383131646	down	88
3	15088	ITGB8	-101.57658	-3.5632482	0.0	0.0	0.04949794937066893	0.3005929028828874	-0.2510949535122185	down	89
3	15087	CADM4	-101.41391	-4.7824793	0.0	0.0	0.01518879932117098	0.25654281302994253	-0.24135401370877155	down	90
3	15086	FAM181B	-101.392006	-5.4860196	0.0	0.0	0.010691557064064489	0.24942734566807562	-0.23873578860401112	down	91
3	15085	CRIP2	-101.33149	-4.068113	0.0	0.0	0.024522698345354265	0.2702801893239515	-0.24575749097859723	down	92
3	15084	SPARCL1	-101.25761	-3.0780537	0.0	0.0	0.15474473200395983	0.3947866308942266	-0.24004189889026678	down	93
3	15083	SGCB	-101.11195	-4.088808	0.0	0.0	0.02788855890255975	0.27232086360069857	-0.2444323046981388	down	94
3	15082	SOX11	-101.0178	-5.2743506	0.0	0.0	0.011624946966482818	0.24989559340909667	-0.23827064644261386	down	95
3	15081	MSI2	-99.98265	-2.5666306	0.0	0.0	0.11610804695234055	0.369004530613278	-0.2528964836609374	down	96
3	15080	SYT11	-99.75069	-2.536616	0.0	0.0	0.14891811624946966	0.3934008706876914	-0.24448275443822176	down	97
3	15079	SPTBN1	-99.51364	-2.915919	0.0	0.0	0.0820251732428228	0.3315194006428915	-0.24949422740006869	down	98
3	15078	TJP1	-99.192215	-4.2630444	0.0	0.0	0.022146796775562156	0.25815004176263634	-0.23600324498707417	down	99
3	15077	HOPX	-98.80218	-3.5307863	0.0	0.0	0.06972139725639938	0.3110462173175732	-0.24132482006117384	down	100
3	1	TGFBI	300.976	4.2001166	0.0	0.0	0.8026587469947674	0.1598148523121314	0.6428438946826359	up	1
3	2	SLC16A10	253.2707	3.6623278	0.0	0.0	0.517098005939754	0.07068958971373611	0.44640841622601785	up	2
3	3	CLEC5A	250.44061	3.3822453	0.0	0.0	0.5527365294866355	0.08414538459591485	0.4685911448907207	up	3
3	4	S100A4	246.10968	3.5584629	0.0	0.0	0.8741337858860133	0.3007289478346706	0.5734048380513428	up	4
3	5	FCGR2B	243.01042	3.3933427	0.0	0.0	0.5039456936784048	0.07177478549191324	0.43217090818649156	up	5
3	6	SLC16A3	235.5739	2.8441052	0.0	0.0	0.781897892801584	0.2333677136854894	0.5485301791160946	up	6
3	7	TYROBP	235.24911	3.4944615	0.0	0.0	0.9859708669212276	0.42751018755220327	0.5584606793690243	up	7
3	8	LYZ	234.79686	2.8330593	0.0	0.0	0.7482675717720266	0.1870586448657268	0.5612089269062999	up	8
3	9	LAPTM5	234.10048	2.9581838	0.0	0.0	0.962296704850799	0.4178921258447442	0.5444045790060548	up	9
3	10	ALOX5AP	233.74081	3.0516846	0.0	0.0	0.9208598500919247	0.3653123338986054	0.5555475161933193	up	10
3	11	RNASE1	231.87646	3.6821184	0.0	0.0	0.7073964078631028	0.2014224607051558	0.505973947157947	up	11
3	12	ADAM8	229.78177	3.9479895	0.0	0.0	0.35443360203648705	0.03488129286997899	0.31955230916650806	up	12
3	13	CD163	228.39743	2.8783188	0.0	0.0	0.7879507848960543	0.2229143992508036	0.5650363856452507	up	13
3	14	GPNMB	227.03072	2.9766026	0.0	0.0	0.7613633149483807	0.2249392543471108	0.5364240606012699	up	14
3	15	FCGBP	222.25189	3.1152089	0.0	0.0	0.7387356809503606	0.21770356121390064	0.5210321197364599	up	15
3	16	FCER1G	221.85326	3.0052211	0.0	0.0	0.9545184556639796	0.3861177200131616	0.5684007356508181	up	16
3	17	NPC2	220.38506	2.8525264	0.0	0.0	0.97462876537972	0.5532473613607026	0.42138140401901736	up	17
3	18	FTL	218.33287	2.6026168	0.0	0.0	0.9998302927450149	0.9744520235895618	0.025378269155453048	up	18
3	19	S100A11	218.24362	2.7547553	0.0	0.0	0.9785886013293735	0.5854647042446025	0.393123897084771	up	19
3	20	TREM1	217.79626	3.1699257	0.0	0.0	0.481657474190355	0.08553430863853806	0.3961231655518169	up	20
3	21	IFI30	216.53523	2.8580399	0.0	0.0	0.7237731579691699	0.21354944443038296	0.5102237135387869	up	21
3	22	LGALS1	216.40727	2.602476	0.0	0.0	0.9777117805119502	0.7322129135133767	0.24549886699857348	up	22
3	23	CD14	214.55765	2.8406305	0.0	0.0	0.8651958704567954	0.319436710622896	0.5457591598338993	up	23
3	24	FN1	213.3841	3.6190646	0.0	0.0	0.6322443784471786	0.18308486673922397	0.44915951170795465	up	24
3	25	SPP1	213.28305	3.7335436	0.0	0.0	0.992080328100693	0.7222499936723278	0.26983033442836524	up	25
3	26	VAMP8	205.95671	2.445071	0.0	0.0	0.8480554377032952	0.32747285428636513	0.52058258341693	up	26
3	27	MSR1	205.18927	2.4952245	0.0	0.0	0.7302786027436006	0.22004163608291782	0.5102369666606827	up	27
3	28	CTSB	203.9237	2.4603105	0.0	0.0	0.965634280865507	0.6427427927813916	0.3228914880841154	up	28
3	29	LSP1	203.69014	2.6858368	0.0	0.0	0.6108895488615471	0.164772583461996	0.44611696539955115	up	29
3	30	STAB1	203.51372	2.674428	0.0	0.0	0.6122189223589308	0.16427902503227113	0.44793989732665973	up	30
3	31	ITGB2	201.32817	2.4043725	0.0	0.0	0.8453684061660303	0.3209806626338303	0.5243877435322	up	31
3	32	CD68	200.52406	2.4086719	0.0	0.0	0.8547023051902135	0.32863398213065376	0.5260683230595598	up	32
3	33	CD93	200.47472	2.6447523	0.0	0.0	0.48858718710224863	0.09924637424384318	0.38934081285840544	up	33
3	34	SPI1	199.92854	2.3284252	0.0	0.0	0.7436854758874275	0.2407805816396264	0.5029048942478012	up	34
3	35	C1orf162	196.72318	2.338194	0.0	0.0	0.7309008626785461	0.2371358424662735	0.49376502021227264	up	35
3	36	SRGN	194.7	2.860278	0.0	0.0	0.9762975533870739	0.47497405654407854	0.5013234968429954	up	36
3	37	PLAUR	192.62424	2.3631198	0.0	0.0	0.7141846980625088	0.24201764155002659	0.47216705651248225	up	37
3	38	S100A9	191.71089	2.5247035	0.0	0.0	0.6573893367274785	0.20462742666227948	0.45276191006519895	up	38
3	39	CSTA	191.37787	2.5997229	0.0	0.0	0.4794795644180455	0.10632387557265434	0.3731556888453912	up	39
3	40	TYMP	190.95776	2.2906342	0.0	0.0	0.8217225286380992	0.3240748943278747	0.4976476343102246	up	40
3	41	CTSZ	190.9295	2.3220205	0.0	0.0	0.813633149483807	0.3601964109443418	0.45343673853946526	up	41
3	42	ST14	189.83823	2.9309974	0.0	0.0	0.37824918681940317	0.06587106735174264	0.31237811946766053	up	42
3	43	APOC1	189.77007	3.1675076	0.0	0.0	0.9452128411822939	0.5157337568655244	0.4294790843167695	up	43
3	44	C15orf48	189.67899	3.1104832	0.0	0.0	0.3403478998727196	0.051820471285023664	0.2885274285876959	up	44
3	45	HMOX1	189.02567	2.6720164	0.0	0.0	0.7477867345495687	0.2934995823736364	0.4542871521759323	up	45
3	46	CAPG	188.78061	2.293044	0.0	0.0	0.8106915570640645	0.35029360398896453	0.46039795307509995	up	46
3	47	ARHGAP18	186.9893	2.322967	0.0	0.0	0.634309150049498	0.20320053658660053	0.4311086134628974	up	47
3	48	SERPINA1	184.77045	2.2079947	0.0	0.0	0.6824494413802856	0.22113948720544685	0.4613099541748388	up	48
3	49	AIF1	183.81616	2.500919	0.0	0.0	0.9196718993070288	0.3790433825204384	0.5406285167865903	up	49
3	50	DAB2	182.68068	2.26066	0.0	0.0	0.6539386225427803	0.21371080007086993	0.4402278224719104	up	50
3	51	CTSD	182.2469	2.1238122	0.0	0.0	0.9251873850940461	0.6235414715634412	0.3016459135306049	up	51
3	52	SLC11A1	181.35556	2.1398554	0.0	0.0	0.7637957856031679	0.27719949884836365	0.4865962867548042	up	52
3	53	SAT1	181.189	2.3557446	0.0	0.0	0.9892235893084429	0.7521482447037384	0.23707534460470447	up	53
3	54	F13A1	181.10774	2.5404577	0.0	0.0	0.4102390043841041	0.08267736465109216	0.32756163973301194	up	54
3	55	CXCL3	180.3	3.3633957	0.0	0.0	0.36014707962098713	0.06807626110506466	0.2920708185159225	up	55
3	56	FPR3	178.90012	2.7387333	0.0	0.0	0.38215245368406164	0.07560935483054494	0.3065430988535167	up	56
3	57	ENG	178.11305	2.3055854	0.0	0.0	0.5395842172252864	0.15407881748462376	0.3855053997406626	up	57
3	58	S100A10	177.51334	2.2099743	0.0	0.0	0.9066044406731721	0.537564225872586	0.36904021480058613	up	58
3	59	CXCL8	176.16425	2.7427945	0.0	0.0	0.6825342950077783	0.26530663899364704	0.41722765601413125	up	59
3	60	C1QA	176.11678	2.7181158	0.0	0.0	0.922811483524254	0.42674453921891214	0.4960669443053419	up	60
3	61	C1QC	174.97461	2.5909336	0.0	0.0	0.901428369396125	0.37818281910450785	0.5232455502916171	up	61
3	62	FXYD5	173.59317	1.9909229	0.0	0.0	0.7550558619714326	0.30572148118150294	0.44933438078992965	up	62
3	63	FCGR2A	172.72012	2.034609	0.0	0.0	0.7411115825201527	0.2808916955630363	0.46021988695711646	up	63
3	64	PKIB	171.85042	2.410763	0.0	0.0	0.5317776834959694	0.16636082917816195	0.36541685431780746	up	64
3	65	FCGR3A	171.46933	2.0607598	0.0	0.0	0.7726488474048933	0.2805879672985902	0.49206088010630306	up	65
3	66	RGS1	171.45059	2.428985	0.0	0.0	0.8958845990666101	0.4195246652661419	0.4763599338004682	up	66
3	67	TNFRSF11A	170.93938	3.2041578	0.0	0.0	0.2555791260076368	0.03467880736034828	0.22090031864728854	up	67
3	68	CD74	167.9482	2.8362522	0.0	0.0	0.9662565408004525	0.570547217089777	0.3957093237106756	up	68
3	69	CD4	167.5982	2.1055214	0.0	0.0	0.5576863244237025	0.17466273507302132	0.38302358935068115	up	69
3	70	IBSP	167.49336	3.572725	0.0	0.0	0.2553811342101541	0.03682388822799868	0.21855724598215545	up	70
3	71	CD300A	167.0174	2.2034745	0.0	0.0	0.48858718710224863	0.13624427345668075	0.3523429136455679	up	71
3	72	GPR183	166.99937	2.1260428	0.0	0.0	0.6536840616603027	0.23541787947050039	0.41826618218980227	up	72
3	73	PLIN2	165.75287	2.4101586	0.0	0.0	0.6701173808513647	0.2826128223948974	0.38750455845646736	up	73
3	74	CXCL2	165.40216	2.8776054	0.0	0.0	0.40636402206194316	0.10218557796957656	0.3041784440923666	up	74
3	75	CACNA2D4	165.19135	2.7301204	0.0	0.0	0.2983453542638948	0.05206408666379812	0.24628126760009666	up	75
3	76	TREM2	164.03345	2.011841	0.0	0.0	0.781954461886579	0.30011516363360247	0.48183929825297656	up	76
3	77	RNASE6	163.75963	1.9091866	0.0	0.0	0.6341960118795078	0.21714039839024019	0.4170556134892676	up	77
3	78	PYCARD	162.30815	1.878778	0.0	0.0	0.7075378305755904	0.2742761143030702	0.4332617162725202	up	78
3	79	SERF2	162.28429	1.0387671	0.0	0.0	0.9855465987837647	0.9188001468019945	0.0667464519817702	up	79
3	80	CSTB	162.24957	1.8905346	0.0	0.0	0.8945552255692264	0.6369498089043003	0.2576054166649261	up	80
3	81	C1QB	162.17712	2.6554856	0.0	0.0	0.9181728185546599	0.4568421119238654	0.4613307066307945	up	81
3	82	VSIG4	160.94615	1.9439747	0.0	0.0	0.7093197567529346	0.26723025133513884	0.44208950541779574	up	82
3	83	PSAP	160.44453	1.6567913	0.0	0.0	0.9671616461603734	0.7702865169961275	0.19687512916424588	up	83
3	84	MIF	160.35014	1.7472575	0.0	0.0	0.9467967755621552	0.7696474221063555	0.17714935345579974	up	84
3	85	GSTO1	160.27484	1.8046345	0.0	0.0	0.7828878517889973	0.4310093902655091	0.35187846152348823	up	85
3	86	RNASET2	159.60136	2.050954	0.0	0.0	0.9115259510677415	0.47614151206054317	0.4353844390071983	up	86
3	87	SH3BGRL3	159.26231	1.5397029	0.0	0.0	0.9397822090227691	0.7355222860614037	0.20425992296136541	up	87
3	88	LAIR1	159.03357	1.9231793	0.0	0.0	0.5895347192759157	0.20365296514718165	0.38588175412873404	up	88
3	89	TMSB10	158.95712	1.2197338	0.0	0.0	0.9975109602602178	0.9541813257738743	0.04332963448634353	up	89
3	90	ITGAM	158.42459	2.2343686	0.0	0.0	0.39906661009758165	0.09962919841048876	0.2994374116870929	up	90
3	91	IER3	158.05696	2.0288029	0.0	0.0	0.7071135624381276	0.29056354248399097	0.41655001995413665	up	91
3	92	MS4A7	157.28593	1.8852434	0.0	0.0	0.7702729458351011	0.29649257131286544	0.47378037452223565	up	92
3	93	TMSB4X	156.22621	1.2483708	0.0	0.0	0.9986423419601188	0.9892999063504518	0.009342435609666966	up	93
3	94	THBD	156.09917	2.602782	0.0	0.0	0.28841747984726346	0.053851654053506795	0.23456582579375668	up	94
3	95	CLIC1	155.77335	1.5729774	0.0	0.0	0.8801301088954886	0.5892961097471462	0.2908339991483424	up	95
3	96	LDHA	155.7482	1.639379	0.0	0.0	0.9259510677414793	0.68434407350224	0.24160699423923926	up	96
3	97	METRNL	155.24689	2.1544526	0.0	0.0	0.4920661858294442	0.16066276038371005	0.3314034254457342	up	97
3	98	CYBA	155.06244	2.1185648	0.0	0.0	0.9276198557488332	0.4847218355311448	0.4428980202176884	up	98
3	99	NRP1	155.04713	2.246808	0.0	0.0	0.44333191910620845	0.13203004378749145	0.311301875318717	up	99
3	100	LIMS1	154.57336	1.7739394	0.0	0.0	0.7887710366284826	0.4518179402161533	0.3369530964123293	up	100
4	15176	TMSB4X	-156.60767	-1.4290466	0.0	0.0	0.9711211089494164	0.9922142585807975	-0.021093149631381092	down	1
4	15175	SRGN	-152.01482	-4.1671653	0.0	0.0	0.15165977626459143	0.5640078987602463	-0.41234812249565483	down	2
4	15174	LAPTM5	-145.67615	-4.123695	0.0	0.0	0.09998176070038911	0.5111496212299588	-0.41116786052956966	down	3
4	15173	CYBA	-144.81702	-3.5947044	0.0	0.0	0.1928501945525292	0.5640235958195592	-0.37117340126703	down	4
4	15172	CD74	-143.6499	-3.4924543	0.0	0.0	0.3079401750972763	0.6415890447083643	-0.33364886961108803	down	5
4	15171	RGS1	-141.22797	-4.2071304	0.0	0.0	0.11031736381322957	0.5043308186644314	-0.39401345485120187	down	6
4	15170	HLA-DRB1	-140.60727	-3.9260263	0.0	0.0	0.14080739299610895	0.5260335728704585	-0.38522617987434954	down	7
4	15169	TYROBP	-140.26807	-4.1112823	0.0	0.0	0.14330009727626458	0.518847459117009	-0.37554736184074444	down	8
4	15168	HLA-DPA1	-139.61278	-4.05202	0.0	0.0	0.12718871595330739	0.5114635624162169	-0.38427484646290955	down	9
4	15167	HLA-DRA	-138.20732	-3.5191321	0.0	0.0	0.25632295719844356	0.5933865149702855	-0.33706355777184194	down	10
4	15166	ARHGDIB	-136.92625	-4.419053	0.0	0.0	0.054839494163424124	0.44554219212572715	-0.39070269796230306	down	11
4	15165	HLA-DPB1	-136.55833	-3.8839955	0.0	0.0	0.13345087548638132	0.5065598010868644	-0.37310892560048303	down	12
4	15164	AIF1	-135.63293	-4.178317	0.0	0.0	0.09195646887159534	0.4686984940241295	-0.3767420251525342	down	13
4	15163	B2M	-134.89056	-1.1341841	0.0	0.0	0.9547665369649806	0.9745582062656382	-0.019791669300657566	down	14
4	15162	ITGB2	-132.1719	-4.879935	0.0	0.0	0.034563472762645917	0.40876398215558296	-0.37420050939293703	down	15
4	15161	RGS10	-131.58368	-4.398531	0.0	0.0	0.051070038910505836	0.42305772436591726	-0.37198768545541144	down	16
4	15160	FCER1G	-131.2787	-3.76056	0.0	0.0	0.12174732490272373	0.4765093507382327	-0.354762025835509	down	17
4	15159	PTPRC	-130.38525	-5.7477136	0.0	0.0	0.01741853112840467	0.3844523766917506	-0.3670338455633459	down	18
4	15158	ALOX5AP	-129.94455	-3.7994735	0.0	0.0	0.0942363813229572	0.4549698459490599	-0.36073346462610273	down	19
4	15157	C1QC	-129.53001	-4.115726	0.0	0.0	0.11496838521400778	0.4634431185661678	-0.34847473335216006	down	20
4	15156	VAMP8	-128.05406	-4.170673	0.0	0.0	0.054079523346303504	0.4134887970087684	-0.3594092736624649	down	21
4	15155	CD53	-127.64507	-5.044265	0.0	0.0	0.024775048638132294	0.38222339426931756	-0.35744834563118527	down	22
4	15154	C1QB	-127.53674	-3.576363	0.0	0.0	0.21476775291828792	0.5330470189714659	-0.31827926605317797	down	23
4	15153	APOC1	-127.38816	-3.2700682	0.0	0.0	0.2845026750972763	0.5872834983094267	-0.30278082321215044	down	24
4	15152	C1QA	-127.11413	-3.5823896	0.0	0.0	0.18105544747081712	0.507178265223793	-0.3261228177529758	down	25
4	15151	MS4A7	-125.433914	-5.1068497	0.0	0.0	0.02881809338521401	0.3767231446860745	-0.34790505130086047	down	26
4	15150	HLA-E	-124.97668	-2.1551342	0.0	0.0	0.3584326361867704	0.6309307414348996	-0.2724981052481292	down	27
4	15149	CD37	-124.2132	-4.954513	0.0	0.0	0.0240454766536965	0.36856381325522475	-0.34451833660152825	down	28
4	15148	CORO1A	-123.816505	-4.3934965	0.0	0.0	0.039852869649805445	0.3845528378713532	-0.34469996822154775	down	29
4	15147	GMFG	-123.656105	-4.365208	0.0	0.0	0.03559703307392996	0.38051555421607314	-0.34491852114214316	down	30
4	15146	CTSS	-122.19878	-4.0319595	0.0	0.0	0.06210481517509728	0.3976473247501813	-0.335542509575084	down	31
4	15145	HCST	-122.15281	-4.4275527	0.0	0.0	0.04043044747081712	0.3781327406123737	-0.33770229314155653	down	32
4	15144	TREM2	-121.626396	-4.4625945	0.0	0.0	0.04629742217898833	0.3798091865469923	-0.333511764368004	down	33
4	15143	HLA-DQB1	-121.15683	-4.4278092	0.0	0.0	0.044230301556420236	0.37753311294662056	-0.33330281139020035	down	34
4	15142	HLA-DMA	-120.59319	-3.937492	0.0	0.0	0.06450632295719845	0.39481557525013267	-0.33030925229293423	down	35
4	15141	CD14	-119.04027	-3.8487568	0.0	0.0	0.08107368677042802	0.40462937673256294	-0.3235556899621349	down	36
4	15140	MS4A6A	-118.83363	-4.607559	0.0	0.0	0.037816147859922176	0.36098213360709	-0.32316598574716787	down	37
4	15139	FCGR3A	-117.90022	-4.511673	0.0	0.0	0.040308852140077824	0.36001833416527745	-0.3197094820251996	down	38
4	15138	HCLS1	-117.63484	-4.5634985	0.0	0.0	0.02665977626459144	0.34696152022880034	-0.3203017439642089	down	39
4	15137	ARPC1B	-117.36112	-2.3494947	0.0	0.0	0.23288545719844359	0.5300708565257385	-0.29718539932729493	down	40
4	15136	CSF1R	-117.31908	-4.7526984	0.0	0.0	0.026811770428015563	0.3446697495691157	-0.31785797914110014	down	41
4	15135	GPR34	-117.1201	-5.204821	0.0	0.0	0.022282344357976654	0.33743026581400243	-0.31514792145602577	down	42
4	15134	LST1	-117.04814	-3.722089	0.0	0.0	0.057149805447470815	0.3791090977016366	-0.32195929225416575	down	43
4	15133	SLA	-115.13151	-5.0556765	0.0	0.0	0.018391293774319067	0.3266840590083854	-0.3082927652340663	down	44
4	15132	PLXDC2	-114.54187	-4.2571635	0.0	0.0	0.03948808365758755	0.3482329820331459	-0.30874489837555835	down	45
4	15131	S100A4	-114.33379	-3.962319	0.0	0.0	0.0810432879377432	0.38706122794955594	-0.30601794001181276	down	46
4	15130	PYCARD	-114.28495	-4.108061	0.0	0.0	0.037420963035019454	0.34682652551870935	-0.3094055624836899	down	47
4	15129	SAMSN1	-113.98944	-4.917071	0.0	0.0	0.01991123540856031	0.3243012454046859	-0.3043900099961256	down	48
4	15128	APOE	-113.687904	-2.158747	0.0	0.0	0.6355483949416343	0.7832675626548122	-0.14771916771317795	down	49
4	15127	SLC11A1	-112.315994	-3.8053782	0.0	0.0	0.051252431906614784	0.35454319987693506	-0.3032907679703203	down	50
4	15126	COTL1	-110.899414	-1.8725251	0.0	0.0	0.3236563715953307	0.5891734242507009	-0.2655170526553701	down	51
4	15125	HLA-DMB	-110.489944	-4.4860926	0.0	0.0	0.029030885214007783	0.32099544471338737	-0.2919645594993796	down	52
4	15124	TYMP	-110.48251	-3.1302476	0.0	0.0	0.10615272373540856	0.40181646370368973	-0.29566373996828116	down	53
4	15123	SPI1	-108.75738	-4.205813	0.0	0.0	0.03143239299610895	0.3182202046268652	-0.28678781163075623	down	54
4	15122	FCGR2A	-108.532005	-3.5121343	0.0	0.0	0.0650535019455253	0.3542637922211653	-0.28921029027564	down	55
4	15121	VSIG4	-108.42892	-3.8352344	0.0	0.0	0.05079644941634241	0.3386514970285467	-0.28785504761220426	down	56
4	15120	SLCO2B1	-107.83308	-4.63617	0.0	0.0	0.023163910505836577	0.30430633125190326	-0.28114242074606666	down	57
4	15119	EVI2B	-107.81872	-5.117824	0.0	0.0	0.013618677042801557	0.292646555594275	-0.27902787855147343	down	58
4	15118	FCGR1A	-107.60051	-5.0006924	0.0	0.0	0.01933365758754864	0.29772926339979466	-0.27839560581224604	down	59
4	15117	KCTD12	-107.58422	-2.6985679	0.0	0.0	0.12816147859922178	0.41864371128712746	-0.2904822326879057	down	60
4	15116	OLR1	-107.526825	-4.2864103	0.0	0.0	0.031979571984435795	0.31423943038511165	-0.28225985840067586	down	61
4	15115	CYBB	-107.50201	-5.194046	0.0	0.0	0.016080982490272372	0.2934596632666836	-0.27737868077641126	down	62
4	15114	LY86	-107.23276	-4.843995	0.0	0.0	0.018330496108949417	0.29596805334488635	-0.2776375572359369	down	63
4	15113	RNASET2	-107.12971	-2.295574	0.0	0.0	0.3019212062256809	0.5424589757354857	-0.24053776950980482	down	64
4	15112	GPSM3	-107.11979	-4.2820015	0.0	0.0	0.025930204280155644	0.3062307907236658	-0.2803005864435102	down	65
4	15111	CCL4	-106.39287	-2.8748236	0.0	0.0	0.21710846303501946	0.4858396827938254	-0.26873121975880593	down	66
4	15110	APBB1IP	-106.15501	-5.2703123	0.0	0.0	0.01264591439688716	0.28437734474823484	-0.27173143035134767	down	67
4	15109	C1orf162	-106.07527	-4.0243287	0.0	0.0	0.03489785992217899	0.31282669504694993	-0.27792883512477096	down	68
4	15108	MT-ATP6	-105.81675	-1.4820132	0.0	0.0	0.7627979085603113	0.859432833852906	-0.09663492529259476	down	69
4	15107	CTSZ	-105.6589	-2.565656	0.0	0.0	0.15357490272373542	0.43186377464045883	-0.2782888719167234	down	70
4	15106	MSR1	-104.738754	-4.4153624	0.0	0.0	0.02641658560311284	0.29667128160210465	-0.2702546959989918	down	71
4	15105	IL18	-104.51184	-5.0702877	0.0	0.0	0.016901750972762645	0.28283275411184466	-0.265931003139082	down	72
4	15104	CCL3	-104.44729	-2.740636	0.0	0.0	0.2659897859922179	0.515328178419055	-0.24933839242683709	down	73
4	15103	RPS24	-103.49036	-0.8406634	0.0	0.0	0.8853660019455253	0.9199669733872057	-0.034600971441680395	down	74
4	15102	EVI2A	-103.39688	-3.9388485	0.0	0.0	0.032313959143968875	0.30098483350129185	-0.26867087435732295	down	75
4	15101	LILRB4	-103.375534	-4.8083396	0.0	0.0	0.017448929961089495	0.2801203022625741	-0.26267137230148463	down	76
4	15100	CLEC7A	-103.13134	-5.008945	0.0	0.0	0.01407465953307393	0.27489318151137565	-0.26081852197830174	down	77
4	15099	RNASE6	-102.9822	-4.5127945	0.0	0.0	0.020853599221789882	0.2837023711977798	-0.26284877197598994	down	78
4	15098	MT-CYB	-102.96151	-1.2566538	0.0	0.0	0.763892266536965	0.8563624890513011	-0.09247022251433612	down	79
4	15097	CD81	-102.90782	-1.342879	0.0	0.0	0.5346242704280155	0.7294015339166361	-0.19477726348862057	down	80
4	15096	CD163	-102.50114	-4.0072107	0.0	0.0	0.03970087548638132	0.30455120537718466	-0.26485032989080337	down	81
4	15095	HLA-DQA1	-102.48206	-4.397046	0.0	0.0	0.027450145914396887	0.2895197013791436	-0.26206955546474675	down	82
4	15094	IFI30	-102.15935	-4.454488	0.0	0.0	0.028635700389105057	0.28927796666572486	-0.2606422662766198	down	83
4	15093	MEF2C	-101.88452	-2.472253	0.0	0.0	0.13606517509727625	0.41178723577924914	-0.2757220606819729	down	84
4	15092	CD84	-101.79539	-5.2466116	0.0	0.0	0.011703550583657588	0.2662315441825128	-0.25452799359885525	down	85
4	15091	LGALS9	-101.29331	-4.1126666	0.0	0.0	0.026720573929961088	0.28512766418339186	-0.2584070902534308	down	86
4	15090	GPR183	-101.10132	-3.8436916	0.0	0.0	0.04085603112840467	0.30193607529565414	-0.26108004416724945	down	87
4	15089	SERPINB1	-100.6225	-3.1219103	0.0	0.0	0.06693822957198443	0.3310886538515874	-0.264150424279603	down	88
4	15088	MS4A4A	-100.50548	-4.3370667	0.0	0.0	0.0235590953307393	0.2777783010130882	-0.2542192056823489	down	89
4	15087	LCP1	-100.43884	-4.6490827	0.0	0.0	0.020093628404669262	0.2723125849603335	-0.25221895655566423	down	90
4	15086	HAVCR2	-100.28369	-4.572878	0.0	0.0	0.017388132295719845	0.2688937654419821	-0.2515056331462623	down	91
4	15085	FXYD5	-99.83753	-2.578684	0.0	0.0	0.1088886186770428	0.37592259466111616	-0.26703397598407336	down	92
4	15084	CAPG	-99.78576	-2.4801157	0.0	0.0	0.167011186770428	0.4203232966336087	-0.25331210986318065	down	93
4	15083	UCP2	-99.614	-3.4692822	0.0	0.0	0.044230301556420236	0.30193293588379155	-0.25770263432737134	down	94
4	15082	SMAP2	-99.608574	-2.4371912	0.0	0.0	0.1267023346303502	0.3967023617795442	-0.270000027149194	down	95
4	15081	MT-ND3	-99.3375	-1.3280919	0.0	0.0	0.7524623054474708	0.8466648458077863	-0.0942025403603155	down	96
4	15080	C3AR1	-99.22173	-5.000362	0.0	0.0	0.013983463035019456	0.2594441357356113	-0.24546067270059185	down	97
4	15079	GIMAP4	-99.10066	-5.305534	0.0	0.0	0.01073078793774319	0.2544116585198929	-0.2436808705821497	down	98
4	15078	FPR1	-98.26234	-4.447407	0.0	0.0	0.020063229571984437	0.2645770741309323	-0.24451384455894784	down	99
4	15077	CXCR4	-98.20316	-2.8758006	0.0	0.0	0.11688351167315175	0.3733639739931121	-0.25648046231996036	down	100
4	1	CA9	264.32733	5.1684413	0.0	0.0	0.33380958171206226	0.01597960638054067	0.3178299753315216	up	1
4	2	VEGFA	250.65112	3.8679664	0.0	0.0	0.8132599708171206	0.26423173882604833	0.5490282319910723	up	2
4	3	IGFBP5	237.77962	3.8390796	0.0	0.0	0.7988813229571985	0.24849386715892643	0.5503874557982721	up	3
4	4	AKAP12	237.29994	3.8249729	0.0	0.0	0.637858706225681	0.14485874216324313	0.49299996406243785	up	4
4	5	NRN1	236.85289	3.8501458	0.0	0.0	0.5922300583657587	0.12283890735909535	0.46939115100666334	up	5
4	6	CAV1	222.54504	3.5115893	0.0	0.0	0.5386977140077821	0.10532726798961482	0.43337044601816727	up	6
4	7	HILPDA	219.67738	3.8069193	0.0	0.0	0.6141172178988327	0.16108950149279033	0.45302771640604234	up	7
4	8	LOX	213.14345	4.503018	0.0	0.0	0.2896400778210117	0.024757401948319	0.2648826758726927	up	8
4	9	GAPDH	203.16817	1.8471781	0.0	0.0	0.9918227140077821	0.9666217730770318	0.025200940930750315	up	9
4	10	CA12	193.29408	3.475326	0.0	0.0	0.37673273346303504	0.0630236931413269	0.31370904032170815	up	10
4	11	IGFBP2	190.74222	3.0079155	0.0	0.0	0.8548759727626459	0.40380057200084135	0.4510754007618046	up	11
4	12	ENO2	187.78221	2.8267105	0.0	0.0	0.6150595817120622	0.19796817264253716	0.417091409069525	up	12
4	13	ADM	185.57254	2.9587853	0.0	0.0	0.5592777237354085	0.16235468447341075	0.3969230392619978	up	13
4	14	PLOD2	185.0656	2.9858754	0.0	0.0	0.4924306906614786	0.12728745396837357	0.365143236693105	up	14
4	15	MT1X	182.55457	3.2723339	0.0	0.0	0.8332320038910506	0.5054358916400602	0.32779611225099037	up	15
4	16	NDRG1	178.53328	2.8456206	0.0	0.0	0.5877614299610895	0.19813142205939138	0.3896300079016981	up	16
4	17	NDUFA4L2	173.72783	3.4042351	0.0	0.0	0.29356152723735407	0.044359889618278914	0.24920163761907516	up	17
4	18	ANGPTL4	169.58505	3.3266273	0.0	0.0	0.3398589494163424	0.06531546380101153	0.27454348561533093	up	18
4	19	SLC2A1	168.11371	2.8611295	0.0	0.0	0.40798273346303504	0.09722130656042897	0.31076142690260605	up	19
4	20	TMEM45A	167.07799	2.861198	0.0	0.0	0.3898042315175097	0.08981229456473624	0.2999919369527735	up	20
4	21	BNIP3	166.93864	2.4312105	0.0	0.0	0.6704462548638133	0.29812482929448	0.3723214255693333	up	21
4	22	CALD1	163.9834	2.1263769	0.0	0.0	0.7509119649805448	0.3401929482530743	0.4107190167274705	up	22
4	23	CLU	158.90984	2.4865546	0.0	0.0	0.9121777723735408	0.5584009091736754	0.35377686319986545	up	23
4	24	CHPF	158.76886	2.4288306	0.0	0.0	0.5251094357976653	0.18208274861787394	0.3430266871797914	up	24
4	25	MT2A	158.346	2.4685311	0.0	0.0	0.9496899319066148	0.8056327327638441	0.1440571991427707	up	25
4	26	IGFBP3	158.1963	2.8536744	0.0	0.0	0.4101410505836576	0.10733335216980451	0.3028076984138531	up	26
4	27	CHI3L1	157.52942	3.090302	0.0	0.0	0.5475437743190662	0.2050130128621704	0.34253076145689576	up	27
4	28	SEC61G	157.41365	2.6398408	0.0	0.0	0.9148528696498055	0.754692635881594	0.16016023376821154	up	28
4	29	NXPH4	156.42387	3.8965147	0.0	0.0	0.18297057392996108	0.019106460595672007	0.16386411333428907	up	29
4	30	NNMT	153.39589	2.7930062	0.0	0.0	0.3615333171206226	0.08774028273543234	0.27379303438519026	up	30
4	31	AK4	151.18274	2.3274763	0.0	0.0	0.42901872568093385	0.12502707742731475	0.30399164825361913	up	31
4	32	CRYAB	148.85793	2.2931235	0.0	0.0	0.7254985408560312	0.3512311203619114	0.37426742049411976	up	32
4	33	VIM	147.5534	1.8471265	0.0	0.0	0.9415430447470817	0.7811296231763941	0.1604134215706876	up	33
4	34	PGK1	146.32516	1.7106549	0.0	0.0	0.8282465953307393	0.6332068150352713	0.19503978029546798	up	34
4	35	TPI1	145.99887	1.5063629	0.0	0.0	0.9093810797665369	0.7784391472101616	0.13094193255637532	up	35
4	36	SLPI	143.88794	3.7247179	0.0	0.0	0.23051434824902725	0.04023156301898402	0.19028278523004322	up	36
4	37	CNN3	142.88249	1.9466689	0.0	0.0	0.7069248540856031	0.35386194750275485	0.3530629065828483	up	37
4	38	NTRK2	141.53305	2.2622485	0.0	0.0	0.4471364299610895	0.14791966872926027	0.2992167612318292	up	38
4	39	NOL3	141.52882	2.5849783	0.0	0.0	0.33122568093385213	0.08563687678750263	0.24558880414634948	up	39
4	40	SLC39A14	140.11797	2.9116552	0.0	0.0	0.26568579766536965	0.05629907293167698	0.2093867247336927	up	40
4	41	LDHA	139.35802	1.4893116	0.0	0.0	0.873449659533074	0.691631269797916	0.18181838973515796	up	41
4	42	ALDOA	137.94188	2.103618	0.0	0.0	0.6997811284046692	0.3903199374629157	0.3094611909417535	up	42
4	43	EGLN3	137.41788	2.7917764	0.0	0.0	0.2617643482490272	0.055988271157281395	0.20577607709174583	up	43
4	44	MIR210HG	137.21628	2.902894	0.0	0.0	0.22686648832684825	0.041876614834976816	0.18498987349187143	up	44
4	45	SPOCD1	136.02579	2.650566	0.0	0.0	0.2509423638132296	0.05162448866829288	0.1993178751449367	up	45
4	46	SPARCL1	134.3773	1.9677643	0.0	0.0	0.6919686284046692	0.33745224169704047	0.35451638670762875	up	46
4	47	EFEMP1	133.49075	2.37171	0.0	0.0	0.30018847276264593	0.07489380939374818	0.22529466336889775	up	47
4	48	EPAS1	133.01309	2.2678545	0.0	0.0	0.34800583657587547	0.10196181847292728	0.24604401810294818	up	48
4	49	SYTL2	128.8991	2.4997015	0.0	0.0	0.25644455252918286	0.059422787734945734	0.1970217647942371	up	49
4	50	APLN	128.8339	3.1163998	0.0	0.0	0.1677407587548638	0.025105876665065568	0.14263488208979824	up	50
4	51	STC2	128.67174	3.5308592	0.0	0.0	0.1342716439688716	0.015266959887734632	0.11900468408113696	up	51
4	52	ZNF395	127.436264	2.6846163	0.0	0.0	0.2517023346303502	0.05952638832641093	0.19217594630393925	up	52
4	53	MT3	127.094345	1.9826981	0.0	0.0	0.8674002918287937	0.5405690497942115	0.32683124203458225	up	53
4	54	COL6A2	126.40835	2.5771654	0.0	0.0	0.24595695525291827	0.05659103823489708	0.1893659170180212	up	54
4	55	PTX3	126.37879	3.2355042	0.0	0.0	0.22197227626459143	0.04781324266711874	0.1741590335974727	up	55
4	56	SDC4	126.298615	2.6565146	0.0	0.0	0.27374148832684825	0.07107942398071146	0.2026620643461368	up	56
4	57	SCG2	125.67077	2.0951202	0.0	0.0	0.4029973249027237	0.1415435232363569	0.2614538016663668	up	57
4	58	LGALS3	125.392685	1.8344785	0.0	0.0	0.6974404182879378	0.42609667504889637	0.2713437432390414	up	58
4	59	KISS1R	123.40935	4.455398	0.0	0.0	0.08788302529182879	0.00575454194411219	0.0821284833477166	up	59
4	60	TRIB3	122.52901	2.9840257	0.0	0.0	0.20412816147859922	0.04241345426347828	0.16171470721512093	up	60
4	61	FAM180A	122.50091	4.8826838	0.0	0.0	0.07414275291828794	0.0034345165776643403	0.07070823634062359	up	61
4	62	S100A10	122.34452	1.6212206	0.0	0.0	0.8037451361867705	0.5510358489440588	0.2527092872427117	up	62
4	63	MEG3	122.06274	2.0037427	0.0	0.0	0.4405398832684825	0.17389202306839838	0.26664786020008413	up	63
4	64	ENO1	120.94183	1.2842258	0.0	0.0	0.8651203793774319	0.7425493907971281	0.1225709885803038	up	64
4	65	MIF	119.94922	1.2944269	0.0	0.0	0.9078915369649806	0.7750328853392605	0.13285865162572008	up	65
4	66	INAFM1	118.62441	1.9831294	0.0	0.0	0.4239421206225681	0.17252951832003793	0.25141260230253015	up	66
4	67	MGST1	117.87281	2.4790947	0.0	0.0	0.27407587548638135	0.07863598833394551	0.19543988715243582	up	67
4	68	BACE2	117.160385	2.604978	0.0	0.0	0.21902358949416342	0.052142491625618854	0.16688109786854458	up	68
4	69	KLF5	116.77369	3.4548352	0.0	0.0	0.11250607976653697	0.012990886287362925	0.09951519347917404	up	69
4	70	SLC16A1	116.35578	1.8800484	0.0	0.0	0.4642205739299611	0.2127014325136329	0.25151914141632814	up	70
4	71	EMP1	115.299545	1.8831842	0.0	0.0	0.42135821984435795	0.17199895771526164	0.24935926212909632	up	71
4	72	C1R	114.98641	2.0306253	0.0	0.0	0.35308244163424124	0.12606308334196673	0.22701935829227451	up	72
4	73	RPL36	114.40501	0.7151336	0.0	0.0	0.9603903210116731	0.946162225968587	0.014228095043086086	up	73
4	74	PGM2L1	113.69685	1.792365	0.0	0.0	0.4462548638132296	0.19409413840411138	0.2521607254091182	up	74
4	75	C1S	112.80604	2.1723053	0.0	0.0	0.23027115758754862	0.059005245957222376	0.17126591163032626	up	75
4	76	BGN	112.59404	2.1606562	0.0	0.0	0.23747568093385213	0.06280707372280876	0.17466860721104338	up	76
4	77	PKM	111.70979	1.169876	0.0	0.0	0.8280642023346303	0.6876567743798877	0.1404074279547426	up	77
4	78	SLN	111.650764	3.073577	0.0	0.0	0.13384606031128404	0.021121963011449436	0.11272409729983461	up	78
4	79	PCOLCE2	111.623764	2.4445114	0.0	0.0	0.23467898832684825	0.06407539611529176	0.1706035922115565	up	79
4	80	TNC	111.36221	1.8212732	0.0	0.0	0.3944552529182879	0.1559942360398203	0.23846101687846763	up	80
4	81	MAP1B	110.63351	1.4650676	0.0	0.0	0.696710846303502	0.3866907773497713	0.3100200689537307	up	81
4	82	FAM162A	110.43358	1.6272702	0.0	0.0	0.5865758754863813	0.3543077439872414	0.23226813149913994	up	82
4	83	GAP43	110.081474	1.5423688	0.0	0.0	0.6326909046692607	0.3263763966458524	0.3063145080234083	up	83
4	84	GBE1	109.58503	2.0312395	0.0	0.0	0.3487962062256809	0.13509203185875157	0.21370417436692934	up	84
4	85	DOK5	108.27417	2.0220623	0.0	0.0	0.30559946498054474	0.10658303273464749	0.19901643224589727	up	85
4	86	DNAJB9	106.932945	1.9814744	0.0	0.0	0.45656006809338523	0.22935287303276605	0.22720719506061918	up	86
4	87	C6orf141	106.419106	2.96742	0.0	0.0	0.12390564202334631	0.019875616502004513	0.1040300255213418	up	87
4	88	RPS5	106.31166	0.6905494	0.0	0.0	0.9367096303501945	0.9271562265525176	0.009553403797676885	up	88
4	89	PCSK1	105.964455	2.9879096	0.0	0.0	0.12828307392996108	0.021671360087401226	0.10661171384255985	up	89
4	90	GADD45A	104.21679	1.5425192	0.0	0.0	0.5439567120622568	0.29184600556931667	0.25211070649294015	up	90
4	91	AEBP1	103.66254	1.8638103	0.0	0.0	0.3418044747081712	0.13534946363148329	0.20645501107668793	up	91
4	92	PFKP	103.377754	1.8962502	0.0	0.0	0.3287329766536965	0.12838624812027716	0.20034672853341934	up	92
4	93	CHI3L2	103.31906	2.690273	0.0	0.0	0.19291099221789884	0.049894672732010384	0.14301631948588844	up	93
4	94	PAM	103.10162	1.789196	0.0	0.0	0.3304049124513619	0.12758255868345625	0.20282235376790564	up	94
4	95	CXCL14	103.06116	1.8960975	0.0	0.0	0.2646522373540856	0.08490853323538368	0.17974370411870194	up	95
4	96	MET	102.78335	2.9786403	0.0	0.0	0.10673030155642023	0.015593458721443125	0.09113684283497711	up	96
4	97	S100A16	102.77297	1.3462641	0.0	0.0	0.5667558365758755	0.2845029212227381	0.28225291535313735	up	97
4	98	BNIP3L	102.67476	1.3005296	0.0	0.0	0.67880593385214	0.4878740216807783	0.19093191217136174	up	98
4	99	CAMK2N1	101.33811	1.3647377	0.0	0.0	0.5532283560311284	0.2849644147665376	0.2682639412645908	up	99
4	100	GRB10	100.78104	2.1845286	0.0	0.0	0.23531736381322957	0.07405244701457629	0.1612649167986533	up	100
5	15176	CST3	-201.0328	-4.1033645	0.0	0.0	0.30550110522584145	0.917578256222324	-0.6120771509964826	down	1
5	15175	MARCKS	-178.1887	-3.7596967	0.0	0.0	0.16749384827125996	0.8091067338524965	-0.6416128855812366	down	2
5	15174	CD63	-170.84583	-2.4670408	0.0	0.0	0.5648329649247196	0.9085387081997252	-0.3437057432750056	down	3
5	15173	RAC1	-160.74327	-2.225385	0.0	0.0	0.48275430621011806	0.8673385249656436	-0.3845842187555255	down	4
5	15172	YWHAE	-157.04933	-2.5550182	0.0	0.0	0.37002127038411814	0.8202107191937701	-0.45018944880965195	down	5
5	15171	DBI	-148.43446	-2.4308865	0.0	0.0	0.5700462943654335	0.8734493815849748	-0.30340308721954123	down	6
5	15170	CKB	-147.86635	-4.947439	0.0	0.0	0.06189264712015682	0.5870209192243091	-0.5251282721041522	down	7
5	15169	PTN	-146.74539	-5.070331	0.0	0.0	0.07290319889894482	0.5871980455031303	-0.5142948466041855	down	8
5	15168	FTH1	-145.71475	-1.4150342	0.0	0.0	0.9708887684030529	0.9926248282180485	-0.0217360598149956	down	9
5	15167	CD9	-143.03046	-3.6267538	0.0	0.0	0.10993869124577721	0.6202443121087189	-0.5103056208629417	down	10
5	15166	QKI	-142.42722	-2.8960636	0.0	0.0	0.2067814989364808	0.6932356084898458	-0.486454109553365	down	11
5	15165	TCF4	-141.87437	-4.0871344	0.0	0.0	0.07949284731200734	0.5805985646663613	-0.5011057173543539	down	12
5	15164	MT3	-139.86722	-4.191548	0.0	0.0	0.12391041414689077	0.6039120476408611	-0.4800016334939704	down	13
5	15163	S100B	-137.54715	-4.2600746	0.0	0.0	0.0872502815197898	0.5667857688196671	-0.4795354872998773	down	14
5	15162	PSAP	-134.57631	-2.2918077	0.0	0.0	0.3968803436626767	0.8188853260039701	-0.4220049823412934	down	15
5	15161	SLC1A3	-134.00244	-3.2799308	0.0	0.0	0.11227426283521709	0.5972423270728355	-0.48496806423761846	down	16
5	15160	GAPDH	-133.94537	-1.4304448	0.0	0.0	0.9099970805355132	0.9732997404183845	-0.06330265988287131	down	17
5	15159	CLU	-133.47276	-3.6383789	0.0	0.0	0.17537640238561955	0.6219880897847	-0.4466116873990804	down	18
5	15158	GPM6B	-131.56683	-4.0044374	0.0	0.0	0.10827042582474872	0.5488929607573675	-0.44062253493261877	down	19
5	15157	TUBB2B	-130.74484	-5.075474	0.0	0.0	0.04199858197439212	0.4941823179111315	-0.4521837359367394	down	20
5	15156	RAB31	-130.68704	-3.2176712	0.0	0.0	0.1033907494682404	0.5716659031913269	-0.46827515372308653	down	21
5	15155	RTN4	-129.73051	-2.078796	0.0	0.0	0.37285732159986656	0.7590471827759964	-0.3861898611761298	down	22
5	15154	APP	-129.26735	-4.0791717	0.0	0.0	0.06752304291612796	0.5159322033898305	-0.4484091604737025	down	23
5	15153	HTRA1	-128.74142	-3.1376288	0.0	0.0	0.11219084956416565	0.5744541151320812	-0.4622632655679156	down	24
5	15152	TUBA1B	-127.83113	-1.9589655	0.0	0.0	0.5650832047378738	0.845487860742098	-0.28040465600422426	down	25
5	15151	PTPRZ1	-127.67816	-4.442573	0.0	0.0	0.07724068899361888	0.5124812948541763	-0.43524060586055735	down	26
5	15150	DPYSL2	-127.37746	-2.8915768	0.0	0.0	0.14101013471243276	0.5948724996182624	-0.45386236490582965	down	27
5	15149	NOVA1	-126.66234	-5.6016593	0.0	0.0	0.020978437669433206	0.4582562223240189	-0.4372777846545857	down	28
5	15148	TUBA1A	-125.65342	-2.6308992	0.0	0.0	0.45422696751053093	0.7525698579935868	-0.29834289048305584	down	29
5	15147	TIMP2	-123.73409	-2.9762256	0.0	0.0	0.1126496225549485	0.5552786684990075	-0.44262904594405905	down	30
5	15146	TCEAL4	-122.583664	-2.8887303	0.0	0.0	0.1226175084455937	0.5568392120934493	-0.4342217036478556	down	31
5	15145	APLP2	-122.15974	-2.3461933	0.0	0.0	0.20840805772198356	0.6447488166132234	-0.4363407588912398	down	32
5	15144	CALM2	-121.80668	-1.3738059	0.0	0.0	0.7275305501105226	0.896262024736601	-0.1687314746260784	down	33
5	15143	HSBP1	-121.629585	-2.2423139	0.0	0.0	0.2414814196938733	0.6629256375019087	-0.4214442178080354	down	34
5	15142	RHOB	-121.44867	-2.5754807	0.0	0.0	0.19084956416565876	0.6220461139105207	-0.4311965497448619	down	35
5	15141	SOX2	-120.62397	-5.308527	0.0	0.0	0.022438169912833133	0.43211482669109785	-0.4096766567782647	down	36
5	15140	GLUL	-119.47945	-2.1606638	0.0	0.0	0.3147182716770238	0.7239028859367842	-0.4091846142597604	down	37
5	15139	GPM6A	-119.081924	-5.2119546	0.0	0.0	0.026275180381198648	0.4281539166284929	-0.40187873624729425	down	38
5	15138	MARCKSL1	-118.05095	-3.3437402	0.0	0.0	0.13759019059932434	0.5219483890670331	-0.3843581984677088	down	39
5	15137	DST	-117.67118	-3.5040512	0.0	0.0	0.0755724235725904	0.4809192243090548	-0.4053468007364644	down	40
5	15136	RTN3	-116.573784	-2.4467168	0.0	0.0	0.17729490761980232	0.5867033134829746	-0.40940840586317223	down	41
5	15135	PON2	-116.14547	-3.8075647	0.0	0.0	0.06214288693331109	0.4579080775690945	-0.3957651906357834	down	42
5	15134	SCRG1	-116.01695	-4.4707723	0.0	0.0	0.045793885807231934	0.43578867002595817	-0.38999478421872624	down	43
5	15133	MAP1B	-115.86193	-4.066986	0.0	0.0	0.04758727113483755	0.44266605588639485	-0.3950787847515573	down	44
5	15132	CCDC88A	-115.59706	-2.7950947	0.0	0.0	0.11773783208908538	0.5251244464803787	-0.4073866143912933	down	45
5	15131	CNN3	-115.409454	-4.8766966	0.0	0.0	0.02498227467990157	0.41341273476866697	-0.3884304600887654	down	46
5	15130	PMP2	-115.26504	-4.989269	0.0	0.0	0.028110272344329983	0.41431974347228584	-0.38620947112795584	down	47
5	15129	UQCRQ	-115.12959	-1.68008	0.0	0.0	0.4881761688284606	0.8012918002748511	-0.31311563144639054	down	48
5	15128	TSPAN3	-114.96955	-2.9897115	0.0	0.0	0.11064770404971432	0.5066544510612307	-0.39600674701151645	down	49
5	15127	LAPTM4A	-114.72906	-2.035342	0.0	0.0	0.27572256746048296	0.6679401435333638	-0.3922175760728809	down	50
5	15126	FABP7	-114.67904	-4.809173	0.0	0.0	0.036576719356049545	0.4193373034051	-0.38276058404905045	down	51
5	15125	BCAN	-114.6047	-5.3141055	0.0	0.0	0.027192726362764316	0.4080164910673385	-0.3808237647045742	down	52
5	15124	CEBPD	-114.30856	-2.2877986	0.0	0.0	0.2514493055845185	0.648786074209803	-0.39733676862528455	down	53
5	15123	GPX4	-113.90776	-1.5191892	0.0	0.0	0.5233765692121617	0.8183142464498396	-0.29493767723767794	down	54
5	15122	ATP6V0B	-113.84773	-1.7386382	0.0	0.0	0.38620344496809444	0.7447030080928386	-0.3584995631247442	down	55
5	15121	CALD1	-113.16265	-4.710594	0.0	0.0	0.025274221128581558	0.4045136662085815	-0.3792394450799999	down	56
5	15120	SPARC	-113.049515	-3.928265	0.0	0.0	0.05763857029653418	0.44050083982287375	-0.38286226952633956	down	57
5	15119	APOE	-112.94317	-2.514218	0.0	0.0	0.5165783876214706	0.7879554130401588	-0.27137702541868824	down	58
5	15118	NFIA	-112.64032	-3.4977407	0.0	0.0	0.06689744338324227	0.45134524354863337	-0.3844478001653911	down	59
5	15117	IGFBP2	-112.073616	-3.6172996	0.0	0.0	0.09980397881302916	0.47137578256222323	-0.3715718037491941	down	60
5	15116	NDUFA4	-111.94	-1.3559047	0.0	0.0	0.723985486090837	0.8768911284165521	-0.15290564232571513	down	61
5	15115	FSCN1	-111.76252	-3.7530801	0.0	0.0	0.05330108020186011	0.43023667735532145	-0.37693559715346137	down	62
5	15114	LRP1	-111.746864	-2.9885473	0.0	0.0	0.08950243983817825	0.4772056802565277	-0.38770324041834947	down	63
5	15113	STMN1	-110.82748	-2.5081377	0.0	0.0	0.1941026817366643	0.5762253779202932	-0.3821226961836288	down	64
5	15112	PTMS	-110.29425	-2.1703627	0.0	0.0	0.23697710305709638	0.6147564513666208	-0.3777793483095244	down	65
5	15111	CRYAB	-110.183495	-4.4906654	0.0	0.0	0.0439587938441006	0.41132997404183846	-0.36737118019773785	down	66
5	15110	GSTP1	-109.77178	-1.607861	0.0	0.0	0.46986695583267296	0.7833470758894487	-0.3134801200567758	down	67
5	15109	GATM	-109.76804	-3.8471572	0.0	0.0	0.05238353422029445	0.41840586349060926	-0.3660223292703148	down	68
5	15108	FEZ1	-109.173355	-4.947761	0.0	0.0	0.0188931058931476	0.3781035272560696	-0.359210421362922	down	69
5	15107	SCD5	-108.96207	-4.7514668	0.0	0.0	0.02552446094173583	0.38388456252863035	-0.3583601015868945	down	70
5	15106	RHOBTB3	-108.802925	-3.8032923	0.0	0.0	0.05413521291237436	0.4155351962131623	-0.36139998330078793	down	71
5	15105	LGALS1	-108.77554	-1.9167657	0.0	0.0	0.4664887183550903	0.7781768208886853	-0.311688102533595	down	72
5	15104	MDK	-108.55993	-4.401512	0.0	0.0	0.034407974308712515	0.3922583600549702	-0.3578503857462577	down	73
5	15103	FXYD6	-108.0409	-5.2237816	0.0	0.0	0.019977478416816116	0.37144296839212093	-0.3514654899753048	down	74
5	15102	RAMP1	-107.905396	-4.271657	0.0	0.0	0.03478333402844393	0.3910306917086578	-0.35624735768021387	down	75
5	15101	SNX3	-107.86696	-1.6362805	0.0	0.0	0.3965049839429453	0.7344724385402351	-0.33796745459728983	down	76
5	15100	SPARCL1	-107.29578	-4.4341865	0.0	0.0	0.04295783459148351	0.39463124141090244	-0.35167340681941894	down	77
5	15099	SOX4	-106.86687	-3.6979632	0.0	0.0	0.06668891020561371	0.4229683921209345	-0.3562794819153208	down	78
5	15098	TUBB	-106.60805	-1.8700414	0.0	0.0	0.371772949076198	0.7041044434264774	-0.33233149435027937	down	79
5	15097	GAP43	-106.57647	-4.595596	0.0	0.0	0.03061267047587271	0.37880592456863643	-0.3481932540927637	down	80
5	15096	RDX	-106.39653	-2.3703752	0.0	0.0	0.16920382032781414	0.5345701633837227	-0.36536634305590854	down	81
5	15095	BAALC	-106.34525	-4.620388	0.0	0.0	0.024565208324644452	0.37143686058940295	-0.3468716522647585	down	82
5	15094	ATOX1	-105.43647	-1.9753942	0.0	0.0	0.2267172707177712	0.6022782104138036	-0.3755609396960324	down	83
5	15093	PEBP1	-105.02064	-1.590979	0.0	0.0	0.4707010885431872	0.7442846236066575	-0.2735835350634703	down	84
5	15092	IFITM3	-104.75431	-2.6175642	0.0	0.0	0.1387579763940443	0.5020919224309055	-0.3633339460368612	down	85
5	15091	PRDX1	-104.567245	-1.5074965	0.0	0.0	0.49443216415731744	0.7655153458543289	-0.27108318169701145	down	86
5	15090	GSN	-104.319664	-2.6106744	0.0	0.0	0.13116736872836468	0.4922858451672011	-0.36111847643883643	down	87
5	15089	GRN	-104.23867	-2.1997473	0.0	0.0	0.1724569378988197	0.5499404489234998	-0.37748351102468014	down	88
5	15088	SCARB2	-104.13374	-2.5424826	0.0	0.0	0.1147349543312341	0.47706825469537334	-0.36233330036413924	down	89
5	15087	PEA15	-104.04039	-2.8164053	0.0	0.0	0.09700963423280644	0.45149183081386474	-0.3544821965810583	down	90
5	15086	ALDOA	-103.89337	-3.2858508	0.0	0.0	0.10213955040246903	0.4425103069170866	-0.34037075651461757	down	91
5	15085	GOLIM4	-103.81096	-2.9529989	0.0	0.0	0.07961796721858448	0.4322675217590472	-0.3526495545404627	down	92
5	15084	CTSB	-103.72923	-1.8909839	0.0	0.0	0.35250448346331903	0.6988578408917392	-0.34635335742842016	down	93
5	15083	ASAH1	-103.4097	-1.9764451	0.0	0.0	0.2333069191308337	0.605487860742098	-0.37218094161126436	down	94
5	15082	OLIG1	-103.14776	-5.1733704	0.0	0.0	0.018851399257621887	0.34823637196518553	-0.3293849727075636	down	95
5	15081	PCSK1N	-103.0483	-4.134077	0.0	0.0	0.043416607582266335	0.37698274545732174	-0.3335661378750554	down	96
5	15080	TSC22D1	-103.0461	-3.3509781	0.0	0.0	0.06981690787004212	0.41190105359596885	-0.3420841457259267	down	97
5	15079	NFIC	-102.6785	-2.3609614	0.0	0.0	0.14159402760979273	0.4964422049167812	-0.3548481773069885	down	98
5	15078	NME1	-102.28821	-2.3060749	0.0	0.0	0.1796721858447679	0.5228706672774469	-0.343198481432679	down	99
5	15077	MAP2	-101.86665	-5.1641273	0.0	0.0	0.01572340159319348	0.33905023667735534	-0.3233268350841619	down	100
5	1	CD2	470.30096	7.8542914	0.0	0.0	0.8206614672394378	0.016985799358680713	0.8036756678807571	up	1
5	2	CD3D	457.4893	7.512867	0.0	0.0	0.8086916628435584	0.0196701786532295	0.7890214841903289	up	2
5	3	CD3E	452.63293	7.827289	0.0	0.0	0.7259874045960713	0.011314704535043518	0.7146727000610278	up	3
5	4	CD3G	434.44547	7.8733506	0.0	0.0	0.6568378028944405	0.008807451519315926	0.6480303513751245	up	4
5	5	TRBC2	410.0021	7.2557693	0.0	0.0	0.6466613838261668	0.014170102305695527	0.6324912815204713	up	5
5	6	TRAC	403.9939	7.006351	0.0	0.0	0.6978354256162156	0.023148572301114674	0.6746868533151009	up	6
5	7	IL32	394.27808	6.8049335	0.0	0.0	0.8567794136047046	0.05889448770804703	0.7978849258966575	up	7
5	8	GZMA	387.79858	7.0779	0.0	0.0	0.6229303082120365	0.017840891739196823	0.6050894164728398	up	8
5	9	LCK	381.14682	7.341298	0.0	0.0	0.5250448346331902	0.008086730798595206	0.516958103834595	up	9
5	10	CD52	370.09973	6.075885	0.0	0.0	0.863369062017767	0.07590166437624064	0.7874673976415263	up	10
5	11	TRBC1	366.09464	7.086947	0.0	0.0	0.5311340034199441	0.012429378531073447	0.5187046248888707	up	11
5	12	CD247	340.57632	6.9364886	0.0	0.0	0.4403803645159945	0.008242479767903496	0.432137884748091	up	12
5	13	CST7	339.608	6.2024403	0.0	0.0	0.5497351628644117	0.022849289967934037	0.5268858728964777	up	13
5	14	CD96	335.26074	7.117225	0.0	0.0	0.413062518246653	0.0065231333027943195	0.4065393849438587	up	14
5	15	IKZF3	328.51956	6.7618346	0.0	0.0	0.4166075822663386	0.00825469537333944	0.40835288689299915	up	15
5	16	SKAP1	321.953	7.2258115	0.0	0.0	0.37227342870250657	0.005075584058634906	0.3671978446438717	up	16
5	17	CD27	316.02817	6.584263	0.0	0.0	0.39921591525211664	0.009030386318521912	0.3901855289335947	up	17
5	18	IL7R	307.24423	6.119604	0.0	0.0	0.5713392000667307	0.04084593067643915	0.5304932693902915	up	18
5	19	PYHIN1	302.18567	7.337145	0.0	0.0	0.32852316803603454	0.004425103069170866	0.32409806496686366	up	19
5	20	BCL11B	300.37054	5.6225324	0.0	0.0	0.4654460524669475	0.02242174377767598	0.4430243086892715	up	20
5	21	SH2D1A	297.86954	7.323734	0.0	0.0	0.31993160111773783	0.004351809436555199	0.3155797916811826	up	21
5	22	NKG7	295.0272	6.0440145	0.0	0.0	0.5226258497726989	0.036005497022446174	0.4866203527502527	up	22
5	23	ITK	294.257	6.85096	0.0	0.0	0.3264378362597489	0.005591693388303558	0.32084614287144536	up	23
5	24	CCL5	293.48468	5.858882	0.0	0.0	0.7008800100095925	0.08756756756756756	0.613312442442025	up	24
5	25	LTB	293.30695	5.6409435	0.0	0.0	0.5200817450056304	0.03555351962131623	0.48452822538431417	up	25
5	26	CD8A	291.81604	7.0081697	0.0	0.0	0.32664636943737746	0.006083371507100321	0.32056299793027715	up	26
5	27	ACAP1	290.3705	5.018164	0.0	0.0	0.5713392000667307	0.048862421743777674	0.522476778322953	up	27
5	28	IL2RG	288.67838	5.018635	0.0	0.0	0.5545731325853943	0.0456252863032524	0.508947846282142	up	28
5	29	TUBA4A	287.4136	5.0531664	0.0	0.0	0.5293406180923385	0.03996946098641014	0.4893711571059283	up	29
5	30	KLRB1	281.0003	6.5275636	0.0	0.0	0.33715644158985697	0.009406016185677202	0.32775042540417976	up	30
5	31	TBC1D10C	274.44025	5.1853824	0.0	0.0	0.45572840638945655	0.03045045045045045	0.4252779559390061	up	31
5	32	RUNX3	269.388	4.9298024	0.0	0.0	0.5250865412687159	0.049060925332111774	0.47602561593660414	up	32
5	33	ETS1	265.75507	4.4973464	0.0	0.0	0.7139758935646662	0.12005802412582074	0.5939178694388454	up	33
5	34	IL2RB	264.68127	7.081153	0.0	0.0	0.25691287483838676	0.0036982745457321727	0.2532146002926546	up	34
5	35	CD48	259.16904	4.3348393	0.0	0.0	0.6196354840055053	0.0854084593067644	0.5342270246987408	up	35
5	36	CD7	258.71085	4.9917407	0.0	0.0	0.4775826834049297	0.04271186440677966	0.43487081899815005	up	36
5	37	STAT4	257.6486	6.106382	0.0	0.0	0.28631605288401385	0.008056191785005344	0.2782598610990085	up	37
5	38	CD69	254.1748	4.3986316	0.0	0.0	0.7511365058180757	0.14915865017559932	0.6019778556424764	up	38
5	39	CTSW	251.9834	5.6665187	0.0	0.0	0.32389373149268047	0.014454115132081233	0.30943961636059925	up	39
5	40	ZAP70	251.61008	6.398239	0.0	0.0	0.24919714726613004	0.004950374102916476	0.24424677316321355	up	40
5	41	CYTIP	249.19328	4.1897807	0.0	0.0	0.623430787838345	0.0961520842876775	0.5272787035506675	up	41
5	42	IFITM1	246.7617	4.4136972	0.0	0.0	0.4510572632105768	0.040500839822873724	0.4105564233877031	up	42
5	43	ISG20	243.42023	4.0432324	0.0	0.0	0.6704341660758226	0.12161856772026264	0.54881559835556	up	43
5	44	CD6	241.0816	6.0831003	0.0	0.0	0.25036493306085	0.006907924874026569	0.24345700818682342	up	44
5	45	PTPRC	239.71024	3.6550064	0.0	0.0	0.911915585769696	0.30895709268590626	0.6029584930837897	up	45
5	46	TC2N	239.4816	5.7262454	0.0	0.0	0.29319764774575635	0.0130768056191785	0.28012084212657784	up	46
5	47	LAT	237.99034	4.9463916	0.0	0.0	0.35938607832506153	0.025035883340968085	0.33435019498409346	up	47
5	48	TIGIT	237.21088	6.7796354	0.0	0.0	0.21829253034157733	0.004046419300656589	0.21424611104092076	up	48
5	49	RAC2	236.55956	3.966306	0.0	0.0	0.650248154481378	0.12332875248129485	0.5269194020000831	up	49
5	50	CXCR4	234.8804	3.9929674	0.0	0.0	0.9035325520290278	0.3087769125057261	0.5947556395233018	up	50
5	51	ITM2A	228.59279	3.7096217	0.0	0.0	0.4393794052633774	0.045176362803481446	0.3942030424598959	up	51
5	52	CTLA4	224.5131	6.5060534	0.0	0.0	0.20815781790882928	0.004913727286608643	0.20324409062222065	up	52
5	53	GATA3	223.9661	5.85906	0.0	0.0	0.22417316595070275	0.0068315773400519164	0.21734158861065084	up	53
5	54	RGL4	218.8095	6.652102	0.0	0.0	0.17996413229344788	0.0028156970529851885	0.1771484352404627	up	54
5	55	RHOH	216.08017	4.120415	0.0	0.0	0.44500980105934856	0.05833256985799359	0.386677231201355	up	55
5	56	BTG1	214.27773	2.9299507	0.0	0.0	0.9759769779371898	0.7124141090242785	0.26356286891291136	up	56
5	57	GIMAP7	211.94934	3.8946047	0.0	0.0	0.5093631396755224	0.08448007329363262	0.4248830663818898	up	57
5	58	RPS27	211.59207	1.8446308	0.0	0.0	0.9978729615881887	0.9629592304168575	0.03491373117133123	up	58
5	59	RPL28	209.69283	1.6578362	0.0	0.0	0.9975810151395087	0.9436707894335012	0.05391022570600745	up	59
5	60	SH2D2A	208.58345	5.4164047	0.0	0.0	0.22367268632439422	0.009775538250114521	0.2138971480742797	up	60
5	61	RPS15A	208.52779	1.6893798	0.0	0.0	0.9962046961671602	0.9464498396701787	0.049754856496981525	up	61
5	62	ICAM3	208.20395	4.010882	0.0	0.0	0.4671977311590274	0.07289662543899832	0.3943011057200291	up	62
5	63	HCST	205.62479	3.1322784	0.0	0.0	0.8463944613588021	0.30991907161398685	0.5364753897448153	up	63
5	64	LCP1	199.71643	3.1594484	0.0	0.0	0.7187721566501231	0.214283096655978	0.5044890599941451	up	64
5	65	PTPN22	199.60432	4.2244163	0.0	0.0	0.3617633565500271	0.04310581768208887	0.31865753886793824	up	65
5	66	IKZF1	199.54068	3.3256514	0.0	0.0	0.6183425783042082	0.15212704229653382	0.4662155360076744	up	66
5	67	GZMB	198.47238	5.4171505	0.0	0.0	0.20390374108520665	0.008944877080470301	0.19495886400473633	up	67
5	68	TRAF3IP3	198.2577	3.9070504	0.0	0.0	0.4074321224506819	0.05784394564055581	0.3495881768101261	up	68
5	69	RPS3	198.16103	1.6902276	0.0	0.0	0.9924510989698461	0.9273110398534128	0.06514005911643328	up	69
5	70	RPS29	197.85727	1.7362475	0.0	0.0	0.9975810151395087	0.947695831424645	0.04988518371486372	up	70
5	71	SPOCK2	197.762	3.7122848	0.0	0.0	0.45226675564082247	0.07368147808825774	0.3785852775525647	up	71
5	72	KLRD1	196.2726	5.6216884	0.0	0.0	0.19702214622346415	0.008437929454878607	0.18858421676858553	up	72
5	73	DUSP2	195.07936	3.5108066	0.0	0.0	0.5946532093256037	0.14126736906397924	0.4533858402616245	up	73
5	74	RPS12	195.07428	1.7000195	0.0	0.0	0.9962046961671602	0.9502641624675523	0.04594053369960793	up	74
5	75	GBP5	193.51738	4.8029013	0.0	0.0	0.24886349418192436	0.01794472438540235	0.230918769796522	up	75
5	76	B2M	191.94878	1.7980455	0.0	0.0	0.99970805355132	0.9707283554741182	0.0289796980772018	up	76
5	77	SLFN5	190.87448	3.824431	0.0	0.0	0.42878591983984654	0.07179111314704535	0.3569948066928012	up	77
5	78	OXNAD1	190.53786	4.0703254	0.0	0.0	0.39700546356925387	0.06077569094518247	0.3362297726240714	up	78
5	79	SCML4	190.49579	5.983838	0.0	0.0	0.15890228135296325	0.004449534280042754	0.1544527470729205	up	79
5	80	FCMR	190.2346	4.957201	0.0	0.0	0.20665637902990366	0.011134524354863338	0.19552185467504032	up	80
5	81	CORO1A	189.64796	2.9293604	0.0	0.0	0.7932602076990449	0.319996946098641	0.47326326160040394	up	81
5	82	CD28	189.23225	5.094433	0.0	0.0	0.19739750594319555	0.009906856008550924	0.18749064993464462	up	82
5	83	STK17B	189.18466	3.215002	0.0	0.0	0.6295199566250991	0.17850969613681478	0.4510102604882843	up	83
5	84	SOCS1	189.11586	3.7876322	0.0	0.0	0.40492972431913915	0.06339899221255153	0.34153073210658763	up	84
5	85	SLFN12L	188.21251	6.443736	0.0	0.0	0.14230304041372982	0.0029378531073446326	0.1393651873063852	up	85
5	86	EMB	187.21655	3.2763932	0.0	0.0	0.5555740918380114	0.13453657046877385	0.42103752136923756	up	86
5	87	RPL30	185.375	1.5306883	0.0	0.0	0.9928681653251032	0.9397434722858452	0.05312469303925804	up	87
5	88	RPL13	183.86296	1.255858	0.0	0.0	0.9982483213079201	0.9760818445564208	0.022166476751499298	up	88
5	89	SYTL1	182.3078	4.9612174	0.0	0.0	0.18767985986570462	0.009827454573217285	0.17785240529248733	up	89
5	90	SLA2	182.24596	6.014416	0.0	0.0	0.13784043041247862	0.0031943808214994654	0.13464604959097914	up	90
5	91	TSC22D3	180.3202	2.8230615	0.0	0.0	0.854527255286316	0.47475950526797983	0.3797677500183362	up	91
5	92	BIRC3	180.01141	3.5702963	0.0	0.0	0.3894148559035743	0.06326156665139716	0.3261532892521771	up	92
5	93	TXNIP	179.98216	2.840153	0.0	0.0	0.8770071318346749	0.503496717056039	0.3735104147786359	up	93
5	94	CCDC88C	179.77554	4.300639	0.0	0.0	0.25165783876214703	0.023023362345396245	0.22863447641675078	up	94
5	95	SYTL3	179.6501	3.6595914	0.0	0.0	0.39729741001793384	0.06803176057413346	0.3292656494438004	up	95
5	96	LAX1	177.90369	5.8650994	0.0	0.0	0.13696459106643866	0.0036555199267063673	0.13330907113973228	up	96
5	97	RASGRP1	177.24272	3.9181666	0.0	0.0	0.3431621971055595	0.050746678882272106	0.2924155182232874	up	97
5	98	MYL12A	176.96611	2.3677864	0.0	0.0	0.879467823330692	0.5495526034509085	0.32991521987978345	up	98
5	99	RPLP1	175.2292	1.17328	0.0	0.0	0.9982066146723944	0.9816888074515193	0.016517807220875036	up	99
5	100	RPS27A	174.75906	1.2121542	0.0	0.0	0.9952871501855945	0.9611391052069018	0.034148044978692726	up	100
6	15176	PTN	-128.5083	-4.202786	0.0	0.0	0.1782678812709759	0.5782199437415521	-0.39995206247057613	down	1
6	15175	TUBA1A	-123.28159	-2.7046175	0.0	0.0	0.5423004838076974	0.7454792318651745	-0.20317874805747715	down	2
6	15174	GPM6B	-123.05996	-3.8733158	0.0	0.0	0.15529791221723402	0.5442213319370197	-0.3889234197197857	down	3
6	15173	NOVA1	-120.636314	-5.245166	0.0	0.0	0.04057882578564268	0.4555107706920276	-0.4149319449063849	down	4
6	15172	CKB	-119.146286	-3.2975569	0.0	0.0	0.20925772566795972	0.5750751939211651	-0.3658174682532054	down	5
6	15171	TUBB2B	-119.014206	-4.3911796	0.0	0.0	0.09532319225907684	0.48903447352078033	-0.3937112812617035	down	6
6	15170	GAPDH	-118.58828	-1.0718845	0.0	0.0	0.9701433988580395	0.968899550663046	0.0012438481949934577	down	7
6	15169	PTPRZ1	-116.59078	-4.177823	0.0	0.0	0.13428932572026325	0.507126678925001	-0.3728373532047377	down	8
6	15168	MT3	-114.9636	-3.29572	0.0	0.0	0.2634354705138822	0.5926559588899307	-0.3292204883760485	down	9
6	15167	SOX2	-113.46012	-4.75611	0.0	0.0	0.047073181362507086	0.42910461392335697	-0.38203143256084987	down	10
6	15166	MARCKSL1	-113.251274	-3.3752656	0.0	0.0	0.16078978337619318	0.5191181305634369	-0.3583283471872437	down	11
6	15165	GPM6A	-111.59007	-4.559779	0.0	0.0	0.04942684043063244	0.42527185494575076	-0.3758450145151183	down	12
6	15164	PRDX2	-109.94131	-2.3176167	0.0	0.0	0.3255895044240073	0.6155368297999294	-0.2899473253759221	down	13
6	15163	DBI	-109.60541	-1.6024078	0.0	0.0	0.782330122477444	0.8576673445281962	-0.0753372220507521	down	14
6	15162	MAP1B	-107.8259	-3.8451483	0.0	0.0	0.08364206947652879	0.4389041779812715	-0.3552621085047427	down	15
6	15161	MT2A	-106.78313	-2.028665	0.0	0.0	0.6765898095279606	0.8290723444673105	-0.15248253493934993	down	16
6	15160	IGFBP2	-106.67906	-3.803621	0.0	0.0	0.13311249618620058	0.46787971408044227	-0.3347672178942417	down	17
6	15159	CALD1	-106.0166	-4.2309437	0.0	0.0	0.048947391361199494	0.40166644341885754	-0.3527190520576581	down	18
6	15158	CNN3	-105.93632	-4.0793943	0.0	0.0	0.05757747461099246	0.4099134204405694	-0.35233594582957695	down	19
6	15157	CLU	-104.342476	-2.8314114	0.0	0.0	0.3518284444057011	0.6082579364596145	-0.25642949205391335	down	20
6	15156	CHCHD2	-103.980515	-1.1759548	0.0	0.0	0.8116201019918929	0.8632657907234447	-0.05164568873155173	down	21
6	15155	PMP2	-103.95028	-4.205137	0.0	0.0	0.07174301529878395	0.41005650199096455	-0.3383134866921806	down	22
6	15154	BCAN	-102.93577	-4.336407	0.0	0.0	0.0696944601839341	0.40384919813446013	-0.334154737950526	down	23
6	15153	FABP7	-102.39977	-4.075178	0.0	0.0	0.08608290110273285	0.41467468735159096	-0.3285917862488581	down	24
6	15152	PCSK1N	-101.995476	-4.5461307	0.0	0.0	0.04249662206337445	0.37599700442030665	-0.3335003823569322	down	25
6	15151	SCD5	-100.883995	-4.121031	0.0	0.0	0.05130105042932485	0.38095615007123634	-0.3296550996419115	down	26
6	15150	FEZ1	-99.25078	-3.9048955	0.0	0.0	0.04968835810486859	0.37482190913408264	-0.32513355102921404	down	27
6	15149	BAALC	-99.17301	-4.164101	0.0	0.0	0.04772697554809746	0.3687272439449106	-0.3210002683968131	down	28
6	15148	GAP43	-97.16523	-4.0983844	0.0	0.0	0.06472562437344724	0.37532726099292507	-0.3106016366194778	down	29
6	15147	YWHAE	-96.22392	-1.1126688	0.0	0.0	0.7369132197184326	0.793168008183047	-0.0562547884646144	down	30
6	15146	MAP2	-96.15388	-4.699509	0.0	0.0	0.030684740443708322	0.3369874940636378	-0.3063027536199295	down	31
6	15145	NCAM1	-96.017685	-4.4610777	0.0	0.0	0.031164189513141264	0.33832089234178836	-0.3071567028286471	down	32
6	15144	BEX1	-95.64254	-4.647507	0.0	0.0	0.03051039532755089	0.33481387221295406	-0.30430347688540316	down	33
6	15143	RAMP1	-95.6403	-3.3657405	0.0	0.0	0.07557860785424748	0.38705994812532724	-0.31148134027107977	down	34
6	15142	SRI	-95.36535	-1.785621	0.0	0.0	0.4441441834110622	0.6415746276835401	-0.1974304442724779	down	35
6	15141	S100B	-94.260826	-2.3776717	0.0	0.0	0.28361591770910516	0.5515611110434603	-0.2679451933343551	down	36
6	15140	NFIB	-94.1325	-4.68545	0.0	0.0	0.0241032123087652	0.32162905955845644	-0.2975258472496912	down	37
6	15139	SPARC	-93.88613	-2.9696953	0.0	0.0	0.1338534629298697	0.43397243092509835	-0.30011896799522864	down	38
6	15138	ETV1	-93.78735	-4.502658	0.0	0.0	0.031164189513141264	0.32792769206414923	-0.296763502551008	down	39
6	15137	ITM2C	-93.72931	-2.9812996	0.0	0.0	0.09985616527917011	0.40746581264232046	-0.30760964736315033	down	40
6	15136	METRN	-93.08688	-3.1264863	0.0	0.0	0.164538203373578	0.4427369369588778	-0.2781987335852998	down	41
6	15135	NES	-92.615776	-4.019892	0.0	0.0	0.04515538508477531	0.33855834682967817	-0.2934029617449029	down	42
6	15134	SCRG1	-92.41162	-3.0093033	0.0	0.0	0.14182975199407227	0.427853411429476	-0.28602365943540375	down	43
6	15133	TTYH1	-92.09922	-4.1563687	0.0	0.0	0.040273721832367174	0.3300069409773383	-0.28973321914497113	down	44
6	15132	OLIG1	-92.048615	-3.938139	0.0	0.0	0.05269581135858432	0.34483566931722703	-0.2921398579586427	down	45
6	15131	TSC22D4	-91.649284	-2.3693233	0.0	0.0	0.26705313167414896	0.5181378697288148	-0.25108473805466586	down	46
6	15130	NDUFA4	-91.52202	-0.94802976	0.0	0.0	0.8541603103343067	0.867317738459103	-0.013157428124796255	down	47
6	15129	SPARCL1	-91.101456	-3.4761121	0.0	0.0	0.1044763108573421	0.38922748139939845	-0.28475117054205634	down	48
6	15128	PCDH9	-90.96358	-4.251295	0.0	0.0	0.03221026021008586	0.31788458494173233	-0.28567432473164645	down	49
6	15127	S100A16	-90.80342	-3.921668	0.0	0.0	0.044022141829752	0.32956551917292776	-0.28554337734317575	down	50
6	15126	CDH2	-90.55241	-5.0011373	0.0	0.0	0.01778320184805823	0.2970038114489595	-0.2792206096009013	down	51
6	15125	CAMK2N1	-90.32759	-3.9240775	0.0	0.0	0.04384779671359456	0.32867049841088153	-0.28482270169728696	down	52
6	15124	PPDPF	-89.84942	-1.3800627	0.0	0.0	0.5705008063461622	0.7110057110848625	-0.14050490473870036	down	53
6	15123	NRCAM	-89.66469	-4.700358	0.0	0.0	0.022577692542387656	0.29933878057987606	-0.2767610880374884	down	54
6	15122	DSEL	-88.9399	-4.5676675	0.0	0.0	0.022359761147190866	0.2964101752292349	-0.27405041408204406	down	55
6	15121	NFIX	-88.92439	-3.9777508	0.0	0.0	0.03778930392712374	0.31493162528464097	-0.2771423213575172	down	56
6	15120	UCHL1	-88.778015	-3.86093	0.0	0.0	0.041668482761626637	0.3199820995847591	-0.27831361682313244	down	57
6	15119	FHL1	-88.46862	-4.326495	0.0	0.0	0.024016039750686485	0.29734477173926277	-0.27332873198857627	down	58
6	15118	DSTN	-88.31825	-1.5924193	0.0	0.0	0.42692760319051565	0.616142643172879	-0.1892150399823634	down	59
6	15117	SERPINE2	-88.24064	-4.8190203	0.0	0.0	0.019395894172514493	0.2893139391872968	-0.26991804501478234	down	60
6	15116	FYN	-88.09079	-3.4871533	0.0	0.0	0.051388222987403566	0.3286126569330622	-0.2772244339456586	down	61
6	15115	TSPAN7	-88.03259	-4.7189927	0.0	0.0	0.0186549274288454	0.2880657809817221	-0.2694108535528767	down	62
6	15114	FXYD6	-87.81675	-3.298802	0.0	0.0	0.09375408621365994	0.3651836923564009	-0.271429606142741	down	63
6	15113	IGFBP5	-87.36708	-4.2043247	0.0	0.0	0.04772697554809746	0.31763495330061736	-0.2699079777525199	down	64
6	15112	PFN2	-86.89741	-4.0835533	0.0	0.0	0.030074532537157302	0.29825196965453415	-0.26817743711737685	down	65
6	15111	TMA7	-86.81983	-0.7687613	0.0	0.0	0.8471865056880095	0.8786577123999951	-0.031471206711985666	down	66
6	15110	TSC22D1	-86.703125	-2.670933	0.0	0.0	0.13293815107004314	0.40641553317665396	-0.2734773821066108	down	67
6	15109	C12orf57	-86.053116	-1.7790488	0.0	0.0	0.2934228304929608	0.5485837970799187	-0.25516096658695786	down	68
6	15108	SPTBN1	-85.96682	-3.4003947	0.0	0.0	0.055703264612300046	0.32393054151800393	-0.2682272769057039	down	69
6	15107	CALM1	-85.51904	-0.9950571	0.0	0.0	0.7631085734210871	0.8208497217520488	-0.05774114833096178	down	70
6	15106	MAGED1	-85.46161	-3.1169565	0.0	0.0	0.07937061413067166	0.3464521864078616	-0.2670815722771899	down	71
6	15105	ATP6V0E2	-84.92251	-2.6869957	0.0	0.0	0.11393453340888289	0.3793426772689081	-0.2654081438600252	down	72
6	15104	STMN1	-84.8538	-1.9939263	0.0	0.0	0.35409493091574773	0.5638478586476053	-0.2097529277318576	down	73
6	15103	CPE	-84.838844	-3.954063	0.0	0.0	0.03757137253192695	0.29739652464046956	-0.2598251521085426	down	74
6	15102	LAPTM4B	-84.4467	-3.7928824	0.0	0.0	0.033517848581266614	0.29192289426577855	-0.25840504568451195	down	75
6	15101	RBP1	-84.2506	-3.5528316	0.0	0.0	0.06594604018654927	0.32449373485466565	-0.2585476946681164	down	76
6	15100	ATP1B2	-84.24402	-4.5118437	0.0	0.0	0.024016039750686485	0.27677451565373046	-0.25275847590304396	down	77
6	15099	TUBB2A	-83.74408	-2.8938425	0.0	0.0	0.10329948132327943	0.36227639702390374	-0.2589769157006243	down	78
6	15098	DDR1	-83.68882	-3.3100414	0.0	0.0	0.05348036438129277	0.31322986812143055	-0.2597495037401378	down	79
6	15097	TRIM9	-83.436615	-4.3451257	0.0	0.0	0.021270104171206904	0.27078031197866564	-0.24951020780745875	down	80
6	15096	ITGB8	-83.4066	-3.8743334	0.0	0.0	0.03931482369350128	0.29181634417505875	-0.2525015204815575	down	81
6	15095	SCG3	-83.32141	-5.239584	0.0	0.0	0.01342457394412239	0.2586488230781408	-0.2452242491340184	down	82
6	15094	HINT1	-83.26074	-0.8922748	0.0	0.0	0.7517325545918145	0.8029706165292678	-0.05123806193745328	down	83
6	15093	KHDRBS3	-83.145355	-3.8168178	0.0	0.0	0.03391012509262084	0.2857947419052374	-0.25188461681261654	down	84
6	15092	SEC61G	-83.0099	-1.7438269	0.0	0.0	0.6905374188205553	0.7752127957526089	-0.08467537693205363	down	85
6	15091	NPDC1	-82.986595	-3.4375935	0.0	0.0	0.04624504206075927	0.30081221612011544	-0.25456717405935614	down	86
6	15090	SOX9	-82.86719	-4.252728	0.0	0.0	0.026544043934969272	0.2743634393151569	-0.2478193953801876	down	87
6	15089	PEBP1	-82.19752	-1.111119	0.0	0.0	0.6428540295514972	0.7313993984486307	-0.08854536889713349	down	88
6	15088	SGCB	-82.15579	-4.2493467	0.0	0.0	0.019570239288671926	0.26366581020688984	-0.2440955709182179	down	89
6	15087	LSAMP	-82.074066	-5.159357	0.0	0.0	0.010765810922721527	0.2500882843608821	-0.23932247343816057	down	90
6	15086	SYT11	-81.17001	-2.4873195	0.0	0.0	0.13420215316218453	0.3851907551052715	-0.250988601943087	down	91
6	15085	ENAH	-81.13512	-4.421124	0.0	0.0	0.018611341149806043	0.2569014015903362	-0.23829006044053017	down	92
6	15084	NME1	-81.110916	-1.7984892	0.0	0.0	0.2916793793313865	0.5139671947492115	-0.222287815417825	down	93
6	15083	KRT10	-81.06991	-1.3760302	0.0	0.0	0.4301094015603888	0.6153359067717149	-0.1852265052113261	down	94
6	15082	LIMA1	-80.9935	-2.7186532	0.0	0.0	0.11184239201499369	0.3595182718184143	-0.2476758798034206	down	95
6	15081	PHPT1	-80.984764	-1.3464817	0.0	0.0	0.4845922503595868	0.6385242508006478	-0.15393200044106098	down	96
6	15080	TJP1	-80.60103	-4.6026683	0.0	0.0	0.014906507431460577	0.24973819120565993	-0.23483168377419936	down	97
6	15079	MIF	-80.54644	-1.1344858	0.0	0.0	0.7316828662337096	0.7913657895057293	-0.05968292327201974	down	98
6	15078	ZNF428	-80.50688	-1.78884	0.0	0.0	0.3103778930392712	0.5193829836460833	-0.20900509060681205	down	99
6	15077	CD320	-80.40691	-3.4267912	0.0	0.0	0.04062241206468204	0.28365460722592273	-0.2430321951612407	down	100
6	1	MS4A6A	229.21259	3.4886243	0.0	0.0	0.9283005709802554	0.2889942889151374	0.6393062820651181	up	1
6	2	HLA-DPB1	227.36375	4.0267367	0.0	0.0	0.9828705923375322	0.43592686401772995	0.5469437283198022	up	2
6	3	HLA-DRA	224.05397	4.374754	0.0	0.0	0.9972104781414811	0.531426188185726	0.46578428995575516	up	3
6	4	HLA-DRB1	222.35039	4.0557437	0.0	0.0	0.9903674323323018	0.45502368456302283	0.5353437477692791	up	4
6	5	HLA-DQB1	222.06935	3.5079253	0.0	0.0	0.9153990323846053	0.30658723103712815	0.6088118013474771	up	5
6	6	HLA-DPA1	220.86966	3.9561849	0.0	0.0	0.9842217669877522	0.4399605460235506	0.5442612209642016	up	6
6	7	HLA-DQA1	220.45132	3.6039276	0.0	0.0	0.8163274201281436	0.22647982854568258	0.589847591582461	up	7
6	8	CD74	214.39322	4.3660817	0.0	0.0	0.9988667567449767	0.5832217094287697	0.415645047316207	up	8
6	9	HLA-DMA	213.41241	3.1253784	0.0	0.0	0.9309593340016563	0.3242897675381449	0.6066695664635113	up	9
6	10	CD163	210.7206	3.30027	0.0	0.0	0.8398204245303579	0.24064185774649602	0.5991785667838618	up	10
6	11	LYZ	209.69902	3.308412	0.0	0.0	0.7828531578259164	0.20584868669402467	0.5770044711318917	up	11
6	12	CTSS	208.30841	3.0449054	0.0	0.0	0.9064202589024974	0.32850915113064866	0.5779111077718488	up	12
6	13	MS4A7	207.06094	3.1448245	0.0	0.0	0.9012334916968139	0.30524774418236506	0.5959857475144488	up	13
6	14	HLA-DMB	205.56993	2.910096	0.0	0.0	0.8531142396373621	0.2545907867658699	0.5985234528714922	up	14
6	15	C1QA	192.75177	3.554553	0.0	0.0	0.9406790742274332	0.44424081538217997	0.4964382588452533	up	15
6	16	ADAMDEC1	191.52884	4.3857665	0.0	0.0	0.25441311075273504	0.018667575894107474	0.23574553485862756	up	16
6	17	TYROBP	191.33539	3.3746896	0.0	0.0	0.9835243865231226	0.44878289353514933	0.5347414929879732	up	17
6	18	ALDH1A1	190.13113	4.0834017	0.0	0.0	0.27223989887983263	0.022667770728559078	0.24957212815127355	up	18
6	19	RNASE6	187.74129	2.6974478	0.0	0.0	0.7610600183062372	0.22403830932404623	0.5370217089821909	up	19
6	20	MS4A4A	187.37418	2.7741504	0.0	0.0	0.7449330950616746	0.21969106562267873	0.5252420294389959	up	20
6	21	FCGR2A	186.13322	2.6639516	0.0	0.0	0.8316262040709584	0.2919594257254539	0.5396667783455045	up	21
6	22	GRN	184.34517	2.6309605	0.0	0.0	0.9136119949439916	0.496986154576783	0.41662584036720857	up	22
6	23	NPC2	181.75513	2.8409157	0.0	0.0	0.9782068604803208	0.5689196429658674	0.4092872175144534	up	23
6	24	C1QB	181.74536	3.5908177	0.0	0.0	0.9434250098069128	0.4725100765942938	0.470914933212619	up	24
6	25	C1QC	181.48026	3.2775612	0.0	0.0	0.9181013816850455	0.3967894935521974	0.5213118881328481	up	25
6	26	FCGR3A	181.18092	2.7574468	0.0	0.0	0.8363335222072091	0.29473277237247475	0.5416007498347344	up	26
6	27	FGL2	179.50162	2.7710223	0.0	0.0	0.627511659329643	0.1649060532628682	0.4626056060667748	up	27
6	28	AIF1	177.42082	2.8738854	0.0	0.0	0.957677723052783	0.39681689214695387	0.5608608309058292	up	28
6	29	CD68	176.46063	2.6043928	0.0	0.0	0.8674105391622717	0.3476242374057793	0.5197863017564924	up	29
6	30	FCER1G	175.94978	2.8623197	0.0	0.0	0.9552804777056183	0.40754191984997745	0.5477385578556409	up	30
6	31	MSR1	175.16762	2.572498	0.0	0.0	0.7482892385477052	0.23806334555107708	0.5102258929966281	up	31
6	32	LAPTM5	174.43436	2.6741834	0.0	0.0	0.9684435339755045	0.43803351152567555	0.5304100224498289	up	32
6	33	FCGR2B	174.2298	2.903477	0.0	0.0	0.4651091836289936	0.09081720875293774	0.37429197487605587	up	33
6	34	SAT1	174.08913	2.6766531	0.0	0.0	0.9939850934925686	0.760773736315924	0.23321135717664454	up	34
6	35	C1orf162	173.99657	2.4707818	0.0	0.0	0.7698644466721876	0.25307168690103626	0.5167927597711512	up	35
6	36	CD14	173.67805	2.7390718	0.0	0.0	0.8777404872945996	0.3391824259324655	0.5385580613621341	up	36
6	37	CYBA	171.49333	2.6973171	0.0	0.0	0.969838294904764	0.4985082987299229	0.4713299961748411	up	37
6	38	TGFBI	171.28435	2.366338	0.0	0.0	0.6924116288192477	0.19180538473715614	0.5006062440820915	up	38
6	39	PLXDC2	170.6183	2.5496511	0.0	0.0	0.7874733034040884	0.2866349654777706	0.5008383379263177	up	39
6	40	CSF1R	166.39177	2.3580499	0.0	0.0	0.7998518066512662	0.281045652147441	0.5188061545038252	up	40
6	41	CTSH	166.13228	2.3721263	0.0	0.0	0.7277601011201674	0.25213100181439585	0.4756290993057716	up	41
6	42	VSIG4	165.58495	2.4631033	0.0	0.0	0.7844658501503726	0.27868632871007415	0.5057795214402985	up	42
6	43	IL18	165.37012	2.362631	0.0	0.0	0.709105173691322	0.22642807564447584	0.4826770980468461	up	43
6	44	HLA-DQA2	164.86511	3.4475524	0.0	0.0	0.36812971276642115	0.0647733222927144	0.30335639047370677	up	44
6	45	ITGB2	164.78802	2.347097	0.0	0.0	0.8572113498670618	0.3399678523154857	0.5172434975515761	up	45
6	46	FCGRT	164.5051	2.3176963	0.0	0.0	0.8950442400732249	0.4665341386490666	0.4285101014241583	up	46
6	47	VAMP8	164.39278	2.303061	0.0	0.0	0.8710282003225385	0.34553889991597764	0.5254893004065608	up	47
6	48	GPR34	163.61261	2.3917828	0.0	0.0	0.79143965479667	0.27415947199863616	0.5172801827980338	up	48
6	49	APOE	163.33592	3.2507758	0.0	0.0	0.9672231181624025	0.7556258447900049	0.21159727337239753	up	49
6	50	HCLS1	162.29327	2.2622688	0.0	0.0	0.7781894259687051	0.28476577245771484	0.49342365351099027	up	50
6	51	DAB2	161.72069	2.4773467	0.0	0.0	0.6760231879004489	0.22880262052337405	0.44722056737707483	up	51
6	52	CFD	160.33351	2.6508915	0.0	0.0	0.5955629167937934	0.1792385626088333	0.41632435418496005	up	52
6	53	CYBB	159.18115	2.3670874	0.0	0.0	0.705095236019701	0.236930870301141	0.46816436571856	up	53
6	54	TBXAS1	158.1454	2.2719853	0.0	0.0	0.644771825829229	0.20197026339182425	0.44280156243740476	up	54
6	55	PSAP	157.30962	2.0177665	0.0	0.0	0.9713638146711415	0.7774320819278869	0.1939317327432546	up	55
6	56	SPI1	157.26604	2.1673	0.0	0.0	0.7478097894782723	0.25949513522728657	0.4883146542509857	up	56
6	57	CLEC7A	156.59274	2.2072785	0.0	0.0	0.6796408490607156	0.22050389060045542	0.45913695846026026	up	57
6	58	SLCO2B1	156.45174	2.2933085	0.0	0.0	0.7116331778756048	0.24770156232875878	0.463931615546846	up	58
6	59	LY86	156.44951	2.1756463	0.0	0.0	0.7154687704310683	0.23886399337562864	0.47660477705543963	up	59
6	60	TYMP	155.96176	2.2916825	0.0	0.0	0.8190297694285839	0.3430669378112785	0.47596283161730535	up	60
6	61	GAPT	154.83151	2.9644659	0.0	0.0	0.3452033299917186	0.062234385845277095	0.2829689441464415	up	61
6	62	MAFB	154.60716	2.3346832	0.0	0.0	0.8127533452469162	0.34750855445014067	0.46524479079677555	up	62
6	63	LAIR1	153.81653	2.197928	0.0	0.0	0.6538813581484548	0.2137394819839018	0.440141876164553	up	63
6	64	MNDA	153.76639	2.270065	0.0	0.0	0.626770692585974	0.1942347268055674	0.43253596578040654	up	64
6	65	CLEC4E	153.52261	3.247847	0.0	0.0	0.25262607331212134	0.03234556325422243	0.2202805100578989	up	65
6	66	C3	153.3773	2.497748	0.0	0.0	0.816371006407183	0.34702755689774845	0.4693434495094345	up	66
6	67	MRC1	153.12068	3.0027535	0.0	0.0	0.3427189120864752	0.06185080551868584	0.2808681065677894	up	67
6	68	TREM2	152.65514	2.3046	0.0	0.0	0.8196835636141743	0.3156866087845983	0.503996954829576	up	68
6	69	APOC1	152.30357	3.1155276	0.0	0.0	0.9289107788868064	0.5331005467541798	0.39581023213262656	up	69
6	70	LST1	152.15352	2.1134114	0.0	0.0	0.8082639585058623	0.3168921469538851	0.4913718115519772	up	70
6	71	HLA-DOA	151.43494	2.6310358	0.0	0.0	0.40387046157869505	0.08783685050108986	0.3160336110776052	up	71
6	72	RGS1	150.95145	2.6151693	0.0	0.0	0.9102122651789216	0.43652354452576075	0.47368872065316087	up	72
6	73	PLXNC1	149.41571	2.6943662	0.0	0.0	0.4100597132022839	0.09449470902692368	0.3155650041753602	up	73
6	74	EVI2B	149.41487	2.099267	0.0	0.0	0.6860916183585407	0.23722312197854387	0.4488684963799968	up	74
6	75	MFSD1	148.92262	2.1060834	0.0	0.0	0.7590114631913873	0.3343541846787058	0.42465727851268154	up	75
6	76	RGS10	148.22314	2.100747	0.0	0.0	0.8496709235932528	0.35600820740127376	0.49366271619197905	up	76
6	77	ADAP2	147.753	2.190746	0.0	0.0	0.6069825219021052	0.19615262843852363	0.41082989346358156	up	77
6	78	CD86	147.71777	2.1503704	0.0	0.0	0.5894172514492437	0.18192666918327832	0.4074905822659654	up	78
6	79	AOAH	147.6486	2.4843585	0.0	0.0	0.4215229045896352	0.09865625114160811	0.3228666534480271	up	79
6	80	FPR3	147.00362	2.6343083	0.0	0.0	0.3905766464716907	0.08660391373704655	0.30397273273464415	up	80
6	81	FCGR1A	146.78893	2.0845063	0.0	0.0	0.6992110883493876	0.24180782016780117	0.45740326818158644	up	81
6	82	CPM	146.7803	2.3476708	0.0	0.0	0.685394237893911	0.2721685074463292	0.41322573044758176	up	82
6	83	FXYD5	146.7597	2.035039	0.0	0.0	0.7743538334132415	0.32135202932258494	0.45300180409065655	up	83
6	84	CAPG	146.49435	2.1700869	0.0	0.0	0.8026413285097851	0.3682523349691309	0.4343889935406542	up	84
6	85	CTSZ	146.2612	2.1702929	0.0	0.0	0.7995031164189513	0.3783167521096918	0.42118636430925954	up	85
6	86	SERPINA1	146.04741	2.095256	0.0	0.0	0.6816894041755656	0.23862349459943255	0.443065909576133	up	86
6	87	CTSB	145.90793	2.095903	0.0	0.0	0.9602493135161051	0.6553195893863932	0.30492972412971187	up	87
6	88	CD302	145.52643	2.174486	0.0	0.0	0.6544479797759665	0.24554316191960643	0.40890481785636	up	88
6	89	CTSC	145.29453	2.0645509	0.0	0.0	0.7929215882840082	0.3629461404512853	0.42997544783272285	up	89
6	90	MPEG1	144.72261	2.7979333	0.0	0.0	0.2952098679335745	0.050200314170553206	0.2450095537630213	up	90
6	91	PYCARD	144.69057	2.0069544	0.0	0.0	0.7420999869241163	0.28823321683856745	0.4538667700855488	up	91
6	92	DSE	144.3029	2.2848692	0.0	0.0	0.5737697772741142	0.1906698651989138	0.38309991207520033	up	92
6	93	S100A11	143.47597	2.2478669	0.0	0.0	0.9639977335134899	0.6013382691394406	0.3626594643740494	up	93
6	94	CPVL	143.0668	2.201638	0.0	0.0	0.6707928344157259	0.2719523629765833	0.3988404714391426	up	94
6	95	KCTD12	143.06491	2.071418	0.0	0.0	0.7969751122346685	0.36312879774966206	0.4338463144850065	up	95
6	96	STAB1	142.47897	2.354109	0.0	0.0	0.5626552761190777	0.18466652865893013	0.3779887474601476	up	96
6	97	CXCL16	141.38383	1.9751595	0.0	0.0	0.7639802990018743	0.3298334165438804	0.4341468824579939	up	97
6	98	CD37	141.34138	1.9269817	0.0	0.0	0.7732641764372575	0.3057957160774954	0.46746846035976214	up	98
6	99	HLA-DRB5	141.1494	2.787882	0.0	0.0	0.5276119077714335	0.17228845240559662	0.35532345536583687	up	99
6	100	IFI30	141.07832	2.2510996	0.0	0.0	0.6538813581484548	0.23771020810754862	0.4161711500409062	up	100
7	15176	PTMA	-142.86018	-1.6003876	0.0	0.0	0.8201553829078801	0.9646216806221914	-0.1444662977143113	down	1
7	15175	RPL10	-133.53549	-1.2847497	0.0	0.0	0.9208435072142065	0.9815020887680829	-0.06065858155387638	down	2
7	15174	SRGN	-128.93648	-4.47499	0.0	0.0	0.1211542730299667	0.5530948428407246	-0.4319405698107579	down	3
7	15173	RPS3	-126.78836	-1.3541743	0.0	0.0	0.8165149833518313	0.9396476762075026	-0.1231326928556713	down	4
7	15172	RPL26	-126.512955	-1.3393209	0.0	0.0	0.8442175360710322	0.9507756109722653	-0.10655807490123304	down	5
7	15171	RPL21	-126.35468	-1.4499748	0.0	0.0	0.8156714761376248	0.940617569975251	-0.12494609383762623	down	6
7	15170	CYBA	-123.72154	-3.8423126	0.0	0.0	0.15689234184239734	0.5547822755714468	-0.39788993372904946	down	7
7	15169	RPL37	-122.011925	-1.2728518	0.0	0.0	0.8369811320754716	0.940426023557169	-0.10344489148169733	down	8
7	15168	LAPTM5	-121.876884	-4.4099717	0.0	0.0	0.0835072142064373	0.49931286523037255	-0.41580565102393524	down	9
7	15167	RPS6	-120.551094	-1.3904351	0.0	0.0	0.8160710321864595	0.9387477120844507	-0.12267667989799125	down	10
7	15166	RPS24	-119.79303	-1.3302089	0.0	0.0	0.8165593784683685	0.9235881812819624	-0.10702880281359395	down	11
7	15165	RPL15	-119.184235	-1.0134772	0.0	0.0	0.878046614872364	0.9572121787036868	-0.07916556383132278	down	12
7	15164	RPS12	-118.68161	-1.240317	0.0	0.0	0.8831076581576026	0.9582124766647816	-0.07510481850717898	down	13
7	15163	TYROBP	-118.52789	-4.3998003	0.0	0.0	0.1209322974472808	0.508537497491654	-0.3876052000443732	down	14
7	15162	RPL39	-116.385796	-1.1989949	0.0	0.0	0.8858157602663707	0.9595472207526862	-0.07373146048631551	down	15
7	15161	TPT1	-116.0494	-1.3105844	0.0	0.0	0.8770255271920089	0.9482155778925029	-0.071190050700494	down	16
7	15160	RGS1	-115.72439	-4.216084	0.0	0.0	0.1069478357380688	0.49213747560063487	-0.38518963986256605	down	17
7	15159	RPL12	-114.42911	-1.163771	0.0	0.0	0.84	0.9435242108591617	-0.10352421085916175	down	18
7	15158	RPS3A	-113.635765	-1.1957746	0.0	0.0	0.8367591564927858	0.9414901703242912	-0.1047310138315054	down	19
7	15157	ARHGDIB	-113.593315	-4.6736603	0.0	0.0	0.04546059933407325	0.43386479863302746	-0.3884041992989542	down	20
7	15156	AIF1	-112.463425	-4.378662	0.0	0.0	0.08306326304106548	0.45742804847644586	-0.3743647854353804	down	21
7	15155	FCER1G	-112.4222	-4.149635	0.0	0.0	0.09433962264150944	0.46719995621796157	-0.3728603335764521	down	22
7	15154	RPS15A	-110.58584	-1.131135	0.0	0.0	0.8655715871254162	0.9556159585530036	-0.09004437142758748	down	23
7	15153	C1QA	-109.79691	-3.9392264	0.0	0.0	0.1520976692563818	0.4988780852655198	-0.346780416009138	down	24
7	15152	C1QC	-109.750404	-4.426708	0.0	0.0	0.09402885682574917	0.45388900037093116	-0.359860143545182	down	25
7	15151	HLA-DPB1	-109.39338	-3.6603863	0.0	0.0	0.1390899001109878	0.4944086688436069	-0.35531876873261914	down	26
7	15150	ALOX5AP	-109.07061	-4.021005	0.0	0.0	0.07924528301886792	0.4446218022389648	-0.3653765192200969	down	27
7	15149	C1QB	-108.8819	-3.8061807	0.0	0.0	0.19240843507214206	0.5245422648691708	-0.3321338297970287	down	28
7	15148	CD74	-108.54079	-3.0583918	0.0	0.0	0.34321864594894563	0.6286523037257299	-0.28543365777678426	down	29
7	15147	RGS10	-108.1133	-4.4894724	0.0	0.0	0.04665926748057714	0.4116302120388444	-0.3649709445582673	down	30
7	15146	ITGB2	-107.5064	-4.8289332	0.0	0.0	0.0351165371809101	0.3969267441365513	-0.3618102069556412	down	31
7	15145	RPS23	-107.4176	-0.961168	0.0	0.0	0.8974028856825749	0.9586715799843114	-0.06126869430173654	down	32
7	15144	RPL32	-107.41329	-0.9498643	0.0	0.0	0.9145394006659268	0.9737915853354495	-0.059252184669522756	down	33
7	15143	TMSB10	-106.80025	-1.2977461	0.0	0.0	0.8724972253052165	0.964433174623444	-0.09193594931822757	down	34
7	15142	RPL9	-106.75964	-1.0445666	0.0	0.0	0.8342730299667037	0.9375193826732583	-0.10324635270655458	down	35
7	15141	HLA-DRB1	-106.318695	-3.364425	0.0	0.0	0.17806881243063263	0.5113346832795179	-0.33326587084888526	down	36
7	15140	PTPRC	-105.806076	-5.551236	0.0	0.0	0.018601553829078802	0.3727979762968909	-0.3541964224678121	down	37
7	15139	VAMP8	-105.78475	-4.33376	0.0	0.0	0.04807991120976693	0.40256672200229854	-0.35448681079253164	down	38
7	15138	CD53	-105.234184	-5.358144	0.0	0.0	0.01993340732519423	0.37128384746824283	-0.3513504401430486	down	39
7	15137	HLA-DPA1	-105.1972	-3.3635447	0.0	0.0	0.1614206437291898	0.49700214653605024	-0.33558150280686044	down	40
7	15136	RPL18A	-104.90246	-1.0323184	0.0	0.0	0.8649500554938957	0.9549561875573879	-0.09000613206349217	down	41
7	15135	RNASET2	-104.51599	-2.906005	0.0	0.0	0.22477247502774694	0.5401578585718543	-0.31538538354410733	down	42
7	15134	RPS8	-103.08474	-0.8821394	0.0	0.0	0.9164483906770255	0.970641710904768	-0.05419332022774248	down	43
7	15133	RPL13	-103.08154	-0.9061962	0.0	0.0	0.9351387347391787	0.9805017908069881	-0.045363056067809326	down	44
7	15132	MS4A7	-102.07622	-5.100374	0.0	0.0	0.02925638179800222	0.36572292050519606	-0.33646653870719384	down	45
7	15131	S100A11	-101.915504	-2.1740494	0.0	0.0	0.37362930077691453	0.6422308164742081	-0.26860151569729357	down	46
7	15130	CD14	-101.18785	-4.231451	0.0	0.0	0.06361820199778025	0.3956224042419931	-0.33200420224421284	down	47
7	15129	CD37	-101.08358	-4.8967485	0.0	0.0	0.024328523862375138	0.35768101136508745	-0.3333524875027123	down	48
7	15128	CD68	-100.9268	-3.8650594	0.0	0.0	0.07160932297447281	0.40278563219439223	-0.3311763092199194	down	49
7	15127	HCST	-100.913345	-4.621601	0.0	0.0	0.03480577136514983	0.3678694565554481	-0.3330636851902983	down	50
7	15126	RPL7A	-100.83983	-1.1476038	0.0	0.0	0.7900110987791343	0.9207514700427483	-0.13074037126361393	down	51
7	15125	RPL28	-100.75979	-1.065576	0.0	0.0	0.8602441731409545	0.9533143611166852	-0.09307018797573074	down	52
7	15124	GMFG	-100.51267	-4.2453995	0.0	0.0	0.03556048834628191	0.3696420210275401	-0.33408153268125823	down	53
7	15123	TREM2	-100.2484	-4.6024017	0.0	0.0	0.04110987791342952	0.3696481018662094	-0.3285382239527799	down	54
7	15122	CTSS	-100.200195	-4.099371	0.0	0.0	0.05944506104328524	0.3872490893944093	-0.32780402835112404	down	55
7	15121	RPL6	-100.116905	-1.0665746	0.0	0.0	0.7892563817980022	0.9218946677125709	-0.13263828591456872	down	56
7	15120	RPS27	-99.86425	-1.0246242	0.0	0.0	0.910188679245283	0.969118460818116	-0.05892978157283302	down	57
7	15119	CORO1A	-99.78341	-4.286357	0.0	0.0	0.045283018867924525	0.3733118071644441	-0.3280287882965196	down	58
7	15118	HLA-DRA	-99.639336	-2.8557818	0.0	0.0	0.31049944506104327	0.5790478622811658	-0.2685484172201225	down	59
7	15117	COTL1	-99.610085	-2.1225607	0.0	0.0	0.2882130965593785	0.5832284388662884	-0.2950153423069099	down	60
7	15116	RPL11	-98.82683	-0.88164926	0.0	0.0	0.9008213096559379	0.9650716626837174	-0.06425035302777948	down	61
7	15115	TMSB4X	-98.48721	-0.9895936	0.0	0.0	0.9768701442841288	0.9911554201555478	-0.014285275871419034	down	62
7	15114	EEF1B2	-98.31303	-1.3419601	0.0	0.0	0.590677025527192	0.7810289995196138	-0.19035197399242176	down	63
7	15113	MS4A6A	-97.998184	-4.809534	0.0	0.0	0.033029966703662594	0.35111978644094594	-0.31808981973728334	down	64
7	15112	RPS18	-97.37214	-0.85721064	0.0	0.0	0.9302996670366259	0.9755155030981874	-0.04521583606156143	down	65
7	15111	RPL14	-97.16273	-0.9627038	0.0	0.0	0.8162042175360711	0.9223872156447818	-0.10618299810871068	down	66
7	15110	HLA-DQB1	-97.128555	-4.178338	0.0	0.0	0.05029966703662597	0.3666076825315748	-0.3163080154949488	down	67
7	15109	FCGR3A	-96.94695	-4.6475263	0.0	0.0	0.03675915649278579	0.35018029686654384	-0.31342114037375807	down	68
7	15108	HCLS1	-96.60491	-4.7669954	0.0	0.0	0.024550499445061044	0.33700615988957194	-0.3124556604445109	down	69
7	15107	CSF1R	-95.66779	-4.6995754	0.0	0.0	0.026015538290788013	0.3347015220339189	-0.3086859837431309	down	70
7	15106	ARPC1B	-95.23318	-2.3406785	0.0	0.0	0.24168701442841287	0.5200971718019349	-0.27841015737352204	down	71
7	15105	FTL	-95.15748	-1.4201616	0.0	0.0	0.9530743618201998	0.9786440945935263	-0.025569732773326526	down	72
7	15104	APOC1	-95.14427	-2.93919	0.0	0.0	0.3331409544950055	0.5744051419571787	-0.2412641874621732	down	73
7	15103	RPL17	-95.13419	-1.8264152	0.0	0.0	0.46779134295227526	0.727660518938772	-0.2598691759864968	down	74
7	15102	DUSP1	-95.043915	-1.9769856	0.0	0.0	0.41962264150943396	0.6726046056272081	-0.2529819641177742	down	75
7	15101	TYMP	-95.03767	-3.4902446	0.0	0.0	0.08705882352941176	0.3938011930605469	-0.30674236953113515	down	76
7	15100	GPR34	-94.978966	-5.0207353	0.0	0.0	0.023351831298557158	0.327419717727469	-0.3040678864289118	down	77
7	15099	RPS7	-94.802185	-0.9225649	0.0	0.0	0.82330743618202	0.9241141738268542	-0.10080673764483428	down	78
7	15098	PYCARD	-94.77912	-4.386281	0.0	0.0	0.03223085460599334	0.33742573775775153	-0.3051948831517582	down	79
7	15097	FXYD5	-94.58985	-3.5076773	0.0	0.0	0.06148723640399556	0.3707487336653471	-0.30926149726135155	down	80
7	15096	SAMSN1	-93.45323	-5.124615	0.0	0.0	0.018335183129855714	0.3148110987467391	-0.2964759156168834	down	81
7	15095	RPL34	-93.0451	-0.89670104	0.0	0.0	0.9123196448390677	0.9675739277961216	-0.055254282957053924	down	82
7	15094	RPL19	-93.00091	-0.7477894	0.0	0.0	0.9121864594894562	0.9650564605870442	-0.05287000109758799	down	83
7	15093	RPS13	-92.58301	-0.8534989	0.0	0.0	0.8720532741398446	0.9442934369508242	-0.07224016281097967	down	84
7	15092	SLA	-91.97239	-4.551376	0.0	0.0	0.024550499445061044	0.3165410973481463	-0.29199059790308524	down	85
7	15091	RPS4X	-91.77494	-1.0182239	0.0	0.0	0.8307658157602664	0.9364005083581127	-0.1056346925978463	down	86
7	15090	RPS29	-91.75175	-0.93779314	0.0	0.0	0.8828412874583795	0.9557740603584046	-0.07293277290002509	down	87
7	15089	RPL3	-91.61912	-0.89548135	0.0	0.0	0.8758712541620421	0.9531440976339457	-0.07727284347190355	down	88
7	15088	SLC11A1	-91.55369	-3.8315282	0.0	0.0	0.052031076581576026	0.3449264522562952	-0.2928953756747192	down	89
7	15087	SPP1	-91.501625	-2.2094626	0.0	0.0	0.5659933407325194	0.7619564490334507	-0.19596310830093133	down	90
7	15086	RPS9	-91.41066	-0.8638581	0.0	0.0	0.8586015538290788	0.9460051930362235	-0.08740363920714478	down	91
7	15085	BTG1	-91.18471	-1.5054846	0.0	0.0	0.5384239733629301	0.7435436695429034	-0.20511969617997328	down	92
7	15084	VSIG4	-91.06134	-4.161992	0.0	0.0	0.041065482796892344	0.3302412268700099	-0.2891757440731175	down	93
7	15083	HLA-DMA	-90.88324	-3.2292314	0.0	0.0	0.09318534961154273	0.38243610558768265	-0.2892507559761399	down	94
7	15082	RPL36A	-90.81652	-1.3600495	0.0	0.0	0.635338512763596	0.8218131844744027	-0.18647467171080667	down	95
7	15081	LST1	-90.6737	-3.2827802	0.0	0.0	0.07564927857935627	0.3676900718147047	-0.29204079323534843	down	96
7	15080	IER3	-90.03871	-3.7010949	0.0	0.0	0.06299667036625971	0.3509251996035293	-0.2879285292372696	down	97
7	15079	C1orf162	-89.53622	-4.539198	0.0	0.0	0.024195338512763596	0.30479595745845267	-0.28060061894568905	down	98
7	15078	GPSM3	-89.372444	-4.739544	0.0	0.0	0.019134295227524974	0.2978577205368164	-0.27872342530929145	down	99
7	15077	CTSC	-89.25992	-2.70579	0.0	0.0	0.12173140954495006	0.40945935263391525	-0.2877279430889652	down	100
7	1	AQP4	243.4557	4.484316	0.0	0.0	0.6935405105438401	0.1245294951079653	0.5690110154358748	up	1
7	2	GFAP	235.92783	4.9019136	0.0	0.0	0.9064594894561598	0.32734674766343774	0.5791127417927221	up	2
7	3	CLU	228.28603	4.626295	0.0	0.0	0.9886348501664817	0.5643200710241957	0.424314779142286	up	3
7	4	ID3	216.80994	4.280935	0.0	0.0	0.7179578246392897	0.18536524557466966	0.53259257906462	up	4
7	5	SPARCL1	206.68854	3.9016466	0.0	0.0	0.874095449500555	0.3361578828952089	0.5379375666053461	up	5
7	6	ID4	197.52283	3.5820494	0.0	0.0	0.656204217536071	0.1679527640452171	0.48825145349085397	up	6
7	7	KCNN3	181.88249	4.1989684	0.0	0.0	0.2666814650388457	0.024213899581030214	0.2424675654578155	up	7
7	8	CNN3	181.52612	2.8931293	0.0	0.0	0.8344062153163152	0.35626417595514775	0.47814203936116745	up	8
7	9	GJA1	178.22882	3.866449	0.0	0.0	0.3797558268590455	0.058555435965728396	0.32120039089331714	up	9
7	10	IGFBP7	176.57942	3.03584	0.0	0.0	0.6908324084350721	0.2108530808569118	0.4799793275781603	up	10
7	11	CRYAB	175.31795	3.610888	0.0	0.0	0.832408435072142	0.35571081963624424	0.4766976154358978	up	11
7	12	LIX1	174.78136	4.594771	0.0	0.0	0.21251942286348502	0.015338915543231723	0.1971805073202533	up	12
7	13	SPARC	173.54793	2.8640704	0.0	0.0	0.8621087680355161	0.38371612212756384	0.4783926459079522	up	13
7	14	FAM107A	171.82076	3.7136545	0.0	0.0	0.3453052164261931	0.051009115177165235	0.2942961012490279	up	14
7	15	TIMP3	168.6768	2.90063	0.0	0.0	0.5452164261931187	0.1354780451319846	0.40973838106113414	up	15
7	16	RGMA	167.1197	3.000974	0.0	0.0	0.490299667036626	0.1130032654103654	0.37729640162626055	up	16
7	17	ITM2C	166.09923	2.9272125	0.0	0.0	0.7869034406215316	0.36002213425275614	0.42688130636877547	up	17
7	18	PON2	165.84651	2.6994352	0.0	0.0	0.8224639289678135	0.40408997208895053	0.418373956878863	up	18
7	19	AQP1	163.37128	4.2702494	0.0	0.0	0.2485682574916759	0.02728776352834583	0.22128049396333008	up	19
7	20	ATP1B2	162.5176	2.7576852	0.0	0.0	0.6715205327413984	0.2321086524253425	0.43941188031605594	up	20
7	21	F3	161.89322	2.9074428	0.0	0.0	0.5332297447280799	0.1432128719192951	0.39001687280878483	up	21
7	22	BBOX1	160.4823	3.1910224	0.0	0.0	0.3440177580466149	0.05715076223312719	0.2868669958134877	up	22
7	23	DCLK1	160.15378	3.1491873	0.0	0.0	0.4072807991120977	0.08338958109102407	0.3238912180210736	up	23
7	24	EFEMP1	159.33275	3.161301	0.0	0.0	0.3904994450610433	0.07581285610911456	0.3146865889519287	up	24
7	25	RFX4	155.6787	2.8278537	0.0	0.0	0.4556714761376249	0.10836662592504759	0.3473048502125773	up	25
7	26	C1R	155.05432	2.934249	0.0	0.0	0.4829744728079911	0.12432578701254476	0.35864868579544634	up	26
7	27	NTRK2	154.71082	2.8988411	0.0	0.0	0.5296337402885682	0.15170476312092965	0.3779289771676386	up	27
7	28	PMP2	154.07133	2.633923	0.0	0.0	0.7962708102108768	0.360006932156083	0.4362638780547938	up	28
7	29	NMB	153.37962	3.052627	0.0	0.0	0.5868146503884573	0.20026025989504473	0.38655439049341256	up	29
7	30	CPE	152.97261	2.6972868	0.0	0.0	0.6713429522752498	0.2536621850885674	0.41768076718668234	up	30
7	31	WLS	150.98073	2.5485198	0.0	0.0	0.5946725860155383	0.20320034539163642	0.39147224062390185	up	31
7	32	BAALC	150.3434	2.329042	0.0	0.0	0.7520976692563818	0.320080145453661	0.4320175238027208	up	32
7	33	RAMP1	148.66594	2.3885252	0.0	0.0	0.7457935627081022	0.3407641181871804	0.40502944452092177	up	33
7	34	MLC1	148.6415	2.8083956	0.0	0.0	0.4579356270810211	0.11914795288566199	0.3387876741953591	up	34
7	35	ALDOC	146.93498	2.8715086	0.0	0.0	0.5095671476137625	0.1532280132075816	0.3563391344061809	up	35
7	36	AGT	146.35338	2.5020778	0.0	0.0	0.6123862375138734	0.20623468388760177	0.40615155362627164	up	36
7	37	CST3	145.21387	2.055909	0.0	0.0	0.9721198668146503	0.8692224431593606	0.10289742365528975	up	37
7	38	TRIM47	143.92393	2.7645462	0.0	0.0	0.4633962264150943	0.1321153413478787	0.33128088506721565	up	38
7	39	DTNA	143.27214	2.5721464	0.0	0.0	0.5916981132075472	0.22431909809000858	0.36737901511753857	up	39
7	40	SOX9	143.08046	2.3095963	0.0	0.0	0.6364039955604883	0.2322819563274167	0.40412203923307166	up	40
7	41	LRIG1	142.9152	2.8011363	0.0	0.0	0.4341842397336293	0.1153656712333765	0.3188185685002528	up	41
7	42	AEBP1	142.30106	2.778318	0.0	0.0	0.46614872364039955	0.13334367075907108	0.33280505288132844	up	42
7	43	TSC22D4	140.89122	2.2006662	0.0	0.0	0.8380466148723641	0.47871402423822296	0.35933259063414114	up	43
7	44	MT1X	140.61209	2.4812994	0.0	0.0	0.8613096559378468	0.5138491100692607	0.3474605458685861	up	44
7	45	CTNND2	140.16748	2.4719694	0.0	0.0	0.5116981132075472	0.16102060796225015	0.35067750524529706	up	45
7	46	SLC4A4	139.99924	2.629815	0.0	0.0	0.4334739178690344	0.11499778049388572	0.3184761373751487	up	46
7	47	TTYH1	139.72107	2.3439188	0.0	0.0	0.6738290788013318	0.2862493995171814	0.3875796792841504	up	47
7	48	GPM6B	139.6649	2.2825725	0.0	0.0	0.8849278579356271	0.4937580191059951	0.391169838829632	up	48
7	49	LIFR	139.53102	2.6026895	0.0	0.0	0.4704106548279689	0.1392086396555813	0.33120201517238756	up	49
7	50	ADCYAP1R1	138.78073	3.3638775	0.0	0.0	0.24816870144284128	0.038716699807237416	0.20945200163560387	up	50
7	51	BCAN	138.06818	2.4080417	0.0	0.0	0.782819089900111	0.3545858644824294	0.42823322541768155	up	51
7	52	DDR1	137.54543	2.1952035	0.0	0.0	0.662330743618202	0.2712023642300746	0.3911283793881274	up	52
7	53	DKK3	136.45546	2.5672038	0.0	0.0	0.4091009988901221	0.10631130245483457	0.3027896964352875	up	53
7	54	LINC00844	136.32764	2.8521335	0.0	0.0	0.38428412874583795	0.09611069558713538	0.2881734331587026	up	54
7	55	EDNRB	136.0555	2.758138	0.0	0.0	0.4613984461709212	0.14340137791804244	0.31799706825287877	up	55
7	56	BAALC-AS1	135.83476	3.7889588	0.0	0.0	0.17544950055493896	0.019121197195517206	0.15632830335942177	up	56
7	57	MT3	135.21132	2.5215967	0.0	0.0	0.9119644839067702	0.5478227557144681	0.36414172819230206	up	57
7	58	HEY1	134.70035	2.3760748	0.0	0.0	0.5303884572697003	0.18334336671713763	0.34704509055256266	up	58
7	59	ID1	133.94951	2.934908	0.0	0.0	0.41504994450610433	0.11863716243744338	0.29641278206866095	up	59
7	60	C1S	132.5236	2.9044514	0.0	0.0	0.29611542730299667	0.05989626089230227	0.2362191664106944	up	60
7	61	MAOB	130.97935	2.9001472	0.0	0.0	0.3213318534961154	0.07273291132312969	0.24859894217298573	up	61
7	62	PLPP3	129.7893	2.3474166	0.0	0.0	0.49318534961154276	0.16862469671817137	0.3245606528933714	up	62
7	63	FADS2	129.3005	2.556606	0.0	0.0	0.4396004439511654	0.1354263580032958	0.30417408594786954	up	63
7	64	CRISPLD1	129.2942	2.5800948	0.0	0.0	0.3895227524972253	0.10665486983964828	0.282867882657577	up	64
7	65	ATP1A2	126.57716	2.9198296	0.0	0.0	0.35778024417314097	0.09553909675222406	0.2622411474209169	up	65
7	66	PLCD3	125.8025	3.0870245	0.0	0.0	0.21669256381798002	0.03525974302375784	0.18143282079422218	up	66
7	67	SLC1A2	125.43205	2.3955052	0.0	0.0	0.4855493895671476	0.16987126864537158	0.31567812092177605	up	67
7	68	SOX2	125.28356	1.9441648	0.0	0.0	0.7792674805771365	0.37847443919465373	0.40079304138248273	up	68
7	69	NRCAM	124.98461	2.0289924	0.0	0.0	0.615715871254162	0.25836571379924717	0.3573501574549149	up	69
7	70	CALD1	124.94541	1.9413859	0.0	0.0	0.7206215316315205	0.3552182717040334	0.3654032599274871	up	70
7	71	GPM6A	124.72408	1.9154006	0.0	0.0	0.796315205327414	0.3736432128719193	0.42267199245549464	up	71
7	72	FMN2	124.68552	2.8412342	0.0	0.0	0.26179800221975585	0.052471556877124494	0.20932644534263137	up	72
7	73	CHI3L2	124.5761	2.9268513	0.0	0.0	0.2563817980022198	0.050057463925424595	0.20632433407679518	up	73
7	74	NDRG2	124.4056	2.2135174	0.0	0.0	0.613496115427303	0.27460155304619616	0.3388945623811068	up	74
7	75	SCRG1	123.96096	1.9794784	0.0	0.0	0.7702552719200888	0.3844519036065454	0.3858033683135434	up	75
7	76	TSPAN3	123.560234	1.8209604	0.0	0.0	0.7687014428412875	0.45983910100881115	0.30886234183247635	up	76
7	77	SYTL4	123.55608	3.145957	0.0	0.0	0.21354051054384018	0.035661078375929606	0.17787943216791058	up	77
7	78	CCDC80	123.50929	2.304088	0.0	0.0	0.4025305216426193	0.11805644234452815	0.28447407929809115	up	78
7	79	NDP	122.9427	2.9907825	0.0	0.0	0.23520532741398445	0.04347799648527525	0.1917273309287092	up	79
7	80	SPON1	122.90076	3.1176233	0.0	0.0	0.22490566037735849	0.0401639394105235	0.184741720966835	up	80
7	81	SCARA3	122.680435	2.4717731	0.0	0.0	0.36017758046614873	0.09889267927832607	0.26128490118782266	up	81
7	82	PTN	122.51643	2.327394	0.0	0.0	0.8661931187569367	0.5305987801837629	0.3355943385731738	up	82
7	83	SMOX	121.101135	2.2633905	0.0	0.0	0.4198002219755827	0.13392743127132095	0.28587279070426175	up	83
7	84	MASP1	120.80487	3.043708	0.0	0.0	0.21411764705882352	0.03723297517193571	0.1768846718868878	up	84
7	85	PGAM2	120.785164	3.0537558	0.0	0.0	0.20475027746947835	0.033928039355187865	0.17082223811429048	up	85
7	86	MYBPC1	120.64272	2.706607	0.0	0.0	0.2737402885682575	0.05983849292494421	0.2139017956433133	up	86
7	87	LYPD1	120.62929	2.1775115	0.0	0.0	0.45336293007769146	0.15383609707450852	0.29952683300318295	up	87
7	88	HEPACAM	118.706314	2.083815	0.0	0.0	0.4641509433962264	0.1606101513520745	0.30354079204415196	up	88
7	89	AHCYL1	117.724915	2.0622075	0.0	0.0	0.6368479467258602	0.34280119914138557	0.29404674758447463	up	89
7	90	HSPB8	117.51807	3.7441628	0.0	0.0	0.13780244173140954	0.015722008379395688	0.12208043335201385	up	90
7	91	FGFR3	117.126015	3.3064692	0.0	0.0	0.172519422863485	0.025484794862907494	0.1470346280005775	up	91
7	92	DCLK2	116.71999	2.2258418	0.0	0.0	0.44599334073251945	0.15893792071802543	0.287055420014494	up	92
7	93	NFIA	115.50715	1.8208339	0.0	0.0	0.7111209766925638	0.4055280904342327	0.3055928862583311	up	93
7	94	FABP7	115.49146	2.1806636	0.0	0.0	0.6924750277469478	0.3727280466521943	0.3197469810947535	up	94
7	95	MT2A	115.35375	1.8240284	0.0	0.0	0.9659933407325194	0.8090586253656105	0.15693471536690895	up	95
7	96	MT1M	114.7493	2.094793	0.0	0.0	0.508235294117647	0.200898747955318	0.30733654616232897	up	96
7	97	EMP1	114.39244	2.104068	0.0	0.0	0.4707658157602664	0.17647809985953264	0.29428771590073377	up	97
7	98	APP	114.2055	1.7158884	0.0	0.0	0.7664816870144284	0.4660841223221507	0.30039756469227774	up	98
7	99	TNC	114.023895	2.2432444	0.0	0.0	0.44102108768035514	0.16032435193461883	0.2806967357457363	up	99
7	100	SLC25A18	114.0139	2.8801794	0.0	0.0	0.18819089900110988	0.031827109594955334	0.15636378940615456	up	100
8	15176	RPL39	-147.83777	-2.1540215	0.0	0.0	0.8271321493686272	0.9604388357128852	-0.13330668634425802	down	1
8	15175	RPS19	-143.03821	-1.5456831	0.0	0.0	0.9475319062732123	0.9831767760488149	-0.03564486977560266	down	2
8	15174	RPLP1	-142.68724	-1.4027965	0.0	0.0	0.9623202106826929	0.9837174482647987	-0.021397237582105766	down	3
8	15173	RPL41	-141.78893	-1.5094626	0.0	0.0	0.9588088324667432	0.9848166170555348	-0.026007784588791605	down	4
8	15172	RPS18	-131.94977	-1.3759389	0.0	0.0	0.9423998919575933	0.9739467289330933	-0.03154683697549998	down	5
8	15171	MARCKS	-130.30748	-3.1671505	0.0	0.0	0.26618947937065296	0.7872900439073371	-0.5211005645366842	down	6
8	15170	TMSB10	-129.43114	-2.1920037	0.0	0.0	0.7909379431426835	0.9659138845813355	-0.17497594143865203	down	7
8	15169	CST3	-129.05846	-2.6887655	0.0	0.0	0.5814032007562968	0.8887700598304309	-0.3073668590741341	down	8
8	15168	VIM	-126.85573	-3.219407	0.0	0.0	0.407995138091701	0.8132215151893244	-0.4052263770976234	down	9
8	15167	RPLP2	-126.56508	-1.4470476	0.0	0.0	0.908839219393612	0.9746389081986109	-0.06579968880499887	down	10
8	15166	RPS2	-126.24352	-1.2490445	0.0	0.0	0.9405091498413127	0.9729515355685079	-0.032442385727195155	down	11
8	15165	RPS15A	-124.10799	-1.4427323	0.0	0.0	0.8935107029509083	0.9523228110202069	-0.058812108069298596	down	12
8	15164	RPL18A	-124.089165	-1.3883193	0.0	0.0	0.8840569923695051	0.952052474912215	-0.06799548254270993	down	13
8	15163	RPL13	-123.92618	-1.1064844	0.0	0.0	0.9584036734418259	0.978438467342804	-0.020034793900978176	down	14
8	15162	RPS28	-121.02974	-1.219342	0.0	0.0	0.9323384428388143	0.9735635052195664	-0.041225062380752076	down	15
8	15161	RPS11	-120.49253	-1.5113358	0.0	0.0	0.7947194273752448	0.9435710508647784	-0.14885162348953362	down	16
8	15160	RPL12	-118.51327	-1.3951509	0.0	0.0	0.8629211965696536	0.9401428325282665	-0.07722163595861287	down	17
8	15159	RPS4X	-117.28405	-1.4462998	0.0	0.0	0.8450266729691404	0.9333517518373943	-0.08832507886825391	down	18
8	15158	RPL27A	-116.224396	-1.2937578	0.0	0.0	0.8933081234384496	0.9610567468168666	-0.06774862337841703	down	19
8	15157	RPL32	-116.22081	-1.0854279	0.0	0.0	0.9486798568438112	0.9709314415747227	-0.02225158473091149	down	20
8	15156	RPS16	-116.204315	-1.3334419	0.0	0.0	0.8684583699101898	0.9573463094665169	-0.08888793955632712	down	21
8	15155	RPS3A	-115.07182	-1.3013545	0.0	0.0	0.8751434938213248	0.9374008520043492	-0.06225735818302436	down	22
8	15154	RPL23	-114.928406	-1.6135043	0.0	0.0	0.7272604497265177	0.9203399699362482	-0.19307952020973052	down	23
8	15153	RPL27	-112.712105	-1.4458983	0.0	0.0	0.7887095685056384	0.9329209965004842	-0.14421142799484576	down	24
8	15152	RPS21	-111.73932	-1.6091666	0.0	0.0	0.7398203794989533	0.9225531611500276	-0.18273278165107432	down	25
8	15151	UBA52	-111.45397	-1.213432	0.0	0.0	0.8551556485920724	0.9451752431539608	-0.09001959456188846	down	26
8	15150	RPL36	-111.452126	-1.1884716	0.0	0.0	0.900398406374502	0.9495659768639824	-0.049167570489480394	down	27
8	15149	RPL37	-110.85128	-1.4033002	0.0	0.0	0.834560064825444	0.9381613579784801	-0.10360129315303612	down	28
8	15148	RPL14	-110.26656	-1.3649732	0.0	0.0	0.7864136673644405	0.9212638658657588	-0.1348501985013183	down	29
8	15147	RPS24	-109.27054	-1.4885674	0.0	0.0	0.8195016543993517	0.9210054126636128	-0.10150375826426106	down	30
8	15146	RPL29	-107.993324	-1.1927595	0.0	0.0	0.8554257546086839	0.9316792328395986	-0.07625347823091477	down	31
8	15145	RPS8	-107.64205	-0.9919272	0.0	0.0	0.940374096833007	0.9683469095532622	-0.027972812720255202	down	32
8	15144	RPS7	-106.54396	-1.2015054	0.0	0.0	0.8296306300222838	0.9215252897943663	-0.09189465977208255	down	33
8	15143	ZFP36L1	-106.083664	-3.1148767	0.0	0.0	0.16253629549598217	0.6205550505320571	-0.4580187550360749	down	34
8	15142	RPL11	-105.49709	-0.9929742	0.0	0.0	0.9331487608886488	0.9621767106928328	-0.029027949804183995	down	35
8	15141	RPL35A	-105.125015	-1.1680121	0.0	0.0	0.8837868863528935	0.954931108853359	-0.07114422250046548	down	36
8	15140	RPL28	-105.08302	-1.0168368	0.0	0.0	0.922952258761564	0.9484222471763245	-0.025469988414760558	down	37
8	15139	RPS12	-104.74768	-1.1787322	0.0	0.0	0.915051657775677	0.9550855866293544	-0.0400339288536774	down	38
8	15138	RPL35	-104.40045	-1.0573353	0.0	0.0	0.9046525761361335	0.9530357853709546	-0.04838320923482109	down	39
8	15137	CLIC1	-102.94965	-2.6713326	0.0	0.0	0.2050104666081437	0.6367484804734149	-0.4317380138652712	down	40
8	15136	RPL36A	-101.76426	-2.038227	0.0	0.0	0.5060436221216827	0.8232269219114843	-0.31718329978980153	down	41
8	15135	RPS29	-100.71946	-1.2335101	0.0	0.0	0.8912823283138632	0.9537309353629336	-0.062448607049070404	down	42
8	15134	RPS23	-100.58716	-1.0097538	0.0	0.0	0.9187656155040853	0.95632735029024	-0.037561734786154655	down	43
8	15133	RPL30	-100.44432	-1.1024492	0.0	0.0	0.8858126814774799	0.9459001004105544	-0.060087418933074455	down	44
8	15132	COTL1	-99.380226	-2.9545453	0.0	0.0	0.16388682557903977	0.5819356065332216	-0.41804878095418185	down	45
8	15131	RPLP0	-99.03579	-1.2660985	0.0	0.0	0.7754743736916739	0.9103078266759353	-0.13483345298426141	down	46
8	15130	TPT1	-98.80994	-1.3168468	0.0	0.0	0.8833142008238234	0.946307089935773	-0.06299288911194956	down	47
8	15129	RPS27	-98.45376	-1.0897719	0.0	0.0	0.9494901748936457	0.9660386550927164	-0.016548480199070625	down	48
8	15128	RPS14	-98.43957	-0.8307366	0.0	0.0	0.9565129313255453	0.9700045749187506	-0.013491643593205316	down	49
8	15127	ID2	-97.96127	-2.5626495	0.0	0.0	0.23087311769869673	0.6395409633471769	-0.4086678456484802	down	50
8	15126	RPL6	-97.50501	-1.0518764	0.0	0.0	0.8459045175231278	0.9163621672043681	-0.07045764968124035	down	51
8	15125	RPL26	-97.42399	-1.0454106	0.0	0.0	0.9114727530555743	0.945374281826878	-0.0339015287713037	down	52
8	15124	S100A11	-97.42115	-2.7815063	0.0	0.0	0.28496184752515363	0.6399746894105485	-0.35501284188539484	down	53
8	15123	RPL10	-97.32698	-0.82655865	0.0	0.0	0.9752852994800459	0.9777165808126719	-0.002431281332625934	down	54
8	15122	HMGN1	-96.8842	-1.9900835	0.0	0.0	0.3549868323316902	0.7172581383051412	-0.362271305973451	down	55
8	15121	RPL37A	-96.83469	-0.97395235	0.0	0.0	0.9322709163346613	0.9724732486082146	-0.0402023322735533	down	56
8	15120	RPL8	-96.55138	-0.9796642	0.0	0.0	0.8916874873387804	0.9480479356421819	-0.05636044830340148	down	57
8	15119	CELF2	-96.112236	-3.217434	0.0	0.0	0.09852116955905192	0.5183531480788311	-0.4198319785197792	down	58
8	15118	RPL23A	-95.981995	-1.0781629	0.0	0.0	0.8890539536768182	0.9442246106862973	-0.055170657009479096	down	59
8	15117	RPS27A	-95.090744	-0.82162106	0.0	0.0	0.9511783374974677	0.9640096489195468	-0.01283131142207905	down	60
8	15116	ARPC2	-95.02157	-1.7663363	0.0	0.0	0.45114457424539134	0.75658164447534	-0.3054370702299487	down	61
8	15115	S100A10	-94.74617	-2.8247595	0.0	0.0	0.20487541359983794	0.5909606735231033	-0.38608525992326537	down	62
8	15114	RPL24	-93.69829	-1.0834545	0.0	0.0	0.8224728205820785	0.9252446393241003	-0.10277181874202179	down	63
8	15113	RPS15	-92.6677	-0.75887465	0.0	0.0	0.9579985144169086	0.9669922582868414	-0.008993743869932791	down	64
8	15112	RPL18	-91.93814	-0.896855	0.0	0.0	0.8997231413329732	0.9436215532146232	-0.04389841188165	down	65
8	15111	RPL9	-91.46557	-0.95375	0.0	0.0	0.8747383347964076	0.9333725469226245	-0.05863421212621689	down	66
8	15110	SAT1	-91.11231	-2.1319716	0.0	0.0	0.568370585454791	0.7851332964963252	-0.21676271104153422	down	67
8	15109	PABPC1	-91.102104	-1.6958418	0.0	0.0	0.48409750827199677	0.7772786957322544	-0.2931811874602576	down	68
8	15108	RPS13	-91.04024	-0.9502012	0.0	0.0	0.8912148018097104	0.941794556440832	-0.05057975463112163	down	69
8	15107	BTG1	-90.798035	-1.9360203	0.0	0.0	0.435545951786076	0.7433678531748154	-0.3078219013887393	down	70
8	15106	RPS10	-90.231964	-1.4344404	0.0	0.0	0.6444054291309339	0.8513181113309448	-0.2069126822000109	down	71
8	15105	RPL19	-90.21782	-0.7520222	0.0	0.0	0.9440205280572624	0.9624440760743632	-0.018423548017100777	down	72
8	15104	ARPC1B	-89.09851	-2.8472638	0.0	0.0	0.1486258356404889	0.517809505136386	-0.3691836694958971	down	73
8	15103	RPL5	-89.081955	-1.0382786	0.0	0.0	0.8157876966709433	0.9070429982948031	-0.09125530162385975	down	74
8	15102	RPL15	-88.30432	-0.75045127	0.0	0.0	0.9309203862516038	0.953071434088492	-0.02215104783688826	down	75
8	15101	LDHA	-87.58848	-1.852812	0.0	0.0	0.411371463299345	0.7217290816296217	-0.3103576183302767	down	76
8	15100	PTMS	-87.36878	-2.2051105	0.0	0.0	0.23316901883989466	0.6046349274251526	-0.3714659085852579	down	77
8	15099	SRGN	-85.846466	-3.0007658	0.0	0.0	0.2310081707070025	0.5383609907966894	-0.3073528200896869	down	78
8	15098	RPL10A	-85.50013	-1.0470579	0.0	0.0	0.7918157876966709	0.8879382564212253	-0.09612246872455432	down	79
8	15097	BST2	-84.98946	-2.938634	0.0	0.0	0.10817745965291377	0.46748836960590345	-0.3593109099529897	down	80
8	15096	SMS	-84.88334	-2.490537	0.0	0.0	0.1397798635964616	0.5065207445828803	-0.3667408809864187	down	81
8	15095	RPS20	-84.63037	-1.1379731	0.0	0.0	0.7907353636302249	0.912013023664807	-0.12127766003458207	down	82
8	15094	RNASET2	-84.17666	-2.6853392	0.0	0.0	0.19812276318454994	0.5341009690509717	-0.3359782058664218	down	83
8	15093	FCGRT	-84.027534	-2.6116738	0.0	0.0	0.16064555337970154	0.5091973691246457	-0.3485518157449442	down	84
8	15092	LRP1	-83.32923	-2.7398946	0.0	0.0	0.11121615233979337	0.46569108009672683	-0.35447492775693346	down	85
8	15091	RPS25	-82.62107	-0.8840397	0.0	0.0	0.8896616922141941	0.9402200714162642	-0.05055837920207007	down	86
8	15090	CYBA	-82.405	-2.5461574	0.0	0.0	0.24377067999189683	0.5418397114830461	-0.29806903149114927	down	87
8	15089	AKAP13	-82.23952	-3.4107234	0.0	0.0	0.0688770342359376	0.4093839307464247	-0.3405068965104871	down	88
8	15088	MEF2C	-81.98636	-3.607982	0.0	0.0	0.06138159227496792	0.40025785905685374	-0.3388762667818858	down	89
8	15087	CEBPB	-81.33577	-2.4780066	0.0	0.0	0.17016679046525762	0.5115145357645758	-0.3413477452993182	down	90
8	15086	EEF1B2	-81.13353	-1.384928	0.0	0.0	0.5629009386184077	0.7778876946568514	-0.21498675603844364	down	91
8	15085	RPL34	-80.00961	-0.7919169	0.0	0.0	0.9515159700182322	0.9645829991266064	-0.013067029108374206	down	92
8	15084	KCTD12	-79.41816	-3.2352939	0.0	0.0	0.07880343034641096	0.4052070893416276	-0.3264036589952166	down	93
8	15083	PTPRC	-78.955154	-3.9773023	0.0	0.0	0.045715443311499765	0.3634862069170395	-0.3177707636055397	down	94
8	15082	RAB31	-78.90134	-2.0045915	0.0	0.0	0.227361739482747	0.5534582226737726	-0.3260964831910257	down	95
8	15081	CTSC	-78.70418	-3.1338754	0.0	0.0	0.08163954352083193	0.4046277976816451	-0.32298825416081317	down	96
8	15080	RPL7A	-78.47224	-0.8331521	0.0	0.0	0.8683908434060369	0.9143064244930456	-0.04591558108700866	down	97
8	15079	LAPTM5	-78.47117	-2.6465948	0.0	0.0	0.19562428253089337	0.4848492950466107	-0.2892250125157173	down	98
8	15078	YBX1	-77.849976	-1.0314732	0.0	0.0	0.752380309271389	0.8599629253337611	-0.10758261606237207	down	99
8	15077	ARHGDIB	-77.47428	-2.8810797	0.0	0.0	0.11074346681072321	0.4220897278220416	-0.3113462610113184	down	100
8	1	MAG	455.65695	8.780173	0.0	0.0	0.9098521169559052	0.022167560855331562	0.8876845561005736	up	1
8	2	KLK6	454.2651	8.470819	0.0	0.0	0.8091025727598082	0.013151406044834203	0.795951166714974	up	2
8	3	SPOCK3	453.4671	8.486814	0.0	0.0	0.754068471875211	0.009051803528034745	0.7450166683471763	up	3
8	4	CNDP1	450.211	8.483632	0.0	0.0	0.8473225741103383	0.017453017961012184	0.8298695561493261	up	4
8	5	ERMN	437.03525	8.326301	0.0	0.0	0.8592072388412452	0.022137853590717075	0.8370693852505281	up	5
8	6	MOG	430.15106	7.8904433	0.0	0.0	0.7740563171044635	0.015450748325995639	0.7586055687784679	up	6
8	7	NKX6-2	429.66544	8.195285	0.0	0.0	0.7910729961509892	0.017280715826248152	0.7737922803247411	up	7
8	8	CARNS1	420.4385	7.823536	0.0	0.0	0.7055844418934432	0.011734369522723087	0.69385007237072	up	8
8	9	EDIL3	409.78986	7.586927	0.0	0.0	0.8321966371800932	0.027104908234259605	0.8050917289458336	up	9
8	10	ENPP2	389.50226	7.3598604	0.0	0.0	0.7977581200621244	0.02956764047080073	0.7681904795913237	up	10
8	11	CNTN2	386.90314	7.0772495	0.0	0.0	0.7430616516982915	0.023403383063294297	0.7196582686349973	up	11
8	12	MOBP	383.8639	7.3929653	0.0	0.0	0.6625700587480586	0.015789411142600813	0.6467806476054578	up	12
8	13	CLDN11	374.84125	7.389315	0.0	0.0	0.9316631777972855	0.057073596777355934	0.8745895810199296	up	13
8	14	PEX5L	374.1761	7.471374	0.0	0.0	0.5607400904855155	0.008995359725267217	0.5517447307602483	up	14
8	15	TPPP	372.82462	7.0009294	0.0	0.0	0.6471740158012019	0.01679945813949343	0.6303745576617085	up	15
8	16	EFHD1	372.05026	6.971949	0.0	0.0	0.7425214396650686	0.02789512147300501	0.7146263181920636	up	16
8	17	TMEM125	367.1141	8.01712	0.0	0.0	0.4813289216017287	0.004574918750631279	0.4767540028510974	up	17
8	18	MAL	365.9637	6.7661905	0.0	0.0	0.7126071983253427	0.025934442008448747	0.686672756316894	up	18
8	19	HHATL	365.221	7.7403083	0.0	0.0	0.512661219528665	0.0069455584668674875	0.5057156610617974	up	19
8	20	GJB1	363.21637	7.081452	0.0	0.0	0.5819434127895199	0.012809772501767583	0.5691336402877523	up	20
8	21	TF	360.4683	7.5913267	0.0	0.0	0.9266662164899723	0.06562334753340582	0.8610428689565665	up	21
8	22	CNTNAP4	359.1429	7.513468	0.0	0.0	0.4858531973799716	0.005953335828743561	0.47989986155122805	up	22
8	23	MAP7	355.0128	6.674513	0.0	0.0	0.697278681882639	0.027630726817936057	0.6696479550647029	up	23
8	24	PLPP2	354.95517	6.693271	0.0	0.0	0.6198257816192856	0.01834423589944685	0.6014815457198387	up	24
8	25	HAPLN2	353.1049	6.972021	0.0	0.0	0.6656087514349383	0.024312425360497655	0.6412963260744406	up	25
8	26	HHIP	349.5887	6.9632797	0.0	0.0	0.5386589236275238	0.011636335549495273	0.5270225880780285	up	26
8	27	FGFR2	346.9912	6.602339	0.0	0.0	0.6933621446417719	0.02970726461448883	0.6636548800272831	up	27
8	28	AK5	346.62213	7.4793015	0.0	0.0	0.4525626308326018	0.005486931774296086	0.4470756990583057	up	28
8	29	CAPN3	346.18304	6.9058776	0.0	0.0	0.6288743331757715	0.021784337141804656	0.6070899960339668	up	29
8	30	MYRF	345.96936	6.4033313	0.0	0.0	0.6676345465595246	0.026415699695203465	0.6412188468643212	up	30
8	31	PCSK6	341.514	7.0711884	0.0	0.0	0.49321358633263557	0.009310256730180799	0.48390332960245475	up	31
8	32	SLC24A2	338.6392	6.308793	0.0	0.0	0.6937673036666892	0.03252054257348092	0.6612467610932082	up	32
8	33	PPP1R14A	333.93973	7.6624618	0.0	0.0	0.9439530015531096	0.09031899660743038	0.8536340049456792	up	33
8	34	TMEM151A	330.9449	6.8806796	0.0	0.0	0.47464379769059356	0.00959841719694134	0.46504538049365224	up	34
8	35	RAPGEF5	330.53073	6.4351854	0.0	0.0	0.6712809777837802	0.032452215864867594	0.6388287619189126	up	35
8	36	LGI3	325.90155	6.847892	0.0	0.0	0.44351407927611586	0.007878366575762437	0.4356357127003534	up	36
8	37	BOK	322.4878	6.403739	0.0	0.0	0.5202241879937876	0.015510162855224616	0.5047140251385629	up	37
8	38	TMEM144	322.33023	6.5204396	0.0	0.0	0.8858126814774799	0.08223267917936652	0.8035800022981134	up	38
8	39	FOLH1	317.77963	7.1014023	0.0	0.0	0.4092781416706057	0.006538568941648991	0.4027395727289567	up	39
8	40	GRM3	316.79996	7.139611	0.0	0.0	0.37443446552771964	0.004212490122334516	0.37022197540538515	up	40
8	41	NKAIN2	315.2816	7.845078	0.0	0.0	0.34857181443716656	0.002837043770683683	0.3457347706664829	up	41
8	42	ST18	313.92758	6.167283	0.0	0.0	0.5462894185967992	0.02055445638676482	0.5257349622100345	up	42
8	43	SH3GL3	313.56436	6.8884964	0.0	0.0	0.41231683435748534	0.007385225983161922	0.4049316083743234	up	43
8	44	GJC2	310.7783	7.224161	0.0	0.0	0.38422580862988726	0.005706765532443304	0.37851904309744394	up	44
8	45	GPR37	309.88477	5.775007	0.0	0.0	0.7431967047065974	0.05381768057560796	0.6893790241309894	up	45
8	46	ANKS1B	309.86423	5.682944	0.0	0.0	0.7060571274225134	0.04641760096013879	0.6596395264623746	up	46
8	47	TUBB4A	300.855	5.930036	0.0	0.0	0.8234857181443717	0.07988877600128336	0.7435969421430884	up	47
8	48	LRP2	300.64694	7.29052	0.0	0.0	0.33520156661489636	0.0036421106417363304	0.33155945597316006	up	48
8	49	ABCA2	298.5166	5.9196944	0.0	0.0	0.8096427847930313	0.07933027942653097	0.7303125053665004	up	49
8	50	ANLN	293.99863	5.855662	0.0	0.0	0.7914781551759066	0.0773577170561289	0.7141204381197777	up	50
8	51	KCNK1	293.79984	6.7168307	0.0	0.0	0.3668714970625971	0.006764344152719106	0.360107152909878	up	51
8	52	SLC5A11	291.0329	8.009467	0.0	0.0	0.2880005402120332	0.0018685869442513472	0.28613195326778185	up	52
8	53	PRR18	288.99496	6.4101086	0.0	0.0	0.4246066581133095	0.012872157757458008	0.41173450035585146	up	53
8	54	MYLK	288.23715	5.399051	0.0	0.0	0.6355594570869066	0.04252892002210221	0.5930305370648045	up	54
8	55	SRCIN1	288.14908	5.804712	0.0	0.0	0.49665743804443246	0.0212763429168969	0.47538109512753557	up	55
8	56	OPALIN	288.11783	7.9286056	0.0	0.0	0.3096090215409548	0.003463867054049397	0.30614515448690544	up	56
8	57	RAB40B	286.23444	5.5333447	0.0	0.0	0.7049767033560672	0.05977101640435152	0.6452056869517157	up	57
8	58	PTGDS	286.23132	7.546311	0.0	0.0	0.9809575258288878	0.16361573059075865	0.8173417952381292	up	58
8	59	FA2H	285.46994	5.9133835	0.0	0.0	0.43203457357012626	0.01422383829741725	0.417810735272709	up	59
8	60	LHPP	284.07596	5.6416845	0.0	0.0	0.7976230670538186	0.08690860262968707	0.7107144644241316	up	60
8	61	CDK18	281.5711	5.387241	0.0	0.0	0.6841110135728273	0.05699041643643537	0.627120597136392	up	61
8	62	KLHL32	280.95602	6.1243463	0.0	0.0	0.3950975757985009	0.011363028715041976	0.38373454708345894	up	62
8	63	HCN2	280.90955	6.055803	0.0	0.0	0.4892970490917685	0.022657730721470627	0.4666393183702979	up	63
8	64	LARP6	280.68878	5.630546	0.0	0.0	0.8396245526369099	0.10488743917437571	0.7347371134625342	up	64
8	65	NECAB1	280.34427	5.486564	0.0	0.0	0.5670200553717334	0.034276241912197206	0.5327438134595361	up	65
8	66	UGT8	279.78497	5.2929163	0.0	0.0	0.7278006617597407	0.06844553767178226	0.6593551240879584	up	66
8	67	GPR62	278.36642	7.6178803	0.0	0.0	0.2772638260517253	0.0024716444159254706	0.2747921816357998	up	67
8	68	SLCO1A2	276.34357	5.899483	0.0	0.0	0.38719697481261395	0.01135411653565763	0.3758428582769563	up	68
8	69	ZNF536	275.62625	5.829447	0.0	0.0	0.3887500844081302	0.011654159908263967	0.37709592449986623	up	69
8	70	LDB3	272.88535	7.053499	0.0	0.0	0.2945506111148626	0.004164958498951333	0.29038565261591126	up	70
8	71	SEMA3B	272.29297	5.270865	0.0	0.0	0.6329259234249442	0.05062414962955041	0.5823017737953938	up	71
8	72	SERPINI1	269.24667	5.6749935	0.0	0.0	0.45978796677695993	0.021718981159652782	0.43806898561730717	up	72
8	73	ASPA	266.38162	6.1852694	0.0	0.0	0.3360794111688838	0.008309121912672525	0.32777028925621127	up	73
8	74	PLEKHH1	266.07104	5.5075784	0.0	0.0	0.5241407252346546	0.0328354395783945	0.4913052856562601	up	74
8	75	PLP1	264.79346	8.224593	0.0	0.0	0.9777162536295496	0.2104492332555003	0.7672670203740493	up	75
8	76	BCAS1	264.493	4.7826705	0.0	0.0	0.6237423188601526	0.050936075908002545	0.5728062429521501	up	76
8	77	TMEM235	263.35803	7.6623497	0.0	0.0	0.24255520291714497	0.0018656162177898984	0.24068958669935506	up	77
8	78	HSPA2	261.8032	5.229732	0.0	0.0	0.7612262813154163	0.09470378886452893	0.6665224924508873	up	78
8	79	AATK	260.6919	5.121011	0.0	0.0	0.6040245796475117	0.05054096928862984	0.5534836103588818	up	79
8	80	CMTM5	260.13568	5.0364027	0.0	0.0	0.708488081572017	0.07799939397180186	0.6304886876002151	up	80
8	81	APLP1	259.73676	5.790853	0.0	0.0	0.9330812343844959	0.18447023035012983	0.7486110040343661	up	81
8	82	DNAJC6	258.90237	5.1971145	0.0	0.0	0.5502734823418192	0.04051773820770131	0.5097557441341178	up	82
8	83	ADAMTS4	258.06348	5.1769094	0.0	0.0	0.46228644743061653	0.025102638599243058	0.4371838088313735	up	83
8	84	AMER2	257.52002	5.177218	0.0	0.0	0.7783780133702478	0.1047299906719189	0.6736480226983289	up	84
8	85	CHADL	253.80672	5.13729	0.0	0.0	0.5787021405901817	0.049019957340368014	0.5296821832498136	up	85
8	86	SEC14L5	253.57787	7.335853	0.0	0.0	0.23222364778175433	0.0021389230522431955	0.23008472472951114	up	86
8	87	PIEZO2	253.54037	6.435102	0.0	0.0	0.2827334728881086	0.005656263182598673	0.2770772097055099	up	87
8	88	CDH19	253.366	5.453902	0.0	0.0	0.4029981767843879	0.018252143379141935	0.38474603340524594	up	88
8	89	LINC00320	251.37785	6.424311	0.0	0.0	0.2850293740293065	0.006134550142891943	0.27889482388641457	up	89
8	90	SLAIN1	248.49873	5.0469856	0.0	0.0	0.8580592882706463	0.15536602320731513	0.7026932650633311	up	90
8	91	GREM1	248.09195	6.698553	0.0	0.0	0.24768721723276385	0.00366884717988937	0.24401837005287447	up	91
8	92	CA2	240.93034	4.720567	0.0	0.0	0.7754743736916739	0.11770909458198908	0.6577652791096849	up	92
8	93	S1PR5	240.54053	6.203819	0.0	0.0	0.24269025592545074	0.0041144561491067025	0.23857579977634402	up	93
8	94	DAAM2	239.89665	5.0421653	0.0	0.0	0.40198527922209465	0.021683332442115396	0.38030194677997925	up	94
8	95	MBP	236.88748	6.3466954	0.0	0.0	0.9754203524883517	0.29858474591376577	0.676835606574586	up	95
8	96	PLLP	236.12082	4.5167136	0.0	0.0	0.7713552569383483	0.12063228942005479	0.6507229675182935	up	96
8	97	GPIHBP1	235.1054	6.998355	0.0	0.0	0.20798163279087042	0.0023231080928530264	0.2056585246980174	up	97
8	98	TTLL7	232.17783	4.7697973	0.0	0.0	0.7931663177797286	0.1455150942611506	0.647651223518578	up	98
8	99	KCNMB4	230.32463	4.6966467	0.0	0.0	0.7550138429333514	0.12807692993244568	0.6269369130009057	up	99
8	100	QDPR	229.2449	5.4977527	0.0	0.0	0.9401039908163954	0.279102721779584	0.6610012690368114	up	100
9	15176	RPL13A	-83.18318	-1.0877737	0.0	0.0	0.8744950952106174	0.9669187677559448	-0.09242367254532735	down	1
9	15175	RPS20	-79.05229	-1.2831551	0.0	0.0	0.6920080784766302	0.9157283233055755	-0.22372024482894537	down	2
9	15174	HSP90AB1	-73.845245	-1.3138047	0.0	0.0	0.6099971148297749	0.8641646151977557	-0.25416750036798075	down	3
9	15173	HNRNPC	-70.0691	-1.3886815	0.0	0.0	0.3915175995383728	0.7132979621581749	-0.3217803626198021	down	4
9	15172	GAPDH	-69.81158	-0.88010186	0.0	0.0	0.9329197922677438	0.9704618100917458	-0.037542017824002016	down	5
9	15171	YWHAQ	-69.21943	-1.6230627	0.0	0.0	0.30445758799769185	0.5970500321421482	-0.2925924441444564	down	6
9	15170	HNRNPK	-68.6686	-1.2999101	0.0	0.0	0.4725908828620889	0.7734733960771767	-0.3008825132150878	down	7
9	15169	YWHAE	-68.48607	-1.2746346	0.0	0.0	0.5384448932487017	0.7998062583873232	-0.2613613651386215	down	8
9	15168	ALDOA	-68.18425	-2.5769472	0.0	0.0	0.1493796884016157	0.43037299704055243	-0.28099330863893673	down	9
9	15167	RPS4Y1	-67.25827	-1.9277489	0.0	0.0	0.18263127524523948	0.4804051391888329	-0.2977738639435934	down	10
9	15166	ENO1	-66.929565	-1.347128	0.0	0.0	0.49538372763993077	0.7646454143374718	-0.269261686697541	down	11
9	15165	NCL	-66.44693	-1.3752247	0.0	0.0	0.38077034045008656	0.68884919259516	-0.3080788521450734	down	12
9	15164	CCNI	-65.3892	-1.2669964	0.0	0.0	0.4563618003462204	0.7570320206894713	-0.30067022034325086	down	13
9	15163	TPI1	-65.27887	-1.2848542	0.0	0.0	0.546667628390075	0.8007186806610914	-0.25405105227101643	down	14
9	15162	FUS	-65.27164	-1.337456	0.0	0.0	0.39065204847085977	0.6885233274973857	-0.2978712790265259	down	15
9	15161	MORF4L1	-64.18346	-1.2094065	0.0	0.0	0.46299769186381995	0.7540074001001295	-0.2910097082363095	down	16
9	15160	PKM	-64.14702	-1.3142496	0.0	0.0	0.4332083092902481	0.7117900954784736	-0.2785817861882255	down	17
9	15159	MARCKSL1	-63.303276	-1.8979464	0.0	0.0	0.25540969417195614	0.5055945112467894	-0.2501848170748333	down	18
9	15158	YWHAZ	-62.984226	-1.2810564	0.0	0.0	0.3747114829774957	0.6593317395567643	-0.2846202565792686	down	19
9	15157	EEF2	-62.73769	-1.1468701	0.0	0.0	0.552870744373918	0.8151604293124542	-0.2622896849385362	down	20
9	15156	PTMA	-61.745125	-0.60714275	0.0	0.0	0.9285920369301789	0.9564614605273682	-0.027869423597189358	down	21
9	15155	NDUFB9	-61.075092	-1.3309919	0.0	0.0	0.328332371609925	0.598018740205532	-0.269686368595607	down	22
9	15154	RTN4	-60.804092	-1.2124362	0.0	0.0	0.4634304673975765	0.7437574615701366	-0.2803269941725601	down	23
9	15153	APP	-60.070835	-1.6982276	0.0	0.0	0.25295729948066936	0.49488243675995297	-0.2419251372792836	down	24
9	15152	NUCKS1	-60.064564	-1.2315359	0.0	0.0	0.4354443162146567	0.7094142426747008	-0.2739699264600441	down	25
9	15151	HSP90B1	-59.661293	-1.2482027	0.0	0.0	0.43003462204270054	0.6993064998237366	-0.26927187778103606	down	26
9	15150	ST13	-59.59675	-1.2121638	0.0	0.0	0.36605597230236586	0.6412017904805918	-0.2751458181782259	down	27
9	15149	RTN3	-59.453125	-1.3613907	0.0	0.0	0.30503462204270054	0.5691915286924218	-0.2641569066497213	down	28
9	15148	EIF4G2	-59.41344	-1.1749434	0.0	0.0	0.40435660703981535	0.6820445368716358	-0.27768792983182045	down	29
9	15147	PGK1	-59.39371	-1.2686032	0.0	0.0	0.39829774956722447	0.661861637679485	-0.26356388811226056	down	30
9	15146	CANX	-59.29019	-1.2015886	0.0	0.0	0.39620600115406807	0.6740549171562049	-0.27784891600213685	down	31
9	15145	BZW1	-58.40665	-1.30529	0.0	0.0	0.3046739757645701	0.5621469177605366	-0.2574729419959665	down	32
9	15144	HLA-A	-57.97302	-0.89310867	0.0	0.0	0.7699798038084247	0.8982560292449113	-0.12827622543648665	down	33
9	15143	ACTB	-57.861504	-0.5152412	0.0	0.0	0.9824725908828621	0.9869002230694714	-0.004427632186609354	down	34
9	15142	RPL31	-57.784515	-0.93538946	0.0	0.0	0.7531015579919216	0.914872186821423	-0.16177062882950144	down	35
9	15141	SEC61G	-57.776695	-1.5804374	0.0	0.0	0.5520051933064051	0.7786250270319911	-0.22661983372558603	down	36
9	15140	HSPA5	-57.682686	-1.3530003	0.0	0.0	0.3348240046162724	0.5879495086843048	-0.25312550406803247	down	37
9	15139	TMED2	-57.247414	-1.3349748	0.0	0.0	0.28534333525678013	0.5332308339480334	-0.24788749869125326	down	38
9	15138	TTC3	-56.95873	-1.3587003	0.0	0.0	0.28974321984997115	0.5428823656621135	-0.2531391458121423	down	39
9	15137	DSTN	-56.907322	-1.2427071	0.0	0.0	0.3742787074437392	0.6132159034017354	-0.23893719595799617	down	40
9	15136	CCT6A	-56.867664	-1.4523135	0.0	0.0	0.2983266012694749	0.5450093760275859	-0.246682774758111	down	41
9	15135	PDIA3	-56.827606	-1.1955305	0.0	0.0	0.3454270051933064	0.6057624798926423	-0.26033547469933593	down	42
9	15134	TAX1BP1	-56.543945	-1.2750887	0.0	0.0	0.287867859203693	0.5471837849527348	-0.2593159257490418	down	43
9	15133	ACTG1	-56.49512	-0.7393749	0.0	0.0	0.8409549913444894	0.9277023844437927	-0.08674739309930335	down	44
9	15132	SF3B2	-56.45667	-1.4062417	0.0	0.0	0.2440132717830352	0.4878348634180879	-0.2438215916350527	down	45
9	15131	APLP2	-56.071922	-1.1802027	0.0	0.0	0.35278418926716676	0.6257468976161487	-0.2729627083489819	down	46
9	15130	SRP9	-55.993114	-1.1781224	0.0	0.0	0.36158395845354874	0.6136069415190646	-0.25202298306551585	down	47
9	15129	RPL7	-55.90197	-0.8210768	0.0	0.0	0.7950086555106751	0.9076053951410552	-0.11259673963038008	down	48
9	15128	KHDRBS1	-55.796127	-1.3432188	0.0	0.0	0.2619734564339296	0.5065010087005981	-0.2445275522666685	down	49
9	15127	MORF4L2	-55.683235	-1.4352306	0.0	0.0	0.26096364685516443	0.4951964522178082	-0.2342328053626438	down	50
9	15126	STMN1	-55.370625	-1.4836174	0.0	0.0	0.3387189844200808	0.5588379058131371	-0.22011892139305628	down	51
9	15125	PDIA6	-55.25382	-1.2041967	0.0	0.0	0.3390796306982112	0.5870992970201118	-0.2480196663219006	down	52
9	15124	CRYAB	-55.09921	-2.309341	0.0	0.0	0.18104443162146566	0.39469373124424184	-0.21364929962277618	down	53
9	15123	RDX	-55.01745	-1.3483467	0.0	0.0	0.2784189267166763	0.519138649674283	-0.24071972295760674	down	54
9	15122	CNBP	-54.937828	-1.1068277	0.0	0.0	0.36850836699365264	0.6296869028892385	-0.2611785358955858	down	55
9	15121	SKP1	-54.148514	-0.9878805	0.0	0.0	0.6010530871321408	0.8254311047123055	-0.22437801758016473	down	56
9	15120	GPM6B	-54.145336	-1.4928838	0.0	0.0	0.3404500865551068	0.5261565989163505	-0.1857065123612437	down	57
9	15119	TAF7	-54.096386	-1.39234	0.0	0.0	0.24415753029428736	0.47469065033786284	-0.23053312004357548	down	58
9	15118	HNRNPA3	-54.048843	-1.0781265	0.0	0.0	0.4151038661281016	0.6712969134650421	-0.2561930473369405	down	59
9	15117	PTP4A2	-53.885323	-1.1741222	0.0	0.0	0.3190998268897865	0.565328546078806	-0.2462287191890195	down	60
9	15116	HNRNPA0	-53.781303	-1.187491	0.0	0.0	0.3091459896133872	0.5490826897497653	-0.23993670013637808	down	61
9	15115	GPBP1	-53.721462	-1.2859532	0.0	0.0	0.2619734564339296	0.49689391313621456	-0.23492045670228495	down	62
9	15114	TUBA1A	-53.34333	-1.2835122	0.0	0.0	0.5804962492787075	0.7384458604764148	-0.15794961119770734	down	63
9	15113	EIF4H	-53.317204	-1.3006366	0.0	0.0	0.26457010963646854	0.49272876470466254	-0.228158655068194	down	64
9	15112	TUBB	-53.185444	-1.1579294	0.0	0.0	0.46184362377380267	0.690448893984234	-0.22860527021043137	down	65
9	15111	SBDS	-53.127045	-1.2812222	0.0	0.0	0.2787795729948067	0.5069157460977655	-0.22813617310295875	down	66
9	15110	RAB7A	-53.05953	-1.1236212	0.0	0.0	0.32328332371609925	0.5665875703202069	-0.24330424660410765	down	67
9	15109	VAPA	-52.97545	-1.033787	0.0	0.0	0.40435660703981535	0.6566181720152979	-0.2522615649754826	down	68
9	15108	TPM4	-52.53216	-1.2740759	0.0	0.0	0.27048470859780727	0.5006828355003362	-0.23019812690252894	down	69
9	15107	HMGN2	-52.51014	-1.1071328	0.0	0.0	0.5	0.739624899648362	-0.23962489964836198	down	70
9	15106	QKI	-52.48311	-1.1114398	0.0	0.0	0.42080207732256203	0.6698719942647743	-0.24906991694221225	down	71
9	15105	FKBP2	-52.417747	-1.5344008	0.0	0.0	0.1852279284477784	0.40707956736964657	-0.22185163892186816	down	72
9	15104	TERF2IP	-52.394897	-1.2667377	0.0	0.0	0.27250432775533756	0.5017463406830724	-0.22924201292773488	down	73
9	15103	P4HB	-52.247936	-1.130062	0.0	0.0	0.33698788228505483	0.5746157013653748	-0.23762781908031994	down	74
9	15102	EID1	-52.23193	-1.0414237	0.0	0.0	0.44020484708597807	0.6807825502202551	-0.24057770313427707	down	75
9	15101	CBX3	-52.209644	-1.0940663	0.0	0.0	0.39591748413156375	0.6325693277995514	-0.2366518436679877	down	76
9	15100	CALD1	-51.992874	-1.8459525	0.0	0.0	0.19078188113098674	0.38635454715119844	-0.1955726660202117	down	77
9	15099	HNRNPA1	-51.962284	-0.90418833	0.0	0.0	0.6420946335833814	0.8478624730790993	-0.20576783949571797	down	78
9	15098	HNRNPD	-51.66122	-1.1776171	0.0	0.0	0.30907386035776113	0.5416470407005507	-0.23257318034278956	down	79
9	15097	HNRNPR	-51.618504	-1.1998504	0.0	0.0	0.28700230813618005	0.5159955326857505	-0.22899322454957044	down	80
9	15096	TCEA1	-51.601624	-1.1412524	0.0	0.0	0.30633294864397	0.5397185118037225	-0.23338556315975256	down	81
9	15095	DPYSL2	-51.498386	-1.1677164	0.0	0.0	0.34290248124639355	0.5729834134665233	-0.2300809322201297	down	82
9	15094	HSP90AA1	-51.272614	-0.76408	0.0	0.0	0.8396566647432199	0.9239697478692867	-0.08431308312606678	down	83
9	15093	MDK	-51.08661	-1.8123468	0.0	0.0	0.17815926139642238	0.3756335854344226	-0.19747432403800022	down	84
9	15092	RPS17	-50.53832	-0.86580616	0.0	0.0	0.7124927870744374	0.8572088765652633	-0.14471608949082593	down	85
9	15091	KMT2E	-50.53808	-1.2180057	0.0	0.0	0.2662290825158684	0.4861848010593578	-0.2199557185434894	down	86
9	15090	PTP4A1	-50.39352	-2.3925087	0.0	0.0	0.0659261396422389	0.2516182164514476	-0.1856920768092087	down	87
9	15089	HNRNPM	-50.37841	-1.0938009	0.0	0.0	0.33042412002308136	0.5576796035110483	-0.22725548348796692	down	88
9	15088	ANAPC11	-50.377285	-1.0074807	0.0	0.0	0.4367426428159261	0.6664178242283663	-0.22967518141244014	down	89
9	15087	HSPD1	-50.18903	-1.0734001	0.0	0.0	0.3958453548759377	0.6278916824414998	-0.23204632756556215	down	90
9	15086	ARL6IP1	-50.152287	-1.0320609	0.0	0.0	0.4433064050778996	0.6946614409754623	-0.25135503589756275	down	91
9	15085	AP2M1	-50.050358	-1.0110534	0.0	0.0	0.37009521061742645	0.6044353202217068	-0.2343401096042803	down	92
9	15084	PPP2CA	-50.045532	-1.3395727	0.0	0.0	0.2220859780727063	0.4286014758726519	-0.2065154977999456	down	93
9	15083	TBCB	-49.988453	-1.1229353	0.0	0.0	0.3618724754760531	0.5751667096216114	-0.21329423414555831	down	94
9	15082	MAP1B	-49.665154	-1.5573553	0.0	0.0	0.23023658395845356	0.42332838610866713	-0.19309180215021357	down	95
9	15081	NONO	-49.653046	-1.2190334	0.0	0.0	0.2563473744950952	0.46870954458871383	-0.21236217009361863	down	96
9	15080	MRFAP1	-49.5008	-1.0159577	0.0	0.0	0.3937536064627813	0.6187319107840611	-0.2249783043212798	down	97
9	15079	EIF4A2	-49.188953	-0.94023305	0.0	0.0	0.4519619157530294	0.6864733397913871	-0.23451142403835773	down	98
9	15078	PTGES3	-49.13731	-0.93181473	0.0	0.0	0.4736728216964801	0.7101548451696424	-0.23648202347316233	down	99
9	15077	LAMP1	-49.07747	-1.1347288	0.0	0.0	0.28700230813618005	0.5043354870053887	-0.2173331788692086	down	100
9	1	HBB	235.70415	5.1024933	0.0	0.0	0.4984852856318523	0.038481705637169954	0.46000357999468233	up	1
9	2	GNLY	193.51286	4.076258	0.0	0.0	0.46732544720138486	0.05194585899520978	0.4153795882061751	up	2
9	3	HBA2	165.03238	4.320067	0.0	0.0	0.2968118869013272	0.027535600761931848	0.26927628613939536	up	3
9	4	HLA-DPB1	157.20744	3.3956985	0.0	0.0	0.9649451817657242	0.45137352138711884	0.5135716603786054	up	4
9	5	HLA-DPA1	151.22444	3.3008547	0.0	0.0	0.9719417195614541	0.4551031955516452	0.516838524009809	up	5
9	6	HLA-DRB5	149.39037	3.145417	0.0	0.0	0.6668349682631275	0.17612712293705174	0.49070784532607575	up	6
9	7	APOE	149.3327	3.6384711	0.0	0.0	0.996393537218696	0.7601188518883882	0.2362746853303077	up	7
9	8	HLA-DRB1	148.19035	3.2862122	0.0	0.0	0.9760530871321408	0.4700100425698314	0.5060430445623094	up	8
9	9	APOC1	146.60022	3.7122898	0.0	0.0	0.9882429313329486	0.5413093259628573	0.4469336053700913	up	9
9	10	MT-ND3	144.2773	2.561114	0.0	0.0	0.978000577034045	0.8320906023468212	0.14590997468722378	up	10
9	11	HLA-DRA	137.59633	3.3420796	0.0	0.0	0.9922100403923831	0.544159164363393	0.4480508760289902	up	11
9	12	FTL	131.3935	2.2360961	0.0	0.0	0.9997114829774957	0.9760726145934241	0.023638868384071587	up	12
9	13	RPS23	128.3216	1.2922878	0.0	0.0	0.9935083669936526	0.9531524485799687	0.04035591841368391	up	13
9	14	CYBA	127.34766	2.5178502	0.0	0.0	0.9457587997691864	0.5121740238118514	0.433584775957335	up	14
9	15	RPS24	126.0827	1.5272553	0.0	0.0	0.9895412579342181	0.9137375837991722	0.07580367413504585	up	15
9	16	NME2	126.08219	2.5167007	0.0	0.0	0.8102279284477785	0.41698586634198653	0.39324206210579193	up	16
9	17	RPS10	124.216324	1.7658759	0.0	0.0	0.9658828620888632	0.8375355118896325	0.12834735019923071	up	17
9	18	TPT1	124.0113	1.5575767	0.0	0.0	0.996465666474322	0.9414835156696676	0.054982150804654406	up	18
9	19	RPS12	122.56304	1.3326702	0.0	0.0	0.9958886324293134	0.9516534691302068	0.044235163299106595	up	19
9	20	S100A11	121.19082	2.3402524	0.0	0.0	0.959535487593768	0.6112755248649882	0.3482599627287799	up	20
9	21	MT-ATP6	120.746346	2.1687312	0.0	0.0	0.9789382573571841	0.8451074317979163	0.13383082555926784	up	21
9	22	RPL30	118.4655	1.2700839	0.0	0.0	0.9908395845354876	0.9414183426501127	0.04942124188537489	up	22
9	23	C1QC	118.130745	2.6643891	0.0	0.0	0.9396999422965955	0.40992348095022263	0.5297764613463729	up	23
9	24	RPS21	116.72282	1.3715588	0.0	0.0	0.9794431621465667	0.9122000930196734	0.06724306912689326	up	24
9	25	HLA-DQA1	116.31105	2.3275492	0.0	0.0	0.6635170225043278	0.24862025755192363	0.41489676495240413	up	25
9	26	AIF1	116.01062	2.387363	0.0	0.0	0.8967830351990768	0.41440264483962996	0.4823803903594468	up	26
9	27	C1QA	114.88553	2.727935	0.0	0.0	0.9557847663012118	0.456972476248878	0.4988122900523338	up	27
9	28	MT-CO2	114.74489	1.6273366	0.0	0.0	0.9823283323716099	0.8804252835766954	0.10190304879491452	up	28
9	29	C1QB	114.62567	2.964467	0.0	0.0	0.9777841892671668	0.4837645121058884	0.4940196771612784	up	29
9	30	TYROBP	114.52313	2.6790633	0.0	0.0	0.9646566647432199	0.4639400645212894	0.5007166002219305	up	30
9	31	RPL37	114.02265	1.259545	0.0	0.0	0.9897576457010964	0.9314972316278739	0.058260414073222466	up	31
9	32	RPL13	113.932625	0.96279275	0.0	0.0	0.997331217541835	0.9767835929885681	0.020547624553266863	up	32
9	33	C3	113.776794	2.2682683	0.0	0.0	0.8046018465089441	0.360134256420283	0.44446759008866105	up	33
9	34	RPL26	113.679245	1.2038168	0.0	0.0	0.9914166185804962	0.9419960125961673	0.04942060598432896	up	34
9	35	RGS10	112.06519	2.1442597	0.0	0.0	0.7767599538372764	0.3722801373373267	0.4044798164999497	up	35
9	36	RPLP1	111.6222	0.9208716	0.0	0.0	0.9985574148874784	0.982169254331784	0.016388160555694364	up	36
9	37	HLA-DQB1	111.59981	2.1780117	0.0	0.0	0.7549047893825735	0.32955329819915097	0.4253514911834226	up	37
9	38	MT-CYB	110.83335	1.7348648	0.0	0.0	0.9780727062896711	0.8423523905167332	0.13572031577293797	up	38
9	39	RPS28	110.22205	0.9597964	0.0	0.0	0.9950230813618004	0.9708735850789334	0.024149496282867	up	39
9	40	RPS4X	109.54747	1.1813506	0.0	0.0	0.9882429313329486	0.9272224740270705	0.06102045730587813	up	40
9	41	RPL11	109.179985	1.0002774	0.0	0.0	0.9933641084824004	0.9596223519757794	0.033741756506621035	up	41
9	42	MT-CO3	106.52323	1.6190778	0.0	0.0	0.9819676860934795	0.8728652133083306	0.10910247278514895	up	42
9	43	CD81	106.15358	1.6596344	0.0	0.0	0.9018320830929025	0.7033383398061991	0.19849374328670344	up	43
9	44	RPS19	105.79289	0.8889739	0.0	0.0	0.9982688978649741	0.9809931775698166	0.01727572029515745	up	44
9	45	RPL36A	105.670975	1.6125151	0.0	0.0	0.9487882285054818	0.8041550762376208	0.144633152267861	up	45
9	46	CEBPD	105.42994	1.8872116	0.0	0.0	0.8946191575302943	0.6104667869405118	0.2841523705897825	up	46
9	47	RPL19	103.919014	0.8913699	0.0	0.0	0.992931332948644	0.9603836913405794	0.03254764160806456	up	47
9	48	S100A4	103.584694	2.122775	0.0	0.0	0.7614685516445471	0.3418621116650818	0.4196064399794653	up	48
9	49	RPL41	102.93371	0.8614151	0.0	0.0	0.9978361223312175	0.9831409248051475	0.01469519752607007	up	49
9	50	EEF1B2	102.17071	1.4169971	0.0	0.0	0.9124350836699365	0.7629301789591869	0.14950490471074962	up	50
9	51	HBA1	102.06596	3.7570732	0.0	0.0	0.13545874206578187	0.014578019510432126	0.12088072255534975	up	51
9	52	FAU	101.59734	0.91963905	0.0	0.0	0.9857905366416618	0.9464988757654127	0.039291660876249135	up	52
9	53	RPL7A	101.312836	1.1073303	0.0	0.0	0.9803808424697057	0.9095783601875798	0.07080248228212593	up	53
9	54	RPS27	101.17489	1.0349957	0.0	0.0	0.993869013271783	0.9641696512947213	0.02969936197706169	up	54
9	55	RPL28	98.60955	0.96246433	0.0	0.0	0.9904068090017311	0.945580528671685	0.0448262803300461	up	55
9	56	TREM2	98.26433	1.9123764	0.0	0.0	0.7385314483554529	0.33257495637851303	0.4059564919769399	up	56
9	57	HLA-DMA	97.95827	1.8906385	0.0	0.0	0.7269186381996537	0.34898670766642076	0.377931930533233	up	57
9	58	RPS27A	97.82833	0.84906936	0.0	0.0	0.9934362377380266	0.9622381599879134	0.031198077750113185	up	58
9	59	MS4A6A	97.79893	1.9100066	0.0	0.0	0.7067224466243508	0.31528929414657414	0.39143315247777666	up	59
9	60	NACA	97.422905	1.019951	0.0	0.0	0.9590305828043855	0.8957379807621096	0.06329260204227583	up	60
9	61	IL18	97.002266	2.0369499	0.0	0.0	0.5767455279861512	0.24484614723770082	0.3318993807484504	up	61
9	62	GABARAP	96.90883	1.8768944	0.0	0.0	0.7851269474899019	0.4914134546736461	0.29371349281625575	up	62
9	63	RPL12	96.80714	0.9959837	0.0	0.0	0.9886757068667051	0.9347618074255769	0.05391389944112823	up	63
9	64	RPL10	96.387405	0.8596754	0.0	0.0	0.9968263127524524	0.9768250667282848	0.02000124602416753	up	64
9	65	MT-ND4	96.12575	1.357893	0.0	0.0	0.9819676860934795	0.8777146784452088	0.10425300764827072	up	65
9	66	CD74	96.043594	2.5790792	0.0	0.0	0.991200230813618	0.594715653078092	0.3964845777355259	up	66
9	67	MT-CO1	95.19456	1.527063	0.0	0.0	0.9821840738603578	0.8738783575214109	0.10830571633894692	up	67
9	68	RNASET2	94.25883	1.8872805	0.0	0.0	0.8649740334679746	0.5057722558455755	0.35920177762239913	up	68
9	69	RPL17	92.74201	1.8105062	0.0	0.0	0.9280871321407963	0.7020882027947376	0.2259989293460587	up	69
9	70	CCL5	92.07266	1.8948231	0.0	0.0	0.3884881708020773	0.1187719033187879	0.2697162674832894	up	70
9	71	CAPG	91.14961	1.8087147	0.0	0.0	0.7026832083092902	0.3840409049570006	0.3186423033522896	up	71
9	72	FCER1G	90.292404	1.9068767	0.0	0.0	0.853866128101558	0.4264389165874222	0.4274272115141358	up	72
9	73	RPL34	90.18342	0.8919133	0.0	0.0	0.9944460473167916	0.9627832434241904	0.03166280389260123	up	73
9	74	SPP1	90.02279	2.2581625	0.0	0.0	0.985862665897288	0.7396841478479572	0.24617851804933077	up	74
9	75	CCL4	89.97153	1.841681	0.0	0.0	0.8346797461050202	0.4453242802084352	0.389355465896585	up	75
9	76	IFI30	88.62714	1.8096157	0.0	0.0	0.5795585689555683	0.251955931189141	0.32760263776642734	up	76
9	77	CCL3	87.83497	1.8153329	0.0	0.0	0.8712492787074437	0.4764118105361073	0.3948374681713364	up	77
9	78	RPS3	86.73913	0.90347815	0.0	0.0	0.9816791690709752	0.9297049735901151	0.05197419548086013	up	78
9	79	RPL36AL	86.67778	1.159377	0.0	0.0	0.8805539526832084	0.7806661275080503	0.09988782517515804	up	79
9	80	RPS26	86.663895	1.0393115	0.0	0.0	0.9474899019042123	0.8707293157129188	0.07676058619129356	up	80
9	81	GPR34	86.381004	1.6737149	0.0	0.0	0.6394258511252164	0.2943154314898256	0.34511041963539085	up	81
9	82	RPL18	86.22151	0.8070524	0.0	0.0	0.9822562031159838	0.9401089574390559	0.04214724567692796	up	82
9	83	MT-ND1	84.20839	1.3317086	0.0	0.0	0.9679746105020196	0.8254459167622044	0.14252869373981525	up	83
9	84	CFD	84.156525	1.9454051	0.0	0.0	0.4669648009232545	0.1957175401332492	0.2712472607900053	up	84
9	85	PYCARD	84.02537	1.7342242	0.0	0.0	0.5983843046739757	0.30634281600767854	0.2920414886662972	up	85
9	86	RPS7	83.37296	0.83882785	0.0	0.0	0.971004039238315	0.9154617064073965	0.05554233283091847	up	86
9	87	RPS14	83.20899	0.69838053	0.0	0.0	0.9924985574148875	0.9684888450452211	0.024009712369666314	up	87
9	88	RNASEK	82.82706	1.6624514	0.0	0.0	0.6706578188113098	0.3955765294182123	0.2750812893930975	up	88
9	89	RPL24	82.71741	0.82272685	0.0	0.0	0.9645124062319677	0.9191232451423882	0.045389161089579466	up	89
9	90	NUPR1	82.67403	1.728599	0.0	0.0	0.6115839584535487	0.32266865740617307	0.28891530104737567	up	90
9	91	CST3	82.67084	1.2139119	0.0	0.0	0.9896133871898442	0.8711440531100861	0.11846933407975802	up	91
9	92	RPL3	82.349464	0.78039837	0.0	0.0	0.9869446047316792	0.9465995977047248	0.04034500702695443	up	92
9	93	RPL5	81.247154	0.8559124	0.0	0.0	0.9606895556837853	0.9008362883372881	0.05985326734649721	up	93
9	94	ITGB2	81.19973	1.5632051	0.0	0.0	0.6790248124639354	0.3611977616030193	0.3178270508609161	up	94
9	95	RPL36	81.11057	0.77872777	0.0	0.0	0.98766589728794	0.9458441831598843	0.04182171412805569	up	95
9	96	RPL32	79.82168	0.68279815	0.0	0.0	0.9924985574148875	0.9690694774012555	0.023429080013631975	up	96
9	97	PLD4	79.46741	1.9167995	0.0	0.0	0.3998124639353722	0.15682702191887143	0.24298544201650074	up	97
9	98	ARPC3	79.17762	1.0803698	0.0	0.0	0.8550923254472014	0.7512908701486833	0.10380145529851803	up	98
9	99	RGS1	78.1405	1.6861838	0.0	0.0	0.8501875360646278	0.45172901058469084	0.398458525479937	up	99
9	100	MT-ND2	77.95915	1.1686094	0.0	0.0	0.9724466243508367	0.846493839668447	0.12595278468238968	up	100
10	15176	PEBP1	-83.6938	-3.158345	0.0	0.0	0.278391167192429	0.7338352357521437	-0.4554440685597147	down	1
10	15175	CKB	-77.364426	-6.0292296	0.0	0.0	0.03406940063091483	0.5606933903624304	-0.5266239897315156	down	2
10	15174	PTN	-76.85291	-6.0864334	0.0	0.0	0.04274447949526814	0.5614671082944301	-0.518722628799162	down	3
10	15173	MT3	-76.316124	-5.191209	0.0	0.0	0.06829652996845426	0.5804014639786489	-0.5121049340101946	down	4
10	15172	APOE	-75.61835	-3.55082	0.0	0.0	0.4861198738170347	0.7746452343901683	-0.2885253605731336	down	5
10	15171	CLU	-74.72629	-4.5675917	0.0	0.0	0.11719242902208202	0.6002312460336089	-0.48303881701152684	down	6
10	15170	STMN1	-73.67592	-4.7767625	0.0	0.0	0.07160883280757098	0.5589460049204983	-0.4873371721129273	down	7
10	15169	TUBA1B	-73.58686	-2.0605934	0.0	0.0	0.6498422712933754	0.8295994923019413	-0.17975722100856595	down	8
10	15168	GPM6B	-72.89773	-5.7009835	0.0	0.0	0.0417981072555205	0.527594490664673	-0.4857963834091525	down	9
10	15167	S100B	-72.471	-5.0066223	0.0	0.0	0.062145110410094635	0.5427384978280839	-0.4805933874179893	down	10
10	15166	NDUFA4	-70.79032	-1.5878558	0.0	0.0	0.7632492113564668	0.86835493658121	-0.10510572522474315	down	11
10	15165	TUBA1A	-70.472664	-2.9954567	0.0	0.0	0.44542586750788643	0.7374835910944196	-0.2920577235865332	down	12
10	15164	DBI	-69.78892	-1.9507192	0.0	0.0	0.7449526813880126	0.8547293870820981	-0.10977670569408549	down	13
10	15163	PRDX2	-69.033775	-3.1760268	0.0	0.0	0.19242902208201892	0.6040331858342969	-0.41160416375227793	down	14
10	15162	PTPRZ1	-68.212845	-5.567754	0.0	0.0	0.0417981072555205	0.4908878051042201	-0.44908969784869956	down	15
10	15161	TUBB2B	-67.63516	-6.043157	0.0	0.0	0.024921135646687697	0.47138547670587416	-0.4464643410591865	down	16
10	15160	LDHB	-66.53851	-2.2114458	0.0	0.0	0.38753943217665615	0.7022026329592248	-0.31466320078256865	down	17
10	15159	TCF4	-66.45573	-3.369325	0.0	0.0	0.13107255520504732	0.5540399957112264	-0.42296744050617907	down	18
10	15158	PTMS	-65.49176	-2.8550038	0.0	0.0	0.22334384858044165	0.5956990556004718	-0.3723552070200301	down	19
10	15157	NOVA1	-64.46294	-6.27123	0.0	0.0	0.0138801261829653	0.43603786871136846	-0.42215774252840316	down	20
10	15156	UBB	-64.46083	-1.3263907	0.0	0.0	0.8141955835962145	0.8873733290445598	-0.07317774544834532	down	21
10	15155	HTRA1	-64.4427	-3.0875936	0.0	0.0	0.13154574132492114	0.5504727793281115	-0.4189270380031903	down	22
10	15154	CD9	-63.96209	-2.8000152	0.0	0.0	0.1976340694006309	0.592552023113012	-0.39491795371238114	down	23
10	15153	HSPB1	-63.702774	-2.5991523	0.0	0.0	0.29258675078864355	0.6585759533103246	-0.36598920252168105	down	24
10	15152	NUCKS1	-62.91862	-1.9618248	0.0	0.0	0.4411671924290221	0.7033356805675091	-0.262168488138487	down	25
10	15151	SOD1	-62.689335	-1.9293065	0.0	0.0	0.4168769716088328	0.7068652252910136	-0.2899882536821808	down	26
10	15150	COX6A1	-61.819817	-1.4593961	0.0	0.0	0.6488958990536278	0.8058808358471922	-0.1569849367935644	down	27
10	15149	SOX2	-61.647144	-6.121929	0.0	0.0	0.014511041009463722	0.41132236218692675	-0.39681132117746304	down	28
10	15148	MAP1B	-61.434307	-5.1814184	0.0	0.0	0.026025236593059938	0.42287017476752237	-0.3968449381744624	down	29
10	15147	GPM6A	-61.412315	-6.356971	0.0	0.0	0.013249211356466877	0.407853671682793	-0.3946044603263261	down	30
10	15146	SCRG1	-60.60301	-5.345313	0.0	0.0	0.028548895899053628	0.41617331281676795	-0.3876244169177143	down	31
10	15145	IGFBP2	-60.457947	-4.5533366	0.0	0.0	0.07555205047318612	0.45283073543773017	-0.37727868496454403	down	32
10	15144	PON2	-60.45045	-4.3666472	0.0	0.0	0.051261829652996846	0.4378808822123117	-0.38661905255931484	down	33
10	15143	DST	-59.87201	-3.6571243	0.0	0.0	0.07649842271293375	0.46018540252168294	-0.3836869798087492	down	34
10	15142	FABP7	-59.83497	-5.9015803	0.0	0.0	0.019085173501577287	0.40009620762300524	-0.38101103412142795	down	35
10	15141	ZNF428	-59.568924	-3.0323277	0.0	0.0	0.15078864353312302	0.5122592273832396	-0.36147058385011654	down	36
10	15140	PMP2	-59.508076	-6.023012	0.0	0.0	0.016561514195583597	0.39479319707783833	-0.3782316828822547	down	37
10	15139	BCAN	-59.371902	-6.6735115	0.0	0.0	0.012460567823343848	0.38882368793956307	-0.3763631201162192	down	38
10	15138	CNN3	-59.19004	-5.688666	0.0	0.0	0.017665615141955835	0.3936949233091945	-0.3760293081672386	down	39
10	15137	GATM	-59.009228	-5.073353	0.0	0.0	0.02413249211356467	0.4002179160617467	-0.37608542394818206	down	40
10	15136	TOMM7	-58.694077	-1.0816981	0.0	0.0	0.8091482649842271	0.8766282125956643	-0.06747994761143716	down	41
10	15135	CALD1	-57.674862	-5.2298098	0.0	0.0	0.021293375394321766	0.3852043107969874	-0.36391093540266567	down	42
10	15134	CRYAB	-57.65882	-5.411103	0.0	0.0	0.02917981072555205	0.3928255773181835	-0.3636457665926315	down	43
10	15133	COX6C	-56.96005	-1.1637832	0.0	0.0	0.7474763406940063	0.8378553813965753	-0.09037904070256908	down	44
10	15132	SCD5	-56.481968	-5.87003	0.0	0.0	0.013564668769716088	0.3657889169977426	-0.3522242482280265	down	45
10	15131	RAMP1	-56.429024	-5.2490377	0.0	0.0	0.019873817034700314	0.37309721896217474	-0.3532234019274744	down	46
10	15130	MDK	-56.40657	-5.272777	0.0	0.0	0.022082018927444796	0.3741954927308186	-0.35211347380337377	down	47
10	15129	FEZ1	-56.144882	-6.0262756	0.0	0.0	0.01056782334384858	0.3598976489986583	-0.3493298256548097	down	48
10	15128	ADGRG1	-56.009026	-5.018177	0.0	0.0	0.022397476340694007	0.37245680074879667	-0.35005932440810267	down	49
10	15127	RPL31	-55.986126	-1.1105218	0.0	0.0	0.8518927444794953	0.9095300605354592	-0.057637316055963894	down	50
10	15126	SPARC	-55.653996	-3.887329	0.0	0.0	0.07476340694006309	0.420618568650804	-0.34585516171074093	down	51
10	15125	GAP43	-55.56403	-5.629823	0.0	0.0	0.016403785488958992	0.36127121566445564	-0.34486743017549665	down	52
10	15124	C1QC	-55.50506	-3.918588	0.0	0.0	0.10236593059936909	0.4368579517628888	-0.33449202116351967	down	53
10	15123	SPARCL1	-55.422684	-5.077076	0.0	0.0	0.033438485804416405	0.37683250890355185	-0.34339402309913547	down	54
10	15122	PCSK1N	-55.32761	-5.7360764	0.0	0.0	0.01892744479495268	0.36038448275362445	-0.34145703795867177	down	55
10	15121	CD59	-55.07319	-2.9602098	0.0	0.0	0.10331230283911672	0.45180200934836723	-0.3484897065092505	down	56
10	15120	A2M	-54.87701	-3.8604648	0.0	0.0	0.07728706624605679	0.4131914560676003	-0.3359043898215435	down	57
10	15119	BAALC	-54.716427	-5.416199	0.0	0.0	0.016403785488958992	0.35385859218110216	-0.33745480669214317	down	58
10	15118	EPB41L2	-54.551796	-3.5894642	0.0	0.0	0.07050473186119874	0.41003573012023053	-0.33953099825903177	down	59
10	15117	GFAP	-54.22933	-4.71608	0.0	0.0	0.033753943217665616	0.37054134174860254	-0.3367873985309369	down	60
10	15116	NDUFS5	-54.095024	-1.332565	0.0	0.0	0.6176656151419558	0.7666733316525978	-0.14900771651064193	down	61
10	15115	C1QB	-54.087154	-3.364793	0.0	0.0	0.20757097791798107	0.5086862153601845	-0.3011152374422035	down	62
10	15114	AKR1B1	-53.96125	-2.6610045	0.0	0.0	0.1361198738170347	0.47242869189508735	-0.3363088180780527	down	63
10	15113	ITM2C	-53.9377	-3.8929973	0.0	0.0	0.05930599369085174	0.3934109369521309	-0.33410494326127915	down	64
10	15112	TSC22D4	-53.685345	-2.7721102	0.0	0.0	0.20725552050473187	0.5071561664160052	-0.2999006459112734	down	65
10	15111	FSCN1	-53.682106	-3.3985245	0.0	0.0	0.07791798107255521	0.41051966605522666	-0.33260168498267145	down	66
10	15110	DSTN	-53.387253	-1.9180369	0.0	0.0	0.35173501577287064	0.6084204852689322	-0.2566854694960616	down	67
10	15109	LGALS3BP	-53.366375	-4.1550856	0.0	0.0	0.03690851735015773	0.3672552139025811	-0.3303466965524234	down	68
10	15108	NFIA	-53.337227	-2.9975708	0.0	0.0	0.09227129337539432	0.43123038538107783	-0.3389590920056835	down	69
10	15107	NENF	-53.30966	-2.231025	0.0	0.0	0.2246056782334385	0.5329235815895702	-0.30831790335613174	down	70
10	15106	ATP6V0E2	-52.797985	-4.1261973	0.0	0.0	0.045425867507886436	0.3678318800766184	-0.3224060125687319	down	71
10	15105	MYL6B	-52.62514	-3.6311374	0.0	0.0	0.057570977917981075	0.3822514322475202	-0.32468045432953907	down	72
10	15104	METRN	-52.435265	-3.5256732	0.0	0.0	0.12255520504731861	0.43012341815252386	-0.30756821310520527	down	73
10	15103	MAP2	-52.182682	-6.157804	0.0	0.0	0.008832807570977918	0.3226519689237786	-0.3138191613528007	down	74
10	15102	NCAM1	-51.961258	-5.7461205	0.0	0.0	0.011356466876971609	0.32390672497080447	-0.31255025809383286	down	75
10	15101	TCEAL4	-51.76404	-2.1133966	0.0	0.0	0.2304416403785489	0.5326656756122369	-0.302224035233688	down	76
10	15100	TTYH1	-51.55039	-6.2307653	0.0	0.0	0.008832807570977918	0.3166447881258929	-0.307811980554915	down	77
10	15099	MGST3	-51.43142	-1.7486203	0.0	0.0	0.33785488958990534	0.6054965849191654	-0.26764169532926	down	78
10	15098	HINT1	-51.28665	-1.1061596	0.0	0.0	0.7053627760252366	0.8013573388739651	-0.09599456284872854	down	79
10	15097	BEX1	-51.162033	-5.503448	0.0	0.0	0.014668769716088327	0.320464114846401	-0.3057953451303127	down	80
10	15096	NES	-51.10183	-5.1572394	0.0	0.0	0.01861198738170347	0.32492965542022734	-0.3063176680385239	down	81
10	15095	TSC22D1	-50.97544	-3.3647964	0.0	0.0	0.08391167192429022	0.39415857450440034	-0.3102469025801101	down	82
10	15094	TBCB	-50.842735	-1.9680024	0.0	0.0	0.306782334384858	0.5715283392303969	-0.2647460048455389	down	83
10	15093	NUPR1	-50.81057	-4.399989	0.0	0.0	0.032649842271293375	0.3396042157484924	-0.30695437347719906	down	84
10	15092	ETV1	-50.71811	-5.5855174	0.0	0.0	0.011987381703470032	0.3140019763132196	-0.30201459460974955	down	85
10	15091	RBP1	-50.592033	-5.825493	0.0	0.0	0.012618296529968454	0.3130341044432274	-0.30041580791325895	down	86
10	15090	C1QA	-50.572346	-3.0257435	0.0	0.0	0.19921135646687696	0.48174808091872484	-0.28253672445184785	down	87
10	15089	RHOBTB3	-50.50222	-3.1996489	0.0	0.0	0.09258675078864353	0.3963580198616581	-0.30377126907301455	down	88
10	15088	TUBB	-50.40206	-1.6468536	0.0	0.0	0.5041009463722398	0.6846882090603239	-0.18058726268808412	down	89
10	15087	CADM1	-50.38867	-4.59316	0.0	0.0	0.02145110410094637	0.3239154184307146	-0.3024643143297682	down	90
10	15086	NFIB	-50.180126	-5.6888514	0.0	0.0	0.01056782334384858	0.3075630203397984	-0.2969951969959498	down	91
10	15085	CAMK2N1	-50.126457	-5.1386795	0.0	0.0	0.01719242902208202	0.3154566819381779	-0.2982642529160959	down	92
10	15084	UCHL1	-50.0753	-5.769172	0.0	0.0	0.011198738170347004	0.3071515299040532	-0.2959527917337062	down	93
10	15083	MZT2B	-49.920967	-1.3893524	0.0	0.0	0.5009463722397476	0.6818570389495983	-0.18091066670985068	down	94
10	15082	UQCRQ	-49.887974	-1.172184	0.0	0.0	0.6788643533123029	0.7817854627963383	-0.10292110948403543	down	95
10	15081	S100A16	-49.78648	-4.8501825	0.0	0.0	0.020662460567823344	0.316256480249908	-0.29559401968208465	down	96
10	15080	MAGED2	-49.53559	-3.149869	0.0	0.0	0.07618296529968455	0.37829880580839037	-0.3021158405087058	down	97
10	15079	MAGED1	-49.507843	-4.1498556	0.0	0.0	0.038643533123028394	0.33435046814281616	-0.2957069350197878	down	98
10	15078	PCDH9	-49.466644	-5.2862806	0.0	0.0	0.012302839116719243	0.3045058202714098	-0.29220298115469057	down	99
10	15077	C3	-49.336967	-3.4247434	0.0	0.0	0.08753943217665615	0.3829990697997896	-0.29545963762313343	down	100
10	1	FCN1	428.95337	8.625623	0.0	0.0	0.8064668769716088	0.007861785578709138	0.7986050913928997	up	1
10	2	CFP	293.448	6.672677	0.0	0.0	0.509621451104101	0.009545418981300367	0.5000760321228006	up	2
10	3	IL1R2	288.64017	6.682881	0.0	0.0	0.6911671924290221	0.02338540715819489	0.6677817852708272	up	3
10	4	APOBEC3A	256.447	6.9525495	0.0	0.0	0.32555205047318614	0.004103313077571742	0.3214487373956144	up	4
10	5	FPR2	245.39815	6.141876	0.0	0.0	0.48753943217665613	0.015494643379785388	0.47204478879687073	up	5
10	6	AQP9	239.71492	5.5369225	0.0	0.0	0.6711356466876972	0.036185077965846295	0.634950568721851	up	6
10	7	CD300E	239.0218	6.0900993	0.0	0.0	0.4022082018927445	0.010098902595577348	0.39210929929716715	up	7
10	8	LILRA5	219.3429	6.2136564	0.0	0.0	0.29242902208201893	0.005624668561840927	0.286804353520178	up	8
10	9	ANPEP	215.67207	5.2478943	0.0	0.0	0.5473186119873817	0.02895791496057516	0.5183606970268065	up	9
10	10	LRG1	210.1781	5.6559052	0.0	0.0	0.37365930599369085	0.012399771651786361	0.3612595343419045	up	10
10	11	MARCO	207.95285	5.0011086	0.0	0.0	0.5080441640378549	0.026332490067722054	0.48171167397013287	up	11
10	12	EREG	203.55891	5.358982	0.0	0.0	0.4938485804416404	0.02615862086951986	0.4676899595721205	up	12
10	13	FGR	190.59021	4.6722603	0.0	0.0	0.7345425867507887	0.07738628229982585	0.6571563044509628	up	13
10	14	THBS1	186.75688	5.41889	0.0	0.0	0.6541009463722397	0.061598959103066765	0.5925019872691729	up	14
10	15	CDA	185.61105	5.5760813	0.0	0.0	0.24511041009463722	0.006131787056597322	0.2389786230380399	up	15
10	16	S100A8	183.84785	6.470602	0.0	0.0	0.9570977917981073	0.17412710417952573	0.7829706876185816	up	16
10	17	LGALS2	183.46982	5.810627	0.0	0.0	0.21498422712933754	0.0044742340337364205	0.21050999309560112	up	17
10	18	AREG	177.15883	5.271785	0.0	0.0	0.761198738170347	0.09594971702787992	0.6652490211424671	up	18
10	19	THBD	176.60175	4.718034	0.0	0.0	0.6446372239747634	0.06702947372691524	0.5776077502478482	up	19
10	20	CD93	175.80782	4.652605	0.0	0.0	0.8345425867507886	0.12562629134102415	0.7089162954097645	up	20
10	21	S100A9	170.98892	6.964993	0.0	0.0	0.9774447949526814	0.23681564359132626	0.7406291513613552	up	21
10	22	NCF2	166.818	4.1907015	0.0	0.0	0.7766561514195583	0.11753268016471209	0.6591234712548463	up	22
10	23	LYZ	166.56123	5.9980183	0.0	0.0	0.9591482649842271	0.23037089197796498	0.7287773730062621	up	23
10	24	SEMA6B	161.73045	4.347632	0.0	0.0	0.48722397476340695	0.04340064969123728	0.44382332507216965	up	24
10	25	LILRA1	155.82555	4.592236	0.0	0.0	0.333596214511041	0.020539747947619005	0.313056466563422	up	25
10	26	C15orf48	155.283	5.0161824	0.0	0.0	0.5834384858044164	0.07161382491951306	0.5118246608849033	up	26
10	27	LCP1	153.00587	4.199593	0.0	0.0	0.9293375394321767	0.23619840793770847	0.6931391314944682	up	27
10	28	MPEG1	152.97203	4.1289263	0.0	0.0	0.5283911671924291	0.05770428906333765	0.47068687812909143	up	28
10	29	FLT1	151.93867	4.4011087	0.0	0.0	0.36577287066246056	0.026442607226583443	0.33933026343587713	up	29
10	30	LILRA6	150.1056	4.9595604	0.0	0.0	0.23817034700315456	0.010521984311202682	0.22764836269195188	up	30
10	31	IRAK3	141.7381	3.6029267	0.0	0.0	0.7085173501577287	0.1256784521004848	0.5828388980572439	up	31
10	32	CD36	141.28677	4.2565413	0.0	0.0	0.288801261829653	0.01852576306844361	0.2702754987612094	up	32
10	33	CD55	140.58878	3.6548758	0.0	0.0	0.704416403785489	0.1257885692593462	0.5786278345261427	up	33
10	34	LILRB2	139.99776	3.8991077	0.0	0.0	0.4722397476340694	0.05427037239884435	0.41796937523522504	up	34
10	35	STXBP2	138.90929	3.6090953	0.0	0.0	0.7326498422712934	0.14305667846079395	0.5895931638104994	up	35
10	36	SGMS2	137.84778	4.424462	0.0	0.0	0.3088328075709779	0.0229739167224497	0.2858588908485282	up	36
10	37	VCAN	135.31961	4.3121815	0.0	0.0	0.9310725552050473	0.32554689107384516	0.6055256641312021	up	37
10	38	MYO1G	134.71732	3.5821912	0.0	0.0	0.48454258675078865	0.06042244419523193	0.42412014255555675	up	38
10	39	SLC16A6	133.12663	4.2873483	0.0	0.0	0.31703470031545744	0.02608907319023898	0.29094562712521843	up	39
10	40	SNAI1	132.41176	4.200466	0.0	0.0	0.3025236593059937	0.023822977973670407	0.2787006813323233	up	40
10	41	HBEGF	131.88895	3.972753	0.0	0.0	0.7384858044164038	0.17086705671323463	0.5676187477031691	up	41
10	42	UPP1	130.59837	3.6240008	0.0	0.0	0.8526813880126183	0.25642808914853354	0.5962532988640847	up	42
10	43	SERPINA1	130.52191	3.3817437	0.0	0.0	0.8917981072555206	0.25608035075212915	0.6357177565033914	up	43
10	44	VASP	130.00781	3.5178316	0.0	0.0	0.8048895899053627	0.22118480267294913	0.5837047872324136	up	44
10	45	GK	129.54701	3.6176515	0.0	0.0	0.6817034700315457	0.1427987724834607	0.538904697548085	up	45
10	46	FBP1	129.0506	4.1170425	0.0	0.0	0.6225552050473186	0.11967706694253913	0.5028781381047795	up	46
10	47	BCL2A1	127.833435	3.3841157	0.0	0.0	0.8247634069400631	0.20664064424333572	0.6181227626967274	up	47
10	48	S100A4	125.557785	3.957746	0.0	0.0	0.9582018927444795	0.34739645364792066	0.6108054390965589	up	48
10	49	MMP19	125.006035	3.8583503	0.0	0.0	0.4168769716088328	0.05214337254083753	0.3647335990679953	up	49
10	50	C5AR1	124.53125	3.3493242	0.0	0.0	0.7676656151419559	0.18911462906455473	0.5785509860774012	up	50
10	51	EFHD2	124.42722	3.356575	0.0	0.0	0.8476340694006309	0.28380959004540884	0.5638244793552221	up	51
10	52	TREM1	124.28456	3.2389073	0.0	0.0	0.6228706624605678	0.11624604809801586	0.5066246143625519	up	52
10	53	VDR	124.11668	4.161167	0.0	0.0	0.2583596214511041	0.019571876077626803	0.23878774537347727	up	53
10	54	ADGRE2	123.96644	3.3190308	0.0	0.0	0.5856466876971609	0.10548064690933011	0.48016604078783076	up	54
10	55	TYMP	123.63846	3.5287259	0.0	0.0	0.9261829652996846	0.36399806425626	0.5621849010434246	up	55
10	56	LILRB3	123.24457	3.4157345	0.0	0.0	0.4834384858044164	0.0714196709815206	0.4120188148228958	up	56
10	57	CD44	122.620094	3.4185348	0.0	0.0	0.9201892744479495	0.3468371743937036	0.5733521000542459	up	57
10	58	SH3BGRL3	122.551155	3.0532253	0.0	0.0	0.9850157728706624	0.751865471605711	0.2331503012649514	up	58
10	59	ACSL1	122.17421	3.358618	0.0	0.0	0.8089905362776025	0.2367403002721053	0.5722502360054973	up	59
10	60	SRGN	121.34591	3.9542894	0.0	0.0	0.9946372239747634	0.5167885199964067	0.47784870397835666	up	60
10	61	ITGAM	119.40989	3.201647	0.0	0.0	0.6045741324921136	0.12103034886854619	0.48354378362356737	up	61
10	62	PRKCB	118.77676	3.2483716	0.0	0.0	0.5337539432176656	0.09326923355559613	0.44048470966206943	up	62
10	63	ETS2	117.95787	3.2052763	0.0	0.0	0.7894321766561514	0.23199656898115548	0.5574356076749959	up	63
10	64	NLRP12	117.49676	5.022036	0.0	0.0	0.13123028391167194	0.004981352528492815	0.1262489313831791	up	64
10	65	TLR2	116.24481	3.0450375	0.0	0.0	0.6637223974763407	0.15119375693665654	0.512528640539684	up	65
10	66	MRC1	115.90179	3.8337305	0.0	0.0	0.45741324921135645	0.07325688884252377	0.3841563603688327	up	66
10	67	IL1RN	115.517265	3.874614	0.0	0.0	0.4641955835962145	0.07481881380637347	0.38937676978984104	up	67
10	68	NAMPT	114.79511	3.3799582	0.0	0.0	0.9466876971608833	0.47927334266431365	0.46741435449656965	up	68
10	69	TGM2	114.59209	3.8158646	0.0	0.0	0.25299684542586753	0.0219509862730268	0.23104585915284073	up	69
10	70	DOK2	114.547844	3.05612	0.0	0.0	0.4618296529968454	0.0719992349755279	0.3898304180213175	up	70
10	71	DSE	114.48898	3.0963948	0.0	0.0	0.7383280757097792	0.20607846716914865	0.5322496085406305	up	71
10	72	CD163	114.289795	3.0745366	0.0	0.0	0.8744479495268139	0.26883365644025997	0.605614293086554	up	72
10	73	SLA	113.92479	2.9662232	0.0	0.0	0.8550473186119874	0.2875883472863365	0.5674589713256508	up	73
10	74	METRNL	113.91404	3.0829117	0.0	0.0	0.7006309148264984	0.184695453610249	0.5159354612162494	up	74
10	75	PNP	113.88804	3.200581	0.0	0.0	0.590378548895899	0.12875014126872353	0.4616284076271755	up	75
10	76	LILRB1	113.88409	3.149773	0.0	0.0	0.5712933753943218	0.1166459472538809	0.4546474281404409	up	76
10	77	MMP9	113.60861	4.33836	0.0	0.0	0.2061514195583596	0.014700640707995375	0.19145077885036424	up	77
10	78	SLC43A2	112.941795	3.1051292	0.0	0.0	0.670820189274448	0.17091052401278517	0.4999096652616628	up	78
10	79	CTSS	112.88813	3.149907	0.0	0.0	0.9277602523659306	0.3559218399997682	0.5718384123661624	up	79
10	80	FLNA	111.637955	3.0235522	0.0	0.0	0.8212933753943218	0.2995882197822578	0.521705155612064	up	80
10	81	CSTA	111.22412	2.9738781	0.0	0.0	0.6096214511041009	0.13530790786091623	0.4743135432431847	up	81
10	82	ADAM19	111.07436	3.4711337	0.0	0.0	0.3673501577287066	0.049975803203250194	0.3173743545254564	up	82
10	83	PPIF	111.03951	3.3888578	0.0	0.0	0.6897476340694007	0.20045379860730772	0.48929383546209293	up	83
10	84	RAC2	110.38699	2.8195899	0.0	0.0	0.6466876971608833	0.15032441094564558	0.4963632862152377	up	84
10	85	ITGAX	110.383415	2.9500065	0.0	0.0	0.6176656151419558	0.1408166636239557	0.4768489515180001	up	85
10	86	ADGRE5	110.37666	3.1079464	0.0	0.0	0.6241324921135647	0.15057362346306874	0.47355886865049596	up	86
10	87	GPCPD1	110.208916	3.0509553	0.0	0.0	0.7339116719242902	0.2271369248914042	0.506774747032886	up	87
10	88	PPARG	109.9571	3.6147075	0.0	0.0	0.3356466876971609	0.042852961716900374	0.2927937259802605	up	88
10	89	SERPINB1	109.4516	2.89699	0.0	0.0	0.8343848580441641	0.2966614216125209	0.5377234364316432	up	89
10	90	CEBPB	109.07606	2.997513	0.0	0.0	0.9458990536277603	0.48888541150492487	0.4570136421228354	up	90
10	91	SLC2A3	108.95796	3.1761131	0.0	0.0	0.8080441640378548	0.2874463541078047	0.5205978099300501	up	91
10	92	RBM47	108.787056	2.9273875	0.0	0.0	0.6402208201892744	0.15921782043368773	0.4810029997555867	up	92
10	93	LCP2	108.505714	2.8884323	0.0	0.0	0.7141955835962145	0.19898750170246923	0.5152080818937452	up	93
10	94	STEAP4	107.8706	5.1382937	0.0	0.0	0.12066246056782334	0.005134936986904751	0.1155275235809186	up	94
10	95	TES	107.81382	3.0506213	0.0	0.0	0.4829652996845426	0.08915722701811428	0.3938080726664283	up	95
10	96	RASGEF1B	107.63597	2.86572	0.0	0.0	0.6465299684542587	0.16017989666373986	0.4863500717905188	up	96
10	97	IGKC	107.40779	2.594655	0.0	0.0	0.4889589905362776	0.08652310866535105	0.40243588187092655	up	97
10	98	TCIRG1	106.77676	2.860167	0.0	0.0	0.5910094637223975	0.13781741995496788	0.4531920437674296	up	98
10	99	COTL1	106.63738	2.6169465	0.0	0.0	0.9506309148264984	0.5572218020383266	0.3934091127881718	up	99
10	100	CLEC4E	106.62336	3.3492336	0.0	0.0	0.3253943217665615	0.041606899129784665	0.28378742263677686	up	100
11	15176	B2M	-107.648964	-3.3146834	0.0	0.0	0.7224648229015042	0.9771871487991102	-0.254722325897606	down	1
11	15175	HLA-B	-89.06766	-3.0058866	0.0	0.0	0.43894549571405467	0.8720209475037944	-0.4330754517897398	down	2
11	15174	VIM	-88.74394	-3.7349644	0.0	0.0	0.33802361313278345	0.8043499669798752	-0.4663263538470917	down	3
11	15173	NEAT1	-80.11733	-2.992472	0.0	0.0	0.45188419860908946	0.8274698474122649	-0.37558564880317546	down	4
11	15172	HLA-C	-78.73488	-2.5913084	0.0	0.0	0.4163027656477438	0.8255060189315383	-0.4092032532837945	down	5
11	15171	CST3	-77.11337	-2.2712128	0.0	0.0	0.6763706938379428	0.8793896490597954	-0.20301895522185265	down	6
11	15170	RPLP1	-77.06712	-1.2960951	0.0	0.0	0.9196183082645965	0.983947584896479	-0.06432927663188259	down	7
11	15169	RPL28	-76.88006	-1.4966317	0.0	0.0	0.8371340773087498	0.9493227977893895	-0.11218872048063977	down	8
11	15168	MT2A	-76.86096	-3.056333	0.0	0.0	0.43231441048034935	0.8260447683377553	-0.39373035785740595	down	9
11	15167	S100A11	-76.36016	-4.0973268	0.0	0.0	0.13844412097687206	0.6337286093313714	-0.49528448835449934	down	10
11	15166	CEBPD	-76.19081	-3.8993306	0.0	0.0	0.11612485848293709	0.6307307295709701	-0.514605871088033	down	11
11	15165	HLA-E	-75.3614	-3.9747317	0.0	0.0	0.10900857189066795	0.6143133551922698	-0.5053047833016019	down	12
11	15164	HLA-A	-74.626816	-2.1337142	0.0	0.0	0.5832120329936924	0.8987469731552178	-0.3155349401615254	down	13
11	15163	ZFP36L2	-73.62298	-3.210689	0.0	0.0	0.1804949053857351	0.6628036982539884	-0.48230879286825334	down	14
11	15162	APOE	-71.831665	-3.3282962	0.0	0.0	0.4486495228853307	0.7751850864895552	-0.3265355636042245	down	15
11	15161	SAT1	-70.94464	-2.7430136	0.0	0.0	0.4413715025068737	0.7819918666218675	-0.3406203641149938	down	16
11	15160	CLIC1	-70.71887	-3.0617669	0.0	0.0	0.16885007278020378	0.6266090069631912	-0.4577589341829874	down	17
11	15159	TPT1	-70.14208	-1.6539295	0.0	0.0	0.8159469513181303	0.9459396832385212	-0.12999273192039085	down	18
11	15158	ZFP36L1	-68.02911	-3.0827003	0.0	0.0	0.15607310367135693	0.6092270973572315	-0.4531539936858745	down	19
11	15157	CD63	-67.50073	-1.6632423	0.0	0.0	0.7014394306970726	0.8883774953366315	-0.18693806463955887	down	20
11	15156	SLC1A3	-67.47918	-3.3868284	0.0	0.0	0.12615235322658905	0.5719983547867595	-0.4458460015601705	down	21
11	15155	ZFP36	-66.81548	-3.4278488	0.0	0.0	0.12194727478570273	0.5687919268691128	-0.4468446520834101	down	22
11	15154	FTL	-66.475914	-1.801971	0.0	0.0	0.9451722464822901	0.9775752800917612	-0.032403033609471055	down	23
11	15153	SERF2	-66.03322	-1.4027281	0.0	0.0	0.7580462558628498	0.9285143260998019	-0.1704680702369521	down	24
11	15152	NPC2	-65.52278	-3.2230918	0.0	0.0	0.1997412259420993	0.6027302429586032	-0.4029890170165039	down	25
11	15151	ANXA5	-65.02562	-2.2151332	0.0	0.0	0.30955846676370696	0.6990650090950169	-0.38950654233130994	down	26
11	15150	CYBA	-64.68122	-3.6789196	0.0	0.0	0.12356461264758208	0.5365451680550567	-0.41298055540747464	down	27
11	15149	LGALS1	-64.62935	-2.3280716	0.0	0.0	0.4311822739770338	0.7627446096094357	-0.3315623356324019	down	28
11	15148	SRGN	-63.93881	-3.914342	0.0	0.0	0.13715025068736858	0.5323626189014147	-0.3952123682140461	down	29
11	15147	GNG5	-63.0648	-2.1013138	0.0	0.0	0.29710496522723595	0.694560948198955	-0.397455982971719	down	30
11	15146	RPL12	-62.331993	-1.2020444	0.0	0.0	0.83163512857836	0.9387737368353976	-0.10713860825703758	down	31
11	15145	S100A10	-61.931866	-2.891821	0.0	0.0	0.18793465955038008	0.5816176385396995	-0.3936829789893194	down	32
11	15144	CTSB	-61.765587	-2.4066546	0.0	0.0	0.33850881449134723	0.6812573136680145	-0.3427484991766672	down	33
11	15143	FCGRT	-61.66651	-3.4393945	0.0	0.0	0.09412906356137797	0.5016799712666984	-0.40755090770532043	down	34
11	15142	BST2	-61.64933	-4.0634165	0.0	0.0	0.049005337214944204	0.45957062251624936	-0.41056528530130515	down	35
11	15141	CTSD	-61.639267	-2.378784	0.0	0.0	0.28157852175319426	0.6605560125592335	-0.3789774908060392	down	36
11	15140	TIMP1	-61.451645	-2.6261528	0.0	0.0	0.21284166262332202	0.6156225741794209	-0.40278091155609885	down	37
11	15139	S100A6	-61.345695	-2.1795616	0.0	0.0	0.4378133592107391	0.7483200287333016	-0.3105066695225625	down	38
11	15138	HLA-DRB1	-61.123913	-4.0426507	0.0	0.0	0.11450752062105773	0.4966979875102826	-0.38219046688922487	down	39
11	15137	LAPTM5	-61.043076	-3.8485024	0.0	0.0	0.08943878376192786	0.47952462606156804	-0.39008584229964016	down	40
11	15136	CD74	-60.840534	-3.3028405	0.0	0.0	0.28691573669739606	0.6161497375769022	-0.3292340008795061	down	41
11	15135	MYL12A	-60.727333	-2.5936818	0.0	0.0	0.19537441371502506	0.5788080314212557	-0.38343361770623063	down	42
11	15134	FKBP5	-60.723785	-3.4929166	0.0	0.0	0.07763221737020863	0.48150293705321456	-0.4038707196830059	down	43
11	15133	HTRA1	-60.486744	-2.7283363	0.0	0.0	0.14119359534206696	0.5501094877825538	-0.40891589244048676	down	44
11	15132	JUNB	-60.191433	-2.094106	0.0	0.0	0.4171114345786835	0.7374002154997625	-0.32028878092107904	down	45
11	15131	HLA-DRA	-59.870083	-3.4452944	0.0	0.0	0.2249716965874171	0.5678679426724288	-0.3428962460850117	down	46
11	15130	ITM2B	-59.658657	-1.4351729	0.0	0.0	0.695455280608119	0.8782600132080499	-0.1828047325999309	down	47
11	15129	TYROBP	-59.502926	-3.8309445	0.0	0.0	0.12518195050946143	0.49011423804613546	-0.36493228753667406	down	48
11	15128	HLA-DPA1	-59.207924	-3.8814294	0.0	0.0	0.1111111111111111	0.48201851444195987	-0.37090740333084876	down	49
11	15127	CEBPB	-59.108242	-3.161412	0.0	0.0	0.11984473556525958	0.5038871059308778	-0.3840423703656182	down	50
11	15126	ANXA2	-58.913273	-2.688832	0.0	0.0	0.16043991589843118	0.5443193799168125	-0.38387946401838124	down	51
11	15125	EMP3	-58.673756	-3.7454977	0.0	0.0	0.059841500889535826	0.44474053133436064	-0.3848990304448248	down	52
11	15124	RNASET2	-58.53069	-3.1408668	0.0	0.0	0.1651301956978813	0.5262973433281969	-0.3611671476303156	down	53
11	15123	IFITM3	-58.519634	-3.2293227	0.0	0.0	0.09137958919618308	0.48421406309740356	-0.3928344739012205	down	54
11	15122	HLA-DPB1	-58.264698	-3.7464774	0.0	0.0	0.1133753841177422	0.4780503064499311	-0.3646749223321889	down	55
11	15121	RPS24	-58.114185	-1.2859541	0.0	0.0	0.7954067604722627	0.9189008353512299	-0.12349407487896724	down	56
11	15120	ARPC1B	-57.829468	-2.9313731	0.0	0.0	0.14410480349344978	0.5086663345344162	-0.36456153104096645	down	57
11	15119	RGS1	-57.413082	-3.6686907	0.0	0.0	0.11677179362768883	0.4737287251914588	-0.35695693156376995	down	58
11	15118	CD9	-57.341248	-2.347194	0.0	0.0	0.22060488436034287	0.59196104783863	-0.37135616347828715	down	59
11	15117	NFKBIA	-56.82294	-2.5086343	0.0	0.0	0.2626556687692059	0.5997468457091216	-0.33709117693991575	down	60
11	15116	ARHGDIB	-56.625374	-4.0074625	0.0	0.0	0.05304868186964257	0.41534393066932374	-0.36229524879968117	down	61
11	15115	KLF6	-56.523685	-2.2532241	0.0	0.0	0.31182273977033803	0.6416505428045093	-0.32982780303417125	down	62
11	15114	GSTO1	-56.38118	-2.883402	0.0	0.0	0.09898107714701601	0.4729901171345483	-0.3740090399875323	down	63
11	15113	RGS10	-56.36316	-4.5425324	0.0	0.0	0.034287562671842145	0.39457601001031156	-0.36028844733846943	down	64
11	15112	SGK1	-56.344833	-3.0332086	0.0	0.0	0.1282548924470322	0.4902069261160223	-0.3619520336689901	down	65
11	15111	GRN	-55.65615	-2.558296	0.0	0.0	0.17758369723435224	0.5303929974163201	-0.3528093001819678	down	66
11	15110	GSN	-55.65343	-3.031323	0.0	0.0	0.11450752062105773	0.4739720313749117	-0.35946451075385394	down	67
11	15109	AIF1	-55.122772	-3.6029277	0.0	0.0	0.0984958757884522	0.4394312428311571	-0.3409353670427049	down	68
11	15108	ALOX5AP	-55.012245	-3.6171327	0.0	0.0	0.07957302280446385	0.4273209672000093	-0.34774794439554546	down	69
11	15107	RPL41	-54.992645	-0.77816004	0.0	0.0	0.9632864305353388	0.9840866170013092	-0.02080018646597037	down	70
11	15106	FCER1G	-54.973263	-3.4635463	0.0	0.0	0.11094937732492317	0.44925328173697443	-0.33830390441205127	down	71
11	15105	SPP1	-54.532642	-2.5035415	0.0	0.0	0.5295164159792981	0.753333874013741	-0.22381745803444286	down	72
11	15104	ITGB2	-54.53167	-4.3898244	0.0	0.0	0.03606663431990943	0.3797835733568143	-0.34371693903690487	down	73
11	15103	LIMS1	-54.370155	-2.6476033	0.0	0.0	0.14750121300339641	0.4917739337975461	-0.34427272079414967	down	74
11	15102	CTSC	-54.209686	-3.8394768	0.0	0.0	0.053695617014394306	0.39705831238196754	-0.34336269536757325	down	75
11	15101	APOC1	-53.98414	-2.9986498	0.0	0.0	0.25780365518356785	0.5643342100079943	-0.3065305548244265	down	76
11	15100	PTPRC	-53.922356	-5.201838	0.0	0.0	0.01908458677017629	0.3560235659417687	-0.33693897917159243	down	77
11	15099	IFI16	-53.922123	-2.3176646	0.0	0.0	0.15202975901665858	0.5150299498325822	-0.3630001908159236	down	78
11	15098	CTSZ	-53.858017	-3.5349631	0.0	0.0	0.0700307294193757	0.41182757701799305	-0.34179684759861734	down	79
11	15097	C1QB	-53.555737	-3.185381	0.0	0.0	0.1945657447840854	0.5087821946217748	-0.31421644983768937	down	80
11	15096	PFN1	-53.397278	-1.2942433	0.0	0.0	0.6568009057092027	0.8532834748757401	-0.1964825691665374	down	81
11	15095	VAMP8	-53.391785	-3.872563	0.0	0.0	0.049005337214944204	0.3857706433710651	-0.3367653061561209	down	82
11	15094	CIB1	-53.35062	-2.5342882	0.0	0.0	0.1185508652757561	0.4705396762869159	-0.3519888110111598	down	83
11	15093	CTSS	-53.14297	-4.2560463	0.0	0.0	0.039786511402231925	0.3720846705518416	-0.33229815914960964	down	84
11	15092	RPS12	-53.001095	-1.0040997	0.0	0.0	0.8825812712275595	0.9546668443188007	-0.0720855730912412	down	85
11	15091	ANXA1	-52.98877	-3.8187752	0.0	0.0	0.046741064208313116	0.383297030505961	-0.33655596629764784	down	86
11	15090	C1QA	-52.668613	-3.1427846	0.0	0.0	0.16998220928351931	0.48214306403587026	-0.31216085475235095	down	87
11	15089	CAPG	-52.599846	-3.4533858	0.0	0.0	0.07051593077793951	0.402451599448506	-0.3319356686705665	down	88
11	15088	TSPO	-52.566345	-1.9393823	0.0	0.0	0.25748018761119196	0.5943072146076398	-0.33682702699644784	down	89
11	15087	CD68	-52.350594	-3.708893	0.0	0.0	0.059841500889535826	0.3873202720394851	-0.3274787711499493	down	90
11	15086	HLA-DMA	-52.330616	-4.1212406	0.0	0.0	0.044476791201682034	0.36961685069110545	-0.3251400594894234	down	91
11	15085	C1QC	-52.288002	-3.4768069	0.0	0.0	0.12356461264758208	0.43632619248994914	-0.3127615798423671	down	92
11	15084	CD53	-52.245953	-4.3852024	0.0	0.0	0.029435549086204108	0.3544826267799006	-0.3250470776936965	down	93
11	15083	RPL23A	-52.151436	-0.9923004	0.0	0.0	0.8395600841015688	0.9437325485743416	-0.10417246447277284	down	94
11	15082	WASF2	-51.788853	-2.3333092	0.0	0.0	0.15057415494096718	0.4866529179363001	-0.3360787629953329	down	95
11	15081	GMFG	-51.78497	-4.188892	0.0	0.0	0.03089115316189552	0.35391201584966	-0.3230208626877645	down	96
11	15080	FOSB	-51.719475	-2.1806002	0.0	0.0	0.20087336244541484	0.5499617661711717	-0.3490884037257568	down	97
11	15079	GYPC	-51.656292	-3.508592	0.0	0.0	0.05660682516577713	0.3821558086454797	-0.32554898347970257	down	98
11	15078	CAST	-51.634598	-2.7280087	0.0	0.0	0.09590813520944526	0.42940644877246237	-0.3334983135630171	down	99
11	15077	S100A4	-51.408203	-4.305875	0.0	0.0	0.046417596635937246	0.3640034294585858	-0.3175858328226486	down	100
11	1	STMN2	279.38638	7.3860874	0.0	0.0	0.7311984473556526	0.029550115280786923	0.7016483320748658	up	1
11	2	DLX6-AS1	245.54182	7.892442	0.0	0.0	0.3063237910399482	0.004026138035708079	0.30229765300424016	up	2
11	3	DLX5	236.46683	7.150224	0.0	0.0	0.2940320232896652	0.0041477911274345105	0.2898842321622307	up	3
11	4	MYT1L	187.6441	5.914601	0.0	0.0	0.2943554908620411	0.009344116045463499	0.2850113748165776	up	4
11	5	CD24	185.95177	5.2117763	0.0	0.0	0.6677988031699822	0.06453696516087173	0.6032618380091105	up	5
11	6	NHLH1	177.0141	6.332843	0.0	0.0	0.2510108361636746	0.007470079132439666	0.24354075703123493	up	6
11	7	SLC17A6	176.37003	7.427757	0.0	0.0	0.14248746563157044	0.001425079074509622	0.14106238655706083	up	7
11	8	ELAVL4	169.42342	4.9007077	0.0	0.0	0.5908135209445253	0.06002421475825793	0.5307893061862674	up	8
11	9	TAC3	169.2022	6.760849	0.0	0.0	0.19375707585314572	0.004379511302151522	0.1893775645509942	up	9
11	10	DLX6	157.0715	6.706399	0.0	0.0	0.12404981400614588	0.0015554216727879412	0.12249439233335795	up	10
11	11	DCX	154.13197	4.4708867	0.0	0.0	0.6914119359534207	0.10384829280161277	0.5875636431518079	up	11
11	12	SCRT2	152.30908	6.1095777	0.0	0.0	0.14798641436196022	0.002994983258217377	0.14499143110374285	up	12
11	13	CELF4	151.98349	4.8920097	0.0	0.0	0.35387352417920104	0.024411720406437187	0.32946180377276385	up	13
11	14	SRRM4	150.62553	5.9823356	0.0	0.0	0.1670710011321365	0.004307098747552455	0.16276390238458405	up	14
11	15	KLHL35	150.30536	5.4128313	0.0	0.0	0.282225456897946	0.015261670007299185	0.2669637868906468	up	15
11	16	INSM1	145.50423	4.4886446	0.0	0.0	0.48212841662623324	0.052583100647657886	0.42954531597857537	up	16
11	17	CRABP1	144.6838	6.049057	0.0	0.0	0.1740255539382177	0.005401976573090336	0.16862357736512737	up	17
11	18	NSG1	143.75911	4.418303	0.0	0.0	0.49264111272844896	0.055948836185422485	0.43669227654302645	up	18
11	19	PLPPR3	142.4014	5.937865	0.0	0.0	0.14248746563157044	0.0033975970617881844	0.13908986856978225	up	19
11	20	STMN4	141.53023	4.3652077	0.0	0.0	0.7583697234352256	0.15246318545724183	0.6059065379779838	up	20
11	21	UNCX	141.00069	8.203398	0.0	0.0	0.06938379427462397	0.000246202685636825	0.06913759158898715	up	21
11	22	SOX11	140.06317	4.4473886	0.0	0.0	0.8461911693352742	0.21481618797140573	0.6313749813638685	up	22
11	23	NEUROD2	139.87857	6.025941	0.0	0.0	0.1297104965227236	0.002800917611891879	0.1269095789108317	up	23
11	24	MIR7-3HG	136.57506	5.442442	0.0	0.0	0.17661329451722466	0.0065692669532272825	0.17004402756399736	up	24
11	25	SYT4	136.36674	5.5468097	0.0	0.0	0.18680252304706454	0.0075424916870387325	0.1792600313600258	up	25
11	26	BHLHE22	136.31027	7.616713	0.0	0.0	0.08005822416302766	0.0006690920044953713	0.07938913215853229	up	26
11	27	SLC32A1	136.16356	7.1447573	0.0	0.0	0.08458677017628982	0.0008312961267972796	0.08375547404949255	up	27
11	28	ELAVL2	135.70268	4.7765336	0.0	0.0	0.27882904738799935	0.01873747262805436	0.260091574759945	up	28
11	29	CELF3	130.89984	4.6063433	0.0	0.0	0.26152353226589037	0.01758466475883723	0.24393886750705313	up	29
11	30	SOX4	130.23227	4.808031	0.0	0.0	0.947921720847485	0.38882355667296176	0.5590981641745233	up	30
11	31	GPC2	129.65971	4.156845	0.0	0.0	0.48455442341905225	0.06659927471585314	0.4179551487031991	up	31
11	32	SYT1	128.53508	4.5867643	0.0	0.0	0.26863981885815946	0.01938049611289407	0.24925932274526538	up	32
11	33	SP9	127.48363	5.7228537	0.0	0.0	0.13715025068736858	0.004330270765024157	0.13281997992234443	up	33
11	34	TAGLN3	120.61701	3.90629	0.0	0.0	0.4754973313925279	0.073666740044722	0.4018305913478059	up	34
11	35	PAK3	120.24447	3.968297	0.0	0.0	0.39964418567038656	0.05111457404038883	0.34852961162999774	up	35
11	36	MLLT11	118.94754	3.770468	0.0	0.0	0.8153000161733787	0.27822931028489994	0.5370707058884787	up	36
11	37	ONECUT2	117.25494	4.452215	0.0	0.0	0.24583535500566067	0.01964407781163467	0.226191277194026	up	37
11	38	RND3	115.26983	3.8654916	0.0	0.0	0.5736697396086042	0.12035256224583193	0.45331717736277233	up	38
11	39	NHLH2	114.279396	5.486217	0.0	0.0	0.11774219634481643	0.004066689066283556	0.11367550727853287	up	39
11	40	RBFOX3	113.959366	5.6426406	0.0	0.0	0.10803816917354035	0.003328081009373081	0.10471008816416727	up	40
11	41	STMN1	113.48844	3.5479443	0.0	0.0	0.9600517548115801	0.5428131987811519	0.41723855603042825	up	41
11	42	TUBA1A	112.89285	3.6437743	0.0	0.0	0.9956331877729258	0.7274970745327942	0.26813611324013154	up	42
11	43	NEUROD6	111.546234	7.778113	0.0	0.0	0.047226265566876924	0.00025199569000475025	0.04697426987687217	up	43
11	44	DYNC1I1	111.320755	4.019604	0.0	0.0	0.27494743651948894	0.027308222590399833	0.2476392139290891	up	44
11	45	NEUROD1	108.37341	4.0498276	0.0	0.0	0.28093158660844253	0.03022500028965022	0.25070658631879233	up	45
11	46	ADCYAP1	108.06468	5.5005717	0.0	0.0	0.0853954391072295	0.0021549976248682093	0.0832404414823613	up	46
11	47	NREP	107.58621	3.4309306	0.0	0.0	0.6705482775351771	0.1937122730590539	0.4768360044761232	up	47
11	48	TUBB2B	106.95757	3.355932	0.0	0.0	0.9448487789099143	0.4547073953493761	0.49014138356053816	up	48
11	49	CRMP1	106.42232	3.2838082	0.0	0.0	0.6189551997412259	0.15946982424024747	0.45948537550097845	up	49
11	50	ACTL6B	106.25023	4.6234083	0.0	0.0	0.1656153970564451	0.01050561342123252	0.15510978363521258	up	50
11	51	RAB3A	106.127655	3.8694973	0.0	0.0	0.32864305353388323	0.04336932720047271	0.2852737263334105	up	51
11	52	MARCKSL1	105.15538	3.1245751	0.0	0.0	0.9230147177745431	0.4880722040064418	0.43494251376810134	up	52
11	53	NNAT	105.02852	4.2182636	0.0	0.0	0.40983341420022645	0.07136112430628773	0.33847228989393874	up	53
11	54	LHX1	103.80537	5.3693724	0.0	0.0	0.10302442180171438	0.0038494514024863574	0.09917497039922803	up	54
11	55	MEG3	103.35225	3.5046031	0.0	0.0	0.6513019569788129	0.1907491513248601	0.4605528056539528	up	55
11	56	SSTR2	102.8719	4.3757453	0.0	0.0	0.18631732168850074	0.014447752893605682	0.17186956879489507	up	56
11	57	INA	102.34414	4.2994227	0.0	0.0	0.19149280284651463	0.015438356640520907	0.17605444620599373	up	57
11	58	SCGN	101.2496	6.841795	0.0	0.0	0.051269610221575286	0.000631437476103857	0.05063817274547143	up	58
11	59	NFIB	100.19522	3.1812794	0.0	0.0	0.7580462558628498	0.29404131570715203	0.46400494015569776	up	59
11	60	MAP1B	99.924614	3.0322628	0.0	0.0	0.8604237425198124	0.4077464054407897	0.45267733707902263	up	60
11	61	NKX2-1	99.84619	6.721401	0.0	0.0	0.049005337214944204	0.0005793004367925294	0.048426036778151674	up	61
11	62	DLX2	99.626854	4.553166	0.0	0.0	0.18033317159954715	0.014496993430733046	0.1658361781688141	up	62
11	63	EBF3	98.53527	5.8485727	0.0	0.0	0.06825165777130843	0.001616248218651157	0.06663540955265727	up	63
11	64	TOX3	98.50339	3.6170983	0.0	0.0	0.32783438460294356	0.0493332251972518	0.27850115940569176	up	64
11	65	SCN3B	98.2436	4.064326	0.0	0.0	0.20621057738961668	0.019522424719908237	0.18668815266970845	up	65
11	66	B4GALNT1	98.12202	4.051842	0.0	0.0	0.3522561863173217	0.05808935129937088	0.2941668350179508	up	66
11	67	CDK5R1	95.9677	3.4954696	0.0	0.0	0.36422448649522887	0.0637867710952254	0.30043771540000347	up	67
11	68	UCHL1	95.79953	2.956426	0.0	0.0	0.7603105288694808	0.2936010473751897	0.4667094814942911	up	68
11	69	ST8SIA2	95.33757	5.850326	0.0	0.0	0.06097363739285137	0.00133528750680678	0.059638349886044585	up	69
11	70	GDAP1L1	95.25026	3.456379	0.0	0.0	0.29953097202005496	0.04314629653230759	0.25638467548774735	up	70
11	71	MIAT	94.74201	3.283633	0.0	0.0	0.42115477923338185	0.08543233191597827	0.3357224473174036	up	71
11	72	DLX1	94.109665	4.3404202	0.0	0.0	0.1945657447840854	0.019035812353002515	0.1755299324310829	up	72
11	73	ATP1A3	93.57455	3.4453003	0.0	0.0	0.30114830988193436	0.045055091471538966	0.2560932184103954	up	73
11	74	SNAP25	92.89099	3.247458	0.0	0.0	0.358887271551027	0.06394028571097543	0.2949469858400516	up	74
11	75	DCC	92.17612	3.9440153	0.0	0.0	0.2319262493934983	0.028174276743404666	0.20375197265009362	up	75
11	76	TCF4	91.98709	2.7083652	0.0	0.0	0.858806404657933	0.5408146122742177	0.31799179238371533	up	76
11	77	RBFOX2	91.86042	3.1469917	0.0	0.0	0.5177098495875788	0.1414941316865753	0.3762157179010035	up	77
11	78	TTC9B	91.44253	2.9435112	0.0	0.0	0.39349830179524503	0.07687027146018469	0.3166280303350604	up	78
11	79	CELF5	91.43432	3.3739598	0.0	0.0	0.2836810609736374	0.04170673494687815	0.24197432602675922	up	79
11	80	SRRM3	89.92626	3.5932431	0.0	0.0	0.2262655668769206	0.027661595856843278	0.19860397102007732	up	80
11	81	SMIM18	89.1741	3.663872	0.0	0.0	0.2141355329128255	0.025260395546338243	0.18887513736648726	up	81
11	82	NYAP2	88.27034	5.006191	0.0	0.0	0.06550218340611354	0.002033344533141778	0.06346883887297176	up	82
11	83	GPM6A	88.155815	2.5976632	0.0	0.0	0.849102377486657	0.39270486959947165	0.4563975078871853	up	83
11	84	CHGB	88.01509	3.2359796	0.0	0.0	0.2561863173216885	0.03621207030390101	0.2199742470177875	up	84
11	85	GNG3	87.928734	4.0301423	0.0	0.0	0.17952450266860748	0.01837540985505903	0.16114909281354844	up	85
11	86	ARL4D	87.867775	3.5405552	0.0	0.0	0.33252466440239364	0.06212707534381481	0.27039758905857886	up	86
11	87	MAP2	87.711624	2.5762048	0.0	0.0	0.7544881125667152	0.30915526410306915	0.44533284846364607	up	87
11	88	GADD45G	85.238785	2.8744228	0.0	0.0	0.6107067766456413	0.21572279315498605	0.3949839834906553	up	88
11	89	BEX1	84.93732	2.475225	0.0	0.0	0.7570758531457221	0.3070292315000406	0.45004662164568154	up	89
11	90	HRK	84.90175	3.9243708	0.0	0.0	0.16949700792495553	0.01748908018676646	0.15200792773818908	up	90
11	91	FGF9	84.62095	4.075511	0.0	0.0	0.11628659226912502	0.008139171136935037	0.10814742113218999	up	91
11	92	IGFBPL1	84.54485	4.6334753	0.0	0.0	0.11191978004205079	0.007580146215430247	0.10433963382662054	up	92
11	93	SCRT1	84.282875	4.493554	0.0	0.0	0.09833414200226427	0.005775625354821517	0.09255851664744276	up	93
11	94	KIF26A	83.76333	4.618838	0.0	0.0	0.09170305676855896	0.005039913800095005	0.08666314296846395	up	94
11	95	THSD7A	83.37066	3.2046332	0.0	0.0	0.41274462235160925	0.1037758802470137	0.3089687421045956	up	95
11	96	TUBB2A	82.91992	2.6961362	0.0	0.0	0.7214944201843765	0.338632966829257	0.3828614533551195	up	96
11	97	BCL11A	82.81645	3.5551789	0.0	0.0	0.22189875464984635	0.03104471040771165	0.1908540442421347	up	97
11	98	PTPRS	82.70491	2.8375235	0.0	0.0	0.4839074882743005	0.1350957583622018	0.34881172991209874	up	98
11	99	TUBB	82.353035	2.174319	0.0	0.0	0.8968138444120977	0.677572962890014	0.21924088152208365	up	99
11	100	ELAVL3	82.336624	2.5860856	0.0	0.0	0.5589519650655022	0.18281273534080245	0.3761392297246997	up	100
12	15176	MALAT1	-100.71157	-4.540353	0.0	0.0	0.8192796169061004	0.9732447839734121	-0.15396516706731167	down	1
12	15175	NEAT1	-84.03347	-4.0173607	0.0	0.0	0.32562981469914637	0.8277239891063516	-0.5020941744072052	down	2
12	15174	FOS	-65.191124	-2.3731892	0.0	0.0	0.567561940453883	0.8498776772525849	-0.2823157367987019	down	3
12	15173	CD74	-60.394516	-4.012347	0.0	0.0	0.20924422236102436	0.615915228028065	-0.4066710056670406	down	4
12	15172	KLF6	-58.163517	-2.860587	0.0	0.0	0.24651259629398292	0.6412423836779911	-0.3947297873840082	down	5
12	15171	HLA-DRA	-57.66734	-3.9561293	0.0	0.0	0.16239850093691444	0.5673698301329394	-0.40497132919602497	down	6
12	15170	SRGN	-56.904427	-4.100732	0.0	0.0	0.1357484905267541	0.530808599519941	-0.3950601089931869	down	7
12	15169	JUN	-56.69232	-1.860007	0.0	0.0	0.6323131376223193	0.8312465380354506	-0.19893340041313123	down	8
12	15168	ZFP36L2	-56.22377	-2.4623	0.0	0.0	0.254840724547158	0.6598533281019202	-0.4050126035547622	down	9
12	15167	BTG1	-55.911297	-2.125615	0.0	0.0	0.3928794503435353	0.7350731628508124	-0.3421937125072771	down	10
12	15166	HLA-DRB1	-54.838497	-4.1801586	0.0	0.0	0.10077035186341869	0.4953667374446086	-0.39459638558118987	down	11
12	15165	JUNB	-54.788944	-2.1383593	0.0	0.0	0.42848219862585885	0.7359675036927622	-0.30748530506690336	down	12
12	15164	ZFP36	-54.42486	-2.9396205	0.0	0.0	0.18196960233187592	0.5661812223042836	-0.38421161997240766	down	13
12	15163	RGS1	-54.19727	-4.3668914	0.0	0.0	0.07932542161149282	0.47282646325701627	-0.39350104164552346	down	14
12	15162	CCNL1	-54.02222	-2.6842375	0.0	0.0	0.15178013741411617	0.5615652695716395	-0.4097851321575234	down	15
12	15161	HSPA1B	-53.531612	-2.4897604	0.0	0.0	0.30460129085987925	0.6479153203471196	-0.3433140294872404	down	16
12	15160	HLA-E	-52.654026	-2.4403133	0.0	0.0	0.2671247137205913	0.6101106674667651	-0.3429859537461738	down	17
12	15159	CYBA	-52.643764	-3.1803725	0.0	0.0	0.1830106183635228	0.5340772710487445	-0.35106665268522164	down	18
12	15158	HLA-DPA1	-52.434452	-3.913366	0.0	0.0	0.10722465125962939	0.4805956887001477	-0.3733710374405183	down	19
12	15157	HLA-DPB1	-52.37665	-3.88173	0.0	0.0	0.10014574224443057	0.4767817577548006	-0.37663601551037	down	20
12	15156	PNISR	-51.71946	-2.1970296	0.0	0.0	0.21840516343951696	0.6067265971196455	-0.3883214336801285	down	21
12	15155	TYROBP	-50.947388	-3.737104	0.0	0.0	0.14345200916094109	0.4884081887001477	-0.3449561795392066	down	22
12	15154	RNASET2	-50.33952	-2.9660857	0.0	0.0	0.1746824901103477	0.5247270817946824	-0.3500445916843347	down	23
12	15153	ARHGDIB	-49.50227	-3.9066596	0.0	0.0	0.05829689777222569	0.4138288173929099	-0.3555319196206842	down	24
12	15152	FCER1G	-49.44159	-3.705252	0.0	0.0	0.10326879033937122	0.44801283234859673	-0.3447440420092255	down	25
12	15151	DNAJB1	-49.209213	-2.103061	0.0	0.0	0.3633145950447637	0.6693564207902511	-0.30604182574548744	down	26
12	15150	BTG2	-49.091946	-2.9818683	0.0	0.0	0.10368519675202999	0.47121087980059084	-0.36752568304856087	down	27
12	15149	LAPTM5	-49.04048	-3.1870651	0.0	0.0	0.14782427649385801	0.47716257385524374	-0.32933829736138576	down	28
12	15148	SON	-48.44751	-1.6243876	0.0	0.0	0.39225484072454714	0.72869449316839	-0.33643965244384283	down	29
12	15147	N4BP2L2	-48.286926	-2.001645	0.0	0.0	0.2161149281698938	0.5929393233013294	-0.37682439513143556	down	30
12	15146	FOSB	-48.191868	-2.4753962	0.0	0.0	0.22048719550281073	0.5483001754062038	-0.3278129799033931	down	31
12	15145	RGS10	-47.709282	-3.9239464	0.0	0.0	0.05225900478867374	0.3928925867799114	-0.34063358199123767	down	32
12	15144	DUSP1	-47.654835	-2.1334102	0.0	0.0	0.3833021028523839	0.6601735598227474	-0.27687145697036347	down	33
12	15143	NFKBIA	-47.5593	-2.290938	0.0	0.0	0.27337080991047263	0.5982563238552437	-0.3248855139447711	down	34
12	15142	PTPRC	-46.779835	-4.737563	0.0	0.0	0.023735165521549032	0.35461768371491875	-0.3308825181933697	down	35
12	15141	AIF1	-46.661564	-3.3448818	0.0	0.0	0.11888403081407453	0.4377913820162482	-0.3189073512021736	down	36
12	15140	ALOX5AP	-46.61876	-3.3839993	0.0	0.0	0.10222777430772434	0.42562257662481534	-0.323394802317091	down	37
12	15139	C1QC	-46.583374	-3.7107816	0.0	0.0	0.12263168852800334	0.4350939346381093	-0.312462246110106	down	38
12	15138	HLA-DMA	-46.46075	-4.198178	0.0	0.0	0.0397668124089111	0.36838764771048743	-0.3286208353015763	down	39
12	15137	ZFP36L1	-46.333336	-1.9914964	0.0	0.0	0.2958567561940454	0.6054860598227474	-0.309629303628702	down	40
12	15136	IER2	-46.328224	-1.8157282	0.0	0.0	0.4143243805954612	0.684511170605613	-0.2701867900101518	down	41
12	15135	ITGB2	-45.850986	-3.7476501	0.0	0.0	0.0564230689152613	0.3781330779172821	-0.32171000900202085	down	42
12	15134	HLA-DQB1	-45.72495	-4.611499	0.0	0.0	0.031022277743077243	0.35070277880354506	-0.3196805010604678	down	43
12	15133	VAMP8	-45.50027	-3.506992	0.0	0.0	0.06329377472413075	0.384231905465288	-0.3209381307411573	down	44
12	15132	PPP1R15A	-45.415184	-2.2803085	0.0	0.0	0.20216531334582552	0.5261666820531757	-0.3240013687073502	down	45
12	15131	CD53	-45.2763	-4.1357517	0.0	0.0	0.03685196752029981	0.35308576440177253	-0.31623379688147274	down	46
12	15130	CD37	-45.185974	-4.447187	0.0	0.0	0.024359775140537165	0.3406371168759232	-0.316277341735386	down	47
12	15129	MS4A7	-45.149925	-4.4010043	0.0	0.0	0.03393712263168853	0.348455386816839	-0.3145182641851505	down	48
12	15128	PRPF38B	-44.86463	-2.1633117	0.0	0.0	0.13928794503435352	0.4891755908419498	-0.34988764580759624	down	49
12	15127	TREM2	-44.85401	-4.2099776	0.0	0.0	0.04143243805954612	0.35284631185376664	-0.31141387379422053	down	50
12	15126	MAFB	-44.758827	-3.4671485	0.0	0.0	0.06600041640641266	0.38220377123338256	-0.31620335482696993	down	51
12	15125	RBM39	-44.702812	-1.4915591	0.0	0.0	0.389964605454924	0.7012584241137371	-0.31129381865881306	down	52
12	15124	HLA-B	-44.48939	-1.2243689	0.0	0.0	0.7174682490110348	0.8664374076809453	-0.14896915866991056	down	53
12	15123	CCL4	-44.465996	-3.1583185	0.0	0.0	0.16031646887362067	0.4648466349704579	-0.30453016609683725	down	54
12	15122	GMFG	-44.451202	-3.826778	0.0	0.0	0.04122423485321674	0.3524828055760709	-0.3112585707228542	down	55
12	15121	PNRC1	-44.09644	-1.7166381	0.0	0.0	0.3227149698105351	0.6295957579394387	-0.30688078812890357	down	56
12	15120	CORO1A	-43.867294	-3.6194243	0.0	0.0	0.04871955028107433	0.3564929145125554	-0.30777336423148105	down	57
12	15119	WSB1	-43.81865	-1.6766461	0.0	0.0	0.2977305850510098	0.6305102935745938	-0.33277970852358396	down	58
12	15118	HERPUD1	-43.717125	-2.082697	0.0	0.0	0.22777430772433896	0.5339647572008862	-0.3061904494765473	down	59
12	15117	SGK1	-43.58764	-2.4233742	0.0	0.0	0.1867582760774516	0.48795524833825704	-0.30119697226080544	down	60
12	15116	CCL3	-43.1118	-2.905294	0.0	0.0	0.21320008328128254	0.4958514124815362	-0.28265132920025365	down	61
12	15115	MS4A6A	-43.03161	-4.1709533	0.0	0.0	0.04143243805954612	0.3347402372599705	-0.2933077992004244	down	62
12	15114	HCLS1	-42.94522	-4.2198753	0.0	0.0	0.02644180720383094	0.3210048929098966	-0.29456308570606565	down	63
12	15113	REL	-42.930954	-4.6657066	0.0	0.0	0.017905475744326462	0.3108873015140325	-0.29298182576970605	down	64
12	15112	MCL1	-42.841125	-1.7382293	0.0	0.0	0.30272746200291484	0.6058409111890695	-0.3031134491861546	down	65
12	15111	HLA-C	-42.806343	-1.2481683	0.0	0.0	0.6510514261919633	0.8206240768094535	-0.16957265061749016	down	66
12	15110	C1QB	-42.536713	-2.967987	0.0	0.0	0.25817197584842805	0.5066498569054653	-0.24847788105703722	down	67
12	15109	PABPC1	-42.472385	-1.3014014	0.0	0.0	0.5332084114095357	0.7681349242983752	-0.23492651288883948	down	68
12	15108	HCST	-42.433506	-3.4838164	0.0	0.0	0.05704767853424943	0.3505325655465288	-0.29348488701227937	down	69
12	15107	CTSS	-42.426838	-3.2041864	0.0	0.0	0.0795336248178222	0.37021094903988183	-0.2906773242220596	down	70
12	15106	HLA-DMB	-42.17014	-5.0368667	0.0	0.0	0.014366021236727046	0.29753565823485967	-0.28316963699813263	down	71
12	15105	CSF1R	-42.144028	-4.1647964	0.0	0.0	0.0333125130127004	0.3188180853028065	-0.2855055722901061	down	72
12	15104	NPC2	-42.121735	-1.9948022	0.0	0.0	0.35727670206121176	0.5989429468242246	-0.2416662447630128	down	73
12	15103	C1QA	-42.077602	-2.9192235	0.0	0.0	0.2292317301686446	0.48007927898818314	-0.2508475488195385	down	74
12	15102	CELF2	-42.03552	-1.9024514	0.0	0.0	0.1800957734749115	0.5051035127400295	-0.325007739265118	down	75
12	15101	PLXDC2	-41.978867	-3.90269	0.0	0.0	0.03622735790131168	0.32325516986706054	-0.2870278119657489	down	76
12	15100	MTDH	-41.79546	-1.4020133	0.0	0.0	0.37268373932958565	0.6653809314992615	-0.2926971921696758	down	77
12	15099	LST1	-41.790318	-3.2073288	0.0	0.0	0.06246096189881324	0.3529415158788774	-0.29048055398006417	down	78
12	15098	SAT1	-41.65873	-1.5999731	0.0	0.0	0.6448053300020821	0.7778168851550961	-0.133011555153014	down	79
12	15097	GPR34	-41.585182	-4.2365713	0.0	0.0	0.031438684155735995	0.31176144756277696	-0.280322763407041	down	80
12	15096	RSRP1	-41.553402	-2.1598299	0.0	0.0	0.127420362273579	0.44202651864844905	-0.31460615637487005	down	81
12	15095	IFNGR1	-41.499928	-2.4549565	0.0	0.0	0.12221528211534458	0.41997668943870015	-0.29776140732335554	down	82
12	15094	CXCR4	-41.43889	-3.5681636	0.0	0.0	0.07203830938996461	0.35319827824963074	-0.2811599688596661	down	83
12	15093	FCGR3A	-41.34599	-3.632171	0.0	0.0	0.05350822402665001	0.333923790620384	-0.280415566593734	down	84
12	15092	ITM2B	-41.310696	-1.0459266	0.0	0.0	0.7570268582136165	0.8766790528064993	-0.11965219459288279	down	85
12	15091	SAMSN1	-40.968117	-4.196216	0.0	0.0	0.024151571934207788	0.2995724473781389	-0.27542087544393107	down	86
12	15090	SLA	-40.96462	-4.14667	0.0	0.0	0.02644180720383094	0.3015861567577548	-0.27514434955392386	down	87
12	15089	OLR1	-40.786045	-4.537215	0.0	0.0	0.019571101394961484	0.29153491968242246	-0.27196381828746097	down	88
12	15088	NKTR	-40.67167	-2.2627742	0.0	0.0	0.10326879033937122	0.4067058253323486	-0.30343703499297736	down	89
12	15087	TRA2B	-40.547287	-1.5263404	0.0	0.0	0.3185509056839475	0.617897202732644	-0.29934629704869653	down	90
12	15086	SLC11A1	-39.82173	-3.289925	0.0	0.0	0.06162814907349573	0.3298184776587888	-0.26819032858529307	down	91
12	15085	HLA-DQA1	-39.74612	-5.307404	0.0	0.0	0.010201957110139496	0.26851862536927623	-0.25831666825913674	down	92
12	15084	GPR183	-39.730026	-4.5773964	0.0	0.0	0.019987507807620236	0.28106536189069425	-0.26107785408307405	down	93
12	15083	ELF1	-39.724247	-2.790907	0.0	0.0	0.060587133041848845	0.34100639309453473	-0.2804192600526859	down	94
12	15082	C1orf162	-39.484318	-3.9277356	0.0	0.0	0.028315636060795336	0.29039247138109303	-0.2620768353202977	down	95
12	15081	RBM25	-39.40539	-1.626072	0.0	0.0	0.20195711013949616	0.5182099335302807	-0.31625282339078453	down	96
12	15080	CD14	-39.36201	-2.951251	0.0	0.0	0.1193004372267333	0.3778763155465288	-0.2585758783197955	down	97
12	15079	RHOB	-39.323578	-1.6335773	0.0	0.0	0.3329169269206746	0.5962253046528804	-0.2633083777322058	down	98
12	15078	CCL4L2	-39.257996	-3.4291687	0.0	0.0	0.05954611701020196	0.32790862721565733	-0.2683625102054554	down	99
12	15077	KMT2E	-39.132294	-1.7237394	0.0	0.0	0.17322506766604207	0.4817237121491876	-0.3084986444831455	down	100
12	1	COL1A1	123.57339	4.0459037	0.0	0.0	0.33041848844472205	0.025817600627769572	0.3046008878169525	up	1
12	2	COL3A1	110.15839	3.6351306	0.0	0.0	0.29065167603581094	0.024830940731166914	0.265820735304644	up	2
12	3	COL1A2	93.47571	3.5714464	0.0	0.0	0.3853841349156777	0.060324732274741506	0.3250594026409362	up	3
12	4	FABP7	89.38416	3.2192898	0.0	0.0	0.8904851134707474	0.38633216395864106	0.5041529495121064	up	4
12	5	MT3	82.01957	3.373243	0.0	0.0	0.9475327920049968	0.5659475396971935	0.3815852523078034	up	5
12	6	CTHRC1	77.72027	3.2520556	0.0	0.0	0.3162606704143244	0.056334818131462336	0.259925852282862	up	6
12	7	COL6A2	77.09524	3.2579544	0.0	0.0	0.3520716219029773	0.07046828840472674	0.28160333349825056	up	7
12	8	MGP	75.82898	2.7376752	0.0	0.0	0.3880907765979596	0.08315638847858198	0.3049343881193776	up	8
12	9	PCOLCE	75.5273	3.2123246	0.0	0.0	0.3472829481574016	0.0711202917282127	0.2761626564291889	up	9
12	10	MT2A	71.15532	2.671107	0.0	0.0	0.9662710805746408	0.8170784481166913	0.14919263245794956	up	10
12	11	S100A6	70.412964	2.2407978	0.0	0.0	0.910056214865709	0.7405401818685377	0.16951603299717133	up	11
12	12	PTMS	69.786476	1.9557896	0.0	0.0	0.883614407661878	0.5848989106351551	0.29871549702672295	up	12
12	13	CXCL5	69.369225	3.2371538	0.0	0.0	0.12367270455965022	0.011066746676514033	0.1126059578831362	up	13
12	14	MT1E	68.638824	2.5727334	0.0	0.0	0.7064334790755777	0.3394311992245199	0.3670022798510578	up	14
12	15	S100B	68.52596	2.435987	0.0	0.0	0.8990214449302519	0.5290112629246676	0.37001018200558433	up	15
12	16	RPL36	68.492714	1.0661972	0.0	0.0	0.9852175723506142	0.9469713580132939	0.03824621433732034	up	16
12	17	LOXL2	68.3479	3.2465918	0.0	0.0	0.22714969810535082	0.037103605059084194	0.19004609304626663	up	17
12	18	MMP7	67.9656	3.5787127	0.0	0.0	0.12575473662294398	0.011972627400295421	0.11378210922264856	up	18
12	19	IGFBP2	67.72509	2.4752457	0.0	0.0	0.8577972100770351	0.4403186161373708	0.41747859393966436	up	19
12	20	GAPDH	66.785065	1.323395	0.0	0.0	0.9977097647303769	0.9685826717134417	0.02912709301693517	up	20
12	21	LUM	66.71249	2.9956858	0.0	0.0	0.1265875494482615	0.012416912850812407	0.1141706365974491	up	21
12	22	SOD3	66.69667	3.228461	0.0	0.0	0.2096606287736831	0.033148310561299854	0.17651231821238325	up	22
12	23	HINT1	65.77944	1.4258395	0.0	0.0	0.9185925463252134	0.7979770587149188	0.12061548761029461	up	23
12	24	MME	65.59626	4.3535724	0.0	0.0	0.06787424526337706	0.003686992245199409	0.06418725301817765	up	24
12	25	NDUFA4	64.77821	1.404919	0.0	0.0	0.9675202998126171	0.8650583918020679	0.10246190801054922	up	25
12	26	S100A16	64.77783	2.1417174	0.0	0.0	0.6976889444097439	0.3055645310192024	0.39212441339054155	up	26
12	27	MDK	64.57265	2.3207512	0.0	0.0	0.6997709764730377	0.36324374538404725	0.3365272310889904	up	27
12	28	METRN	64.42054	2.2198908	0.0	0.0	0.8176139912554653	0.4191285081240768	0.3984854831313885	up	28
12	29	MIF	64.33286	1.9540714	0.0	0.0	0.9017280866125338	0.7858861475258493	0.1158419390866845	up	29
12	30	PHPT1	64.31068	1.7055959	0.0	0.0	0.861544867790964	0.6252452224889217	0.23629964530204228	up	30
12	31	RBP1	64.24448	2.1751924	0.0	0.0	0.68894440974391	0.30233047913589367	0.38661393060801635	up	31
12	32	NPTX2	64.107574	2.6558769	0.0	0.0	0.24089110972308975	0.04444873984490399	0.19644236987818575	up	32
12	33	LOX	64.05815	2.6120882	0.0	0.0	0.2477618155319592	0.04680576070901034	0.20095605482294887	up	33
12	34	S100A10	63.434204	2.1358588	0.0	0.0	0.8261503227149698	0.5712068408419497	0.2549434818730201	up	34
12	35	SERPINA5	62.679337	4.0395346	0.0	0.0	0.07328752862794087	0.004768856166912851	0.06851867246102802	up	35
12	36	NDUFB2	61.75001	1.3230641	0.0	0.0	0.9102644180720383	0.7877556083825702	0.12250880968946809	up	36
12	37	MT1M	60.57122	2.1078742	0.0	0.0	0.549864667915886	0.21603524279911374	0.3338294251167722	up	37
12	38	PHLDA2	60.560955	2.6057074	0.0	0.0	0.2569227566104518	0.05490387278434269	0.20201888382610908	up	38
12	39	NDUFS5	60.521576	1.3493167	0.0	0.0	0.8969394128669581	0.7621428406573116	0.13479657220964647	up	39
12	40	COX6C	60.380527	1.2163639	0.0	0.0	0.9273370809910473	0.8349623799852289	0.09237470100581835	up	40
12	41	GNG3	60.2837	2.9890695	0.0	0.0	0.14553404122423486	0.019487975443131463	0.1260460657811034	up	41
12	42	POLR2L	60.192314	1.4644619	0.0	0.0	0.8640433062669165	0.6956125369276218	0.16843076933929468	up	42
12	43	TOMM7	59.96886	1.123834	0.0	0.0	0.9256714553404123	0.8747143879246676	0.05095706741574468	up	43
12	44	RPL37A	59.837276	0.89104605	0.0	0.0	0.9841765563189673	0.9705934961225997	0.013583060196367569	up	44
12	45	IGFBP6	59.242096	2.726989	0.0	0.0	0.24984384759525297	0.054269179283604134	0.19557466831164882	up	45
12	46	RPL35	59.211037	0.8552847	0.0	0.0	0.9773058505100979	0.9506323855243722	0.026673464985725648	up	46
12	47	VGF	58.82265	2.3128862	0.0	0.0	0.3660212367270456	0.10668620753323486	0.25933502919381074	up	47
12	48	CNN3	58.472176	1.8327938	0.0	0.0	0.7572350614199459	0.3817796805760709	0.375455380843875	up	48
12	49	NNMT	58.335003	2.1751711	0.0	0.0	0.37455756818655006	0.10975004615952733	0.26480752202702273	up	49
12	50	GAP43	58.25077	1.934596	0.0	0.0	0.7509889652300645	0.34956321547267355	0.401425749757391	up	50
12	51	PDLIM4	58.232384	2.236691	0.0	0.0	0.43660212367270457	0.15168597673559822	0.2849161469371063	up	51
12	52	CAV1	58.19286	2.1679232	0.0	0.0	0.4295232146575057	0.14196362629246675	0.2875595883650389	up	52
12	53	RPL41	58.152363	0.8468293	0.0	0.0	0.9954195294607537	0.9835585533604135	0.011860976100340204	up	53
12	54	UQCRQ	57.602924	1.2839613	0.0	0.0	0.9061003539454507	0.7781803914327917	0.12791996251265902	up	54
12	55	RPS26	57.396626	1.0980668	0.0	0.0	0.9523214657505725	0.8726689438700148	0.07965252188055771	up	55
12	56	TTC9B	57.232437	2.3575706	0.0	0.0	0.30356027482823233	0.07937707717872969	0.22418319764950265	up	56
12	57	UQCRH	57.107536	1.2246217	0.0	0.0	0.8638351030605871	0.749350881646972	0.11448422141361514	up	57
12	58	PCSK1N	56.792492	1.8780152	0.0	0.0	0.7191338746616698	0.3491679745199409	0.36996590014172887	up	58
12	59	TXN	56.084923	1.4836361	0.0	0.0	0.8157401623985009	0.6325932422451994	0.18314692015330147	up	59
12	60	TIMP1	55.818436	1.7743059	0.0	0.0	0.8380179054757443	0.6053562361521418	0.23266166932360244	up	60
12	61	BAALC	55.728996	1.7687216	0.0	0.0	0.709348323964189	0.34276045513293946	0.36658786883124955	up	61
12	62	DYNLL1	55.43939	1.2305722	0.0	0.0	0.909015198834062	0.7847898587518464	0.12422534008221564	up	62
12	63	LGALS3	55.319675	1.8750623	0.0	0.0	0.7276702061211743	0.44766952086410633	0.28000068525706795	up	63
12	64	GUK1	55.248062	1.2507228	0.0	0.0	0.841140953570685	0.7247853581979321	0.11635559537275286	up	64
12	65	MGST1	54.910534	2.3023615	0.0	0.0	0.32458879866749946	0.09377596473412113	0.23081283393337831	up	65
12	66	TBCA	54.734257	1.3285546	0.0	0.0	0.8444722048719551	0.6901657127031019	0.15430649216885317	up	66
12	67	OST4	54.498722	1.1174546	0.0	0.0	0.8677909639808453	0.7889528711225997	0.07883809285824561	up	67
12	68	SEC61G	53.859253	1.8780302	0.0	0.0	0.9061003539454507	0.7677944977843427	0.13830585616110802	up	68
12	69	ADAMTS12	53.759506	4.1613536	0.0	0.0	0.06162814907349573	0.004604412850812408	0.05702373622268332	up	69
12	70	TWIST1	53.70635	2.8928018	0.0	0.0	0.19612742036227357	0.04138490121861152	0.15474251914366205	up	70
12	71	PPIA	53.255688	0.9800361	0.0	0.0	0.9710597543202165	0.9073780234490398	0.06368173087117668	up	71
12	72	RPS10	53.187473	1.0969889	0.0	0.0	0.8988132417239225	0.8418199547636632	0.05699328696025929	up	72
12	73	PPP1R14B	53.126728	1.730258	0.0	0.0	0.6981053508224027	0.45401645587149186	0.2440888949509108	up	73
12	74	GAL	52.890625	2.8537493	0.0	0.0	0.10368519675202999	0.012907357828655834	0.09077783892337415	up	74
12	75	LGALS1	52.532562	1.5993271	0.0	0.0	0.8992296481365813	0.7549390694239291	0.14429057871265227	up	75
12	76	CHCHD2	52.366173	0.9394368	0.0	0.0	0.9442015407037269	0.858725881646972	0.08547565905675492	up	76
12	77	RPL38	52.2656	0.85165775	0.0	0.0	0.9562773266708308	0.9390896187223042	0.01718770794852653	up	77
12	78	NPB	52.253277	2.880378	0.0	0.0	0.1711430356027483	0.03342238275480059	0.1377206528479477	up	78
12	79	SPARC	52.01813	1.7795045	0.0	0.0	0.7056006662502603	0.41034377307976366	0.29525689317049664	up	79
12	80	UBL5	52.010918	1.0409436	0.0	0.0	0.9267124713720591	0.8305685699778435	0.09614390139421569	up	80
12	81	COL6A1	51.951042	2.2161853	0.0	0.0	0.44722048719550284	0.19215922728951257	0.25506125990599027	up	81
12	82	DCBLD2	51.264095	2.6099882	0.0	0.0	0.308348948573808	0.10131150757016248	0.20703744100364552	up	82
12	83	CLU	51.240414	1.9661219	0.0	0.0	0.9023526962315219	0.587209771971935	0.3151429242595869	up	83
12	84	TUSC3	51.083046	2.943704	0.0	0.0	0.136789506558401	0.02302494922451994	0.11376455733388105	up	84
12	85	ROMO1	51.017506	1.3399693	0.0	0.0	0.8138663335415366	0.636421598042836	0.17744473549870055	up	85
12	86	TMA7	50.84996	0.88247746	0.0	0.0	0.9275452841973766	0.8758972258124077	0.05164805838496889	up	86
12	87	TNFRSF12A	50.68886	1.9469179	0.0	0.0	0.5084322298563397	0.2380244876292467	0.2704077422270931	up	87
12	88	RPL30	50.467762	0.8554426	0.0	0.0	0.9702269414948991	0.9429958687223042	0.027231072772594844	up	88
12	89	HBB	50.40608	2.0002294	0.0	0.0	0.22610868207370394	0.05428071916543575	0.17182796290826818	up	89
12	90	NDUFS6	50.261036	1.3191084	0.0	0.0	0.7805538205288362	0.6087662712333826	0.1717875492954536	up	90
12	91	UCHL1	50.115536	1.6863545	0.0	0.0	0.5975432021653133	0.29771452640324964	0.2998286757620637	up	91
12	92	C1orf122	50.066986	1.5274307	0.0	0.0	0.7189256714553404	0.4848798698301329	0.23404580162520744	up	92
12	93	DSTN	49.67143	1.3881637	0.0	0.0	0.8278159483656048	0.6006854689807977	0.22713047938480713	up	93
12	94	NDUFA13	49.59282	1.1785715	0.0	0.0	0.858213616489694	0.7167247507385525	0.1414888657511415	up	94
12	95	TUBB3	49.491932	2.0557582	0.0	0.0	0.3173016864459713	0.10215103397341212	0.21515065247255916	up	95
12	96	SCRG1	49.479153	1.6674707	0.0	0.0	0.7426608369768894	0.4045594073116691	0.33810142966522033	up	96
12	97	RPL24	49.4402	0.77071476	0.0	0.0	0.9458671663543619	0.9205681083825702	0.02529905797179166	up	97
12	98	ACTG1	49.340267	0.8906944	0.0	0.0	0.9573183427024776	0.9238223550590842	0.033495987643393454	up	98
12	99	MT1X	49.123257	1.879998	0.0	0.0	0.7559858421819696	0.5330733013293943	0.22291254085257528	up	99
12	100	S100A13	49.07962	1.7754306	0.0	0.0	0.5783885071830106	0.3045663312407681	0.2738221759422425	up	100
13	15176	S100B	-46.354645	-3.5733109	0.0	0.0	0.17526640493550197	0.53774639870523	-0.36247999376972806	down	1
13	15175	NDUFA4	-45.15849	-1.4942384	0.0	0.0	0.6932136848008974	0.8682347259393839	-0.1750210411384865	down	2
13	15174	DBI	-45.134624	-1.6883469	0.0	0.0	0.7624789680314077	0.8536743124408888	-0.09119534440948107	down	3
13	15173	CD74	-44.07552	-3.4477699	0.0	0.0	0.3665171060011217	0.6128568594927284	-0.2463397534916067	down	4
13	15172	ID2	-42.634407	-2.2286568	0.0	0.0	0.3224901850813236	0.6253934761298334	-0.3029032910485098	down	5
13	15171	LAPTM5	-40.51561	-3.3859193	0.0	0.0	0.18339876612450925	0.475626758964069	-0.2922279928395597	down	6
13	15170	HLA-DRA	-40.101845	-3.2993767	0.0	0.0	0.33735277621985416	0.564136249823924	-0.2267834736040698	down	7
13	15169	AIF1	-40.034233	-3.8443372	0.0	0.0	0.1326416152551879	0.4365163096754163	-0.3038746944202284	down	8
13	15168	HLA-DPA1	-39.921307	-3.5646245	0.0	0.0	0.19068984856982613	0.4784123543599311	-0.287722505790105	down	9
13	15167	CKB	-39.891853	-2.7202334	0.0	0.0	0.29248457655636567	0.5538447828299234	-0.26136020627355777	down	10
13	15166	SPP1	-39.792034	-2.5141714	0.0	0.0	0.6654514862591139	0.7502565679969873	-0.08480508173787338	down	11
13	15165	HLA-DRB1	-39.440006	-3.2229104	0.0	0.0	0.21228266965787998	0.4928204081515318	-0.2805377384936518	down	12
13	15164	GATM	-39.309135	-3.4643755	0.0	0.0	0.07515423443634324	0.39669580665840665	-0.3215415722220634	down	13
13	15163	SOX2	-39.203377	-3.5433192	0.0	0.0	0.09366236679753225	0.4073466125837619	-0.31368424578622967	down	14
13	15162	TUBB2B	-38.718132	-3.2624304	0.0	0.0	0.18648345485137408	0.46616895829081156	-0.2796855034394375	down	15
13	15161	ITGB2	-38.64761	-4.0337577	0.0	0.0	0.07263039820527202	0.37682292639876275	-0.30419252819349074	down	16
13	15160	PMP2	-38.521217	-3.681506	0.0	0.0	0.08020190689848569	0.3911246158666824	-0.31092270896819674	down	17
13	15159	C1QC	-38.386646	-3.7617543	0.0	0.0	0.14974761637689288	0.43370484187649666	-0.2839572254996038	down	18
13	15158	GPM6A	-38.35299	-3.4733272	0.0	0.0	0.09927089175546831	0.40382509105648523	-0.3045541993010169	down	19
13	15157	SCRG1	-38.23039	-3.3504162	0.0	0.0	0.10600112170499158	0.4122882415677526	-0.306287119862761	down	20
13	15156	RGS1	-37.54687	-3.2609298	1.584728384315107e-308	2.8394141629712003e-307	0.20919798093101513	0.47009581413265644	-0.2608978332016413	down	21
13	15155	ALOX5AP	-37.39081	-3.4565237	5.5117914312174765e-306	9.817716755886905e-305	0.14834548513740886	0.42399981601846715	-0.2756543308810583	down	22
13	15154	AP1S2	-37.375416	-2.2633471	9.802123853539147e-306	1.74392768583013e-304	0.25659001682557486	0.5159877077338362	-0.2593976909082613	down	23
13	15153	BCAN	-37.35261	-3.6047206	2.2996331260599785e-305	4.0865611617197e-304	0.08665171060011218	0.3850618494168648	-0.2984101388167526	down	24
13	15152	SARAF	-37.309048	-1.1767416	1.170668678337077e-304	2.0682267593065752e-303	0.6340437464946719	0.7448578598923133	-0.11081411339764147	down	25
13	15151	PTPRZ1	-37.25074	-3.0292757	1.0307157451149061e-303	1.8167412483000948e-302	0.22293886707795849	0.48544964799158286	-0.26251078091362434	down	26
13	15150	CD53	-36.836445	-3.9276562	4.820761664453631e-297	8.409181496522794e-296	0.06505888951205833	0.35167207591537997	-0.2866131864033216	down	27
13	15149	FCER1G	-36.751102	-3.3008292	1.1164231623587928e-295	1.9452167522338736e-294	0.19181155356141336	0.4458792448707961	-0.2540676913093828	down	28
13	15148	ADGRG1	-36.650784	-3.341105	4.4465974585482665e-294	7.721002635117676e-293	0.07655636567582726	0.36911007557616404	-0.2925537099003368	down	29
13	15147	PTPRC	-36.48147	-3.845766	2.1817643427712402e-291	3.771122513200039e-290	0.06842400448681997	0.3529829443369622	-0.28455893985014225	down	30
13	15146	TYROBP	-36.211693	-3.1614132	3.9852401543816315e-287	6.81848980641439e-286	0.26500280426247896	0.48593547422677447	-0.2209326699642955	down	31
13	15145	FABP7	-36.120224	-3.4229934	1.0920875979907915e-285	1.86010341044986e-284	0.11777902411665732	0.39604612187051724	-0.27826709775385994	down	32
13	15144	BEX1	-35.774208	-4.3164387	2.7816907334671706e-280	4.6801484003434345e-279	0.03897924845765564	0.3177763531985477	-0.27879710474089203	down	33
13	15143	PCSK1N	-35.75896	-3.811715	4.800856580916356e-280	8.068416331338496e-279	0.08076275939427931	0.3570276633482914	-0.2762649039540121	down	34
13	15142	TREM2	-35.309116	-3.6900802	4.255180118319068e-273	7.026834981023958e-272	0.0804823331463825	0.3513386093870828	-0.2708562762407003	down	35
13	15141	OLIG1	-35.08981	-3.7452435	9.641908080491705e-270	1.576784450749376e-268	0.05272013460459899	0.3285622705620923	-0.2758421359574933	down	36
13	15140	ATP6V1F	-34.97952	-1.1712453	4.6095079484958997e-268	7.465730269623668e-267	0.6197420078519349	0.7131382937437655	-0.09339628589183058	down	37
13	15139	ATP6V0E2	-34.969776	-3.110722	6.482721074618923e-268	1.0477292335294652e-266	0.09226023555804823	0.3647807601312018	-0.27252052457315357	down	38
13	15138	LST1	-34.906536	-3.5777347	5.916610951719108e-267	9.531898917546622e-266	0.08665171060011218	0.35166057706957665	-0.2650088664694645	down	39
13	15137	HLA-DQB1	-34.88952	-3.690298	1.0721193954699512e-266	1.7253959645442183e-265	0.08216489063376332	0.3490417149378631	-0.2668768243040998	down	40
13	15136	CD37	-34.807457	-3.5257056	1.875957852402255e-265	3.003115650638884e-264	0.0715086932136848	0.33902909495459393	-0.26752040174090913	down	41
13	15135	C1QA	-34.656277	-3.1690924	3.592931331583124e-263	5.715547787013154e-262	0.27061132922041503	0.4787630691569334	-0.20815173993651837	down	42
13	15134	FCGR3A	-34.49798	-3.7712371	8.601246463214625e-261	1.3526685629610895e-259	0.06870443073471677	0.33277084812611935	-0.2640664173914026	down	43
13	15133	CORO1A	-34.433765	-3.452664	7.880563702285013e-260	1.2342150128573514e-258	0.09478407178911946	0.35492624927772876	-0.2601421774886093	down	44
13	15132	C1QB	-34.21837	-3.0850995	1.2892179872499266e-256	1.9964461402556007e-255	0.3154795288839035	0.5051787926786849	-0.18969926379478141	down	45
13	15131	MS4A6A	-34.132317	-3.744845	2.4469707036845127e-255	3.785446218054654e-254	0.07487380818844644	0.33335441455063947	-0.25848060636219305	down	46
13	15130	HLA-DMA	-34.069447	-3.413473	2.0917731941614544e-254	3.2293743636413255e-253	0.1155356141334829	0.36644234334978626	-0.25090672921630336	down	47
13	15129	ATP6V0B	-34.058525	-1.091149	3.035229661533431e-254	4.681163144657657e-253	0.6194615816040382	0.7212766018610882	-0.10181502025705003	down	48
13	15128	MS4A7	-34.014088	-3.438575	1.379208473445285e-253	2.1228060641993555e-252	0.08805384183959619	0.34678219173750435	-0.25872834989790816	down	49
13	15127	BAALC	-33.882626	-3.2093153	1.2009726589830688e-251	1.835444216790237e-250	0.08973639932697701	0.35041582701136376	-0.26067942768438673	down	50
13	15126	CSF1R	-33.359856	-3.5942807	5.241902855879738e-244	7.884154384621498e-243	0.06449803701626472	0.3174831326305622	-0.2529850956142975	down	51
13	15125	SORL1	-33.31672	-3.254703	2.2113411673645411e-243	3.32270431246775e-242	0.07851934941110487	0.33415358433397246	-0.2556342349228676	down	52
13	15124	GPR34	-33.240208	-3.7148902	2.8274850602238808e-242	4.2359243113482343e-241	0.05832865956253505	0.3104889596706731	-0.25216030010813806	down	53
13	15123	ARRB2	-33.023224	-3.103211	3.77065201779145e-239	5.593686707918187e-238	0.08524957936062816	0.3362521236930843	-0.25100254433245617	down	54
13	15122	MT3	-32.93599	-2.3409965	6.714338877816973e-238	9.941151883878087e-237	0.4217610768367919	0.572694265813069	-0.1509331889762771	down	55
13	15121	HCLS1	-32.867546	-3.3134441	6.396211344943956e-237	9.442500327905591e-236	0.06954570947840717	0.31951555362630474	-0.24996984414789758	down	56
13	15120	CAPG	-32.784027	-2.8556929	9.946231999872743e-236	1.4640544794381062e-234	0.16713404374649468	0.39896395399311796	-0.23182991024662328	down	57
13	15119	HLA-DPB1	-32.76632	-2.88178	1.777995696355402e-235	2.609561188383905e-234	0.2879977565900168	0.4735167207591538	-0.185518964169137	down	58
13	15118	SPI1	-32.555103	-3.9057627	1.7731385829487193e-232	2.5824521242638925e-231	0.051318003365114974	0.2938357562359678	-0.24251775287085284	down	59
13	15117	TSC22D4	-32.40893	-2.2811213	2.054322384110052e-230	2.9691806191670615e-229	0.3250140213123948	0.5035574554204122	-0.17854343410801737	down	60
13	15116	TTYH1	-32.38837	-3.4546058	4.0019510351388164e-230	5.7676741604241855e-229	0.06926528323051037	0.31357065034597154	-0.24430536711546116	down	61
13	15115	HLA-DMB	-32.377796	-3.7338622	5.637611578142196e-230	8.117304868110623e-229	0.05412226584408301	0.29612115183938414	-0.24199888599530114	down	62
13	15114	CD9	-32.238117	-1.6538794	5.162440141640803e-228	7.363269886235041e-227	0.39708356702187325	0.5873581689237942	-0.19027460190192097	down	63
13	15113	SLA	-31.813814	-3.4875257	4.169568713813205e-222	5.85359618879086e-221	0.0633763320246775	0.3002291145026318	-0.23685278247795427	down	64
13	15112	CD68	-31.264982	-2.852619	1.3970443454749837e-214	1.9152253827396883e-213	0.17134043746494673	0.3837136097464217	-0.21237317228147498	down	65
13	15111	CTSS	-31.264816	-2.9404144	1.4042565183086306e-214	1.9233751734523264e-213	0.1500280426247897	0.3684546413653729	-0.21842659874058323	down	66
13	15110	C1orf162	-31.152157	-3.5464556	4.742024207133944e-213	6.471669007865534e-212	0.05973079080201907	0.2891384777252983	-0.22940768692327926	down	67
13	15109	FCGR1A	-30.93364	-3.8064113	4.217125446969356e-210	5.709107563176354e-209	0.04767246214245653	0.27396575068777473	-0.22629328854531822	down	68
13	15108	CXCR4	-30.862494	-2.9730985	3.8082802156241863e-209	5.146434599493557e-208	0.12450925406618059	0.35166057706957665	-0.22715132300339608	down	69
13	15107	SAMSN1	-30.828299	-3.3467069	1.094613926839305e-208	1.477923572394421e-207	0.0717891194615816	0.2981047027404624	-0.2263155832788808	down	70
13	15106	APBB1IP	-30.71499	-3.8453784	3.5902106044227254e-207	4.830233699709156e-206	0.03729669097027482	0.2612135306918568	-0.223916839721582	down	71
13	15105	HLA-A	-30.689772	-0.7731628	7.79370149086518e-207	1.0476281118279007e-205	0.8581043185642176	0.893555184398366	-0.03545086583414836	down	72
13	15104	CYBB	-30.519287	-3.7252958	1.4458232229713645e-204	1.9264102925209333e-203	0.04683118339876612	0.2697571731237477	-0.22292598972498157	down	73
13	15103	FCGR2A	-30.502676	-2.8854907	2.401463775888011e-204	3.191297220917378e-203	0.10431856421761077	0.32947642880345884	-0.22515786458584808	down	74
13	15102	CXCL16	-30.49365	-2.6944337	3.1633925570790925e-204	4.200143958550508e-203	0.1421761076836792	0.360391075745772	-0.2182149680620928	down	75
13	15101	SLC11A1	-30.462013	-3.0276706	8.305343848658396e-204	1.100802604779387e-202	0.1062815479528884	0.32840703614374706	-0.22212548819085864	down	76
13	15100	HMGA1	-30.337734	-2.763614	3.6469421781619195e-202	4.804339799981362e-201	0.08973639932697701	0.31641661468230126	-0.22668021535532423	down	77
13	15099	VSIG4	-30.2727	-3.2375352	2.6229740472202063e-201	3.4404714036831337e-200	0.09506449803701626	0.31392711456587546	-0.2188626165288592	down	78
13	15098	SERPINA1	-30.25235	-3.8398027	4.858818766116953e-201	6.362159930508273e-200	0.051598429613011774	0.26976292254664935	-0.21816449293363757	down	79
13	15097	PREX1	-30.126728	-2.4814098	2.164705872469524e-199	2.822300371185352e-198	0.12086371284352215	0.34614688050686915	-0.225283167663347	down	80
13	15096	CD14	-30.045631	-3.0013149	2.489930882535477e-198	3.2324372175670146e-197	0.17554683118339875	0.3763802208353337	-0.20083338965193492	down	81
13	15095	RNASE6	-30.001379	-3.6551232	9.415277198473592e-198	1.2170889843614585e-196	0.04374649467190129	0.2613055214582836	-0.21755902678638234	down	82
13	15094	MSR1	-29.9961	-3.5450037	1.1032697478124372e-197	1.424955037685238e-196	0.055524397083567024	0.27358628877626406	-0.21806189169269705	down	83
13	15093	UCP2	-29.952164	-3.3617043	4.12348093459552e-197	5.307713881545514e-196	0.061974200785193494	0.28002276771469065	-0.21804856692949715	down	84
13	15092	HCST	-29.91991	-2.7373269	1.0840527374659032e-196	1.3930215363067356e-195	0.13292204150308468	0.3487111231210167	-0.21578908161793203	down	85
13	15091	LY86	-29.8932	-3.3803406	2.41194306369048e-196	3.0967553244134286e-195	0.05440269209197981	0.27218917901115675	-0.21778648691917693	down	86
13	15090	LILRB4	-29.867367	-3.6841536	5.223703383791332e-196	6.701176885242371e-195	0.04206393718452047	0.25772075627908847	-0.215656819094568	down	87
13	15089	EVI2B	-29.814236	-3.5302718	2.554515916596692e-195	3.268746505081905e-194	0.05272013460459899	0.26871940228999514	-0.21599926768539615	down	88
13	15088	HLA-DQA1	-29.779806	-3.6477485	7.134393907793005e-195	9.12144582516147e-194	0.05103757711721817	0.26718143166379676	-0.21614385454657858	down	89
13	15087	ARL6IP1	-29.778572	-1.1391013	7.401565534564271e-195	9.455063851224525e-194	0.5936623667975323	0.6856790499653598	-0.09201668316782752	down	90
13	15086	QKI	-29.628965	-1.2312022	6.330844296970628e-193	8.039907368269979e-192	0.5849691531127313	0.6608156706270608	-0.07584651751432947	down	91
13	15085	SKAP2	-29.62648	-2.7536376	6.815365481189192e-193	8.647992185830032e-192	0.09702748177229388	0.3149706348225297	-0.21794315305023582	down	92
13	15084	CELF2	-29.603523	-1.6271278	1.3461174564258628e-192	1.7052319297762016e-191	0.3107122826696579	0.5026088006416356	-0.1918965179719777	down	93
13	15083	SNX10	-29.583126	-3.4966867	2.463373126274681e-192	3.1179441671680195e-191	0.04879416713404375	0.2624410324813647	-0.21364686534732094	down	94
13	15082	APOC1	-29.571085	-2.417326	3.518734951840286e-192	4.4500268024273486e-191	0.4489624228827818	0.560068533120988	-0.11110611023820621	down	95
13	15081	NCAM1	-29.472982	-2.7463012	6.391782920198792e-191	8.036594664203551e-190	0.10403813796971396	0.32046420840508133	-0.21642607043536738	down	96
13	15080	RNASET2	-29.465542	-2.0690684	7.960562740880177e-191	1.0000786436721654e-189	0.38867077958496915	0.5212886756491817	-0.13261789606421254	down	97
13	15079	SCG3	-29.444925	-3.8246343	1.4621402159406057e-190	1.835354831853981e-189	0.03393157599551318	0.24477880532741525	-0.2108472293319021	down	98
13	15078	GNG7	-29.432293	-3.0274026	2.1216569670189174e-190	2.661013729874305e-189	0.07936062815479529	0.29441357323758627	-0.215052945082791	down	99
13	15077	OAZ1	-29.23133	-0.6274297	7.755879964468604e-188	9.647806093506193e-187	0.8401570386988222	0.8867133711453713	-0.04655633244654911	down	100
13	1	ISLR	331.08572	8.717822	0.0	0.0	0.49579360628154795	0.0029063332767973417	0.4928872730047506	up	1
13	2	LAMC3	300.23535	8.000222	0.0	0.0	0.43886707795849694	0.003084565386749305	0.43578251257174766	up	2
13	3	CD248	298.3489	7.5403113	0.0	0.0	0.5515984296130118	0.006456601918582422	0.5451418276944293	up	3
13	4	PLAC9	298.10547	7.4379773	0.0	0.0	0.5900168255748738	0.007833588703533883	0.5821832368713399	up	4
13	5	LUM	297.69507	7.9092817	0.0	0.0	0.5936623667975323	0.008034818505092552	0.5856275482924397	up	5
13	6	ENPEP	295.44098	8.260749	0.0	0.0	0.377453729669097	0.0019289313835123799	0.37552479828558466	up	6
13	7	COL3A1	295.19254	8.840523	0.0	0.0	0.8328659562535053	0.020217845633744513	0.8126481106197608	up	7
13	8	CARMN	289.90308	8.129905	0.0	0.0	0.3659562535053281	0.001905933691905675	0.36405031981342245	up	8
13	9	COL1A1	267.722	8.499907	0.0	0.0	0.7767807066741447	0.022325009127208858	0.7544556975469359	up	9
13	10	PDGFRB	267.12958	7.0512395	0.0	0.0	0.7260235558048234	0.018789114042677968	0.7072344417621454	up	10
13	11	EDNRA	263.7214	6.989573	0.0	0.0	0.5420639371845205	0.009328438657969706	0.5327354985265508	up	11
13	12	NID2	254.84639	6.277623	0.0	0.0	0.4817722938867078	0.0075633658271550995	0.47420892805955267	up	12
13	13	ADGRA2	251.00813	6.43014	0.0	0.0	0.4189568143578239	0.005470575890944946	0.41348623846687893	up	13
13	14	COL6A3	245.51918	7.070401	0.0	0.0	0.5816040381379697	0.013772742560965444	0.5678312955770043	up	14
13	15	ASPN	245.2016	8.439941	0.0	0.0	0.2703309029725182	0.0015379706261983953	0.26879293234631985	up	15
13	16	PRELP	238.0713	7.117056	0.0	0.0	0.4181155356141335	0.006545717973558404	0.4115698176405751	up	16
13	17	VGLL3	237.56659	7.827448	0.0	0.0	0.2392035894559731	0.0011412604459827345	0.23806232900999036	up	17
13	18	PRKG1	234.20746	7.278914	0.0	0.0	0.31800336511497473	0.003234050382192887	0.31476931473278186	up	18
13	19	EBF1	230.29628	6.0357924	0.0	0.0	0.49242849130678634	0.010817539189503853	0.4816109521172825	up	19
13	20	GLT8D2	224.23686	6.5913553	0.0	0.0	0.3275378575434661	0.0041223362205018675	0.32341552132296425	up	20
13	21	GGT5	222.20062	5.7568703	0.0	0.0	0.5459899046550757	0.015218722420737019	0.5307711822343386	up	21
13	22	FAM162B	221.53569	8.168003	0.0	0.0	0.2226584408300617	0.001293620152877155	0.22136482067718455	up	22
13	23	DCN	217.56868	7.464471	0.0	0.0	0.89736399326977	0.05233124725105717	0.8450327460187128	up	23
13	24	COL1A2	217.06361	7.808109	0.0	0.0	0.9111048794167134	0.056091369828753436	0.85501350958796	up	24
13	25	MYL9	215.60597	6.6207757	0.0	0.0	0.797812675266405	0.04079790491029463	0.7570147703561103	up	25
13	26	ITGA1	213.99118	5.772103	0.0	0.0	0.60263600673023	0.021057261377389246	0.5815787453528407	up	26
13	27	SYNPO2	212.39612	6.337724	0.0	0.0	0.3749298934380258	0.006997047671339989	0.36793284576668583	up	27
13	28	SVIL	211.50343	5.845473	0.0	0.0	0.5395401009534493	0.016952173425592406	0.5225879275278569	up	28
13	29	HIGD1B	211.08961	7.2614236	0.0	0.0	0.38951205832865954	0.007934203604313217	0.3815778547243463	up	29
13	30	SFTA1P	209.452	7.8651633	0.0	0.0	0.1887268648345485	0.000940030644424066	0.18778683419012443	up	30
13	31	HEYL	206.94029	6.862689	0.0	0.0	0.2504206393718452	0.0025757414599509574	0.24784489791189426	up	31
13	32	HTRA3	206.06592	6.606277	0.0	0.0	0.3037016264722378	0.004473051017504118	0.2992285754547337	up	32
13	33	FRZB	204.32838	6.120455	0.0	0.0	0.5044868199663488	0.015931650860544874	0.48855516910580393	up	33
13	34	MYO1B	203.81123	5.845954	0.0	0.0	0.5050476724621424	0.01593452557199571	0.48911314689014673	up	34
13	35	PDE5A	203.1744	6.489272	0.0	0.0	0.31800336511497473	0.00528084493518963	0.3127225201797851	up	35
13	36	GJA4	203.10419	7.483617	0.0	0.0	0.21845204711160965	0.00183694061708556	0.2166151064945241	up	36
13	37	COL12A1	201.93129	5.9545712	0.0	0.0	0.3345485137408861	0.006094388275776819	0.3284541254651093	up	37
13	38	SLC38A11	200.34879	7.8523893	0.0	0.0	0.2066741446999439	0.0016357108155268915	0.20503843388441703	up	38
13	39	LRRC32	200.13684	6.375064	0.0	0.0	0.27425687044307345	0.003742874308991235	0.2705139961340822	up	39
13	40	FHL5	199.09084	8.258052	0.0	0.0	0.16601233875490745	0.0007617985344721024	0.16525054022043534	up	40
13	41	OLFML1	196.01834	6.0614314	0.0	0.0	0.2591138530566461	0.003438154895202394	0.2556756981614437	up	41
13	42	FOXS1	195.29338	7.1896143	0.0	0.0	0.19265283230510374	0.0014546039941240897	0.19119822831097966	up	42
13	43	PLA2R1	194.07243	6.2884793	0.0	0.0	0.2846326416152552	0.004567916495381776	0.2800647251198734	up	43
13	44	STRA6	193.58646	6.614546	0.0	0.0	0.2055524397083567	0.0018541888857905888	0.20369825082256612	up	44
13	45	CDC42EP5	188.4852	5.5450773	0.0	0.0	0.33370723499719573	0.007367885448498107	0.32633934954869764	up	45
13	46	COL5A1	186.46576	5.7638254	0.0	0.0	0.5176668536174986	0.02112625445220936	0.4965405991652893	up	46
13	47	BGN	185.83278	6.2848377	0.0	0.0	0.8710039259674706	0.07103986937311167	0.7999640565943589	up	47
13	48	TRPC6	183.2484	7.904167	0.0	0.0	0.15900168255748737	0.0010291466994000477	0.15797253585808732	up	48
13	49	NID1	182.51128	5.7122536	0.0	0.0	0.7257431295569265	0.04789844219386479	0.6778446873630618	up	49
13	50	CFH	181.70825	5.3941875	0.0	0.0	0.5605720695457095	0.026510588999629162	0.5340614805460803	up	50
13	51	FBLN1	181.67014	5.791124	0.0	0.0	0.7027481772293886	0.044629895274261845	0.6581182819551268	up	51
13	52	PEAR1	180.46976	6.3646145	0.0	0.0	0.2035894559730791	0.0023630128125889365	0.20122644316049015	up	52
13	53	CCDC3	179.3741	6.4520984	0.0	0.0	0.2966909702748177	0.006433604226975718	0.290257366047842	up	53
13	54	RGS5	178.35037	7.0757623	0.0	0.0	0.4548513740886147	0.01778583974633546	0.43706553434227924	up	54
13	55	ARHGAP29	175.72139	5.276368	0.0	0.0	0.6037577117218171	0.03388997329393062	0.5698677384278865	up	55
13	56	DSP	173.55643	6.512448	0.0	0.0	0.18115535614133482	0.0019576784980207614	0.17919767764331407	up	56
13	57	ITIH5	172.43188	5.7439885	0.0	0.0	0.3132361189007291	0.00809806215701099	0.30513805674371813	up	57
13	58	S1PR3	172.29382	5.447295	0.0	0.0	0.5002804262478968	0.02348064313044578	0.476799783117451	up	58
13	59	IL1R1	171.86491	5.120229	0.0	0.0	0.48738081884464385	0.022086408076789292	0.46529441076785455	up	59
13	60	RNF152	171.5668	5.854545	0.0	0.0	0.3115535614133483	0.008121059848617695	0.30343250156473056	up	60
13	61	SLIT3	170.21274	7.413837	0.0	0.0	0.13628715647784634	0.0008652881467022748	0.13542186833114406	up	61
13	62	TMEM204	168.91191	4.772116	0.0	0.0	0.39848569826135727	0.014540290518339221	0.38394540774301805	up	62
13	63	RBPMS	168.7792	4.947079	0.0	0.0	0.45401009534492426	0.019605532094715994	0.43440456325020826	up	63
13	64	CYP1B1	168.65111	6.3416395	0.0	0.0	0.48878295008412787	0.02387735331066144	0.46490559677346643	up	64
13	65	ABCA9	168.55276	6.6501007	0.0	0.0	0.1876051598429613	0.0024032587729006702	0.18520190107006063	up	65
13	66	MXRA8	167.0081	4.9759464	0.0	0.0	0.5611329220415031	0.0321162763287635	0.5290166457127397	up	66
13	67	OLFML2A	166.19211	5.833038	0.0	0.0	0.283510936623668	0.007080414303414295	0.2764305223202537	up	67
13	68	FBLN2	165.89789	5.7880125	0.0	0.0	0.3123948401570387	0.008917354920499854	0.3034774852365389	up	68
13	69	ITGA10	165.39201	5.061391	0.0	0.0	0.3906337633202468	0.014767392722955434	0.3758663705972914	up	69
13	70	FAP	165.35205	5.5187593	0.0	0.0	0.3295008412787437	0.0101649796901636	0.31933586158858007	up	70
13	71	CTSK	165.22188	5.047968	0.0	0.0	0.5277621985417835	0.028922471906882345	0.49883972663490117	up	71
13	72	PHLDB2	165.20357	5.416867	0.0	0.0	0.31688166012338753	0.00927669385185462	0.3076049662715329	up	72
13	73	ABCC9	165.05415	6.234284	0.0	0.0	0.22910824453168815	0.0043206913106096975	0.22478755322107846	up	73
13	74	PTH1R	164.92694	5.9921107	0.0	0.0	0.2414469994391475	0.004915756580933189	0.2365312428582143	up	74
13	75	TAGLN	164.83025	6.247756	0.0	0.0	0.8087492989343803	0.07733548745044716	0.7314138114839331	up	75
13	76	FOXC1	164.67609	5.14365	0.0	0.0	0.4478407178911946	0.020321335245974684	0.42751938264521994	up	76
13	77	COL6A2	163.15343	5.4516735	0.0	0.0	0.7582725743129557	0.06730561919847296	0.6909669551144827	up	77
13	78	PCOLCE	162.47421	5.479137	0.0	0.0	0.7535053280987101	0.06793805571765733	0.6855672723810528	up	78
13	79	MGP	162.33525	6.340406	0.0	0.0	0.8109927089175547	0.07990547948749645	0.7310872294300582	up	79
13	80	MRGPRF	162.0548	5.9042516	0.0	0.0	0.20246775098149186	0.0033346652829722217	0.19913308569851965	up	80
13	81	PDLIM1	161.44028	5.077084	0.0	0.0	0.6550757150869322	0.04933004849638217	0.6057456665905501	up	81
13	82	LAMA2	161.06833	5.0926747	0.0	0.0	0.47924845765563656	0.024748390880265394	0.4545000667753712	up	82
13	83	BICC1	158.8441	5.0796595	0.0	0.0	0.35389792484576554	0.013091435947116809	0.34080648889864873	up	83
13	84	A4GALT	158.78023	5.612576	0.0	0.0	0.21060011217049915	0.0039124822845906845	0.20668762988590847	up	84
13	85	COL13A1	156.67384	5.9853754	0.0	0.0	0.18255748738081884	0.0028402149134280647	0.17971727246739078	up	85
13	86	IGFBP4	156.14049	5.363609	0.0	0.0	0.7535053280987101	0.0739749497644174	0.6795303783342926	up	86
13	87	SPON2	156.03186	5.049589	0.0	0.0	0.5117779024116658	0.030612802239975163	0.4811651001716906	up	87
13	88	ITGA8	153.66783	5.6237073	0.0	0.0	0.19153112731351654	0.0034036583577923365	0.18812746895572421	up	88
13	89	SFRP2	152.8059	6.723507	0.0	0.0	0.24705552439708356	0.006447977784229908	0.24060754661285366	up	89
13	90	PCDH18	152.3243	4.904338	0.0	0.0	0.4251261918115536	0.021517215209523342	0.40360897660203027	up	90
13	91	PGF	152.12871	4.6681137	0.0	0.0	0.3752103196859226	0.016357108155268914	0.3588532115306537	up	91
13	92	ADAMTS12	150.95738	5.601027	0.0	0.0	0.18956814357823892	0.0034956491242191566	0.18607249445401977	up	92
13	93	TUSC3	149.94006	4.32556	0.0	0.0	0.413067863151991	0.020597307545255145	0.3924705556067359	up	93
13	94	RERG	149.32909	5.9500947	0.0	0.0	0.16601233875490745	0.002584365594303472	0.16342797316060398	up	94
13	95	MXRA5	149.0288	4.995298	0.0	0.0	0.33510936623667975	0.013479521992979955	0.3216298442436998	up	95
13	96	FSTL1	148.7712	5.084098	0.0	0.0	0.7933258553000561	0.09271231900098027	0.7006135362990757	up	96
13	97	FBN1	148.62068	4.6639986	0.0	0.0	0.5100953449242849	0.033674369935117764	0.47642097498916713	up	97
13	98	COL18A1	148.0341	5.1407027	0.0	0.0	0.6578799775659002	0.060400562293559786	0.5974794152723404	up	98
13	99	HTR1F	147.67651	7.963792	0.0	0.0	0.09085810431856421	0.00040820902601901337	0.0904498952925452	up	99
13	100	TPM2	146.39603	5.539237	0.0	0.0	0.8373527762198542	0.1104492886526515	0.7269034875672027	up	100
14	15176	FTH1	-55.854115	-1.7124805	0.0	0.0	0.9420454545454545	0.9915134451685412	-0.04946799062308671	down	1
14	15175	APOE	-43.723316	-3.0481226	0.0	0.0	0.4893939393939394	0.7715597198290074	-0.282165780435068	down	2
14	15174	SPP1	-42.109016	-3.0944765	0.0	0.0	0.4784090909090909	0.7514471582943172	-0.2730380673852263	down	3
14	15173	SLC1A3	-40.89416	-2.8905385	0.0	0.0	0.15416666666666667	0.567257380578978	-0.41309071391231134	down	4
14	15172	GLUL	-40.76653	-2.2814367	0.0	0.0	0.35	0.6986040190718117	-0.3486040190718117	down	5
14	15171	RPS15	-40.708748	-1.0691592	0.0	0.0	0.8768939393939394	0.9672923589468644	-0.09039841955292494	down	6
14	15170	S100B	-40.69038	-3.4289143	0.0	0.0	0.13522727272727272	0.5370871047372752	-0.4018598320100024	down	7
14	15169	RNASET2	-37.752907	-3.1627462	0.0	0.0	0.17234848484848486	0.5225739491437468	-0.3502254642952619	down	8
14	15168	S100A6	-37.19632	-2.022436	7.825594225623045e-303	1.8131483659245087e-301	0.41363636363636364	0.7453488805488737	-0.3317125169125101	down	9
14	15167	CELF2	-37.007904	-2.7255497	8.545009561802139e-300	1.9678158590274546e-298	0.14053030303030303	0.5033874542342461	-0.36285715120394313	down	10
14	15166	FTL	-36.784103	-1.4982632	3.315023746221341e-296	7.576626562146848e-295	0.953030303030303	0.9771866497317847	-0.0241563467014817	down	11
14	15165	CKB	-36.742073	-2.7193577	1.5561867529360357e-295	3.551381979331921e-294	0.20416666666666666	0.5538193797360567	-0.34965271306939	down	12
14	15164	APOC1	-36.714367	-3.186622	4.308412168571431e-295	9.81748694748349e-294	0.23712121212121212	0.5613770008629909	-0.3242557887417788	down	13
14	15163	TUBB2B	-36.65871	-3.4361372	3.324448502654761e-294	7.541379742345092e-293	0.11477272727272728	0.46596920183378393	-0.3511964745610566	down	14
14	15162	GPM6B	-36.6039	-2.9993079	2.4793386001625653e-293	5.60751752549435e-292	0.1946969696969697	0.5212837634430182	-0.3265867937460485	down	15
14	15161	LRP1	-35.980312	-3.0135267	1.699852233677209e-283	3.765979196829974e-282	0.10227272727272728	0.4533913247913483	-0.351118597518621	down	16
14	15160	TYROBP	-35.897873	-3.4175372	3.297434291847394e-282	7.26296992932889e-281	0.1696969696969697	0.48607029505113436	-0.3163733253541646	down	17
14	15159	DBI	-35.275906	-1.6111535	1.3751205286230932e-272	2.9685389960717017e-271	0.6943181818181818	0.8539481115981961	-0.15962992978001422	down	18
14	15158	C1QA	-35.271385	-3.447419	1.6132040591540236e-272	3.477554659335435e-271	0.16174242424242424	0.4790344823631615	-0.31729205812073724	down	19
14	15157	FABP5	-35.128666	-2.6181655	2.461367119972983e-270	5.253685993348803e-269	0.21553030303030302	0.5362843225234886	-0.32075401949318555	down	20
14	15156	SOX2	-34.996582	-3.5842023	2.535888977875018e-268	5.374951274892635e-267	0.06628787878787878	0.4067210073769951	-0.34043312858911634	down	21
14	15155	C1QC	-34.958588	-3.7462986	9.588290569357461e-268	2.0294546398963574e-266	0.10984848484848485	0.4332529595426435	-0.3234044746941586	down	22
14	15154	SCRG1	-34.695858	-3.514248	9.09716755366598e-264	1.901633812595522e-262	0.07462121212121212	0.41171259249914705	-0.33709138037793496	down	23
14	15153	TSC22D4	-34.41277	-2.6883364	1.6244139109541905e-259	3.3585974812862116e-258	0.18825757575757576	0.504118559464659	-0.31586098370708326	down	24
14	15152	FCER1G	-34.386032	-3.3086832	4.078191727579984e-259	8.39764418694082e-258	0.13143939393939394	0.44566167890431696	-0.314222284964923	down	25
14	15151	AIF1	-34.31668	-3.3610876	4.4255334731359425e-258	9.100527911695267e-257	0.1178030303030303	0.43582186262676076	-0.31801883232373046	down	26
14	15150	C1QB	-33.99961	-3.2181673	2.257536676748252e-253	4.56805021417753e-252	0.2159090909090909	0.5054288147207321	-0.28951972381164115	down	27
14	15149	GATM	-33.88688	-3.164101	1.0396734862598145e-251	2.089812559930986e-250	0.0625	0.39593792199823963	-0.33343792199823963	down	28
14	15148	FABP7	-33.765812	-3.6728995	6.266050177387083e-250	1.254532684591377e-248	0.07424242424242425	0.3956368786680696	-0.3213944544256454	down	29
14	15147	RAB31	-33.614803	-2.1005461	1.0195268305318897e-247	2.0198876214297595e-246	0.24204545454545454	0.541969740844699	-0.2999242862992444	down	30
14	15146	CST3	-33.343754	-1.2221197	8.973301129058616e-244	1.7639743255776368e-242	0.8287878787878787	0.8761737106027461	-0.04738583181486733	down	31
14	15145	ALOX5AP	-33.322292	-3.2519565	1.8361556342746964e-243	3.6048509580534012e-242	0.11628787878787879	0.4235106239624757	-0.3072227451745969	down	32
14	15144	GPM6A	-33.154087	-3.2211509	4.9450281499843565e-241	9.608930499892778e-240	0.08484848484848485	0.403125689890965	-0.31827720504248014	down	33
14	15143	ID2	-32.830345	-1.847383	2.1732266338182485e-236	4.153764155519614e-235	0.3321969696969697	0.6245158219773099	-0.2923188522803402	down	34
14	15142	PCSK1N	-32.559788	-3.8821356	1.5220983214570524e-232	2.8730552396059983e-231	0.05	0.3565270494599856	-0.3065270494599856	down	35
14	15141	ZEB2	-32.518944	-2.2951925	5.756763415497568e-232	1.0852750508520632e-230	0.18636363636363637	0.4896054038711305	-0.3032417675074941	down	36
14	15140	CD68	-32.41461	-3.5067663	1.708705311119351e-230	3.209320767518227e-229	0.0856060606060606	0.38379870809405164	-0.298192647487991	down	37
14	15139	HLA-DRA	-32.31875	-2.6947477	3.8147114935960706e-229	7.10332044500785e-228	0.3261363636363636	0.5636190569029236	-0.23748269326655996	down	38
14	15138	CAPG	-32.098904	-3.201349	4.566741401653109e-226	8.421004557896425e-225	0.10303030303030303	0.3988336721265414	-0.2958033690962384	down	39
14	15137	RGS1	-31.921865	-2.8393846	1.3279714397884036e-223	2.4369159093384297e-222	0.18863636363636363	0.4695587851611442	-0.28092242152478053	down	40
14	15136	PTN	-31.91117	-2.3388517	1.869025149834099e-223	3.425643197328779e-222	0.2784090909090909	0.5541806317322606	-0.27577154082316974	down	41
14	15135	ITGB2	-31.846985	-3.4227748	1.4490883149656414e-222	2.6400197200382444e-221	0.08446969696969697	0.3759257082402727	-0.29145601127057574	down	42
14	15134	IRS2	-31.735662	-3.0056787	5.007593854307393e-221	9.090340231216387e-220	0.08333333333333333	0.3831364127676777	-0.29980307943434437	down	43
14	15133	EMP3	-31.70149	-2.5912194	1.4818666878115897e-220	2.686834988557788e-219	0.14924242424242423	0.44015401950187366	-0.29091159525944943	down	44
14	15132	PMP2	-31.68868	-3.22938	2.2249879915151592e-220	4.0246028318514965e-219	0.09393939393939393	0.3901951620903302	-0.2962557681509363	down	45
14	15131	NENF	-31.522684	-1.9614818	4.247071959109217e-218	7.636678205147093e-217	0.2518939393939394	0.5294463383096274	-0.277552398915688	down	46
14	15130	ATP6V1F	-31.424028	-1.3372148	9.50501506294695e-217	1.705060385287032e-215	0.4856060606060606	0.7139056214824521	-0.22829956087639147	down	47
14	15129	RAMP1	-31.3856	-3.0768206	3.181370803187511e-216	5.693453220421423e-215	0.06893939393939394	0.36897877501168336	-0.30003938107228945	down	48
14	15128	SMS	-31.31137	-2.0878718	3.267574538606366e-215	5.827110599047029e-214	0.21325757575757576	0.4931691834844762	-0.27991160772690044	down	49
14	15127	GAP43	-31.168238	-3.6029572	2.8717063366790568e-213	5.091240112785206e-212	0.0696969696969697	0.3572094143417042	-0.2875124446447345	down	50
14	15126	TREM2	-30.929928	-3.5258482	4.730712540235495e-210	8.290218650186358e-209	0.06666666666666667	0.3507240808860422	-0.2840574142193755	down	51
14	15125	ARL4C	-30.914429	-2.7592227	7.643398780917664e-210	1.3379033437048035e-208	0.11098484848484849	0.400120990747935	-0.2891361422630865	down	52
14	15124	RPS2	-30.633036	-0.77058816	4.4467169695456825e-206	7.686033796107662e-205	0.9238636363636363	0.971945628707492	-0.048081992343855684	down	53
14	15123	TTYH1	-30.190613	-3.8237503	3.1457181638253025e-200	5.35795946736395e-199	0.03787878787878788	0.31315960743949744	-0.27528081956070954	down	54
14	15122	CBR1	-30.14879	-2.4913375	1.1124818497719163e-199	1.8863714583395085e-198	0.12121212121212122	0.4065805204895825	-0.28536839927746127	down	55
14	15121	CADM1	-29.887007	-3.415136	2.9031099860430804e-196	4.87362800311834e-195	0.04734848484848485	0.3205107988543151	-0.27316231400583024	down	56
14	15120	CD14	-29.879269	-3.2472672	3.6591435673073255e-196	6.1360400859067375e-195	0.11022727272727273	0.3763414347438408	-0.26611416201656807	down	57
14	15119	MS4A7	-29.866346	-3.3277514	5.38562722624764e-196	9.021222824010396e-195	0.07424242424242425	0.3461998296954875	-0.27195740545306324	down	58
14	15118	MS4A6A	-29.774082	-3.5666623	8.461885440356545e-195	1.412734581329493e-193	0.06439393939393939	0.33274749345589144	-0.26835355406195205	down	59
14	15117	GAPDH	-29.723867	-0.85394204	3.7753539360774735e-194	6.261723643050463e-193	0.9348484848484848	0.969239105815297	-0.034390620966812224	down	60
14	15116	NCAM1	-29.72128	-3.234197	4.0777067016384604e-194	6.755816255902322e-193	0.04393939393939394	0.32034450825288785	-0.2764051143134939	down	61
14	15115	PDPN	-29.674952	-3.4465468	1.6165663043310364e-193	2.6724412020182796e-192	0.03939393939393939	0.31092901971690456	-0.2715350803229652	down	62
14	15114	C3	-29.634012	-2.960595	5.450740892317916e-193	8.991352584980074e-192	0.10757575757575757	0.3797131200417447	-0.2721373624659871	down	63
14	15113	LST1	-29.44872	-3.1084433	1.307323201572545e-190	2.144858044007021e-189	0.08484848484848485	0.3509706497088481	-0.2661221648603633	down	64
14	15112	MAFB	-29.287004	-2.8247685	1.518254157810617e-188	2.480196458442833e-187	0.11325757575757575	0.3798851448018418	-0.2666275690442661	down	65
14	15111	CD53	-29.240763	-3.043371	5.884942243787521e-188	9.5826055248626e-187	0.08901515151515152	0.3507298150447121	-0.26171466352956063	down	66
14	15110	FCGR3A	-29.23264	-3.3790393	7.464625289979588e-188	1.2141817084751365e-186	0.06856060606060606	0.3320708627328427	-0.26351025667223665	down	67
14	15109	BEX1	-29.21648	-3.2684622	1.1976654438526856e-187	1.9460140017032503e-186	0.04772727272727273	0.316969955875649	-0.2692426831483763	down	68
14	15108	PTPRZ1	-29.178278	-2.4243479	3.658519109372747e-187	5.938148235704899e-186	0.24015151515151514	0.48462241998698347	-0.24447090483546832	down	69
14	15107	CALM2	-29.16372	-0.9611094	5.597284925875479e-187	9.075255986654516e-186	0.7643939393939394	0.8856608761221032	-0.1212669367281638	down	70
14	15106	IGFBP2	-29.06882	-2.7068295	8.899576302203286e-186	1.435281296091786e-184	0.21174242424242423	0.44779765300885643	-0.2360552287664322	down	71
14	15105	LGALS3BP	-29.058569	-2.644724	1.199320873446222e-185	1.9321543073694126e-184	0.09318181818181819	0.3633248945631575	-0.2701430763813393	down	72
14	15104	HLA-DPB1	-28.987183	-2.6043835	9.545383406929343e-185	1.536169019974122e-183	0.24696969696969698	0.47333472864527637	-0.2263650316755794	down	73
14	15103	FCGR2A	-28.866184	-3.257378	3.17441237244445e-183	5.060386781955565e-182	0.07045454545454545	0.32913497349385157	-0.25868042803930613	down	74
14	15102	CXCL16	-28.82861	-2.7755058	9.396786784706195e-183	1.4932527355466095e-181	0.09734848484848485	0.3601510377393653	-0.26280255289088045	down	75
14	15101	ENO1	-28.5964	-1.2609566	7.448388820318562e-180	1.1725803810908143e-178	0.5526515151515151	0.7555470817432989	-0.20289556659178376	down	76
14	15100	RPL36	-28.551249	-0.90112627	2.7105159548207904e-179	4.249461790326479e-178	0.8405303030303031	0.9483036925114755	-0.10777338948117243	down	77
14	15099	HLA-DMA	-28.528978	-2.9897068	5.121728983562145e-179	8.013129799437022e-178	0.11818181818181818	0.365756177839197	-0.24757435965737884	down	78
14	15098	CORO1A	-28.416275	-2.8980823	1.272840389394823e-177	1.9852647224517812e-176	0.10037878787878787	0.35419324688133447	-0.2538144590025466	down	79
14	15097	CSF1R	-28.412506	-3.3309078	1.4168372628858693e-177	2.2075895586813093e-176	0.06363636363636363	0.31681800067089655	-0.2531816370345329	down	80
14	15096	BCAN	-28.385294	-2.6400607	3.0715939767149633e-177	4.776076863793676e-176	0.12083333333333333	0.38401087196483813	-0.2631775386315048	down	81
14	15095	TUBA1A	-28.348677	-1.626368	8.690234857112005e-177	1.3484969753735356e-175	0.6140151515151515	0.7331093188679624	-0.11909416735281086	down	82
14	15094	VSIG4	-28.348536	-3.4587643	8.725457305187332e-177	1.3525795716396623e-175	0.061742424242424244	0.31359827057774514	-0.2518558463353209	down	83
14	15093	PTPRC	-28.289845	-2.8228908	4.608027324344374e-176	7.135859456556144e-175	0.09659090909090909	0.3520142665867707	-0.25542335749586165	down	84
14	15092	GPR34	-28.264032	-3.405803	9.569469857847161e-176	1.4803901586410654e-174	0.058333333333333334	0.30981946001427807	-0.2514861266809447	down	85
14	15091	SORL1	-28.216732	-2.8810306	3.645273117521994e-175	5.622018783690425e-174	0.07575757575757576	0.333495801162314	-0.25773822540473823	down	86
14	15090	LGALS1	-28.188131	-1.4131069	8.174839213459937e-175	1.2569540010483082e-173	0.5776515151515151	0.7582679400321686	-0.18061642488065344	down	87
14	15089	ATP6V0E2	-28.18658	-2.5628262	8.540830319768548e-175	1.3118991997247722e-173	0.10492424242424242	0.3639613861755169	-0.25903714375127446	down	88
14	15088	ARL6IP5	-28.18497	-1.3538754	8.937527933452188e-175	1.3714451356731084e-173	0.40075757575757576	0.6185350944845995	-0.21777751872702378	down	89
14	15087	OLIG1	-28.178278	-2.9590113	1.0795263167746782e-174	1.6548375134719712e-173	0.06818181818181818	0.32771290214371523	-0.25953108396189706	down	90
14	15086	CD44	-28.124022	-2.7465951	4.9821555014348235e-174	7.614218720017611e-173	0.10492424242424242	0.3590902183854329	-0.2541659759611905	down	91
14	15085	ATP6V0B	-28.064625	-1.1245782	2.6487091717628962e-173	4.031776368171887e-172	0.525	0.7217212797495319	-0.1967212797495319	down	92
14	15084	CD9	-28.056498	-1.535872	3.328216690866759e-173	5.0610236974543017e-172	0.3068181818181818	0.5875362327150955	-0.28071805089691365	down	93
14	15083	RPL23A	-27.97674	-0.81845266	3.1180459253448465e-172	4.717793116952482e-171	0.8473484848484848	0.9426154071109302	-0.09526692226244537	down	94
14	15082	CLU	-27.915133	-2.0359135	1.7480695715686604e-171	2.639672021704079e-170	0.3928030303030303	0.5930209554828592	-0.20021792517982884	down	95
14	15081	PCDH9	-27.839441	-3.142116	1.4458052542801084e-170	2.1745828086179314e-169	0.04924242424242424	0.30112647547070276	-0.2518840512282785	down	96
14	15080	S100A4	-27.809752	-2.9078438	3.306410917474695e-170	4.963213855944211e-169	0.11060606060606061	0.36029152462677794	-0.24968546402071734	down	97
14	15079	FEZ1	-27.785408	-2.7213612	6.510579801318718e-170	9.753658347957835e-169	0.10492424242424242	0.35547769842339305	-0.25055345599915063	down	98
14	15078	MT3	-27.713707	-1.9715562	4.773606120933554e-169	7.130339221583427e-168	0.3416666666666667	0.5728997927101641	-0.23123312604349744	down	99
14	15077	RGS10	-27.707558	-2.5915291	5.661469381484653e-169	8.448226089814267e-168	0.15113636363636362	0.3900317385682379	-0.2388953749318743	down	100
14	1	ADGRL4	401.42456	10.153922	0.0	0.0	0.7534090909090909	0.0036469249140592967	0.7497621659950316	up	1
14	2	PCAT19	387.6065	9.403906	0.0	0.0	0.6587121212121212	0.0026520483848308566	0.6560600728272903	up	2
14	3	MYCT1	383.42337	10.142773	0.0	0.0	0.5060606060606061	0.0007769784997720672	0.505283627560834	up	3
14	4	ERG	356.76205	9.680617	0.0	0.0	0.45454545454545453	0.0008486554831458741	0.45369679906230864	up	4
14	5	ADGRF5	353.1469	8.925506	0.0	0.0	0.6575757575757576	0.0041830687496953725	0.6533926888260623	up	5
14	6	TM4SF18	352.94708	9.548679	0.0	0.0	0.5878787878787879	0.0028871488902969433	0.5849916389884909	up	6
14	7	EMCN	351.9098	9.4728155	0.0	0.0	0.5231060606060606	0.0018779369643937417	0.5212281236416668	up	7
14	8	CLEC14A	351.09854	9.389904	0.0	0.0	0.5803030303030303	0.002829807303597898	0.5774732229994324	up	8
14	9	ESAM	347.93088	9.079122	0.0	0.0	0.8174242424242424	0.008466485276114075	0.8089577571481283	up	9
14	10	CYYR1	340.00833	9.182238	0.0	0.0	0.5212121212121212	0.002259258515942395	0.5189528626961788	up	10
14	11	KDR	312.62842	8.698266	0.0	0.0	0.5295454545454545	0.003552311296005872	0.5259931432494487	up	11
14	12	ROBO4	305.20895	8.462126	0.0	0.0	0.6060606060606061	0.005814436891283218	0.6002461691693228	up	12
14	13	TIE1	302.99326	8.041315	0.0	0.0	0.5397727272727273	0.00425474573306918	0.5355179815396581	up	13
14	14	MMRN2	301.5868	8.791588	0.0	0.0	0.40795454545454546	0.0017317159183111756	0.4062228295362343	up	14
14	15	PTPRB	300.85358	8.377432	0.0	0.0	0.5787878787878787	0.005372906673700568	0.5734149721141781	up	15
14	16	SPINK8	298.4122	8.941423	0.0	0.0	0.39886363636363636	0.0016858426489519392	0.3971777937146844	up	16
14	17	VWF	286.87213	9.0241995	0.0	0.0	0.6977272727272728	0.010396029668536958	0.6873312430587358	up	17
14	18	CLDN5	285.6857	9.930825	0.0	0.0	0.9363636363636364	0.021850011611671306	0.9145136247519651	up	18
14	19	BCL6B	284.56723	8.825217	0.0	0.0	0.3458333333333333	0.001270116145383859	0.34456321718794947	up	19
14	20	SLC52A3	282.77695	9.230278	0.0	0.0	0.2988636363636364	0.0006823648817186421	0.29818127148191775	up	20
14	21	SOX17	278.95966	9.282233	0.0	0.0	0.27424242424242423	0.0004730680902671258	0.2737693561521571	up	21
14	22	FLT4	275.85947	8.756505	0.0	0.0	0.2916666666666667	0.0007368393890827353	0.29092982727758393	up	22
14	23	CD34	266.20395	7.890019	0.0	0.0	0.5492424242424242	0.007015743132628223	0.542226681109796	up	23
14	24	NOSTRIN	265.53842	7.847055	0.0	0.0	0.5208333333333334	0.0061498851734726355	0.5146834481598608	up	24
14	25	BTNL9	263.49597	8.519987	0.0	0.0	0.34545454545454546	0.00190087359907336	0.3435536718554721	up	25
14	26	GPR4	260.8882	8.036333	0.0	0.0	0.3424242424242424	0.0019295443924228827	0.34049469803181953	up	26
14	27	CDH5	260.42838	7.5305676	0.0	0.0	0.5765151515151515	0.008483687752123789	0.5680314637630277	up	27
14	28	ABCG2	259.7731	8.254651	0.0	0.0	0.7018939393939394	0.01398561299589721	0.6879083263980422	up	28
14	29	ARHGEF15	258.79504	8.758174	0.0	0.0	0.24053030303030304	0.0004558656142574121	0.24007443741604562	up	29
14	30	SEMA3F	254.74367	8.723875	0.0	0.0	0.2943181818181818	0.001281584462723668	0.2930365973554581	up	30
14	31	IGFBP1	239.53899	8.560473	0.0	0.0	0.2681818181818182	0.001261514907379002	0.26692030327443916	up	31
14	32	SOX18	238.89662	7.5412617	0.0	0.0	0.4257575757575758	0.005074730422865531	0.42068284533471023	up	32
14	33	ABCB1	232.89613	7.241231	0.0	0.0	0.6075757575757575	0.013188564940780476	0.5943871926349771	up	33
14	34	DLL4	231.0605	8.232522	0.0	0.0	0.24924242424242424	0.0011669012893255769	0.24807552295309865	up	34
14	35	HMCN1	228.27348	8.186143	0.0	0.0	0.2481060606060606	0.0012213757966896702	0.24688468480937092	up	35
14	36	NR5A2	224.5403	7.8388753	0.0	0.0	0.225	0.0009318007838594902	0.22406819921614052	up	36
14	37	SLCO2A1	221.97952	7.5166616	0.0	0.0	0.35833333333333334	0.004085588052306996	0.3542477452810263	up	37
14	38	MECOM	221.27763	7.050926	0.0	0.0	0.4628787878787879	0.007875866933113906	0.45500292094567396	up	38
14	39	ITIH5	220.49312	7.0216784	0.0	0.0	0.459469696969697	0.007801322870405147	0.45166837409929184	up	39
14	40	CCM2L	219.69218	8.060529	0.0	0.0	0.2053030303030303	0.0007397064684176876	0.2045633238346126	up	40
14	41	HSPA12B	217.8151	7.827006	0.0	0.0	0.24356060606060606	0.0014306725881411864	0.24212993347246486	up	41
14	42	TMEM204	217.50047	6.601301	0.0	0.0	0.5821969696969697	0.014169106073334155	0.5680278636236356	up	42
14	43	FZD4	217.14	7.13374	0.0	0.0	0.4431818181818182	0.007483077064225444	0.4356987411175927	up	43
14	44	PALMD	213.9041	6.927864	0.0	0.0	0.5511363636363636	0.013108286719401813	0.5380280769169619	up	44
14	45	USHBP1	210.94865	7.689962	0.0	0.0	0.20719696969696969	0.000960471577209013	0.20623649811976066	up	45
14	46	MPZL2	204.4902	7.2237678	0.0	0.0	0.32234848484848483	0.004022512306938045	0.31832597254154676	up	46
14	47	RUNDC3B	201.37555	6.9019375	0.0	0.0	0.39015151515151514	0.006766307230487375	0.38338520792102776	up	47
14	48	ACVRL1	200.72446	6.7349916	0.0	0.0	0.49924242424242427	0.012253897077586035	0.4869885271648382	up	48
14	49	FLT1	198.84981	6.917484	0.0	0.0	0.7034090909090909	0.027486689584187485	0.6759224013249034	up	49
14	50	TEK	192.9729	6.5343475	0.0	0.0	0.31174242424242427	0.004389498461811937	0.30735292578061235	up	50
14	51	MATN3	192.92975	7.2320027	0.0	0.0	0.29772727272727273	0.00392789868888462	0.29379937403838813	up	51
14	52	TINAGL1	190.95074	6.6952734	0.0	0.0	0.2636363636363636	0.0029502246356658936	0.2606861390006977	up	52
14	53	KANK3	188.3804	6.407825	0.0	0.0	0.31931818181818183	0.004994452201486867	0.31432372961669497	up	53
14	54	EGFL7	185.23273	6.6996098	0.0	0.0	0.6674242424242425	0.02900337455237724	0.6384208678718652	up	54
14	55	NOX4	184.34497	7.1969666	0.0	0.0	0.2768939393939394	0.003753006849452531	0.2731409325444869	up	55
14	56	DPEP1	184.33658	7.8095665	0.0	0.0	0.18901515151515152	0.0013159894147430954	0.18769916210040843	up	56
14	57	EDN1	183.7031	6.8060536	0.0	0.0	0.4837121212121212	0.014206378104688534	0.46950574310743265	up	57
14	58	ST6GALNAC1	182.89937	8.259915	0.0	0.0	0.14356060606060606	0.0005304096769661713	0.1430301963836399	up	58
14	59	C2CD4B	181.81573	7.3264327	0.0	0.0	0.20757575757575758	0.0018234624570296484	0.20575229511872792	up	59
14	60	GGT5	181.50992	6.0532446	0.0	0.0	0.5170454545454546	0.016846958172179582	0.500198496373275	up	60
14	61	TGM2	180.39558	6.205353	0.0	0.0	0.5765151515151515	0.021953226467729587	0.554561925047422	up	61
14	62	MYO1B	179.27533	6.17775	0.0	0.0	0.5140151515151515	0.017165203978359286	0.49684994753679224	up	62
14	63	ITM2A	177.29013	7.327144	0.0	0.0	0.9143939393939394	0.06569625588109648	0.8486976835128429	up	63
14	64	SLC38A5	177.02098	7.1233435	0.0	0.0	0.6015151515151516	0.025588683064449076	0.5759264684507025	up	64
14	65	ST8SIA6	176.92235	7.2942057	0.0	0.0	0.16515151515151516	0.0010264144019129153	0.16412510074960224	up	65
14	66	GALNT18	175.94635	6.233831	0.0	0.0	0.40454545454545454	0.010476307889915621	0.39406914665553894	up	66
14	67	SHE	174.98303	6.6156163	0.0	0.0	0.2428030303030303	0.003142318951107696	0.2396607113519226	up	67
14	68	CA4	172.83539	7.621919	0.0	0.0	0.22424242424242424	0.0026749850195104748	0.22156743922291378	up	68
14	69	CDA	172.1953	5.9381886	0.0	0.0	0.3496212121212121	0.007875866933113906	0.3417453451880982	up	69
14	70	MMP28	171.33821	6.594872	0.0	0.0	0.31022727272727274	0.006083942348768733	0.304143330378504	up	70
14	71	SEMA3G	170.58669	8.195536	0.0	0.0	0.1393939393939394	0.0006938331990584512	0.13870010619488096	up	71
14	72	PRSS3	169.47246	7.7548723	0.0	0.0	0.15833333333333333	0.0010808889092770086	0.1572524444240563	up	72
14	73	C1orf115	169.30904	6.706512	0.0	0.0	0.22424242424242424	0.002841275620937707	0.22140114862148655	up	73
14	74	DOCK9	168.03877	5.9104257	0.0	0.0	0.6090909090909091	0.029009108711047144	0.580081800379862	up	74
14	75	NOS3	166.27733	6.7475367	0.0	0.0	0.19318181818181818	0.002038493407151069	0.1911433247746671	up	75
14	76	JAG2	165.58693	6.1300397	0.0	0.0	0.32007575757575757	0.007127559226691362	0.31294819834906623	up	76
14	77	ITGA1	164.2381	5.7712564	0.0	0.0	0.5378787878787878	0.023091456963705643	0.5147873309150822	up	77
14	78	HSPG2	162.03844	6.9087224	0.0	0.0	0.5757575757575758	0.028369750019352786	0.547387825738223	up	78
14	79	ADCY4	161.14693	5.860578	0.0	0.0	0.31136363636363634	0.007159097099375837	0.3042045392642605	up	79
14	80	EDN3	160.36006	7.164909	0.0	0.0	0.19545454545454546	0.0023710746100055334	0.19308347084453992	up	80
14	81	ESM1	159.74467	7.3711686	0.0	0.0	0.21553030303030302	0.0030763761264037937	0.21245392690389922	up	81
14	82	GNG11	159.60721	6.2237678	0.0	0.0	0.8700757575757576	0.07373267925696772	0.7963430783187899	up	82
14	83	CCDC68	157.44745	7.196955	0.0	0.0	0.16098484848484848	0.0014994824921800412	0.15948536599266844	up	83
14	84	ARHGAP29	155.84106	5.8155484	0.0	0.0	0.6147727272727272	0.035319550327277106	0.5794531769454502	up	84
14	85	PEAR1	152.33614	6.259065	0.0	0.0	0.2	0.002924420921651323	0.1970755790783487	up	85
14	86	F2RL3	151.27682	7.6308	0.0	0.0	0.10795454545454546	0.0005160742802914099	0.10743847117425405	up	86
14	87	APOLD1	149.93054	6.268604	0.0	0.0	0.7848484848484848	0.06636715244547532	0.7184813324030095	up	87
14	88	S1PR1	149.64229	5.4343023	0.0	0.0	0.5041666666666667	0.02472282510529349	0.47944384156137315	up	88
14	89	FCN3	148.11426	8.146745	0.0	0.0	0.09734848484848485	0.00039565694822341427	0.09695282790026144	up	89
14	90	SNCG	147.87183	5.7445655	0.0	0.0	0.25681818181818183	0.005731291590569602	0.2510868902276122	up	90
14	91	ADGRA2	147.43286	5.7624226	0.0	0.0	0.2890151515151515	0.0075518869682642984	0.2814632645468872	up	91
14	92	RASIP1	147.2002	5.4320555	0.0	0.0	0.4159090909090909	0.016878496044864057	0.3990305948642268	up	92
14	93	ZNF366	145.00984	6.111575	0.0	0.0	0.20492424242424243	0.003566646692680633	0.20135759573156178	up	93
14	94	FAM167B	142.16328	6.453543	0.0	0.0	0.16856060606060605	0.0023481379753259152	0.16621246808528015	up	94
14	95	TBX3	141.19269	5.794058	0.0	0.0	0.30227272727272725	0.009283602886575475	0.29298912438615177	up	95
14	96	LIMS2	136.0414	5.220669	0.0	0.0	0.37727272727272726	0.016259206908514366	0.3610135203642129	up	96
14	97	ADGRL2	135.78151	5.3952136	0.0	0.0	0.4734848484848485	0.026746983115769795	0.4467378653690787	up	97
14	98	MALL	135.211	6.317662	0.0	0.0	0.18787878787878787	0.0035207734233213966	0.18435801445546646	up	98
14	99	MYRIP	133.62424	5.555123	0.0	0.0	0.2674242424242424	0.0080564929312159	0.2593677494930265	up	99
14	100	ELOVL7	132.38985	5.842085	0.0	0.0	0.2571969696969697	0.007583424840948774	0.24961354485602094	up	100
15	15176	GAPDH	-45.679436	-2.788508	0.0	0.0	0.790916880891174	0.9695740307200366	-0.1786571498288626	down	1
15	15175	CST3	-44.559235	-4.062345	0.0	0.0	0.37532133676092544	0.8774852966367841	-0.5021639598758587	down	2
15	15174	FTH1	-42.742664	-2.0383587	0.0	0.0	0.9751499571550986	0.991195112202364	-0.016045155047265447	down	3
15	15173	RAC1	-41.363472	-2.873018	0.0	0.0	0.4498714652956298	0.8424027865014561	-0.39253132120582623	down	4
15	15172	CD63	-39.337936	-2.5189607	0.0	0.0	0.6041131105398457	0.8860246673899389	-0.28191155685009317	down	5
15	15171	MT2A	-38.549423	-3.7767184	0.0	0.0	0.39931448157669236	0.8205161879746474	-0.42120170639795507	down	6
15	15170	DBI	-38.105354	-2.982011	0.0	0.0	0.519280205655527	0.8538599897219209	-0.3345797840663939	down	7
15	15169	ACTB	-37.61155	-2.0023136	1.391858323826698e-309	3.1063002827049945e-307	0.9160239931448158	0.9869611146005824	-0.0709371214557667	down	8
15	15168	ITM2B	-36.489838	-2.2222798	1.607242275042149e-291	3.3877095508388406e-289	0.6263924592973437	0.8758722092160109	-0.24947974991866728	down	9
15	15167	TUBA1B	-35.307484	-2.645848	4.50779073944885e-273	9.001346350246809e-271	0.508140531276778	0.8274167761091761	-0.319276244832398	down	10
15	15166	CALM2	-34.39909	-1.9412705	2.601665377688158e-259	4.935359221474436e-257	0.6735218508997429	0.885453662993205	-0.21193181209346212	down	11
15	15165	RTN4	-34.2514	-2.8388004	4.156922520463989e-257	7.693348313483109e-255	0.2887746358183376	0.7341774681665049	-0.44540283234816724	down	12
15	15164	TUBA1A	-32.7476	-3.374483	3.284670282616586e-235	5.477819363625198e-233	0.3384747215081405	0.7335265231542283	-0.3950518016460878	down	13
15	15163	CD9	-32.618713	-4.344221	2.226473321051564e-233	3.6332214107826385e-231	0.07969151670951156	0.5871124307657168	-0.5074209140562053	down	14
15	15162	CEBPD	-32.58368	-3.866926	6.984276564612483e-233	1.1275891611123302e-230	0.1379605826906598	0.6232884143207903	-0.4853278316301305	down	15
15	15161	GLUL	-32.5268	-3.0619214	4.458007086863215e-232	7.121549005288016e-230	0.23821765209940018	0.6975104208302404	-0.45929276873084024	down	16
15	15160	YWHAE	-32.09637	-2.1298828	4.95438251104316e-226	7.832053019540729e-224	0.5132819194515853	0.7904156912008222	-0.2771337717492369	down	17
15	15159	CKB	-31.971668	-5.317441	2.701035642162564e-224	4.182746623006028e-222	0.06255355612682091	0.5528207617198653	-0.4902672055930444	down	18
15	15158	SLC1A3	-31.780212	-4.3146386	1.214955508935805e-221	1.7901130877291047e-219	0.06855184233076264	0.5658054017015931	-0.4972535593708305	down	19
15	15157	PTN	-31.723087	-5.4283495	7.46606133800248e-221	1.0894706429377464e-218	0.07369323050556983	0.553702963512819	-0.48000973300724914	down	20
15	15156	CFL1	-31.606192	-1.5201738	3.035384473897046e-219	4.310522341649943e-217	0.7737789203084833	0.9060012562096729	-0.1322223359011896	down	21
15	15155	TPI1	-31.606152	-2.2056065	3.039179563498576e-219	4.310522341649943e-217	0.4995715509854327	0.7916661908296694	-0.29209463984423667	down	22
15	15154	MT3	-31.527948	-4.807349	3.5971484498055343e-218	5.0082866857108976e-216	0.09854327335047129	0.5727373950779421	-0.4741941217274708	down	23
15	15153	HTRA1	-30.901545	-4.2983384	1.1387527029605463e-209	1.5293549575335621e-207	0.060839760068551844	0.5445212128133387	-0.4836814527447868	down	24
15	15152	QKI	-30.819798	-2.8683088	1.4229763304732797e-208	1.8943060343212714e-206	0.24507283633247642	0.6614286530006281	-0.4163558166681517	down	25
15	15151	S100B	-30.727165	-5.0183225	2.4689477898251605e-207	3.258152318120577e-205	0.06855184233076264	0.5356192542682578	-0.46706741193749524	down	26
15	15150	ACTG1	-30.59731	-1.7667464	1.3291236721387863e-205	1.7388604179636398e-203	0.7172236503856041	0.9249700222691715	-0.20774637188356737	down	27
15	15149	NDUFA4	-30.24078	-1.7001882	6.897540333734997e-201	8.580087877439535e-199	0.6906598114824336	0.8670444812425055	-0.17638466976007194	down	28
15	15148	MYL6	-30.134697	-1.2986344	1.70216979405585e-199	2.1001730727310226e-197	0.8174807197943444	0.9132958373779478	-0.09581511758360339	down	29
15	15147	ID2	-29.884048	-3.0525658	3.171726320006072e-196	3.881783760678399e-194	0.17994858611825193	0.6237937532118998	-0.44384516709364785	down	30
15	15146	UQCR11	-29.479794	-1.5442746	5.22790956147588e-191	6.19834027382484e-189	0.6889460154241646	0.8530720036544281	-0.1641259882302636	down	31
15	15145	GPX4	-28.621117	-1.7215381	3.6692442050946354e-180	4.15555597436688e-178	0.5509854327335048	0.7990150174156341	-0.24802958468212932	down	32
15	15144	ANXA5	-28.47738	-2.1775882	2.2331679693519973e-178	2.5104116372508084e-176	0.37789203084832906	0.6932592930965569	-0.3153672622482278	down	33
15	15143	MARCKS	-28.327885	-2.008327	1.5676509248956948e-176	1.7493140026630194e-174	0.5038560411311054	0.7662022497573231	-0.2623462086262177	down	34
15	15142	TMSB10	-28.228098	-1.2571721	2.643980323002818e-175	2.9288354293350927e-173	0.9537275064267352	0.9585565008850568	-0.004828994458321634	down	35
15	15141	NDUFB2	-28.222164	-1.735185	3.1267300649691533e-175	3.4384967728965126e-173	0.5672664952870609	0.7901701593102267	-0.22290366402316586	down	36
15	15140	APLP2	-28.1987	-2.6136966	6.066243528600522e-175	6.623115956118094e-173	0.20051413881748073	0.6163592759664249	-0.4158451371489442	down	37
15	15139	GPM6B	-28.178282	-4.010435	1.0794148082130437e-174	1.1700856521029394e-172	0.11311053984575835	0.5201821504025581	-0.40707161055679975	down	38
15	15138	NDUFS5	-28.037418	-1.8436092	5.6872570743748234e-173	6.121263358915767e-171	0.4987146529562982	0.7648689544909496	-0.2661543015346514	down	39
15	15137	PPIA	-28.031624	-1.3508697	6.691811719739923e-173	7.151755961885427e-171	0.8080548414738646	0.9085821960829098	-0.10052735460904516	down	40
15	15136	TUBB	-27.944653	-2.402678	7.656306794409975e-172	8.125322511326278e-170	0.3384747215081405	0.6825729458116827	-0.3440982243035422	down	41
15	15135	PTMS	-27.860846	-2.866378	7.959663663461613e-171	8.388601094214821e-169	0.2099400171379606	0.5902443898818021	-0.38030437274384143	down	42
15	15134	TUBB2B	-27.595127	-4.9124675	1.2730836904919126e-167	1.32330945800721e-165	0.05312767780634105	0.4646976531719294	-0.41156997536558837	down	43
15	15133	MT1X	-27.469648	-3.7753541	4.047741070554179e-166	4.1788107814102185e-164	0.14138817480719795	0.5374350482498715	-0.3960468734426736	down	44
15	15132	PTPRZ1	-27.401983	-4.576517	2.597221677428524e-165	2.6632051470713023e-163	0.0805484147386461	0.48412607777079886	-0.40357766303215276	down	45
15	15131	CLU	-27.231552	-3.3906322	2.7486859280375497e-163	2.780937176259857e-161	0.23136246786632392	0.5927168389196596	-0.36135437105333573	down	46
15	15130	NOVA1	-27.230429	-5.894678	2.8342983322782557e-163	2.848563674877802e-161	0.018851756640959727	0.4297864443556215	-0.4109346877146618	down	47
15	15129	NFIC	-27.05838	-3.85552	3.0437121201429557e-161	2.980088718405774e-159	0.06426735218508997	0.4735910466510592	-0.4093236944659693	down	48
15	15128	ENO1	-27.0351	-1.8835595	5.717717872357999e-161	5.562313232750321e-159	0.49700085689802914	0.7548792325700908	-0.2578783756720617	down	49
15	15127	IGFBP2	-26.854017	-5.1611185	7.571063079862958e-159	7.226317817610079e-157	0.050556983718937444	0.4473419745332039	-0.39678499081426644	down	50
15	15126	TCEAL4	-26.79462	-2.9491327	3.7330729586107276e-158	3.540819701242275e-156	0.11053984575835475	0.5286016102323988	-0.4180617644740441	down	51
15	15125	SKP1	-26.780424	-1.5274334	5.463310096497075e-158	5.14976360400246e-156	0.6375321336760925	0.8171758122537544	-0.17964367857766184	down	52
15	15124	DPYSL2	-26.770002	-2.739798	7.224506109466713e-158	6.767845970201657e-156	0.16195372750642673	0.5652458173927939	-0.40329208988636717	down	53
15	15123	ATP6V1F	-26.764	-1.8950629	8.485369294255139e-158	7.900243215313864e-156	0.4130248500428449	0.7131873465425683	-0.30016249649972343	down	54
15	15122	RAB31	-26.70332	-2.8789768	4.307107118936923e-157	3.985649855913826e-155	0.14481576692373607	0.5410323759492948	-0.39621660902555866	down	55
15	15121	TIMP1	-26.494076	-2.655244	1.1342450440634404e-154	1.0246013564706412e-152	0.25535561268209084	0.6097127847884428	-0.354357172106352	down	56
15	15120	PKM	-26.463037	-1.998366	2.5829932230909228e-154	2.3194973463685115e-152	0.40445586975149955	0.7017872437617769	-0.29733137401027737	down	57
15	15119	COX6A1	-26.393108	-1.5563623	1.6439816439102485e-153	1.45900967415099e-151	0.5938303341902313	0.8037457888425741	-0.20991545465234274	down	58
15	15118	NFIA	-26.35194	-4.831505	4.876239896632164e-153	4.30243120181917e-151	0.029991431019708654	0.42643179352481014	-0.3964403625051015	down	59
15	15117	STMN1	-26.286903	-3.0125618	2.7074412186771866e-152	2.375036296800288e-150	0.16795201371036847	0.5514275109918346	-0.3834754972814661	down	60
15	15116	LRP1	-26.258377	-3.8494835	5.734775666167692e-152	4.973197457700622e-150	0.054841473864610114	0.4520727459601439	-0.39723127209553377	down	61
15	15115	TMSB4X	-26.229456	-1.3264964	1.2263516425840635e-151	1.0574495754463494e-149	0.9777206512425022	0.9902815051675898	-0.012560853925087656	down	62
15	15114	PON2	-26.224298	-4.720081	1.4042767237403527e-151	1.2040284496883385e-149	0.04198800342759212	0.43220179295380573	-0.3902137895262136	down	63
15	15113	SDCBP	-26.192724	-2.175973	3.216284832274418e-151	2.742153854752616e-149	0.2699228791773779	0.6465711185976132	-0.3766482394202353	down	64
15	15112	COX5B	-26.108152	-1.4745767	2.9460484847801824e-150	2.483846211390225e-148	0.6058269065981148	0.8041340718323531	-0.1983071652342383	down	65
15	15111	SRI	-25.853521	-2.338776	2.2210399692438156e-147	1.8418853865160734e-145	0.3101970865467009	0.6297464740478501	-0.3195493875011492	down	66
15	15110	COX8A	-25.834854	-1.5681659	3.6007545010907467e-147	2.9698396906822375e-145	0.5552699228791774	0.7732313138811169	-0.21796139100193945	down	67
15	15109	DST	-25.818306	-3.7595286	5.524356435370602e-147	4.531763960172122e-145	0.06855184233076264	0.4545451949980015	-0.3859933526672389	down	68
15	15108	ARL6IP1	-25.793758	-2.026285	1.0418528497298513e-146	8.500623036290443e-145	0.35389888603256214	0.6858476560269514	-0.33194876999438927	down	69
15	15107	SOX2	-25.683353	-5.387042	1.7938682271742953e-145	1.4558151986950325e-143	0.026563838903170524	0.405421686746988	-0.37885784784381743	down	70
15	15106	COX6C	-25.681469	-1.3584135	1.882953812849187e-145	1.5199844182871947e-143	0.6863753213367609	0.8367241477759378	-0.1503488264391769	down	71
15	15105	APP	-25.678858	-3.251208	2.0137188062075615e-145	1.6169416192066642e-143	0.09854327335047129	0.4866270770284931	-0.3880838036780218	down	72
15	15104	APOE	-25.651873	-2.6371408	4.029515137683257e-145	3.21852219628848e-143	0.6298200514138818	0.7699052132701422	-0.1400851618562604	down	73
15	15103	UBL5	-25.613207	-1.3199089	1.0872698378525567e-144	8.63895657552377e-143	0.6743787489288775	0.83240735453663	-0.15802860560775245	down	74
15	15102	YBX1	-25.540443	-1.2395302	7.011421286467035e-144	5.484810796052769e-142	0.7652099400171379	0.8557300291212242	-0.09052008910408627	down	75
15	15101	PSMA7	-25.414627	-1.4682634	1.7380935196128138e-142	1.3457809823287787e-140	0.609254498714653	0.7903471706732141	-0.18109267195856116	down	76
15	15100	FSCN1	-25.314064	-4.6044483	2.2363988756609512e-141	1.722821793757898e-139	0.02913453299057412	0.4057699994289956	-0.3766354664384215	down	77
15	15099	EID1	-25.26883	-1.9227122	7.033741662121066e-141	5.391114316381278e-139	0.3856041131105398	0.6722434762747673	-0.2866393631642275	down	78
15	15098	HSBP1	-25.042208	-2.035995	2.1227457506777936e-138	1.6027258463823976e-136	0.31362467866323906	0.6352395363444299	-0.3216148576811908	down	79
15	15097	TBCB	-25.030731	-2.4594038	2.830651675948211e-138	2.1161561494674905e-136	0.21422450728363324	0.5679266830354593	-0.3537021757518261	down	80
15	15096	LGALS1	-25.016672	-1.9257089	4.026503669739156e-138	2.9807912044859235e-136	0.5655526992287918	0.7575486781248215	-0.1919959788960297	down	81
15	15095	SCRG1	-24.96148	-4.6791596	1.6027275291546526e-137	1.1807278146820878e-135	0.04541559554413025	0.41039228002055617	-0.3649766844764259	down	82
15	15094	GPM6A	-24.937613	-4.7603064	2.9098764190506015e-137	2.133347079010238e-135	0.03684661525278492	0.40194712499286245	-0.3651005097400775	down	83
15	15093	CTSB	-24.913002	-2.1956787	5.37915443431752e-137	3.924713831500129e-135	0.4001713796058269	0.6761434363044595	-0.2759720566986326	down	84
15	15092	UQCRQ	-24.833176	-1.5243433	3.93016222301615e-136	2.840197233166338e-134	0.5689802913453299	0.7806315308627877	-0.2116512395174578	down	85
15	15091	FABP7	-24.799667	-5.472683	9.039335508607446e-136	6.470799796161632e-134	0.03598971722365039	0.39441272197795924	-0.3584230047543088	down	86
15	15090	CHCHD2	-24.799374	-1.3681628	9.105540110344349e-136	6.487590456083842e-134	0.7455012853470437	0.8602752241192257	-0.114773938772182	down	87
15	15089	RHEB	-24.798979	-2.2095146	9.195235786433918e-136	6.520883097893511e-134	0.2827763496143959	0.5998401187689145	-0.3170637691545186	down	88
15	15088	PSAP	-24.748507	-1.674454	3.21722228272819e-135	2.2709100168689772e-133	0.609254498714653	0.7906954833552219	-0.1814409846405689	down	89
15	15087	BCAN	-24.747372	-5.906734	3.30894209545808e-135	2.3248382055866584e-133	0.023993144815766924	0.383226745845943	-0.3592336010301761	down	90
15	15086	PMP2	-24.737484	-5.1924314	4.227834904177018e-135	2.943193692926166e-133	0.028277634961439587	0.38916804659395876	-0.36089041163251917	down	91
15	15085	TIMP2	-24.650005	-2.6021664	3.67962502997331e-134	2.5382722479488614e-132	0.17737789203084833	0.5262376520299207	-0.34885975999907237	down	92
15	15084	SPARC	-24.574726	-4.424405	2.3539077543569005e-133	1.616420999100467e-131	0.05998286203941731	0.4155598698109975	-0.3555770077715802	down	93
15	15083	CNN3	-24.506834	-4.7334867	1.2490525392782525e-132	8.511133440990125e-131	0.028277634961439587	0.3881059784160338	-0.3598283434545942	down	94
15	15082	FABP5	-24.50678	-2.842063	1.2506475733663664e-132	8.511133440990125e-131	0.20137103684661525	0.5349825843658996	-0.33361154751928435	down	95
15	15081	RAMP1	-24.284277	-5.4813557	2.8740425502327826e-130	1.921430385124789e-128	0.01456726649528706	0.36789813281562267	-0.3533308663203356	down	96
15	15080	RHOBTB3	-24.198372	-4.3265553	2.3142273548475485e-129	1.540382207770456e-127	0.038560411311053984	0.39205161879746475	-0.3534912074864108	down	97
15	15079	NUCKS1	-24.189592	-1.7627509	2.862948821025992e-129	1.897297437025784e-127	0.4438731790916881	0.6994546908011192	-0.2555815117094311	down	98
15	15078	MRFAP1	-24.14859	-2.0489607	7.72557475166421e-129	5.075468503517578e-127	0.299057412167952	0.6108919088676983	-0.3118344966997463	down	99
15	15077	DYNLL1	-24.10253	-1.4057621	2.351672346595035e-128	1.538318083272683e-126	0.6272493573264781	0.7870182150402558	-0.1597688577137777	down	100
15	1	CD79A	342.08987	9.936115	0.0	0.0	0.7523564695801199	0.00314623422600354	0.7492102353541163	up	1
15	2	POU2AF1	259.67047	8.54365	0.0	0.0	0.45672664952870606	0.002072745960143893	0.45465390356856217	up	2
15	3	MZB1	201.54947	8.79384	0.0	0.0	0.5912596401028277	0.008031176840061669	0.583228463262766	up	3
15	4	IGHM	178.30363	8.632135	0.0	0.0	0.532133676092545	0.00853651573117113	0.5235971603613739	up	4
15	5	VPREB3	159.29575	7.823725	0.0	0.0	0.32047986289631536	0.003594472677439616	0.31688539021887574	up	5
15	6	BANK1	148.46155	7.698491	0.0	0.0	0.363324764353042	0.005672928681550848	0.35765183567149117	up	6
15	7	CD79B	144.99336	6.237489	0.0	0.0	0.5449871465295629	0.014218009478672985	0.5307691370508899	up	7
15	8	IGHG3	125.08577	7.6449428	0.0	0.0	0.48500428449014565	0.015485639239422144	0.4695186452507235	up	8
15	9	IGHG1	116.70634	8.571872	0.0	0.0	0.5629820051413882	0.024633129675098498	0.5383488754662897	up	9
15	10	DERL3	114.807076	6.4894357	0.0	0.0	0.5227077977720651	0.021775252669445556	0.5009325451026195	up	10
15	11	JSRP1	100.41245	5.9702964	0.0	0.0	0.25021422450728364	0.006132587220921601	0.24408163728636204	up	11
15	12	HSH2D	100.38759	5.1193137	0.0	0.0	0.29991431019708653	0.008879118369211443	0.2910351918278751	up	12
15	13	SLAMF7	100.15657	5.098456	0.0	0.0	0.363324764353042	0.01325586707017644	0.35006889728286555	up	13
15	14	IGKC	96.65463	8.692796	0.0	0.0	0.8543273350471294	0.09124935762005368	0.7630779774270757	up	14
15	15	DPEP1	88.69945	5.6490493	0.0	0.0	0.1379605826906598	0.0022754525209844117	0.1356851301696754	up	15
15	16	PIM2	77.25684	4.6351457	0.0	0.0	0.48500428449014565	0.0401872894421287	0.44481699504801697	up	16
15	17	SMPDL3B	76.765915	6.1831098	0.0	0.0	0.09682947729220223	0.0014817564095243533	0.09534772088267787	up	17
15	18	LAX1	75.031494	4.3198357	0.0	0.0	0.2596401028277635	0.011928281847770228	0.24771182097999328	up	18
15	19	COBLL1	73.06041	4.486185	0.0	0.0	0.3864610111396744	0.02820761719865243	0.35825339394102196	up	19
15	20	IRF4	73.0342	4.787956	0.0	0.0	0.23136246786632392	0.010063952492434192	0.22129851537388973	up	20
15	21	CD38	72.46482	4.2805114	0.0	0.0	0.3667523564695801	0.025552446753840004	0.3411999097157401	up	21
15	22	CD27	71.8481	3.8557596	0.0	0.0	0.42759211653813195	0.03434591446354137	0.3932462020745906	up	22
15	23	P2RX5	69.2749	5.177152	0.0	0.0	0.22279348757497858	0.010449380460229543	0.21234410711474905	up	23
15	24	TNFRSF13C	64.132996	4.5957026	0.0	0.0	0.29220222793487577	0.02077599497516131	0.27142623295971446	up	24
15	25	RALGPS2	61.111973	4.134471	0.0	0.0	0.5149957155098543	0.07049905784274539	0.44449665766710894	up	25
15	26	SEL1L3	60.60112	3.7926033	0.0	0.0	0.4952870608397601	0.06478901387540684	0.43049804696435323	up	26
15	27	SPIB	59.66537	5.0058694	0.0	0.0	0.17994858611825193	0.009153200479643693	0.17079538563860824	up	27
15	28	CXCR5	59.484097	5.9655433	0.0	0.0	0.08740359897172237	0.0021184263118826014	0.08528517265983977	up	28
15	29	P2RX1	59.16306	4.567441	0.0	0.0	0.14224507283633248	0.005767144407011934	0.13647792842932055	up	29
15	30	IKZF3	58.582397	3.4395616	0.0	0.0	0.3581833761782348	0.035042539827556674	0.32314083635067814	up	30
15	31	ISG20	57.51003	3.5705922	0.0	0.0	0.7283633247643531	0.1571661051790099	0.5711972195853432	up	31
15	32	AIM2	57.33231	4.543335	0.0	0.0	0.23393316195372751	0.016536287329412435	0.2173968746243151	up	32
15	33	ATP2A3	56.36394	3.8021748	0.0	0.0	0.25107112253641817	0.019248558213898245	0.2318225643225199	up	33
15	34	FCMR	56.314857	4.1420374	0.0	0.0	0.27677806341045413	0.023633871980814253	0.2531441914296399	up	34
15	35	FCRLA	55.430244	5.214446	0.0	0.0	0.11825192802056556	0.0045594701079198306	0.11369245791264572	up	35
15	36	ZBP1	54.928795	3.7749634	0.0	0.0	0.22022279348757498	0.015634100382572947	0.20458869310500202	up	36
15	37	SYTL1	54.34987	3.6511297	0.0	0.0	0.25535561268209084	0.021184263118826013	0.23417134956326482	up	37
15	38	IL5RA	53.435432	6.0211153	0.0	0.0	0.03684661525278492	0.0004196882315993833	0.03642692702118554	up	38
15	39	BIRC3	52.978443	3.4190822	0.0	0.0	0.5107112253641817	0.08409752755096214	0.42661369781321956	up	39
15	40	CD52	52.80322	3.5624335	0.0	0.0	0.6272493573264781	0.12797065037400787	0.49927870695247023	up	40
15	41	HLA-DOB	51.05642	4.682462	0.0	0.0	0.1353898886032562	0.0070147890138754065	0.12837509958938081	up	41
15	42	TP53INP1	50.28113	3.7470918	0.0	0.0	0.5209940017137961	0.10131331011248787	0.41968069160130816	up	42
15	43	LINC00926	49.843258	4.6105614	0.0	0.0	0.2390745501285347	0.022560383714954606	0.2165141664135801	up	43
15	44	LTB	49.808136	3.5525742	0.0	0.0	0.42930591259640105	0.06740992405641523	0.36189598853998584	up	44
15	45	FKBP11	49.791897	4.353844	0.0	0.0	0.508140531276778	0.10371152857877006	0.40442900269800797	up	45
15	46	MEI1	48.627903	3.566626	0.0	0.0	0.22793487574978577	0.02085879061268772	0.20707608513709805	up	46
15	47	SPAG4	47.600597	3.4638827	0.0	0.0	0.29648671808054844	0.03581054074116371	0.26067617733938475	up	47
15	48	SDC1	47.16554	3.8832774	0.0	0.0	0.2467866323907455	0.02600354022725975	0.22078309216348574	up	48
15	49	IL2RG	46.225105	2.7333407	0.0	0.0	0.45072836332476435	0.07911551418945927	0.37161284913530507	up	49
15	50	ICAM3	44.379272	2.843552	0.0	0.0	0.480719794344473	0.09852966367841032	0.38219013066606267	up	50
15	51	STARD5	43.72961	3.7167673	0.0	0.0	0.20565552699228792	0.02077599497516131	0.18487953201712662	up	51
15	52	COL4A4	42.925755	4.3334846	0.0	0.0	0.10968294772922023	0.006443784617141552	0.10323916311207867	up	52
15	53	ICAM2	42.792213	2.947091	0.0	0.0	0.30248500428449016	0.04357620053674413	0.25890880374774605	up	53
15	54	CYTIP	41.58115	2.5383615	0.0	0.0	0.5389888603256212	0.13077142693998745	0.40821743338563377	up	54
15	55	TUBA4A	41.305252	2.5404153	0.0	0.0	0.3924592973436161	0.07229486667047336	0.32016443067314276	up	55
15	56	KLHL14	41.072918	5.9480762	0.0	0.0	0.038560411311053984	0.0008565065951007823	0.0377039047159532	up	56
15	57	DAPP1	40.59695	3.1928742	0.0	0.0	0.31191088260497	0.05147604636555701	0.260434836239413	up	57
15	58	ADGRG5	39.816986	3.8649762	0.0	0.0	0.10454155955441302	0.006732141837492149	0.09780941771692087	up	58
15	59	CCR7	38.490566	3.5710351	0.0	0.0	0.16452442159383032	0.01700165591275053	0.1475227656810798	up	59
15	60	BCL11A	37.980568	3.683624	0.0	0.0	0.23221936589545844	0.033743504824987156	0.19847586107047127	up	60
15	61	ITGB7	37.20038	3.181463	6.728985591486196e-303	1.4799867440057176e-300	0.16195372750642673	0.017338548506823502	0.14461517899960322	up	61
15	62	TMEM238	37.198055	2.927992	7.336166034152899e-303	1.5904807962043483e-300	0.2639245929734362	0.04285387997487581	0.22107071299856038	up	62
15	63	CBFA2T3	37.07323	4.3080482	7.587169354609984e-301	1.6217307341628327e-298	0.08654670094258783	0.005356021241363558	0.08119067970122427	up	63
15	64	CD22	35.888725	3.6693947	4.580066457559552e-282	9.521518980811473e-280	0.15938303341902313	0.018183635013989608	0.1411993984050335	up	64
15	65	CCDC69	35.764767	2.7262168	3.9004280390076516e-280	7.999039989186502e-278	0.2853470437017995	0.0519699651687318	0.23337707853306766	up	65
15	66	CD48	35.520275	2.541992	2.3913457017228198e-276	4.838808315912735e-274	0.4498714652956298	0.12076457488722663	0.3291068904084032	up	66
15	67	PARM1	35.01222	3.8802967	1.4663310354287998e-268	2.890005168008762e-266	0.0779777206512425	0.0048535373722377664	0.07312418327900475	up	67
15	68	HERPUD1	34.79114	2.344581	3.3110991404072683e-265	6.442210327541116e-263	0.8354755784061697	0.5287614914634843	0.3067140869426854	up	68
15	69	EBF1	34.585438	3.7507768	4.1828184132225866e-262	8.03524711886911e-260	0.1405312767780634	0.015288642722548963	0.12524263405551445	up	69
15	70	RAC2	34.366444	2.2356348	8.001285331181374e-259	1.4991050146420805e-256	0.517566409597258	0.15808542225775138	0.3594809873395066	up	70
15	71	SP140	34.20394	2.9076915	2.1127036788140815e-256	3.862938678275e-254	0.27163667523564694	0.05169302803631588	0.21994364719933107	up	71
15	72	ZNF860	34.07357	5.987844	1.8173313784616352e-254	3.2833120237540214e-252	0.033419023136246784	0.0009507223205618684	0.032468300815684914	up	72
15	73	ACAP1	34.023514	2.2653346	1.0006305136219117e-253	1.786537491144251e-251	0.363324764353042	0.083580768571918	0.279743995781124	up	73
15	74	PRKCB	33.507442	2.5582197	3.7552115739972613e-246	6.626638470579354e-244	0.3864610111396744	0.10026551704448124	0.2861954940951932	up	74
15	75	PARP15	33.43025	3.5060744	4.984825749653812e-245	8.695369606522557e-243	0.16966580976863754	0.022945811682749957	0.1467199980858876	up	75
15	76	CPNE5	33.335033	2.5549927	1.2003765845587042e-243	2.0701039826435107e-241	0.27249357326478146	0.05292354251127734	0.21957003075350412	up	76
15	77	CEP128	32.975845	3.0592608	1.803161576721009e-238	3.074694391945847e-236	0.21165381319622964	0.03484839833266716	0.1768054148635625	up	77
15	78	CYSLTR1	32.822937	2.92298	2.7721857190650548e-236	4.6745211636145855e-234	0.2185089974293059	0.03694969451264775	0.18155930291665817	up	78
15	79	TXNIP	32.70416	2.3125265	1.3629699473541047e-234	2.248307817504988e-232	0.8577549271636675	0.5278849997144978	0.32986992744916976	up	79
15	80	BLNK	32.01123	2.4177966	7.609219224772407e-225	1.1904898036612994e-222	0.3144815766923736	0.07206931993376349	0.2424122567586101	up	80
15	81	POU2F2	31.907547	2.2857792	2.098241962326631e-223	3.2164565677039345e-221	0.50471293916024	0.17124421858048308	0.33346872057975685	up	81
15	82	TBC1D10C	31.870064	2.3932831	6.941536301239775e-223	1.0534475490761482e-220	0.2802056555269923	0.05873065722606064	0.22147499830093165	up	82
15	83	CXCR4	31.83499	2.2253582	2.1239573261679747e-222	3.1914036021708105e-220	0.7489288774635818	0.3480243247873009	0.40090455267628095	up	83
15	84	NCF1	31.82604	2.0250268	2.824702771448544e-222	4.202714633284619e-220	0.50471293916024	0.16272483298121396	0.341988106179026	up	84
15	85	AQP3	31.663172	2.7231026	4.995674631921551e-220	7.220415068003948e-218	0.1456726649528706	0.01848912236624222	0.12718354258662837	up	85
15	86	RHOH	31.55819	2.27572	1.3844236044854972e-218	1.945371539043695e-216	0.34104541559554413	0.08386056072631759	0.25718485486922654	up	86
15	87	RGS13	31.45081	3.7560468	4.0920408365469835e-217	5.645528339585184e-215	0.1036846615252785	0.0101467481299606	0.0935379133953179	up	87
15	88	CASP10	30.938679	2.5484774	3.6078181142853694e-210	4.932634928143673e-208	0.23221936589545844	0.044364186604236855	0.18785517929122159	up	88
15	89	RAB30	30.927141	2.515602	5.157153092302851e-210	6.987942440070363e-208	0.3110539845758355	0.07534117512704848	0.23571280944878703	up	89
15	90	CCDC88C	30.559032	2.4280696	4.289606170356286e-205	5.564022499258718e-203	0.21165381319622964	0.03804602295437675	0.17360779024185288	up	90
15	91	EEF1B2	30.426008	1.538486	2.4883254163369697e-203	3.2002395354516823e-201	0.9605826906598115	0.768189345057957	0.1923933456018545	up	91
15	92	ACOXL	30.3845	4.394029	8.802531058092545e-203	1.1225816078790964e-200	0.04798628963153385	0.002466738993890253	0.0455195506376436	up	92
15	93	TXNDC11	30.311472	2.507904	8.09374722001715e-202	1.0235892317581689e-199	0.35218508997429304	0.09770170730314623	0.2544833826711468	up	93
15	94	BCL2L11	30.274487	2.5113714	2.4847220961357317e-201	3.116375415781476e-199	0.3333333333333333	0.08840861074630274	0.24492472258703057	up	94
15	95	DNAH8	29.876707	5.3802843	3.9506289149175563e-196	4.7963795530231064e-194	0.02313624678663239	0.0005881345286358705	0.02254811225799652	up	95
15	96	SMAP2	29.783827	1.8590952	6.328375349989693e-195	7.622176532654252e-193	0.7317909168808912	0.3702278307542968	0.3615630861265943	up	96
15	97	KLHL6	29.734903	2.1262548	2.7183044975279605e-194	3.2482668546838052e-192	0.3616109682947729	0.10008850568149374	0.26152246261327916	up	97
15	98	CD37	29.45186	2.2338161	1.191781528482883e-190	1.4020524400198627e-188	0.662382176520994	0.3352281162564952	0.3271540602644988	up	98
15	99	TSC22D3	29.264668	1.8958453	2.92200274548432e-188	3.411101051190003e-186	0.8149100257069408	0.49962313709815565	0.3152868886087852	up	99
15	100	ERN1	29.260643	2.5147686	3.287681367489055e-188	3.8086910254209076e-186	0.29562982005141386	0.07424770170730315	0.2213821183441107	up	100
16	15176	GAPDH	-16.515287	-2.1817954	2.8480292147765306e-61	3.859079586022199e-59	0.819672131147541	0.9690585461958069	-0.14938641504826589	down	1
16	15175	MARCKS	-16.142906	-4.179637	1.2739761325811724e-58	1.6384628633942263e-56	0.1366120218579235	0.7656586304677091	-0.6290466086097856	down	2
16	15174	DBI	-15.081068	-3.0315673	2.157509047004443e-51	2.355565273189887e-49	0.4426229508196721	0.8529626128844906	-0.4103396620648185	down	3
16	15173	CEBPD	-13.94669	-4.8235917	3.295523138874059e-44	3.106388767425635e-42	0.0546448087431694	0.6219721902722893	-0.56732738152912	down	4
16	15172	HINT1	-13.881792	-2.5244033	8.167610884073567e-44	7.558028218091491e-42	0.36065573770491804	0.7998542323854643	-0.4391984946805462	down	5
16	15171	RAC1	-13.41488	-1.9371859	4.947346641087914e-41	4.1711629236194544e-39	0.5409836065573771	0.841255651342087	-0.3002720447847099	down	6
16	15170	ACTG1	-13.342112	-1.9436854	1.3167604679338267e-40	1.0919757847739756e-38	0.644808743169399	0.9244257553153933	-0.2796170121459943	down	7
16	15169	TMSB4X	-13.111844	-1.5716054	2.8166405943032306e-39	2.285846933644162e-37	0.9344262295081968	0.9902688729202491	-0.05584264341205236	down	8
16	15168	MT3	-13.023559	-5.320143	8.98823296669748e-39	7.217218174740792e-37	0.0546448087431694	0.5714318251699673	-0.5167870164267979	down	9
16	15167	SLC1A3	-12.990355	-4.8095493	1.3878350526996924e-38	1.1085149873563438e-36	0.03278688524590164	0.5644309938390407	-0.531644108593139	down	10
16	15166	RPS19	-12.845302	-1.2904044	9.139458913783152e-38	7.186550698216224e-36	0.8743169398907104	0.9817306487797657	-0.10741370888905533	down	11
16	15165	PTN	-12.824321	-5.551146	1.1983182754523915e-37	9.325988793982303e-36	0.04371584699453552	0.5523738483789047	-0.5086580013843691	down	12
16	15164	HTRA1	-12.806896	-5.243674	1.5001563614255133e-37	1.1556534487814004e-35	0.0273224043715847	0.5431836558062202	-0.5158612514346355	down	13
16	15163	CKB	-12.636174	-5.0329	1.3338853342483651e-36	1.0021308827996628e-34	0.0546448087431694	0.5514514126931706	-0.49680660395000115	down	14
16	15162	S100B	-12.495739	-5.3001685	7.876088237508331e-36	5.719019860881648e-34	0.03825136612021858	0.5343265650089396	-0.49607519888872104	down	15
16	15161	RAB31	-12.388819	-4.371094	3.0043623736531463e-35	2.1506699708754788e-33	0.04918032786885246	0.5399722130484791	-0.49079188517962663	down	16
16	15160	APLP2	-12.193319	-3.0516708	3.3739369596756595e-34	2.3487553807356793e-32	0.14207650273224043	0.6152247440525674	-0.473148241320327	down	17
16	15159	GPM6B	-12.102813	-4.9817424	1.0205400971229222e-33	7.00801652214365e-32	0.04371584699453552	0.5190779059571125	-0.47536205896257694	down	18
16	15158	TIMP2	-12.0762825	-4.3991456	1.4094990251680995e-33	9.635386128806792e-32	0.04371584699453552	0.5253299700493105	-0.48161412305477497	down	19
16	15157	APP	-12.063491	-7.0318737	1.6465319265525166e-33	1.1205277362045288e-31	0.01092896174863388	0.48558551889854346	-0.47465655714990956	down	20
16	15156	CHCHD2	-12.062217	-1.9797782	1.6722148660785648e-33	1.1329255717682278e-31	0.546448087431694	0.8600573959982235	-0.31360930856652947	down	21
16	15155	RPL23A	-12.055436	-1.7696142	1.8156822052219973e-33	1.2246574731755126e-31	0.6612021857923497	0.9420459851271481	-0.2808437993347984	down	22
16	15154	ANXA2	-12.000076	-4.1291084	3.5496723932327885e-33	2.383620718570832e-31	0.07103825136612021	0.5378084750202139	-0.4667702236540937	down	23
16	15153	COX7A2	-11.993474	-1.9476823	3.844354003777332e-33	2.5476819371757552e-31	0.453551912568306	0.8091924701916616	-0.3556405576233556	down	24
16	15152	SPP1	-11.938345	-3.3726263	7.469454908362016e-33	4.907205527675409e-31	0.453551912568306	0.7495501702520185	-0.2959982576837125	down	25
16	15151	TUBA1B	-11.920132	-2.0968833	9.296149631895604e-33	6.028990034771268e-31	0.5300546448087432	0.8265109154889478	-0.29645627068020464	down	26
16	15150	RPL27	-11.917893	-1.5924318	9.549241930350298e-33	6.16677853340409e-31	0.6612021857923497	0.926982382617212	-0.2657801968248623	down	27
16	15149	PTPRZ1	-11.828575	-6.4876494	2.7781635021629946e-32	1.7567253878677338e-30	0.02185792349726776	0.48302604457300335	-0.46116812107573557	down	28
16	15148	RPS16	-11.772971	-1.5331382	5.379578294940285e-32	3.3596905433750516e-30	0.7213114754098361	0.9537216294086163	-0.23241015399878018	down	29
16	15147	RPL27A	-11.661945	-1.2874016	1.9943273927986337e-31	1.2058132475343452e-29	0.825136612021858	0.9582711733154161	-0.13313456129355816	down	30
16	15146	RPL13A	-11.530315	-1.3578904	9.28030552535441e-31	5.501481119249161e-29	0.8360655737704918	0.963338875539511	-0.1272733017690192	down	31
16	15145	COX5B	-11.526362	-1.881153	9.716342938644734e-31	5.715318621584204e-29	0.44808743169398907	0.8036607031009783	-0.3555732714069892	down	32
16	15144	UQCRQ	-11.519754	-2.002795	1.0490958049176374e-30	6.147134338003886e-29	0.4098360655737705	0.7801215109724294	-0.37028544539865893	down	33
16	15143	TUBA1A	-11.502636	-2.7630396	1.2794723279703726e-30	7.468181557414758e-29	0.3989071038251366	0.7323883112594094	-0.3334812074342728	down	34
16	15142	RPL31	-11.402116	-1.646584	4.080789123590934e-30	2.3547549710880613e-28	0.6502732240437158	0.9086247736616141	-0.2583515496178983	down	35
16	15141	CST3	-11.394776	-1.766241	4.439683085042505e-30	2.552145094644131e-28	0.726775956284153	0.8758953889603808	-0.14911943267622774	down	36
16	15140	ACTB	-11.384332	-1.213578	5.0050401318820486e-30	2.855507106821127e-28	0.9180327868852459	0.9867613396954823	-0.06872855281023638	down	37
16	15139	COX6A1	-11.323137	-1.8935976	1.0079856701937585e-29	5.6866879296879105e-28	0.4371584699453552	0.8032393435902108	-0.3660808736448556	down	38
16	15138	TCF4	-11.251977	-3.2669606	2.2645879813516698e-29	1.2588786521975437e-27	0.09836065573770492	0.5466427896277232	-0.44828213389001825	down	39
16	15137	TUBB2B	-11.208618	-5.324373	3.699218588328569e-29	2.0414305925990677e-27	0.03278688524590164	0.4635552493423375	-0.4307683640964359	down	40
16	15136	COX6C	-11.201514	-1.6789298	4.008250577746021e-29	2.203956911879479e-27	0.5519125683060109	0.8363730056598832	-0.2844604373538723	down	41
16	15135	ANAPC11	-11.198856	-2.3464806	4.130294222739434e-29	2.2628644449203483e-27	0.2459016393442623	0.6575713748846955	-0.41166973554043323	down	42
16	15134	SLIRP	-11.162477	-2.70574	6.223339276585233e-29	3.3851396724536734e-27	0.15846994535519127	0.5938094316201843	-0.435339486264993	down	43
16	15133	IGFBP2	-11.143247	-6.2087984	7.725111955109341e-29	4.187010679669263e-27	0.01639344262295082	0.4462481921399369	-0.42985474951698605	down	44
16	15132	ANXA5	-11.050488	-2.186812	2.180242778596566e-28	1.1774862778641098e-26	0.28415300546448086	0.6924246392820945	-0.40827163381761367	down	45
16	15131	UQCR11	-11.036027	-1.665376	2.561099219506958e-28	1.3782709842282835e-26	0.546448087431694	0.8526864515835146	-0.3062383641518206	down	46
16	15130	SEC61G	-11.002644	-2.5762775	3.7109021041192903e-28	1.9760228186706788e-26	0.43169398907103823	0.7698608374804979	-0.3381668484094597	down	47
16	15129	NOVA1	-10.95631	-7.1856446	6.19745994748509e-28	3.277095894182359e-26	0.01092896174863388	0.4286393504230677	-0.41771038867443383	down	48
16	15128	TMSB10	-10.878939	-1.1540586	1.4524360358227152e-27	7.653530999876918e-26	0.9016393442622951	0.9585701108061633	-0.056930766543868194	down	49
16	15127	MARCKSL1	-10.854421	-3.9508772	1.900087423470075e-27	9.909184446248061e-26	0.09289617486338798	0.4959344501258384	-0.40303827526245045	down	50
16	15126	DPYSL2	-10.841188	-2.7817867	2.1960039911384406e-27	1.1374251388913643e-25	0.1366120218579235	0.5641292093245721	-0.4275171874666486	down	51
16	15125	MGST3	-10.765815	-2.4412832	4.991808072805817e-27	2.559313490300712e-25	0.1912568306010929	0.600881438544146	-0.4096246079430531	down	52
16	15124	YWHAE	-10.765483	-1.762284	5.0098032504422294e-27	2.559891384805093e-25	0.4918032786885246	0.7896504993679607	-0.29784722067943614	down	53
16	15123	PSMA7	-10.686583	-1.6699402	1.1762497649966384e-26	5.891342057290094e-25	0.4972677595628415	0.7898981904317227	-0.2926304308688812	down	54
16	15122	PRDX2	-10.590069	-2.580579	3.313492143814849e-26	1.625218543867764e-24	0.2185792349726776	0.5968045005750988	-0.3782252656024212	down	55
16	15121	RPS17	-10.58989	-1.7182204	3.319832291769945e-26	1.625218543867764e-24	0.6120218579234973	0.8516245117354317	-0.23960265381193446	down	56
16	15120	CALM2	-10.548973	-1.3530022	5.135519129090371e-26	2.4899884441877147e-24	0.7213114754098361	0.884835043445582	-0.16352356803574586	down	57
16	15119	SOX2	-10.544838	-7.071115	5.366511217500877e-26	2.5936998164583856e-24	0.00546448087431694	0.4043713202218401	-0.39890683934752313	down	58
16	15118	LRP1	-10.523429	-3.9723136	6.737575495700681e-26	3.2460141499286837e-24	0.04371584699453552	0.45096571044629946	-0.40724986345176395	down	59
16	15117	FABP5	-10.501803	-3.1629925	8.474549233466395e-26	4.0570901945452996e-24	0.14207650273224043	0.5340788739451777	-0.3920023712129373	down	60
16	15116	YBX1	-10.497566	-1.4306084	8.863583324264044e-26	4.22999184053557e-24	0.6502732240437158	0.8555363223286376	-0.20526309828492184	down	61
16	15115	GATM	-10.461803	-29.457275	1.293689855548831e-25	6.154557130974627e-24	0.0	0.39363804079215586	-0.39363804079215586	down	62
16	15114	APOE	-10.416172	-2.6476715	2.0920471477155365e-25	9.890625393685664e-24	0.5300546448087432	0.7695647470134721	-0.2395101022047289	down	63
16	15113	GSTP1	-10.4002495	-1.7590785	2.4728376210319508e-25	1.165459122260276e-23	0.4262295081967213	0.7621340151006138	-0.33590450690389256	down	64
16	15112	GPM6A	-10.380621	-6.487996	3.0379129799235386e-25	1.4273488353968923e-23	0.01092896174863388	0.4009378096138297	-0.3900088478651958	down	65
16	15111	NDUFB7	-10.3746	-2.010889	3.2356440246328137e-25	1.5155596826489992e-23	0.29508196721311475	0.6623970800924713	-0.3673151128793566	down	66
16	15110	FABP7	-10.122739	-5.9249644	4.379849212375516e-24	1.9841370640898758e-22	0.01639344262295082	0.39341881996560796	-0.3770253773426571	down	67
16	15109	SNX3	-10.0944805	-1.7676922	5.843983894951761e-24	2.63170028456344e-22	0.366120218579235	0.7115936499982918	-0.3454734314190568	down	68
16	15108	RPS26	-10.0844965	-1.39715	6.469569811538755e-24	2.8962298365755794e-22	0.6338797814207651	0.8738825431893499	-0.24000276176858482	down	69
16	15107	FSCN1	-10.083448	-4.818893	6.539017651251996e-24	2.9187097610411854e-22	0.0273224043715847	0.4047158100921297	-0.377393405720545	down	70
16	15106	RPL35	-9.952714	-1.0643554	2.453978787515026e-23	1.0701604045783918e-21	0.819672131147541	0.9510653562765485	-0.13139322512900753	down	71
16	15105	CNN3	-9.939969	-5.3281617	2.789126726197576e-23	1.2126757577391677e-21	0.01639344262295082	0.3871041213515391	-0.37071067872858826	down	72
16	15104	ADGRG1	-9.939697	-29.31181	2.7967614339002945e-23	1.2126757577391677e-21	0.0	0.3663322362801927	-0.3663322362801927	down	73
16	15103	PMP2	-9.873339	-5.2506804	5.432582611507715e-23	2.3355488303751014e-21	0.02185792349726776	0.3881603671521791	-0.3663024436549113	down	74
16	15102	SCRG1	-9.869254	-4.3116713	5.65835548063285e-23	2.4257401913583087e-21	0.03825136612021858	0.4093735409003428	-0.3711221747801242	down	75
16	15101	NDUFB2	-9.864605	-1.5636731	5.926717084444402e-23	2.5336298161557252e-21	0.5136612021857924	0.7895736297274829	-0.27591242754169054	down	76
16	15100	PPIA	-9.818554	-1.2563543	9.367721584991747e-23	3.971076613794266e-21	0.73224043715847	0.908340071289474	-0.17609963413100405	down	77
16	15099	RAMP1	-9.760395	-5.871213	1.6650534747997262e-22	6.98034572750294e-21	0.00546448087431694	0.36691302911935864	-0.3614485482450417	down	78
16	15098	ALDOA	-9.74194	-4.0026636	1.9970620074096715e-22	8.326212369354168e-21	0.0546448087431694	0.4194776280875972	-0.3648328193444278	down	79
16	15097	MEF2C	-9.719511	-4.5270934	2.489733645499689e-22	1.0295421744987268e-20	0.02185792349726776	0.386167450547198	-0.3643095270499302	down	80
16	15096	CALD1	-9.7186985	-4.953792	2.509679420208453e-22	1.0349699695946598e-20	0.01639344262295082	0.3788278233934245	-0.3624343807704737	down	81
16	15095	NME1	-9.7023115	-2.76815	2.9474350180351784e-22	1.2089263198297802e-20	0.14207650273224043	0.4996412750111034	-0.35756477227886296	down	82
16	15094	C1QA	-9.692755	-3.4027438	3.2367795248084033e-22	1.3204668297981809e-20	0.12568306010928962	0.4768337679789548	-0.3511507078696652	down	83
16	15093	SCD5	-9.685051	-6.941476	3.4903518023381073e-22	1.4200959504633543e-20	0.00546448087431694	0.3596189543451276	-0.35415447347081064	down	84
16	15092	TNFRSF1A	-9.645211	-5.1474643	5.150519158504965e-22	2.0899539772585924e-20	0.02185792349726776	0.3742668913917391	-0.3524089678944713	down	85
16	15091	C1QC	-9.638359	-3.9084845	5.506090439990698e-22	2.2282780937946357e-20	0.08196721311475409	0.4310052271355525	-0.3490380140207984	down	86
16	15090	SLC25A5	-9.607969	-1.8318545	7.399360014980157e-22	2.9707060208290706e-20	0.3224043715846995	0.6614177039323091	-0.33901333234760966	down	87
16	15089	PCSK1N	-9.602066	-7.5576205	7.835778978589592e-22	3.1376195720072734e-20	0.00546448087431694	0.3544060539112412	-0.34894157303692425	down	88
16	15088	MAP1B	-9.588457	-3.6882308	8.941220719176402e-22	3.5614689142840174e-20	0.0546448087431694	0.41589891926979533	-0.3612541105266259	down	89
16	15087	MDK	-9.535468	-4.991285	1.4921071894984856e-21	5.896931955163807e-20	0.01639344262295082	0.36802621539442665	-0.3516327727714758	down	90
16	15086	SPARCL1	-9.531779	-5.304385	1.546095849256849e-21	6.09442872943427e-20	0.02185792349726776	0.3708191456651217	-0.3489612221678539	down	91
16	15085	NDUFS5	-9.521373	-1.5826238	1.7090600981203583e-21	6.719351308050403e-20	0.453551912568306	0.7641468608716447	-0.3105949483033387	down	92
16	15084	CRYAB	-9.502259	-4.5550375	2.053858344382564e-21	8.054096701382375e-20	0.03278688524590164	0.3864493058956167	-0.3536624206497151	down	93
16	15083	METRN	-9.48331	-3.7307892	2.4634348924568075e-21	9.61056244933792e-20	0.07650273224043716	0.42475601006707586	-0.34825327782663873	down	94
16	15082	NDUFA1	-9.479531	-1.5792239	2.5542843421089944e-21	9.923424752345762e-20	0.4207650273224044	0.7266060060812427	-0.3058409787588383	down	95
16	15081	BAALC	-9.479432	-7.396968	2.5567073525086935e-21	9.923424752345762e-20	0.00546448087431694	0.34794900411110224	-0.3424845232367853	down	96
16	15080	GAP43	-9.46824	-5.988377	2.845988864298896e-21	1.1018042603214297e-19	0.01092896174863388	0.35522884376672625	-0.34429988201809236	down	97
16	15079	POLR2J	-9.451374	-2.057548	3.3441040955178623e-21	1.2913517494549383e-19	0.23497267759562843	0.5849722699889536	-0.3499995923933251	down	98
16	15078	TIMM13	-9.439472	-2.2214217	3.746628354495752e-21	1.443117561112374e-19	0.18579234972677597	0.5445815444534284	-0.3587891947266525	down	99
16	15077	FXYD6	-9.409235	-6.1065183	4.997597225729814e-21	1.9094346599639087e-19	0.00546448087431694	0.34764152554919087	-0.3421770446748739	down	100
16	1	GATA2	155.61108	10.657386	0.0	0.0	0.9344262295081968	0.006141030167063352	0.9282851993411334	up	1
16	2	HPGD	121.32459	10.712675	0.0	0.0	0.9234972677595629	0.010192344922617896	0.913304922836945	up	2
16	3	ENPP3	89.60842	8.284726	0.0	0.0	0.3005464480874317	0.00188472970356789	0.2986617183838638	up	3
16	4	RGS13	85.088394	8.267541	0.0	0.0	0.644808743169399	0.010126863377025657	0.6346818797923733	up	4
16	5	KIT	82.621956	8.944445	0.0	0.0	0.9672131147540983	0.025056655772055892	0.9421564589820425	up	5
16	6	PNMT	80.98566	8.373617	0.0	0.0	0.2896174863387978	0.002166585051986653	0.28745090128681117	up	6
16	7	P2RX1	64.04444	7.04955	0.0	0.0	0.3770491803278688	0.006027149218207286	0.37102203110966153	up	7
16	8	IL18R1	63.058937	6.7928433	0.0	0.0	0.6120218579234973	0.016609536390657206	0.5954123215328401	up	8
16	9	ITGA2B	62.24021	7.369367	0.0	0.0	0.28415300546448086	0.003601485007573083	0.2805515204569078	up	9
16	10	CALB2	60.171024	6.7683945	0.0	0.0	0.34972677595628415	0.005862021842365991	0.34386475411391815	up	10
16	11	TESPA1	50.959713	6.033362	0.0	0.0	0.45901639344262296	0.014095614444659553	0.4449207789979634	up	11
16	12	TMEM233	50.426746	7.3270197	0.0	0.0	0.22404371584699453	0.003416428465681976	0.22062728738131257	up	12
16	13	VWA5A	46.193085	6.740648	0.0	0.0	0.8524590163934426	0.06394130575895958	0.788517710634483	up	13
16	14	RAB37	45.808506	5.9254584	0.0	0.0	0.3005464480874317	0.007425037865415494	0.2931214102220162	up	14
16	15	SLC45A3	45.68706	5.8488317	0.0	0.0	0.453551912568306	0.01708214232840988	0.43646977023989614	up	15
16	16	SMIM1	43.068283	5.9870152	0.0	0.0	0.45901639344262296	0.019755497602806028	0.4392608958398169	up	16
16	17	MLPH	42.4309	6.447448	0.0	0.0	0.2896174863387978	0.008065618202730865	0.2815518681360669	up	17
16	18	ADCYAP1	41.161823	7.2682605	0.0	0.0	0.18579234972677597	0.003524615367095239	0.18226773435968072	up	18
16	19	LAX1	40.07357	5.3092113	0.0	0.0	0.3442622950819672	0.012578150801152476	0.3316841442808147	up	19
16	20	CLNK	39.295242	6.4029217	0.0	0.0	0.16939890710382513	0.0032057487102982543	0.16619315839352689	up	20
16	21	SLC38A11	36.884495	6.076598	8.191717249961879e-298	5.919880999305784e-295	0.16939890710382513	0.0036299552447870997	0.16576895185903803	up	21
16	22	A2M-AS1	36.605305	5.6114206	2.355040225793527e-293	1.624549566665571e-290	0.32786885245901637	0.013688490052499117	0.31418036240651726	up	22
16	23	HPGDS	36.159847	6.268542	2.605304155497794e-286	1.7190476462536745e-283	0.8633879781420765	0.1115179191673025	0.751870058974774	up	23
16	24	ST8SIA6	35.19735	6.2750335	2.1953617656576813e-271	1.388200423150874e-268	0.12568306010928962	0.0021950552892006695	0.12348800482008895	up	24
16	25	LIF	34.627975	5.308591	9.585653017032409e-263	5.8188748074593536e-260	0.37158469945355194	0.019507806539044083	0.35207689291450783	up	25
16	26	PROM1	33.203793	5.283359	9.490782649358654e-242	5.5396968264102665e-239	0.40437158469945356	0.025124984341369533	0.379246600358084	up	26
16	27	ATP2A3	33.17637	4.9769707	2.3603062911567554e-241	1.3266669731331451e-238	0.36065573770491804	0.019840908314448076	0.34081482939047	up	27
16	28	ALDH1A1	32.359756	4.8034105	1.0114445881760562e-229	5.482029667914225e-227	0.4918032786885246	0.0387252166585052	0.4530780620300194	up	28
16	29	NDST2	31.63722	5.5176225	1.1367358577590503e-219	5.948656337017706e-217	0.4972677595628415	0.04225837309676464	0.4550093864660769	up	29
16	30	AREG	31.506273	5.809296	7.127410563853453e-218	3.6055194239013336e-215	0.7814207650273224	0.10760041452665384	0.6738203505006686	up	30
16	31	IL5RA	31.493893	6.6176305	1.0531227251905555e-217	5.155545315319958e-215	0.0546448087431694	0.0005124642698522965	0.0541323444733171	up	31
16	32	SYCP2L	31.152376	6.138942	4.709755825165368e-213	2.2336017000846755e-210	0.16393442622950818	0.004745988543576545	0.15918843768593163	up	32
16	33	P2RY14	30.937756	5.7138057	3.712472620574218e-210	1.7072874087828586e-207	0.16939890710382513	0.005121795674801562	0.16427711142902357	up	33
16	34	LAT	30.925278	4.5628395	5.4634140034913983e-210	2.438610909323102e-207	0.5245901639344263	0.047599389598114134	0.4769907743363121	up	34
16	35	RAB27B	30.09022	5.367331	6.505718781717827e-199	2.82087966375285e-196	0.3114754098360656	0.01801596610902962	0.293459443727036	up	35
16	36	CD52	30.082422	4.7317605	8.2279471723540505e-199	3.468536841323474e-196	0.8306010928961749	0.12926341802279898	0.701337674873376	up	36
16	37	PTGER3	29.938717	6.6006494	6.170860178736931e-197	2.5310533533111258e-194	0.08196721311475409	0.001289701745794946	0.08067751136895915	up	37
16	38	MYB	29.733822	5.728435	2.8072885095890816e-194	1.121142379513787e-191	0.18032786885245902	0.006266299210805025	0.174061569641654	up	38
16	39	IKZF3	29.445814	4.0628066	1.4243423932390628e-190	5.5425179896912866e-188	0.4426229508196721	0.035903816150596166	0.40671913466907594	up	39
16	40	ACSL4	28.656506	5.0801578	1.330103524226335e-180	5.046412770914715e-178	0.8633879781420765	0.17793044151643872	0.6854575366256377	up	40
16	41	GCNT4	28.638863	6.0211205	2.2062522063153453e-180	8.166361825132116e-178	0.12021857923497267	0.0030206921684071473	0.11719788706656553	up	41
16	42	CD38	28.006138	4.769137	1.367914204187325e-172	4.942729991130202e-170	0.3551912568306011	0.026514331917413536	0.32867692491318756	up	42
16	43	ADRA2A	27.7494	6.1466503	1.771857552715507e-169	6.253420981397798e-167	0.11475409836065574	0.002932434433043696	0.11182166392761204	up	43
16	44	ALS2	26.871723	4.6300745	4.702197994837594e-159	1.6218308356739847e-156	0.5136612021857924	0.060846590973795994	0.4528146112119964	up	44
16	45	AHR	26.100063	4.431562	3.6397456162270814e-150	1.2274839882636041e-147	0.7158469945355191	0.13207627745954378	0.5837707170759754	up	45
16	46	TTC39B	25.882315	4.415039	1.0534445441175737e-147	3.4754509568539775e-145	0.4262295081967213	0.04394950518727722	0.3822800030094441	up	46
16	47	SOCS1	25.77496	4.4014335	1.69293410270027e-146	5.466376157995595e-144	0.5901639344262295	0.0864384872054754	0.5037254472207541	up	47
16	48	GPR35	25.699348	5.2419214	1.1886726655578426e-145	3.758186744272046e-143	0.2185792349726776	0.012057145460135974	0.2065220895125416	up	48
16	49	GPAT3	25.685234	4.8287344	1.7091460725463607e-145	5.293469550400728e-143	0.26229508196721313	0.01715047089772352	0.2451446110694896	up	49
16	50	BTK	25.675995	4.261462	2.167569599350931e-145	6.579007247949945e-143	0.6666666666666666	0.11527029643210987	0.5513963702345568	up	50
16	51	RAC2	25.473951	4.257298	3.832717686164972e-143	1.134395936650306e-140	0.7650273224043715	0.15896356948446094	0.6060637529199107	up	51
16	52	STX3	25.4734	4.4691014	3.886965518306267e-143	1.134395936650306e-140	0.5409836065573771	0.07423614353554794	0.4667474630218291	up	52
16	53	SLC26A2	24.928406	4.453792	3.6620771866048417e-137	1.0485977996965108e-134	0.7650273224043715	0.17121431255765224	0.5938130098467194	up	53
16	54	FOXP1	24.667168	4.252605	2.408287396564507e-134	6.768179542641288e-132	0.8743169398907104	0.24969536846181004	0.6246215714289003	up	54
16	55	BACE2	24.546614	4.128934	4.700607147389785e-133	1.2970257103415886e-130	0.5027322404371585	0.06753709671908986	0.4351951437180686	up	55
16	56	CLEC12A	24.52047	4.5173697	8.936526587794399e-133	2.421798705292282e-130	0.3442622950819672	0.03175570258851397	0.31250659249345325	up	56
16	57	CD274	24.482256	4.812113	2.2828351836790628e-132	6.0779485521953435e-130	0.22950819672131148	0.014448645386113358	0.21505955133519813	up	57
16	58	ATP8B4	24.101854	4.4202766	2.390314431224483e-128	6.2543813462522e-126	0.5409836065573771	0.08204837662707405	0.45893522993030306	up	58
16	59	KLRG1	23.872196	4.202482	5.957170628267145e-126	1.532305448382749e-123	0.3879781420765027	0.041777226087847764	0.34620091598865493	up	59
16	60	CBFA2T3	23.763748	5.3253317	7.921476956978974e-125	2.003605571651882e-122	0.1366120218579235	0.005557390304176014	0.1310546315537475	up	60
16	61	SAMSN1	23.494389	3.9413288	4.6547716349393766e-122	1.1580461365875407e-119	0.8961748633879781	0.2954954390679983	0.6006794243199798	up	61
16	62	IL17RB	23.443218	4.541972	1.5502077987528583e-121	3.7945086377215123e-119	0.3770491803278688	0.041412807051508356	0.3356363732763605	up	62
16	63	AFF2	23.069057	5.593943	9.470674673242759e-118	2.281380299065589e-115	0.1366120218579235	0.005890492079580007	0.1307215297783435	up	63
16	64	CATSPER1	22.869003	4.2529325	9.456929986032631e-116	2.2424745229379873e-113	0.3224043715846995	0.03161335140244389	0.2907910201822556	up	64
16	65	TMEM154	22.754826	4.1430454	1.2855211025765938e-114	3.001395115800367e-112	0.4918032786885246	0.07427884889136896	0.41752442979715565	up	65
16	66	AQP3	22.682257	4.3126254	6.706069047074879e-114	1.5419894524001267e-111	0.2459016393442623	0.01879320358497227	0.22710843575929002	up	66
16	67	AKAP5	22.287642	4.8121843	4.869726240575663e-110	1.1030293347309891e-107	0.26229508196721313	0.022326360023231715	0.23996872194398142	up	67
16	68	STXBP5	22.139065	4.293576	1.329660992787423e-108	2.9674904744914604e-106	0.39344262295081966	0.049657787748687524	0.34378483520213216	up	68
16	69	AHNAK	22.126286	3.6565912	1.7653388310640506e-108	3.8827220435113094e-106	0.7431693989071039	0.18540957283256085	0.557759826074543	up	69
16	70	PTPN7	22.036522	3.7814662	1.2865118118017831e-107	2.7891576079862656e-105	0.5573770491803278	0.09893122729498582	0.458445821885342	up	70
16	71	TIE1	21.647402	4.551133	6.430451412181427e-104	1.3744863469192302e-101	0.15300546448087432	0.008202275341358143	0.14480318913951618	up	71
16	72	RHOH	21.484507	3.7756512	2.1736400359324267e-102	4.581550164626459e-100	0.5027322404371585	0.08449681702747948	0.418235423409679	up	72
16	73	MAOB	21.071136	3.6462703	1.4637866669177384e-98	3.0430721174169314e-96	0.5081967213114754	0.08844848595278496	0.41974823535869044	up	73
16	74	TTN	21.058815	4.6634846	1.898680964971263e-98	3.846417672721185e-96	0.22950819672131148	0.018989648221748985	0.2105185484995625	up	74
16	75	GFRA3	21.058758	6.10582	1.9009048857016926e-98	3.846417672721185e-96	0.04371584699453552	0.0007402261675644281	0.04297562082697109	up	75
16	76	HOXA10-AS	20.954626	5.121287	1.7026400219031715e-97	3.399903285842438e-95	0.10382513661202186	0.004119643324868183	0.09970549328715368	up	76
16	77	NBEAL2	20.760265	4.106965	9.902040664284862e-96	1.951602196379053e-93	0.31693989071038253	0.03599776793340242	0.2809421227769801	up	77
16	78	PIK3R6	20.484211	4.6451564	2.977745870924275e-93	5.793624530403436e-91	0.20765027322404372	0.016452950085980116	0.19119732313806362	up	78
16	79	TMEM44	20.236395	4.406861	4.6819321826576724e-91	8.994050987849726e-89	0.273224043715847	0.028615435423807952	0.24460860829203906	up	79
16	80	PTGS1	20.143425	3.5019865	3.0732842711603677e-90	5.830020262391218e-88	0.6120218579234973	0.1429576021227409	0.4690642558007564	up	80
16	81	TNFAIP8	20.105173	3.4055884	6.648892076490603e-90	1.245723285837301e-87	0.5956284153005464	0.13237806197401236	0.4632503533265341	up	81
16	82	RASGRP4	20.00997	4.2501807	4.509284867911961e-89	8.345476482369745e-87	0.2568306010928962	0.02571147122797827	0.23111912986491792	up	82
16	83	SLC12A8	19.895542	5.0764937	4.447752991416765e-88	8.132421614185641e-86	0.17486338797814208	0.01249843413695323	0.16236495384118885	up	83
16	84	ARHGAP18	19.627148	3.1334927	9.066287133723916e-86	1.6379758754927877e-83	0.7704918032786885	0.24629886916217786	0.5241929341165106	up	84
16	85	ERG	19.571825	4.8835196	2.6887516163495183e-85	4.800528768202387e-83	0.09836065573770492	0.004207901060231634	0.09415275467747328	up	85
16	86	IGKC	19.48894	3.3994691	1.3627833298475902e-84	2.404837187647329e-82	0.4972677595628415	0.09357312865130792	0.4036946309115336	up	86
16	87	FAM83F	19.366837	6.1994376	1.4701793451253443e-83	2.564533533519796e-81	0.04918032786885246	0.001104645203903839	0.04807568266494862	up	87
16	88	CSF2RB	19.360092	3.9644313	1.6758521077929126e-83	2.8900831349846865e-81	0.3224043715846995	0.04226406714420745	0.28014030444049204	up	88
16	89	TRAF3IP3	19.312006	3.3691351	4.257057350059568e-83	7.259000263427416e-81	0.45901639344262296	0.08149890104884354	0.3775174923937794	up	89
16	90	TXNIP	19.290676	3.6863594	6.432698985029511e-83	1.0846959977423094e-80	0.9289617486338798	0.528772021728485	0.4001897269053948	up	90
16	91	NFE2L3	19.282433	4.153292	7.544298065324993e-83	1.2581567850480448e-80	0.3005464480874317	0.037207753014998124	0.26333869507243357	up	91
16	92	ARHGEF6	19.128632	3.543126	1.458511313164925e-81	2.4059095313685763e-79	0.6775956284153005	0.20652879479791825	0.4710668336173823	up	92
16	93	GFI1B	19.116478	6.184874	1.841288113287467e-81	3.0046654201344734e-79	0.060109289617486336	0.0016854380430697748	0.05842385157441656	up	93
16	94	TSEN54	18.997414	3.6105137	1.7916034306861545e-80	2.8924865600099023e-78	0.4644808743169399	0.08900934962590108	0.37547152469103884	up	94
16	95	CTSW	18.481546	3.146675	2.9073120437523385e-76	4.6443544816826835e-74	0.2896174863387978	0.0354340572365649	0.2541834291022329	up	95
16	96	TDRD3	18.286175	3.804917	1.0664263999508804e-74	1.685842400589017e-72	0.5027322404371585	0.1148090785892428	0.38792316184791564	up	96
16	97	BIRC3	18.267141	3.4582725	1.5116315249143273e-74	2.365002064134003e-72	0.44808743169398907	0.08532530093040736	0.3627621307635817	up	97
16	98	FER	18.226608	3.6242976	3.1740217610678704e-74	4.915199412853674e-72	0.5355191256830601	0.13069262393094258	0.40482650175211754	up	98
16	99	ANXA1	18.198809	3.173293	5.274262479035157e-74	8.085071452710863e-72	0.8415300546448088	0.37713384427919056	0.46439621036561823	up	99
16	100	IFITM2	17.941008	3.1123374	5.642240727950997e-72	8.562664528738432e-70	0.7978142076502732	0.3295202195624694	0.4682939880878038	up	100
17	15176	CANX	-6.151351	-1.4338324	7.682564430250099e-10	1.2954510865941722e-06	0.4095238095238095	0.663169400151428	-0.2536455906276185	down	1
17	15175	CFL1	-6.0538993	-0.74031365	1.4138105686668532e-09	2.1455989190088166e-06	0.8476190476190476	0.9055794968718156	-0.057960449252768	down	2
17	15174	MYL6	-5.7222896	-0.7319934	1.0509792077165023e-08	1.4499691323914218e-05	0.8476190476190476	0.9129971934578535	-0.06537814583880586	down	3
17	15173	TMEM258	-5.6163406	-1.2283418	1.9504413693392245e-08	2.3468827251396718e-05	0.45714285714285713	0.7084924940652735	-0.25134963692241635	down	4
17	15172	VIM	-5.6098995	-1.4330609	2.0244400651273794e-08	2.3468827251396718e-05	0.5714285714285714	0.7962125912980115	-0.22478401986944008	down	5
17	15171	PFN1	-5.589313	-0.88478565	2.2796953635082557e-08	2.3468827251396718e-05	0.7714285714285715	0.8498499951611342	-0.07842142373256278	down	6
17	15170	NOP10	-5.5862937	-1.3394073	2.319665318733202e-08	2.3468827251396718e-05	0.3333333333333333	0.6158566784886799	-0.28252334515534655	down	7
17	15169	ACTB	-5.5365987	-0.65060294	3.084023652860759e-08	2.92519643473843e-05	0.9809523809523809	0.9867272758324273	-0.005774894880046344	down	8
17	15168	CALM2	-5.5147853	-1.0648592	3.492059528032966e-08	3.117382082201665e-05	0.6952380952380952	0.8848065307609544	-0.18956843552285918	down	9
17	15167	COX6C	-5.4098	-1.0955863	6.309518332901326e-08	5.136721779175698e-05	0.6190476190476191	0.836289785438999	-0.21724216639137994	down	10
17	15166	NDUFA4	-5.406382	-1.1100417	6.431056523743954e-08	5.136721779175698e-05	0.6857142857142857	0.8665127717592408	-0.18079848604495508	down	11
17	15165	ENO1	-5.3608513	-1.1792356	8.283077928728401e-08	6.28519953231911e-05	0.5333333333333333	0.7540888415755347	-0.22075550824220136	down	12
17	15164	YWHAE	-5.3230224	-1.0703903	1.0205727373429352e-07	7.375338981864946e-05	0.580952380952381	0.7895577276686345	-0.20860534671625353	down	13
17	15163	PKM	-5.308133	-1.1608849	1.1075367882835503e-07	7.563679895492272e-05	0.47619047619047616	0.7008670108902944	-0.2246765346998182	down	14
17	15162	CD63	-5.300183	-1.022026	1.1568681795258133e-07	7.563679895492272e-05	0.7523809523809524	0.8851281730150687	-0.13274722063411637	down	15
17	15161	ANXA2	-5.2940826	-1.5148016	1.1961539107262423e-07	7.563679895492272e-05	0.29523809523809524	0.5376378365146504	-0.24239974127655511	down	16
17	15160	GAPDH	-5.277703	-0.83546364	1.3081339340246222e-07	7.940896233103065e-05	0.9333333333333333	0.9689914095900627	-0.03565807625672934	down	17
17	15159	SSR3	-5.1307054	-1.3946607	2.8865873280080056e-07	0.00016848788188403651	0.2571428571428571	0.5194807043111448	-0.2623378471682877	down	18
17	15158	PCBP2	-5.060036	-1.1043942	4.191772770636985e-07	0.00023560867987846995	0.3904761904761905	0.6750246212875937	-0.2845484308114032	down	19
17	15157	PSAP	-5.007877	-1.1235042	5.503378716647158e-07	0.0002879975013925423	0.5904761904761905	0.7901526235191647	-0.19967643304297422	down	20
17	15156	GPX4	-4.9717236	-0.898399	6.636029488608893e-07	0.00033569461173042856	0.6285714285714286	0.7982420685297249	-0.16967063995829634	down	21
17	15155	UQCRQ	-4.947386	-1.0064592	7.521674427109494e-07	0.0003682223584058506	0.6	0.7799824662275633	-0.1799824662275633	down	22
17	15154	COPRS	-4.8713536	-2.164387	1.108363301303189e-06	0.0005256412956430373	0.09523809523809523	0.3159295461143908	-0.22069145087629555	down	23
17	15153	STMN1	-4.8558497	-1.5435827	1.1987151936377497e-06	0.0005434884957481159	0.3619047619047619	0.5502103483414076	-0.1883055864366457	down	24
17	15152	GNG5	-4.8527484	-0.99730015	1.2176205097150726e-06	0.0005434884957481159	0.47619047619047616	0.6876312898139029	-0.2114408136234267	down	25
17	15151	PPIA	-4.844586	-0.83642364	1.268761621460798e-06	0.000550135039065402	0.8	0.9082807225280511	-0.1082807225280511	down	26
17	15150	COMT	-4.8376756	-1.3264261	1.3136620198967337e-06	0.0005537815226098009	0.2571428571428571	0.49541446308514697	-0.23827160594228985	down	27
17	15149	RPS2	-4.8303576	-0.48383006	1.3628808432048085e-06	0.0005590021534182749	0.9714285714285714	0.9715844723643837	-0.00015590093581230313	down	28
17	15148	EIF4EBP1	-4.8234	-1.5526776	1.4113160358708146e-06	0.0005630374367224508	0.14285714285714285	0.38516802249787946	-0.2423108796407366	down	29
17	15147	LGALS1	-4.816022	-1.1740209	1.4644836724022894e-06	0.0005630374367224508	0.5619047619047619	0.7569693899044182	-0.1950646279996563	down	30
17	15146	TMSB10	-4.8133755	-0.6896338	1.4840206555678725e-06	0.0005630374367224508	0.9333333333333333	0.9585479987020454	-0.025214665368712086	down	31
17	15145	RBBP4	-4.8057356	-1.5021957	1.5418369593595843e-06	0.0005707053096400256	0.2	0.43525312960759643	-0.23525312960759642	down	32
17	15144	PSMD8	-4.7539597	-1.1771295	1.9947106028324676e-06	0.0007207554311567983	0.34285714285714286	0.5783753935136428	-0.2355182506564999	down	33
17	15143	KTN1	-4.7393146	-1.0684155	2.144423558291367e-06	0.0007568319051309252	0.37142857142857144	0.60644650776211	-0.2350179363335385	down	34
17	15142	YBX1	-4.7325315	-0.81516933	2.217367492552386e-06	0.0007647902060676139	0.7333333333333333	0.8554659258458053	-0.122132592512472	down	35
17	15141	COX6A1	-4.716453	-0.9162896	2.3999152814578628e-06	0.0008093580958089895	0.6190476190476191	0.8031037054326231	-0.18405608638500404	down	36
17	15140	RABAC1	-4.7062716	-1.1025792	2.5228855614335814e-06	0.0008323328539199137	0.3523809523809524	0.6057149851133717	-0.25333403273241933	down	37
17	15139	COX20	-4.6928253	-1.3176737	2.6945743119556942e-06	0.0008685341634912059	0.24761904761904763	0.48382964915376775	-0.23621060153472012	down	38
17	15138	TUBA1B	-4.6888776	-1.0105693	2.74707695358315e-06	0.0008685341634912059	0.6761904761904762	0.8264014209187014	-0.15021094472822516	down	39
17	15137	SNRPF	-4.6247854	-1.2154822	3.749865431624568e-06	0.0011613868936802948	0.3142857142857143	0.534543808813567	-0.22025809452785272	down	40
17	15136	PPP1R14B	-4.612204	-1.3398633	3.9842133709105536e-06	0.001209288442338771	0.20952380952380953	0.4574265204000888	-0.24790271087627927	down	41
17	15135	TPI1	-4.603997	-0.9563369	4.144583235181449e-06	0.0012332979446492878	0.5904761904761905	0.7907560585445831	-0.2002798680683926	down	42
17	15134	ATP6V1F	-4.5625696	-0.93863267	5.053135032926263e-06	0.0014473664133479221	0.5142857142857142	0.712249731015991	-0.19796401673027675	down	43
17	15133	SNX3	-4.56018	-0.915249	5.110975062362002e-06	0.0014473664133479221	0.5333333333333333	0.7114669733179249	-0.17813363998459153	down	44
17	15132	TIMM8B	-4.5526686	-1.1661898	5.296966321655473e-06	0.0014473664133479221	0.2857142857142857	0.5176988631511833	-0.2319845774368976	down	45
17	15131	EIF4H	-4.549671	-1.2745917	5.3729799167532914e-06	0.0014473664133479221	0.2571428571428571	0.48379549245421577	-0.22665263531135865	down	46
17	15130	AP2S1	-4.5496187	-1.026744	5.374321302991413e-06	0.0014473664133479221	0.4095238095238095	0.6280762377534	-0.21855242822959053	down	47
17	15129	ROMO1	-4.5450983	-1.0484177	5.4909568496087415e-06	0.0014473664133479221	0.3904761904761905	0.638920989861153	-0.2484447993849625	down	48
17	15128	BRK1	-4.5435457	-1.0333745	5.531579597666018e-06	0.0014473664133479221	0.45714285714285713	0.6826074085881328	-0.22546455144527572	down	49
17	15127	HNRNPM	-4.499659	-1.1287988	6.806249938675523e-06	0.001750705916429487	0.3238095238095238	0.5487814597434831	-0.2249719359339593	down	50
17	15126	NDUFS5	-4.4899282	-0.9310286	7.124716981611597e-06	0.0018020784152156266	0.5714285714285714	0.764042673103307	-0.19261410167473558	down	51
17	15125	COX5A	-4.4851437	-1.012887	7.286489341031363e-06	0.0018127829875326552	0.4095238095238095	0.5969167885871082	-0.18739297906329866	down	52
17	15124	APLP2	-4.463545	-1.0252594	8.061475559159326e-06	0.001973241178803257	0.4	0.615042610482691	-0.21504261048269102	down	53
17	15123	NDUFA11	-4.4373727	-0.88243085	9.106346251021897e-06	0.0021896401130825248	0.5142857142857142	0.6863247960560398	-0.17203908177032556	down	54
17	15122	SLIRP	-4.434372	-1.0745234	9.234117503774485e-06	0.0021896401130825248	0.38095238095238093	0.5936462846050062	-0.2126939036526253	down	55
17	15121	DAD1	-4.41454	-0.98333436	1.0122511438307595e-05	0.0023275641452690315	0.4	0.6278969150807522	-0.22789691508075216	down	56
17	15120	PSMB4	-4.410007	-1.3716618	1.033671662987213e-05	0.00234134345634238	0.21904761904761905	0.4374249264207764	-0.21837730737315736	down	57
17	15119	TXN	-4.384445	-1.040944	1.1628187811462735e-05	0.0025756234293154326	0.4095238095238095	0.6351637529104355	-0.22563994338662596	down	58
17	15118	GSTP1	-4.38291	-0.8498991	1.1710464985685612e-05	0.0025756234293154326	0.6095238095238096	0.7620046566967056	-0.152480847172896	down	59
17	15117	COX5B	-4.376965	-0.87874407	1.2034325653667773e-05	0.0026090418017151733	0.6	0.8035363569602815	-0.2035363569602815	down	60
17	15116	COX17	-4.3685837	-1.1201209	1.2505482681619598e-05	0.002624544076745822	0.3142857142857143	0.527965797758182	-0.2136800834724677	down	61
17	15115	PRDX1	-4.366068	-0.86406374	1.265031971248398e-05	0.002624544076745822	0.6	0.7470639470343445	-0.14706394703434456	down	62
17	15114	LSM2	-4.3651075	-1.3961177	1.2706027983076763e-05	0.002624544076745822	0.18095238095238095	0.3938495169673405	-0.21289713601495955	down	63
17	15113	AP1M1	-4.36225	-2.2152972	1.2873169844106522e-05	0.002624544076745822	0.0380952380952381	0.21752694109677162	-0.17943170300153352	down	64
17	15112	OSTC	-4.3606014	-1.2146136	1.2970532798888812e-05	0.002624544076745822	0.23809523809523808	0.4562025719994763	-0.2181073339042382	down	65
17	15111	SNRPD2	-4.3506184	-0.93703854	1.3575410556069789e-05	0.0026843666687216875	0.5523809523809524	0.7203790255093618	-0.16799807312840942	down	66
17	15110	DYNLL1	-4.3499002	-0.88579875	1.361994158484251e-05	0.0026843666687216875	0.6285714285714286	0.7865348597582844	-0.15796343118685585	down	67
17	15109	PSMA7	-4.33877	-0.8190578	1.4328236897885663e-05	0.002787760553362985	0.6285714285714286	0.789793978173869	-0.16122254960244042	down	68
17	15108	SF3B6	-4.3183026	-1.0245258	1.5723388191444808e-05	0.0030204827745995747	0.3619047619047619	0.5839628602820205	-0.2220580983772586	down	69
17	15107	NDUFA6	-4.3124113	-1.1482627	1.614836512186821e-05	0.0030359278483133743	0.29523809523809524	0.5104604892377933	-0.21522239399969806	down	70
17	15106	MTHFD2	-4.3116527	-1.9213593	1.6203884799247714e-05	0.0030359278483133743	0.09523809523809523	0.2859826597821941	-0.19074456454409888	down	71
17	15105	FRYL	-4.2944565	-2.0376165	1.7512187569151984e-05	0.003201987452403018	0.05714285714285714	0.24113775966207637	-0.18399490251921924	down	72
17	15104	SNX10	-4.2754626	-1.9657781	1.9074085451583042e-05	0.0034460514382526697	0.0761904761904762	0.2603281320270293	-0.18413765583655312	down	73
17	15103	B2M	-4.236256	-0.78924745	2.272774595629694e-05	0.00401910568779716	0.9142857142857143	0.9727230290161163	-0.058437314730402035	down	74
17	15102	ETFB	-4.231545	-1.1610411	2.3209142023260646e-05	0.00401910568779716	0.24761904761904763	0.4524197175240947	-0.20480066990504708	down	75
17	15101	MGLL	-4.23074	-2.827932	2.3292384994170658e-05	0.00401910568779716	0.0380952380952381	0.2049544292700144	-0.1668591911747763	down	76
17	15100	PDIA4	-4.229921	-1.414154	2.337733614518042e-05	0.00401910568779716	0.2	0.3980991796699324	-0.1980991796699324	down	77
17	15099	ISG15	-4.228073	-1.5129231	2.3570137467972274e-05	0.00401910568779716	0.1523809523809524	0.3621549461747343	-0.20977399379378192	down	78
17	15098	CLTC	-4.224232	-1.2377535	2.3975678230293925e-05	0.0040428321424771175	0.2571428571428571	0.45481637927599183	-0.19767352213313472	down	79
17	15097	DCAF13	-4.2166753	-1.9239755	2.4793082678170843e-05	0.004134723326636491	0.06666666666666667	0.25094927160838204	-0.1842826049417154	down	80
17	15096	FSCN1	-4.20226	-1.4512727	2.64263186567703e-05	0.004359193607990718	0.21904761904761905	0.40457472062666155	-0.1855271015790425	down	81
17	15095	TMEM70	-4.1946325	-1.649193	2.7331420600102e-05	0.004420541154555119	0.12380952380952381	0.3148137605956928	-0.191004236786169	down	82
17	15094	ABHD2	-4.1942234	-1.5388501	2.7380789966274455e-05	0.004420541154555119	0.10476190476190476	0.2997164993937186	-0.1949545946318138	down	83
17	15093	DCTN5	-4.1886578	-3.0286427	2.806089219018525e-05	0.004453966422725875	0.0380952380952381	0.20002447896801226	-0.16192924087277416	down	84
17	15092	NDUFB11	-4.182048	-0.88049763	2.8889530528672704e-05	0.004518227085810601	0.47619047619047616	0.6701430596432902	-0.19395258345281408	down	85
17	15091	CLIC4	-4.177282	-1.7585429	2.9501325521921854e-05	0.004518227085810601	0.13333333333333333	0.3185681511547811	-0.18523481782144777	down	86
17	15090	COPS6	-4.174412	-1.130754	2.987572620422614e-05	0.004518227085810601	0.29523809523809524	0.4981014567832359	-0.20286336154514067	down	87
17	15089	BZW1	-4.173926	-0.94470763	2.993954550055078e-05	0.004518227085810601	0.34285714285714286	0.5520519637255851	-0.2091948208684422	down	88
17	15088	RPN1	-4.1729364	-1.3977201	3.006990878142269e-05	0.004518227085810601	0.1619047619047619	0.360022998844365	-0.1981182369396031	down	89
17	15087	SNU13	-4.166489	-0.9685194	3.093263533955136e-05	0.004602290920715995	0.41904761904761906	0.59609987418949	-0.1770522551418709	down	90
17	15086	MRPL41	-4.1594753	-1.1183143	3.189794669605414e-05	0.004694672343844331	0.26666666666666666	0.4790192473001975	-0.21235258063353085	down	91
17	15085	MPG	-4.156409	-1.5510082	3.232889414892288e-05	0.004694672343844331	0.12380952380952381	0.31413347299628264	-0.19032394918675882	down	92
17	15084	FTH1	-4.1535683	-0.46383613	3.273304927354005e-05	0.004694672343844331	1.0	0.991139182857891	0.008860817142108957	down	93
17	15083	CAPZB	-4.1482334	-0.892678	3.350509505978321e-05	0.004694672343844331	0.44761904761904764	0.6322974365396986	-0.18467838892065097	down	94
17	15082	PPP2CA	-4.1482286	-1.1636418	3.3505752807973096e-05	0.004694672343844331	0.2	0.4205202065341766	-0.2205202065341766	down	95
17	15081	CYB5A	-4.1456103	-1.6822839	3.3890983020424476e-05	0.004694672343844331	0.09523809523809523	0.2826751527089109	-0.18743705747081568	down	96
17	15080	PAFAH1B2	-4.1422863	-1.7454743	3.4386045389139014e-05	0.004694672343844331	0.11428571428571428	0.2998901292831078	-0.18560441499739355	down	97
17	15079	DRAP1	-4.1411443	-0.9352583	3.455776765035297e-05	0.004694672343844331	0.4095238095238095	0.6210200329042872	-0.2114962233804777	down	98
17	15078	TMED5	-4.1405525	-1.4825817	3.464702836785484e-05	0.004694672343844331	0.11428571428571428	0.304313421875089	-0.1900277075893747	down	99
17	15077	SNRNP40	-4.1380057	-1.9862516	3.503377363425388e-05	0.0047049593446831855	0.05714285714285714	0.23266120538992718	-0.17551834824707005	down	100
17	1	HBA1	74.36846	12.458501	0.0	0.0	1.0	0.019053745566745037	0.980946254433255	up	1
17	2	HBA2	53.45735	12.668117	0.0	0.0	1.0	0.03787124062825556	0.9621287593717445	up	2
17	3	HBB	44.297363	13.055484	0.0	0.0	1.0	0.0563471686942463	0.9436528313057537	up	3
17	4	HBQ1	17.717323	6.298466	3.0823692373218545e-70	1.1694508886399115e-66	0.06666666666666667	0.0014089638565190907	0.06525770281014757	up	4
17	5	SLC25A37	8.636271	1.9760776	5.807744822091287e-18	1.7627667084011475e-14	0.6476190476190476	0.3348438184912986	0.3127752291277491	up	5
17	6	PDZK1IP1	7.603867	4.035307	2.874100142547969e-14	7.269557293884663e-11	0.047619047619047616	0.00353806479525905	0.04408098282378857	up	6
17	7	MYL4	7.3592567	4.337011	1.849368785698869e-13	4.009431527395148e-10	0.02857142857142857	0.0014231958146657482	0.027148232756762824	up	7
17	8	CASC8	6.4472837	5.198142	1.1387253403926822e-10	2.160161970724918e-07	0.01904761904761905	0.0008339927473941284	0.01821362630022492	up	8
17	9	GRAP	5.0424733	2.201135	4.595529152135351e-07	0.00024907768004573603	0.0761904761904762	0.015441674589123369	0.06074880160135283	up	9
17	10	HEPACAM2	4.418355	4.479331	9.945505900706425e-06	0.002322046116140318	0.009523809523809525	0.00044119070254638196	0.009082618821263143	up	10
17	11	AQP3	4.301963	1.9320838	1.6929168459406957e-05	0.003133134884633658	0.0761904761904762	0.018894347635502472	0.05729612855497372	up	11
17	12	ASB14	4.1877384	4.979408	2.8174800776336586e-05	0.004453966422725875	0.009523809523809525	0.0004867329686156859	0.009037076555193839	up	12
17	13	BHLHE40-AS1	4.151949	2.9252815	3.29656150988824e-05	0.004694672343844331	0.02857142857142857	0.003760083342346907	0.024811345229081662	up	13
17	14	YBX3	4.0981703	0.95243526	4.1642923733429976e-05	0.005186350619635678	0.5714285714285714	0.41826301797211674	0.15316555345645466	up	14
17	15	FAM210B	4.0583763	1.318719	4.9415058375571846e-05	0.005742501756962018	0.3333333333333333	0.19886884396650367	0.13446448936682964	up	15
17	16	ACY3	3.9980533	1.6940382	6.386560024868504e-05	0.006684305857752028	0.09523809523809523	0.029283677082562437	0.0659544181555328	up	16
17	17	DMTN	3.9182284	2.1081119	8.920213700357478e-05	0.008314257642482148	0.05714285714285714	0.013346730349935387	0.043796126792921754	up	17
17	18	TWIST2	3.8794482	3.139209	0.00010469372074500435	0.00902137497607655	0.0380952380952381	0.006893960526240884	0.031201277568997213	up	18
17	19	FGF9	3.864155	2.2634137	0.00011147440449036504	0.009504132373852696	0.047619047619047616	0.010030684101764194	0.037588363517283424	up	19
17	20	PATL2	3.8114698	2.1759062	0.00013814288893901848	0.010942701314508184	0.06666666666666667	0.017809872424727174	0.04885679424193949	up	20
17	21	GPR83	3.7143695	4.1646185	0.00020371096110016927	0.012989569519563735	0.009523809523809525	0.0006034350254182772	0.008920374498391247	up	21
17	22	SLC25A45	3.6971357	1.6062053	0.0002180457635220669	0.01337719148063339	0.13333333333333333	0.0537711842697013	0.07956214906363203	up	22
17	23	NLRC3	3.6121342	2.124948	0.0003036872555919471	0.01613947954107362	0.047619047619047616	0.01093583663989161	0.03668321097915601	up	23
17	24	LINC01080	3.5812747	2.516488	0.0003419217377536681	0.017553384199805275	0.01904761904761905	0.002294191653241186	0.016753427394377865	up	24
17	25	TBX21	3.5791733	2.1632552	0.00034468295279006144	0.017553384199805275	0.0380952380952381	0.007631175958237742	0.030464062137000356	up	25
17	26	MAGED4B	3.5552418	4.291531	0.00037763152773550527	0.018486890531980736	0.009523809523809525	0.0006518236831169127	0.008871985840692612	up	26
17	27	PLS3-AS1	3.5374508	4.050938	0.00040400961046795515	0.019100466817637655	0.009523809523809525	0.0006575164663755757	0.008866293057433949	up	27
17	28	KCNA1	3.5156238	2.6994517	0.00043872204397824054	0.01975681228312694	0.02857142857142857	0.004818941028458224	0.023752487542970345	up	28
17	29	TRIM58	3.4928148	2.1064246	0.0004779578407892298	0.020724251976621005	0.047619047619047616	0.011439647958283285	0.03617939966076433	up	29
17	30	ART4	3.4525454	3.9785159	0.0005553240312255782	0.02242362704000573	0.009523809523809525	0.0006859803826688906	0.008837829141140634	up	30
17	31	ARG1	3.4513595	3.2926512	0.0005577698877270107	0.02242362704000573	0.009523809523809525	0.0006859803826688906	0.008837829141140634	up	31
17	32	SHISA8	3.3877838	2.9525957	0.0007045976894085807	0.025319438850298873	0.02857142857142857	0.005089348233244716	0.023482080338183855	up	32
17	33	ZBTB20-AS4	3.2951899	2.6841624	0.0009835519901616025	0.0305868545137141	0.02857142857142857	0.005285749255668589	0.02328567931575998	up	33
17	34	TESC	3.2703176	1.1514233	0.0010742683984719735	0.031357990814593485	0.08571428571428572	0.03037099868496707	0.05534328702931865	up	34
17	35	SH2D1A	3.2469149	1.6126035	0.0011666326786818999	0.03254562046264065	0.0761904761904762	0.02586800712736464	0.05032246906311155	up	35
17	36	IL2RB	3.2366602	1.3846627	0.0012093728190379527	0.03282298585722024	0.06666666666666667	0.02096082795839714	0.045705838708269525	up	36
17	37	ZAP70	3.1819458	1.7233018	0.0014628923352802614	0.03593397554388097	0.06666666666666667	0.021601266074996725	0.04506540059166994	up	37
17	38	ITK	3.094224	1.7861056	0.0019732853264782598	0.04205980072280066	0.0761904761904762	0.027467679223048942	0.048722796967427255	up	38
17	39	OGDHL	3.076786	2.807961	0.0020924538578706	0.04361961503714865	0.01904761904761905	0.002900473070288795	0.016147145977330253	up	39
17	40	PDCD1	3.0697832	1.8129411	0.0021421417296059206	0.04387198770377794	0.047619047619047616	0.0132755705592021	0.034343477059845515	up	40
17	41	RNF207	3.0550096	2.4555178	0.0022505328721405117	0.04488053464862603	0.02857142857142857	0.0058550275815348884	0.022716400989893682	up	41
17	42	NEB	3.0510323	1.5468707	0.0022805599134527476	0.04521439307857113	0.05714285714285714	0.017792794074951185	0.039350063067905956	up	42
17	43	FGF20	3.023461	2.00852	0.0024990110414991025	0.04699503291919502	0.06666666666666667	0.02305577219758512	0.04361089446908155	up	43
17	44	TRBC2	3.0160234	1.4668835	0.002561134083450054	0.047457595665980484	0.12380952380952381	0.05730355628170169	0.06650596752782212	up	44
17	45	MT-ND1	3.000689	0.5107637	0.002693694670243143	0.04876200480079181	0.8761904761904762	0.8310552712326583	0.045135204957817865	up	45
17	46	PCDHA6	2.967292	2.1337836	0.003004353506287096	0.05140255784826716	0.01904761904761905	0.0030484854350140327	0.015999133612605018	up	46
17	47	GYPC	2.9570003	0.6818592	0.003106479292243659	0.05244041127818662	0.5047619047619047	0.3763897507130211	0.12837215404888364	up	47
17	48	FAM83E	2.9477224	2.8025742	0.003201243554067738	0.05322472044346078	0.009523809523809525	0.0008966133632394214	0.008627196160570103	up	48
17	49	SCGB3A1	2.9315834	3.6678064	0.003372388738014851	0.054417722987562776	0.01904761904761905	0.0031224916173766518	0.015925127430242398	up	49
17	50	TRAC	2.9290028	1.0211488	0.003400514823567455	0.05466759847718188	0.14285714285714285	0.06915877741786737	0.07369836543927548	up	50
17	51	BCDIN3D-AS1	2.8836594	2.4724867	0.0039308377148789455	0.05859960035461972	0.02857142857142857	0.006304757458969265	0.022266671112459308	up	51
17	52	MT-ATP6	2.87964	0.58649987	0.003981293425111171	0.05911948044959602	0.9047619047619048	0.8503708848293019	0.05439101993260287	up	52
17	53	LINC00649	2.8745186	1.8712738	0.004046440062987818	0.05928404500562811	0.05714285714285714	0.019048052783486376	0.038094804359370765	up	53
17	54	PRDM1	2.8726456	1.1250069	0.004070504408003723	0.05928404500562811	0.26666666666666666	0.17390029659400777	0.0927663700726589	up	54
17	55	CST7	2.863443	1.2688234	0.004190642311144703	0.06011116134674298	0.12380952380952381	0.058777987145695404	0.06503153666382841	up	55
17	56	IGHM	2.8267698	1.5948496	0.00470201140702339	0.06422837543923218	0.0380952380952381	0.010266934606998708	0.027828303488239392	up	56
17	57	LINC01411	2.8208447	2.295318	0.004789739146020362	0.06472758796082369	0.0380952380952381	0.01036655831402531	0.027728679781212788	up	57
17	58	C20orf203	2.8020186	3.766295	0.005078393030064606	0.06629367435682888	0.009523809523809525	0.0009763123288607033	0.008547497194948822	up	58
17	59	CD3D	2.785688	1.2121509	0.005341426393000203	0.06863800757000092	0.14285714285714285	0.07348244630282191	0.06937469655432094	up	59
17	60	SIGLEC8	2.776179	0.9728573	0.005500189890703717	0.06996721021066188	0.18095238095238095	0.10044631420747918	0.08050606674490177	up	60
17	61	ZNF843	2.7512367	2.300259	0.005937074697421103	0.07343198501064602	0.0380952380952381	0.01067112221836378	0.02742411587687432	up	61
17	62	CD3G	2.7359576	0.9659108	0.006219904963764369	0.07516393700784246	0.11428571428571428	0.053002658529781796	0.061283055755932486	up	62
17	63	CD3E	2.7347026	1.1181391	0.006243668000407966	0.07516393700784246	0.12380952380952381	0.060056016987265246	0.06375350682225857	up	63
17	64	SPTBN4	2.7142944	1.2745413	0.006641712364094296	0.07807484650464372	0.05714285714285714	0.019984515629536438	0.0371583415133207	up	64
17	65	PLIN4	2.7078898	2.5908859	0.0067712522240111995	0.07892476788817006	0.009523809523809525	0.0010303937698180018	0.008493415753991523	up	65
17	66	SIDT1	2.669979	1.7885152	0.0075855961383514995	0.08436753066341547	0.05714285714285714	0.020476941381410787	0.03666591576144636	up	66
17	67	LINC01623	2.6673138	2.6771502	0.007646021931204883	0.08457436503496014	0.009523809523809525	0.0010560112944819852	0.00846779822932754	up	67
17	68	RBM20	2.665314	2.655515	0.007691648234191881	0.08489342080152434	0.01904761904761905	0.0035579895366643706	0.01548962951095468	up	68
17	69	MKRN2OS	2.6582208	2.6414347	0.00785543897475986	0.08595107561712735	0.009523809523809525	0.0010617040777406482	0.008462105446068877	up	69
17	70	IKZF1	2.6279628	0.9545494	0.008589790278907447	0.08990252225703407	0.26666666666666666	0.18391105595436666	0.0827556107123	up	70
17	71	NAMA	2.621079	3.4230034	0.008765198659906027	0.09072839548597768	0.009523809523809525	0.0010873216024046316	0.008436487921404893	up	71
17	72	SCNN1B	2.620864	1.3819704	0.00877072402404149	0.09072839548597768	0.02857142857142857	0.007064744024000774	0.021506684547427796	up	72
17	73	MAP1LC3C	2.612691	3.4367151	0.00898324737393387	0.0916126789935684	0.009523809523809525	0.0010930143856632947	0.00843079513814623	up	73
17	74	PCAT1	2.5967152	2.5812016	0.009411993024701526	0.09397131983083576	0.02857142857142857	0.007212756388726012	0.021358672182702557	up	74
17	75	TMEM213	2.583493	3.558055	0.009780543704191765	0.0960628803720328	0.009523809523809525	0.001112939127068615	0.00841087039674091	up	75
17	76	GIPR	2.5753145	2.2934964	0.010014895864686459	0.09705367793261922	0.01904761904761905	0.003725926642794929	0.01532169240482412	up	76
17	77	LINC01569	2.5685194	1.861905	0.010213400720237097	0.09788775790567888	0.0380952380952381	0.011485190224352588	0.02661004787088551	up	77
17	78	CXCR4	2.5645194	0.8071256	0.010331882458632726	0.09830510858445785	0.4380952380952381	0.3493291054929666	0.08876613260227151	up	78
17	79	DPPA4	2.5630753	2.1933136	0.01037495271672875	0.09854271142753801	0.009523809523809525	0.0011243246935859412	0.008399484830223583	up	79
17	80	WNT10A	2.5544055	2.7005486	0.010636929839130681	0.09976887962833575	0.01904761904761905	0.0037771616921228957	0.015270457355496155	up	80
17	81	LY6G6C	2.5380516	3.2809808	0.011147157077215265	0.10232881648389651	0.009523809523809525	0.0011442494349912615	0.008379560088818263	up	81
17	82	TNFRSF13C	2.5058272	1.483784	0.012216530864455875	0.10778957697615253	0.05714285714285714	0.02166673308247135	0.03547612406038579	up	82
17	83	SYT15	2.4983418	2.964645	0.012477581614311563	0.10951982566731769	0.01904761904761905	0.0038967101405548185	0.01515090890706423	up	83
17	84	TRIM60	2.4936767	3.0512693	0.012642766360616222	0.1103292903195788	0.009523809523809525	0.001175559742913908	0.008348249780895618	up	84
17	85	THBS1	2.4823976	1.2017596	0.013050154842767173	0.11265614094041278	0.13333333333333333	0.07226988346872669	0.06106344986460664	up	85
17	86	CD69	2.4706743	0.95562553	0.013485860917571618	0.11405085295215021	0.2761904761904762	0.1902044278468186	0.08598604834365761	up	86
17	87	MT-CO3	2.468846	0.4772852	0.01355495174635053	0.11406574476465094	0.9333333333333333	0.877152583669682	0.056180749663651386	up	87
17	88	MT-CYB	2.4610918	0.46807253	0.013851492122182318	0.11500934345277933	0.9047619047619048	0.8476895839144716	0.05707232084743319	up	88
17	89	GMPR	2.4495668	1.5056875	0.014302816155658747	0.11688720408092469	0.09523809523809523	0.04703946806633231	0.048198627171762924	up	89
17	90	NWD1	2.4488342	2.7936695	0.014331939722823607	0.11699920238492258	0.01904761904761905	0.0039991802392107525	0.015048438808408296	up	90
17	91	SYTL1	2.4460342	1.1942183	0.014443726080291137	0.11754775728525814	0.05714285714285714	0.0219513722454045	0.03519148489745264	up	91
17	92	GBP5	2.439588	1.3816767	0.014704022144551939	0.1183361544182743	0.0761904761904762	0.03368704493313826	0.04250343125733794	up	92
17	93	CASZ1	2.430267	2.092234	0.015087700359247568	0.11969207561523319	0.047619047619047616	0.017223515749084886	0.03039553186996273	up	93
17	94	NR4A2	2.4232306	0.67184675	0.01538315993061082	0.12113422624504526	0.37142857142857144	0.2619875783469296	0.10944099308164185	up	94
17	95	CDNF	2.4141164	2.4062402	0.01577341836697342	0.12252617626308031	0.01904761904761905	0.0040674936383147085	0.01498012540930434	up	95
17	96	CRYM	2.4111779	2.5139453	0.01590109322774012	0.12286626605584429	0.02857142857142857	0.007884504813248245	0.020686923758180327	up	96
17	97	LHX5-AS1	2.3905578	1.77224	0.01682279773857772	0.12620008822573184	0.02857142857142857	0.007901583163024235	0.020669845408404337	up	97
17	98	GZMA	2.382472	0.9819684	0.017196841254386766	0.1278191568138835	0.11428571428571428	0.059108168574697854	0.05517754571101643	up	98
17	99	FAAH2	2.3783307	2.1046662	0.01739121957446968	0.12843267555335858	0.01904761904761905	0.004138653429047996	0.014908965618571053	up	99
17	100	TRAF3IP3	2.3657563	1.0321165	0.01799328857226761	0.13109884905045105	0.14285714285714285	0.08167720780366729	0.06117993505347556	up	100
