cluster	metadata_column	metadata_value	n_cells	fraction_within_cluster
0	core_dataset	DS1_GSE103224	6607	0.10717645913765694
0	core_dataset	DS2_GSE141383	7202	0.116828342471531
0	core_dataset	DS3_GSE182109	34269	0.5558998150731597
0	core_dataset	DS4_GSE278450	13568	0.2200953833176524
1	core_dataset	DS1_GSE103224	1538	0.025722934889866367
1	core_dataset	DS2_GSE141383	808	0.01351373952601562
1	core_dataset	DS3_GSE182109	40039	0.6696492783194795
1	core_dataset	DS4_GSE278450	17406	0.29111404726463846
10	core_dataset	DS1_GSE103224	1	0.0001577287066246057
10	core_dataset	DS2_GSE141383	1	0.0001577287066246057
10	core_dataset	DS3_GSE182109	6192	0.9766561514195583
10	core_dataset	DS4_GSE278450	146	0.02302839116719243
11	core_dataset	DS1_GSE103224	1200	0.19408054342552158
11	core_dataset	DS2_GSE141383	777	0.12566715186802524
11	core_dataset	DS3_GSE182109	1760	0.284651463690765
11	core_dataset	DS4_GSE278450	2446	0.39560084101568815
12	core_dataset	DS1_GSE103224	40	0.0083281282531751
12	core_dataset	DS2_GSE141383	30	0.006246096189881324
12	core_dataset	DS3_GSE182109	4578	0.9531542785758901
12	core_dataset	DS4_GSE278450	155	0.032271496981053506
13	core_dataset	DS1_GSE103224	466	0.13067863151991027
13	core_dataset	DS2_GSE141383	85	0.023836231071228266
13	core_dataset	DS3_GSE182109	2943	0.8252944475602917
13	core_dataset	DS4_GSE278450	72	0.020190689848569827
14	core_dataset	DS1_GSE103224	506	0.19166666666666668
14	core_dataset	DS2_GSE141383	493	0.18674242424242424
14	core_dataset	DS3_GSE182109	1614	0.6113636363636363
14	core_dataset	DS4_GSE278450	27	0.010227272727272727
15	core_dataset	DS1_GSE103224	1	0.000856898029134533
15	core_dataset	DS2_GSE141383	0	0.0
15	core_dataset	DS3_GSE182109	1155	0.9897172236503856
15	core_dataset	DS4_GSE278450	11	0.009425878320479864
16	core_dataset	DS1_GSE103224	0	0.0
16	core_dataset	DS2_GSE141383	0	0.0
16	core_dataset	DS3_GSE182109	179	0.9781420765027322
16	core_dataset	DS4_GSE278450	4	0.02185792349726776
17	core_dataset	DS1_GSE103224	1	0.009523809523809525
17	core_dataset	DS2_GSE141383	3	0.02857142857142857
17	core_dataset	DS3_GSE182109	81	0.7714285714285715
17	core_dataset	DS4_GSE278450	20	0.19047619047619047
2	core_dataset	DS1_GSE103224	4444	0.11502821349070767
2	core_dataset	DS2_GSE141383	5082	0.13154216493244292
2	core_dataset	DS3_GSE182109	21352	0.552673810633121
2	core_dataset	DS4_GSE278450	7756	0.20075581094372832
3	core_dataset	DS1_GSE103224	417	0.011794654221467967
3	core_dataset	DS2_GSE141383	672	0.01900721255833687
3	core_dataset	DS3_GSE182109	26396	0.7465987837646726
3	core_dataset	DS4_GSE278450	7870	0.22259934945552257
4	core_dataset	DS1_GSE103224	2308	0.07016050583657588
4	core_dataset	DS2_GSE141383	2294	0.06973492217898833
4	core_dataset	DS3_GSE182109	12943	0.39345209143968873
4	core_dataset	DS4_GSE278450	15351	0.46665248054474706
5	core_dataset	DS1_GSE103224	104	0.004337490094674062
5	core_dataset	DS2_GSE141383	25	0.0010426658881428036
5	core_dataset	DS3_GSE182109	23187	0.9670517579346875
5	core_dataset	DS4_GSE278450	661	0.027568086082495724
6	core_dataset	DS1_GSE103224	392	0.0170858213834285
6	core_dataset	DS2_GSE141383	234	0.010199189295209868
6	core_dataset	DS3_GSE182109	14534	0.6334829795580351
6	core_dataset	DS4_GSE278450	7783	0.3392320097633265
7	core_dataset	DS1_GSE103224	4880	0.21664816870144285
7	core_dataset	DS2_GSE141383	2934	0.1302552719200888
7	core_dataset	DS3_GSE182109	8691	0.3858379578246393
7	core_dataset	DS4_GSE278450	6020	0.2672586015538291
8	core_dataset	DS1_GSE103224	172	0.011614558714295361
8	core_dataset	DS2_GSE141383	599	0.04044837598757512
8	core_dataset	DS3_GSE182109	5764	0.38922276993720034
8	core_dataset	DS4_GSE278450	8274	0.5587142953609292
9	core_dataset	DS1_GSE103224	130	0.009376803231390653
9	core_dataset	DS2_GSE141383	152	0.010963646855164455
9	core_dataset	DS3_GSE182109	13058	0.9418638199653779
9	core_dataset	DS4_GSE278450	524	0.03779572994806694
0	condition	GBM	27377	0.44410018492684034
0	condition	LGG	3975	0.06448106933134348
0	condition	ndGBM	18830	0.3054537196249554
0	condition	rGBM	11464	0.18596502611686078
1	condition	GBM	19752	0.3303507216805205
1	condition	LGG	6299	0.10535030355739158
1	condition	ndGBM	25506	0.4265859410279139
1	condition	rGBM	8234	0.13771303373417404
10	condition	GBM	148	0.02334384858044164
10	condition	LGG	2	0.0003154574132492114
10	condition	ndGBM	914	0.1441640378548896
10	condition	rGBM	5276	0.8321766561514196
11	condition	GBM	4423	0.715348536309235
11	condition	LGG	220	0.035581432961345624
11	condition	ndGBM	1241	0.20071162865922693
11	condition	rGBM	299	0.048358402070192465
12	condition	GBM	225	0.046845721424109935
12	condition	LGG	58	0.012075785967103894
12	condition	ndGBM	3058	0.6366854049552363
12	condition	rGBM	1462	0.3043930876535499
13	condition	GBM	623	0.17470555243970837
13	condition	LGG	36	0.010095344924284913
13	condition	ndGBM	2446	0.6859226023555804
13	condition	rGBM	461	0.12927650028042625
14	condition	GBM	1026	0.3886363636363636
14	condition	LGG	168	0.06363636363636363
14	condition	ndGBM	1002	0.3795454545454545
14	condition	rGBM	444	0.16818181818181818
15	condition	GBM	12	0.010282776349614395
15	condition	LGG	2	0.001713796058269066
15	condition	ndGBM	619	0.5304198800342759
15	condition	rGBM	534	0.45758354755784064
16	condition	GBM	4	0.02185792349726776
16	condition	LGG	3	0.01639344262295082
16	condition	ndGBM	122	0.6666666666666666
16	condition	rGBM	54	0.29508196721311475
17	condition	GBM	24	0.22857142857142856
17	condition	LGG	19	0.18095238095238095
17	condition	ndGBM	41	0.3904761904761905
17	condition	rGBM	21	0.2
2	condition	GBM	17282	0.4473261893668789
2	condition	LGG	283	0.007325154009421753
2	condition	ndGBM	10730	0.2777346378837294
2	condition	rGBM	10339	0.26761401873997
3	condition	GBM	8959	0.2534012162353274
3	condition	LGG	33	0.0009333899024183284
3	condition	ndGBM	5637	0.15943996605854902
3	condition	rGBM	20726	0.5862254278037052
4	condition	GBM	19953	0.6065479085603113
4	condition	LGG	38	0.0011551556420233463
4	condition	ndGBM	9476	0.28805933852140075
4	condition	rGBM	3429	0.1042375972762646
5	condition	GBM	790	0.03294824206531259
5	condition	LGG	151	0.006297701964382533
5	condition	ndGBM	8240	0.34366267673186807
5	condition	rGBM	14796	0.6170913792384368
6	condition	GBM	8409	0.3665170204419649
6	condition	LGG	208	0.009065946040186549
6	condition	ndGBM	7266	0.31669790349997823
6	condition	rGBM	7060	0.3077191300178704
7	condition	GBM	13834	0.6141620421753607
7	condition	LGG	507	0.02250832408435072
7	condition	ndGBM	4864	0.21593784683684794
7	condition	rGBM	3320	0.14739178690344062
8	condition	GBM	9045	0.6107772300627996
8	condition	LGG	1180	0.0796812749003984
8	condition	ndGBM	1241	0.08380039165372409
8	condition	rGBM	3343	0.22574110338307785
9	condition	GBM	806	0.058136180034622044
9	condition	LGG	305	0.02199942296595499
9	condition	ndGBM	11183	0.8066214656664743
9	condition	rGBM	1570	0.11324293133294865
0	patient_id	01	9701	0.15736625247380204
0	patient_id	02	4555	0.07388962787528794
0	patient_id	03	4938	0.08010252084482367
0	patient_id	04	11437	0.1855270414949875
0	patient_id	05	2560	0.0415274308146514
0	patient_id	06	404	0.006553547675437174
0	patient_id	07	28	0.00045420627453524964
0	patient_id	08	271	0.004396067871394738
0	patient_id	09	358	0.005807351652986406
0	patient_id	10	1	1.6221652661973202e-05
0	patient_id	11	16	0.00025954644259157123
0	patient_id	GSM8546833_BT356	403	0.0065373260227752005
0	patient_id	GSM8546834_BT363	2635	0.042744054764299384
0	patient_id	GSM8546835_BT364	1860	0.030172273951270156
0	patient_id	GSM8546836_BT368	426	0.006910424034000584
0	patient_id	GSM8546837_BT369	901	0.014615709048437855
0	patient_id	GSM8546838_BT373	798	0.012944878824254616
0	patient_id	GSM8546839_BT374	757	0.012279791065113713
0	patient_id	GSM8546840_BT377	353	0.00572624338967654
0	patient_id	GSM8546841_BT380	270	0.004379846218732764
0	patient_id	GSM8546842_BT389A	128	0.00207637154073257
0	patient_id	GSM8546843_BT389	219	0.003552541932972131
0	patient_id	GSM8546844_BT390	319	0.0051747071991694515
0	patient_id	GSM8546845_BT396	332	0.005385588683775103
0	patient_id	GSM8546846_BT397	189	0.0030658923531129353
0	patient_id	GSM8546847_BT400	2281	0.037001589721960874
0	patient_id	GSM8546848_BT402	764	0.012393342633747527
0	patient_id	GSM8546849_BT407	34	0.0005515361905070889
0	patient_id	GSM8546850_BT408	0	0.0
0	patient_id	GSM8546851_BT409	309	0.0050124906725497196
0	patient_id	GSM8546852_BT419	34	0.0005515361905070889
0	patient_id	GSM8546853_BT420	533	0.008646140868831717
0	patient_id	GSM8546854_BT426	23	0.0003730980112253836
0	patient_id	PDC001	1985	0.032199980534016806
0	patient_id	PJ016	263	0.0042662946500989524
0	patient_id	PJ017	34	0.0005515361905070889
0	patient_id	PJ018	564	0.009149012101352886
0	patient_id	PJ025	2847	0.046183045128637704
0	patient_id	PJ030	971	0.015751224734775977
0	patient_id	PJ032	205	0.003325438795704506
0	patient_id	PJ035	1112	0.0180384777601142
0	patient_id	PJ048	611	0.009911429776465626
0	patient_id	PJ052	948	0.015378126723550595
0	patient_id	PJ053	590	0.009570775070564188
0	patient_id	PW016-703	190	0.0030821140057749083
0	patient_id	PW017-703	267	0.004331181260746845
0	patient_id	PW032-706	2446	0.03967816241118645
0	patient_id	PW032-710	153	0.0024819128572818997
0	patient_id	PW035-710	594	0.009635661681212082
0	patient_id	PW039-705	29	0.00047042792719722285
1	patient_id	01	8881	0.14853406031008012
1	patient_id	02	5379	0.08996337241390845
1	patient_id	03	8795	0.14709571674666755
1	patient_id	04	6106	0.10212239300229131
1	patient_id	05	1640	0.02742887725577428
1	patient_id	06	16	0.0002675988024953588
1	patient_id	07	1536	0.025689485039554448
1	patient_id	08	2134	0.03569099028281848
1	patient_id	09	1517	0.025371711461591208
1	patient_id	10	11	0.0001839741767155592
1	patient_id	11	4024	0.06730109882758274
1	patient_id	GSM8546833_BT356	1	1.6724925155959926e-05
1	patient_id	GSM8546834_BT363	62	0.0010369453596695156
1	patient_id	GSM8546835_BT364	212	0.0035456841330635046
1	patient_id	GSM8546836_BT368	41	0.000685721931394357
1	patient_id	GSM8546837_BT369	342	0.005719924403338295
1	patient_id	GSM8546838_BT373	213	0.0035624090582194643
1	patient_id	GSM8546839_BT374	71	0.001187469686073155
1	patient_id	GSM8546840_BT377	2003	0.03350002508738773
1	patient_id	GSM8546841_BT380	1233	0.02062183271729859
1	patient_id	GSM8546842_BT389A	531	0.00888093525781472
1	patient_id	GSM8546843_BT389	1586	0.026525731297352445
1	patient_id	GSM8546844_BT390	835	0.013965312505226538
1	patient_id	GSM8546845_BT396	1053	0.0176113461892258
1	patient_id	GSM8546846_BT397	1447	0.024200966700674016
1	patient_id	GSM8546847_BT400	348	0.005820273954274055
1	patient_id	GSM8546848_BT402	2861	0.04785001087120135
1	patient_id	GSM8546849_BT407	2279	0.038116104430432673
1	patient_id	GSM8546850_BT408	546	0.00913180913515412
1	patient_id	GSM8546851_BT409	771	0.012894917295245103
1	patient_id	GSM8546852_BT419	521	0.008713686006255121
1	patient_id	GSM8546853_BT420	46	0.0007693465571741566
1	patient_id	GSM8546854_BT426	404	0.00675686976300781
1	patient_id	PDC001	152	0.002542188623705909
1	patient_id	PJ016	1	1.6724925155959926e-05
1	patient_id	PJ017	133	0.0022244150457426705
1	patient_id	PJ018	23	0.0003846732785870783
1	patient_id	PJ025	65	0.0010871201351373952
1	patient_id	PJ030	322	0.005385425900219096
1	patient_id	PJ032	557	0.009315783311869679
1	patient_id	PJ035	433	0.0072418925925306485
1	patient_id	PJ048	4	6.68997006238397e-05
1	patient_id	PJ052	21	0.00035122342827515846
1	patient_id	PJ053	21	0.00035122342827515846
1	patient_id	PW016-703	143	0.0023916642973022696
1	patient_id	PW017-703	238	0.003980532187118462
1	patient_id	PW032-706	6	0.00010034955093575956
1	patient_id	PW032-710	194	0.003244635480256226
1	patient_id	PW035-710	16	0.0002675988024953588
1	patient_id	PW039-705	17	0.00028432372765131877
10	patient_id	01	247	0.038958990536277605
10	patient_id	02	5163	0.8143533123028391
10	patient_id	03	99	0.015615141955835962
10	patient_id	04	125	0.01971608832807571
10	patient_id	05	158	0.024921135646687697
10	patient_id	06	3	0.00047318611987381704
10	patient_id	07	163	0.025709779179810724
10	patient_id	08	36	0.0056782334384858045
10	patient_id	09	198	0.031230283911671923
10	patient_id	10	0	0.0
10	patient_id	11	0	0.0
10	patient_id	GSM8546833_BT356	1	0.0001577287066246057
10	patient_id	GSM8546834_BT363	1	0.0001577287066246057
10	patient_id	GSM8546835_BT364	5	0.0007886435331230284
10	patient_id	GSM8546836_BT368	2	0.0003154574132492114
10	patient_id	GSM8546837_BT369	9	0.0014195583596214511
10	patient_id	GSM8546838_BT373	4	0.0006309148264984228
10	patient_id	GSM8546839_BT374	0	0.0
10	patient_id	GSM8546840_BT377	1	0.0001577287066246057
10	patient_id	GSM8546841_BT380	2	0.0003154574132492114
10	patient_id	GSM8546842_BT389A	3	0.00047318611987381704
10	patient_id	GSM8546843_BT389	7	0.0011041009463722397
10	patient_id	GSM8546844_BT390	3	0.00047318611987381704
10	patient_id	GSM8546845_BT396	1	0.0001577287066246057
10	patient_id	GSM8546846_BT397	29	0.004574132492113565
10	patient_id	GSM8546847_BT400	0	0.0
10	patient_id	GSM8546848_BT402	10	0.0015772870662460567
10	patient_id	GSM8546849_BT407	27	0.004258675078864353
10	patient_id	GSM8546850_BT408	13	0.002050473186119874
10	patient_id	GSM8546851_BT409	2	0.0003154574132492114
10	patient_id	GSM8546852_BT419	18	0.0028391167192429023
10	patient_id	GSM8546853_BT420	1	0.0001577287066246057
10	patient_id	GSM8546854_BT426	7	0.0011041009463722397
10	patient_id	PDC001	0	0.0
10	patient_id	PJ016	0	0.0
10	patient_id	PJ017	1	0.0001577287066246057
10	patient_id	PJ018	0	0.0
10	patient_id	PJ025	0	0.0
10	patient_id	PJ030	0	0.0
10	patient_id	PJ032	0	0.0
10	patient_id	PJ035	0	0.0
10	patient_id	PJ048	0	0.0
10	patient_id	PJ052	0	0.0
10	patient_id	PJ053	0	0.0
10	patient_id	PW016-703	0	0.0
10	patient_id	PW017-703	1	0.0001577287066246057
10	patient_id	PW032-706	0	0.0
10	patient_id	PW032-710	0	0.0
10	patient_id	PW035-710	0	0.0
10	patient_id	PW039-705	0	0.0
11	patient_id	01	381	0.061620572537603106
11	patient_id	02	270	0.043668122270742356
11	patient_id	03	34	0.005498948730389778
11	patient_id	04	385	0.062267507682354846
11	patient_id	05	61	0.009865760957464014
11	patient_id	06	9	0.001455604075691412
11	patient_id	07	0	0.0
11	patient_id	08	615	0.09946627850557982
11	patient_id	09	5	0.0008086689309396733
11	patient_id	10	0	0.0
11	patient_id	11	0	0.0
11	patient_id	GSM8546833_BT356	16	0.0025877405790069546
11	patient_id	GSM8546834_BT363	41	0.006631085233705321
11	patient_id	GSM8546835_BT364	26	0.0042050784408863015
11	patient_id	GSM8546836_BT368	956	0.15461749959566554
11	patient_id	GSM8546837_BT369	7	0.0011321365033155426
11	patient_id	GSM8546838_BT373	123	0.019893255701115962
11	patient_id	GSM8546839_BT374	1	0.00016173378618793466
11	patient_id	GSM8546840_BT377	131	0.021187125990619442
11	patient_id	GSM8546841_BT380	9	0.001455604075691412
11	patient_id	GSM8546842_BT389A	3	0.00048520135856380397
11	patient_id	GSM8546843_BT389	314	0.050784408863011485
11	patient_id	GSM8546844_BT390	13	0.0021025392204431508
11	patient_id	GSM8546845_BT396	64	0.010350962316027819
11	patient_id	GSM8546846_BT397	92	0.014879508329289989
11	patient_id	GSM8546847_BT400	148	0.023936600355814328
11	patient_id	GSM8546848_BT402	15	0.0024260067928190197
11	patient_id	GSM8546849_BT407	5	0.0008086689309396733
11	patient_id	GSM8546850_BT408	0	0.0
11	patient_id	GSM8546851_BT409	44	0.007116286592269125
11	patient_id	GSM8546852_BT419	2	0.00032346757237586933
11	patient_id	GSM8546853_BT420	436	0.07051593077793951
11	patient_id	GSM8546854_BT426	0	0.0
11	patient_id	PDC001	3	0.00048520135856380397
11	patient_id	PJ016	105	0.016982047549733138
11	patient_id	PJ017	15	0.0024260067928190197
11	patient_id	PJ018	150	0.024260067928190198
11	patient_id	PJ025	2	0.00032346757237586933
11	patient_id	PJ030	42	0.006792819019893256
11	patient_id	PJ032	0	0.0
11	patient_id	PJ035	84	0.013585638039786511
11	patient_id	PJ048	802	0.1297104965227236
11	patient_id	PJ052	29	0.004690279799450105
11	patient_id	PJ053	457	0.07391234028788614
11	patient_id	PW016-703	247	0.03994824518841986
11	patient_id	PW017-703	19	0.0030729419375707585
11	patient_id	PW032-706	13	0.0021025392204431508
11	patient_id	PW032-710	0	0.0
11	patient_id	PW035-710	0	0.0
11	patient_id	PW039-705	9	0.001455604075691412
12	patient_id	01	469	0.09764730376847804
12	patient_id	02	546	0.1136789506558401
12	patient_id	03	704	0.14657505725588174
12	patient_id	04	514	0.10701644805330002
12	patient_id	05	441	0.09181761399125546
12	patient_id	06	1757	0.3658130335207162
12	patient_id	07	92	0.01915469498230273
12	patient_id	08	30	0.006246096189881324
12	patient_id	09	17	0.003539454507599417
12	patient_id	10	0	0.0
12	patient_id	11	8	0.0016656256506350198
12	patient_id	GSM8546833_BT356	10	0.002082032063293775
12	patient_id	GSM8546834_BT363	8	0.0016656256506350198
12	patient_id	GSM8546835_BT364	33	0.006870705808869456
12	patient_id	GSM8546836_BT368	0	0.0
12	patient_id	GSM8546837_BT369	4	0.0008328128253175099
12	patient_id	GSM8546838_BT373	11	0.002290235269623152
12	patient_id	GSM8546839_BT374	39	0.008119925046845722
12	patient_id	GSM8546840_BT377	0	0.0
12	patient_id	GSM8546841_BT380	6	0.0012492192379762648
12	patient_id	GSM8546842_BT389A	2	0.00041640641265875496
12	patient_id	GSM8546843_BT389	0	0.0
12	patient_id	GSM8546844_BT390	4	0.0008328128253175099
12	patient_id	GSM8546845_BT396	1	0.00020820320632937748
12	patient_id	GSM8546846_BT397	0	0.0
12	patient_id	GSM8546847_BT400	22	0.004580470539246304
12	patient_id	GSM8546848_BT402	0	0.0
12	patient_id	GSM8546849_BT407	1	0.00020820320632937748
12	patient_id	GSM8546850_BT408	0	0.0
12	patient_id	GSM8546851_BT409	0	0.0
12	patient_id	GSM8546852_BT419	4	0.0008328128253175099
12	patient_id	GSM8546853_BT420	0	0.0
12	patient_id	GSM8546854_BT426	10	0.002082032063293775
12	patient_id	PDC001	0	0.0
12	patient_id	PJ016	17	0.003539454507599417
12	patient_id	PJ017	3	0.0006246096189881324
12	patient_id	PJ018	0	0.0
12	patient_id	PJ025	6	0.0012492192379762648
12	patient_id	PJ030	3	0.0006246096189881324
12	patient_id	PJ032	6	0.0012492192379762648
12	patient_id	PJ035	2	0.00041640641265875496
12	patient_id	PJ048	3	0.0006246096189881324
12	patient_id	PJ052	1	0.00020820320632937748
12	patient_id	PJ053	7	0.0014574224443056423
12	patient_id	PW016-703	0	0.0
12	patient_id	PW017-703	3	0.0006246096189881324
12	patient_id	PW032-706	6	0.0012492192379762648
12	patient_id	PW032-710	5	0.0010410160316468874
12	patient_id	PW035-710	2	0.00041640641265875496
12	patient_id	PW039-705	6	0.0012492192379762648
13	patient_id	01	56	0.015703869882220976
13	patient_id	02	2234	0.6264722378014582
13	patient_id	03	35	0.00981491867638811
13	patient_id	04	29	0.008132361189007292
13	patient_id	05	316	0.0886146943353898
13	patient_id	06	41	0.011497476163768929
13	patient_id	07	2	0.0005608524957936063
13	patient_id	08	167	0.04683118339876612
13	patient_id	09	60	0.01682557487380819
13	patient_id	10	0	0.0
13	patient_id	11	3	0.0008412787436904094
13	patient_id	GSM8546833_BT356	34	0.009534492428491307
13	patient_id	GSM8546834_BT363	5	0.0014021312394840158
13	patient_id	GSM8546835_BT364	0	0.0
13	patient_id	GSM8546836_BT368	3	0.0008412787436904094
13	patient_id	GSM8546837_BT369	0	0.0
13	patient_id	GSM8546838_BT373	1	0.00028042624789680314
13	patient_id	GSM8546839_BT374	0	0.0
13	patient_id	GSM8546840_BT377	0	0.0
13	patient_id	GSM8546841_BT380	0	0.0
13	patient_id	GSM8546842_BT389A	12	0.0033651149747616375
13	patient_id	GSM8546843_BT389	0	0.0
13	patient_id	GSM8546844_BT390	0	0.0
13	patient_id	GSM8546845_BT396	0	0.0
13	patient_id	GSM8546846_BT397	0	0.0
13	patient_id	GSM8546847_BT400	8	0.002243409983174425
13	patient_id	GSM8546848_BT402	1	0.00028042624789680314
13	patient_id	GSM8546849_BT407	0	0.0
13	patient_id	GSM8546850_BT408	0	0.0
13	patient_id	GSM8546851_BT409	0	0.0
13	patient_id	GSM8546852_BT419	0	0.0
13	patient_id	GSM8546853_BT420	0	0.0
13	patient_id	GSM8546854_BT426	8	0.002243409983174425
13	patient_id	PDC001	23	0.006449803701626472
13	patient_id	PJ016	1	0.00028042624789680314
13	patient_id	PJ017	4	0.0011217049915872126
13	patient_id	PJ018	21	0.005888951205832866
13	patient_id	PJ025	218	0.061132922041503085
13	patient_id	PJ030	111	0.031127313516545147
13	patient_id	PJ032	10	0.0028042624789680315
13	patient_id	PJ035	69	0.019349411104879418
13	patient_id	PJ048	32	0.0089736399326977
13	patient_id	PJ052	1	0.00028042624789680314
13	patient_id	PJ053	12	0.0033651149747616375
13	patient_id	PW016-703	1	0.00028042624789680314
13	patient_id	PW017-703	7	0.001962983735277622
13	patient_id	PW032-706	12	0.0033651149747616375
13	patient_id	PW032-710	29	0.008132361189007292
13	patient_id	PW035-710	0	0.0
13	patient_id	PW039-705	0	0.0
14	patient_id	01	32	0.012121212121212121
14	patient_id	02	638	0.24166666666666667
14	patient_id	03	183	0.06931818181818182
14	patient_id	04	95	0.03598484848484849
14	patient_id	05	424	0.1606060606060606
14	patient_id	06	8	0.0030303030303030303
14	patient_id	07	6	0.0022727272727272726
14	patient_id	08	202	0.07651515151515151
14	patient_id	09	18	0.006818181818181818
14	patient_id	10	0	0.0
14	patient_id	11	8	0.0030303030303030303
14	patient_id	GSM8546833_BT356	5	0.001893939393939394
14	patient_id	GSM8546834_BT363	10	0.003787878787878788
14	patient_id	GSM8546835_BT364	0	0.0
14	patient_id	GSM8546836_BT368	0	0.0
14	patient_id	GSM8546837_BT369	3	0.0011363636363636363
14	patient_id	GSM8546838_BT373	0	0.0
14	patient_id	GSM8546839_BT374	0	0.0
14	patient_id	GSM8546840_BT377	1	0.0003787878787878788
14	patient_id	GSM8546841_BT380	0	0.0
14	patient_id	GSM8546842_BT389A	1	0.0003787878787878788
14	patient_id	GSM8546843_BT389	0	0.0
14	patient_id	GSM8546844_BT390	0	0.0
14	patient_id	GSM8546845_BT396	0	0.0
14	patient_id	GSM8546846_BT397	0	0.0
14	patient_id	GSM8546847_BT400	2	0.0007575757575757576
14	patient_id	GSM8546848_BT402	0	0.0
14	patient_id	GSM8546849_BT407	0	0.0
14	patient_id	GSM8546850_BT408	4	0.0015151515151515152
14	patient_id	GSM8546851_BT409	0	0.0
14	patient_id	GSM8546852_BT419	0	0.0
14	patient_id	GSM8546853_BT420	1	0.0003787878787878788
14	patient_id	GSM8546854_BT426	0	0.0
14	patient_id	PDC001	223	0.08446969696969697
14	patient_id	PJ016	7	0.0026515151515151517
14	patient_id	PJ017	8	0.0030303030303030303
14	patient_id	PJ018	10	0.003787878787878788
14	patient_id	PJ025	148	0.05606060606060606
14	patient_id	PJ030	233	0.08825757575757576
14	patient_id	PJ032	1	0.0003787878787878788
14	patient_id	PJ035	71	0.026893939393939394
14	patient_id	PJ048	28	0.010606060606060607
14	patient_id	PJ052	10	0.003787878787878788
14	patient_id	PJ053	73	0.027651515151515153
14	patient_id	PW016-703	0	0.0
14	patient_id	PW017-703	3	0.0011363636363636363
14	patient_id	PW032-706	160	0.06060606060606061
14	patient_id	PW032-710	21	0.007954545454545454
14	patient_id	PW035-710	1	0.0003787878787878788
14	patient_id	PW039-705	2	0.0007575757575757576
15	patient_id	01	89	0.07626392459297343
15	patient_id	02	443	0.3796058269065981
15	patient_id	03	50	0.04284490145672665
15	patient_id	04	15	0.012853470437017995
15	patient_id	05	7	0.005998286203941731
15	patient_id	06	0	0.0
15	patient_id	07	434	0.3718937446443873
15	patient_id	08	2	0.001713796058269066
15	patient_id	09	115	0.09854327335047129
15	patient_id	10	0	0.0
15	patient_id	11	0	0.0
15	patient_id	GSM8546833_BT356	0	0.0
15	patient_id	GSM8546834_BT363	0	0.0
15	patient_id	GSM8546835_BT364	0	0.0
15	patient_id	GSM8546836_BT368	0	0.0
15	patient_id	GSM8546837_BT369	3	0.002570694087403599
15	patient_id	GSM8546838_BT373	1	0.000856898029134533
15	patient_id	GSM8546839_BT374	0	0.0
15	patient_id	GSM8546840_BT377	0	0.0
15	patient_id	GSM8546841_BT380	0	0.0
15	patient_id	GSM8546842_BT389A	0	0.0
15	patient_id	GSM8546843_BT389	1	0.000856898029134533
15	patient_id	GSM8546844_BT390	0	0.0
15	patient_id	GSM8546845_BT396	0	0.0
15	patient_id	GSM8546846_BT397	2	0.001713796058269066
15	patient_id	GSM8546847_BT400	0	0.0
15	patient_id	GSM8546848_BT402	1	0.000856898029134533
15	patient_id	GSM8546849_BT407	2	0.001713796058269066
15	patient_id	GSM8546850_BT408	0	0.0
15	patient_id	GSM8546851_BT409	0	0.0
15	patient_id	GSM8546852_BT419	0	0.0
15	patient_id	GSM8546853_BT420	1	0.000856898029134533
15	patient_id	GSM8546854_BT426	0	0.0
15	patient_id	PDC001	0	0.0
15	patient_id	PJ016	0	0.0
15	patient_id	PJ017	0	0.0
15	patient_id	PJ018	0	0.0
15	patient_id	PJ025	0	0.0
15	patient_id	PJ030	0	0.0
15	patient_id	PJ032	0	0.0
15	patient_id	PJ035	0	0.0
15	patient_id	PJ048	1	0.000856898029134533
15	patient_id	PJ052	0	0.0
15	patient_id	PJ053	0	0.0
15	patient_id	PW016-703	0	0.0
15	patient_id	PW017-703	0	0.0
15	patient_id	PW032-706	0	0.0
15	patient_id	PW032-710	0	0.0
15	patient_id	PW035-710	0	0.0
15	patient_id	PW039-705	0	0.0
16	patient_id	01	2	0.01092896174863388
16	patient_id	02	50	0.273224043715847
16	patient_id	03	3	0.01639344262295082
16	patient_id	04	2	0.01092896174863388
16	patient_id	05	2	0.01092896174863388
16	patient_id	06	0	0.0
16	patient_id	07	113	0.6174863387978142
16	patient_id	08	0	0.0
16	patient_id	09	7	0.03825136612021858
16	patient_id	10	0	0.0
16	patient_id	11	0	0.0
16	patient_id	GSM8546833_BT356	0	0.0
16	patient_id	GSM8546834_BT363	0	0.0
16	patient_id	GSM8546835_BT364	0	0.0
16	patient_id	GSM8546836_BT368	0	0.0
16	patient_id	GSM8546837_BT369	3	0.01639344262295082
16	patient_id	GSM8546838_BT373	0	0.0
16	patient_id	GSM8546839_BT374	0	0.0
16	patient_id	GSM8546840_BT377	0	0.0
16	patient_id	GSM8546841_BT380	0	0.0
16	patient_id	GSM8546842_BT389A	0	0.0
16	patient_id	GSM8546843_BT389	0	0.0
16	patient_id	GSM8546844_BT390	0	0.0
16	patient_id	GSM8546845_BT396	0	0.0
16	patient_id	GSM8546846_BT397	1	0.00546448087431694
16	patient_id	GSM8546847_BT400	0	0.0
16	patient_id	GSM8546848_BT402	0	0.0
16	patient_id	GSM8546849_BT407	0	0.0
16	patient_id	GSM8546850_BT408	0	0.0
16	patient_id	GSM8546851_BT409	0	0.0
16	patient_id	GSM8546852_BT419	0	0.0
16	patient_id	GSM8546853_BT420	0	0.0
16	patient_id	GSM8546854_BT426	0	0.0
16	patient_id	PDC001	0	0.0
16	patient_id	PJ016	0	0.0
16	patient_id	PJ017	0	0.0
16	patient_id	PJ018	0	0.0
16	patient_id	PJ025	0	0.0
16	patient_id	PJ030	0	0.0
16	patient_id	PJ032	0	0.0
16	patient_id	PJ035	0	0.0
16	patient_id	PJ048	0	0.0
16	patient_id	PJ052	0	0.0
16	patient_id	PJ053	0	0.0
16	patient_id	PW016-703	0	0.0
16	patient_id	PW017-703	0	0.0
16	patient_id	PW032-706	0	0.0
16	patient_id	PW032-710	0	0.0
16	patient_id	PW035-710	0	0.0
16	patient_id	PW039-705	0	0.0
17	patient_id	01	1	0.009523809523809525
17	patient_id	02	41	0.3904761904761905
17	patient_id	03	4	0.0380952380952381
17	patient_id	04	24	0.22857142857142856
17	patient_id	05	3	0.02857142857142857
17	patient_id	06	0	0.0
17	patient_id	07	0	0.0
17	patient_id	08	1	0.009523809523809525
17	patient_id	09	0	0.0
17	patient_id	10	0	0.0
17	patient_id	11	7	0.06666666666666667
17	patient_id	GSM8546833_BT356	2	0.01904761904761905
17	patient_id	GSM8546834_BT363	2	0.01904761904761905
17	patient_id	GSM8546835_BT364	2	0.01904761904761905
17	patient_id	GSM8546836_BT368	0	0.0
17	patient_id	GSM8546837_BT369	1	0.009523809523809525
17	patient_id	GSM8546838_BT373	2	0.01904761904761905
17	patient_id	GSM8546839_BT374	0	0.0
17	patient_id	GSM8546840_BT377	0	0.0
17	patient_id	GSM8546841_BT380	0	0.0
17	patient_id	GSM8546842_BT389A	4	0.0380952380952381
17	patient_id	GSM8546843_BT389	0	0.0
17	patient_id	GSM8546844_BT390	0	0.0
17	patient_id	GSM8546845_BT396	0	0.0
17	patient_id	GSM8546846_BT397	0	0.0
17	patient_id	GSM8546847_BT400	0	0.0
17	patient_id	GSM8546848_BT402	1	0.009523809523809525
17	patient_id	GSM8546849_BT407	1	0.009523809523809525
17	patient_id	GSM8546850_BT408	2	0.01904761904761905
17	patient_id	GSM8546851_BT409	0	0.0
17	patient_id	GSM8546852_BT419	0	0.0
17	patient_id	GSM8546853_BT420	1	0.009523809523809525
17	patient_id	GSM8546854_BT426	2	0.01904761904761905
17	patient_id	PDC001	0	0.0
17	patient_id	PJ016	0	0.0
17	patient_id	PJ017	0	0.0
17	patient_id	PJ018	0	0.0
17	patient_id	PJ025	1	0.009523809523809525
17	patient_id	PJ030	0	0.0
17	patient_id	PJ032	0	0.0
17	patient_id	PJ035	0	0.0
17	patient_id	PJ048	0	0.0
17	patient_id	PJ052	0	0.0
17	patient_id	PJ053	0	0.0
17	patient_id	PW016-703	0	0.0
17	patient_id	PW017-703	0	0.0
17	patient_id	PW032-706	0	0.0
17	patient_id	PW032-710	1	0.009523809523809525
17	patient_id	PW035-710	1	0.009523809523809525
17	patient_id	PW039-705	1	0.009523809523809525
2	patient_id	01	5195	0.13446704974892582
2	patient_id	02	1736	0.0449345136408345
2	patient_id	03	2432	0.06294973339545477
2	patient_id	04	9286	0.24035823368017808
2	patient_id	05	2117	0.05479629342030336
2	patient_id	06	82	0.002122482787182275
2	patient_id	07	137	0.0035460992907801418
2	patient_id	08	279	0.007221618263705544
2	patient_id	09	88	0.0022777864057565876
2	patient_id	10	0	0.0
2	patient_id	11	0	0.0
2	patient_id	GSM8546833_BT356	677	0.017523424962468292
2	patient_id	GSM8546834_BT363	547	0.014158513226691516
2	patient_id	GSM8546835_BT364	765	0.01980121136822488
2	patient_id	GSM8546836_BT368	439	0.011363048092353886
2	patient_id	GSM8546837_BT369	282	0.0072992700729927005
2	patient_id	GSM8546838_BT373	796	0.020603613397525495
2	patient_id	GSM8546839_BT374	154	0.003986126210074028
2	patient_id	GSM8546840_BT377	181	0.004684992493658436
2	patient_id	GSM8546841_BT380	167	0.004322617383651706
2	patient_id	GSM8546842_BT389A	102	0.0026401615157633173
2	patient_id	GSM8546843_BT389	347	0.00898172594088109
2	patient_id	GSM8546844_BT390	175	0.004529688875084123
2	patient_id	GSM8546845_BT396	113	0.002924884816482891
2	patient_id	GSM8546846_BT397	214	0.005539162395817156
2	patient_id	GSM8546847_BT400	1700	0.04400269192938862
2	patient_id	GSM8546848_BT402	248	0.006419216234404928
2	patient_id	GSM8546849_BT407	18	0.00046591085572293835
2	patient_id	GSM8546850_BT408	3	7.765180928715639e-05
2	patient_id	GSM8546851_BT409	355	0.009188797432313506
2	patient_id	GSM8546852_BT419	22	0.0005694466014391469
2	patient_id	GSM8546853_BT420	449	0.011621887456644407
2	patient_id	GSM8546854_BT426	2	5.1767872858104264e-05
2	patient_id	PDC001	1976	0.05114665838380701
2	patient_id	PJ016	602	0.015582129730289383
2	patient_id	PJ017	9	0.00023295542786146918
2	patient_id	PJ018	514	0.013304343324532794
2	patient_id	PJ025	782	0.020241238287518767
2	patient_id	PJ030	362	0.009369984987316872
2	patient_id	PJ032	5	0.00012941968214526066
2	patient_id	PJ035	1181	0.030568928922710566
2	patient_id	PJ048	989	0.025599213128332556
2	patient_id	PJ052	249	0.00644510017083398
2	patient_id	PJ053	290	0.0075063415644251175
2	patient_id	PW016-703	406	0.010508878190195164
2	patient_id	PW017-703	274	0.0070921985815602835
2	patient_id	PW032-706	1581	0.040922503494331415
2	patient_id	PW032-710	120	0.0031060723714862555
2	patient_id	PW035-710	184	0.004762644302945592
2	patient_id	PW039-705	2	5.1767872858104264e-05
3	patient_id	01	16621	0.47011738085136473
3	patient_id	02	3753	0.10615188799321171
3	patient_id	03	819	0.023165040305473058
3	patient_id	04	1083	0.030632159524819687
3	patient_id	05	1958	0.05538113421015415
3	patient_id	06	57	0.0016122189223589309
3	patient_id	07	1070	0.03026446047235186
3	patient_id	08	604	0.017083863668505162
3	patient_id	09	428	0.012105784188940745
3	patient_id	10	2	5.65690849950502e-05
3	patient_id	11	1	2.82845424975251e-05
3	patient_id	GSM8546833_BT356	18	0.0005091217649554518
3	patient_id	GSM8546834_BT363	115	0.003252722387215387
3	patient_id	GSM8546835_BT364	164	0.004638664969594117
3	patient_id	GSM8546836_BT368	49	0.0013859425823787301
3	patient_id	GSM8546837_BT369	152	0.004299250459623816
3	patient_id	GSM8546838_BT373	642	0.018158676283411116
3	patient_id	GSM8546839_BT374	102	0.0028850233347475604
3	patient_id	GSM8546840_BT377	472	0.013350304058831848
3	patient_id	GSM8546841_BT380	1121	0.03170697213972564
3	patient_id	GSM8546842_BT389A	846	0.023928722952906236
3	patient_id	GSM8546843_BT389	488	0.01380285673879225
3	patient_id	GSM8546844_BT390	626	0.017706123603450714
3	patient_id	GSM8546845_BT396	99	0.002800169707254985
3	patient_id	GSM8546846_BT397	304	0.008598500919247631
3	patient_id	GSM8546847_BT400	27	0.0007636826474331777
3	patient_id	GSM8546848_BT402	84	0.0023759015697921086
3	patient_id	GSM8546849_BT407	305	0.008626785461745156
3	patient_id	GSM8546850_BT408	51	0.0014425116673737802
3	patient_id	GSM8546851_BT409	188	0.005317493989534719
3	patient_id	GSM8546852_BT419	707	0.019997171545750248
3	patient_id	GSM8546853_BT420	77	0.002177909772309433
3	patient_id	GSM8546854_BT426	1233	0.03487484089944845
3	patient_id	PDC001	22	0.0006222599349455523
3	patient_id	PJ016	0	0.0
3	patient_id	PJ017	196	0.0055437703295149205
3	patient_id	PJ018	37	0.0010465280724084288
3	patient_id	PJ025	8	0.0002262763399802008
3	patient_id	PJ030	3	8.485362749257531e-05
3	patient_id	PJ032	122	0.0034507141846980625
3	patient_id	PJ035	49	0.0013859425823787301
3	patient_id	PJ048	2	5.65690849950502e-05
3	patient_id	PJ052	1	2.82845424975251e-05
3	patient_id	PJ053	88	0.002489039739782209
3	patient_id	PW016-703	125	0.003535567812190638
3	patient_id	PW017-703	146	0.004129543204638665
3	patient_id	PW032-706	9	0.0002545608824777259
3	patient_id	PW032-710	120	0.0033941450997030122
3	patient_id	PW035-710	2	5.65690849950502e-05
3	patient_id	PW039-705	159	0.004497242257106492
4	patient_id	01	4992	0.1517509727626459
4	patient_id	02	2736	0.08317120622568093
4	patient_id	03	1342	0.04079523346303502
4	patient_id	04	1458	0.04432149805447471
4	patient_id	05	1370	0.041646400778210114
4	patient_id	06	514	0.015625
4	patient_id	07	182	0.005532587548638133
4	patient_id	08	236	0.007174124513618677
4	patient_id	09	113	0.003435068093385214
4	patient_id	10	0	0.0
4	patient_id	11	0	0.0
4	patient_id	GSM8546833_BT356	4917	0.14947106031128404
4	patient_id	GSM8546834_BT363	2483	0.07548030155642023
4	patient_id	GSM8546835_BT364	1803	0.0548090953307393
4	patient_id	GSM8546836_BT368	152	0.004620622568093385
4	patient_id	GSM8546837_BT369	126	0.0038302529182879376
4	patient_id	GSM8546838_BT373	2763	0.08399197470817121
4	patient_id	GSM8546839_BT374	650	0.019759241245136186
4	patient_id	GSM8546840_BT377	28	0.0008511673151750973
4	patient_id	GSM8546841_BT380	483	0.014682636186770428
4	patient_id	GSM8546842_BT389A	107	0.0032526750972762647
4	patient_id	GSM8546843_BT389	125	0.003799854085603113
4	patient_id	GSM8546844_BT390	434	0.013193093385214008
4	patient_id	GSM8546845_BT396	52	0.001580739299610895
4	patient_id	GSM8546846_BT397	19	0.0005775778210116732
4	patient_id	GSM8546847_BT400	172	0.005228599221789883
4	patient_id	GSM8546848_BT402	2	6.0797665369649806e-05
4	patient_id	GSM8546849_BT407	11	0.00033438715953307393
4	patient_id	GSM8546850_BT408	2	6.0797665369649806e-05
4	patient_id	GSM8546851_BT409	193	0.005866974708171206
4	patient_id	GSM8546852_BT419	71	0.0021583171206225682
4	patient_id	GSM8546853_BT420	289	0.008785262645914397
4	patient_id	GSM8546854_BT426	469	0.014257052529182879
4	patient_id	PDC001	94	0.0028574902723735407
4	patient_id	PJ016	75	0.002279912451361868
4	patient_id	PJ017	294	0.008937256809338521
4	patient_id	PJ018	666	0.020245622568093386
4	patient_id	PJ025	675	0.02051921206225681
4	patient_id	PJ030	2	6.0797665369649806e-05
4	patient_id	PJ032	178	0.0054109922178988325
4	patient_id	PJ035	154	0.004681420233463035
4	patient_id	PJ048	264	0.008025291828793774
4	patient_id	PJ052	23	0.0006991731517509728
4	patient_id	PJ053	1110	0.03374270428015564
4	patient_id	PW016-703	146	0.004438229571984436
4	patient_id	PW017-703	215	0.006535749027237354
4	patient_id	PW032-706	86	0.0026142996108949415
4	patient_id	PW032-710	185	0.005623784046692607
4	patient_id	PW035-710	7	0.00021279182879377432
4	patient_id	PW039-705	428	0.013010700389105059
5	patient_id	01	2604	0.10860407890895442
5	patient_id	02	13327	0.5558243316511657
5	patient_id	03	1254	0.05230012094924302
5	patient_id	04	1251	0.05217500104266589
5	patient_id	05	1115	0.04650289861116904
5	patient_id	06	6	0.00025023981315427284
5	patient_id	07	2275	0.09488259582099512
5	patient_id	08	149	0.006214288693331109
5	patient_id	09	1112	0.0463777787045919
5	patient_id	10	15	0.0006255995328856821
5	patient_id	11	79	0.003294824206531259
5	patient_id	GSM8546833_BT356	2	8.341327105142428e-05
5	patient_id	GSM8546834_BT363	0	0.0
5	patient_id	GSM8546835_BT364	3	0.00012511990657713642
5	patient_id	GSM8546836_BT368	2	8.341327105142428e-05
5	patient_id	GSM8546837_BT369	18	0.0007507194394628185
5	patient_id	GSM8546838_BT373	0	0.0
5	patient_id	GSM8546839_BT374	3	0.00012511990657713642
5	patient_id	GSM8546840_BT377	21	0.0008758393460399549
5	patient_id	GSM8546841_BT380	6	0.00025023981315427284
5	patient_id	GSM8546842_BT389A	25	0.0010426658881428036
5	patient_id	GSM8546843_BT389	23	0.0009592526170913793
5	patient_id	GSM8546844_BT390	4	0.00016682654210284855
5	patient_id	GSM8546845_BT396	23	0.0009592526170913793
5	patient_id	GSM8546846_BT397	56	0.00233557158943988
5	patient_id	GSM8546847_BT400	1	4.170663552571214e-05
5	patient_id	GSM8546848_BT402	75	0.0031279976644284107
5	patient_id	GSM8546849_BT407	25	0.0010426658881428036
5	patient_id	GSM8546850_BT408	38	0.0015848521499770612
5	patient_id	GSM8546851_BT409	10	0.0004170663552571214
5	patient_id	GSM8546852_BT419	259	0.010802018601159445
5	patient_id	GSM8546853_BT420	2	8.341327105142428e-05
5	patient_id	GSM8546854_BT426	65	0.002710931309171289
5	patient_id	PDC001	2	8.341327105142428e-05
5	patient_id	PJ016	4	0.00016682654210284855
5	patient_id	PJ017	69	0.002877757851274138
5	patient_id	PJ018	1	4.170663552571214e-05
5	patient_id	PJ025	9	0.00037535971973140926
5	patient_id	PJ030	9	0.00037535971973140926
5	patient_id	PJ032	5	0.0002085331776285607
5	patient_id	PJ035	5	0.0002085331776285607
5	patient_id	PJ048	2	8.341327105142428e-05
5	patient_id	PJ052	0	0.0
5	patient_id	PJ053	0	0.0
5	patient_id	PW016-703	2	8.341327105142428e-05
5	patient_id	PW017-703	3	0.00012511990657713642
5	patient_id	PW032-706	10	0.0004170663552571214
5	patient_id	PW032-710	0	0.0
5	patient_id	PW035-710	6	0.00025023981315427284
5	patient_id	PW039-705	2	8.341327105142428e-05
6	patient_id	01	2359	0.10282003225384649
6	patient_id	02	3608	0.15725929477400513
6	patient_id	03	848	0.03696116462537593
6	patient_id	04	2719	0.11851109270801552
6	patient_id	05	1846	0.08046027110665563
6	patient_id	06	0	0.0
6	patient_id	07	2045	0.08913394063548795
6	patient_id	08	672	0.029289979514448852
6	patient_id	09	426	0.018567754870766683
6	patient_id	10	6	0.0002615176742361505
6	patient_id	11	5	0.00021793139519679205
6	patient_id	GSM8546833_BT356	0	0.0
6	patient_id	GSM8546834_BT363	17	0.000740966743669093
6	patient_id	GSM8546835_BT364	87	0.003792006276424182
6	patient_id	GSM8546836_BT368	77	0.0033561434860305975
6	patient_id	GSM8546837_BT369	536	0.02336224556509611
6	patient_id	GSM8546838_BT373	249	0.010852983480800243
6	patient_id	GSM8546839_BT374	253	0.011027328596957677
6	patient_id	GSM8546840_BT377	200	0.008717255807871681
6	patient_id	GSM8546841_BT380	368	0.016039750686483896
6	patient_id	GSM8546842_BT389A	1038	0.04524255764285403
6	patient_id	GSM8546843_BT389	667	0.02907204811925206
6	patient_id	GSM8546844_BT390	69	0.0030074532537157305
6	patient_id	GSM8546845_BT396	104	0.004532973020093274
6	patient_id	GSM8546846_BT397	504	0.02196748463583664
6	patient_id	GSM8546847_BT400	50	0.0021793139519679203
6	patient_id	GSM8546848_BT402	586	0.02554155951706403
6	patient_id	GSM8546849_BT407	588	0.025628732075142744
6	patient_id	GSM8546850_BT408	1351	0.05888506298217321
6	patient_id	GSM8546851_BT409	66	0.002876694416597655
6	patient_id	GSM8546852_BT419	518	0.022577692542387656
6	patient_id	GSM8546853_BT420	120	0.005230353484723009
6	patient_id	GSM8546854_BT426	335	0.014601403478185067
6	patient_id	PDC001	115	0.005012422089526217
6	patient_id	PJ016	1	4.358627903935841e-05
6	patient_id	PJ017	260	0.011332432550233187
6	patient_id	PJ018	5	0.00021793139519679205
6	patient_id	PJ025	44	0.0019177962777317701
6	patient_id	PJ030	13	0.0005666216275116593
6	patient_id	PJ032	60	0.0026151767423615046
6	patient_id	PJ035	9	0.00039227651135422567
6	patient_id	PJ048	0	0.0
6	patient_id	PJ052	1	4.358627903935841e-05
6	patient_id	PJ053	0	0.0
6	patient_id	PW016-703	12	0.000523035348472301
6	patient_id	PW017-703	13	0.0005666216275116593
6	patient_id	PW032-706	0	0.0
6	patient_id	PW032-710	3	0.00013075883711807524
6	patient_id	PW035-710	88	0.0038355925554635403
6	patient_id	PW039-705	2	8.717255807871682e-05
7	patient_id	01	950	0.042175360710321866
7	patient_id	02	1349	0.05988901220865705
7	patient_id	03	1607	0.07134295227524973
7	patient_id	04	2729	0.1211542730299667
7	patient_id	05	1099	0.04879023307436182
7	patient_id	06	31	0.0013762486126526082
7	patient_id	07	259	0.011498335183129855
7	patient_id	08	143	0.00634850166481687
7	patient_id	09	505	0.02241953385127636
7	patient_id	10	2	8.879023307436182e-05
7	patient_id	11	17	0.0007547169811320754
7	patient_id	GSM8546833_BT356	928	0.041198668146503886
7	patient_id	GSM8546834_BT363	2722	0.12084350721420643
7	patient_id	GSM8546835_BT364	526	0.023351831298557158
7	patient_id	GSM8546836_BT368	172	0.007635960044395117
7	patient_id	GSM8546837_BT369	70	0.0031076581576026637
7	patient_id	GSM8546838_BT373	413	0.018335183129855714
7	patient_id	GSM8546839_BT374	146	0.006481687014428413
7	patient_id	GSM8546840_BT377	15	0.0006659267480577136
7	patient_id	GSM8546841_BT380	78	0.003462819089900111
7	patient_id	GSM8546842_BT389A	162	0.007192008879023307
7	patient_id	GSM8546843_BT389	31	0.0013762486126526082
7	patient_id	GSM8546844_BT390	123	0.005460599334073252
7	patient_id	GSM8546845_BT396	53	0.002352941176470588
7	patient_id	GSM8546846_BT397	25	0.0011098779134295228
7	patient_id	GSM8546847_BT400	109	0.004839067702552719
7	patient_id	GSM8546848_BT402	15	0.0006659267480577136
7	patient_id	GSM8546849_BT407	43	0.0019089900110987792
7	patient_id	GSM8546850_BT408	39	0.0017314095449500555
7	patient_id	GSM8546851_BT409	33	0.0014650388457269701
7	patient_id	GSM8546852_BT419	59	0.002619311875693674
7	patient_id	GSM8546853_BT420	236	0.010477247502774695
7	patient_id	GSM8546854_BT426	22	0.00097669256381798
7	patient_id	PDC001	1663	0.07382907880133185
7	patient_id	PJ016	1759	0.07809100998890123
7	patient_id	PJ017	198	0.00879023307436182
7	patient_id	PJ018	95	0.004217536071032186
7	patient_id	PJ025	1008	0.04475027746947836
7	patient_id	PJ030	886	0.039334073251942284
7	patient_id	PJ032	174	0.007724750277469479
7	patient_id	PJ035	485	0.02153163152053274
7	patient_id	PJ048	275	0.01220865704772475
7	patient_id	PJ052	77	0.00341842397336293
7	patient_id	PJ053	182	0.008079911209766926
7	patient_id	PW016-703	173	0.007680355160932298
7	patient_id	PW017-703	297	0.01318534961154273
7	patient_id	PW032-706	407	0.01806881243063263
7	patient_id	PW032-710	78	0.003462819089900111
7	patient_id	PW035-710	24	0.0010654827968923418
7	patient_id	PW039-705	33	0.0014650388457269701
8	patient_id	01	1181	0.07974880140455129
8	patient_id	02	173	0.01168208521844824
8	patient_id	03	1191	0.08042406644608009
8	patient_id	04	2658	0.17948544803835506
8	patient_id	05	105	0.0070902829360524
8	patient_id	06	129	0.00871091903572152
8	patient_id	07	229	0.015463569451009521
8	patient_id	08	42	0.0028361131744209602
8	patient_id	09	2	0.00013505300830576002
8	patient_id	10	0	0.0
8	patient_id	11	54	0.0036464312242555203
8	patient_id	GSM8546833_BT356	95	0.0064150178945236004
8	patient_id	GSM8546834_BT363	250	0.01688162603822
8	patient_id	GSM8546835_BT364	221	0.01492335741778648
8	patient_id	GSM8546836_BT368	20	0.0013505300830576
8	patient_id	GSM8546837_BT369	123	0.00830576001080424
8	patient_id	GSM8546838_BT373	178	0.012019717739212642
8	patient_id	GSM8546839_BT374	105	0.0070902829360524
8	patient_id	GSM8546840_BT377	58	0.00391653724086704
8	patient_id	GSM8546841_BT380	75	0.005064487811466001
8	patient_id	GSM8546842_BT389A	1464	0.09885880207981633
8	patient_id	GSM8546843_BT389	104	0.00702275643189952
8	patient_id	GSM8546844_BT390	702	0.047403605915321764
8	patient_id	GSM8546845_BT396	1680	0.1134445269768384
8	patient_id	GSM8546846_BT397	33	0.00222837463704504
8	patient_id	GSM8546847_BT400	6	0.00040515902491728003
8	patient_id	GSM8546848_BT402	45	0.0030386926868796
8	patient_id	GSM8546849_BT407	127	0.00857586602741576
8	patient_id	GSM8546850_BT408	768	0.051860355189411844
8	patient_id	GSM8546851_BT409	116	0.00783307448173408
8	patient_id	GSM8546852_BT419	1389	0.09379431426835033
8	patient_id	GSM8546853_BT420	0	0.0
8	patient_id	GSM8546854_BT426	715	0.048281450469309206
8	patient_id	PDC001	4	0.00027010601661152004
8	patient_id	PJ016	1	6.752650415288001e-05
8	patient_id	PJ017	4	0.00027010601661152004
8	patient_id	PJ018	73	0.0049294348031602405
8	patient_id	PJ025	0	0.0
8	patient_id	PJ030	66	0.00445674927409008
8	patient_id	PJ032	4	0.00027010601661152004
8	patient_id	PJ035	6	0.00040515902491728003
8	patient_id	PJ048	18	0.00121547707475184
8	patient_id	PJ052	0	0.0
8	patient_id	PJ053	199	0.01343777432642312
8	patient_id	PW016-703	59	0.00398406374501992
8	patient_id	PW017-703	10	0.0006752650415288
8	patient_id	PW032-706	0	0.0
8	patient_id	PW032-710	65	0.004389222769937201
8	patient_id	PW035-710	13	0.00087784455398744
8	patient_id	PW039-705	249	0.016814099534067123
9	patient_id	01	1001	0.07220138488170802
9	patient_id	02	749	0.054024812463935375
9	patient_id	03	364	0.026255049047893827
9	patient_id	04	790	0.05698211194460473
9	patient_id	05	233	0.01680611656087709
9	patient_id	06	2	0.00014425851125216387
9	patient_id	07	56	0.004039238315060588
9	patient_id	08	67	0.00483266012694749
9	patient_id	09	141	0.010170225043277553
9	patient_id	10	9654	0.6963358338141951
9	patient_id	11	1	7.212925562608193e-05
9	patient_id	GSM8546833_BT356	3	0.00021638776687824582
9	patient_id	GSM8546834_BT363	30	0.002163877668782458
9	patient_id	GSM8546835_BT364	12	0.0008655510675129833
9	patient_id	GSM8546836_BT368	9	0.0006491633006347375
9	patient_id	GSM8546837_BT369	37	0.0026687824581650317
9	patient_id	GSM8546838_BT373	47	0.003390075014425851
9	patient_id	GSM8546839_BT374	2	0.00014425851125216387
9	patient_id	GSM8546840_BT377	23	0.0016589728793998846
9	patient_id	GSM8546841_BT380	30	0.002163877668782458
9	patient_id	GSM8546842_BT389A	50	0.003606462781304097
9	patient_id	GSM8546843_BT389	75	0.005409694171956145
9	patient_id	GSM8546844_BT390	29	0.0020917484131563763
9	patient_id	GSM8546845_BT396	2	0.00014425851125216387
9	patient_id	GSM8546846_BT397	1	7.212925562608193e-05
9	patient_id	GSM8546847_BT400	37	0.0026687824581650317
9	patient_id	GSM8546848_BT402	46	0.003317945758799769
9	patient_id	GSM8546849_BT407	8	0.0005770340450086555
9	patient_id	GSM8546850_BT408	19	0.001370455856895557
9	patient_id	GSM8546851_BT409	30	0.002163877668782458
9	patient_id	GSM8546852_BT419	10	0.0007212925562608194
9	patient_id	GSM8546853_BT420	3	0.00021638776687824582
9	patient_id	GSM8546854_BT426	21	0.0015147143681477208
9	patient_id	PDC001	63	0.004544143104443162
9	patient_id	PJ016	2	0.00014425851125216387
9	patient_id	PJ017	9	0.0006491633006347375
9	patient_id	PJ018	4	0.00028851702250432774
9	patient_id	PJ025	16	0.001154068090017311
9	patient_id	PJ030	25	0.0018032313906520484
9	patient_id	PJ032	27	0.0019474899019042123
9	patient_id	PJ035	47	0.003390075014425851
9	patient_id	PJ048	0	0.0
9	patient_id	PJ052	3	0.00021638776687824582
9	patient_id	PJ053	5	0.0003606462781304097
9	patient_id	PW016-703	26	0.0018753606462781304
9	patient_id	PW017-703	18	0.001298326601269475
9	patient_id	PW032-706	10	0.0007212925562608194
9	patient_id	PW032-710	5	0.0003606462781304097
9	patient_id	PW035-710	15	0.001081938834391229
9	patient_id	PW039-705	7	0.0005049047893825736
0	sample_id	GSM5518596_rGBM-01-A	45	0.0007299743697887941
0	sample_id	GSM5518597_rGBM-01-B	70	0.001135515686338124
0	sample_id	GSM5518598_rGBM-01-C	5	8.110826330986601e-05
0	sample_id	GSM5518599_rGBM-01-D	102	0.0016546085715212666
0	sample_id	GSM5518600_ndGBM-01-A	1696	0.02751192291470655
0	sample_id	GSM5518601_ndGBM-01-C	3558	0.057716640171300654
0	sample_id	GSM5518602_ndGBM-01-D	3988	0.06469195081594913
0	sample_id	GSM5518603_ndGBM-01-F	237	0.0038445316808876488
0	sample_id	GSM5518604_ndGBM-11-A	0	0.0
0	sample_id	GSM5518605_ndGBM-11-B	0	0.0
0	sample_id	GSM5518606_ndGBM-11-C	15	0.00024332478992959803
0	sample_id	GSM5518607_ndGBM-11-D	1	1.6221652661973202e-05
0	sample_id	GSM5518608_ndGBM-02-1	1373	0.022272329104889205
0	sample_id	GSM5518609_ndGBM-02-2	406	0.00658599098076112
0	sample_id	GSM5518610_ndGBM-02-4	845	0.013707296499367356
0	sample_id	GSM5518611_ndGBM-02-5	1142	0.018525127339973396
0	sample_id	GSM5518612_rGBM-02-2	11	0.00017843817928170523
0	sample_id	GSM5518613_rGBM-02-3	753	0.012214904454465821
0	sample_id	GSM5518614_rGBM-02-4	0	0.0
0	sample_id	GSM5518615_rGBM-02-5	25	0.00040554131654933003
0	sample_id	GSM5518616_rGBM-03-1	1219	0.019774194594945334
0	sample_id	GSM5518617_rGBM-03-2	267	0.004331181260746845
0	sample_id	GSM5518618_rGBM-03-3	912	0.01479414722771956
0	sample_id	GSM5518619_rGBM-04-1	1848	0.029977614119326475
0	sample_id	GSM5518620_rGBM-04-2	1733	0.02811212406319956
0	sample_id	GSM5518621_rGBM-04-3	2131	0.03456834182266489
0	sample_id	GSM5518622_rGBM-04-4	1452	0.023553839665185088
0	sample_id	GSM5518623_ndGBM-03-1	772	0.012523115855043312
0	sample_id	GSM5518624_ndGBM-03-2	3	4.86649579859196e-05
0	sample_id	GSM5518625_ndGBM-03-3	661	0.010722512409564287
0	sample_id	GSM5518626_rGBM-05-1	626	0.010154754566395224
0	sample_id	GSM5518627_rGBM-05-2	170	0.0027576809525354444
0	sample_id	GSM5518628_rGBM-05-3	95	0.0015410570028874541
0	sample_id	GSM5518629_ndGBM-10	1	1.6221652661973202e-05
0	sample_id	GSM5518630_LGG-04-1	1127	0.0182818025500438
0	sample_id	GSM5518631_LGG-04-2	230	0.0037309801122538365
0	sample_id	GSM5518632_LGG-04-3	1514	0.024559582130227426
0	sample_id	GSM5518633_ndGBM-04	1402	0.02274275703208643
0	sample_id	GSM5518634_ndGBM-05	1669	0.027073938292833274
0	sample_id	GSM5518635_ndGBM-06	404	0.006553547675437174
0	sample_id	GSM5518636_ndGBM-07	28	0.00045420627453524964
0	sample_id	GSM5518637_ndGBM-08	271	0.004396067871394738
0	sample_id	GSM5518638_LGG-03	1104	0.017908704538818414
0	sample_id	GSM5518639_ndGBM-09	358	0.005807351652986406
0	sample_id	GSM8546833_BT356	403	0.0065373260227752005
0	sample_id	GSM8546834_BT363	2635	0.042744054764299384
0	sample_id	GSM8546835_BT364	1860	0.030172273951270156
0	sample_id	GSM8546836_BT368	426	0.006910424034000584
0	sample_id	GSM8546837_BT369	901	0.014615709048437855
0	sample_id	GSM8546838_BT373	798	0.012944878824254616
0	sample_id	GSM8546839_BT374	757	0.012279791065113713
0	sample_id	GSM8546840_BT377	353	0.00572624338967654
0	sample_id	GSM8546841_BT380	270	0.004379846218732764
0	sample_id	GSM8546842_BT389A	128	0.00207637154073257
0	sample_id	GSM8546843_BT389	219	0.003552541932972131
0	sample_id	GSM8546844_BT390	319	0.0051747071991694515
0	sample_id	GSM8546845_BT396	332	0.005385588683775103
0	sample_id	GSM8546846_BT397	189	0.0030658923531129353
0	sample_id	GSM8546847_BT400	2281	0.037001589721960874
0	sample_id	GSM8546848_BT402	764	0.012393342633747527
0	sample_id	GSM8546849_BT407	34	0.0005515361905070889
0	sample_id	GSM8546850_BT408	0	0.0
0	sample_id	GSM8546851_BT409	309	0.0050124906725497196
0	sample_id	GSM8546852_BT419	34	0.0005515361905070889
0	sample_id	GSM8546853_BT420	533	0.008646140868831717
0	sample_id	GSM8546854_BT426	23	0.0003730980112253836
0	sample_id	PDC001	1985	0.032199980534016806
0	sample_id	PJ016	263	0.0042662946500989524
0	sample_id	PJ017	34	0.0005515361905070889
0	sample_id	PJ018	564	0.009149012101352886
0	sample_id	PJ025	2847	0.046183045128637704
0	sample_id	PJ030	971	0.015751224734775977
0	sample_id	PJ032	205	0.003325438795704506
0	sample_id	PJ035	1112	0.0180384777601142
0	sample_id	PJ048	611	0.009911429776465626
0	sample_id	PJ052	948	0.015378126723550595
0	sample_id	PJ053	590	0.009570775070564188
0	sample_id	PW016-703	190	0.0030821140057749083
0	sample_id	PW017-703	267	0.004331181260746845
0	sample_id	PW032-706	2446	0.03967816241118645
0	sample_id	PW032-710	153	0.0024819128572818997
0	sample_id	PW035-710	594	0.009635661681212082
0	sample_id	PW039-705	29	0.00047042792719722285
1	sample_id	GSM5518596_rGBM-01-A	1577	0.026375206970948806
1	sample_id	GSM5518597_rGBM-01-B	369	0.006171497382549213
1	sample_id	GSM5518598_rGBM-01-C	903	0.015102607415831814
1	sample_id	GSM5518599_rGBM-01-D	595	0.009951330467796157
1	sample_id	GSM5518600_ndGBM-01-A	80	0.0013379940124767942
1	sample_id	GSM5518601_ndGBM-01-C	62	0.0010369453596695156
1	sample_id	GSM5518602_ndGBM-01-D	1531	0.025605860413774648
1	sample_id	GSM5518603_ndGBM-01-F	3764	0.06295261828703316
1	sample_id	GSM5518604_ndGBM-11-A	362	0.0060544229064574935
1	sample_id	GSM5518605_ndGBM-11-B	264	0.004415380241173421
1	sample_id	GSM5518606_ndGBM-11-C	2315	0.03871820173604723
1	sample_id	GSM5518607_ndGBM-11-D	1083	0.0181130939439046
1	sample_id	GSM5518608_ndGBM-02-1	194	0.003244635480256226
1	sample_id	GSM5518609_ndGBM-02-2	2355	0.03938719874228563
1	sample_id	GSM5518610_ndGBM-02-4	1345	0.022495024334766103
1	sample_id	GSM5518611_ndGBM-02-5	1344	0.02247829940961014
1	sample_id	GSM5518612_rGBM-02-2	1	1.6724925155959926e-05
1	sample_id	GSM5518613_rGBM-02-3	131	0.0021909651954307506
1	sample_id	GSM5518614_rGBM-02-4	0	0.0
1	sample_id	GSM5518615_rGBM-02-5	9	0.00015052432640363933
1	sample_id	GSM5518616_rGBM-03-1	360	0.006020973056145574
1	sample_id	GSM5518617_rGBM-03-2	153	0.002558913548861869
1	sample_id	GSM5518618_rGBM-03-3	1258	0.021039955846197587
1	sample_id	GSM5518619_rGBM-04-1	502	0.008395912428291883
1	sample_id	GSM5518620_rGBM-04-2	652	0.010904651201685872
1	sample_id	GSM5518621_rGBM-04-3	994	0.01662457560502417
1	sample_id	GSM5518622_rGBM-04-4	704	0.011774347309795789
1	sample_id	GSM5518623_ndGBM-03-1	426	0.007124818116438929
1	sample_id	GSM5518624_ndGBM-03-2	1943	0.03249652957803014
1	sample_id	GSM5518625_ndGBM-03-3	924	0.015453830844106972
1	sample_id	GSM5518626_rGBM-05-1	19	0.0003177735779632386
1	sample_id	GSM5518627_rGBM-05-2	3	5.017477546787978e-05
1	sample_id	GSM5518628_rGBM-05-3	4	6.68997006238397e-05
1	sample_id	GSM5518629_ndGBM-10	11	0.0001839741767155592
1	sample_id	GSM5518630_LGG-04-1	1156	0.019334013480289677
1	sample_id	GSM5518631_LGG-04-2	1037	0.017343747386730446
1	sample_id	GSM5518632_LGG-04-3	375	0.006271846933484973
1	sample_id	GSM5518633_ndGBM-04	686	0.01147329865698851
1	sample_id	GSM5518634_ndGBM-05	1614	0.02699402920171932
1	sample_id	GSM5518635_ndGBM-06	16	0.0002675988024953588
1	sample_id	GSM5518636_ndGBM-07	1536	0.025689485039554448
1	sample_id	GSM5518637_ndGBM-08	2134	0.03569099028281848
1	sample_id	GSM5518638_LGG-03	3731	0.06240069575688649
1	sample_id	GSM5518639_ndGBM-09	1517	0.025371711461591208
1	sample_id	GSM8546833_BT356	1	1.6724925155959926e-05
1	sample_id	GSM8546834_BT363	62	0.0010369453596695156
1	sample_id	GSM8546835_BT364	212	0.0035456841330635046
1	sample_id	GSM8546836_BT368	41	0.000685721931394357
1	sample_id	GSM8546837_BT369	342	0.005719924403338295
1	sample_id	GSM8546838_BT373	213	0.0035624090582194643
1	sample_id	GSM8546839_BT374	71	0.001187469686073155
1	sample_id	GSM8546840_BT377	2003	0.03350002508738773
1	sample_id	GSM8546841_BT380	1233	0.02062183271729859
1	sample_id	GSM8546842_BT389A	531	0.00888093525781472
1	sample_id	GSM8546843_BT389	1586	0.026525731297352445
1	sample_id	GSM8546844_BT390	835	0.013965312505226538
1	sample_id	GSM8546845_BT396	1053	0.0176113461892258
1	sample_id	GSM8546846_BT397	1447	0.024200966700674016
1	sample_id	GSM8546847_BT400	348	0.005820273954274055
1	sample_id	GSM8546848_BT402	2861	0.04785001087120135
1	sample_id	GSM8546849_BT407	2279	0.038116104430432673
1	sample_id	GSM8546850_BT408	546	0.00913180913515412
1	sample_id	GSM8546851_BT409	771	0.012894917295245103
1	sample_id	GSM8546852_BT419	521	0.008713686006255121
1	sample_id	GSM8546853_BT420	46	0.0007693465571741566
1	sample_id	GSM8546854_BT426	404	0.00675686976300781
1	sample_id	PDC001	152	0.002542188623705909
1	sample_id	PJ016	1	1.6724925155959926e-05
1	sample_id	PJ017	133	0.0022244150457426705
1	sample_id	PJ018	23	0.0003846732785870783
1	sample_id	PJ025	65	0.0010871201351373952
1	sample_id	PJ030	322	0.005385425900219096
1	sample_id	PJ032	557	0.009315783311869679
1	sample_id	PJ035	433	0.0072418925925306485
1	sample_id	PJ048	4	6.68997006238397e-05
1	sample_id	PJ052	21	0.00035122342827515846
1	sample_id	PJ053	21	0.00035122342827515846
1	sample_id	PW016-703	143	0.0023916642973022696
1	sample_id	PW017-703	238	0.003980532187118462
1	sample_id	PW032-706	6	0.00010034955093575956
1	sample_id	PW032-710	194	0.003244635480256226
1	sample_id	PW035-710	16	0.0002675988024953588
1	sample_id	PW039-705	17	0.00028432372765131877
10	sample_id	GSM5518596_rGBM-01-A	118	0.01861198738170347
10	sample_id	GSM5518597_rGBM-01-B	73	0.011514195583596214
10	sample_id	GSM5518598_rGBM-01-C	9	0.0014195583596214511
10	sample_id	GSM5518599_rGBM-01-D	12	0.0018927444794952682
10	sample_id	GSM5518600_ndGBM-01-A	19	0.002996845425867508
10	sample_id	GSM5518601_ndGBM-01-C	11	0.0017350157728706626
10	sample_id	GSM5518602_ndGBM-01-D	1	0.0001577287066246057
10	sample_id	GSM5518603_ndGBM-01-F	4	0.0006309148264984228
10	sample_id	GSM5518604_ndGBM-11-A	0	0.0
10	sample_id	GSM5518605_ndGBM-11-B	0	0.0
10	sample_id	GSM5518606_ndGBM-11-C	0	0.0
10	sample_id	GSM5518607_ndGBM-11-D	0	0.0
10	sample_id	GSM5518608_ndGBM-02-1	206	0.03249211356466877
10	sample_id	GSM5518609_ndGBM-02-2	51	0.008044164037854889
10	sample_id	GSM5518610_ndGBM-02-4	55	0.008675078864353312
10	sample_id	GSM5518611_ndGBM-02-5	130	0.02050473186119874
10	sample_id	GSM5518612_rGBM-02-2	418	0.06593059936908517
10	sample_id	GSM5518613_rGBM-02-3	495	0.07807570977917981
10	sample_id	GSM5518614_rGBM-02-4	183	0.02886435331230284
10	sample_id	GSM5518615_rGBM-02-5	3625	0.5717665615141956
10	sample_id	GSM5518616_rGBM-03-1	13	0.002050473186119874
10	sample_id	GSM5518617_rGBM-03-2	12	0.0018927444794952682
10	sample_id	GSM5518618_rGBM-03-3	58	0.00914826498422713
10	sample_id	GSM5518619_rGBM-04-1	9	0.0014195583596214511
10	sample_id	GSM5518620_rGBM-04-2	16	0.002523659305993691
10	sample_id	GSM5518621_rGBM-04-3	7	0.0011041009463722397
10	sample_id	GSM5518622_rGBM-04-4	83	0.013091482649842272
10	sample_id	GSM5518623_ndGBM-03-1	7	0.0011041009463722397
10	sample_id	GSM5518624_ndGBM-03-2	7	0.0011041009463722397
10	sample_id	GSM5518625_ndGBM-03-3	2	0.0003154574132492114
10	sample_id	GSM5518626_rGBM-05-1	98	0.015457413249211356
10	sample_id	GSM5518627_rGBM-05-2	17	0.0026813880126182964
10	sample_id	GSM5518628_rGBM-05-3	30	0.00473186119873817
10	sample_id	GSM5518629_ndGBM-10	0	0.0
10	sample_id	GSM5518630_LGG-04-1	1	0.0001577287066246057
10	sample_id	GSM5518631_LGG-04-2	0	0.0
10	sample_id	GSM5518632_LGG-04-3	1	0.0001577287066246057
10	sample_id	GSM5518633_ndGBM-04	8	0.0012618296529968455
10	sample_id	GSM5518634_ndGBM-05	13	0.002050473186119874
10	sample_id	GSM5518635_ndGBM-06	3	0.00047318611987381704
10	sample_id	GSM5518636_ndGBM-07	163	0.025709779179810724
10	sample_id	GSM5518637_ndGBM-08	36	0.0056782334384858045
10	sample_id	GSM5518638_LGG-03	0	0.0
10	sample_id	GSM5518639_ndGBM-09	198	0.031230283911671923
10	sample_id	GSM8546833_BT356	1	0.0001577287066246057
10	sample_id	GSM8546834_BT363	1	0.0001577287066246057
10	sample_id	GSM8546835_BT364	5	0.0007886435331230284
10	sample_id	GSM8546836_BT368	2	0.0003154574132492114
10	sample_id	GSM8546837_BT369	9	0.0014195583596214511
10	sample_id	GSM8546838_BT373	4	0.0006309148264984228
10	sample_id	GSM8546839_BT374	0	0.0
10	sample_id	GSM8546840_BT377	1	0.0001577287066246057
10	sample_id	GSM8546841_BT380	2	0.0003154574132492114
10	sample_id	GSM8546842_BT389A	3	0.00047318611987381704
10	sample_id	GSM8546843_BT389	7	0.0011041009463722397
10	sample_id	GSM8546844_BT390	3	0.00047318611987381704
10	sample_id	GSM8546845_BT396	1	0.0001577287066246057
10	sample_id	GSM8546846_BT397	29	0.004574132492113565
10	sample_id	GSM8546847_BT400	0	0.0
10	sample_id	GSM8546848_BT402	10	0.0015772870662460567
10	sample_id	GSM8546849_BT407	27	0.004258675078864353
10	sample_id	GSM8546850_BT408	13	0.002050473186119874
10	sample_id	GSM8546851_BT409	2	0.0003154574132492114
10	sample_id	GSM8546852_BT419	18	0.0028391167192429023
10	sample_id	GSM8546853_BT420	1	0.0001577287066246057
10	sample_id	GSM8546854_BT426	7	0.0011041009463722397
10	sample_id	PDC001	0	0.0
10	sample_id	PJ016	0	0.0
10	sample_id	PJ017	1	0.0001577287066246057
10	sample_id	PJ018	0	0.0
10	sample_id	PJ025	0	0.0
10	sample_id	PJ030	0	0.0
10	sample_id	PJ032	0	0.0
10	sample_id	PJ035	0	0.0
10	sample_id	PJ048	0	0.0
10	sample_id	PJ052	0	0.0
10	sample_id	PJ053	0	0.0
10	sample_id	PW016-703	0	0.0
10	sample_id	PW017-703	1	0.0001577287066246057
10	sample_id	PW032-706	0	0.0
10	sample_id	PW032-710	0	0.0
10	sample_id	PW035-710	0	0.0
10	sample_id	PW039-705	0	0.0
11	sample_id	GSM5518596_rGBM-01-A	0	0.0
11	sample_id	GSM5518597_rGBM-01-B	0	0.0
11	sample_id	GSM5518598_rGBM-01-C	0	0.0
11	sample_id	GSM5518599_rGBM-01-D	0	0.0
11	sample_id	GSM5518600_ndGBM-01-A	27	0.004366812227074236
11	sample_id	GSM5518601_ndGBM-01-C	111	0.017952450266860747
11	sample_id	GSM5518602_ndGBM-01-D	201	0.032508491023774864
11	sample_id	GSM5518603_ndGBM-01-F	42	0.006792819019893256
11	sample_id	GSM5518604_ndGBM-11-A	0	0.0
11	sample_id	GSM5518605_ndGBM-11-B	0	0.0
11	sample_id	GSM5518606_ndGBM-11-C	0	0.0
11	sample_id	GSM5518607_ndGBM-11-D	0	0.0
11	sample_id	GSM5518608_ndGBM-02-1	3	0.00048520135856380397
11	sample_id	GSM5518609_ndGBM-02-2	9	0.001455604075691412
11	sample_id	GSM5518610_ndGBM-02-4	116	0.01876111919780042
11	sample_id	GSM5518611_ndGBM-02-5	46	0.0074397541646449945
11	sample_id	GSM5518612_rGBM-02-2	1	0.00016173378618793466
11	sample_id	GSM5518613_rGBM-02-3	94	0.015202975901665859
11	sample_id	GSM5518614_rGBM-02-4	0	0.0
11	sample_id	GSM5518615_rGBM-02-5	1	0.00016173378618793466
11	sample_id	GSM5518616_rGBM-03-1	13	0.0021025392204431508
11	sample_id	GSM5518617_rGBM-03-2	1	0.00016173378618793466
11	sample_id	GSM5518618_rGBM-03-3	6	0.0009704027171276079
11	sample_id	GSM5518619_rGBM-04-1	5	0.0008086689309396733
11	sample_id	GSM5518620_rGBM-04-2	37	0.005984150088953582
11	sample_id	GSM5518621_rGBM-04-3	58	0.00938055959890021
11	sample_id	GSM5518622_rGBM-04-4	58	0.00938055959890021
11	sample_id	GSM5518623_ndGBM-03-1	7	0.0011321365033155426
11	sample_id	GSM5518624_ndGBM-03-2	0	0.0
11	sample_id	GSM5518625_ndGBM-03-3	5	0.0008086689309396733
11	sample_id	GSM5518626_rGBM-05-1	3	0.00048520135856380397
11	sample_id	GSM5518627_rGBM-05-2	17	0.002749474365194889
11	sample_id	GSM5518628_rGBM-05-3	5	0.0008086689309396733
11	sample_id	GSM5518629_ndGBM-10	0	0.0
11	sample_id	GSM5518630_LGG-04-1	142	0.022966197638686722
11	sample_id	GSM5518631_LGG-04-2	35	0.005660682516577713
11	sample_id	GSM5518632_LGG-04-3	41	0.006631085233705321
11	sample_id	GSM5518633_ndGBM-04	9	0.001455604075691412
11	sample_id	GSM5518634_ndGBM-05	36	0.005822416302765648
11	sample_id	GSM5518635_ndGBM-06	9	0.001455604075691412
11	sample_id	GSM5518636_ndGBM-07	0	0.0
11	sample_id	GSM5518637_ndGBM-08	615	0.09946627850557982
11	sample_id	GSM5518638_LGG-03	2	0.00032346757237586933
11	sample_id	GSM5518639_ndGBM-09	5	0.0008086689309396733
11	sample_id	GSM8546833_BT356	16	0.0025877405790069546
11	sample_id	GSM8546834_BT363	41	0.006631085233705321
11	sample_id	GSM8546835_BT364	26	0.0042050784408863015
11	sample_id	GSM8546836_BT368	956	0.15461749959566554
11	sample_id	GSM8546837_BT369	7	0.0011321365033155426
11	sample_id	GSM8546838_BT373	123	0.019893255701115962
11	sample_id	GSM8546839_BT374	1	0.00016173378618793466
11	sample_id	GSM8546840_BT377	131	0.021187125990619442
11	sample_id	GSM8546841_BT380	9	0.001455604075691412
11	sample_id	GSM8546842_BT389A	3	0.00048520135856380397
11	sample_id	GSM8546843_BT389	314	0.050784408863011485
11	sample_id	GSM8546844_BT390	13	0.0021025392204431508
11	sample_id	GSM8546845_BT396	64	0.010350962316027819
11	sample_id	GSM8546846_BT397	92	0.014879508329289989
11	sample_id	GSM8546847_BT400	148	0.023936600355814328
11	sample_id	GSM8546848_BT402	15	0.0024260067928190197
11	sample_id	GSM8546849_BT407	5	0.0008086689309396733
11	sample_id	GSM8546850_BT408	0	0.0
11	sample_id	GSM8546851_BT409	44	0.007116286592269125
11	sample_id	GSM8546852_BT419	2	0.00032346757237586933
11	sample_id	GSM8546853_BT420	436	0.07051593077793951
11	sample_id	GSM8546854_BT426	0	0.0
11	sample_id	PDC001	3	0.00048520135856380397
11	sample_id	PJ016	105	0.016982047549733138
11	sample_id	PJ017	15	0.0024260067928190197
11	sample_id	PJ018	150	0.024260067928190198
11	sample_id	PJ025	2	0.00032346757237586933
11	sample_id	PJ030	42	0.006792819019893256
11	sample_id	PJ032	0	0.0
11	sample_id	PJ035	84	0.013585638039786511
11	sample_id	PJ048	802	0.1297104965227236
11	sample_id	PJ052	29	0.004690279799450105
11	sample_id	PJ053	457	0.07391234028788614
11	sample_id	PW016-703	247	0.03994824518841986
11	sample_id	PW017-703	19	0.0030729419375707585
11	sample_id	PW032-706	13	0.0021025392204431508
11	sample_id	PW032-710	0	0.0
11	sample_id	PW035-710	0	0.0
11	sample_id	PW039-705	9	0.001455604075691412
12	sample_id	GSM5518596_rGBM-01-A	23	0.004788673745575682
12	sample_id	GSM5518597_rGBM-01-B	33	0.006870705808869456
12	sample_id	GSM5518598_rGBM-01-C	6	0.0012492192379762648
12	sample_id	GSM5518599_rGBM-01-D	26	0.0054132833645638145
12	sample_id	GSM5518600_ndGBM-01-A	83	0.01728086612533833
12	sample_id	GSM5518601_ndGBM-01-C	214	0.044555486154486776
12	sample_id	GSM5518602_ndGBM-01-D	45	0.009369144284821987
12	sample_id	GSM5518603_ndGBM-01-F	39	0.008119925046845722
12	sample_id	GSM5518604_ndGBM-11-A	0	0.0
12	sample_id	GSM5518605_ndGBM-11-B	0	0.0
12	sample_id	GSM5518606_ndGBM-11-C	8	0.0016656256506350198
12	sample_id	GSM5518607_ndGBM-11-D	0	0.0
12	sample_id	GSM5518608_ndGBM-02-1	165	0.034353529044347283
12	sample_id	GSM5518609_ndGBM-02-2	35	0.007287112221528212
12	sample_id	GSM5518610_ndGBM-02-4	182	0.0378929835519467
12	sample_id	GSM5518611_ndGBM-02-5	88	0.018321882156985218
12	sample_id	GSM5518612_rGBM-02-2	1	0.00020820320632937748
12	sample_id	GSM5518613_rGBM-02-3	62	0.012908598792421403
12	sample_id	GSM5518614_rGBM-02-4	1	0.00020820320632937748
12	sample_id	GSM5518615_rGBM-02-5	12	0.0024984384759525295
12	sample_id	GSM5518616_rGBM-03-1	223	0.04642931501145118
12	sample_id	GSM5518617_rGBM-03-2	55	0.01145117634811576
12	sample_id	GSM5518618_rGBM-03-3	228	0.047470331043098064
12	sample_id	GSM5518619_rGBM-04-1	78	0.016239850093691444
12	sample_id	GSM5518620_rGBM-04-2	133	0.027691026441807202
12	sample_id	GSM5518621_rGBM-04-3	91	0.01894649177597335
12	sample_id	GSM5518622_rGBM-04-4	72	0.014990630855715179
12	sample_id	GSM5518623_ndGBM-03-1	77	0.016031646887362066
12	sample_id	GSM5518624_ndGBM-03-2	8	0.0016656256506350198
12	sample_id	GSM5518625_ndGBM-03-3	111	0.0231105559025609
12	sample_id	GSM5518626_rGBM-05-1	313	0.06516760358109515
12	sample_id	GSM5518627_rGBM-05-2	76	0.015823443681032688
12	sample_id	GSM5518628_rGBM-05-3	29	0.006037892983551947
12	sample_id	GSM5518629_ndGBM-10	0	0.0
12	sample_id	GSM5518630_LGG-04-1	48	0.009993753903810118
12	sample_id	GSM5518631_LGG-04-2	6	0.0012492192379762648
12	sample_id	GSM5518632_LGG-04-3	2	0.00041640641265875496
12	sample_id	GSM5518633_ndGBM-04	84	0.017489069331667707
12	sample_id	GSM5518634_ndGBM-05	23	0.004788673745575682
12	sample_id	GSM5518635_ndGBM-06	1757	0.3658130335207162
12	sample_id	GSM5518636_ndGBM-07	92	0.01915469498230273
12	sample_id	GSM5518637_ndGBM-08	30	0.006246096189881324
12	sample_id	GSM5518638_LGG-03	2	0.00041640641265875496
12	sample_id	GSM5518639_ndGBM-09	17	0.003539454507599417
12	sample_id	GSM8546833_BT356	10	0.002082032063293775
12	sample_id	GSM8546834_BT363	8	0.0016656256506350198
12	sample_id	GSM8546835_BT364	33	0.006870705808869456
12	sample_id	GSM8546836_BT368	0	0.0
12	sample_id	GSM8546837_BT369	4	0.0008328128253175099
12	sample_id	GSM8546838_BT373	11	0.002290235269623152
12	sample_id	GSM8546839_BT374	39	0.008119925046845722
12	sample_id	GSM8546840_BT377	0	0.0
12	sample_id	GSM8546841_BT380	6	0.0012492192379762648
12	sample_id	GSM8546842_BT389A	2	0.00041640641265875496
12	sample_id	GSM8546843_BT389	0	0.0
12	sample_id	GSM8546844_BT390	4	0.0008328128253175099
12	sample_id	GSM8546845_BT396	1	0.00020820320632937748
12	sample_id	GSM8546846_BT397	0	0.0
12	sample_id	GSM8546847_BT400	22	0.004580470539246304
12	sample_id	GSM8546848_BT402	0	0.0
12	sample_id	GSM8546849_BT407	1	0.00020820320632937748
12	sample_id	GSM8546850_BT408	0	0.0
12	sample_id	GSM8546851_BT409	0	0.0
12	sample_id	GSM8546852_BT419	4	0.0008328128253175099
12	sample_id	GSM8546853_BT420	0	0.0
12	sample_id	GSM8546854_BT426	10	0.002082032063293775
12	sample_id	PDC001	0	0.0
12	sample_id	PJ016	17	0.003539454507599417
12	sample_id	PJ017	3	0.0006246096189881324
12	sample_id	PJ018	0	0.0
12	sample_id	PJ025	6	0.0012492192379762648
12	sample_id	PJ030	3	0.0006246096189881324
12	sample_id	PJ032	6	0.0012492192379762648
12	sample_id	PJ035	2	0.00041640641265875496
12	sample_id	PJ048	3	0.0006246096189881324
12	sample_id	PJ052	1	0.00020820320632937748
12	sample_id	PJ053	7	0.0014574224443056423
12	sample_id	PW016-703	0	0.0
12	sample_id	PW017-703	3	0.0006246096189881324
12	sample_id	PW032-706	6	0.0012492192379762648
12	sample_id	PW032-710	5	0.0010410160316468874
12	sample_id	PW035-710	2	0.00041640641265875496
12	sample_id	PW039-705	6	0.0012492192379762648
13	sample_id	GSM5518596_rGBM-01-A	3	0.0008412787436904094
13	sample_id	GSM5518597_rGBM-01-B	2	0.0005608524957936063
13	sample_id	GSM5518598_rGBM-01-C	3	0.0008412787436904094
13	sample_id	GSM5518599_rGBM-01-D	0	0.0
13	sample_id	GSM5518600_ndGBM-01-A	11	0.0030846887268648347
13	sample_id	GSM5518601_ndGBM-01-C	4	0.0011217049915872126
13	sample_id	GSM5518602_ndGBM-01-D	14	0.003925967470555244
13	sample_id	GSM5518603_ndGBM-01-F	19	0.00532809871003926
13	sample_id	GSM5518604_ndGBM-11-A	0	0.0
13	sample_id	GSM5518605_ndGBM-11-B	1	0.00028042624789680314
13	sample_id	GSM5518606_ndGBM-11-C	2	0.0005608524957936063
13	sample_id	GSM5518607_ndGBM-11-D	0	0.0
13	sample_id	GSM5518608_ndGBM-02-1	560	0.15703869882220975
13	sample_id	GSM5518609_ndGBM-02-2	451	0.12647223780145822
13	sample_id	GSM5518610_ndGBM-02-4	277	0.07767807066741447
13	sample_id	GSM5518611_ndGBM-02-5	537	0.1505888951205833
13	sample_id	GSM5518612_rGBM-02-2	372	0.10431856421761077
13	sample_id	GSM5518613_rGBM-02-3	10	0.0028042624789680315
13	sample_id	GSM5518614_rGBM-02-4	3	0.0008412787436904094
13	sample_id	GSM5518615_rGBM-02-5	24	0.006730229949523275
13	sample_id	GSM5518616_rGBM-03-1	0	0.0
13	sample_id	GSM5518617_rGBM-03-2	7	0.001962983735277622
13	sample_id	GSM5518618_rGBM-03-3	4	0.0011217049915872126
13	sample_id	GSM5518619_rGBM-04-1	1	0.00028042624789680314
13	sample_id	GSM5518620_rGBM-04-2	1	0.00028042624789680314
13	sample_id	GSM5518621_rGBM-04-3	0	0.0
13	sample_id	GSM5518622_rGBM-04-4	1	0.00028042624789680314
13	sample_id	GSM5518623_ndGBM-03-1	1	0.00028042624789680314
13	sample_id	GSM5518624_ndGBM-03-2	2	0.0005608524957936063
13	sample_id	GSM5518625_ndGBM-03-3	0	0.0
13	sample_id	GSM5518626_rGBM-05-1	11	0.0030846887268648347
13	sample_id	GSM5518627_rGBM-05-2	5	0.0014021312394840158
13	sample_id	GSM5518628_rGBM-05-3	14	0.003925967470555244
13	sample_id	GSM5518629_ndGBM-10	0	0.0
13	sample_id	GSM5518630_LGG-04-1	11	0.0030846887268648347
13	sample_id	GSM5518631_LGG-04-2	3	0.0008412787436904094
13	sample_id	GSM5518632_LGG-04-3	1	0.00028042624789680314
13	sample_id	GSM5518633_ndGBM-04	11	0.0030846887268648347
13	sample_id	GSM5518634_ndGBM-05	286	0.08020190689848569
13	sample_id	GSM5518635_ndGBM-06	41	0.011497476163768929
13	sample_id	GSM5518636_ndGBM-07	2	0.0005608524957936063
13	sample_id	GSM5518637_ndGBM-08	167	0.04683118339876612
13	sample_id	GSM5518638_LGG-03	21	0.005888951205832866
13	sample_id	GSM5518639_ndGBM-09	60	0.01682557487380819
13	sample_id	GSM8546833_BT356	34	0.009534492428491307
13	sample_id	GSM8546834_BT363	5	0.0014021312394840158
13	sample_id	GSM8546835_BT364	0	0.0
13	sample_id	GSM8546836_BT368	3	0.0008412787436904094
13	sample_id	GSM8546837_BT369	0	0.0
13	sample_id	GSM8546838_BT373	1	0.00028042624789680314
13	sample_id	GSM8546839_BT374	0	0.0
13	sample_id	GSM8546840_BT377	0	0.0
13	sample_id	GSM8546841_BT380	0	0.0
13	sample_id	GSM8546842_BT389A	12	0.0033651149747616375
13	sample_id	GSM8546843_BT389	0	0.0
13	sample_id	GSM8546844_BT390	0	0.0
13	sample_id	GSM8546845_BT396	0	0.0
13	sample_id	GSM8546846_BT397	0	0.0
13	sample_id	GSM8546847_BT400	8	0.002243409983174425
13	sample_id	GSM8546848_BT402	1	0.00028042624789680314
13	sample_id	GSM8546849_BT407	0	0.0
13	sample_id	GSM8546850_BT408	0	0.0
13	sample_id	GSM8546851_BT409	0	0.0
13	sample_id	GSM8546852_BT419	0	0.0
13	sample_id	GSM8546853_BT420	0	0.0
13	sample_id	GSM8546854_BT426	8	0.002243409983174425
13	sample_id	PDC001	23	0.006449803701626472
13	sample_id	PJ016	1	0.00028042624789680314
13	sample_id	PJ017	4	0.0011217049915872126
13	sample_id	PJ018	21	0.005888951205832866
13	sample_id	PJ025	218	0.061132922041503085
13	sample_id	PJ030	111	0.031127313516545147
13	sample_id	PJ032	10	0.0028042624789680315
13	sample_id	PJ035	69	0.019349411104879418
13	sample_id	PJ048	32	0.0089736399326977
13	sample_id	PJ052	1	0.00028042624789680314
13	sample_id	PJ053	12	0.0033651149747616375
13	sample_id	PW016-703	1	0.00028042624789680314
13	sample_id	PW017-703	7	0.001962983735277622
13	sample_id	PW032-706	12	0.0033651149747616375
13	sample_id	PW032-710	29	0.008132361189007292
13	sample_id	PW035-710	0	0.0
13	sample_id	PW039-705	0	0.0
14	sample_id	GSM5518596_rGBM-01-A	4	0.0015151515151515152
14	sample_id	GSM5518597_rGBM-01-B	8	0.0030303030303030303
14	sample_id	GSM5518598_rGBM-01-C	3	0.0011363636363636363
14	sample_id	GSM5518599_rGBM-01-D	0	0.0
14	sample_id	GSM5518600_ndGBM-01-A	0	0.0
14	sample_id	GSM5518601_ndGBM-01-C	2	0.0007575757575757576
14	sample_id	GSM5518602_ndGBM-01-D	7	0.0026515151515151517
14	sample_id	GSM5518603_ndGBM-01-F	8	0.0030303030303030303
14	sample_id	GSM5518604_ndGBM-11-A	0	0.0
14	sample_id	GSM5518605_ndGBM-11-B	4	0.0015151515151515152
14	sample_id	GSM5518606_ndGBM-11-C	1	0.0003787878787878788
14	sample_id	GSM5518607_ndGBM-11-D	3	0.0011363636363636363
14	sample_id	GSM5518608_ndGBM-02-1	20	0.007575757575757576
14	sample_id	GSM5518609_ndGBM-02-2	176	0.06666666666666667
14	sample_id	GSM5518610_ndGBM-02-4	47	0.017803030303030303
14	sample_id	GSM5518611_ndGBM-02-5	102	0.038636363636363635
14	sample_id	GSM5518612_rGBM-02-2	9	0.003409090909090909
14	sample_id	GSM5518613_rGBM-02-3	53	0.020075757575757577
14	sample_id	GSM5518614_rGBM-02-4	0	0.0
14	sample_id	GSM5518615_rGBM-02-5	231	0.0875
14	sample_id	GSM5518616_rGBM-03-1	8	0.0030303030303030303
14	sample_id	GSM5518617_rGBM-03-2	22	0.008333333333333333
14	sample_id	GSM5518618_rGBM-03-3	22	0.008333333333333333
14	sample_id	GSM5518619_rGBM-04-1	4	0.0015151515151515152
14	sample_id	GSM5518620_rGBM-04-2	2	0.0007575757575757576
14	sample_id	GSM5518621_rGBM-04-3	2	0.0007575757575757576
14	sample_id	GSM5518622_rGBM-04-4	4	0.0015151515151515152
14	sample_id	GSM5518623_ndGBM-03-1	5	0.001893939393939394
14	sample_id	GSM5518624_ndGBM-03-2	0	0.0
14	sample_id	GSM5518625_ndGBM-03-3	1	0.0003787878787878788
14	sample_id	GSM5518626_rGBM-05-1	37	0.014015151515151515
14	sample_id	GSM5518627_rGBM-05-2	13	0.004924242424242424
14	sample_id	GSM5518628_rGBM-05-3	22	0.008333333333333333
14	sample_id	GSM5518629_ndGBM-10	0	0.0
14	sample_id	GSM5518630_LGG-04-1	30	0.011363636363636364
14	sample_id	GSM5518631_LGG-04-2	11	0.004166666666666667
14	sample_id	GSM5518632_LGG-04-3	2	0.0007575757575757576
14	sample_id	GSM5518633_ndGBM-04	40	0.015151515151515152
14	sample_id	GSM5518634_ndGBM-05	352	0.13333333333333333
14	sample_id	GSM5518635_ndGBM-06	8	0.0030303030303030303
14	sample_id	GSM5518636_ndGBM-07	6	0.0022727272727272726
14	sample_id	GSM5518637_ndGBM-08	202	0.07651515151515151
14	sample_id	GSM5518638_LGG-03	125	0.04734848484848485
14	sample_id	GSM5518639_ndGBM-09	18	0.006818181818181818
14	sample_id	GSM8546833_BT356	5	0.001893939393939394
14	sample_id	GSM8546834_BT363	10	0.003787878787878788
14	sample_id	GSM8546835_BT364	0	0.0
14	sample_id	GSM8546836_BT368	0	0.0
14	sample_id	GSM8546837_BT369	3	0.0011363636363636363
14	sample_id	GSM8546838_BT373	0	0.0
14	sample_id	GSM8546839_BT374	0	0.0
14	sample_id	GSM8546840_BT377	1	0.0003787878787878788
14	sample_id	GSM8546841_BT380	0	0.0
14	sample_id	GSM8546842_BT389A	1	0.0003787878787878788
14	sample_id	GSM8546843_BT389	0	0.0
14	sample_id	GSM8546844_BT390	0	0.0
14	sample_id	GSM8546845_BT396	0	0.0
14	sample_id	GSM8546846_BT397	0	0.0
14	sample_id	GSM8546847_BT400	2	0.0007575757575757576
14	sample_id	GSM8546848_BT402	0	0.0
14	sample_id	GSM8546849_BT407	0	0.0
14	sample_id	GSM8546850_BT408	4	0.0015151515151515152
14	sample_id	GSM8546851_BT409	0	0.0
14	sample_id	GSM8546852_BT419	0	0.0
14	sample_id	GSM8546853_BT420	1	0.0003787878787878788
14	sample_id	GSM8546854_BT426	0	0.0
14	sample_id	PDC001	223	0.08446969696969697
14	sample_id	PJ016	7	0.0026515151515151517
14	sample_id	PJ017	8	0.0030303030303030303
14	sample_id	PJ018	10	0.003787878787878788
14	sample_id	PJ025	148	0.05606060606060606
14	sample_id	PJ030	233	0.08825757575757576
14	sample_id	PJ032	1	0.0003787878787878788
14	sample_id	PJ035	71	0.026893939393939394
14	sample_id	PJ048	28	0.010606060606060607
14	sample_id	PJ052	10	0.003787878787878788
14	sample_id	PJ053	73	0.027651515151515153
14	sample_id	PW016-703	0	0.0
14	sample_id	PW017-703	3	0.0011363636363636363
14	sample_id	PW032-706	160	0.06060606060606061
14	sample_id	PW032-710	21	0.007954545454545454
14	sample_id	PW035-710	1	0.0003787878787878788
14	sample_id	PW039-705	2	0.0007575757575757576
15	sample_id	GSM5518596_rGBM-01-A	17	0.01456726649528706
15	sample_id	GSM5518597_rGBM-01-B	29	0.024850042844901457
15	sample_id	GSM5518598_rGBM-01-C	6	0.005141388174807198
15	sample_id	GSM5518599_rGBM-01-D	10	0.00856898029134533
15	sample_id	GSM5518600_ndGBM-01-A	10	0.00856898029134533
15	sample_id	GSM5518601_ndGBM-01-C	15	0.012853470437017995
15	sample_id	GSM5518602_ndGBM-01-D	0	0.0
15	sample_id	GSM5518603_ndGBM-01-F	2	0.001713796058269066
15	sample_id	GSM5518604_ndGBM-11-A	0	0.0
15	sample_id	GSM5518605_ndGBM-11-B	0	0.0
15	sample_id	GSM5518606_ndGBM-11-C	0	0.0
15	sample_id	GSM5518607_ndGBM-11-D	0	0.0
15	sample_id	GSM5518608_ndGBM-02-1	3	0.002570694087403599
15	sample_id	GSM5518609_ndGBM-02-2	16	0.013710368466152529
15	sample_id	GSM5518610_ndGBM-02-4	7	0.005998286203941731
15	sample_id	GSM5518611_ndGBM-02-5	5	0.004284490145672665
15	sample_id	GSM5518612_rGBM-02-2	31	0.026563838903170524
15	sample_id	GSM5518613_rGBM-02-3	211	0.18080548414738645
15	sample_id	GSM5518614_rGBM-02-4	20	0.01713796058269066
15	sample_id	GSM5518615_rGBM-02-5	150	0.12853470437017994
15	sample_id	GSM5518616_rGBM-03-1	6	0.005141388174807198
15	sample_id	GSM5518617_rGBM-03-2	8	0.006855184233076264
15	sample_id	GSM5518618_rGBM-03-3	31	0.026563838903170524
15	sample_id	GSM5518619_rGBM-04-1	5	0.004284490145672665
15	sample_id	GSM5518620_rGBM-04-2	2	0.001713796058269066
15	sample_id	GSM5518621_rGBM-04-3	2	0.001713796058269066
15	sample_id	GSM5518622_rGBM-04-4	3	0.002570694087403599
15	sample_id	GSM5518623_ndGBM-03-1	2	0.001713796058269066
15	sample_id	GSM5518624_ndGBM-03-2	2	0.001713796058269066
15	sample_id	GSM5518625_ndGBM-03-3	1	0.000856898029134533
15	sample_id	GSM5518626_rGBM-05-1	2	0.001713796058269066
15	sample_id	GSM5518627_rGBM-05-2	0	0.0
15	sample_id	GSM5518628_rGBM-05-3	1	0.000856898029134533
15	sample_id	GSM5518629_ndGBM-10	0	0.0
15	sample_id	GSM5518630_LGG-04-1	2	0.001713796058269066
15	sample_id	GSM5518631_LGG-04-2	0	0.0
15	sample_id	GSM5518632_LGG-04-3	0	0.0
15	sample_id	GSM5518633_ndGBM-04	1	0.000856898029134533
15	sample_id	GSM5518634_ndGBM-05	4	0.003427592116538132
15	sample_id	GSM5518635_ndGBM-06	0	0.0
15	sample_id	GSM5518636_ndGBM-07	434	0.3718937446443873
15	sample_id	GSM5518637_ndGBM-08	2	0.001713796058269066
15	sample_id	GSM5518638_LGG-03	0	0.0
15	sample_id	GSM5518639_ndGBM-09	115	0.09854327335047129
15	sample_id	GSM8546833_BT356	0	0.0
15	sample_id	GSM8546834_BT363	0	0.0
15	sample_id	GSM8546835_BT364	0	0.0
15	sample_id	GSM8546836_BT368	0	0.0
15	sample_id	GSM8546837_BT369	3	0.002570694087403599
15	sample_id	GSM8546838_BT373	1	0.000856898029134533
15	sample_id	GSM8546839_BT374	0	0.0
15	sample_id	GSM8546840_BT377	0	0.0
15	sample_id	GSM8546841_BT380	0	0.0
15	sample_id	GSM8546842_BT389A	0	0.0
15	sample_id	GSM8546843_BT389	1	0.000856898029134533
15	sample_id	GSM8546844_BT390	0	0.0
15	sample_id	GSM8546845_BT396	0	0.0
15	sample_id	GSM8546846_BT397	2	0.001713796058269066
15	sample_id	GSM8546847_BT400	0	0.0
15	sample_id	GSM8546848_BT402	1	0.000856898029134533
15	sample_id	GSM8546849_BT407	2	0.001713796058269066
15	sample_id	GSM8546850_BT408	0	0.0
15	sample_id	GSM8546851_BT409	0	0.0
15	sample_id	GSM8546852_BT419	0	0.0
15	sample_id	GSM8546853_BT420	1	0.000856898029134533
15	sample_id	GSM8546854_BT426	0	0.0
15	sample_id	PDC001	0	0.0
15	sample_id	PJ016	0	0.0
15	sample_id	PJ017	0	0.0
15	sample_id	PJ018	0	0.0
15	sample_id	PJ025	0	0.0
15	sample_id	PJ030	0	0.0
15	sample_id	PJ032	0	0.0
15	sample_id	PJ035	0	0.0
15	sample_id	PJ048	1	0.000856898029134533
15	sample_id	PJ052	0	0.0
15	sample_id	PJ053	0	0.0
15	sample_id	PW016-703	0	0.0
15	sample_id	PW017-703	0	0.0
15	sample_id	PW032-706	0	0.0
15	sample_id	PW032-710	0	0.0
15	sample_id	PW035-710	0	0.0
15	sample_id	PW039-705	0	0.0
16	sample_id	GSM5518596_rGBM-01-A	0	0.0
16	sample_id	GSM5518597_rGBM-01-B	2	0.01092896174863388
16	sample_id	GSM5518598_rGBM-01-C	0	0.0
16	sample_id	GSM5518599_rGBM-01-D	0	0.0
16	sample_id	GSM5518600_ndGBM-01-A	0	0.0
16	sample_id	GSM5518601_ndGBM-01-C	0	0.0
16	sample_id	GSM5518602_ndGBM-01-D	0	0.0
16	sample_id	GSM5518603_ndGBM-01-F	0	0.0
16	sample_id	GSM5518604_ndGBM-11-A	0	0.0
16	sample_id	GSM5518605_ndGBM-11-B	0	0.0
16	sample_id	GSM5518606_ndGBM-11-C	0	0.0
16	sample_id	GSM5518607_ndGBM-11-D	0	0.0
16	sample_id	GSM5518608_ndGBM-02-1	0	0.0
16	sample_id	GSM5518609_ndGBM-02-2	0	0.0
16	sample_id	GSM5518610_ndGBM-02-4	0	0.0
16	sample_id	GSM5518611_ndGBM-02-5	0	0.0
16	sample_id	GSM5518612_rGBM-02-2	1	0.00546448087431694
16	sample_id	GSM5518613_rGBM-02-3	18	0.09836065573770492
16	sample_id	GSM5518614_rGBM-02-4	1	0.00546448087431694
16	sample_id	GSM5518615_rGBM-02-5	30	0.16393442622950818
16	sample_id	GSM5518616_rGBM-03-1	0	0.0
16	sample_id	GSM5518617_rGBM-03-2	0	0.0
16	sample_id	GSM5518618_rGBM-03-3	0	0.0
16	sample_id	GSM5518619_rGBM-04-1	0	0.0
16	sample_id	GSM5518620_rGBM-04-2	0	0.0
16	sample_id	GSM5518621_rGBM-04-3	0	0.0
16	sample_id	GSM5518622_rGBM-04-4	0	0.0
16	sample_id	GSM5518623_ndGBM-03-1	0	0.0
16	sample_id	GSM5518624_ndGBM-03-2	0	0.0
16	sample_id	GSM5518625_ndGBM-03-3	0	0.0
16	sample_id	GSM5518626_rGBM-05-1	0	0.0
16	sample_id	GSM5518627_rGBM-05-2	2	0.01092896174863388
16	sample_id	GSM5518628_rGBM-05-3	0	0.0
16	sample_id	GSM5518629_ndGBM-10	0	0.0
16	sample_id	GSM5518630_LGG-04-1	0	0.0
16	sample_id	GSM5518631_LGG-04-2	0	0.0
16	sample_id	GSM5518632_LGG-04-3	0	0.0
16	sample_id	GSM5518633_ndGBM-04	2	0.01092896174863388
16	sample_id	GSM5518634_ndGBM-05	0	0.0
16	sample_id	GSM5518635_ndGBM-06	0	0.0
16	sample_id	GSM5518636_ndGBM-07	113	0.6174863387978142
16	sample_id	GSM5518637_ndGBM-08	0	0.0
16	sample_id	GSM5518638_LGG-03	3	0.01639344262295082
16	sample_id	GSM5518639_ndGBM-09	7	0.03825136612021858
16	sample_id	GSM8546833_BT356	0	0.0
16	sample_id	GSM8546834_BT363	0	0.0
16	sample_id	GSM8546835_BT364	0	0.0
16	sample_id	GSM8546836_BT368	0	0.0
16	sample_id	GSM8546837_BT369	3	0.01639344262295082
16	sample_id	GSM8546838_BT373	0	0.0
16	sample_id	GSM8546839_BT374	0	0.0
16	sample_id	GSM8546840_BT377	0	0.0
16	sample_id	GSM8546841_BT380	0	0.0
16	sample_id	GSM8546842_BT389A	0	0.0
16	sample_id	GSM8546843_BT389	0	0.0
16	sample_id	GSM8546844_BT390	0	0.0
16	sample_id	GSM8546845_BT396	0	0.0
16	sample_id	GSM8546846_BT397	1	0.00546448087431694
16	sample_id	GSM8546847_BT400	0	0.0
16	sample_id	GSM8546848_BT402	0	0.0
16	sample_id	GSM8546849_BT407	0	0.0
16	sample_id	GSM8546850_BT408	0	0.0
16	sample_id	GSM8546851_BT409	0	0.0
16	sample_id	GSM8546852_BT419	0	0.0
16	sample_id	GSM8546853_BT420	0	0.0
16	sample_id	GSM8546854_BT426	0	0.0
16	sample_id	PDC001	0	0.0
16	sample_id	PJ016	0	0.0
16	sample_id	PJ017	0	0.0
16	sample_id	PJ018	0	0.0
16	sample_id	PJ025	0	0.0
16	sample_id	PJ030	0	0.0
16	sample_id	PJ032	0	0.0
16	sample_id	PJ035	0	0.0
16	sample_id	PJ048	0	0.0
16	sample_id	PJ052	0	0.0
16	sample_id	PJ053	0	0.0
16	sample_id	PW016-703	0	0.0
16	sample_id	PW017-703	0	0.0
16	sample_id	PW032-706	0	0.0
16	sample_id	PW032-710	0	0.0
16	sample_id	PW035-710	0	0.0
16	sample_id	PW039-705	0	0.0
17	sample_id	GSM5518596_rGBM-01-A	0	0.0
17	sample_id	GSM5518597_rGBM-01-B	0	0.0
17	sample_id	GSM5518598_rGBM-01-C	1	0.009523809523809525
17	sample_id	GSM5518599_rGBM-01-D	0	0.0
17	sample_id	GSM5518600_ndGBM-01-A	0	0.0
17	sample_id	GSM5518601_ndGBM-01-C	0	0.0
17	sample_id	GSM5518602_ndGBM-01-D	0	0.0
17	sample_id	GSM5518603_ndGBM-01-F	0	0.0
17	sample_id	GSM5518604_ndGBM-11-A	1	0.009523809523809525
17	sample_id	GSM5518605_ndGBM-11-B	1	0.009523809523809525
17	sample_id	GSM5518606_ndGBM-11-C	5	0.047619047619047616
17	sample_id	GSM5518607_ndGBM-11-D	0	0.0
17	sample_id	GSM5518608_ndGBM-02-1	4	0.0380952380952381
17	sample_id	GSM5518609_ndGBM-02-2	8	0.0761904761904762
17	sample_id	GSM5518610_ndGBM-02-4	10	0.09523809523809523
17	sample_id	GSM5518611_ndGBM-02-5	1	0.009523809523809525
17	sample_id	GSM5518612_rGBM-02-2	1	0.009523809523809525
17	sample_id	GSM5518613_rGBM-02-3	5	0.047619047619047616
17	sample_id	GSM5518614_rGBM-02-4	0	0.0
17	sample_id	GSM5518615_rGBM-02-5	12	0.11428571428571428
17	sample_id	GSM5518616_rGBM-03-1	1	0.009523809523809525
17	sample_id	GSM5518617_rGBM-03-2	0	0.0
17	sample_id	GSM5518618_rGBM-03-3	1	0.009523809523809525
17	sample_id	GSM5518619_rGBM-04-1	0	0.0
17	sample_id	GSM5518620_rGBM-04-2	0	0.0
17	sample_id	GSM5518621_rGBM-04-3	0	0.0
17	sample_id	GSM5518622_rGBM-04-4	0	0.0
17	sample_id	GSM5518623_ndGBM-03-1	0	0.0
17	sample_id	GSM5518624_ndGBM-03-2	2	0.01904761904761905
17	sample_id	GSM5518625_ndGBM-03-3	0	0.0
17	sample_id	GSM5518626_rGBM-05-1	0	0.0
17	sample_id	GSM5518627_rGBM-05-2	0	0.0
17	sample_id	GSM5518628_rGBM-05-3	0	0.0
17	sample_id	GSM5518629_ndGBM-10	0	0.0
17	sample_id	GSM5518630_LGG-04-1	17	0.1619047619047619
17	sample_id	GSM5518631_LGG-04-2	2	0.01904761904761905
17	sample_id	GSM5518632_LGG-04-3	0	0.0
17	sample_id	GSM5518633_ndGBM-04	5	0.047619047619047616
17	sample_id	GSM5518634_ndGBM-05	3	0.02857142857142857
17	sample_id	GSM5518635_ndGBM-06	0	0.0
17	sample_id	GSM5518636_ndGBM-07	0	0.0
17	sample_id	GSM5518637_ndGBM-08	1	0.009523809523809525
17	sample_id	GSM5518638_LGG-03	0	0.0
17	sample_id	GSM5518639_ndGBM-09	0	0.0
17	sample_id	GSM8546833_BT356	2	0.01904761904761905
17	sample_id	GSM8546834_BT363	2	0.01904761904761905
17	sample_id	GSM8546835_BT364	2	0.01904761904761905
17	sample_id	GSM8546836_BT368	0	0.0
17	sample_id	GSM8546837_BT369	1	0.009523809523809525
17	sample_id	GSM8546838_BT373	2	0.01904761904761905
17	sample_id	GSM8546839_BT374	0	0.0
17	sample_id	GSM8546840_BT377	0	0.0
17	sample_id	GSM8546841_BT380	0	0.0
17	sample_id	GSM8546842_BT389A	4	0.0380952380952381
17	sample_id	GSM8546843_BT389	0	0.0
17	sample_id	GSM8546844_BT390	0	0.0
17	sample_id	GSM8546845_BT396	0	0.0
17	sample_id	GSM8546846_BT397	0	0.0
17	sample_id	GSM8546847_BT400	0	0.0
17	sample_id	GSM8546848_BT402	1	0.009523809523809525
17	sample_id	GSM8546849_BT407	1	0.009523809523809525
17	sample_id	GSM8546850_BT408	2	0.01904761904761905
17	sample_id	GSM8546851_BT409	0	0.0
17	sample_id	GSM8546852_BT419	0	0.0
17	sample_id	GSM8546853_BT420	1	0.009523809523809525
17	sample_id	GSM8546854_BT426	2	0.01904761904761905
17	sample_id	PDC001	0	0.0
17	sample_id	PJ016	0	0.0
17	sample_id	PJ017	0	0.0
17	sample_id	PJ018	0	0.0
17	sample_id	PJ025	1	0.009523809523809525
17	sample_id	PJ030	0	0.0
17	sample_id	PJ032	0	0.0
17	sample_id	PJ035	0	0.0
17	sample_id	PJ048	0	0.0
17	sample_id	PJ052	0	0.0
17	sample_id	PJ053	0	0.0
17	sample_id	PW016-703	0	0.0
17	sample_id	PW017-703	0	0.0
17	sample_id	PW032-706	0	0.0
17	sample_id	PW032-710	1	0.009523809523809525
17	sample_id	PW035-710	1	0.009523809523809525
17	sample_id	PW039-705	1	0.009523809523809525
2	sample_id	GSM5518596_rGBM-01-A	46	0.001190661075736398
2	sample_id	GSM5518597_rGBM-01-B	144	0.003727286845783507
2	sample_id	GSM5518598_rGBM-01-C	12	0.00031060723714862557
2	sample_id	GSM5518599_rGBM-01-D	165	0.004270849510793601
2	sample_id	GSM5518600_ndGBM-01-A	939	0.02430501630687995
2	sample_id	GSM5518601_ndGBM-01-C	1687	0.043666200755810944
2	sample_id	GSM5518602_ndGBM-01-D	2099	0.05433038256458042
2	sample_id	GSM5518603_ndGBM-01-F	103	0.0026660454521923696
2	sample_id	GSM5518604_ndGBM-11-A	0	0.0
2	sample_id	GSM5518605_ndGBM-11-B	0	0.0
2	sample_id	GSM5518606_ndGBM-11-C	0	0.0
2	sample_id	GSM5518607_ndGBM-11-D	0	0.0
2	sample_id	GSM5518608_ndGBM-02-1	438	0.011337164155924832
2	sample_id	GSM5518609_ndGBM-02-2	164	0.00424496557436455
2	sample_id	GSM5518610_ndGBM-02-4	446	0.01154423564735725
2	sample_id	GSM5518611_ndGBM-02-5	460	0.01190661075736398
2	sample_id	GSM5518612_rGBM-02-2	0	0.0
2	sample_id	GSM5518613_rGBM-02-3	210	0.005435626650100948
2	sample_id	GSM5518614_rGBM-02-4	0	0.0
2	sample_id	GSM5518615_rGBM-02-5	18	0.00046591085572293835
2	sample_id	GSM5518616_rGBM-03-1	547	0.014158513226691516
2	sample_id	GSM5518617_rGBM-03-2	94	0.0024330900243309003
2	sample_id	GSM5518618_rGBM-03-3	346	0.008955842004452036
2	sample_id	GSM5518619_rGBM-04-1	1745	0.04516746906869597
2	sample_id	GSM5518620_rGBM-04-2	2078	0.05378681989957033
2	sample_id	GSM5518621_rGBM-04-3	2210	0.057203499508205205
2	sample_id	GSM5518622_rGBM-04-4	1535	0.03973184241859502
2	sample_id	GSM5518623_ndGBM-03-1	869	0.022493140756846303
2	sample_id	GSM5518624_ndGBM-03-2	0	0.0
2	sample_id	GSM5518625_ndGBM-03-3	452	0.011699539265931563
2	sample_id	GSM5518626_rGBM-05-1	797	0.020629497333954548
2	sample_id	GSM5518627_rGBM-05-2	253	0.006548635916550189
2	sample_id	GSM5518628_rGBM-05-3	139	0.003597867163638246
2	sample_id	GSM5518629_ndGBM-10	0	0.0
2	sample_id	GSM5518630_LGG-04-1	92	0.002381322151472796
2	sample_id	GSM5518631_LGG-04-2	30	0.0007765180928715639
2	sample_id	GSM5518632_LGG-04-3	37	0.0009577056478749288
2	sample_id	GSM5518633_ndGBM-04	1559	0.04035305689289227
2	sample_id	GSM5518634_ndGBM-05	928	0.024020293006160376
2	sample_id	GSM5518635_ndGBM-06	82	0.002122482787182275
2	sample_id	GSM5518636_ndGBM-07	137	0.0035460992907801418
2	sample_id	GSM5518637_ndGBM-08	279	0.007221618263705544
2	sample_id	GSM5518638_LGG-03	124	0.003209608117202464
2	sample_id	GSM5518639_ndGBM-09	88	0.0022777864057565876
2	sample_id	GSM8546833_BT356	677	0.017523424962468292
2	sample_id	GSM8546834_BT363	547	0.014158513226691516
2	sample_id	GSM8546835_BT364	765	0.01980121136822488
2	sample_id	GSM8546836_BT368	439	0.011363048092353886
2	sample_id	GSM8546837_BT369	282	0.0072992700729927005
2	sample_id	GSM8546838_BT373	796	0.020603613397525495
2	sample_id	GSM8546839_BT374	154	0.003986126210074028
2	sample_id	GSM8546840_BT377	181	0.004684992493658436
2	sample_id	GSM8546841_BT380	167	0.004322617383651706
2	sample_id	GSM8546842_BT389A	102	0.0026401615157633173
2	sample_id	GSM8546843_BT389	347	0.00898172594088109
2	sample_id	GSM8546844_BT390	175	0.004529688875084123
2	sample_id	GSM8546845_BT396	113	0.002924884816482891
2	sample_id	GSM8546846_BT397	214	0.005539162395817156
2	sample_id	GSM8546847_BT400	1700	0.04400269192938862
2	sample_id	GSM8546848_BT402	248	0.006419216234404928
2	sample_id	GSM8546849_BT407	18	0.00046591085572293835
2	sample_id	GSM8546850_BT408	3	7.765180928715639e-05
2	sample_id	GSM8546851_BT409	355	0.009188797432313506
2	sample_id	GSM8546852_BT419	22	0.0005694466014391469
2	sample_id	GSM8546853_BT420	449	0.011621887456644407
2	sample_id	GSM8546854_BT426	2	5.1767872858104264e-05
2	sample_id	PDC001	1976	0.05114665838380701
2	sample_id	PJ016	602	0.015582129730289383
2	sample_id	PJ017	9	0.00023295542786146918
2	sample_id	PJ018	514	0.013304343324532794
2	sample_id	PJ025	782	0.020241238287518767
2	sample_id	PJ030	362	0.009369984987316872
2	sample_id	PJ032	5	0.00012941968214526066
2	sample_id	PJ035	1181	0.030568928922710566
2	sample_id	PJ048	989	0.025599213128332556
2	sample_id	PJ052	249	0.00644510017083398
2	sample_id	PJ053	290	0.0075063415644251175
2	sample_id	PW016-703	406	0.010508878190195164
2	sample_id	PW017-703	274	0.0070921985815602835
2	sample_id	PW032-706	1581	0.040922503494331415
2	sample_id	PW032-710	120	0.0031060723714862555
2	sample_id	PW035-710	184	0.004762644302945592
2	sample_id	PW039-705	2	5.1767872858104264e-05
3	sample_id	GSM5518596_rGBM-01-A	1631	0.046132088813463444
3	sample_id	GSM5518597_rGBM-01-B	7682	0.21728185546598783
3	sample_id	GSM5518598_rGBM-01-C	3445	0.09744024890397397
3	sample_id	GSM5518599_rGBM-01-D	3569	0.10094753217366709
3	sample_id	GSM5518600_ndGBM-01-A	67	0.001895064347334182
3	sample_id	GSM5518601_ndGBM-01-C	108	0.003054730589732711
3	sample_id	GSM5518602_ndGBM-01-D	37	0.0010465280724084288
3	sample_id	GSM5518603_ndGBM-01-F	82	0.0023193324847970583
3	sample_id	GSM5518604_ndGBM-11-A	0	0.0
3	sample_id	GSM5518605_ndGBM-11-B	0	0.0
3	sample_id	GSM5518606_ndGBM-11-C	1	2.82845424975251e-05
3	sample_id	GSM5518607_ndGBM-11-D	0	0.0
3	sample_id	GSM5518608_ndGBM-02-1	1298	0.03671333616178758
3	sample_id	GSM5518609_ndGBM-02-2	59	0.001668788007353981
3	sample_id	GSM5518610_ndGBM-02-4	332	0.009390468109178334
3	sample_id	GSM5518611_ndGBM-02-5	532	0.015047376608683355
3	sample_id	GSM5518612_rGBM-02-2	142	0.004016405034648564
3	sample_id	GSM5518613_rGBM-02-3	1094	0.030943289492292463
3	sample_id	GSM5518614_rGBM-02-4	18	0.0005091217649554518
3	sample_id	GSM5518615_rGBM-02-5	278	0.00786310281431198
3	sample_id	GSM5518616_rGBM-03-1	48	0.001357658039881205
3	sample_id	GSM5518617_rGBM-03-2	270	0.007636826474331778
3	sample_id	GSM5518618_rGBM-03-3	209	0.005911469381982747
3	sample_id	GSM5518619_rGBM-04-1	67	0.001895064347334182
3	sample_id	GSM5518620_rGBM-04-2	134	0.003790128694668364
3	sample_id	GSM5518621_rGBM-04-3	133	0.0037618441521708387
3	sample_id	GSM5518622_rGBM-04-4	287	0.008117663696789705
3	sample_id	GSM5518623_ndGBM-03-1	226	0.006392306604440673
3	sample_id	GSM5518624_ndGBM-03-2	12	0.00033941450997030124
3	sample_id	GSM5518625_ndGBM-03-3	37	0.0010465280724084288
3	sample_id	GSM5518626_rGBM-05-1	735	0.02078913873568095
3	sample_id	GSM5518627_rGBM-05-2	616	0.017423278178475464
3	sample_id	GSM5518628_rGBM-05-3	368	0.010408711639089237
3	sample_id	GSM5518629_ndGBM-10	2	5.65690849950502e-05
3	sample_id	GSM5518630_LGG-04-1	7	0.00019799179748267572
3	sample_id	GSM5518631_LGG-04-2	4	0.0001131381699901004
3	sample_id	GSM5518632_LGG-04-3	5	0.0001414227124876255
3	sample_id	GSM5518633_ndGBM-04	446	0.012614905953896196
3	sample_id	GSM5518634_ndGBM-05	239	0.006760005656908499
3	sample_id	GSM5518635_ndGBM-06	57	0.0016122189223589309
3	sample_id	GSM5518636_ndGBM-07	1070	0.03026446047235186
3	sample_id	GSM5518637_ndGBM-08	604	0.017083863668505162
3	sample_id	GSM5518638_LGG-03	17	0.0004808372224579267
3	sample_id	GSM5518639_ndGBM-09	428	0.012105784188940745
3	sample_id	GSM8546833_BT356	18	0.0005091217649554518
3	sample_id	GSM8546834_BT363	115	0.003252722387215387
3	sample_id	GSM8546835_BT364	164	0.004638664969594117
3	sample_id	GSM8546836_BT368	49	0.0013859425823787301
3	sample_id	GSM8546837_BT369	152	0.004299250459623816
3	sample_id	GSM8546838_BT373	642	0.018158676283411116
3	sample_id	GSM8546839_BT374	102	0.0028850233347475604
3	sample_id	GSM8546840_BT377	472	0.013350304058831848
3	sample_id	GSM8546841_BT380	1121	0.03170697213972564
3	sample_id	GSM8546842_BT389A	846	0.023928722952906236
3	sample_id	GSM8546843_BT389	488	0.01380285673879225
3	sample_id	GSM8546844_BT390	626	0.017706123603450714
3	sample_id	GSM8546845_BT396	99	0.002800169707254985
3	sample_id	GSM8546846_BT397	304	0.008598500919247631
3	sample_id	GSM8546847_BT400	27	0.0007636826474331777
3	sample_id	GSM8546848_BT402	84	0.0023759015697921086
3	sample_id	GSM8546849_BT407	305	0.008626785461745156
3	sample_id	GSM8546850_BT408	51	0.0014425116673737802
3	sample_id	GSM8546851_BT409	188	0.005317493989534719
3	sample_id	GSM8546852_BT419	707	0.019997171545750248
3	sample_id	GSM8546853_BT420	77	0.002177909772309433
3	sample_id	GSM8546854_BT426	1233	0.03487484089944845
3	sample_id	PDC001	22	0.0006222599349455523
3	sample_id	PJ016	0	0.0
3	sample_id	PJ017	196	0.0055437703295149205
3	sample_id	PJ018	37	0.0010465280724084288
3	sample_id	PJ025	8	0.0002262763399802008
3	sample_id	PJ030	3	8.485362749257531e-05
3	sample_id	PJ032	122	0.0034507141846980625
3	sample_id	PJ035	49	0.0013859425823787301
3	sample_id	PJ048	2	5.65690849950502e-05
3	sample_id	PJ052	1	2.82845424975251e-05
3	sample_id	PJ053	88	0.002489039739782209
3	sample_id	PW016-703	125	0.003535567812190638
3	sample_id	PW017-703	146	0.004129543204638665
3	sample_id	PW032-706	9	0.0002545608824777259
3	sample_id	PW032-710	120	0.0033941450997030122
3	sample_id	PW035-710	2	5.65690849950502e-05
3	sample_id	PW039-705	159	0.004497242257106492
4	sample_id	GSM5518596_rGBM-01-A	66	0.0020063229571984434
4	sample_id	GSM5518597_rGBM-01-B	184	0.005593385214007782
4	sample_id	GSM5518598_rGBM-01-C	21	0.000638375486381323
4	sample_id	GSM5518599_rGBM-01-D	114	0.0034654669260700387
4	sample_id	GSM5518600_ndGBM-01-A	1065	0.032374756809338524
4	sample_id	GSM5518601_ndGBM-01-C	3134	0.09526994163424124
4	sample_id	GSM5518602_ndGBM-01-D	371	0.011277966926070039
4	sample_id	GSM5518603_ndGBM-01-F	37	0.0011247568093385213
4	sample_id	GSM5518604_ndGBM-11-A	0	0.0
4	sample_id	GSM5518605_ndGBM-11-B	0	0.0
4	sample_id	GSM5518606_ndGBM-11-C	0	0.0
4	sample_id	GSM5518607_ndGBM-11-D	0	0.0
4	sample_id	GSM5518608_ndGBM-02-1	1820	0.05532587548638132
4	sample_id	GSM5518609_ndGBM-02-2	120	0.0036478599221789884
4	sample_id	GSM5518610_ndGBM-02-4	261	0.0079340953307393
4	sample_id	GSM5518611_ndGBM-02-5	498	0.015138618677042802
4	sample_id	GSM5518612_rGBM-02-2	2	6.0797665369649806e-05
4	sample_id	GSM5518613_rGBM-02-3	26	0.0007903696498054475
4	sample_id	GSM5518614_rGBM-02-4	0	0.0
4	sample_id	GSM5518615_rGBM-02-5	9	0.00027358949416342413
4	sample_id	GSM5518616_rGBM-03-1	484	0.014713035019455253
4	sample_id	GSM5518617_rGBM-03-2	316	0.00960603112840467
4	sample_id	GSM5518618_rGBM-03-3	335	0.010183608949416343
4	sample_id	GSM5518619_rGBM-04-1	8	0.00024319066147859923
4	sample_id	GSM5518620_rGBM-04-2	191	0.005806177042801557
4	sample_id	GSM5518621_rGBM-04-3	197	0.005988570038910506
4	sample_id	GSM5518622_rGBM-04-4	165	0.005015807392996109
4	sample_id	GSM5518623_ndGBM-03-1	165	0.005015807392996109
4	sample_id	GSM5518624_ndGBM-03-2	0	0.0
4	sample_id	GSM5518625_ndGBM-03-3	13	0.00039518482490272374
4	sample_id	GSM5518626_rGBM-05-1	232	0.0070525291828793775
4	sample_id	GSM5518627_rGBM-05-2	866	0.026325389105058366
4	sample_id	GSM5518628_rGBM-05-3	213	0.006474951361867705
4	sample_id	GSM5518629_ndGBM-10	0	0.0
4	sample_id	GSM5518630_LGG-04-1	6	0.00018239299610894942
4	sample_id	GSM5518631_LGG-04-2	0	0.0
4	sample_id	GSM5518632_LGG-04-3	3	9.119649805447471e-05
4	sample_id	GSM5518633_ndGBM-04	888	0.026994163424124515
4	sample_id	GSM5518634_ndGBM-05	59	0.0017935311284046692
4	sample_id	GSM5518635_ndGBM-06	514	0.015625
4	sample_id	GSM5518636_ndGBM-07	182	0.005532587548638133
4	sample_id	GSM5518637_ndGBM-08	236	0.007174124513618677
4	sample_id	GSM5518638_LGG-03	29	0.0008815661478599222
4	sample_id	GSM5518639_ndGBM-09	113	0.003435068093385214
4	sample_id	GSM8546833_BT356	4917	0.14947106031128404
4	sample_id	GSM8546834_BT363	2483	0.07548030155642023
4	sample_id	GSM8546835_BT364	1803	0.0548090953307393
4	sample_id	GSM8546836_BT368	152	0.004620622568093385
4	sample_id	GSM8546837_BT369	126	0.0038302529182879376
4	sample_id	GSM8546838_BT373	2763	0.08399197470817121
4	sample_id	GSM8546839_BT374	650	0.019759241245136186
4	sample_id	GSM8546840_BT377	28	0.0008511673151750973
4	sample_id	GSM8546841_BT380	483	0.014682636186770428
4	sample_id	GSM8546842_BT389A	107	0.0032526750972762647
4	sample_id	GSM8546843_BT389	125	0.003799854085603113
4	sample_id	GSM8546844_BT390	434	0.013193093385214008
4	sample_id	GSM8546845_BT396	52	0.001580739299610895
4	sample_id	GSM8546846_BT397	19	0.0005775778210116732
4	sample_id	GSM8546847_BT400	172	0.005228599221789883
4	sample_id	GSM8546848_BT402	2	6.0797665369649806e-05
4	sample_id	GSM8546849_BT407	11	0.00033438715953307393
4	sample_id	GSM8546850_BT408	2	6.0797665369649806e-05
4	sample_id	GSM8546851_BT409	193	0.005866974708171206
4	sample_id	GSM8546852_BT419	71	0.0021583171206225682
4	sample_id	GSM8546853_BT420	289	0.008785262645914397
4	sample_id	GSM8546854_BT426	469	0.014257052529182879
4	sample_id	PDC001	94	0.0028574902723735407
4	sample_id	PJ016	75	0.002279912451361868
4	sample_id	PJ017	294	0.008937256809338521
4	sample_id	PJ018	666	0.020245622568093386
4	sample_id	PJ025	675	0.02051921206225681
4	sample_id	PJ030	2	6.0797665369649806e-05
4	sample_id	PJ032	178	0.0054109922178988325
4	sample_id	PJ035	154	0.004681420233463035
4	sample_id	PJ048	264	0.008025291828793774
4	sample_id	PJ052	23	0.0006991731517509728
4	sample_id	PJ053	1110	0.03374270428015564
4	sample_id	PW016-703	146	0.004438229571984436
4	sample_id	PW017-703	215	0.006535749027237354
4	sample_id	PW032-706	86	0.0026142996108949415
4	sample_id	PW032-710	185	0.005623784046692607
4	sample_id	PW035-710	7	0.00021279182879377432
4	sample_id	PW039-705	428	0.013010700389105059
5	sample_id	GSM5518596_rGBM-01-A	581	0.024231555240438754
5	sample_id	GSM5518597_rGBM-01-B	883	0.03682695916920382
5	sample_id	GSM5518598_rGBM-01-C	286	0.011928097760353673
5	sample_id	GSM5518599_rGBM-01-D	295	0.012303457480085081
5	sample_id	GSM5518600_ndGBM-01-A	242	0.010093005797222339
5	sample_id	GSM5518601_ndGBM-01-C	171	0.007131834674896776
5	sample_id	GSM5518602_ndGBM-01-D	40	0.0016682654210284857
5	sample_id	GSM5518603_ndGBM-01-F	106	0.004420903365725487
5	sample_id	GSM5518604_ndGBM-11-A	11	0.0004587729907828336
5	sample_id	GSM5518605_ndGBM-11-B	16	0.0006673061684113942
5	sample_id	GSM5518606_ndGBM-11-C	34	0.0014180256078742128
5	sample_id	GSM5518607_ndGBM-11-D	18	0.0007507194394628185
5	sample_id	GSM5518608_ndGBM-02-1	594	0.024773741502273013
5	sample_id	GSM5518609_ndGBM-02-2	999	0.04166492889018643
5	sample_id	GSM5518610_ndGBM-02-4	671	0.027985152437752847
5	sample_id	GSM5518611_ndGBM-02-5	617	0.025732994119364392
5	sample_id	GSM5518612_rGBM-02-2	887	0.03699378571130667
5	sample_id	GSM5518613_rGBM-02-3	4388	0.18300871668682486
5	sample_id	GSM5518614_rGBM-02-4	505	0.02106185094048463
5	sample_id	GSM5518615_rGBM-02-5	4666	0.19460316136297284
5	sample_id	GSM5518616_rGBM-03-1	29	0.001209492430245652
5	sample_id	GSM5518617_rGBM-03-2	135	0.005630395795971139
5	sample_id	GSM5518618_rGBM-03-3	221	0.009217166451182384
5	sample_id	GSM5518619_rGBM-04-1	295	0.012303457480085081
5	sample_id	GSM5518620_rGBM-04-2	153	0.006381115235433958
5	sample_id	GSM5518621_rGBM-04-3	239	0.009967885890645201
5	sample_id	GSM5518622_rGBM-04-4	360	0.01501438878925637
5	sample_id	GSM5518623_ndGBM-03-1	425	0.01772532009842766
5	sample_id	GSM5518624_ndGBM-03-2	140	0.005838928973599699
5	sample_id	GSM5518625_ndGBM-03-3	278	0.011594444676147975
5	sample_id	GSM5518626_rGBM-05-1	466	0.019435292154981857
5	sample_id	GSM5518627_rGBM-05-2	143	0.005964048880176836
5	sample_id	GSM5518628_rGBM-05-3	264	0.011010551778788005
5	sample_id	GSM5518629_ndGBM-10	15	0.0006255995328856821
5	sample_id	GSM5518630_LGG-04-1	60	0.0025023981315427284
5	sample_id	GSM5518631_LGG-04-2	40	0.0016682654210284857
5	sample_id	GSM5518632_LGG-04-3	25	0.0010426658881428036
5	sample_id	GSM5518633_ndGBM-04	79	0.003294824206531259
5	sample_id	GSM5518634_ndGBM-05	242	0.010093005797222339
5	sample_id	GSM5518635_ndGBM-06	6	0.00025023981315427284
5	sample_id	GSM5518636_ndGBM-07	2275	0.09488259582099512
5	sample_id	GSM5518637_ndGBM-08	149	0.006214288693331109
5	sample_id	GSM5518638_LGG-03	26	0.0010843725236685156
5	sample_id	GSM5518639_ndGBM-09	1112	0.0463777787045919
5	sample_id	GSM8546833_BT356	2	8.341327105142428e-05
5	sample_id	GSM8546834_BT363	0	0.0
5	sample_id	GSM8546835_BT364	3	0.00012511990657713642
5	sample_id	GSM8546836_BT368	2	8.341327105142428e-05
5	sample_id	GSM8546837_BT369	18	0.0007507194394628185
5	sample_id	GSM8546838_BT373	0	0.0
5	sample_id	GSM8546839_BT374	3	0.00012511990657713642
5	sample_id	GSM8546840_BT377	21	0.0008758393460399549
5	sample_id	GSM8546841_BT380	6	0.00025023981315427284
5	sample_id	GSM8546842_BT389A	25	0.0010426658881428036
5	sample_id	GSM8546843_BT389	23	0.0009592526170913793
5	sample_id	GSM8546844_BT390	4	0.00016682654210284855
5	sample_id	GSM8546845_BT396	23	0.0009592526170913793
5	sample_id	GSM8546846_BT397	56	0.00233557158943988
5	sample_id	GSM8546847_BT400	1	4.170663552571214e-05
5	sample_id	GSM8546848_BT402	75	0.0031279976644284107
5	sample_id	GSM8546849_BT407	25	0.0010426658881428036
5	sample_id	GSM8546850_BT408	38	0.0015848521499770612
5	sample_id	GSM8546851_BT409	10	0.0004170663552571214
5	sample_id	GSM8546852_BT419	259	0.010802018601159445
5	sample_id	GSM8546853_BT420	2	8.341327105142428e-05
5	sample_id	GSM8546854_BT426	65	0.002710931309171289
5	sample_id	PDC001	2	8.341327105142428e-05
5	sample_id	PJ016	4	0.00016682654210284855
5	sample_id	PJ017	69	0.002877757851274138
5	sample_id	PJ018	1	4.170663552571214e-05
5	sample_id	PJ025	9	0.00037535971973140926
5	sample_id	PJ030	9	0.00037535971973140926
5	sample_id	PJ032	5	0.0002085331776285607
5	sample_id	PJ035	5	0.0002085331776285607
5	sample_id	PJ048	2	8.341327105142428e-05
5	sample_id	PJ052	0	0.0
5	sample_id	PJ053	0	0.0
5	sample_id	PW016-703	2	8.341327105142428e-05
5	sample_id	PW017-703	3	0.00012511990657713642
5	sample_id	PW032-706	10	0.0004170663552571214
5	sample_id	PW032-710	0	0.0
5	sample_id	PW035-710	6	0.00025023981315427284
5	sample_id	PW039-705	2	8.341327105142428e-05
6	sample_id	GSM5518596_rGBM-01-A	150	0.006537941855903761
6	sample_id	GSM5518597_rGBM-01-B	954	0.041581310203547925
6	sample_id	GSM5518598_rGBM-01-C	758	0.033038399511833676
6	sample_id	GSM5518599_rGBM-01-D	371	0.01617050952360197
6	sample_id	GSM5518600_ndGBM-01-A	5	0.00021793139519679205
6	sample_id	GSM5518601_ndGBM-01-C	11	0.00047944906943294253
6	sample_id	GSM5518602_ndGBM-01-D	83	0.003617661160266748
6	sample_id	GSM5518603_ndGBM-01-F	27	0.001176829534062677
6	sample_id	GSM5518604_ndGBM-11-A	0	0.0
6	sample_id	GSM5518605_ndGBM-11-B	2	8.717255807871682e-05
6	sample_id	GSM5518606_ndGBM-11-C	2	8.717255807871682e-05
6	sample_id	GSM5518607_ndGBM-11-D	1	4.358627903935841e-05
6	sample_id	GSM5518608_ndGBM-02-1	285	0.012422089526217147
6	sample_id	GSM5518609_ndGBM-02-2	710	0.03094625811794447
6	sample_id	GSM5518610_ndGBM-02-4	642	0.027982391143268098
6	sample_id	GSM5518611_ndGBM-02-5	492	0.021444449287364338
6	sample_id	GSM5518612_rGBM-02-2	142	0.006189251623588894
6	sample_id	GSM5518613_rGBM-02-3	747	0.03255895044240073
6	sample_id	GSM5518614_rGBM-02-4	37	0.0016126923244562611
6	sample_id	GSM5518615_rGBM-02-5	553	0.0241032123087652
6	sample_id	GSM5518616_rGBM-03-1	7	0.00030510395327550886
6	sample_id	GSM5518617_rGBM-03-2	30	0.0013075883711807523
6	sample_id	GSM5518618_rGBM-03-3	63	0.00274593557947958
6	sample_id	GSM5518619_rGBM-04-1	195	0.00849932441267489
6	sample_id	GSM5518620_rGBM-04-2	199	0.008673669528832324
6	sample_id	GSM5518621_rGBM-04-3	299	0.013032297432768165
6	sample_id	GSM5518622_rGBM-04-4	935	0.04075317090180011
6	sample_id	GSM5518623_ndGBM-03-1	239	0.010417120690406659
6	sample_id	GSM5518624_ndGBM-03-2	70	0.0030510395327550885
6	sample_id	GSM5518625_ndGBM-03-3	309	0.01346816022316175
6	sample_id	GSM5518626_rGBM-05-1	1011	0.04406572810879135
6	sample_id	GSM5518627_rGBM-05-2	152	0.006625114413982478
6	sample_id	GSM5518628_rGBM-05-3	457	0.019918929520986794
6	sample_id	GSM5518629_ndGBM-10	6	0.0002615176742361505
6	sample_id	GSM5518630_LGG-04-1	15	0.0006537941855903762
6	sample_id	GSM5518631_LGG-04-2	31	0.0013511746502201107
6	sample_id	GSM5518632_LGG-04-3	32	0.0013947609292594692
6	sample_id	GSM5518633_ndGBM-04	1013	0.04415290066687007
6	sample_id	GSM5518634_ndGBM-05	226	0.009850499062895
6	sample_id	GSM5518635_ndGBM-06	0	0.0
6	sample_id	GSM5518636_ndGBM-07	2045	0.08913394063548795
6	sample_id	GSM5518637_ndGBM-08	672	0.029289979514448852
6	sample_id	GSM5518638_LGG-03	130	0.0056662162751165935
6	sample_id	GSM5518639_ndGBM-09	426	0.018567754870766683
6	sample_id	GSM8546833_BT356	0	0.0
6	sample_id	GSM8546834_BT363	17	0.000740966743669093
6	sample_id	GSM8546835_BT364	87	0.003792006276424182
6	sample_id	GSM8546836_BT368	77	0.0033561434860305975
6	sample_id	GSM8546837_BT369	536	0.02336224556509611
6	sample_id	GSM8546838_BT373	249	0.010852983480800243
6	sample_id	GSM8546839_BT374	253	0.011027328596957677
6	sample_id	GSM8546840_BT377	200	0.008717255807871681
6	sample_id	GSM8546841_BT380	368	0.016039750686483896
6	sample_id	GSM8546842_BT389A	1038	0.04524255764285403
6	sample_id	GSM8546843_BT389	667	0.02907204811925206
6	sample_id	GSM8546844_BT390	69	0.0030074532537157305
6	sample_id	GSM8546845_BT396	104	0.004532973020093274
6	sample_id	GSM8546846_BT397	504	0.02196748463583664
6	sample_id	GSM8546847_BT400	50	0.0021793139519679203
6	sample_id	GSM8546848_BT402	586	0.02554155951706403
6	sample_id	GSM8546849_BT407	588	0.025628732075142744
6	sample_id	GSM8546850_BT408	1351	0.05888506298217321
6	sample_id	GSM8546851_BT409	66	0.002876694416597655
6	sample_id	GSM8546852_BT419	518	0.022577692542387656
6	sample_id	GSM8546853_BT420	120	0.005230353484723009
6	sample_id	GSM8546854_BT426	335	0.014601403478185067
6	sample_id	PDC001	115	0.005012422089526217
6	sample_id	PJ016	1	4.358627903935841e-05
6	sample_id	PJ017	260	0.011332432550233187
6	sample_id	PJ018	5	0.00021793139519679205
6	sample_id	PJ025	44	0.0019177962777317701
6	sample_id	PJ030	13	0.0005666216275116593
6	sample_id	PJ032	60	0.0026151767423615046
6	sample_id	PJ035	9	0.00039227651135422567
6	sample_id	PJ048	0	0.0
6	sample_id	PJ052	1	4.358627903935841e-05
6	sample_id	PJ053	0	0.0
6	sample_id	PW016-703	12	0.000523035348472301
6	sample_id	PW017-703	13	0.0005666216275116593
6	sample_id	PW032-706	0	0.0
6	sample_id	PW032-710	3	0.00013075883711807524
6	sample_id	PW035-710	88	0.0038355925554635403
6	sample_id	PW039-705	2	8.717255807871682e-05
7	sample_id	GSM5518596_rGBM-01-A	12	0.0005327413984461709
7	sample_id	GSM5518597_rGBM-01-B	62	0.0027524972253052163
7	sample_id	GSM5518598_rGBM-01-C	3	0.00013318534961154273
7	sample_id	GSM5518599_rGBM-01-D	74	0.003285238623751387
7	sample_id	GSM5518600_ndGBM-01-A	326	0.014472807991120976
7	sample_id	GSM5518601_ndGBM-01-C	342	0.015183129855715871
7	sample_id	GSM5518602_ndGBM-01-D	63	0.0027968923418423973
7	sample_id	GSM5518603_ndGBM-01-F	68	0.0030188679245283017
7	sample_id	GSM5518604_ndGBM-11-A	0	0.0
7	sample_id	GSM5518605_ndGBM-11-B	0	0.0
7	sample_id	GSM5518606_ndGBM-11-C	16	0.0007103218645948946
7	sample_id	GSM5518607_ndGBM-11-D	1	4.439511653718091e-05
7	sample_id	GSM5518608_ndGBM-02-1	364	0.016159822419533853
7	sample_id	GSM5518609_ndGBM-02-2	113	0.005016648168701443
7	sample_id	GSM5518610_ndGBM-02-4	388	0.017225305216426193
7	sample_id	GSM5518611_ndGBM-02-5	415	0.018423973362930078
7	sample_id	GSM5518612_rGBM-02-2	2	8.879023307436182e-05
7	sample_id	GSM5518613_rGBM-02-3	62	0.0027524972253052163
7	sample_id	GSM5518614_rGBM-02-4	0	0.0
7	sample_id	GSM5518615_rGBM-02-5	5	0.00022197558268590456
7	sample_id	GSM5518616_rGBM-03-1	354	0.01571587125416204
7	sample_id	GSM5518617_rGBM-03-2	69	0.0030632630410654827
7	sample_id	GSM5518618_rGBM-03-3	123	0.005460599334073252
7	sample_id	GSM5518619_rGBM-04-1	681	0.0302330743618202
7	sample_id	GSM5518620_rGBM-04-2	420	0.018645948945615984
7	sample_id	GSM5518621_rGBM-04-3	428	0.019001109877913428
7	sample_id	GSM5518622_rGBM-04-4	333	0.014783573806881244
7	sample_id	GSM5518623_ndGBM-03-1	296	0.013140954495005549
7	sample_id	GSM5518624_ndGBM-03-2	104	0.004617092119866815
7	sample_id	GSM5518625_ndGBM-03-3	221	0.009811320754716982
7	sample_id	GSM5518626_rGBM-05-1	219	0.00972253052164262
7	sample_id	GSM5518627_rGBM-05-2	373	0.01655937846836848
7	sample_id	GSM5518628_rGBM-05-3	100	0.004439511653718091
7	sample_id	GSM5518629_ndGBM-10	2	8.879023307436182e-05
7	sample_id	GSM5518630_LGG-04-1	32	0.0014206437291897891
7	sample_id	GSM5518631_LGG-04-2	9	0.0003995560488346282
7	sample_id	GSM5518632_LGG-04-3	26	0.0011542730299667037
7	sample_id	GSM5518633_ndGBM-04	800	0.03551609322974473
7	sample_id	GSM5518634_ndGBM-05	407	0.01806881243063263
7	sample_id	GSM5518635_ndGBM-06	31	0.0013762486126526082
7	sample_id	GSM5518636_ndGBM-07	259	0.011498335183129855
7	sample_id	GSM5518637_ndGBM-08	143	0.00634850166481687
7	sample_id	GSM5518638_LGG-03	440	0.0195338512763596
7	sample_id	GSM5518639_ndGBM-09	505	0.02241953385127636
7	sample_id	GSM8546833_BT356	928	0.041198668146503886
7	sample_id	GSM8546834_BT363	2722	0.12084350721420643
7	sample_id	GSM8546835_BT364	526	0.023351831298557158
7	sample_id	GSM8546836_BT368	172	0.007635960044395117
7	sample_id	GSM8546837_BT369	70	0.0031076581576026637
7	sample_id	GSM8546838_BT373	413	0.018335183129855714
7	sample_id	GSM8546839_BT374	146	0.006481687014428413
7	sample_id	GSM8546840_BT377	15	0.0006659267480577136
7	sample_id	GSM8546841_BT380	78	0.003462819089900111
7	sample_id	GSM8546842_BT389A	162	0.007192008879023307
7	sample_id	GSM8546843_BT389	31	0.0013762486126526082
7	sample_id	GSM8546844_BT390	123	0.005460599334073252
7	sample_id	GSM8546845_BT396	53	0.002352941176470588
7	sample_id	GSM8546846_BT397	25	0.0011098779134295228
7	sample_id	GSM8546847_BT400	109	0.004839067702552719
7	sample_id	GSM8546848_BT402	15	0.0006659267480577136
7	sample_id	GSM8546849_BT407	43	0.0019089900110987792
7	sample_id	GSM8546850_BT408	39	0.0017314095449500555
7	sample_id	GSM8546851_BT409	33	0.0014650388457269701
7	sample_id	GSM8546852_BT419	59	0.002619311875693674
7	sample_id	GSM8546853_BT420	236	0.010477247502774695
7	sample_id	GSM8546854_BT426	22	0.00097669256381798
7	sample_id	PDC001	1663	0.07382907880133185
7	sample_id	PJ016	1759	0.07809100998890123
7	sample_id	PJ017	198	0.00879023307436182
7	sample_id	PJ018	95	0.004217536071032186
7	sample_id	PJ025	1008	0.04475027746947836
7	sample_id	PJ030	886	0.039334073251942284
7	sample_id	PJ032	174	0.007724750277469479
7	sample_id	PJ035	485	0.02153163152053274
7	sample_id	PJ048	275	0.01220865704772475
7	sample_id	PJ052	77	0.00341842397336293
7	sample_id	PJ053	182	0.008079911209766926
7	sample_id	PW016-703	173	0.007680355160932298
7	sample_id	PW017-703	297	0.01318534961154273
7	sample_id	PW032-706	407	0.01806881243063263
7	sample_id	PW032-710	78	0.003462819089900111
7	sample_id	PW035-710	24	0.0010654827968923418
7	sample_id	PW039-705	33	0.0014650388457269701
8	sample_id	GSM5518596_rGBM-01-A	22	0.0014855830913633602
8	sample_id	GSM5518597_rGBM-01-B	170	0.011479505705989601
8	sample_id	GSM5518598_rGBM-01-C	111	0.007495441960969681
8	sample_id	GSM5518599_rGBM-01-D	380	0.025660071578094402
8	sample_id	GSM5518600_ndGBM-01-A	32	0.0021608481328921603
8	sample_id	GSM5518601_ndGBM-01-C	14	0.0009453710581403201
8	sample_id	GSM5518602_ndGBM-01-D	73	0.0049294348031602405
8	sample_id	GSM5518603_ndGBM-01-F	379	0.02559254507394152
8	sample_id	GSM5518604_ndGBM-11-A	0	0.0
8	sample_id	GSM5518605_ndGBM-11-B	0	0.0
8	sample_id	GSM5518606_ndGBM-11-C	53	0.0035789047201026402
8	sample_id	GSM5518607_ndGBM-11-D	1	6.752650415288001e-05
8	sample_id	GSM5518608_ndGBM-02-1	6	0.00040515902491728003
8	sample_id	GSM5518609_ndGBM-02-2	14	0.0009453710581403201
8	sample_id	GSM5518610_ndGBM-02-4	8	0.0005402120332230401
8	sample_id	GSM5518611_ndGBM-02-5	83	0.00560469984468904
8	sample_id	GSM5518612_rGBM-02-2	3	0.00020257951245864002
8	sample_id	GSM5518613_rGBM-02-3	17	0.00114795057059896
8	sample_id	GSM5518614_rGBM-02-4	0	0.0
8	sample_id	GSM5518615_rGBM-02-5	42	0.0028361131744209602
8	sample_id	GSM5518616_rGBM-03-1	131	0.00884597204402728
8	sample_id	GSM5518617_rGBM-03-2	49	0.0033087987034911203
8	sample_id	GSM5518618_rGBM-03-3	41	0.00276858667026808
8	sample_id	GSM5518619_rGBM-04-1	860	0.05807279357147681
8	sample_id	GSM5518620_rGBM-04-2	387	0.02613275710716456
8	sample_id	GSM5518621_rGBM-04-3	837	0.056519683975960563
8	sample_id	GSM5518622_rGBM-04-4	293	0.019785265716793843
8	sample_id	GSM5518623_ndGBM-03-1	1	6.752650415288001e-05
8	sample_id	GSM5518624_ndGBM-03-2	33	0.00222837463704504
8	sample_id	GSM5518625_ndGBM-03-3	30	0.0020257951245864
8	sample_id	GSM5518626_rGBM-05-1	0	0.0
8	sample_id	GSM5518627_rGBM-05-2	0	0.0
8	sample_id	GSM5518628_rGBM-05-3	0	0.0
8	sample_id	GSM5518629_ndGBM-10	0	0.0
8	sample_id	GSM5518630_LGG-04-1	91	0.00614491187791208
8	sample_id	GSM5518631_LGG-04-2	36	0.00243095414950368
8	sample_id	GSM5518632_LGG-04-3	147	0.00992639611047336
8	sample_id	GSM5518633_ndGBM-04	7	0.00047268552907016006
8	sample_id	GSM5518634_ndGBM-05	105	0.0070902829360524
8	sample_id	GSM5518635_ndGBM-06	129	0.00871091903572152
8	sample_id	GSM5518636_ndGBM-07	229	0.015463569451009521
8	sample_id	GSM5518637_ndGBM-08	42	0.0028361131744209602
8	sample_id	GSM5518638_LGG-03	906	0.06117901276250928
8	sample_id	GSM5518639_ndGBM-09	2	0.00013505300830576002
8	sample_id	GSM8546833_BT356	95	0.0064150178945236004
8	sample_id	GSM8546834_BT363	250	0.01688162603822
8	sample_id	GSM8546835_BT364	221	0.01492335741778648
8	sample_id	GSM8546836_BT368	20	0.0013505300830576
8	sample_id	GSM8546837_BT369	123	0.00830576001080424
8	sample_id	GSM8546838_BT373	178	0.012019717739212642
8	sample_id	GSM8546839_BT374	105	0.0070902829360524
8	sample_id	GSM8546840_BT377	58	0.00391653724086704
8	sample_id	GSM8546841_BT380	75	0.005064487811466001
8	sample_id	GSM8546842_BT389A	1464	0.09885880207981633
8	sample_id	GSM8546843_BT389	104	0.00702275643189952
8	sample_id	GSM8546844_BT390	702	0.047403605915321764
8	sample_id	GSM8546845_BT396	1680	0.1134445269768384
8	sample_id	GSM8546846_BT397	33	0.00222837463704504
8	sample_id	GSM8546847_BT400	6	0.00040515902491728003
8	sample_id	GSM8546848_BT402	45	0.0030386926868796
8	sample_id	GSM8546849_BT407	127	0.00857586602741576
8	sample_id	GSM8546850_BT408	768	0.051860355189411844
8	sample_id	GSM8546851_BT409	116	0.00783307448173408
8	sample_id	GSM8546852_BT419	1389	0.09379431426835033
8	sample_id	GSM8546853_BT420	0	0.0
8	sample_id	GSM8546854_BT426	715	0.048281450469309206
8	sample_id	PDC001	4	0.00027010601661152004
8	sample_id	PJ016	1	6.752650415288001e-05
8	sample_id	PJ017	4	0.00027010601661152004
8	sample_id	PJ018	73	0.0049294348031602405
8	sample_id	PJ025	0	0.0
8	sample_id	PJ030	66	0.00445674927409008
8	sample_id	PJ032	4	0.00027010601661152004
8	sample_id	PJ035	6	0.00040515902491728003
8	sample_id	PJ048	18	0.00121547707475184
8	sample_id	PJ052	0	0.0
8	sample_id	PJ053	199	0.01343777432642312
8	sample_id	PW016-703	59	0.00398406374501992
8	sample_id	PW017-703	10	0.0006752650415288
8	sample_id	PW032-706	0	0.0
8	sample_id	PW032-710	65	0.004389222769937201
8	sample_id	PW035-710	13	0.00087784455398744
8	sample_id	PW039-705	249	0.016814099534067123
9	sample_id	GSM5518596_rGBM-01-A	29	0.0020917484131563763
9	sample_id	GSM5518597_rGBM-01-B	295	0.021278130409694174
9	sample_id	GSM5518598_rGBM-01-C	81	0.005842469705712637
9	sample_id	GSM5518599_rGBM-01-D	279	0.02012406231967686
9	sample_id	GSM5518600_ndGBM-01-A	29	0.0020917484131563763
9	sample_id	GSM5518601_ndGBM-01-C	26	0.0018753606462781304
9	sample_id	GSM5518602_ndGBM-01-D	217	0.01565204847085978
9	sample_id	GSM5518603_ndGBM-01-F	45	0.003245816503173687
9	sample_id	GSM5518604_ndGBM-11-A	0	0.0
9	sample_id	GSM5518605_ndGBM-11-B	0	0.0
9	sample_id	GSM5518606_ndGBM-11-C	0	0.0
9	sample_id	GSM5518607_ndGBM-11-D	1	7.212925562608193e-05
9	sample_id	GSM5518608_ndGBM-02-1	103	0.00742931332948644
9	sample_id	GSM5518609_ndGBM-02-2	42	0.0030294287362954415
9	sample_id	GSM5518610_ndGBM-02-4	107	0.0077178303519907674
9	sample_id	GSM5518611_ndGBM-02-5	121	0.008727639930755914
9	sample_id	GSM5518612_rGBM-02-2	4	0.00028851702250432774
9	sample_id	GSM5518613_rGBM-02-3	351	0.02531736872475476
9	sample_id	GSM5518614_rGBM-02-4	0	0.0
9	sample_id	GSM5518615_rGBM-02-5	21	0.0015147143681477208
9	sample_id	GSM5518616_rGBM-03-1	18	0.001298326601269475
9	sample_id	GSM5518617_rGBM-03-2	4	0.00028851702250432774
9	sample_id	GSM5518618_rGBM-03-3	63	0.004544143104443162
9	sample_id	GSM5518619_rGBM-04-1	75	0.005409694171956145
9	sample_id	GSM5518620_rGBM-04-2	71	0.0051211771494518174
9	sample_id	GSM5518621_rGBM-04-3	90	0.006491633006347374
9	sample_id	GSM5518622_rGBM-04-4	127	0.009160415464512406
9	sample_id	GSM5518623_ndGBM-03-1	56	0.004039238315060588
9	sample_id	GSM5518624_ndGBM-03-2	5	0.0003606462781304097
9	sample_id	GSM5518625_ndGBM-03-3	45	0.003245816503173687
9	sample_id	GSM5518626_rGBM-05-1	40	0.0028851702250432777
9	sample_id	GSM5518627_rGBM-05-2	6	0.00043277553375649163
9	sample_id	GSM5518628_rGBM-05-3	16	0.001154068090017311
9	sample_id	GSM5518629_ndGBM-10	9654	0.6963358338141951
9	sample_id	GSM5518630_LGG-04-1	79	0.005698211194460473
9	sample_id	GSM5518631_LGG-04-2	18	0.001298326601269475
9	sample_id	GSM5518632_LGG-04-3	35	0.002524523946912868
9	sample_id	GSM5518633_ndGBM-04	295	0.021278130409694174
9	sample_id	GSM5518634_ndGBM-05	171	0.012334102712060011
9	sample_id	GSM5518635_ndGBM-06	2	0.00014425851125216387
9	sample_id	GSM5518636_ndGBM-07	56	0.004039238315060588
9	sample_id	GSM5518637_ndGBM-08	67	0.00483266012694749
9	sample_id	GSM5518638_LGG-03	173	0.012478361223312175
9	sample_id	GSM5518639_ndGBM-09	141	0.010170225043277553
9	sample_id	GSM8546833_BT356	3	0.00021638776687824582
9	sample_id	GSM8546834_BT363	30	0.002163877668782458
9	sample_id	GSM8546835_BT364	12	0.0008655510675129833
9	sample_id	GSM8546836_BT368	9	0.0006491633006347375
9	sample_id	GSM8546837_BT369	37	0.0026687824581650317
9	sample_id	GSM8546838_BT373	47	0.003390075014425851
9	sample_id	GSM8546839_BT374	2	0.00014425851125216387
9	sample_id	GSM8546840_BT377	23	0.0016589728793998846
9	sample_id	GSM8546841_BT380	30	0.002163877668782458
9	sample_id	GSM8546842_BT389A	50	0.003606462781304097
9	sample_id	GSM8546843_BT389	75	0.005409694171956145
9	sample_id	GSM8546844_BT390	29	0.0020917484131563763
9	sample_id	GSM8546845_BT396	2	0.00014425851125216387
9	sample_id	GSM8546846_BT397	1	7.212925562608193e-05
9	sample_id	GSM8546847_BT400	37	0.0026687824581650317
9	sample_id	GSM8546848_BT402	46	0.003317945758799769
9	sample_id	GSM8546849_BT407	8	0.0005770340450086555
9	sample_id	GSM8546850_BT408	19	0.001370455856895557
9	sample_id	GSM8546851_BT409	30	0.002163877668782458
9	sample_id	GSM8546852_BT419	10	0.0007212925562608194
9	sample_id	GSM8546853_BT420	3	0.00021638776687824582
9	sample_id	GSM8546854_BT426	21	0.0015147143681477208
9	sample_id	PDC001	63	0.004544143104443162
9	sample_id	PJ016	2	0.00014425851125216387
9	sample_id	PJ017	9	0.0006491633006347375
9	sample_id	PJ018	4	0.00028851702250432774
9	sample_id	PJ025	16	0.001154068090017311
9	sample_id	PJ030	25	0.0018032313906520484
9	sample_id	PJ032	27	0.0019474899019042123
9	sample_id	PJ035	47	0.003390075014425851
9	sample_id	PJ048	0	0.0
9	sample_id	PJ052	3	0.00021638776687824582
9	sample_id	PJ053	5	0.0003606462781304097
9	sample_id	PW016-703	26	0.0018753606462781304
9	sample_id	PW017-703	18	0.001298326601269475
9	sample_id	PW032-706	10	0.0007212925562608194
9	sample_id	PW032-710	5	0.0003606462781304097
9	sample_id	PW035-710	15	0.001081938834391229
9	sample_id	PW039-705	7	0.0005049047893825736
